city,trial,evaluationSeed,budget,uncertainty,strategy,p10,expectedBenefit,median,downsideRetention,spentCredits,projectCount,typeCounts
medellin,0,20260912,10,base,ourea_robust,67.31669394650862,85.97827344577627,84.9291801523841,0.7926214974137947,10,6,"{""rwh"":4,""drainage"":2}"
medellin,0,20260912,10,base,deterministic_central,69.96901746792992,85.02846984052348,85.85525187138865,0.8149649082940629,10,4,"{""drainage"":3,""rwh"":1}"
medellin,0,20260912,10,base,greedy_opportunity,49.78227030507696,60.35879465878952,59.548554113704085,0.8359946105495855,10,10,"{""rwh"":10}"
medellin,0,20260912,10,base,hazard_only,58.65081970168785,73.98920839248012,73.47785405851164,0.7982108412554241,10,6,"{""drainage"":2,""rwh"":4}"
medellin,0,20260912,10,base,random_feasible,12.635588360768452,18.10299448304113,18.182418992464136,0.6949343960231795,10,6,"{""rwh"":3,""restoration"":2,""drainage"":1}"
medellin,1,20270885,10,base,ourea_robust,69.47910526668102,85.97827344577627,87.61192657405354,0.7930325012080879,10,6,"{""rwh"":4,""drainage"":2}"
medellin,1,20270885,10,base,deterministic_central,67.73521898203944,85.02846984052348,82.81097545837338,0.8179497778780294,10,4,"{""drainage"":3,""rwh"":1}"
medellin,1,20270885,10,base,greedy_opportunity,51.449852337686025,60.35879465878952,61.02318945260322,0.8431196861259962,10,10,"{""rwh"":10}"
medellin,1,20270885,10,base,hazard_only,61.33176530138326,73.98920839248012,74.69021806811588,0.8211485638648156,10,6,"{""drainage"":2,""rwh"":4}"
medellin,1,20270885,10,base,random_feasible,13.145581921427492,18.10299448304113,17.95797160022039,0.7320193067498872,10,6,"{""rwh"":3,""restoration"":2,""drainage"":1}"
medellin,2,20280858,10,base,ourea_robust,69.20852453329098,85.97827344577627,84.03319770874032,0.8235855164427782,10,6,"{""rwh"":4,""drainage"":2}"
medellin,2,20280858,10,base,deterministic_central,68.1631509539211,85.02846984052348,86.17218074941638,0.7910110938486694,10,4,"{""drainage"":3,""rwh"":1}"
medellin,2,20280858,10,base,greedy_opportunity,49.7138710351569,60.35879465878952,59.10315782517637,0.8411373074550023,10,10,"{""rwh"":10}"
medellin,2,20280858,10,base,hazard_only,55.921997811040455,73.98920839248012,72.47051316056604,0.7716517432012574,10,6,"{""drainage"":2,""rwh"":4}"
medellin,2,20280858,10,base,random_feasible,13.391585749121987,18.10299448304113,17.400774951043786,0.7695970890261237,10,6,"{""rwh"":3,""restoration"":2,""drainage"":1}"
medellin,3,20290831,10,base,ourea_robust,69.48709885976632,85.97827344577627,85.88323372532932,0.8090880588171504,10,6,"{""rwh"":4,""drainage"":2}"
medellin,3,20290831,10,base,deterministic_central,66.06004804167969,85.02846984052348,84.51860618076807,0.7816036140064913,10,4,"{""drainage"":3,""rwh"":1}"
medellin,3,20290831,10,base,greedy_opportunity,51.355842336159185,60.35879465878952,60.19379265543148,0.8531750546129641,10,10,"{""rwh"":10}"
medellin,3,20290831,10,base,hazard_only,60.5373800913585,73.98920839248012,74.08760980986563,0.8171053195901219,10,6,"{""drainage"":2,""rwh"":4}"
medellin,3,20290831,10,base,random_feasible,12.879285199804144,18.10299448304113,18.16928642103676,0.7088492581025225,10,6,"{""rwh"":3,""restoration"":2,""drainage"":1}"
medellin,4,20300804,10,base,ourea_robust,70.28098924602409,85.97827344577627,84.60649770864393,0.8306807532448391,10,6,"{""rwh"":4,""drainage"":2}"
medellin,4,20300804,10,base,deterministic_central,67.0656964222735,85.02846984052348,85.0062087799206,0.7889505647276339,10,4,"{""drainage"":3,""rwh"":1}"
medellin,4,20300804,10,base,greedy_opportunity,49.68015893893198,60.35879465878952,58.866601543020806,0.8439447434828524,10,10,"{""rwh"":10}"
medellin,4,20300804,10,base,hazard_only,59.71640590851894,73.98920839248012,72.35470171242105,0.8253286171486972,10,6,"{""drainage"":2,""rwh"":4}"
medellin,4,20300804,10,base,random_feasible,12.77843194865909,18.10299448304113,17.684266649625442,0.722587608626097,10,6,"{""rwh"":3,""restoration"":2,""drainage"":1}"
medellin,5,20310777,10,base,ourea_robust,68.872562154369,85.97827344577627,86.33394164657966,0.7977460641876944,10,6,"{""rwh"":4,""drainage"":2}"
medellin,5,20310777,10,base,deterministic_central,65.23090551115001,85.02846984052348,84.38670163621964,0.7729998239811785,10,4,"{""drainage"":3,""rwh"":1}"
medellin,5,20310777,10,base,greedy_opportunity,51.9159418560771,60.35879465878952,60.7776958777099,0.8541939786683681,10,10,"{""rwh"":10}"
medellin,5,20310777,10,base,hazard_only,60.63145810650121,73.98920839248012,74.40711332772753,0.8148610447961987,10,6,"{""drainage"":2,""rwh"":4}"
medellin,5,20310777,10,base,random_feasible,13.307280454524971,18.10299448304113,18.17075001522062,0.7323462401594986,10,6,"{""rwh"":3,""restoration"":2,""drainage"":1}"
medellin,6,20320750,10,base,ourea_robust,70.77759436449969,85.97827344577627,86.46003490724934,0.8186163056772634,10,6,"{""rwh"":4,""drainage"":2}"
medellin,6,20320750,10,base,deterministic_central,67.05206605525927,85.02846984052348,85.52106604949358,0.7840415134261102,10,4,"{""drainage"":3,""rwh"":1}"
medellin,6,20320750,10,base,greedy_opportunity,50.19787589161933,60.35879465878952,59.61121125034197,0.8420878361422554,10,10,"{""rwh"":10}"
medellin,6,20320750,10,base,hazard_only,59.620166146968586,73.98920839248012,73.51432088381716,0.8110007061235449,10,6,"{""drainage"":2,""rwh"":4}"
medellin,6,20320750,10,base,random_feasible,13.267508186706891,18.10299448304113,18.756304095056294,0.707362608297862,10,6,"{""rwh"":3,""restoration"":2,""drainage"":1}"
medellin,7,20330723,10,base,ourea_robust,72.75813605532858,85.97827344577627,87.24856505514981,0.8339178530826056,10,6,"{""rwh"":4,""drainage"":2}"
medellin,7,20330723,10,base,deterministic_central,66.63560596859452,85.02846984052348,85.17462354018699,0.7823410682543797,10,4,"{""drainage"":3,""rwh"":1}"
medellin,7,20330723,10,base,greedy_opportunity,51.961362773364726,60.35879465878952,61.96862996476602,0.8385107562150204,10,10,"{""rwh"":10}"
medellin,7,20330723,10,base,hazard_only,60.95134978556371,73.98920839248012,75.48585052672115,0.8074539713106579,10,6,"{""drainage"":2,""rwh"":4}"
medellin,7,20330723,10,base,random_feasible,13.460970416550936,18.10299448304113,18.41018300116275,0.731169832244512,10,6,"{""rwh"":3,""restoration"":2,""drainage"":1}"
medellin,8,20340696,10,base,ourea_robust,67.63017770550277,85.97827344577627,85.36718467109858,0.7922268722585536,10,6,"{""rwh"":4,""drainage"":2}"
medellin,8,20340696,10,base,deterministic_central,66.53622303920429,85.02846984052348,85.0416583532965,0.7823956438241908,10,4,"{""drainage"":3,""rwh"":1}"
medellin,8,20340696,10,base,greedy_opportunity,50.38973901361078,60.35879465878952,59.447781490684974,0.8476302689530386,10,10,"{""rwh"":10}"
medellin,8,20340696,10,base,hazard_only,59.06696519723073,73.98920839248012,72.70357231029766,0.8124355285478118,10,6,"{""drainage"":2,""rwh"":4}"
medellin,8,20340696,10,base,random_feasible,12.944291135570893,18.10299448304113,18.11547349891407,0.7145433508181189,10,6,"{""rwh"":3,""restoration"":2,""drainage"":1}"
medellin,9,20350669,10,base,ourea_robust,70.59571028953087,85.97827344577627,85.27451382644176,0.8278641193219056,10,6,"{""rwh"":4,""drainage"":2}"
medellin,9,20350669,10,base,deterministic_central,66.39040296448457,85.02846984052348,84.54476945667238,0.7852691939565629,10,4,"{""drainage"":3,""rwh"":1}"
medellin,9,20350669,10,base,greedy_opportunity,51.0412074144092,60.35879465878952,60.530825243028175,0.8432266900291109,10,10,"{""rwh"":10}"
medellin,9,20350669,10,base,hazard_only,61.45652073739302,73.98920839248012,75.83528416880335,0.8103948104235446,10,6,"{""drainage"":2,""rwh"":4}"
medellin,9,20350669,10,base,random_feasible,12.891528763482256,18.10299448304113,18.009711822140616,0.7158098303179835,10,6,"{""rwh"":3,""restoration"":2,""drainage"":1}"
medellin,10,20360642,10,base,ourea_robust,68.05685761475934,85.97827344577627,85.63863559094716,0.7946980605790223,10,6,"{""rwh"":4,""drainage"":2}"
medellin,10,20360642,10,base,deterministic_central,65.69693886091954,85.02846984052348,86.70995162031659,0.7576631935927227,10,4,"{""drainage"":3,""rwh"":1}"
medellin,10,20360642,10,base,greedy_opportunity,49.52861834899568,60.35879465878952,59.26992621600084,0.8356450144462075,10,10,"{""rwh"":10}"
medellin,10,20360642,10,base,hazard_only,58.97969785716214,73.98920839248012,72.02487156485267,0.8188795977797143,10,6,"{""drainage"":2,""rwh"":4}"
medellin,10,20360642,10,base,random_feasible,13.12251127256377,18.10299448304113,17.596946325708814,0.7457266181116904,10,6,"{""rwh"":3,""restoration"":2,""drainage"":1}"
medellin,11,20370615,10,base,ourea_robust,69.20938174038201,85.97827344577627,83.88754408392924,0.8250257233796024,10,6,"{""rwh"":4,""drainage"":2}"
medellin,11,20370615,10,base,deterministic_central,66.73935821123632,85.02846984052348,82.85000426436045,0.8055444149197897,10,4,"{""drainage"":3,""rwh"":1}"
medellin,11,20370615,10,base,greedy_opportunity,51.246209941747566,60.35879465878952,60.78446083289282,0.8430807683337427,10,10,"{""rwh"":10}"
medellin,11,20370615,10,base,hazard_only,59.82981942946162,73.98920839248012,74.44004949262853,0.8037315912234355,10,6,"{""drainage"":2,""rwh"":4}"
medellin,11,20370615,10,base,random_feasible,12.57003490507941,18.10299448304113,18.10840916872212,0.694154565868276,10,6,"{""rwh"":3,""restoration"":2,""drainage"":1}"
medellin,12,20380588,10,base,ourea_robust,68.1848060920106,85.97827344577627,85.34708019143818,0.7989119948692837,10,6,"{""rwh"":4,""drainage"":2}"
medellin,12,20380588,10,base,deterministic_central,66.90099346155557,85.02846984052348,85.08262964866208,0.7863061324951371,10,4,"{""drainage"":3,""rwh"":1}"
medellin,12,20380588,10,base,greedy_opportunity,50.05468399061738,60.35879465878952,59.35507566110891,0.8433092441227329,10,10,"{""rwh"":10}"
medellin,12,20380588,10,base,hazard_only,58.59817519163835,73.98920839248012,72.6061919924241,0.8070685651404582,10,6,"{""drainage"":2,""rwh"":4}"
medellin,12,20380588,10,base,random_feasible,13.20287167581182,18.10299448304113,17.51768353337411,0.7536882174322962,10,6,"{""rwh"":3,""restoration"":2,""drainage"":1}"
medellin,13,20390561,10,base,ourea_robust,70.05150463954487,85.97827344577627,85.97388126299256,0.8147998393286279,10,6,"{""rwh"":4,""drainage"":2}"
medellin,13,20390561,10,base,deterministic_central,65.97176756429963,85.02846984052348,83.66919822106638,0.7884833244127961,10,4,"{""drainage"":3,""rwh"":1}"
medellin,13,20390561,10,base,greedy_opportunity,51.543120232839556,60.35879465878952,60.51900247606454,0.8516848943970123,10,10,"{""rwh"":10}"
medellin,13,20390561,10,base,hazard_only,63.23468303505388,73.98920839248012,74.84100359253489,0.8449202976930857,10,6,"{""drainage"":2,""rwh"":4}"
medellin,13,20390561,10,base,random_feasible,13.321731474218723,18.10299448304113,18.134682382993105,0.7345996578750109,10,6,"{""rwh"":3,""restoration"":2,""drainage"":1}"
medellin,14,20400534,10,base,ourea_robust,66.39325868812739,85.97827344577627,84.84658270468162,0.7825095197907597,10,6,"{""rwh"":4,""drainage"":2}"
medellin,14,20400534,10,base,deterministic_central,65.27033931154574,85.02846984052348,84.21829050686074,0.7750138232291544,10,4,"{""drainage"":3,""rwh"":1}"
medellin,14,20400534,10,base,greedy_opportunity,50.90253857484822,60.35879465878952,60.16673751350572,0.8460245756789131,10,10,"{""rwh"":10}"
medellin,14,20400534,10,base,hazard_only,59.297255342292374,73.98920839248012,72.89682420594318,0.813440859573934,10,6,"{""drainage"":2,""rwh"":4}"
medellin,14,20400534,10,base,random_feasible,13.630899923377456,18.10299448304113,18.552528835620706,0.7347192420046931,10,6,"{""rwh"":3,""restoration"":2,""drainage"":1}"
medellin,15,20410507,10,base,ourea_robust,69.27372780821088,85.97827344577627,88.48653472957449,0.7828731006352518,10,6,"{""rwh"":4,""drainage"":2}"
medellin,15,20410507,10,base,deterministic_central,67.04809790392574,85.02846984052348,85.69374813708828,0.7824152795448481,10,4,"{""drainage"":3,""rwh"":1}"
medellin,15,20410507,10,base,greedy_opportunity,52.45876006117487,60.35879465878952,61.57345978432795,0.8519703171613395,10,10,"{""rwh"":10}"
medellin,15,20410507,10,base,hazard_only,63.71345853320872,73.98920839248012,77.53046960072925,0.8217860521331014,10,6,"{""drainage"":2,""rwh"":4}"
medellin,15,20410507,10,base,random_feasible,13.398300072281017,18.10299448304113,18.195163778175356,0.7363660055839643,10,6,"{""rwh"":3,""restoration"":2,""drainage"":1}"
medellin,16,20420480,10,base,ourea_robust,68.86127385561394,85.97827344577627,85.89162605913862,0.8017227873669683,10,6,"{""rwh"":4,""drainage"":2}"
medellin,16,20420480,10,base,deterministic_central,67.18178097029204,85.02846984052348,85.63040448228003,0.7845552216700592,10,4,"{""drainage"":3,""rwh"":1}"
medellin,16,20420480,10,base,greedy_opportunity,51.10181442381736,60.35879465878952,59.068490982404455,0.8651281516407752,10,10,"{""rwh"":10}"
medellin,16,20420480,10,base,hazard_only,59.88230270403028,73.98920839248012,72.44638511149105,0.8265740604155013,10,6,"{""drainage"":2,""rwh"":4}"
medellin,16,20420480,10,base,random_feasible,12.909940274359542,18.10299448304113,17.89748702833367,0.7213269803700206,10,6,"{""rwh"":3,""restoration"":2,""drainage"":1}"
medellin,17,20430453,10,base,ourea_robust,66.96468285132278,85.97827344577627,85.04217020520218,0.7874291388582935,10,6,"{""rwh"":4,""drainage"":2}"
medellin,17,20430453,10,base,deterministic_central,65.99124079242029,85.02846984052348,82.7303456391569,0.7976666878711327,10,4,"{""drainage"":3,""rwh"":1}"
medellin,17,20430453,10,base,greedy_opportunity,52.05013440454195,60.35879465878952,60.113811219491254,0.8658598306883802,10,10,"{""rwh"":10}"
medellin,17,20430453,10,base,hazard_only,59.890243977231876,73.98920839248012,73.90083140676461,0.810413669740524,10,6,"{""drainage"":2,""rwh"":4}"
medellin,17,20430453,10,base,random_feasible,12.965684393557694,18.10299448304113,18.256330302891,0.7102021150167567,10,6,"{""rwh"":3,""restoration"":2,""drainage"":1}"
medellin,18,20440426,10,base,ourea_robust,71.67781899571855,85.97827344577627,86.31883127745505,0.8303844935680857,10,6,"{""rwh"":4,""drainage"":2}"
medellin,18,20440426,10,base,deterministic_central,66.45576940136607,85.02846984052348,84.77843006648345,0.7838759145368851,10,4,"{""drainage"":3,""rwh"":1}"
medellin,18,20440426,10,base,greedy_opportunity,50.18927389749115,60.35879465878952,59.31331283279451,0.8461721576566762,10,10,"{""rwh"":10}"
medellin,18,20440426,10,base,hazard_only,59.82999261345503,73.98920839248012,74.0359481336236,0.8081208402365702,10,6,"{""drainage"":2,""rwh"":4}"
medellin,18,20440426,10,base,random_feasible,13.374121404368452,18.10299448304113,17.52614228990069,0.7630955622262174,10,6,"{""rwh"":3,""restoration"":2,""drainage"":1}"
medellin,19,20450399,10,base,ourea_robust,70.95081714465368,85.97827344577627,85.13341039735633,0.8334074344431166,10,6,"{""rwh"":4,""drainage"":2}"
medellin,19,20450399,10,base,deterministic_central,65.73190955613654,85.02846984052348,83.42764395140057,0.787891236559762,10,4,"{""drainage"":3,""rwh"":1}"
medellin,19,20450399,10,base,greedy_opportunity,51.29636097660841,60.35879465878952,61.071961687121984,0.8399330815572129,10,10,"{""rwh"":10}"
medellin,19,20450399,10,base,hazard_only,61.536690295566586,73.98920839248012,73.99262453494339,0.83165978612511,10,6,"{""drainage"":2,""rwh"":4}"
medellin,19,20450399,10,base,random_feasible,13.39663011752009,18.10299448304113,17.934160139187043,0.7469895447318873,10,6,"{""rwh"":3,""restoration"":2,""drainage"":1}"
medellin,20,20460372,10,base,ourea_robust,66.39652171411717,85.97827344577627,84.12897055419353,0.789223037875477,10,6,"{""rwh"":4,""drainage"":2}"
medellin,20,20460372,10,base,deterministic_central,65.41407046208815,85.02846984052348,83.88441203801085,0.7798119921547144,10,4,"{""drainage"":3,""rwh"":1}"
medellin,20,20460372,10,base,greedy_opportunity,49.43644269124252,60.35879465878952,59.30826617408229,0.8335506309716779,10,10,"{""rwh"":10}"
medellin,20,20460372,10,base,hazard_only,57.988989208747626,73.98920839248012,72.62804481243211,0.7984379774852669,10,6,"{""drainage"":2,""rwh"":4}"
medellin,20,20460372,10,base,random_feasible,13.250827239913178,18.10299448304113,17.69952146419655,0.7486545479050151,10,6,"{""rwh"":3,""restoration"":2,""drainage"":1}"
medellin,21,20470345,10,base,ourea_robust,70.47556398280403,85.97827344577627,87.4298835330419,0.806080954644868,10,6,"{""rwh"":4,""drainage"":2}"
medellin,21,20470345,10,base,deterministic_central,65.26971818943139,85.02846984052348,84.80382314769759,0.7696553736233701,10,4,"{""drainage"":3,""rwh"":1}"
medellin,21,20470345,10,base,greedy_opportunity,50.56002990133811,60.35879465878952,60.86831966017826,0.8306460599472715,10,10,"{""rwh"":10}"
medellin,21,20470345,10,base,hazard_only,61.68765455196717,73.98920839248012,75.15651608777353,0.8207891712266653,10,6,"{""drainage"":2,""rwh"":4}"
medellin,21,20470345,10,base,random_feasible,13.367967610001415,18.10299448304113,17.751754364212502,0.7530505062052463,10,6,"{""rwh"":3,""restoration"":2,""drainage"":1}"
medellin,22,20480318,10,base,ourea_robust,67.50215280249904,85.97827344577627,84.35804409378943,0.8001863192495314,10,6,"{""rwh"":4,""drainage"":2}"
medellin,22,20480318,10,base,deterministic_central,65.74310513855835,85.02846984052348,83.223542535673,0.789958023120419,10,4,"{""drainage"":3,""rwh"":1}"
medellin,22,20480318,10,base,greedy_opportunity,50.60794015771171,60.35879465878952,60.1296249119805,0.8416473615425523,10,10,"{""rwh"":10}"
medellin,22,20480318,10,base,hazard_only,59.369092834287585,73.98920839248012,72.96388828285626,0.8136777552771549,10,6,"{""drainage"":2,""rwh"":4}"
medellin,22,20480318,10,base,random_feasible,12.881324554264665,18.10299448304113,18.224505072374996,0.706813408820105,10,6,"{""rwh"":3,""restoration"":2,""drainage"":1}"
medellin,23,20490291,10,base,ourea_robust,69.94622921677228,85.97827344577627,86.41321460903919,0.8094390369948766,10,6,"{""rwh"":4,""drainage"":2}"
medellin,23,20490291,10,base,deterministic_central,66.8430200838061,85.02846984052348,84.32795468929908,0.7926555355230054,10,4,"{""drainage"":3,""rwh"":1}"
medellin,23,20490291,10,base,greedy_opportunity,52.2118166106211,60.35879465878952,60.747360055346235,0.8594911213104817,10,10,"{""rwh"":10}"
medellin,23,20490291,10,base,hazard_only,61.0293141896027,73.98920839248012,74.88602991576181,0.814962607288084,10,6,"{""drainage"":2,""rwh"":4}"
medellin,23,20490291,10,base,random_feasible,13.556308003589493,18.10299448304113,18.47032173950356,0.7339508317603273,10,6,"{""rwh"":3,""restoration"":2,""drainage"":1}"
medellin,24,20500264,10,base,ourea_robust,70.69736005081631,85.97827344577627,84.89704707047258,0.8327422742057308,10,6,"{""rwh"":4,""drainage"":2}"
medellin,24,20500264,10,base,deterministic_central,65.96770839516512,85.02846984052348,85.3124055599651,0.7732487199507835,10,4,"{""drainage"":3,""rwh"":1}"
medellin,24,20500264,10,base,greedy_opportunity,50.00740485289771,60.35879465878952,59.37630636227641,0.8422114462254416,10,10,"{""rwh"":10}"
medellin,24,20500264,10,base,hazard_only,58.39689819034402,73.98920839248012,72.21720747223299,0.8086285836072686,10,6,"{""drainage"":2,""rwh"":4}"
medellin,24,20500264,10,base,random_feasible,12.771463671972924,18.10299448304113,17.829999771857274,0.7162907367015954,10,6,"{""rwh"":3,""restoration"":2,""drainage"":1}"
medellin,25,20510237,10,base,ourea_robust,70.50485782335909,85.97827344577627,85.4803726288651,0.8248075628948643,10,6,"{""rwh"":4,""drainage"":2}"
medellin,25,20510237,10,base,deterministic_central,67.23997411219125,85.02846984052348,84.06199603105915,0.7998855283824986,10,4,"{""drainage"":3,""rwh"":1}"
medellin,25,20510237,10,base,greedy_opportunity,50.852186147322755,60.35879465878952,60.89083459194762,0.8351369543232964,10,10,"{""rwh"":10}"
medellin,25,20510237,10,base,hazard_only,60.9335806568688,73.98920839248012,74.91180992306636,0.8134041978086892,10,6,"{""drainage"":2,""rwh"":4}"
medellin,25,20510237,10,base,random_feasible,13.075375504624844,18.10299448304113,18.277608791315743,0.7153767023855637,10,6,"{""rwh"":3,""restoration"":2,""drainage"":1}"
medellin,26,20520210,10,base,ourea_robust,68.51193737977428,85.97827344577627,85.92583555378269,0.7973380408607292,10,6,"{""rwh"":4,""drainage"":2}"
medellin,26,20520210,10,base,deterministic_central,65.48700651261197,85.02846984052348,84.1170651567486,0.778522246236001,10,4,"{""drainage"":3,""rwh"":1}"
medellin,26,20520210,10,base,greedy_opportunity,50.96911280846962,60.35879465878952,59.769029800369026,0.8527679465219448,10,10,"{""rwh"":10}"
medellin,26,20520210,10,base,hazard_only,60.92926134569552,73.98920839248012,74.04037032986753,0.8229194569697735,10,6,"{""drainage"":2,""rwh"":4}"
medellin,26,20520210,10,base,random_feasible,13.632845285698295,18.10299448304113,17.842933455152888,0.764047308698629,10,6,"{""rwh"":3,""restoration"":2,""drainage"":1}"
medellin,27,20530183,10,base,ourea_robust,69.3209137058634,85.97827344577627,85.21780933280843,0.8134557112954932,10,6,"{""rwh"":4,""drainage"":2}"
medellin,27,20530183,10,base,deterministic_central,64.91189711025345,85.02846984052348,84.1477174966135,0.7714041336042872,10,4,"{""drainage"":3,""rwh"":1}"
medellin,27,20530183,10,base,greedy_opportunity,51.240810472341764,60.35879465878952,60.603726516547795,0.8455059353214939,10,10,"{""rwh"":10}"
medellin,27,20530183,10,base,hazard_only,59.769171398134404,73.98920839248012,74.84650373837394,0.7985566247296951,10,6,"{""drainage"":2,""rwh"":4}"
medellin,27,20530183,10,base,random_feasible,13.240125130462275,18.10299448304113,17.87448937507861,0.7407274609434288,10,6,"{""rwh"":3,""restoration"":2,""drainage"":1}"
medellin,28,20540156,10,base,ourea_robust,66.96224387761367,85.97827344577627,82.127032589402,0.815349608604448,10,6,"{""rwh"":4,""drainage"":2}"
medellin,28,20540156,10,base,deterministic_central,65.11083379396132,85.02846984052348,84.54360970115295,0.7701449467809202,10,4,"{""drainage"":3,""rwh"":1}"
medellin,28,20540156,10,base,greedy_opportunity,50.64641828538697,60.35879465878952,59.06507862378112,0.8574680583764671,10,10,"{""rwh"":10}"
medellin,28,20540156,10,base,hazard_only,58.886973803591445,73.98920839248012,72.23470672656185,0.8152171784472375,10,6,"{""drainage"":2,""rwh"":4}"
medellin,28,20540156,10,base,random_feasible,13.049210343573122,18.10299448304113,17.57479761090508,0.7424956254105679,10,6,"{""rwh"":3,""restoration"":2,""drainage"":1}"
medellin,29,20550129,10,base,ourea_robust,69.95105929848341,85.97827344577627,88.61985521157385,0.7893384516537523,10,6,"{""rwh"":4,""drainage"":2}"
medellin,29,20550129,10,base,deterministic_central,69.9935856214056,85.02846984052348,85.62531519547065,0.8174403266326087,10,4,"{""drainage"":3,""rwh"":1}"
medellin,29,20550129,10,base,greedy_opportunity,50.15438319562281,60.35879465878952,62.19219674921624,0.8064417373431156,10,10,"{""rwh"":10}"
medellin,29,20550129,10,base,hazard_only,61.359749347459456,73.98920839248012,75.85310383138267,0.8089286561543856,10,6,"{""drainage"":2,""rwh"":4}"
medellin,29,20550129,10,base,random_feasible,13.69923455270191,18.10299448304113,17.846857278236712,0.7675992663093347,10,6,"{""rwh"":3,""restoration"":2,""drainage"":1}"
medellin,30,20560102,10,base,ourea_robust,71.00876378908197,85.97827344577627,83.34239180404984,0.8520125503001398,10,6,"{""rwh"":4,""drainage"":2}"
medellin,30,20560102,10,base,deterministic_central,67.84378817126208,85.02846984052348,84.79342853276285,0.800106675071504,10,4,"{""drainage"":3,""rwh"":1}"
medellin,30,20560102,10,base,greedy_opportunity,50.25802914703581,60.35879465878952,59.88614971917741,0.8392262548637623,10,10,"{""rwh"":10}"
medellin,30,20560102,10,base,hazard_only,58.94867751270931,73.98920839248012,72.71195072084265,0.810715115305136,10,6,"{""drainage"":2,""rwh"":4}"
medellin,30,20560102,10,base,random_feasible,13.039482470243911,18.10299448304113,18.282324410737147,0.7132289186699842,10,6,"{""rwh"":3,""restoration"":2,""drainage"":1}"
medellin,31,20570075,10,base,ourea_robust,70.13298235364846,85.97827344577627,84.97229734873235,0.8253629069932958,10,6,"{""rwh"":4,""drainage"":2}"
medellin,31,20570075,10,base,deterministic_central,68.37760308596398,85.02846984052348,84.56433711878253,0.8085867567307717,10,4,"{""drainage"":3,""rwh"":1}"
medellin,31,20570075,10,base,greedy_opportunity,51.58752953575549,60.35879465878952,60.47386142498681,0.8530549946731262,10,10,"{""rwh"":10}"
medellin,31,20570075,10,base,hazard_only,59.37992135105878,73.98920839248012,74.93353576730851,0.7924345320558682,10,6,"{""drainage"":2,""rwh"":4}"
medellin,31,20570075,10,base,random_feasible,13.659579222246975,18.10299448304113,18.585001815225496,0.7349786326658607,10,6,"{""rwh"":3,""restoration"":2,""drainage"":1}"
medellin,32,20580048,10,base,ourea_robust,70.14345286368962,85.97827344577627,86.17056783770522,0.8140070864543764,10,6,"{""rwh"":4,""drainage"":2}"
medellin,32,20580048,10,base,deterministic_central,66.94884174891058,85.02846984052348,84.42391012019289,0.7930080667147098,10,4,"{""drainage"":3,""rwh"":1}"
medellin,32,20580048,10,base,greedy_opportunity,51.0210694063212,60.35879465878952,60.234994926586296,0.8470336798152815,10,10,"{""rwh"":10}"
medellin,32,20580048,10,base,hazard_only,61.13471568241539,73.98920839248012,73.6078079705776,0.8305466141153405,10,6,"{""drainage"":2,""rwh"":4}"
medellin,32,20580048,10,base,random_feasible,13.14419344458338,18.10299448304113,17.962110274180304,0.731773340879526,10,6,"{""rwh"":3,""restoration"":2,""drainage"":1}"
medellin,33,20590021,10,base,ourea_robust,71.67190093175941,85.97827344577627,87.16545442216466,0.8222512164582313,10,6,"{""rwh"":4,""drainage"":2}"
medellin,33,20590021,10,base,deterministic_central,66.90257309501112,85.02846984052348,85.13063466491803,0.7858812912454579,10,4,"{""drainage"":3,""rwh"":1}"
medellin,33,20590021,10,base,greedy_opportunity,51.23678301070095,60.35879465878952,59.82882882690183,0.8563895368726072,10,10,"{""rwh"":10}"
medellin,33,20590021,10,base,hazard_only,61.665004494724144,73.98920839248012,73.61817549724174,0.8376328818015132,10,6,"{""drainage"":2,""rwh"":4}"
medellin,33,20590021,10,base,random_feasible,12.660403879426667,18.10299448304113,17.727248349713136,0.7141776111931968,10,6,"{""rwh"":3,""restoration"":2,""drainage"":1}"
medellin,34,20599994,10,base,ourea_robust,66.06090028422523,85.97827344577627,84.43163380283113,0.7824188317674139,10,6,"{""rwh"":4,""drainage"":2}"
medellin,34,20599994,10,base,deterministic_central,65.00842123681377,85.02846984052348,83.92253402907045,0.7746241458139849,10,4,"{""drainage"":3,""rwh"":1}"
medellin,34,20599994,10,base,greedy_opportunity,50.639197434555626,60.35879465878952,59.31138039197731,0.8537855146835409,10,10,"{""rwh"":10}"
medellin,34,20599994,10,base,hazard_only,59.58317025649103,73.98920839248012,72.43468598718255,0.8225778774968995,10,6,"{""drainage"":2,""rwh"":4}"
medellin,34,20599994,10,base,random_feasible,13.333364566822638,18.10299448304113,17.90564042739925,0.7446460583682836,10,6,"{""rwh"":3,""restoration"":2,""drainage"":1}"
medellin,35,20609967,10,base,ourea_robust,68.66113383779111,85.97827344577627,88.07828504518102,0.7795466703577437,10,6,"{""rwh"":4,""drainage"":2}"
medellin,35,20609967,10,base,deterministic_central,67.73333507228335,85.02846984052348,86.89469539600123,0.7794875712908057,10,4,"{""drainage"":3,""rwh"":1}"
medellin,35,20609967,10,base,greedy_opportunity,51.89986346201931,60.35879465878952,60.565622995397916,0.8569195014466032,10,10,"{""rwh"":10}"
medellin,35,20609967,10,base,hazard_only,60.90194198489053,73.98920839248012,75.16180957475763,0.8102777504886453,10,6,"{""drainage"":2,""rwh"":4}"
medellin,35,20609967,10,base,random_feasible,12.63105464905675,18.10299448304113,17.7270672802033,0.7125292892165236,10,6,"{""rwh"":3,""restoration"":2,""drainage"":1}"
medellin,36,20619940,10,base,ourea_robust,69.77096307010606,85.97827344577627,85.12617732493436,0.8196181863515843,10,6,"{""rwh"":4,""drainage"":2}"
medellin,36,20619940,10,base,deterministic_central,64.54362329030482,85.02846984052348,83.6465457850718,0.7716232951943818,10,4,"{""drainage"":3,""rwh"":1}"
medellin,36,20619940,10,base,greedy_opportunity,49.831018178339036,60.35879465878952,59.9232072702016,0.8315812929312084,10,10,"{""rwh"":10}"
medellin,36,20619940,10,base,hazard_only,59.12469186504586,73.98920839248012,72.68096864575546,0.8134824420573916,10,6,"{""drainage"":2,""rwh"":4}"
medellin,36,20619940,10,base,random_feasible,13.164475171773574,18.10299448304113,17.53061324644068,0.7509420798183667,10,6,"{""rwh"":3,""restoration"":2,""drainage"":1}"
medellin,37,20629913,10,base,ourea_robust,70.7706314630691,85.97827344577627,85.93076751799208,0.8235773228518088,10,6,"{""rwh"":4,""drainage"":2}"
medellin,37,20629913,10,base,deterministic_central,66.70491056381525,85.02846984052348,85.35619905625754,0.7814887647451431,10,4,"{""drainage"":3,""rwh"":1}"
medellin,37,20629913,10,base,greedy_opportunity,50.758776242710155,60.35879465878952,61.33182182527071,0.8276091388140681,10,10,"{""rwh"":10}"
medellin,37,20629913,10,base,hazard_only,62.76355022865755,73.98920839248012,75.51291656807734,0.8311631053486614,10,6,"{""drainage"":2,""rwh"":4}"
medellin,37,20629913,10,base,random_feasible,13.403540488028739,18.10299448304113,17.996675282384786,0.7447787037169123,10,6,"{""rwh"":3,""restoration"":2,""drainage"":1}"
medellin,38,20639886,10,base,ourea_robust,70.19718629355566,85.97827344577627,85.68683222485697,0.8192295650438586,10,6,"{""rwh"":4,""drainage"":2}"
medellin,38,20639886,10,base,deterministic_central,64.1900060734747,85.02846984052348,85.08365166570047,0.7544340753695159,10,4,"{""drainage"":3,""rwh"":1}"
medellin,38,20639886,10,base,greedy_opportunity,51.83801645944459,60.35879465878952,60.34631309756924,0.8590088407825637,10,10,"{""rwh"":10}"
medellin,38,20639886,10,base,hazard_only,60.82919068577803,73.98920839248012,73.81523319881944,0.8240736776098256,10,6,"{""drainage"":2,""rwh"":4}"
medellin,38,20639886,10,base,random_feasible,13.296445820937151,18.10299448304113,18.287853902302686,0.7270643068327963,10,6,"{""rwh"":3,""restoration"":2,""drainage"":1}"
medellin,39,20649859,10,base,ourea_robust,70.58062133429485,85.97827344577627,87.83839557379633,0.8035281254084089,10,6,"{""rwh"":4,""drainage"":2}"
medellin,39,20649859,10,base,deterministic_central,68.20504070764628,85.02846984052348,86.51356235946423,0.7883739710573243,10,4,"{""drainage"":3,""rwh"":1}"
medellin,39,20649859,10,base,greedy_opportunity,51.081893735747144,60.35879465878952,61.490779703773114,0.8307244432714963,10,10,"{""rwh"":10}"
medellin,39,20649859,10,base,hazard_only,62.20283110321361,73.98920839248012,75.94874950378562,0.8190106026711229,10,6,"{""drainage"":2,""rwh"":4}"
medellin,39,20649859,10,base,random_feasible,13.52876933263633,18.10299448304113,18.93117545795667,0.7146291239380099,10,6,"{""rwh"":3,""restoration"":2,""drainage"":1}"
medellin,40,20659832,10,base,ourea_robust,69.6012344026326,85.97827344577627,84.58674044133522,0.822838591952887,10,6,"{""rwh"":4,""drainage"":2}"
medellin,40,20659832,10,base,deterministic_central,65.42264894562823,85.02846984052348,85.67502625188718,0.763613993572452,10,4,"{""drainage"":3,""rwh"":1}"
medellin,40,20659832,10,base,greedy_opportunity,52.176127918532984,60.35879465878952,59.96096200553984,0.8701682923918463,10,10,"{""rwh"":10}"
medellin,40,20659832,10,base,hazard_only,58.53953249500728,73.98920839248012,73.0191810048691,0.8017007543689613,10,6,"{""drainage"":2,""rwh"":4}"
medellin,40,20659832,10,base,random_feasible,13.132787984816787,18.10299448304113,17.824376156652306,0.7367880855631206,10,6,"{""rwh"":3,""restoration"":2,""drainage"":1}"
medellin,41,20669805,10,base,ourea_robust,70.96881835513068,85.97827344577627,88.03773411748898,0.8061181840552675,10,6,"{""rwh"":4,""drainage"":2}"
medellin,41,20669805,10,base,deterministic_central,65.45072569264175,85.02846984052348,85.81623066255952,0.7626846948102678,10,4,"{""drainage"":3,""rwh"":1}"
medellin,41,20669805,10,base,greedy_opportunity,50.70166058699442,60.35879465878952,60.03432730676104,0.8445444941511724,10,10,"{""rwh"":10}"
medellin,41,20669805,10,base,hazard_only,62.62965963187935,73.98920839248012,74.13707647365163,0.8447818906662441,10,6,"{""drainage"":2,""rwh"":4}"
medellin,41,20669805,10,base,random_feasible,12.599297461075366,18.10299448304113,17.82832199702807,0.7067012511427399,10,6,"{""rwh"":3,""restoration"":2,""drainage"":1}"
medellin,42,20679778,10,base,ourea_robust,68.14878268240136,85.97827344577627,83.50461276961505,0.8161080019665544,10,6,"{""rwh"":4,""drainage"":2}"
medellin,42,20679778,10,base,deterministic_central,64.66032161667772,85.02846984052348,84.295903769706,0.767063626167742,10,4,"{""drainage"":3,""rwh"":1}"
medellin,42,20679778,10,base,greedy_opportunity,50.99835370245091,60.35879465878952,60.04757208913952,0.8492991794363441,10,10,"{""rwh"":10}"
medellin,42,20679778,10,base,hazard_only,59.637614324936294,73.98920839248012,73.00374691545494,0.8169116907657101,10,6,"{""drainage"":2,""rwh"":4}"
medellin,42,20679778,10,base,random_feasible,12.969466601062322,18.10299448304113,17.86752456273598,0.7258681277042197,10,6,"{""rwh"":3,""restoration"":2,""drainage"":1}"
medellin,43,20689751,10,base,ourea_robust,69.1144412782728,85.97827344577627,86.62230235405696,0.7978827553645119,10,6,"{""rwh"":4,""drainage"":2}"
medellin,43,20689751,10,base,deterministic_central,69.35873479941984,85.02846984052348,85.65597095477233,0.8097361342858669,10,4,"{""drainage"":3,""rwh"":1}"
medellin,43,20689751,10,base,greedy_opportunity,50.31579337218773,60.35879465878952,60.491184902713485,0.831787200946872,10,10,"{""rwh"":10}"
medellin,43,20689751,10,base,hazard_only,60.10437324934537,73.98920839248012,73.77645879528063,0.8146822744112266,10,6,"{""drainage"":2,""rwh"":4}"
medellin,43,20689751,10,base,random_feasible,12.735466447872113,18.10299448304113,17.86325109449126,0.7129422511336431,10,6,"{""rwh"":3,""restoration"":2,""drainage"":1}"
medellin,44,20699724,10,base,ourea_robust,69.75733967461474,85.97827344577627,84.84318873731127,0.8221913946515513,10,6,"{""rwh"":4,""drainage"":2}"
medellin,44,20699724,10,base,deterministic_central,65.11117851373956,85.02846984052348,83.12917277623637,0.783253054724881,10,4,"{""drainage"":3,""rwh"":1}"
medellin,44,20699724,10,base,greedy_opportunity,49.97531710191561,60.35879465878952,59.47621113350033,0.8402572415001519,10,10,"{""rwh"":10}"
medellin,44,20699724,10,base,hazard_only,60.37926226346417,73.98920839248012,72.84007874118515,0.8289291185145933,10,6,"{""drainage"":2,""rwh"":4}"
medellin,44,20699724,10,base,random_feasible,12.648798033591902,18.10299448304113,17.767112087788064,0.7119220034800054,10,6,"{""rwh"":3,""restoration"":2,""drainage"":1}"
medellin,45,20709697,10,base,ourea_robust,69.11404347761345,85.97827344577627,86.32106368233372,0.8006625559198036,10,6,"{""rwh"":4,""drainage"":2}"
medellin,45,20709697,10,base,deterministic_central,68.00938328020266,85.02846984052348,85.09235063267397,0.7992420326215345,10,4,"{""drainage"":3,""rwh"":1}"
medellin,45,20709697,10,base,greedy_opportunity,50.41119310479189,60.35879465878952,60.97168306622143,0.8267968107431154,10,10,"{""rwh"":10}"
medellin,45,20709697,10,base,hazard_only,61.88461525373032,73.98920839248012,74.67719645519082,0.8286949455964573,10,6,"{""drainage"":2,""rwh"":4}"
medellin,45,20709697,10,base,random_feasible,13.247250395188075,18.10299448304113,17.86555051239884,0.741496904111316,10,6,"{""rwh"":3,""restoration"":2,""drainage"":1}"
medellin,46,20719670,10,base,ourea_robust,67.29777468810653,85.97827344577627,85.68916351199368,0.785370890902524,10,6,"{""rwh"":4,""drainage"":2}"
medellin,46,20719670,10,base,deterministic_central,65.95452818822423,85.02846984052348,85.83153674751156,0.7684183539931363,10,4,"{""drainage"":3,""rwh"":1}"
medellin,46,20719670,10,base,greedy_opportunity,52.466971498525254,60.35879465878952,60.26387066561665,0.8706206707107532,10,10,"{""rwh"":10}"
medellin,46,20719670,10,base,hazard_only,60.65057467656425,73.98920839248012,73.97401289763002,0.8198902871539009,10,6,"{""drainage"":2,""rwh"":4}"
medellin,46,20719670,10,base,random_feasible,13.532565108482231,18.10299448304113,18.09637267292419,0.7478053946540164,10,6,"{""rwh"":3,""restoration"":2,""drainage"":1}"
medellin,47,20729643,10,base,ourea_robust,71.61690742915061,85.97827344577627,90.36505302393743,0.792528804361787,10,6,"{""rwh"":4,""drainage"":2}"
medellin,47,20729643,10,base,deterministic_central,68.7852320589709,85.02846984052348,86.43003063687183,0.7958487524777818,10,4,"{""drainage"":3,""rwh"":1}"
medellin,47,20729643,10,base,greedy_opportunity,50.414961488928384,60.35879465878952,60.9259064723351,0.8274798752780237,10,10,"{""rwh"":10}"
medellin,47,20729643,10,base,hazard_only,60.37106830921266,73.98920839248012,75.16801970663846,0.8031483142009792,10,6,"{""drainage"":2,""rwh"":4}"
medellin,47,20729643,10,base,random_feasible,13.579509366474213,18.10299448304113,18.515145759523875,0.7334270841205311,10,6,"{""rwh"":3,""restoration"":2,""drainage"":1}"
medellin,48,20739616,10,base,ourea_robust,67.21738303373104,85.97827344577627,84.51735095701679,0.7953086824493111,10,6,"{""rwh"":4,""drainage"":2}"
medellin,48,20739616,10,base,deterministic_central,64.81463807980481,85.02846984052348,84.1040936173572,0.770647839981341,10,4,"{""drainage"":3,""rwh"":1}"
medellin,48,20739616,10,base,greedy_opportunity,50.8275164013221,60.35879465878952,59.91975406913389,0.8482597632606871,10,10,"{""rwh"":10}"
medellin,48,20739616,10,base,hazard_only,57.78988675666278,73.98920839248012,72.69367417450258,0.7949782070161571,10,6,"{""drainage"":2,""rwh"":4}"
medellin,48,20739616,10,base,random_feasible,13.02305868754138,18.10299448304113,17.928041792164095,0.7264072026669102,10,6,"{""rwh"":3,""restoration"":2,""drainage"":1}"
medellin,49,20749589,10,base,ourea_robust,69.04647031248442,85.97827344577627,89.36097545563462,0.7726691652640272,10,6,"{""rwh"":4,""drainage"":2}"
medellin,49,20749589,10,base,deterministic_central,68.05085882295907,85.02846984052348,86.97352304843662,0.782431899246633,10,4,"{""drainage"":3,""rwh"":1}"
medellin,49,20749589,10,base,greedy_opportunity,51.44731840811846,60.35879465878952,60.622501622780874,0.8486505345530885,10,10,"{""rwh"":10}"
medellin,49,20749589,10,base,hazard_only,60.504374711745186,73.98920839248012,75.49956083057577,0.8013871080325828,10,6,"{""drainage"":2,""rwh"":4}"
medellin,49,20749589,10,base,random_feasible,12.911234847063497,18.10299448304113,17.99312722164177,0.7175648061629956,10,6,"{""rwh"":3,""restoration"":2,""drainage"":1}"
medellin,50,20759562,10,base,ourea_robust,70.30347960041036,85.97827344577627,85.75395049901317,0.8198278818795571,10,6,"{""rwh"":4,""drainage"":2}"
medellin,50,20759562,10,base,deterministic_central,65.96551337622759,85.02846984052348,83.92094583044764,0.7860434927592823,10,4,"{""drainage"":3,""rwh"":1}"
medellin,50,20759562,10,base,greedy_opportunity,50.68154196567957,60.35879465878952,59.652580859854424,0.8496118899658158,10,10,"{""rwh"":10}"
medellin,50,20759562,10,base,hazard_only,60.64361748398687,73.98920839248012,72.7115586646687,0.8340299478885224,10,6,"{""drainage"":2,""rwh"":4}"
medellin,50,20759562,10,base,random_feasible,13.229627428911044,18.10299448304113,17.802913167081897,0.7431158768651981,10,6,"{""rwh"":3,""restoration"":2,""drainage"":1}"
medellin,51,20769535,10,base,ourea_robust,69.95726755200712,85.97827344577627,85.90222522003978,0.8143824839555737,10,6,"{""rwh"":4,""drainage"":2}"
medellin,51,20769535,10,base,deterministic_central,67.83033670136774,85.02846984052348,84.90275859143503,0.798917936551127,10,4,"{""drainage"":3,""rwh"":1}"
medellin,51,20769535,10,base,greedy_opportunity,50.95775188916241,60.35879465878952,59.93294634870426,0.8502460665403964,10,10,"{""rwh"":10}"
medellin,51,20769535,10,base,hazard_only,60.63395726910176,73.98920839248012,73.42021763529328,0.8258482366572946,10,6,"{""drainage"":2,""rwh"":4}"
medellin,51,20769535,10,base,random_feasible,13.224352015261957,18.10299448304113,17.435755097198125,0.7584616749627936,10,6,"{""rwh"":3,""restoration"":2,""drainage"":1}"
medellin,52,20779508,10,base,ourea_robust,69.08471214955262,85.97827344577627,86.645073657166,0.797329948877468,10,6,"{""rwh"":4,""drainage"":2}"
medellin,52,20779508,10,base,deterministic_central,64.93895100775626,85.02846984052348,83.78408864692074,0.7750749820937859,10,4,"{""drainage"":3,""rwh"":1}"
medellin,52,20779508,10,base,greedy_opportunity,50.74071406940402,60.35879465878952,59.17404158077443,0.857482651411284,10,10,"{""rwh"":10}"
medellin,52,20779508,10,base,hazard_only,61.982222326967985,73.98920839248012,73.84385456925884,0.8393687286304141,10,6,"{""drainage"":2,""rwh"":4}"
medellin,52,20779508,10,base,random_feasible,13.025135281080566,18.10299448304113,18.02051272884455,0.7227949324789117,10,6,"{""rwh"":3,""restoration"":2,""drainage"":1}"
medellin,53,20789481,10,base,ourea_robust,70.96177919920683,85.97827344577627,87.48725221651375,0.8111099320343308,10,6,"{""rwh"":4,""drainage"":2}"
medellin,53,20789481,10,base,deterministic_central,67.8961613587926,85.02846984052348,86.62467428758328,0.7837970176186254,10,4,"{""drainage"":3,""rwh"":1}"
medellin,53,20789481,10,base,greedy_opportunity,50.97087459139175,60.35879465878952,60.45073993658616,0.8431803257472291,10,10,"{""rwh"":10}"
medellin,53,20789481,10,base,hazard_only,61.3936255163062,73.98920839248012,74.16679350962886,0.8277778047440549,10,6,"{""drainage"":2,""rwh"":4}"
medellin,53,20789481,10,base,random_feasible,13.244271707570078,18.10299448304113,17.75484173209088,0.7459526763131772,10,6,"{""rwh"":3,""restoration"":2,""drainage"":1}"
medellin,54,20799454,10,base,ourea_robust,68.14134551785673,85.97827344577627,84.44668244739478,0.8069156009805916,10,6,"{""rwh"":4,""drainage"":2}"
medellin,54,20799454,10,base,deterministic_central,64.40232597399199,85.02846984052348,84.31893065714894,0.7637943872397968,10,4,"{""drainage"":3,""rwh"":1}"
medellin,54,20799454,10,base,greedy_opportunity,50.96605856632186,60.35879465878952,60.600534454806166,0.8410166515005016,10,10,"{""rwh"":10}"
medellin,54,20799454,10,base,hazard_only,60.122549180669466,73.98920839248012,74.21955100418609,0.8100634990001283,10,6,"{""drainage"":2,""rwh"":4}"
medellin,54,20799454,10,base,random_feasible,12.982967406561784,18.10299448304113,18.37841821725715,0.7064246363906829,10,6,"{""rwh"":3,""restoration"":2,""drainage"":1}"
medellin,55,20809427,10,base,ourea_robust,72.79348318268649,85.97827344577627,88.61614247111675,0.821447212130821,10,6,"{""rwh"":4,""drainage"":2}"
medellin,55,20809427,10,base,deterministic_central,67.98408402465066,85.02846984052348,87.08160299510291,0.7806939891594988,10,4,"{""drainage"":3,""rwh"":1}"
medellin,55,20809427,10,base,greedy_opportunity,50.02830563429552,60.35879465878952,60.30964990842858,0.8295240597525639,10,10,"{""rwh"":10}"
medellin,55,20809427,10,base,hazard_only,61.721578202537785,73.98920839248012,74.7073757363296,0.8261778384556892,10,6,"{""drainage"":2,""rwh"":4}"
medellin,55,20809427,10,base,random_feasible,13.28724401001682,18.10299448304113,18.463551916908273,0.7196472309235813,10,6,"{""rwh"":3,""restoration"":2,""drainage"":1}"
medellin,56,20819400,10,base,ourea_robust,68.40404558533146,85.97827344577627,84.27117343156578,0.8117134578751349,10,6,"{""rwh"":4,""drainage"":2}"
medellin,56,20819400,10,base,deterministic_central,66.75772272164795,85.02846984052348,83.95987915889509,0.7951145641278038,10,4,"{""drainage"":3,""rwh"":1}"
medellin,56,20819400,10,base,greedy_opportunity,50.63874230000101,60.35879465878952,60.5020778174121,0.836975259805499,10,10,"{""rwh"":10}"
medellin,56,20819400,10,base,hazard_only,59.69734368644549,73.98920839248012,73.91371351733551,0.8076626223419859,10,6,"{""drainage"":2,""rwh"":4}"
medellin,56,20819400,10,base,random_feasible,12.637067920130903,18.10299448304113,18.089438893267925,0.6985881648785608,10,6,"{""rwh"":3,""restoration"":2,""drainage"":1}"
medellin,57,20829373,10,base,ourea_robust,69.4401478173013,85.97827344577627,86.01240690441819,0.80732710915144,10,6,"{""rwh"":4,""drainage"":2}"
medellin,57,20829373,10,base,deterministic_central,69.06577646825053,85.02846984052348,85.67294678873031,0.8061561911552652,10,4,"{""drainage"":3,""rwh"":1}"
medellin,57,20829373,10,base,greedy_opportunity,51.32548445637576,60.35879465878952,60.24119876179293,0.8519997196491411,10,10,"{""rwh"":10}"
medellin,57,20829373,10,base,hazard_only,58.27789048756404,73.98920839248012,74.50008076116,0.7822527155963397,10,6,"{""drainage"":2,""rwh"":4}"
medellin,57,20829373,10,base,random_feasible,12.621086279769315,18.10299448304113,18.236424103671652,0.6920812001311284,10,6,"{""rwh"":3,""restoration"":2,""drainage"":1}"
medellin,58,20839346,10,base,ourea_robust,69.50975554463821,85.97827344577627,86.77588567136536,0.8010261722695998,10,6,"{""rwh"":4,""drainage"":2}"
medellin,58,20839346,10,base,deterministic_central,66.25441084802287,85.02846984052348,83.3681158278905,0.7947212215375232,10,4,"{""drainage"":3,""rwh"":1}"
medellin,58,20839346,10,base,greedy_opportunity,50.48951506800449,60.35879465878952,60.11268799751451,0.8399144465157188,10,10,"{""rwh"":10}"
medellin,58,20839346,10,base,hazard_only,58.295644860594166,73.98920839248012,73.19767865766198,0.7964138471280886,10,6,"{""drainage"":2,""rwh"":4}"
medellin,58,20839346,10,base,random_feasible,13.489309875193157,18.10299448304113,17.80032110951788,0.7578127266468461,10,6,"{""rwh"":3,""restoration"":2,""drainage"":1}"
medellin,59,20849319,10,base,ourea_robust,68.77357117143856,85.97827344577627,85.34959212136937,0.8057867584609043,10,6,"{""rwh"":4,""drainage"":2}"
medellin,59,20849319,10,base,deterministic_central,68.43510501231458,85.02846984052348,86.00330186223209,0.7957264841056935,10,4,"{""drainage"":3,""rwh"":1}"
medellin,59,20849319,10,base,greedy_opportunity,50.30448578107735,60.35879465878952,59.91377764200661,0.8396146556081615,10,10,"{""rwh"":10}"
medellin,59,20849319,10,base,hazard_only,61.126203179955155,73.98920839248012,73.3063650017175,0.8338457810385637,10,6,"{""drainage"":2,""rwh"":4}"
medellin,59,20849319,10,base,random_feasible,13.12218569556444,18.10299448304113,17.653419346435385,0.743322607255353,10,6,"{""rwh"":3,""restoration"":2,""drainage"":1}"
medellin,60,20859292,10,base,ourea_robust,68.57017655125492,85.97827344577627,86.03658935225621,0.7969885494938758,10,6,"{""rwh"":4,""drainage"":2}"
medellin,60,20859292,10,base,deterministic_central,67.11371567253491,85.02846984052348,85.55334673885454,0.784466280172472,10,4,"{""drainage"":3,""rwh"":1}"
medellin,60,20859292,10,base,greedy_opportunity,51.54069635438054,60.35879465878952,59.52629049143843,0.8658476100034078,10,10,"{""rwh"":10}"
medellin,60,20859292,10,base,hazard_only,60.85256534648943,73.98920839248012,74.47137193363915,0.8171269545123282,10,6,"{""drainage"":2,""rwh"":4}"
medellin,60,20859292,10,base,random_feasible,12.965037039439721,18.10299448304113,17.899637071890993,0.7243184310032517,10,6,"{""rwh"":3,""restoration"":2,""drainage"":1}"
medellin,61,20869265,10,base,ourea_robust,68.66103201842134,85.97827344577627,86.85802591419224,0.7904972660356354,10,6,"{""rwh"":4,""drainage"":2}"
medellin,61,20869265,10,base,deterministic_central,68.80232041728232,85.02846984052348,86.13592532278744,0.7987645127100123,10,4,"{""drainage"":3,""rwh"":1}"
medellin,61,20869265,10,base,greedy_opportunity,50.7159236539369,60.35879465878952,60.09714483251855,0.8438990536950521,10,10,"{""rwh"":10}"
medellin,61,20869265,10,base,hazard_only,60.31856313103708,73.98920839248012,74.04146007279405,0.8146592878062471,10,6,"{""drainage"":2,""rwh"":4}"
medellin,61,20869265,10,base,random_feasible,13.080573120420013,18.10299448304113,17.569200271547743,0.7445172755872793,10,6,"{""rwh"":3,""restoration"":2,""drainage"":1}"
medellin,62,20879238,10,base,ourea_robust,68.51723514367222,85.97827344577627,84.75431724751843,0.8084217697556685,10,6,"{""rwh"":4,""drainage"":2}"
medellin,62,20879238,10,base,deterministic_central,64.3790986382628,85.02846984052348,84.98726619855324,0.7575146432861579,10,4,"{""drainage"":3,""rwh"":1}"
medellin,62,20879238,10,base,greedy_opportunity,51.39419428183601,60.35879465878952,60.61113470542841,0.8479332144434029,10,10,"{""rwh"":10}"
medellin,62,20879238,10,base,hazard_only,60.875749984211325,73.98920839248012,72.99698626670852,0.8339488121028733,10,6,"{""drainage"":2,""rwh"":4}"
medellin,62,20879238,10,base,random_feasible,13.339374656909513,18.10299448304113,18.413039439219574,0.724452619620028,10,6,"{""rwh"":3,""restoration"":2,""drainage"":1}"
medellin,63,20889211,10,base,ourea_robust,69.44759822192509,85.97827344577627,86.55842882443585,0.8023204575811306,10,6,"{""rwh"":4,""drainage"":2}"
medellin,63,20889211,10,base,deterministic_central,67.81242134397235,85.02846984052348,85.97807810531776,0.7887175759023873,10,4,"{""drainage"":3,""rwh"":1}"
medellin,63,20889211,10,base,greedy_opportunity,49.75601952814577,60.35879465878952,60.40928530206838,0.8236485381236939,10,10,"{""rwh"":10}"
medellin,63,20889211,10,base,hazard_only,59.45312532697017,73.98920839248012,72.98339220347907,0.8146117018131157,10,6,"{""drainage"":2,""rwh"":4}"
medellin,63,20889211,10,base,random_feasible,13.783739301170954,18.10299448304113,18.897365508271378,0.7294000475959366,10,6,"{""rwh"":3,""restoration"":2,""drainage"":1}"
medellin,64,20899184,10,base,ourea_robust,71.97530851849524,85.97827344577627,86.00698995989114,0.8368541737370475,10,6,"{""rwh"":4,""drainage"":2}"
medellin,64,20899184,10,base,deterministic_central,66.9054739015528,85.02846984052348,84.06725247648637,0.7958565544920868,10,4,"{""drainage"":3,""rwh"":1}"
medellin,64,20899184,10,base,greedy_opportunity,50.36412226918219,60.35879465878952,60.7657247948423,0.828824513148192,10,10,"{""rwh"":10}"
medellin,64,20899184,10,base,hazard_only,59.46548245942449,73.98920839248012,74.97710925242427,0.7931151661132063,10,6,"{""drainage"":2,""rwh"":4}"
medellin,64,20899184,10,base,random_feasible,12.847616703810218,18.10299448304113,17.972932486367426,0.7148314118219278,10,6,"{""rwh"":3,""restoration"":2,""drainage"":1}"
medellin,65,20909157,10,base,ourea_robust,67.06136720555696,85.97827344577627,86.11276243103066,0.7787622335222109,10,6,"{""rwh"":4,""drainage"":2}"
medellin,65,20909157,10,base,deterministic_central,65.9395982046417,85.02846984052348,84.91254435520204,0.7765589725919219,10,4,"{""drainage"":3,""rwh"":1}"
medellin,65,20909157,10,base,greedy_opportunity,51.130287619250794,60.35879465878952,59.97287726900822,0.8525568548246566,10,10,"{""rwh"":10}"
medellin,65,20909157,10,base,hazard_only,59.533491531289656,73.98920839248012,72.60141103070328,0.8200046071571919,10,6,"{""drainage"":2,""rwh"":4}"
medellin,65,20909157,10,base,random_feasible,12.514988605832059,18.10299448304113,17.60248165303392,0.7109786479268966,10,6,"{""rwh"":3,""restoration"":2,""drainage"":1}"
medellin,66,20919130,10,base,ourea_robust,69.74786829604773,85.97827344577627,85.5063548784633,0.815703913413052,10,6,"{""rwh"":4,""drainage"":2}"
medellin,66,20919130,10,base,deterministic_central,66.6870230824752,85.02846984052348,85.89537094122898,0.7763750520165232,10,4,"{""drainage"":3,""rwh"":1}"
medellin,66,20919130,10,base,greedy_opportunity,50.59786831015526,60.35879465878952,59.85655138468201,0.8453188020301459,10,10,"{""rwh"":10}"
medellin,66,20919130,10,base,hazard_only,59.992590624968216,73.98920839248012,74.60729156155321,0.8041116272860885,10,6,"{""drainage"":2,""rwh"":4}"
medellin,66,20919130,10,base,random_feasible,13.310562497797036,18.10299448304113,17.50880872992866,0.7602209095496396,10,6,"{""rwh"":3,""restoration"":2,""drainage"":1}"
medellin,67,20929103,10,base,ourea_robust,69.97162469358955,85.97827344577627,87.2760718104123,0.8017274751502017,10,6,"{""rwh"":4,""drainage"":2}"
medellin,67,20929103,10,base,deterministic_central,66.49237681370732,85.02846984052348,85.88889116658675,0.7741673679864058,10,4,"{""drainage"":3,""rwh"":1}"
medellin,67,20929103,10,base,greedy_opportunity,48.890286247691165,60.35879465878952,59.59414331261905,0.8203874328929006,10,10,"{""rwh"":10}"
medellin,67,20929103,10,base,hazard_only,59.7612827805724,73.98920839248012,73.70416922616141,0.8108263536245116,10,6,"{""drainage"":2,""rwh"":4}"
medellin,67,20929103,10,base,random_feasible,13.316192374195452,18.10299448304113,17.496917103976102,0.7610593509167054,10,6,"{""rwh"":3,""restoration"":2,""drainage"":1}"
medellin,68,20939076,10,base,ourea_robust,68.36701103310907,85.97827344577627,84.87752142267709,0.8054784103867948,10,6,"{""rwh"":4,""drainage"":2}"
medellin,68,20939076,10,base,deterministic_central,64.72439814289919,85.02846984052348,83.41393433492476,0.7759422770183325,10,4,"{""drainage"":3,""rwh"":1}"
medellin,68,20939076,10,base,greedy_opportunity,51.10988710085621,60.35879465878952,59.59474548448134,0.8576240520091724,10,10,"{""rwh"":10}"
medellin,68,20939076,10,base,hazard_only,59.004961538623775,73.98920839248012,73.63254250970249,0.8013435300139031,10,6,"{""drainage"":2,""rwh"":4}"
medellin,68,20939076,10,base,random_feasible,13.02516563365998,18.10299448304113,18.193905975232155,0.7159081536087678,10,6,"{""rwh"":3,""restoration"":2,""drainage"":1}"
medellin,69,20949049,10,base,ourea_robust,69.42235261213773,85.97827344577627,87.87122703713567,0.7900464685988603,10,6,"{""rwh"":4,""drainage"":2}"
medellin,69,20949049,10,base,deterministic_central,67.99672710682853,85.02846984052348,85.85896164598034,0.7919584141629545,10,4,"{""drainage"":3,""rwh"":1}"
medellin,69,20949049,10,base,greedy_opportunity,51.460317348955414,60.35879465878952,59.74138199357776,0.8613847827371558,10,10,"{""rwh"":10}"
medellin,69,20949049,10,base,hazard_only,60.55927533588965,73.98920839248012,75.13491604120463,0.8060070939944676,10,6,"{""drainage"":2,""rwh"":4}"
medellin,69,20949049,10,base,random_feasible,13.419164709326651,18.10299448304113,17.62918070314936,0.7611904906578778,10,6,"{""rwh"":3,""restoration"":2,""drainage"":1}"
medellin,70,20959022,10,base,ourea_robust,69.87137561546297,85.97827344577627,85.98175864879431,0.8126302219621179,10,6,"{""rwh"":4,""drainage"":2}"
medellin,70,20959022,10,base,deterministic_central,67.09138275387431,85.02846984052348,84.29903816331671,0.7958736447727298,10,4,"{""drainage"":3,""rwh"":1}"
medellin,70,20959022,10,base,greedy_opportunity,52.32115108874177,60.35879465878952,61.05115686562476,0.8570050720562434,10,10,"{""rwh"":10}"
medellin,70,20959022,10,base,hazard_only,60.34493792193507,73.98920839248012,73.95203817369293,0.8160010110904782,10,6,"{""drainage"":2,""rwh"":4}"
medellin,70,20959022,10,base,random_feasible,13.307195394860628,18.10299448304113,18.288230627784742,0.7276371162250884,10,6,"{""rwh"":3,""restoration"":2,""drainage"":1}"
medellin,71,20968995,10,base,ourea_robust,68.12138425361354,85.97827344577627,85.46082502229547,0.797106560062364,10,6,"{""rwh"":4,""drainage"":2}"
medellin,71,20968995,10,base,deterministic_central,68.14932595263645,85.02846984052348,84.93364580423304,0.8023831463648288,10,4,"{""drainage"":3,""rwh"":1}"
medellin,71,20968995,10,base,greedy_opportunity,49.85460871297482,60.35879465878952,60.69318104717104,0.8214202625864605,10,10,"{""rwh"":10}"
medellin,71,20968995,10,base,hazard_only,60.21591020014057,73.98920839248012,73.80783796414062,0.8158470951201191,10,6,"{""drainage"":2,""rwh"":4}"
medellin,71,20968995,10,base,random_feasible,13.322685068143073,18.10299448304113,18.861649214560657,0.7063372304611804,10,6,"{""rwh"":3,""restoration"":2,""drainage"":1}"
medellin,72,20978968,10,base,ourea_robust,66.47284460349101,85.97827344577627,85.54870218349333,0.777017569020667,10,6,"{""rwh"":4,""drainage"":2}"
medellin,72,20978968,10,base,deterministic_central,65.58087856918291,85.02846984052348,84.02212659109591,0.780519146918768,10,4,"{""drainage"":3,""rwh"":1}"
medellin,72,20978968,10,base,greedy_opportunity,51.27562576316677,60.35879465878952,61.10395933889231,0.8391538996480403,10,10,"{""rwh"":10}"
medellin,72,20978968,10,base,hazard_only,60.52852565634612,73.98920839248012,73.4987556101355,0.8235312986441802,10,6,"{""drainage"":2,""rwh"":4}"
medellin,72,20978968,10,base,random_feasible,13.185615211127697,18.10299448304113,17.938646013365087,0.7350396011663215,10,6,"{""rwh"":3,""restoration"":2,""drainage"":1}"
medellin,73,20988941,10,base,ourea_robust,69.88627124505774,85.97827344577627,85.811660149217,0.8144146276104346,10,6,"{""rwh"":4,""drainage"":2}"
medellin,73,20988941,10,base,deterministic_central,66.47253189413686,85.02846984052348,86.30261126197365,0.7702261950378059,10,4,"{""drainage"":3,""rwh"":1}"
medellin,73,20988941,10,base,greedy_opportunity,51.21255265431273,60.35879465878952,60.12794848513886,0.8517262594942908,10,10,"{""rwh"":10}"
medellin,73,20988941,10,base,hazard_only,59.76390255005481,73.98920839248012,73.6722334687488,0.8112133939227756,10,6,"{""drainage"":2,""rwh"":4}"
medellin,73,20988941,10,base,random_feasible,12.435695551403569,18.10299448304113,17.89606802474873,0.6948842356994881,10,6,"{""rwh"":3,""restoration"":2,""drainage"":1}"
medellin,74,20998914,10,base,ourea_robust,69.68119792110565,85.97827344577627,84.07986186701464,0.8287501474647673,10,6,"{""rwh"":4,""drainage"":2}"
medellin,74,20998914,10,base,deterministic_central,65.7565901726739,85.02846984052348,85.16416513286595,0.7721157140457611,10,4,"{""drainage"":3,""rwh"":1}"
medellin,74,20998914,10,base,greedy_opportunity,51.297347992425784,60.35879465878952,61.1007428556386,0.8395535896122395,10,10,"{""rwh"":10}"
medellin,74,20998914,10,base,hazard_only,60.131002576226365,73.98920839248012,74.13194964927698,0.8111347787385872,10,6,"{""drainage"":2,""rwh"":4}"
medellin,74,20998914,10,base,random_feasible,13.312627886602968,18.10299448304113,17.91561417771527,0.7430740444925507,10,6,"{""rwh"":3,""restoration"":2,""drainage"":1}"
medellin,75,21008887,10,base,ourea_robust,69.86956610998232,85.97827344577627,85.36259828517632,0.8185032732551623,10,6,"{""rwh"":4,""drainage"":2}"
medellin,75,21008887,10,base,deterministic_central,67.04993306638198,85.02846984052348,83.90352717618453,0.799131279970953,10,4,"{""drainage"":3,""rwh"":1}"
medellin,75,21008887,10,base,greedy_opportunity,49.23608584390877,60.35879465878952,59.09024512938959,0.8332354305875154,10,10,"{""rwh"":10}"
medellin,75,21008887,10,base,hazard_only,59.25808735759665,73.98920839248012,74.09728731233417,0.7997335598510176,10,6,"{""drainage"":2,""rwh"":4}"
medellin,75,21008887,10,base,random_feasible,13.172814481000387,18.10299448304113,17.56271374402695,0.7500443651813455,10,6,"{""rwh"":3,""restoration"":2,""drainage"":1}"
medellin,76,21018860,10,base,ourea_robust,68.38146564783028,85.97827344577627,83.33117527454624,0.8205988385803747,10,6,"{""rwh"":4,""drainage"":2}"
medellin,76,21018860,10,base,deterministic_central,65.03772416098946,85.02846984052348,83.62211368396038,0.7777574770089122,10,4,"{""drainage"":3,""rwh"":1}"
medellin,76,21018860,10,base,greedy_opportunity,51.99481007247596,60.35879465878952,59.74881302943095,0.8702233138399663,10,10,"{""rwh"":10}"
medellin,76,21018860,10,base,hazard_only,60.72892522453958,73.98920839248012,72.69091690316282,0.8354403522718151,10,6,"{""drainage"":2,""rwh"":4}"
medellin,76,21018860,10,base,random_feasible,12.96537680801839,18.10299448304113,18.247550400593354,0.7105269761357556,10,6,"{""rwh"":3,""restoration"":2,""drainage"":1}"
medellin,77,21028833,10,base,ourea_robust,71.02581354674567,85.97827344577627,84.90190970610865,0.8365632032613206,10,6,"{""rwh"":4,""drainage"":2}"
medellin,77,21028833,10,base,deterministic_central,65.76870016567545,85.02846984052348,84.65705201958917,0.7768838932692452,10,4,"{""drainage"":3,""rwh"":1}"
medellin,77,21028833,10,base,greedy_opportunity,51.10833371124363,60.35879465878952,59.53045049587581,0.8585242222345411,10,10,"{""rwh"":10}"
medellin,77,21028833,10,base,hazard_only,59.339324363967535,73.98920839248012,72.7482550845948,0.8156803801680909,10,6,"{""drainage"":2,""rwh"":4}"
medellin,77,21028833,10,base,random_feasible,13.168059829210506,18.10299448304113,17.374872064710416,0.7578795274099174,10,6,"{""rwh"":3,""restoration"":2,""drainage"":1}"
medellin,78,21038806,10,base,ourea_robust,72.20739748368487,85.97827344577627,87.24020462005774,0.8276848707331366,10,6,"{""rwh"":4,""drainage"":2}"
medellin,78,21038806,10,base,deterministic_central,67.37453651614032,85.02846984052348,83.85964906185018,0.8034202059019904,10,4,"{""drainage"":3,""rwh"":1}"
medellin,78,21038806,10,base,greedy_opportunity,52.18150546155175,60.35879465878952,61.19910153482806,0.852651495738962,10,10,"{""rwh"":10}"
medellin,78,21038806,10,base,hazard_only,62.84089860776112,73.98920839248012,74.54314950222988,0.843013731340682,10,6,"{""drainage"":2,""rwh"":4}"
medellin,78,21038806,10,base,random_feasible,13.319468433141537,18.10299448304113,18.142963373036764,0.7341396308464315,10,6,"{""rwh"":3,""restoration"":2,""drainage"":1}"
medellin,79,21048779,10,base,ourea_robust,66.09346471074423,85.97827344577627,83.66582687362097,0.7899696588259365,10,6,"{""rwh"":4,""drainage"":2}"
medellin,79,21048779,10,base,deterministic_central,64.971785300791,85.02846984052348,84.87562472843865,0.7654940450649947,10,4,"{""drainage"":3,""rwh"":1}"
medellin,79,21048779,10,base,greedy_opportunity,50.23279201330524,60.35879465878952,59.875379642743155,0.838955716239762,10,10,"{""rwh"":10}"
medellin,79,21048779,10,base,hazard_only,59.215613948968894,73.98920839248012,74.00229652791677,0.8001861662040486,10,6,"{""drainage"":2,""rwh"":4}"
medellin,79,21048779,10,base,random_feasible,12.849075564879058,18.10299448304113,18.208190099240255,0.7056756050352962,10,6,"{""rwh"":3,""restoration"":2,""drainage"":1}"
medellin,80,21058752,10,base,ourea_robust,67.37623569216066,85.97827344577627,86.88311232736169,0.7754813782256991,10,6,"{""rwh"":4,""drainage"":2}"
medellin,80,21058752,10,base,deterministic_central,65.84646401791406,85.02846984052348,84.67210445240653,0.7776641958264519,10,4,"{""drainage"":3,""rwh"":1}"
medellin,80,21058752,10,base,greedy_opportunity,50.28763505299594,60.35879465878952,61.321220767675186,0.8200690466277298,10,10,"{""rwh"":10}"
medellin,80,21058752,10,base,hazard_only,60.7992528420109,73.98920839248012,73.86875077667219,0.8230713556511281,10,6,"{""drainage"":2,""rwh"":4}"
medellin,80,21058752,10,base,random_feasible,12.923626129142576,18.10299448304113,18.06239334121892,0.7154990972126863,10,6,"{""rwh"":3,""restoration"":2,""drainage"":1}"
medellin,81,21068725,10,base,ourea_robust,67.17670653158484,85.97827344577627,87.14114949543273,0.7708953453168038,10,6,"{""rwh"":4,""drainage"":2}"
medellin,81,21068725,10,base,deterministic_central,65.85544735041913,85.02846984052348,84.72041112607667,0.7773268150507007,10,4,"{""drainage"":3,""rwh"":1}"
medellin,81,21068725,10,base,greedy_opportunity,50.06194453162698,60.35879465878952,59.66246332888204,0.8390861144245189,10,10,"{""rwh"":10}"
medellin,81,21068725,10,base,hazard_only,59.54623751524923,73.98920839248012,73.7293045319193,0.8076332456041294,10,6,"{""drainage"":2,""rwh"":4}"
medellin,81,21068725,10,base,random_feasible,12.612588119864995,18.10299448304113,18.0420545264642,0.6990660681888956,10,6,"{""rwh"":3,""restoration"":2,""drainage"":1}"
medellin,82,21078698,10,base,ourea_robust,69.7933995545227,85.97827344577627,85.93264390297918,0.8121872711529947,10,6,"{""rwh"":4,""drainage"":2}"
medellin,82,21078698,10,base,deterministic_central,66.97489885315235,85.02846984052348,83.76900550799701,0.7995188488510657,10,4,"{""drainage"":3,""rwh"":1}"
medellin,82,21078698,10,base,greedy_opportunity,51.22091350774281,60.35879465878952,60.467608474101326,0.8470801938476046,10,10,"{""rwh"":10}"
medellin,82,21078698,10,base,hazard_only,59.54968566083289,73.98920839248012,74.63922076923245,0.7978336998579744,10,6,"{""drainage"":2,""rwh"":4}"
medellin,82,21078698,10,base,random_feasible,13.366203287326698,18.10299448304113,18.072328734230723,0.7395949622147935,10,6,"{""rwh"":3,""restoration"":2,""drainage"":1}"
medellin,83,21088671,10,base,ourea_robust,67.23511970752907,85.97827344577627,86.32183930206338,0.7788888681143049,10,6,"{""rwh"":4,""drainage"":2}"
medellin,83,21088671,10,base,deterministic_central,64.90218416090693,85.02846984052348,84.4683235218663,0.768361220571706,10,4,"{""drainage"":3,""rwh"":1}"
medellin,83,21088671,10,base,greedy_opportunity,48.6209134469741,60.35879465878952,58.791125840070436,0.8270110965256495,10,10,"{""rwh"":10}"
medellin,83,21088671,10,base,hazard_only,59.735058374202254,73.98920839248012,73.39090734789443,0.8139299612558345,10,6,"{""drainage"":2,""rwh"":4}"
medellin,83,21088671,10,base,random_feasible,13.21702739205466,18.10299448304113,17.676691844581,0.7477093286607526,10,6,"{""rwh"":3,""restoration"":2,""drainage"":1}"
medellin,84,21098644,10,base,ourea_robust,70.60167038507825,85.97827344577627,85.41603132260389,0.8265622892080533,10,6,"{""rwh"":4,""drainage"":2}"
medellin,84,21098644,10,base,deterministic_central,66.44697132297824,85.02846984052348,84.07060217057142,0.7903710644080261,10,4,"{""drainage"":3,""rwh"":1}"
medellin,84,21098644,10,base,greedy_opportunity,51.56073547783217,60.35879465878952,60.39781552191516,0.8536854360092463,10,10,"{""rwh"":10}"
medellin,84,21098644,10,base,hazard_only,60.26851180230324,73.98920839248012,73.14555255050709,0.8239531960700927,10,6,"{""drainage"":2,""rwh"":4}"
medellin,84,21098644,10,base,random_feasible,12.689484644958156,18.10299448304113,18.172022657850448,0.6982978661143263,10,6,"{""rwh"":3,""restoration"":2,""drainage"":1}"
medellin,85,21108617,10,base,ourea_robust,67.6659628444836,85.97827344577627,84.90492753595572,0.796961552270665,10,6,"{""rwh"":4,""drainage"":2}"
medellin,85,21108617,10,base,deterministic_central,66.27803602584163,85.02846984052348,83.41963811619598,0.7945135884373214,10,4,"{""drainage"":3,""rwh"":1}"
medellin,85,21108617,10,base,greedy_opportunity,50.02768129812421,60.35879465878952,60.097170657571496,0.8324465320202448,10,10,"{""rwh"":10}"
medellin,85,21108617,10,base,hazard_only,60.4782142197796,73.98920839248012,73.98520741657558,0.8174365705195025,10,6,"{""drainage"":2,""rwh"":4}"
medellin,85,21108617,10,base,random_feasible,13.282290844325871,18.10299448304113,17.540639140806434,0.7572295819840471,10,6,"{""rwh"":3,""restoration"":2,""drainage"":1}"
medellin,86,21118590,10,base,ourea_robust,72.09353967237394,85.97827344577627,87.12463999807778,0.8274758974494991,10,6,"{""rwh"":4,""drainage"":2}"
medellin,86,21118590,10,base,deterministic_central,70.05405746994802,85.02846984052348,86.54931360061346,0.8094120514140216,10,4,"{""drainage"":3,""rwh"":1}"
medellin,86,21118590,10,base,greedy_opportunity,52.059051376713796,60.35879465878952,60.76548158206924,0.8567207898517741,10,10,"{""rwh"":10}"
medellin,86,21118590,10,base,hazard_only,60.80735896793885,73.98920839248012,75.38873159760078,0.8065841894317536,10,6,"{""drainage"":2,""rwh"":4}"
medellin,86,21118590,10,base,random_feasible,13.582273467751293,18.10299448304113,18.530495883604544,0.7329686994382405,10,6,"{""rwh"":3,""restoration"":2,""drainage"":1}"
medellin,87,21128563,10,base,ourea_robust,68.39696217244955,85.97827344577627,85.25853723203545,0.8022300686006814,10,6,"{""rwh"":4,""drainage"":2}"
medellin,87,21128563,10,base,deterministic_central,66.37833997605503,85.02846984052348,84.12127350589162,0.7890791141126279,10,4,"{""drainage"":3,""rwh"":1}"
medellin,87,21128563,10,base,greedy_opportunity,50.01181580508228,60.35879465878952,59.67574224214877,0.8380593843667202,10,10,"{""rwh"":10}"
medellin,87,21128563,10,base,hazard_only,60.886450335808604,73.98920839248012,73.55891737120828,0.8277235787545751,10,6,"{""drainage"":2,""rwh"":4}"
medellin,87,21128563,10,base,random_feasible,13.362838470633505,18.10299448304113,18.44299509690927,0.7245481767152282,10,6,"{""rwh"":3,""restoration"":2,""drainage"":1}"
medellin,88,21138536,10,base,ourea_robust,70.41237688070487,85.97827344577627,84.6914563044993,0.8313988205320796,10,6,"{""rwh"":4,""drainage"":2}"
medellin,88,21138536,10,base,deterministic_central,66.89630444625618,85.02846984052348,84.36221382641088,0.7929652555574979,10,4,"{""drainage"":3,""rwh"":1}"
medellin,88,21138536,10,base,greedy_opportunity,49.78984768164946,60.35879465878952,61.280870980143845,0.812485966424699,10,10,"{""rwh"":10}"
medellin,88,21138536,10,base,hazard_only,60.51815748689023,73.98920839248012,73.77382684734539,0.8203201605918571,10,6,"{""drainage"":2,""rwh"":4}"
medellin,88,21138536,10,base,random_feasible,13.014491951163563,18.10299448304113,17.839657153944245,0.7295259005740553,10,6,"{""rwh"":3,""restoration"":2,""drainage"":1}"
medellin,89,21148509,10,base,ourea_robust,71.9304229272966,85.97827344577627,87.4762085915172,0.8222855572443257,10,6,"{""rwh"":4,""drainage"":2}"
medellin,89,21148509,10,base,deterministic_central,67.58069257926309,85.02846984052348,84.99840328267965,0.7950819070625317,10,4,"{""drainage"":3,""rwh"":1}"
medellin,89,21148509,10,base,greedy_opportunity,49.483022378049554,60.35879465878952,60.54262046415079,0.8173254147026892,10,10,"{""rwh"":10}"
medellin,89,21148509,10,base,hazard_only,58.97694241210638,73.98920839248012,74.63782918977631,0.7901749428182041,10,6,"{""drainage"":2,""rwh"":4}"
medellin,89,21148509,10,base,random_feasible,12.200822892612905,18.10299448304113,17.87300812839976,0.6826395873018211,10,6,"{""rwh"":3,""restoration"":2,""drainage"":1}"
medellin,90,21158482,10,base,ourea_robust,71.25526696123006,85.97827344577627,84.92514354258037,0.8390361674867655,10,6,"{""rwh"":4,""drainage"":2}"
medellin,90,21158482,10,base,deterministic_central,66.84932221377176,85.02846984052348,84.82186299446585,0.7881142886254845,10,4,"{""drainage"":3,""rwh"":1}"
medellin,90,21158482,10,base,greedy_opportunity,50.245220388258986,60.35879465878952,60.80234573283178,0.8263697688414642,10,10,"{""rwh"":10}"
medellin,90,21158482,10,base,hazard_only,60.626188252921565,73.98920839248012,74.25387390211154,0.8164717215002779,10,6,"{""drainage"":2,""rwh"":4}"
medellin,90,21158482,10,base,random_feasible,13.7854210894061,18.10299448304113,17.877863281450118,0.7710888528669815,10,6,"{""rwh"":3,""restoration"":2,""drainage"":1}"
medellin,91,21168455,10,base,ourea_robust,67.12017511112845,85.97827344577627,84.8003952830818,0.7915078094514417,10,6,"{""rwh"":4,""drainage"":2}"
medellin,91,21168455,10,base,deterministic_central,65.97401358288244,85.02846984052348,84.12538241883476,0.784234337912639,10,4,"{""drainage"":3,""rwh"":1}"
medellin,91,21168455,10,base,greedy_opportunity,49.03892391872523,60.35879465878952,59.741452210264015,0.8208525588920985,10,10,"{""rwh"":10}"
medellin,91,21168455,10,base,hazard_only,58.812266764690776,73.98920839248012,72.59264678757108,0.8101683761000472,10,6,"{""drainage"":2,""rwh"":4}"
medellin,91,21168455,10,base,random_feasible,13.108648816900313,18.10299448304113,17.420466261925412,0.752485531661738,10,6,"{""rwh"":3,""restoration"":2,""drainage"":1}"
medellin,92,21178428,10,base,ourea_robust,70.52462798914394,85.97827344577627,87.19374256408219,0.8088267106703506,10,6,"{""rwh"":4,""drainage"":2}"
medellin,92,21178428,10,base,deterministic_central,68.34886942826051,85.02846984052348,85.35374060407821,0.8007718108723966,10,4,"{""drainage"":3,""rwh"":1}"
medellin,92,21178428,10,base,greedy_opportunity,51.50368086964045,60.35879465878952,61.15687686865658,0.8421568187703928,10,10,"{""rwh"":10}"
medellin,92,21178428,10,base,hazard_only,60.76328488112449,73.98920839248012,74.65644498065785,0.8139054156257663,10,6,"{""drainage"":2,""rwh"":4}"
medellin,92,21178428,10,base,random_feasible,12.678324421056459,18.10299448304113,18.130844108447945,0.699268293589766,10,6,"{""rwh"":3,""restoration"":2,""drainage"":1}"
medellin,93,21188401,10,base,ourea_robust,68.33897319489142,85.97827344577627,84.81603703374776,0.8057317411293312,10,6,"{""rwh"":4,""drainage"":2}"
medellin,93,21188401,10,base,deterministic_central,65.85188185486732,85.02846984052348,85.0771955164937,0.7740250657663107,10,4,"{""drainage"":3,""rwh"":1}"
medellin,93,21188401,10,base,greedy_opportunity,50.117000267376625,60.35879465878952,59.45578160093282,0.8429289619596948,10,10,"{""rwh"":10}"
medellin,93,21188401,10,base,hazard_only,58.358229715174275,73.98920839248012,74.27443051021737,0.7857109009694309,10,6,"{""drainage"":2,""rwh"":4}"
medellin,93,21188401,10,base,random_feasible,13.151841239557143,18.10299448304113,17.62584527488616,0.7461679729083,10,6,"{""rwh"":3,""restoration"":2,""drainage"":1}"
medellin,94,21198374,10,base,ourea_robust,67.67205266262181,85.97827344577627,86.62655638783644,0.781192921482954,10,6,"{""rwh"":4,""drainage"":2}"
medellin,94,21198374,10,base,deterministic_central,65.87989261639996,85.02846984052348,85.14952987766628,0.7736964926412292,10,4,"{""drainage"":3,""rwh"":1}"
medellin,94,21198374,10,base,greedy_opportunity,52.28843838595867,60.35879465878952,60.50990619360482,0.8641302172682088,10,10,"{""rwh"":10}"
medellin,94,21198374,10,base,hazard_only,62.14095479917705,73.98920839248012,73.33706303010104,0.8473335613899814,10,6,"{""drainage"":2,""rwh"":4}"
medellin,94,21198374,10,base,random_feasible,13.69542171534522,18.10299448304113,18.243409576260092,0.7507051605729935,10,6,"{""rwh"":3,""restoration"":2,""drainage"":1}"
medellin,95,21208347,10,base,ourea_robust,70.33111515208066,85.97827344577627,86.55512550785625,0.8125586409749588,10,6,"{""rwh"":4,""drainage"":2}"
medellin,95,21208347,10,base,deterministic_central,65.7464568256737,85.02846984052348,86.41591833434268,0.76081418901667,10,4,"{""drainage"":3,""rwh"":1}"
medellin,95,21208347,10,base,greedy_opportunity,51.285327689936366,60.35879465878952,59.84440565859768,0.8569778097974701,10,10,"{""rwh"":10}"
medellin,95,21208347,10,base,hazard_only,61.00757675326304,73.98920839248012,73.97551665952778,0.8246995696434312,10,6,"{""drainage"":2,""rwh"":4}"
medellin,95,21208347,10,base,random_feasible,13.43666564171599,18.10299448304113,18.614304094463478,0.7218462518678046,10,6,"{""rwh"":3,""restoration"":2,""drainage"":1}"
medellin,96,21218320,10,base,ourea_robust,68.97293386722959,85.97827344577627,87.20147982561457,0.7909605892602005,10,6,"{""rwh"":4,""drainage"":2}"
medellin,96,21218320,10,base,deterministic_central,66.7571856798163,85.02846984052348,84.74015367767379,0.7877869319631008,10,4,"{""drainage"":3,""rwh"":1}"
medellin,96,21218320,10,base,greedy_opportunity,50.80298893648569,60.35879465878952,61.321523576863456,0.8284691242677082,10,10,"{""rwh"":10}"
medellin,96,21218320,10,base,hazard_only,62.39788256729298,73.98920839248012,74.415463040747,0.8385069448956642,10,6,"{""drainage"":2,""rwh"":4}"
medellin,96,21218320,10,base,random_feasible,13.274690079352695,18.10299448304113,18.003856903852466,0.7373247938063858,10,6,"{""rwh"":3,""restoration"":2,""drainage"":1}"
medellin,97,21228293,10,base,ourea_robust,67.59630346149515,85.97827344577627,84.23001268967755,0.8025203998310584,10,6,"{""rwh"":4,""drainage"":2}"
medellin,97,21228293,10,base,deterministic_central,66.15535093328026,85.02846984052348,83.66437106888043,0.7907231009818375,10,4,"{""drainage"":3,""rwh"":1}"
medellin,97,21228293,10,base,greedy_opportunity,50.052405423014534,60.35879465878952,59.19857482347061,0.845500175844945,10,10,"{""rwh"":10}"
medellin,97,21228293,10,base,hazard_only,60.7736072895068,73.98920839248012,72.3790094506735,0.839657902902418,10,6,"{""drainage"":2,""rwh"":4}"
medellin,97,21228293,10,base,random_feasible,12.48089521071961,18.10299448304113,18.002605773476716,0.6932827040576394,10,6,"{""rwh"":3,""restoration"":2,""drainage"":1}"
medellin,98,21238266,10,base,ourea_robust,71.2664266035249,85.97827344577627,88.01019088156545,0.8097519831473553,10,6,"{""rwh"":4,""drainage"":2}"
medellin,98,21238266,10,base,deterministic_central,67.72113741279736,85.02846984052348,86.72028056516729,0.7809146484703456,10,4,"{""drainage"":3,""rwh"":1}"
medellin,98,21238266,10,base,greedy_opportunity,51.065395492882544,60.35879465878952,60.36830616340012,0.8458974375504723,10,10,"{""rwh"":10}"
medellin,98,21238266,10,base,hazard_only,61.38286858501442,73.98920839248012,74.30558941511845,0.8260868269557831,10,6,"{""drainage"":2,""rwh"":4}"
medellin,98,21238266,10,base,random_feasible,13.239132609588069,18.10299448304113,17.996791931690495,0.7356384771152086,10,6,"{""rwh"":3,""restoration"":2,""drainage"":1}"
medellin,99,21248239,10,base,ourea_robust,67.997686615372,85.97827344577627,83.6879976832247,0.8125142015316992,10,6,"{""rwh"":4,""drainage"":2}"
medellin,99,21248239,10,base,deterministic_central,67.45227963678235,85.02846984052348,85.37772024897686,0.7900454526084711,10,4,"{""drainage"":3,""rwh"":1}"
medellin,99,21248239,10,base,greedy_opportunity,50.123160765654575,60.35879465878952,59.22163926941312,0.8463656424239215,10,10,"{""rwh"":10}"
medellin,99,21248239,10,base,hazard_only,61.16353473154959,73.98920839248012,74.15024478231817,0.8248595120772226,10,6,"{""drainage"":2,""rwh"":4}"
medellin,99,21248239,10,base,random_feasible,13.576014933496936,18.10299448304113,17.501273088180824,0.7757158502180769,10,6,"{""rwh"":3,""restoration"":2,""drainage"":1}"
medellin,100,21258212,10,base,ourea_robust,70.17936052167761,85.97827344577627,87.862105911247,0.7987443482468832,10,6,"{""rwh"":4,""drainage"":2}"
medellin,100,21258212,10,base,deterministic_central,69.16071212945599,85.02846984052348,86.75530817153412,0.7971928587091203,10,4,"{""drainage"":3,""rwh"":1}"
medellin,100,21258212,10,base,greedy_opportunity,51.8544585374766,60.35879465878952,60.53091249380486,0.8566607771324071,10,10,"{""rwh"":10}"
medellin,100,21258212,10,base,hazard_only,59.07302429333231,73.98920839248012,74.75334732915007,0.7902391853200235,10,6,"{""drainage"":2,""rwh"":4}"
medellin,100,21258212,10,base,random_feasible,13.073994703165681,18.10299448304113,18.311189810629912,0.7139893605152865,10,6,"{""rwh"":3,""restoration"":2,""drainage"":1}"
medellin,101,21268185,10,base,ourea_robust,67.15570007397764,85.97827344577627,83.58647389174712,0.8034278388265429,10,6,"{""rwh"":4,""drainage"":2}"
medellin,101,21268185,10,base,deterministic_central,64.31949846535872,85.02846984052348,81.96930771249572,0.7846778295475784,10,4,"{""drainage"":3,""rwh"":1}"
medellin,101,21268185,10,base,greedy_opportunity,48.427424299296945,60.35879465878952,59.146075365364595,0.8187766305734565,10,10,"{""rwh"":10}"
medellin,101,21268185,10,base,hazard_only,57.824151551228624,73.98920839248012,72.68280961989512,0.795568468715341,10,6,"{""drainage"":2,""rwh"":4}"
medellin,101,21268185,10,base,random_feasible,13.090078161235851,18.10299448304113,17.51507878133725,0.7473605071753175,10,6,"{""rwh"":3,""restoration"":2,""drainage"":1}"
medellin,102,21278158,10,base,ourea_robust,71.27885916925061,85.97827344577627,85.9217954116234,0.829578325589878,10,6,"{""rwh"":4,""drainage"":2}"
medellin,102,21278158,10,base,deterministic_central,68.6503858781548,85.02846984052348,85.6941675998628,0.8011091979877603,10,4,"{""drainage"":3,""rwh"":1}"
medellin,102,21278158,10,base,greedy_opportunity,52.86233687436061,60.35879465878952,60.749646661719,0.8701669849821773,10,10,"{""rwh"":10}"
medellin,102,21278158,10,base,hazard_only,59.917615846427,73.98920839248012,74.50829743525492,0.8041737351265246,10,6,"{""drainage"":2,""rwh"":4}"
medellin,102,21278158,10,base,random_feasible,13.63031071137084,18.10299448304113,18.249099919783475,0.7469031772133867,10,6,"{""rwh"":3,""restoration"":2,""drainage"":1}"
medellin,103,21288131,10,base,ourea_robust,68.25126647555226,85.97827344577627,86.12676243028545,0.7924513188429397,10,6,"{""rwh"":4,""drainage"":2}"
medellin,103,21288131,10,base,deterministic_central,66.05967114529903,85.02846984052348,85.10762937132313,0.7761897685703573,10,4,"{""drainage"":3,""rwh"":1}"
medellin,103,21288131,10,base,greedy_opportunity,50.47195859568319,60.35879465878952,60.081273506556045,0.8400613976695369,10,10,"{""rwh"":10}"
medellin,103,21288131,10,base,hazard_only,59.501148372427906,73.98920839248012,74.10601024675725,0.8029193337261274,10,6,"{""drainage"":2,""rwh"":4}"
medellin,103,21288131,10,base,random_feasible,12.94885544415638,18.10299448304113,18.417614281063834,0.7030690971452156,10,6,"{""rwh"":3,""restoration"":2,""drainage"":1}"
medellin,104,21298104,10,base,ourea_robust,71.04443436192514,85.97827344577627,86.95920650149174,0.8169857709166931,10,6,"{""rwh"":4,""drainage"":2}"
medellin,104,21298104,10,base,deterministic_central,69.87304255727395,85.02846984052348,85.71132601038835,0.8152136457299147,10,4,"{""drainage"":3,""rwh"":1}"
medellin,104,21298104,10,base,greedy_opportunity,50.09966428459347,60.35879465878952,61.96356991802941,0.8085341814693617,10,10,"{""rwh"":10}"
medellin,104,21298104,10,base,hazard_only,61.76743658424266,73.98920839248012,73.06713937241648,0.845351783507217,10,6,"{""drainage"":2,""rwh"":4}"
medellin,104,21298104,10,base,random_feasible,13.465920461851965,18.10299448304113,18.122109162204197,0.743065850741962,10,6,"{""rwh"":3,""restoration"":2,""drainage"":1}"
medellin,105,21308077,10,base,ourea_robust,67.63294272839994,85.97827344577627,84.2623261607082,0.8026474678542331,10,6,"{""rwh"":4,""drainage"":2}"
medellin,105,21308077,10,base,deterministic_central,65.52816610347281,85.02846984052348,84.76531757141674,0.7730539798693471,10,4,"{""drainage"":3,""rwh"":1}"
medellin,105,21308077,10,base,greedy_opportunity,50.560171202398124,60.35879465878952,59.65643836683421,0.8475224566960886,10,10,"{""rwh"":10}"
medellin,105,21308077,10,base,hazard_only,60.02785829781669,73.98920839248012,74.71785719622449,0.8033937341132679,10,6,"{""drainage"":2,""rwh"":4}"
medellin,105,21308077,10,base,random_feasible,12.75797386447175,18.10299448304113,18.078684443934435,0.705691495641552,10,6,"{""rwh"":3,""restoration"":2,""drainage"":1}"
medellin,106,21318050,10,base,ourea_robust,71.10733076704082,85.97827344577627,88.76181224160337,0.8011027374417695,10,6,"{""rwh"":4,""drainage"":2}"
medellin,106,21318050,10,base,deterministic_central,70.02091544302311,85.02846984052348,86.69174629210647,0.8076999072909288,10,4,"{""drainage"":3,""rwh"":1}"
medellin,106,21318050,10,base,greedy_opportunity,51.21990968174396,60.35879465878952,60.233962711610275,0.8503493274546117,10,10,"{""rwh"":10}"
medellin,106,21318050,10,base,hazard_only,61.4797010222037,73.98920839248012,75.12097104283566,0.8184092959494172,10,6,"{""drainage"":2,""rwh"":4}"
medellin,106,21318050,10,base,random_feasible,13.510982039794726,18.10299448304113,17.972488955994777,0.751759095408324,10,6,"{""rwh"":3,""restoration"":2,""drainage"":1}"
medellin,107,21328023,10,base,ourea_robust,68.77756997065535,85.97827344577627,84.83062177106012,0.8107634782669806,10,6,"{""rwh"":4,""drainage"":2}"
medellin,107,21328023,10,base,deterministic_central,66.65755725534245,85.02846984052348,83.20418418505687,0.8011322736737304,10,4,"{""drainage"":3,""rwh"":1}"
medellin,107,21328023,10,base,greedy_opportunity,50.46067478446275,60.35879465878952,59.36503477930955,0.8500066574887238,10,10,"{""rwh"":10}"
medellin,107,21328023,10,base,hazard_only,59.200141460207305,73.98920839248012,72.75696561893028,0.813669742224713,10,6,"{""drainage"":2,""rwh"":4}"
medellin,107,21328023,10,base,random_feasible,13.124152057037463,18.10299448304113,17.400282864791734,0.754249350945511,10,6,"{""rwh"":3,""restoration"":2,""drainage"":1}"
medellin,108,21337996,10,base,ourea_robust,69.81625224058689,85.97827344577627,86.52703008202434,0.8068721667021708,10,6,"{""rwh"":4,""drainage"":2}"
medellin,108,21337996,10,base,deterministic_central,67.06842646045516,85.02846984052348,84.57621558095434,0.7929939404330388,10,4,"{""drainage"":3,""rwh"":1}"
medellin,108,21337996,10,base,greedy_opportunity,50.76745443339041,60.35879465878952,60.23071217405777,0.8428831836933962,10,10,"{""rwh"":10}"
medellin,108,21337996,10,base,hazard_only,59.07226701731133,73.98920839248012,72.77130852835444,0.8117521618330465,10,6,"{""drainage"":2,""rwh"":4}"
medellin,108,21337996,10,base,random_feasible,12.940958802509158,18.10299448304113,18.30488980857035,0.7069673151733588,10,6,"{""rwh"":3,""restoration"":2,""drainage"":1}"
medellin,109,21347969,10,base,ourea_robust,68.40716175940133,85.97827344577627,85.63376227027084,0.798834010626554,10,6,"{""rwh"":4,""drainage"":2}"
medellin,109,21347969,10,base,deterministic_central,64.9905884283994,85.02846984052348,83.38844097329456,0.779371669140725,10,4,"{""drainage"":3,""rwh"":1}"
medellin,109,21347969,10,base,greedy_opportunity,49.74269264617715,60.35879465878952,59.21186804817535,0.840079772617645,10,10,"{""rwh"":10}"
medellin,109,21347969,10,base,hazard_only,60.258814940999855,73.98920839248012,73.30963138458264,0.8219767826260351,10,6,"{""drainage"":2,""rwh"":4}"
medellin,109,21347969,10,base,random_feasible,13.114727099391985,18.10299448304113,17.476253088977955,0.7504312871082917,10,6,"{""rwh"":3,""restoration"":2,""drainage"":1}"
medellin,110,21357942,10,base,ourea_robust,71.1273792978941,85.97827344577627,86.90378451848846,0.8184612406927112,10,6,"{""rwh"":4,""drainage"":2}"
medellin,110,21357942,10,base,deterministic_central,68.10108332580512,85.02846984052348,86.94796397610116,0.7832395401981308,10,4,"{""drainage"":3,""rwh"":1}"
medellin,110,21357942,10,base,greedy_opportunity,52.81082719207825,60.35879465878952,61.085278013971674,0.8645426346426571,10,10,"{""rwh"":10}"
medellin,110,21357942,10,base,hazard_only,60.95266345834989,73.98920839248012,75.00968641495774,0.812597230725061,10,6,"{""drainage"":2,""rwh"":4}"
medellin,110,21357942,10,base,random_feasible,13.424175748006292,18.10299448304113,18.255115560986724,0.7353651475477534,10,6,"{""rwh"":3,""restoration"":2,""drainage"":1}"
medellin,111,21367915,10,base,ourea_robust,67.61901556376324,85.97827344577627,85.05886134042657,0.7949673261335493,10,6,"{""rwh"":4,""drainage"":2}"
medellin,111,21367915,10,base,deterministic_central,64.90024205586906,85.02846984052348,84.15642997194755,0.7711857795952456,10,4,"{""drainage"":3,""rwh"":1}"
medellin,111,21367915,10,base,greedy_opportunity,49.520011301187424,60.35879465878952,59.54458568626069,0.8316459125621839,10,10,"{""rwh"":10}"
medellin,111,21367915,10,base,hazard_only,59.34491363667894,73.98920839248012,72.96920814472287,0.8132870719794258,10,6,"{""drainage"":2,""rwh"":4}"
medellin,111,21367915,10,base,random_feasible,12.719024795092082,18.10299448304113,18.494925333025094,0.6877034952058233,10,6,"{""rwh"":3,""restoration"":2,""drainage"":1}"
medellin,112,21377888,10,base,ourea_robust,73.62346314499428,85.97827344577627,88.38541809098615,0.8329820091952775,10,6,"{""rwh"":4,""drainage"":2}"
medellin,112,21377888,10,base,deterministic_central,68.46641267790937,85.02846984052348,86.81097362241553,0.7886838474557853,10,4,"{""drainage"":3,""rwh"":1}"
medellin,112,21377888,10,base,greedy_opportunity,50.670424721831296,60.35879465878952,61.83689136806697,0.8194206338774312,10,10,"{""rwh"":10}"
medellin,112,21377888,10,base,hazard_only,61.52230278366687,73.98920839248012,75.78702478490231,0.8117788362622576,10,6,"{""drainage"":2,""rwh"":4}"
medellin,112,21377888,10,base,random_feasible,13.069156666938397,18.10299448304113,18.170398314812246,0.7192553757219846,10,6,"{""rwh"":3,""restoration"":2,""drainage"":1}"
medellin,113,21387861,10,base,ourea_robust,68.58393657967554,85.97827344577627,82.49255497382092,0.8313954707966157,10,6,"{""rwh"":4,""drainage"":2}"
medellin,113,21387861,10,base,deterministic_central,64.33043380020445,85.02846984052348,83.25729758217994,0.7726702123223067,10,4,"{""drainage"":3,""rwh"":1}"
medellin,113,21387861,10,base,greedy_opportunity,49.350585249878804,60.35879465878952,59.714223081684395,0.8264460743694355,10,10,"{""rwh"":10}"
medellin,113,21387861,10,base,hazard_only,59.422431573382255,73.98920839248012,73.80336203460274,0.8051453204194413,10,6,"{""drainage"":2,""rwh"":4}"
medellin,113,21387861,10,base,random_feasible,12.069073527506589,18.10299448304113,17.827804211588045,0.6769803720225798,10,6,"{""rwh"":3,""restoration"":2,""drainage"":1}"
medellin,114,21397834,10,base,ourea_robust,69.86974081333392,85.97827344577627,86.76453682328611,0.8052799377657957,10,6,"{""rwh"":4,""drainage"":2}"
medellin,114,21397834,10,base,deterministic_central,70.64660775078983,85.02846984052348,85.63991167142467,0.8249262098942866,10,4,"{""drainage"":3,""rwh"":1}"
medellin,114,21397834,10,base,greedy_opportunity,50.898363808098566,60.35879465878952,60.77814646846764,0.8374451470728083,10,10,"{""rwh"":10}"
medellin,114,21397834,10,base,hazard_only,59.65716765170873,73.98920839248012,74.15679674749208,0.8044733627700321,10,6,"{""drainage"":2,""rwh"":4}"
medellin,114,21397834,10,base,random_feasible,13.287045408657377,18.10299448304113,18.161487138965185,0.7316055842227936,10,6,"{""rwh"":3,""restoration"":2,""drainage"":1}"
medellin,115,21407807,10,base,ourea_robust,69.96926425190532,85.97827344577627,86.24781732523206,0.8112583764068844,10,6,"{""rwh"":4,""drainage"":2}"
medellin,115,21407807,10,base,deterministic_central,66.84710255345226,85.02846984052348,84.59709021144727,0.7901820545644114,10,4,"{""drainage"":3,""rwh"":1}"
medellin,115,21407807,10,base,greedy_opportunity,49.63668826774938,60.35879465878952,59.22973772777141,0.838036604110707,10,10,"{""rwh"":10}"
medellin,115,21407807,10,base,hazard_only,56.36191493614797,73.98920839248012,73.79648610653567,0.7637479493912701,10,6,"{""drainage"":2,""rwh"":4}"
medellin,115,21407807,10,base,random_feasible,13.412819966791176,18.10299448304113,17.43670000570637,0.7692292671435346,10,6,"{""rwh"":3,""restoration"":2,""drainage"":1}"
medellin,116,21417780,10,base,ourea_robust,71.86263651974878,85.97827344577627,87.1202092674439,0.8248675838133375,10,6,"{""rwh"":4,""drainage"":2}"
medellin,116,21417780,10,base,deterministic_central,68.9052393756092,85.02846984052348,85.43462278461902,0.8065259391303166,10,4,"{""drainage"":3,""rwh"":1}"
medellin,116,21417780,10,base,greedy_opportunity,53.020151375036676,60.35879465878952,60.79745877838195,0.8720784131505396,10,10,"{""rwh"":10}"
medellin,116,21417780,10,base,hazard_only,62.45313930835573,73.98920839248012,72.05688546465808,0.8667199380826316,10,6,"{""drainage"":2,""rwh"":4}"
medellin,116,21417780,10,base,random_feasible,13.51643987680427,18.10299448304113,18.452948776840458,0.7324812982610238,10,6,"{""rwh"":3,""restoration"":2,""drainage"":1}"
medellin,117,21427753,10,base,ourea_robust,66.5673947927944,85.97827344577627,82.72992696089386,0.804635000152491,10,6,"{""rwh"":4,""drainage"":2}"
medellin,117,21427753,10,base,deterministic_central,66.59622103601714,85.02846984052348,82.49005217806734,0.8073242685343325,10,4,"{""drainage"":3,""rwh"":1}"
medellin,117,21427753,10,base,greedy_opportunity,49.644316896141845,60.35879465878952,59.83508631851646,0.8296857237219194,10,10,"{""rwh"":10}"
medellin,117,21427753,10,base,hazard_only,58.865980378928725,73.98920839248012,73.41869874466465,0.8017845778451164,10,6,"{""drainage"":2,""rwh"":4}"
medellin,117,21427753,10,base,random_feasible,13.370821071249338,18.10299448304113,17.52835348234703,0.7628110127237688,10,6,"{""rwh"":3,""restoration"":2,""drainage"":1}"
medellin,118,21437726,10,base,ourea_robust,72.15083597231978,85.97827344577627,88.06698502543986,0.819272238642865,10,6,"{""rwh"":4,""drainage"":2}"
medellin,118,21437726,10,base,deterministic_central,67.83362265205233,85.02846984052348,85.48721827739791,0.793494326039931,10,4,"{""drainage"":3,""rwh"":1}"
medellin,118,21437726,10,base,greedy_opportunity,51.897790626570895,60.35879465878952,60.92226083086325,0.8518690855983375,10,10,"{""rwh"":10}"
medellin,118,21437726,10,base,hazard_only,61.110049404028814,73.98920839248012,73.40657781434356,0.8324873767932004,10,6,"{""drainage"":2,""rwh"":4}"
medellin,118,21437726,10,base,random_feasible,13.646836019522198,18.10299448304113,18.141260291123217,0.7522540220758418,10,6,"{""rwh"":3,""restoration"":2,""drainage"":1}"
medellin,119,21447699,10,base,ourea_robust,68.67766840954346,85.97827344577627,83.45941272548544,0.822887031753242,10,6,"{""rwh"":4,""drainage"":2}"
medellin,119,21447699,10,base,deterministic_central,65.08375691300853,85.02846984052348,85.82934714402609,0.7582925779896078,10,4,"{""drainage"":3,""rwh"":1}"
medellin,119,21447699,10,base,greedy_opportunity,50.80002435726283,60.35879465878952,59.08206229301186,0.859821448095785,10,10,"{""rwh"":10}"
medellin,119,21447699,10,base,hazard_only,60.10377633836197,73.98920839248012,73.07798243830075,0.8224608060178342,10,6,"{""drainage"":2,""rwh"":4}"
medellin,119,21447699,10,base,random_feasible,12.951094245190689,18.10299448304113,18.091324318969782,0.715873200703761,10,6,"{""rwh"":3,""restoration"":2,""drainage"":1}"
medellin,120,21457672,10,base,ourea_robust,71.03608267692061,85.97827344577627,88.07719156502071,0.8065207508856599,10,6,"{""rwh"":4,""drainage"":2}"
medellin,120,21457672,10,base,deterministic_central,68.21895435683064,85.02846984052348,85.63745123906529,0.7966018765130081,10,4,"{""drainage"":3,""rwh"":1}"
medellin,120,21457672,10,base,greedy_opportunity,52.00687161477117,60.35879465878952,62.18284312823016,0.8363540326955679,10,10,"{""rwh"":10}"
medellin,120,21457672,10,base,hazard_only,61.16890992370418,73.98920839248012,74.55916120340271,0.820407699555941,10,6,"{""drainage"":2,""rwh"":4}"
medellin,120,21457672,10,base,random_feasible,13.549085140367879,18.10299448304113,18.63614461336192,0.7270326251199686,10,6,"{""rwh"":3,""restoration"":2,""drainage"":1}"
medellin,121,21467645,10,base,ourea_robust,69.80297373170379,85.97827344577627,84.5356233122211,0.8257225888534088,10,6,"{""rwh"":4,""drainage"":2}"
medellin,121,21467645,10,base,deterministic_central,64.36824087531932,85.02846984052348,84.98357100368594,0.7574198179143062,10,4,"{""drainage"":3,""rwh"":1}"
medellin,121,21467645,10,base,greedy_opportunity,50.40487628326082,60.35879465878952,59.08396703258268,0.8531058223538773,10,10,"{""rwh"":10}"
medellin,121,21467645,10,base,hazard_only,60.26258602868256,73.98920839248012,72.84499391371946,0.8272714814151813,10,6,"{""drainage"":2,""rwh"":4}"
medellin,121,21467645,10,base,random_feasible,12.261151688205246,18.10299448304113,17.933575258610745,0.6836981199450509,10,6,"{""rwh"":3,""restoration"":2,""drainage"":1}"
medellin,122,21477618,10,base,ourea_robust,70.88017110650071,85.97827344577627,85.62119831097652,0.8278343740187291,10,6,"{""rwh"":4,""drainage"":2}"
medellin,122,21477618,10,base,deterministic_central,68.01499592933169,85.02846984052348,85.09815509902455,0.7992534720662977,10,4,"{""drainage"":3,""rwh"":1}"
medellin,122,21477618,10,base,greedy_opportunity,51.577640765909564,60.35879465878952,60.65989087239723,0.8502758581351081,10,10,"{""rwh"":10}"
medellin,122,21477618,10,base,hazard_only,59.7594492048479,73.98920839248012,73.66640660151688,0.8112171064363736,10,6,"{""drainage"":2,""rwh"":4}"
medellin,122,21477618,10,base,random_feasible,13.267662706155079,18.10299448304113,17.86802185259876,0.7425367405304245,10,6,"{""rwh"":3,""restoration"":2,""drainage"":1}"
medellin,123,21487591,10,base,ourea_robust,70.25228858228229,85.97827344577627,84.81461379357506,0.8283040556343851,10,6,"{""rwh"":4,""drainage"":2}"
medellin,123,21487591,10,base,deterministic_central,66.83705617068426,85.02846984052348,85.19630124691639,0.784506547731183,10,4,"{""drainage"":3,""rwh"":1}"
medellin,123,21487591,10,base,greedy_opportunity,50.22522562234235,60.35879465878952,59.15873786731072,0.8489908242294542,10,10,"{""rwh"":10}"
medellin,123,21487591,10,base,hazard_only,58.67616009895755,73.98920839248012,71.61103197066859,0.8193731955013708,10,6,"{""drainage"":2,""rwh"":4}"
medellin,123,21487591,10,base,random_feasible,13.041822497938028,18.10299448304113,17.465052933816423,0.7467382175914287,10,6,"{""rwh"":3,""restoration"":2,""drainage"":1}"
medellin,124,21497564,10,base,ourea_robust,70.38095477097067,85.97827344577627,86.27070422089037,0.8158152342278898,10,6,"{""rwh"":4,""drainage"":2}"
medellin,124,21497564,10,base,deterministic_central,64.90773979313508,85.02846984052348,85.57140646102744,0.7585213621876906,10,4,"{""drainage"":3,""rwh"":1}"
medellin,124,21497564,10,base,greedy_opportunity,52.30159336549468,60.35879465878952,60.659466832993985,0.862216502981967,10,10,"{""rwh"":10}"
medellin,124,21497564,10,base,hazard_only,62.15412263816961,73.98920839248012,75.43235107171768,0.8239717012012031,10,6,"{""drainage"":2,""rwh"":4}"
medellin,124,21497564,10,base,random_feasible,13.478650135196403,18.10299448304113,18.467095080258332,0.7298738689879455,10,6,"{""rwh"":3,""restoration"":2,""drainage"":1}"
medellin,125,21507537,10,base,ourea_robust,65.5409883657685,85.97827344577627,83.38608879812864,0.7859942744699087,10,6,"{""rwh"":4,""drainage"":2}"
medellin,125,21507537,10,base,deterministic_central,64.13507800375282,85.02846984052348,83.7514263381263,0.7657789342574637,10,4,"{""drainage"":3,""rwh"":1}"
medellin,125,21507537,10,base,greedy_opportunity,48.996505154648275,60.35879465878952,59.17233116468606,0.8280306722796364,10,10,"{""rwh"":10}"
medellin,125,21507537,10,base,hazard_only,59.05147864366609,73.98920839248012,72.8957173304666,0.8100815906092422,10,6,"{""drainage"":2,""rwh"":4}"
medellin,125,21507537,10,base,random_feasible,13.247319236002113,18.10299448304113,18.02206477158552,0.7350611266744803,10,6,"{""rwh"":3,""restoration"":2,""drainage"":1}"
medellin,126,21517510,10,base,ourea_robust,72.804771016406,85.97827344577627,89.04078051752094,0.8176564782255011,10,6,"{""rwh"":4,""drainage"":2}"
medellin,126,21517510,10,base,deterministic_central,68.66218210222587,85.02846984052348,87.04905676976296,0.7887757162473484,10,4,"{""drainage"":3,""rwh"":1}"
medellin,126,21517510,10,base,greedy_opportunity,52.88143464394625,60.35879465878952,61.2428609845424,0.8634710037026754,10,10,"{""rwh"":10}"
medellin,126,21517510,10,base,hazard_only,61.941980056601096,73.98920839248012,73.58067527342519,0.8418240227671899,10,6,"{""drainage"":2,""rwh"":4}"
medellin,126,21517510,10,base,random_feasible,13.230955997906676,18.10299448304113,18.351493070664674,0.7209743614298443,10,6,"{""rwh"":3,""restoration"":2,""drainage"":1}"
medellin,127,21527483,10,base,ourea_robust,69.94171383082858,85.97827344577627,83.92991967840453,0.833334692786854,10,6,"{""rwh"":4,""drainage"":2}"
medellin,127,21527483,10,base,deterministic_central,68.18543378336062,85.02846984052348,84.34874433112282,0.8083752084760046,10,4,"{""drainage"":3,""rwh"":1}"
medellin,127,21527483,10,base,greedy_opportunity,50.4685139676435,60.35879465878952,59.64606128597188,0.8461332211975103,10,10,"{""rwh"":10}"
medellin,127,21527483,10,base,hazard_only,59.64932640669622,73.98920839248012,74.76760881931114,0.7977963632734215,10,6,"{""drainage"":2,""rwh"":4}"
medellin,127,21527483,10,base,random_feasible,13.657046444976913,18.10299448304113,18.467033185952914,0.7395365734960203,10,6,"{""rwh"":3,""restoration"":2,""drainage"":1}"
medellin,128,21537456,10,base,ourea_robust,70.0492823453992,85.97827344577627,86.18010646468338,0.8128242725495519,10,6,"{""rwh"":4,""drainage"":2}"
medellin,128,21537456,10,base,deterministic_central,66.27562012126418,85.02846984052348,85.48471191543194,0.7752920801421093,10,4,"{""drainage"":3,""rwh"":1}"
medellin,128,21537456,10,base,greedy_opportunity,52.41768730657259,60.35879465878952,61.659715223260264,0.8501123807785403,10,10,"{""rwh"":10}"
medellin,128,21537456,10,base,hazard_only,60.543249255701994,73.98920839248012,75.20963230750158,0.8049932887341515,10,6,"{""drainage"":2,""rwh"":4}"
medellin,128,21537456,10,base,random_feasible,13.364132790484291,18.10299448304113,18.736174144269626,0.7132797062826004,10,6,"{""rwh"":3,""restoration"":2,""drainage"":1}"
medellin,129,21547429,10,base,ourea_robust,67.87871890991255,85.97827344577627,84.78913236572089,0.8005591874337307,10,6,"{""rwh"":4,""drainage"":2}"
medellin,129,21547429,10,base,deterministic_central,66.5747409064893,85.02846984052348,85.2781569431495,0.7806775297790641,10,4,"{""drainage"":3,""rwh"":1}"
medellin,129,21547429,10,base,greedy_opportunity,49.64429763181215,60.35879465878952,59.166549878666956,0.8390602077291625,10,10,"{""rwh"":10}"
medellin,129,21547429,10,base,hazard_only,59.89884206729539,73.98920839248012,73.00134019891175,0.8205170193325891,10,6,"{""drainage"":2,""rwh"":4}"
medellin,129,21547429,10,base,random_feasible,12.589800105496124,18.10299448304113,17.93441755592721,0.7019910218012781,10,6,"{""rwh"":3,""restoration"":2,""drainage"":1}"
medellin,130,21557402,10,base,ourea_robust,71.00953465195289,85.97827344577627,86.61169475526049,0.8198608150158616,10,6,"{""rwh"":4,""drainage"":2}"
medellin,130,21557402,10,base,deterministic_central,67.15655734000165,85.02846984052348,86.19768003415038,0.7790993599061496,10,4,"{""drainage"":3,""rwh"":1}"
medellin,130,21557402,10,base,greedy_opportunity,50.836727586081906,60.35879465878952,60.43556351787356,0.841172392990878,10,10,"{""rwh"":10}"
medellin,130,21557402,10,base,hazard_only,60.84399286658436,73.98920839248012,73.24729979058066,0.8306653356579935,10,6,"{""drainage"":2,""rwh"":4}"
medellin,130,21557402,10,base,random_feasible,13.000772663598582,18.10299448304113,18.00842707196398,0.7219271628580237,10,6,"{""rwh"":3,""restoration"":2,""drainage"":1}"
medellin,131,21567375,10,base,ourea_robust,65.08727297470887,85.97827344577627,83.90395606958873,0.7757354482871632,10,6,"{""rwh"":4,""drainage"":2}"
medellin,131,21567375,10,base,deterministic_central,64.50666404362664,85.02846984052348,83.9885866187301,0.7680408331724583,10,4,"{""drainage"":3,""rwh"":1}"
medellin,131,21567375,10,base,greedy_opportunity,49.31488243206422,60.35879465878952,58.8011958634097,0.8386714199932022,10,10,"{""rwh"":10}"
medellin,131,21567375,10,base,hazard_only,59.68626105706562,73.98920839248012,71.357377609801,0.8364413471504544,10,6,"{""drainage"":2,""rwh"":4}"
medellin,131,21567375,10,base,random_feasible,13.275957753726743,18.10299448304113,17.524202095698456,0.7575784438702348,10,6,"{""rwh"":3,""restoration"":2,""drainage"":1}"
medellin,132,21577348,10,base,ourea_robust,72.202720964337,85.97827344577627,86.96889916229566,0.8302131182504336,10,6,"{""rwh"":4,""drainage"":2}"
medellin,132,21577348,10,base,deterministic_central,66.25569139209938,85.02846984052348,83.77701963614982,0.7908575845721543,10,4,"{""drainage"":3,""rwh"":1}"
medellin,132,21577348,10,base,greedy_opportunity,51.37193422081509,60.35879465878952,60.38189352455902,0.8507837568876616,10,10,"{""rwh"":10}"
medellin,132,21577348,10,base,hazard_only,59.72888782286418,73.98920839248012,74.39113626914468,0.8029032868481405,10,6,"{""drainage"":2,""rwh"":4}"
medellin,132,21577348,10,base,random_feasible,13.1314615974552,18.10299448304113,17.874868163669817,0.7346326404881989,10,6,"{""rwh"":3,""restoration"":2,""drainage"":1}"
medellin,133,21587321,10,base,ourea_robust,65.89979870729258,85.97827344577627,83.60717198902512,0.7882074843524556,10,6,"{""rwh"":4,""drainage"":2}"
medellin,133,21587321,10,base,deterministic_central,64.28680428161852,85.02846984052348,84.2785923839233,0.7627892500715479,10,4,"{""drainage"":3,""rwh"":1}"
medellin,133,21587321,10,base,greedy_opportunity,48.70702586974312,60.35879465878952,59.04271199432878,0.8249456067401099,10,10,"{""rwh"":10}"
medellin,133,21587321,10,base,hazard_only,59.52514377764828,73.98920839248012,72.49480283611638,0.821095326132721,10,6,"{""drainage"":2,""rwh"":4}"
medellin,133,21587321,10,base,random_feasible,12.7966633013516,18.10299448304113,17.56352454046055,0.7285931290084927,10,6,"{""rwh"":3,""restoration"":2,""drainage"":1}"
medellin,134,21597294,10,base,ourea_robust,71.97283632905283,85.97827344577627,85.96467361278292,0.8372373593046538,10,6,"{""rwh"":4,""drainage"":2}"
medellin,134,21597294,10,base,deterministic_central,66.5971813858614,85.02846984052348,85.36340728018558,0.7801607680357885,10,4,"{""drainage"":3,""rwh"":1}"
medellin,134,21597294,10,base,greedy_opportunity,51.90735334585406,60.35879465878952,60.79081454438574,0.8538683637468697,10,10,"{""rwh"":10}"
medellin,134,21597294,10,base,hazard_only,62.82068461907738,73.98920839248012,75.29893447786071,0.834283845511092,10,6,"{""drainage"":2,""rwh"":4}"
medellin,134,21597294,10,base,random_feasible,13.983447537347729,18.10299448304113,18.605670303195893,0.7515691350795244,10,6,"{""rwh"":3,""restoration"":2,""drainage"":1}"
medellin,135,21607267,10,base,ourea_robust,69.72472856857212,85.97827344577627,86.40522328244288,0.8069503893376299,10,6,"{""rwh"":4,""drainage"":2}"
medellin,135,21607267,10,base,deterministic_central,66.84719798969127,85.02846984052348,85.77007553470412,0.7793766948782,10,4,"{""drainage"":3,""rwh"":1}"
medellin,135,21607267,10,base,greedy_opportunity,49.97152733024086,60.35879465878952,59.683397215849254,0.8372768585795355,10,10,"{""rwh"":10}"
medellin,135,21607267,10,base,hazard_only,59.575838515735995,73.98920839248012,74.07222086151114,0.8042939420855457,10,6,"{""drainage"":2,""rwh"":4}"
medellin,135,21607267,10,base,random_feasible,13.382485726138384,18.10299448304113,18.43327933964565,0.7259959272334034,10,6,"{""rwh"":3,""restoration"":2,""drainage"":1}"
medellin,136,21617240,10,base,ourea_robust,69.13001266404262,85.97827344577627,85.96835076434627,0.8041332891628878,10,6,"{""rwh"":4,""drainage"":2}"
medellin,136,21617240,10,base,deterministic_central,64.09454151714499,85.02846984052348,84.68119831229751,0.7568922357566249,10,4,"{""drainage"":3,""rwh"":1}"
medellin,136,21617240,10,base,greedy_opportunity,52.31940537894843,60.35879465878952,61.09028312103328,0.8564276134601011,10,10,"{""rwh"":10}"
medellin,136,21617240,10,base,hazard_only,61.154014019492024,73.98920839248012,74.54674593179834,0.8203445134337706,10,6,"{""drainage"":2,""rwh"":4}"
medellin,136,21617240,10,base,random_feasible,13.05167733059534,18.10299448304113,18.44491395387604,0.7076030478229822,10,6,"{""rwh"":3,""restoration"":2,""drainage"":1}"
medellin,137,21627213,10,base,ourea_robust,65.67756718582632,85.97827344577627,83.67163674014319,0.7849442146064314,10,6,"{""rwh"":4,""drainage"":2}"
medellin,137,21627213,10,base,deterministic_central,66.26952889502536,85.02846984052348,85.44723652505081,0.7755608208066147,10,4,"{""drainage"":3,""rwh"":1}"
medellin,137,21627213,10,base,greedy_opportunity,49.7262935538065,60.35879465878952,59.35188298703042,0.8378216671688865,10,10,"{""rwh"":10}"
medellin,137,21627213,10,base,hazard_only,59.42439618780918,73.98920839248012,73.46760321968804,0.8088517058343953,10,6,"{""drainage"":2,""rwh"":4}"
medellin,137,21627213,10,base,random_feasible,12.573506851409093,18.10299448304113,17.934695709378502,0.7010716577050198,10,6,"{""rwh"":3,""restoration"":2,""drainage"":1}"
medellin,138,21637186,10,base,ourea_robust,70.13291711764623,85.97827344577627,87.7250046669501,0.7994632474960518,10,6,"{""rwh"":4,""drainage"":2}"
medellin,138,21637186,10,base,deterministic_central,66.04880186822629,85.02846984052348,84.19529177898085,0.7844714410113276,10,4,"{""drainage"":3,""rwh"":1}"
medellin,138,21637186,10,base,greedy_opportunity,51.68459650687964,60.35879465878952,60.519384686878766,0.8540172173641647,10,10,"{""rwh"":10}"
medellin,138,21637186,10,base,hazard_only,63.72027886209571,73.98920839248012,73.60779741575425,0.8656729463345915,10,6,"{""drainage"":2,""rwh"":4}"
medellin,138,21637186,10,base,random_feasible,13.090451683918673,18.10299448304113,17.93960793141332,0.7296955281278201,10,6,"{""rwh"":3,""restoration"":2,""drainage"":1}"
medellin,139,21647159,10,base,ourea_robust,67.5998309180809,85.97827344577627,81.81116239345602,0.826291045627389,10,6,"{""rwh"":4,""drainage"":2}"
medellin,139,21647159,10,base,deterministic_central,67.3937507343926,85.02846984052348,82.48943232990905,0.8169986000734902,10,4,"{""drainage"":3,""rwh"":1}"
medellin,139,21647159,10,base,greedy_opportunity,50.79897425571198,60.35879465878952,58.829955021634305,0.8634882388917519,10,10,"{""rwh"":10}"
medellin,139,21647159,10,base,hazard_only,58.586661204975826,73.98920839248012,72.32115683094253,0.8100902111110809,10,6,"{""drainage"":2,""rwh"":4}"
medellin,139,21647159,10,base,random_feasible,13.319250066034783,18.10299448304113,17.485824212680654,0.7617170288361765,10,6,"{""rwh"":3,""restoration"":2,""drainage"":1}"
medellin,140,21657132,10,base,ourea_robust,68.59219242222616,85.97827344577627,86.70739054794149,0.7910766543516353,10,6,"{""rwh"":4,""drainage"":2}"
medellin,140,21657132,10,base,deterministic_central,64.85679222255658,85.02846984052348,84.71705137459003,0.7655695184170407,10,4,"{""drainage"":3,""rwh"":1}"
medellin,140,21657132,10,base,greedy_opportunity,51.32500687346919,60.35879465878952,60.72547947425892,0.8451972272236316,10,10,"{""rwh"":10}"
medellin,140,21657132,10,base,hazard_only,61.30582962708468,73.98920839248012,75.60114737511321,0.8109113651794345,10,6,"{""drainage"":2,""rwh"":4}"
medellin,140,21657132,10,base,random_feasible,13.301210100534263,18.10299448304113,17.979167740007597,0.7398123368600733,10,6,"{""rwh"":3,""restoration"":2,""drainage"":1}"
medellin,141,21667105,10,base,ourea_robust,68.46221159210609,85.97827344577627,83.88495092723406,0.8161441454676844,10,6,"{""rwh"":4,""drainage"":2}"
medellin,141,21667105,10,base,deterministic_central,67.34184396492265,85.02846984052348,84.40954653931249,0.7977989069466116,10,4,"{""drainage"":3,""rwh"":1}"
medellin,141,21667105,10,base,greedy_opportunity,49.85064803339128,60.35879465878952,59.43116667500408,0.8387963895441711,10,10,"{""rwh"":10}"
medellin,141,21667105,10,base,hazard_only,58.990199039405525,73.98920839248012,73.14463165033658,0.8064870614347277,10,6,"{""drainage"":2,""rwh"":4}"
medellin,141,21667105,10,base,random_feasible,12.95004626769014,18.10299448304113,17.716142083004797,0.7309743965145323,10,6,"{""rwh"":3,""restoration"":2,""drainage"":1}"
medellin,142,21677078,10,base,ourea_robust,68.64110395978514,85.97827344577627,86.23545103853257,0.7959731541163303,10,6,"{""rwh"":4,""drainage"":2}"
medellin,142,21677078,10,base,deterministic_central,64.51618120442527,85.02846984052348,85.04921381909071,0.7585746923147164,10,4,"{""drainage"":3,""rwh"":1}"
medellin,142,21677078,10,base,greedy_opportunity,50.67936563471267,60.35879465878952,61.258847889165736,0.8272987067338535,10,10,"{""rwh"":10}"
medellin,142,21677078,10,base,hazard_only,59.59617090801794,73.98920839248012,74.77155269335117,0.7970433776122098,10,6,"{""drainage"":2,""rwh"":4}"
medellin,142,21677078,10,base,random_feasible,13.228990756699204,18.10299448304113,18.358274521920976,0.7206009879034616,10,6,"{""rwh"":3,""restoration"":2,""drainage"":1}"
medellin,143,21687051,10,base,ourea_robust,67.29630696111235,85.97827344577627,85.01892710745096,0.7915450035738522,10,6,"{""rwh"":4,""drainage"":2}"
medellin,143,21687051,10,base,deterministic_central,67.72994316305949,85.02846984052348,84.67993813334488,0.7998345848624221,10,4,"{""drainage"":3,""rwh"":1}"
medellin,143,21687051,10,base,greedy_opportunity,50.05778771793484,60.35879465878952,59.033801907361976,0.8479512770749099,10,10,"{""rwh"":10}"
medellin,143,21687051,10,base,hazard_only,62.171606287704435,73.98920839248012,74.64727202460381,0.8328717795234717,10,6,"{""drainage"":2,""rwh"":4}"
medellin,143,21687051,10,base,random_feasible,13.168726265508212,18.10299448304113,18.616865706852877,0.707354635998733,10,6,"{""rwh"":3,""restoration"":2,""drainage"":1}"
medellin,144,21697024,10,base,ourea_robust,70.20722358338844,85.97827344577627,86.61091700558927,0.8106047829843177,10,6,"{""rwh"":4,""drainage"":2}"
medellin,144,21697024,10,base,deterministic_central,68.29036673621977,85.02846984052348,85.49689246193066,0.7987467704352825,10,4,"{""drainage"":3,""rwh"":1}"
medellin,144,21697024,10,base,greedy_opportunity,52.622159833173555,60.35879465878952,61.116487249936654,0.8610141420264316,10,10,"{""rwh"":10}"
medellin,144,21697024,10,base,hazard_only,59.90185907492196,73.98920839248012,75.03529063624728,0.79831581335923,10,6,"{""drainage"":2,""rwh"":4}"
medellin,144,21697024,10,base,random_feasible,13.77628818326366,18.10299448304113,18.36913764378687,0.7499692391887169,10,6,"{""rwh"":3,""restoration"":2,""drainage"":1}"
medellin,145,21706997,10,base,ourea_robust,66.62398400908842,85.97827344577627,84.35878405882431,0.7897693731885795,10,6,"{""rwh"":4,""drainage"":2}"
medellin,145,21706997,10,base,deterministic_central,64.42542145667085,85.02846984052348,83.20786769054712,0.7742707900684485,10,4,"{""drainage"":3,""rwh"":1}"
medellin,145,21706997,10,base,greedy_opportunity,50.46278819777581,60.35879465878952,59.55149723903696,0.8473806795355707,10,10,"{""rwh"":10}"
medellin,145,21706997,10,base,hazard_only,58.666478855128844,73.98920839248012,72.03465136028171,0.8144202511886692,10,6,"{""drainage"":2,""rwh"":4}"
medellin,145,21706997,10,base,random_feasible,12.874586230516343,18.10299448304113,17.641786382141618,0.7297779233711273,10,6,"{""rwh"":3,""restoration"":2,""drainage"":1}"
medellin,146,21716970,10,base,ourea_robust,70.999602280624,85.97827344577627,87.83595608087307,0.8083204811393256,10,6,"{""rwh"":4,""drainage"":2}"
medellin,146,21716970,10,base,deterministic_central,64.92606437681297,85.02846984052348,83.63523039455413,0.7763004187412462,10,4,"{""drainage"":3,""rwh"":1}"
medellin,146,21716970,10,base,greedy_opportunity,52.14624724607165,60.35879465878952,60.375175459243565,0.8637034484690339,10,10,"{""rwh"":10}"
medellin,146,21716970,10,base,hazard_only,62.11906460197633,73.98920839248012,75.0575673448352,0.8276189436913693,10,6,"{""drainage"":2,""rwh"":4}"
medellin,146,21716970,10,base,random_feasible,12.697832317244774,18.10299448304113,18.332660855971426,0.6926344417214678,10,6,"{""rwh"":3,""restoration"":2,""drainage"":1}"
medellin,147,21726943,10,base,ourea_robust,68.73115912163394,85.97827344577627,84.14828125091617,0.8167862504129949,10,6,"{""rwh"":4,""drainage"":2}"
medellin,147,21726943,10,base,deterministic_central,66.87062991953826,85.02846984052348,85.73241736871114,0.7799923526237035,10,4,"{""drainage"":3,""rwh"":1}"
medellin,147,21726943,10,base,greedy_opportunity,50.42075797853204,60.35879465878952,58.281176033047814,0.8651293849997365,10,10,"{""rwh"":10}"
medellin,147,21726943,10,base,hazard_only,58.82647406664228,73.98920839248012,72.9774972541104,0.8060905934031455,10,6,"{""drainage"":2,""rwh"":4}"
medellin,147,21726943,10,base,random_feasible,13.179988461414723,18.10299448304113,17.659405951696044,0.7463438179894659,10,6,"{""rwh"":3,""restoration"":2,""drainage"":1}"
medellin,148,21736916,10,base,ourea_robust,66.70029183534052,85.97827344577627,86.15187397888303,0.7742175388046655,10,6,"{""rwh"":4,""drainage"":2}"
medellin,148,21736916,10,base,deterministic_central,65.61879331905448,85.02846984052348,84.12357089752595,0.7800286247832627,10,4,"{""drainage"":3,""rwh"":1}"
medellin,148,21736916,10,base,greedy_opportunity,51.73270590640368,60.35879465878952,61.47900026448451,0.8414695373029493,10,10,"{""rwh"":10}"
medellin,148,21736916,10,base,hazard_only,61.21497885657527,73.98920839248012,73.76220931353873,0.8298962222832923,10,6,"{""drainage"":2,""rwh"":4}"
medellin,148,21736916,10,base,random_feasible,13.494449700251153,18.10299448304113,17.884244427652902,0.7545440208469651,10,6,"{""rwh"":3,""restoration"":2,""drainage"":1}"
medellin,149,21746889,10,base,ourea_robust,70.18036698005062,85.97827344577627,86.71886671667608,0.8092860254890174,10,6,"{""rwh"":4,""drainage"":2}"
medellin,149,21746889,10,base,deterministic_central,67.34949750225314,85.02846984052348,84.56542738440385,0.7964188154114883,10,4,"{""drainage"":3,""rwh"":1}"
medellin,149,21746889,10,base,greedy_opportunity,50.566388873699,60.35879465878952,59.72465952367929,0.8466584703367078,10,10,"{""rwh"":10}"
medellin,149,21746889,10,base,hazard_only,60.99829546895944,73.98920839248012,72.63032718885552,0.8398460784893599,10,6,"{""drainage"":2,""rwh"":4}"
medellin,149,21746889,10,base,random_feasible,13.222633972733547,18.10299448304113,18.53185669181994,0.7135083220544268,10,6,"{""rwh"":3,""restoration"":2,""drainage"":1}"
medellin,150,21756862,10,base,ourea_robust,70.5631670006519,85.97827344577627,86.63585776395757,0.8144799257705017,10,6,"{""rwh"":4,""drainage"":2}"
medellin,150,21756862,10,base,deterministic_central,64.65720693237108,85.02846984052348,83.97153683083843,0.7699895628041645,10,4,"{""drainage"":3,""rwh"":1}"
medellin,150,21756862,10,base,greedy_opportunity,50.66942234231283,60.35879465878952,61.52056173843812,0.8236176801788615,10,10,"{""rwh"":10}"
medellin,150,21756862,10,base,hazard_only,61.83427588030054,73.98920839248012,74.36877718655842,0.8314547881456441,10,6,"{""drainage"":2,""rwh"":4}"
medellin,150,21756862,10,base,random_feasible,13.575853476493194,18.10299448304113,18.245501901616535,0.744065773016109,10,6,"{""rwh"":3,""restoration"":2,""drainage"":1}"
medellin,151,21766835,10,base,ourea_robust,67.6598076309856,85.97827344577627,85.1316987691198,0.7947663280452256,10,6,"{""rwh"":4,""drainage"":2}"
medellin,151,21766835,10,base,deterministic_central,67.08910475059338,85.02846984052348,84.54703631602888,0.7935121995266706,10,4,"{""drainage"":3,""rwh"":1}"
medellin,151,21766835,10,base,greedy_opportunity,50.02242305673553,60.35879465878952,60.033454030485245,0.8332424623000024,10,10,"{""rwh"":10}"
medellin,151,21766835,10,base,hazard_only,60.43731359957519,73.98920839248012,73.06411386355421,0.8271819146734699,10,6,"{""drainage"":2,""rwh"":4}"
medellin,151,21766835,10,base,random_feasible,13.395966198526821,18.10299448304113,18.497265556943603,0.7242133253311148,10,6,"{""rwh"":3,""restoration"":2,""drainage"":1}"
medellin,152,21776808,10,base,ourea_robust,69.18600885299884,85.97827344577627,87.46101524917594,0.7910496883198564,10,6,"{""rwh"":4,""drainage"":2}"
medellin,152,21776808,10,base,deterministic_central,66.57890110965673,85.02846984052348,85.34915347804144,0.7800768771161403,10,4,"{""drainage"":3,""rwh"":1}"
medellin,152,21776808,10,base,greedy_opportunity,51.53811186864459,60.35879465878952,61.02776821903808,0.8445026481005556,10,10,"{""rwh"":10}"
medellin,152,21776808,10,base,hazard_only,62.145378216241625,73.98920839248012,74.4601133849219,0.834612994677846,10,6,"{""drainage"":2,""rwh"":4}"
medellin,152,21776808,10,base,random_feasible,13.415411770338324,18.10299448304113,18.515946678804085,0.7245328582467491,10,6,"{""rwh"":3,""restoration"":2,""drainage"":1}"
medellin,153,21786781,10,base,ourea_robust,68.11209431268526,85.97827344577627,84.45536484984086,0.8064862952612489,10,6,"{""rwh"":4,""drainage"":2}"
medellin,153,21786781,10,base,deterministic_central,68.84050820063203,85.02846984052348,84.53290337863882,0.814363466167516,10,4,"{""drainage"":3,""rwh"":1}"
medellin,153,21786781,10,base,greedy_opportunity,49.47679317816255,60.35879465878952,59.10046909950552,0.8371641364615923,10,10,"{""rwh"":10}"
medellin,153,21786781,10,base,hazard_only,59.55412084606678,73.98920839248012,73.41187622947382,0.8112327855497127,10,6,"{""drainage"":2,""rwh"":4}"
medellin,153,21786781,10,base,random_feasible,13.07753281045143,18.10299448304113,17.733763177869605,0.7374369827364787,10,6,"{""rwh"":3,""restoration"":2,""drainage"":1}"
medellin,154,21796754,10,base,ourea_robust,68.77100183183757,85.97827344577627,85.34694624830627,0.8057816343159712,10,6,"{""rwh"":4,""drainage"":2}"
medellin,154,21796754,10,base,deterministic_central,63.70517014742791,85.02846984052348,83.61850581397812,0.7618549210763177,10,4,"{""drainage"":3,""rwh"":1}"
medellin,154,21796754,10,base,greedy_opportunity,51.07971843659516,60.35879465878952,61.04158260222539,0.8368020005223938,10,10,"{""rwh"":10}"
medellin,154,21796754,10,base,hazard_only,61.36026756097726,73.98920839248012,74.40640944258666,0.824663735566006,10,6,"{""drainage"":2,""rwh"":4}"
medellin,154,21796754,10,base,random_feasible,12.611704824565095,18.10299448304113,18.14509828870905,0.6950474791537966,10,6,"{""rwh"":3,""restoration"":2,""drainage"":1}"
medellin,155,21806727,10,base,ourea_robust,70.25138308968008,85.97827344577627,87.05223098935448,0.8070026728926802,10,6,"{""rwh"":4,""drainage"":2}"
medellin,155,21806727,10,base,deterministic_central,67.43337122629828,85.02846984052348,86.00340736746148,0.7840779021484562,10,4,"{""drainage"":3,""rwh"":1}"
medellin,155,21806727,10,base,greedy_opportunity,51.09678879901048,60.35879465878952,59.09515761334342,0.8646527205043457,10,10,"{""rwh"":10}"
medellin,155,21806727,10,base,hazard_only,59.686828738330405,73.98920839248012,73.51611740872431,0.8118876627623325,10,6,"{""drainage"":2,""rwh"":4}"
medellin,155,21806727,10,base,random_feasible,13.075084264458837,18.10299448304113,17.920775270038575,0.729604833911334,10,6,"{""rwh"":3,""restoration"":2,""drainage"":1}"
medellin,156,21816700,10,base,ourea_robust,69.06668086876289,85.97827344577627,84.51697080150052,0.817193046719283,10,6,"{""rwh"":4,""drainage"":2}"
medellin,156,21816700,10,base,deterministic_central,65.8427421035185,85.02846984052348,85.1751440671901,0.7730276575943176,10,4,"{""drainage"":3,""rwh"":1}"
medellin,156,21816700,10,base,greedy_opportunity,51.199070050218324,60.35879465878952,60.38999045304399,0.8478072221261231,10,10,"{""rwh"":10}"
medellin,156,21816700,10,base,hazard_only,60.61055434443915,73.98920839248012,72.8077260412133,0.8324742117358553,10,6,"{""drainage"":2,""rwh"":4}"
medellin,156,21816700,10,base,random_feasible,13.229120409952884,18.10299448304113,17.613457017897872,0.7510802902865772,10,6,"{""rwh"":3,""restoration"":2,""drainage"":1}"
medellin,157,21826673,10,base,ourea_robust,69.08610049321715,85.97827344577627,86.8145832050077,0.7957891167901394,10,6,"{""rwh"":4,""drainage"":2}"
medellin,157,21826673,10,base,deterministic_central,69.14009260593002,85.02846984052348,86.03603774817884,0.8036178142965857,10,4,"{""drainage"":3,""rwh"":1}"
medellin,157,21826673,10,base,greedy_opportunity,49.97404691314159,60.35879465878952,59.358063543355,0.8419083091657911,10,10,"{""rwh"":10}"
medellin,157,21826673,10,base,hazard_only,59.71610875078204,73.98920839248012,73.72791909410353,0.809952450638986,10,6,"{""drainage"":2,""rwh"":4}"
medellin,157,21826673,10,base,random_feasible,12.949327099490802,18.10299448304113,17.8012001494958,0.7274412393962987,10,6,"{""rwh"":3,""restoration"":2,""drainage"":1}"
medellin,158,21836646,10,base,ourea_robust,69.38648183768919,85.97827344577627,85.15323218199364,0.8148426085505834,10,6,"{""rwh"":4,""drainage"":2}"
medellin,158,21836646,10,base,deterministic_central,65.77352354264622,85.02846984052348,83.51425173852613,0.7875724463002535,10,4,"{""drainage"":3,""rwh"":1}"
medellin,158,21836646,10,base,greedy_opportunity,51.26870277053058,60.35879465878952,61.02220563399942,0.8401646947675302,10,10,"{""rwh"":10}"
medellin,158,21836646,10,base,hazard_only,61.9870236206948,73.98920839248012,74.52066826001601,0.8318098195846947,10,6,"{""drainage"":2,""rwh"":4}"
medellin,158,21836646,10,base,random_feasible,13.349954674253695,18.10299448304113,17.955585879396494,0.743498695276347,10,6,"{""rwh"":3,""restoration"":2,""drainage"":1}"
medellin,159,21846619,10,base,ourea_robust,69.47161026781714,85.97827344577627,84.73663283584347,0.8198533260390629,10,6,"{""rwh"":4,""drainage"":2}"
medellin,159,21846619,10,base,deterministic_central,68.24130590487084,85.02846984052348,84.51683109279384,0.807428591707922,10,4,"{""drainage"":3,""rwh"":1}"
medellin,159,21846619,10,base,greedy_opportunity,51.144232836541505,60.35879465878952,60.851061359508094,0.8404821821328861,10,10,"{""rwh"":10}"
medellin,159,21846619,10,base,hazard_only,60.22975584375945,73.98920839248012,73.9152905574274,0.8148483945546399,10,6,"{""drainage"":2,""rwh"":4}"
medellin,159,21846619,10,base,random_feasible,13.336374207261088,18.10299448304113,18.31023456876528,0.7283562729453554,10,6,"{""rwh"":3,""restoration"":2,""drainage"":1}"
medellin,160,21856592,10,base,ourea_robust,70.6077273459241,85.97827344577627,86.70297974659343,0.8143633304448028,10,6,"{""rwh"":4,""drainage"":2}"
medellin,160,21856592,10,base,deterministic_central,65.12766462417494,85.02846984052348,84.88282173443667,0.7672655467078195,10,4,"{""drainage"":3,""rwh"":1}"
medellin,160,21856592,10,base,greedy_opportunity,51.0562015464634,60.35879465878952,60.998925368292475,0.8370016559833142,10,10,"{""rwh"":10}"
medellin,160,21856592,10,base,hazard_only,60.452630938272705,73.98920839248012,75.82009786338676,0.7973167094455182,10,6,"{""drainage"":2,""rwh"":4}"
medellin,160,21856592,10,base,random_feasible,13.349723275333417,18.10299448304113,19.07483870699116,0.6998603490387881,10,6,"{""rwh"":3,""restoration"":2,""drainage"":1}"
medellin,161,21866565,10,base,ourea_robust,71.13292421902588,85.97827344577627,86.69515420016387,0.8204948116799292,10,6,"{""rwh"":4,""drainage"":2}"
medellin,161,21866565,10,base,deterministic_central,67.2943530350085,85.02846984052348,86.39626755894596,0.7789034750731018,10,4,"{""drainage"":3,""rwh"":1}"
medellin,161,21866565,10,base,greedy_opportunity,51.18562187372936,60.35879465878952,60.38041237345851,0.8477189847121528,10,10,"{""rwh"":10}"
medellin,161,21866565,10,base,hazard_only,57.701777694986504,73.98920839248012,72.89793989279133,0.7915419527608965,10,6,"{""drainage"":2,""rwh"":4}"
medellin,161,21866565,10,base,random_feasible,12.906672397239163,18.10299448304113,17.99032319359958,0.7174230422848086,10,6,"{""rwh"":3,""restoration"":2,""drainage"":1}"
medellin,162,21876538,10,base,ourea_robust,68.79881012306396,85.97827344577627,84.73634783931675,0.8119161596806754,10,6,"{""rwh"":4,""drainage"":2}"
medellin,162,21876538,10,base,deterministic_central,66.33511419218212,85.02846984052348,83.99140610666564,0.789784541860619,10,4,"{""drainage"":3,""rwh"":1}"
medellin,162,21876538,10,base,greedy_opportunity,51.33455885702733,60.35879465878952,60.19615436383219,0.8527880127816073,10,10,"{""rwh"":10}"
medellin,162,21876538,10,base,hazard_only,60.721777521279364,73.98920839248012,74.9569588122863,0.8100885959547011,10,6,"{""drainage"":2,""rwh"":4}"
medellin,162,21876538,10,base,random_feasible,12.631340329751765,18.10299448304113,17.73063933721778,0.7124018536228273,10,6,"{""rwh"":3,""restoration"":2,""drainage"":1}"
medellin,163,21886511,10,base,ourea_robust,70.83816309321901,85.97827344577627,86.59142390407351,0.818073660177871,10,6,"{""rwh"":4,""drainage"":2}"
medellin,163,21886511,10,base,deterministic_central,69.12460524997095,85.02846984052348,87.78340464817074,0.7874450247973083,10,4,"{""drainage"":3,""rwh"":1}"
medellin,163,21886511,10,base,greedy_opportunity,50.6665873558195,60.35879465878952,59.376113574081046,0.8533159936883535,10,10,"{""rwh"":10}"
medellin,163,21886511,10,base,hazard_only,60.7586019845794,73.98920839248012,75.1649264070279,0.8083371445820837,10,6,"{""drainage"":2,""rwh"":4}"
medellin,163,21886511,10,base,random_feasible,13.12324788068463,18.10299448304113,17.8942819706499,0.733376611713692,10,6,"{""rwh"":3,""restoration"":2,""drainage"":1}"
medellin,164,21896484,10,base,ourea_robust,70.38224205363804,85.97827344577627,87.62473845683735,0.8032234194719713,10,6,"{""rwh"":4,""drainage"":2}"
medellin,164,21896484,10,base,deterministic_central,65.52035454415545,85.02846984052348,83.32661239158642,0.7863076712665102,10,4,"{""drainage"":3,""rwh"":1}"
medellin,164,21896484,10,base,greedy_opportunity,51.483372221101945,60.35879465878952,61.00395882716748,0.8439349381728053,10,10,"{""rwh"":10}"
medellin,164,21896484,10,base,hazard_only,61.699313163326224,73.98920839248012,74.36451360131923,0.8296875777888726,10,6,"{""drainage"":2,""rwh"":4}"
medellin,164,21896484,10,base,random_feasible,13.495230314923447,18.10299448304113,17.74183657555841,0.7606444945792595,10,6,"{""rwh"":3,""restoration"":2,""drainage"":1}"
medellin,165,21906457,10,base,ourea_robust,67.23581926147335,85.97827344577627,83.37007311571097,0.8064742748654596,10,6,"{""rwh"":4,""drainage"":2}"
medellin,165,21906457,10,base,deterministic_central,67.79913561841204,85.02846984052348,85.61826885158916,0.7918769735456245,10,4,"{""drainage"":3,""rwh"":1}"
medellin,165,21906457,10,base,greedy_opportunity,50.71082168128896,60.35879465878952,59.881588552641006,0.8468516435015722,10,10,"{""rwh"":10}"
medellin,165,21906457,10,base,hazard_only,56.95800323432286,73.98920839248012,73.0415732958486,0.7798025242914659,10,6,"{""drainage"":2,""rwh"":4}"
medellin,165,21906457,10,base,random_feasible,12.819068191377482,18.10299448304113,18.17023574121913,0.7054981770158029,10,6,"{""rwh"":3,""restoration"":2,""drainage"":1}"
medellin,166,21916430,10,base,ourea_robust,69.41697960279816,85.97827344577627,87.04534940480698,0.7974806244957722,10,6,"{""rwh"":4,""drainage"":2}"
medellin,166,21916430,10,base,deterministic_central,65.32945638036063,85.02846984052348,85.11989403126836,0.7674992682246783,10,4,"{""drainage"":3,""rwh"":1}"
medellin,166,21916430,10,base,greedy_opportunity,50.99050759407464,60.35879465878952,61.60652647174447,0.8276802883451185,10,10,"{""rwh"":10}"
medellin,166,21916430,10,base,hazard_only,61.33147872791824,73.98920839248012,76.43994932689247,0.8023485005940618,10,6,"{""drainage"":2,""rwh"":4}"
medellin,166,21916430,10,base,random_feasible,13.209249717661805,18.10299448304113,18.000055333824093,0.733844950623022,10,6,"{""rwh"":3,""restoration"":2,""drainage"":1}"
medellin,167,21926403,10,base,ourea_robust,71.86516440007563,85.97827344577627,86.69616001469285,0.8289313435323579,10,6,"{""rwh"":4,""drainage"":2}"
medellin,167,21926403,10,base,deterministic_central,67.24556121498154,85.02846984052348,86.92519194274746,0.7736026773374541,10,4,"{""drainage"":3,""rwh"":1}"
medellin,167,21926403,10,base,greedy_opportunity,51.89981156762633,60.35879465878952,60.407948658881196,0.8591553383264241,10,10,"{""rwh"":10}"
medellin,167,21926403,10,base,hazard_only,60.73478676864488,73.98920839248012,73.6243744432877,0.8249277121590816,10,6,"{""drainage"":2,""rwh"":4}"
medellin,167,21926403,10,base,random_feasible,13.200630435558196,18.10299448304113,18.473607944311425,0.7145669906686021,10,6,"{""rwh"":3,""restoration"":2,""drainage"":1}"
medellin,168,21936376,10,base,ourea_robust,69.46718365738616,85.97827344577627,84.69439550354718,0.820209923506411,10,6,"{""rwh"":4,""drainage"":2}"
medellin,168,21936376,10,base,deterministic_central,63.46552942495373,85.02846984052348,84.28119321067334,0.7530212495486653,10,4,"{""drainage"":3,""rwh"":1}"
medellin,168,21936376,10,base,greedy_opportunity,50.22628689231897,60.35879465878952,60.20684711300419,0.8342288178294343,10,10,"{""rwh"":10}"
medellin,168,21936376,10,base,hazard_only,58.84748742032434,73.98920839248012,73.90804500826698,0.7962257344750758,10,6,"{""drainage"":2,""rwh"":4}"
medellin,168,21936376,10,base,random_feasible,13.375711719643732,18.10299448304113,18.83897453821055,0.7100021125095828,10,6,"{""rwh"":3,""restoration"":2,""drainage"":1}"
medellin,169,21946349,10,base,ourea_robust,71.11497333226362,85.97827344577627,86.98100282950008,0.8175920145650998,10,6,"{""rwh"":4,""drainage"":2}"
medellin,169,21946349,10,base,deterministic_central,69.62098432068888,85.02846984052348,85.38466319789359,0.8153804408565777,10,4,"{""drainage"":3,""rwh"":1}"
medellin,169,21946349,10,base,greedy_opportunity,51.26845080708472,60.35879465878952,60.252804902060234,0.8508890314802869,10,10,"{""rwh"":10}"
medellin,169,21946349,10,base,hazard_only,60.5248185020987,73.98920839248012,74.55562652751996,0.811807523068132,10,6,"{""drainage"":2,""rwh"":4}"
medellin,169,21946349,10,base,random_feasible,12.867125093014238,18.10299448304113,18.03862303875667,0.7133097168984978,10,6,"{""rwh"":3,""restoration"":2,""drainage"":1}"
medellin,170,21956322,10,base,ourea_robust,70.01955866007256,85.97827344577627,84.83374352107467,0.8253739108268643,10,6,"{""rwh"":4,""drainage"":2}"
medellin,170,21956322,10,base,deterministic_central,65.10720103812764,85.02846984052348,83.72224162692146,0.7776571646069254,10,4,"{""drainage"":3,""rwh"":1}"
medellin,170,21956322,10,base,greedy_opportunity,51.51482669737243,60.35879465878952,60.14869979904097,0.8564578597623119,10,10,"{""rwh"":10}"
medellin,170,21956322,10,base,hazard_only,61.473596614791404,73.98920839248012,73.67215930206066,0.8344209969840255,10,6,"{""drainage"":2,""rwh"":4}"
medellin,170,21956322,10,base,random_feasible,12.504615312063834,18.10299448304113,17.89962089340179,0.6985966566852442,10,6,"{""rwh"":3,""restoration"":2,""drainage"":1}"
medellin,171,21966295,10,base,ourea_robust,69.72950180204907,85.97827344577627,86.51777110626426,0.8059558274612134,10,6,"{""rwh"":4,""drainage"":2}"
medellin,171,21966295,10,base,deterministic_central,69.62345581897807,85.02846984052348,85.71885249543448,0.8122303763070828,10,4,"{""drainage"":3,""rwh"":1}"
medellin,171,21966295,10,base,greedy_opportunity,51.08334296171142,60.35879465878952,59.53334851487671,0.8580626528834722,10,10,"{""rwh"":10}"
medellin,171,21966295,10,base,hazard_only,59.79778924197626,73.98920839248012,72.58880833843568,0.8237879999789638,10,6,"{""drainage"":2,""rwh"":4}"
medellin,171,21966295,10,base,random_feasible,13.198798745116619,18.10299448304113,17.63979809418106,0.748239785662319,10,6,"{""rwh"":3,""restoration"":2,""drainage"":1}"
medellin,172,21976268,10,base,ourea_robust,69.73899197097262,85.97827344577627,87.32212961751793,0.7986405310594039,10,6,"{""rwh"":4,""drainage"":2}"
medellin,172,21976268,10,base,deterministic_central,66.43247077149908,85.02846984052348,84.25605605662759,0.7884592975352482,10,4,"{""drainage"":3,""rwh"":1}"
medellin,172,21976268,10,base,greedy_opportunity,50.84438694344044,60.35879465878952,59.76662006915603,0.8507154475961387,10,10,"{""rwh"":10}"
medellin,172,21976268,10,base,hazard_only,60.57733966212845,73.98920839248012,74.14108770060238,0.817054908969676,10,6,"{""drainage"":2,""rwh"":4}"
medellin,172,21976268,10,base,random_feasible,13.58951040421789,18.10299448304113,17.66292705631713,0.7693804294661124,10,6,"{""rwh"":3,""restoration"":2,""drainage"":1}"
medellin,173,21986241,10,base,ourea_robust,69.95372977669285,85.97827344577627,84.94901704275117,0.8234789784735022,10,6,"{""rwh"":4,""drainage"":2}"
medellin,173,21986241,10,base,deterministic_central,68.68896153871583,85.02846984052348,85.61352110651296,0.8023144084128832,10,4,"{""drainage"":3,""rwh"":1}"
medellin,173,21986241,10,base,greedy_opportunity,50.83755422065906,60.35879465878952,59.428573060077724,0.8554395908053555,10,10,"{""rwh"":10}"
medellin,173,21986241,10,base,hazard_only,58.372235529624504,73.98920839248012,73.70446383415765,0.791976937258072,10,6,"{""drainage"":2,""rwh"":4}"
medellin,173,21986241,10,base,random_feasible,13.171326383489031,18.10299448304113,18.12553712105273,0.7266723350333488,10,6,"{""rwh"":3,""restoration"":2,""drainage"":1}"
medellin,174,21996214,10,base,ourea_robust,68.50756364267136,85.97827344577627,84.97827275813597,0.8061774076963963,10,6,"{""rwh"":4,""drainage"":2}"
medellin,174,21996214,10,base,deterministic_central,64.06417151606365,85.02846984052348,83.78457804204163,0.7646296372575556,10,4,"{""drainage"":3,""rwh"":1}"
medellin,174,21996214,10,base,greedy_opportunity,50.29462734964136,60.35879465878952,61.035541029428714,0.8240219796756033,10,10,"{""rwh"":10}"
medellin,174,21996214,10,base,hazard_only,58.64603306755498,73.98920839248012,73.56309657840166,0.7972208321199686,10,6,"{""drainage"":2,""rwh"":4}"
medellin,174,21996214,10,base,random_feasible,12.982169941993561,18.10299448304113,17.64825266239677,0.7356065322917062,10,6,"{""rwh"":3,""restoration"":2,""drainage"":1}"
medellin,175,22006187,10,base,ourea_robust,70.4682129857265,85.97827344577627,86.36341589957101,0.8159498122176121,10,6,"{""rwh"":4,""drainage"":2}"
medellin,175,22006187,10,base,deterministic_central,68.96224673894903,85.02846984052348,86.07931963093552,0.8011476744312593,10,4,"{""drainage"":3,""rwh"":1}"
medellin,175,22006187,10,base,greedy_opportunity,50.73084750460066,60.35879465878952,60.39436028204591,0.839993126306563,10,10,"{""rwh"":10}"
medellin,175,22006187,10,base,hazard_only,60.16124590049412,73.98920839248012,72.40562585731914,0.830891870461095,10,6,"{""drainage"":2,""rwh"":4}"
medellin,175,22006187,10,base,random_feasible,13.301792411201859,18.10299448304113,18.43125218201976,0.7216977056055994,10,6,"{""rwh"":3,""restoration"":2,""drainage"":1}"
medellin,176,22016160,10,base,ourea_robust,67.94327428388578,85.97827344577627,85.09537765611321,0.7984367207165778,10,6,"{""rwh"":4,""drainage"":2}"
medellin,176,22016160,10,base,deterministic_central,66.6270717338848,85.02846984052348,84.9160849267023,0.7846225104630746,10,4,"{""drainage"":3,""rwh"":1}"
medellin,176,22016160,10,base,greedy_opportunity,50.26807299227539,60.35879465878952,60.40456142782068,0.8321900168473585,10,10,"{""rwh"":10}"
medellin,176,22016160,10,base,hazard_only,60.88136343381939,73.98920839248012,73.896972206393,0.8238681723491832,10,6,"{""drainage"":2,""rwh"":4}"
medellin,176,22016160,10,base,random_feasible,12.997711497171167,18.10299448304113,18.52730955824609,0.7015433868748729,10,6,"{""rwh"":3,""restoration"":2,""drainage"":1}"
medellin,177,22026133,10,base,ourea_robust,70.09570300960831,85.97827344577627,85.48234574631897,0.8200020998210238,10,6,"{""rwh"":4,""drainage"":2}"
medellin,177,22026133,10,base,deterministic_central,69.8124417422564,85.02846984052348,86.24317071107453,0.8094837094537822,10,4,"{""drainage"":3,""rwh"":1}"
medellin,177,22026133,10,base,greedy_opportunity,49.81838180353952,60.35879465878952,59.95302751652525,0.8309568985454112,10,10,"{""rwh"":10}"
medellin,177,22026133,10,base,hazard_only,60.769940558311646,73.98920839248012,73.1875402657165,0.8303317796673968,10,6,"{""drainage"":2,""rwh"":4}"
medellin,177,22026133,10,base,random_feasible,12.655744290734674,18.10299448304113,17.900088521759244,0.7070213242437559,10,6,"{""rwh"":3,""restoration"":2,""drainage"":1}"
medellin,178,22036106,10,base,ourea_robust,70.55545771729157,85.97827344577627,85.66022705239857,0.8236664802923372,10,6,"{""rwh"":4,""drainage"":2}"
medellin,178,22036106,10,base,deterministic_central,65.1021117975015,85.02846984052348,84.67743334801435,0.7688248122724674,10,4,"{""drainage"":3,""rwh"":1}"
medellin,178,22036106,10,base,greedy_opportunity,51.329345907512106,60.35879465878952,60.74568672660189,0.8449874990882907,10,10,"{""rwh"":10}"
medellin,178,22036106,10,base,hazard_only,62.949936641001386,73.98920839248012,73.51212070952897,0.8563205092359896,10,6,"{""drainage"":2,""rwh"":4}"
medellin,178,22036106,10,base,random_feasible,12.677583529693038,18.10299448304113,17.99370422699485,0.7045566254597893,10,6,"{""rwh"":3,""restoration"":2,""drainage"":1}"
medellin,179,22046079,10,base,ourea_robust,68.50300765878092,85.97827344577627,85.25936095204997,0.8034661167271373,10,6,"{""rwh"":4,""drainage"":2}"
medellin,179,22046079,10,base,deterministic_central,67.0128050868534,85.02846984052348,84.9196659621316,0.7891317556140242,10,4,"{""drainage"":3,""rwh"":1}"
medellin,179,22046079,10,base,greedy_opportunity,50.65081049657283,60.35879465878952,59.432768841619236,0.8522370988898531,10,10,"{""rwh"":10}"
medellin,179,22046079,10,base,hazard_only,57.60586035176357,73.98920839248012,74.26559242044323,0.7756736124265575,10,6,"{""drainage"":2,""rwh"":4}"
medellin,179,22046079,10,base,random_feasible,13.2621208354999,18.10299448304113,17.66011009023714,0.7509647883130391,10,6,"{""rwh"":3,""restoration"":2,""drainage"":1}"
medellin,180,22056052,10,base,ourea_robust,69.65282993252367,85.97827344577627,84.68304679819948,0.8225120914521066,10,6,"{""rwh"":4,""drainage"":2}"
medellin,180,22056052,10,base,deterministic_central,66.02537135500324,85.02846984052348,84.29969856877233,0.7832219150954526,10,4,"{""drainage"":3,""rwh"":1}"
medellin,180,22056052,10,base,greedy_opportunity,50.148795407290436,60.35879465878952,60.05719278232118,0.8350173074032284,10,10,"{""rwh"":10}"
medellin,180,22056052,10,base,hazard_only,59.795189926192506,73.98920839248012,74.268508321652,0.8051217302927842,10,6,"{""drainage"":2,""rwh"":4}"
medellin,180,22056052,10,base,random_feasible,13.307007071659427,18.10299448304113,17.84788649751863,0.7455788713979935,10,6,"{""rwh"":3,""restoration"":2,""drainage"":1}"
medellin,181,22066025,10,base,ourea_robust,70.10420769789789,85.97827344577627,87.08511399878535,0.8050079339492591,10,6,"{""rwh"":4,""drainage"":2}"
medellin,181,22066025,10,base,deterministic_central,65.92366350536213,85.02846984052348,85.97127981067888,0.7668103074716989,10,4,"{""drainage"":3,""rwh"":1}"
medellin,181,22066025,10,base,greedy_opportunity,51.549195389525266,60.35879465878952,59.66834283114849,0.8639287257465978,10,10,"{""rwh"":10}"
medellin,181,22066025,10,base,hazard_only,60.34016429533267,73.98920839248012,72.42055166388764,0.8331911716908554,10,6,"{""drainage"":2,""rwh"":4}"
medellin,181,22066025,10,base,random_feasible,12.888049116706497,18.10299448304113,18.37232025161802,0.7014927314676799,10,6,"{""rwh"":3,""restoration"":2,""drainage"":1}"
medellin,182,22075998,10,base,ourea_robust,68.41317296803982,85.97827344577627,85.65985823860456,0.7986608240405407,10,6,"{""rwh"":4,""drainage"":2}"
medellin,182,22075998,10,base,deterministic_central,63.63763507387284,85.02846984052348,84.05905235379396,0.757058678297134,10,4,"{""drainage"":3,""rwh"":1}"
medellin,182,22075998,10,base,greedy_opportunity,50.671272769429834,60.35879465878952,61.200675864618006,0.8279528298269081,10,10,"{""rwh"":10}"
medellin,182,22075998,10,base,hazard_only,61.246299393937534,73.98920839248012,73.6011608011977,0.8321376827108532,10,6,"{""drainage"":2,""rwh"":4}"
medellin,182,22075998,10,base,random_feasible,13.562470981898969,18.10299448304113,17.73048385307584,0.7649239070002134,10,6,"{""rwh"":3,""restoration"":2,""drainage"":1}"
medellin,183,22085971,10,base,ourea_robust,71.92221294006458,85.97827344577627,89.36213803046485,0.8048398854954126,10,6,"{""rwh"":4,""drainage"":2}"
medellin,183,22085971,10,base,deterministic_central,68.81544451877062,85.02846984052348,86.36137495463026,0.7968312750338058,10,4,"{""drainage"":3,""rwh"":1}"
medellin,183,22085971,10,base,greedy_opportunity,51.729541125201195,60.35879465878952,60.65909901641726,0.8527911222552235,10,10,"{""rwh"":10}"
medellin,183,22085971,10,base,hazard_only,60.00152805821472,73.98920839248012,74.1031383332479,0.8097029276733587,10,6,"{""drainage"":2,""rwh"":4}"
medellin,183,22085971,10,base,random_feasible,13.573969718274839,18.10299448304113,18.51096034446391,0.7332936522839247,10,6,"{""rwh"":3,""restoration"":2,""drainage"":1}"
medellin,184,22095944,10,base,ourea_robust,69.69360768876368,85.97827344577627,86.52595622917761,0.8054647498395648,10,6,"{""rwh"":4,""drainage"":2}"
medellin,184,22095944,10,base,deterministic_central,67.6740444802299,85.02846984052348,85.09489422061188,0.7952773794486689,10,4,"{""drainage"":3,""rwh"":1}"
medellin,184,22095944,10,base,greedy_opportunity,50.716676983880006,60.35879465878952,60.02764638341705,0.8448886478063007,10,10,"{""rwh"":10}"
medellin,184,22095944,10,base,hazard_only,60.75314548745564,73.98920839248012,74.98722452465245,0.8101799456183729,10,6,"{""drainage"":2,""rwh"":4}"
medellin,184,22095944,10,base,random_feasible,13.362432603339585,18.10299448304113,18.457893557831994,0.7239413620775639,10,6,"{""rwh"":3,""restoration"":2,""drainage"":1}"
medellin,185,22105917,10,base,ourea_robust,69.36684337143242,85.97827344577627,85.23488552279196,0.813831601297612,10,6,"{""rwh"":4,""drainage"":2}"
medellin,185,22105917,10,base,deterministic_central,66.25273015302264,85.02846984052348,85.17625168779159,0.777831013225001,10,4,"{""drainage"":3,""rwh"":1}"
medellin,185,22105917,10,base,greedy_opportunity,49.13062508375833,60.35879465878952,60.493735706907046,0.8121605404201993,10,10,"{""rwh"":10}"
medellin,185,22105917,10,base,hazard_only,58.17699318191853,73.98920839248012,74.34290740721099,0.7825493407630111,10,6,"{""drainage"":2,""rwh"":4}"
medellin,185,22105917,10,base,random_feasible,13.04375392149177,18.10299448304113,17.650942025928543,0.7389834436219328,10,6,"{""rwh"":3,""restoration"":2,""drainage"":1}"
medellin,186,22115890,10,base,ourea_robust,70.37243399301451,85.97827344577627,86.71576408843885,0.811529884246234,10,6,"{""rwh"":4,""drainage"":2}"
medellin,186,22115890,10,base,deterministic_central,65.91565599000705,85.02846984052348,84.15577734488443,0.7832576451628946,10,4,"{""drainage"":3,""rwh"":1}"
medellin,186,22115890,10,base,greedy_opportunity,51.36726831981014,60.35879465878952,59.772380624247944,0.8593813360509169,10,10,"{""rwh"":10}"
medellin,186,22115890,10,base,hazard_only,59.69259998690495,73.98920839248012,76.01959916019905,0.7852264501041688,10,6,"{""drainage"":2,""rwh"":4}"
medellin,186,22115890,10,base,random_feasible,12.33423544133393,18.10299448304113,17.811897272292754,0.6924717368834378,10,6,"{""rwh"":3,""restoration"":2,""drainage"":1}"
medellin,187,22125863,10,base,ourea_robust,70.7200299861961,85.97827344577627,86.94952117237517,0.8133458244812581,10,6,"{""rwh"":4,""drainage"":2}"
medellin,187,22125863,10,base,deterministic_central,66.68679880387617,85.02846984052348,87.06125455409119,0.7659756242364235,10,4,"{""drainage"":3,""rwh"":1}"
medellin,187,22125863,10,base,greedy_opportunity,50.51635120143419,60.35879465878952,60.16618321769056,0.8396136916090924,10,10,"{""rwh"":10}"
medellin,187,22125863,10,base,hazard_only,60.04145223063915,73.98920839248012,73.27996379251454,0.8193433664983922,10,6,"{""drainage"":2,""rwh"":4}"
medellin,187,22125863,10,base,random_feasible,13.084533378088054,18.10299448304113,17.87111347648488,0.7321610595391781,10,6,"{""rwh"":3,""restoration"":2,""drainage"":1}"
medellin,188,22135836,10,base,ourea_robust,68.70804915080544,85.97827344577627,84.28558410621781,0.8151815032119685,10,6,"{""rwh"":4,""drainage"":2}"
medellin,188,22135836,10,base,deterministic_central,66.6556943906262,85.02846984052348,84.86542622326124,0.7854281461483565,10,4,"{""drainage"":3,""rwh"":1}"
medellin,188,22135836,10,base,greedy_opportunity,50.09685736141682,60.35879465878952,59.55808916187516,0.841142791288295,10,10,"{""rwh"":10}"
medellin,188,22135836,10,base,hazard_only,60.092367432096125,73.98920839248012,74.79468827347,0.8034309497003566,10,6,"{""drainage"":2,""rwh"":4}"
medellin,188,22135836,10,base,random_feasible,12.98444455629533,18.10299448304113,17.54616488949887,0.7400161025539168,10,6,"{""rwh"":3,""restoration"":2,""drainage"":1}"
medellin,189,22145809,10,base,ourea_robust,68.81109950026894,85.97827344577627,87.0549122164889,0.7904332765180316,10,6,"{""rwh"":4,""drainage"":2}"
medellin,189,22145809,10,base,deterministic_central,65.57662163064515,85.02846984052348,85.31853500646594,0.7686093253438467,10,4,"{""drainage"":3,""rwh"":1}"
medellin,189,22145809,10,base,greedy_opportunity,51.28296461832497,60.35879465878952,59.988120374160644,0.8548853389381184,10,10,"{""rwh"":10}"
medellin,189,22145809,10,base,hazard_only,61.354114857037985,73.98920839248012,73.67828075109992,0.8327300017260792,10,6,"{""drainage"":2,""rwh"":4}"
medellin,189,22145809,10,base,random_feasible,12.95126532368704,18.10299448304113,17.991888081232446,0.7198391444640354,10,6,"{""rwh"":3,""restoration"":2,""drainage"":1}"
medellin,190,22155782,10,base,ourea_robust,69.02206091871221,85.97827344577627,83.79506727968874,0.8237007637732706,10,6,"{""rwh"":4,""drainage"":2}"
medellin,190,22155782,10,base,deterministic_central,65.75357378994795,85.02846984052348,83.65549052795859,0.7860042822649206,10,4,"{""drainage"":3,""rwh"":1}"
medellin,190,22155782,10,base,greedy_opportunity,51.04583296276769,60.35879465878952,59.92499535369507,0.8518287345953065,10,10,"{""rwh"":10}"
medellin,190,22155782,10,base,hazard_only,60.26748309638879,73.98920839248012,73.52032956424,0.8197390225750927,10,6,"{""drainage"":2,""rwh"":4}"
medellin,190,22155782,10,base,random_feasible,13.56340859336251,18.10299448304113,17.672909527624597,0.7674689089626975,10,6,"{""rwh"":3,""restoration"":2,""drainage"":1}"
medellin,191,22165755,10,base,ourea_robust,71.05076814147924,85.97827344577627,86.92354551283279,0.8173938111048381,10,6,"{""rwh"":4,""drainage"":2}"
medellin,191,22165755,10,base,deterministic_central,67.8044012415071,85.02846984052348,88.20766396230374,0.7686905898617138,10,4,"{""drainage"":3,""rwh"":1}"
medellin,191,22165755,10,base,greedy_opportunity,51.52477438035203,60.35879465878952,60.86896754645932,0.8464867478000975,10,10,"{""rwh"":10}"
medellin,191,22165755,10,base,hazard_only,60.99366948385932,73.98920839248012,74.22883516695993,0.8216977855932768,10,6,"{""drainage"":2,""rwh"":4}"
medellin,191,22165755,10,base,random_feasible,13.580841117247473,18.10299448304113,18.66387971494032,0.72765369926683,10,6,"{""rwh"":3,""restoration"":2,""drainage"":1}"
medellin,192,22175728,10,base,ourea_robust,70.3335424231027,85.97827344577627,84.92988763716312,0.8281365297877371,10,6,"{""rwh"":4,""drainage"":2}"
medellin,192,22175728,10,base,deterministic_central,66.09828101128687,85.02846984052348,83.5912157400112,0.790732380503574,10,4,"{""drainage"":3,""rwh"":1}"
medellin,192,22175728,10,base,greedy_opportunity,50.51394509696365,60.35879465878952,60.26729230530509,0.8381651666225116,10,10,"{""rwh"":10}"
medellin,192,22175728,10,base,hazard_only,61.018900763446254,73.98920839248012,75.91228989584624,0.8038079321169981,10,6,"{""drainage"":2,""rwh"":4}"
medellin,192,22175728,10,base,random_feasible,13.456560973277192,18.10299448304113,18.765631340983873,0.7170854382014984,10,6,"{""rwh"":3,""restoration"":2,""drainage"":1}"
medellin,193,22185701,10,base,ourea_robust,68.14740842738638,85.97827344577627,86.7075526810413,0.7859454721098001,10,6,"{""rwh"":4,""drainage"":2}"
medellin,193,22185701,10,base,deterministic_central,65.26849795102635,85.02846984052348,84.54287356833811,0.7720165543967251,10,4,"{""drainage"":3,""rwh"":1}"
medellin,193,22185701,10,base,greedy_opportunity,50.847869378367704,60.35879465878952,61.40343856031177,0.8280948196154169,10,10,"{""rwh"":10}"
medellin,193,22185701,10,base,hazard_only,58.87540523109783,73.98920839248012,73.33476344025985,0.8028307785987345,10,6,"{""drainage"":2,""rwh"":4}"
medellin,193,22185701,10,base,random_feasible,13.271024583340932,18.10299448304113,18.131041462447683,0.7319504845227655,10,6,"{""rwh"":3,""restoration"":2,""drainage"":1}"
medellin,194,22195674,10,base,ourea_robust,69.08742087161272,85.97827344577627,85.15191652247086,0.8113431111486628,10,6,"{""rwh"":4,""drainage"":2}"
medellin,194,22195674,10,base,deterministic_central,66.69203333005589,85.02846984052348,85.37287488986931,0.7811852818133203,10,4,"{""drainage"":3,""rwh"":1}"
medellin,194,22195674,10,base,greedy_opportunity,50.56024686215915,60.35879465878952,60.1303366756606,0.8408442336665777,10,10,"{""rwh"":10}"
medellin,194,22195674,10,base,hazard_only,59.43191605746142,73.98920839248012,74.50378932434387,0.7977032657860026,10,6,"{""drainage"":2,""rwh"":4}"
medellin,194,22195674,10,base,random_feasible,12.57587652371376,18.10299448304113,18.148460753593554,0.6929445254040967,10,6,"{""rwh"":3,""restoration"":2,""drainage"":1}"
medellin,195,22205647,10,base,ourea_robust,70.63964405538718,85.97827344577627,87.39860407182277,0.8082468227677487,10,6,"{""rwh"":4,""drainage"":2}"
medellin,195,22205647,10,base,deterministic_central,66.38657193329891,85.02846984052348,85.46620297684149,0.776758175992532,10,4,"{""drainage"":3,""rwh"":1}"
medellin,195,22205647,10,base,greedy_opportunity,50.432875949345544,60.35879465878952,60.30145491516487,0.8363459226696447,10,10,"{""rwh"":10}"
medellin,195,22205647,10,base,hazard_only,61.070833519737334,73.98920839248012,72.98639101941035,0.8367427498024373,10,6,"{""drainage"":2,""rwh"":4}"
medellin,195,22205647,10,base,random_feasible,13.231396962164126,18.10299448304113,17.652520237406407,0.749547191234839,10,6,"{""rwh"":3,""restoration"":2,""drainage"":1}"
medellin,196,22215620,10,base,ourea_robust,68.77367808180134,85.97827344577627,84.59119212076212,0.8130122812741574,10,6,"{""rwh"":4,""drainage"":2}"
medellin,196,22215620,10,base,deterministic_central,64.49039537363069,85.02846984052348,82.91875968708973,0.7777539801246172,10,4,"{""drainage"":3,""rwh"":1}"
medellin,196,22215620,10,base,greedy_opportunity,49.03524127336959,60.35879465878952,59.74063901448244,0.820802088532772,10,10,"{""rwh"":10}"
medellin,196,22215620,10,base,hazard_only,60.47301663997541,73.98920839248012,74.21481694435079,0.814837509945224,10,6,"{""drainage"":2,""rwh"":4}"
medellin,196,22215620,10,base,random_feasible,13.488673329685298,18.10299448304113,17.593501143553112,0.766684994625304,10,6,"{""rwh"":3,""restoration"":2,""drainage"":1}"
medellin,197,22225593,10,base,ourea_robust,71.01989842509329,85.97827344577627,85.8701461807641,0.8270615759240731,10,6,"{""rwh"":4,""drainage"":2}"
medellin,197,22225593,10,base,deterministic_central,64.9155850950051,85.02846984052348,85.99382172251035,0.754886616209224,10,4,"{""drainage"":3,""rwh"":1}"
medellin,197,22225593,10,base,greedy_opportunity,52.57979015271485,60.35879465878952,59.269503405334035,0.887130600591178,10,10,"{""rwh"":10}"
medellin,197,22225593,10,base,hazard_only,59.84449234827616,73.98920839248012,74.19241700083649,0.8066119795989588,10,6,"{""drainage"":2,""rwh"":4}"
medellin,197,22225593,10,base,random_feasible,12.739945033520598,18.10299448304113,17.86001359075908,0.7133222474204808,10,6,"{""rwh"":3,""restoration"":2,""drainage"":1}"
medellin,198,22235566,10,base,ourea_robust,70.43951124430987,85.97827344577627,84.41717578251018,0.834421556885391,10,6,"{""rwh"":4,""drainage"":2}"
medellin,198,22235566,10,base,deterministic_central,68.26343864736873,85.02846984052348,85.37487220208413,0.7995729526339755,10,4,"{""drainage"":3,""rwh"":1}"
medellin,198,22235566,10,base,greedy_opportunity,50.88217046349246,60.35879465878952,60.35391186134302,0.8430633391318374,10,10,"{""rwh"":10}"
medellin,198,22235566,10,base,hazard_only,60.6851397968403,73.98920839248012,75.51658821007868,0.8036001259487657,10,6,"{""drainage"":2,""rwh"":4}"
medellin,198,22235566,10,base,random_feasible,13.187100575723889,18.10299448304113,17.888235400991107,0.737194042906728,10,6,"{""rwh"":3,""restoration"":2,""drainage"":1}"
medellin,199,22245539,10,base,ourea_robust,69.0181297505028,85.97827344577627,84.70691248360117,0.8147874562641432,10,6,"{""rwh"":4,""drainage"":2}"
medellin,199,22245539,10,base,deterministic_central,67.41493124673707,85.02846984052348,84.58564146149274,0.7970020689318462,10,4,"{""drainage"":3,""rwh"":1}"
medellin,199,22245539,10,base,greedy_opportunity,51.707133361007436,60.35879465878952,60.53648998940889,0.8541481901255559,10,10,"{""rwh"":10}"
medellin,199,22245539,10,base,hazard_only,60.34758900829229,73.98920839248012,73.51833294532344,0.8208508897117348,10,6,"{""drainage"":2,""rwh"":4}"
medellin,199,22245539,10,base,random_feasible,13.15814945832517,18.10299448304113,18.587217847029024,0.7079138775160138,10,6,"{""rwh"":3,""restoration"":2,""drainage"":1}"
medellin,200,22255512,10,base,ourea_robust,70.40365812386426,85.97827344577627,86.09565612539427,0.8177376338397915,10,6,"{""rwh"":4,""drainage"":2}"
medellin,200,22255512,10,base,deterministic_central,67.76202460115883,85.02846984052348,83.81221889165909,0.8084981581116741,10,4,"{""drainage"":3,""rwh"":1}"
medellin,200,22255512,10,base,greedy_opportunity,49.685641309753464,60.35879465878952,59.988899480453256,0.828247254743238,10,10,"{""rwh"":10}"
medellin,200,22255512,10,base,hazard_only,60.27625354623069,73.98920839248012,74.5090945955435,0.8089784726740714,10,6,"{""drainage"":2,""rwh"":4}"
medellin,200,22255512,10,base,random_feasible,13.200984452126704,18.10299448304113,18.149240311197445,0.7273574114274172,10,6,"{""rwh"":3,""restoration"":2,""drainage"":1}"
medellin,201,22265485,10,base,ourea_robust,70.30748164322313,85.97827344577627,85.93801841986487,0.8181184874396791,10,6,"{""rwh"":4,""drainage"":2}"
medellin,201,22265485,10,base,deterministic_central,66.64338269105156,85.02846984052348,85.21334846331274,0.7820767977418914,10,4,"{""drainage"":3,""rwh"":1}"
medellin,201,22265485,10,base,greedy_opportunity,50.04678320570383,60.35879465878952,60.8725254471492,0.8221571692331953,10,10,"{""rwh"":10}"
medellin,201,22265485,10,base,hazard_only,59.06915852670727,73.98920839248012,74.32088998769859,0.7947854033567715,10,6,"{""drainage"":2,""rwh"":4}"
medellin,201,22265485,10,base,random_feasible,12.914487163748618,18.10299448304113,18.063843156326584,0.7149357449566603,10,6,"{""rwh"":3,""restoration"":2,""drainage"":1}"
medellin,202,22275458,10,base,ourea_robust,68.59437763525102,85.97827344577627,85.72470376760248,0.8001704831924372,10,6,"{""rwh"":4,""drainage"":2}"
medellin,202,22275458,10,base,deterministic_central,66.1334079165531,85.02846984052348,83.72362472726263,0.7899013944031774,10,4,"{""drainage"":3,""rwh"":1}"
medellin,202,22275458,10,base,greedy_opportunity,50.48435125840251,60.35879465878952,59.18017049426544,0.8530619434983623,10,10,"{""rwh"":10}"
medellin,202,22275458,10,base,hazard_only,61.560605793967625,73.98920839248012,72.75197639496264,0.8461709062000148,10,6,"{""drainage"":2,""rwh"":4}"
medellin,202,22275458,10,base,random_feasible,12.912572341627765,18.10299448304113,17.952567218686454,0.719260492626778,10,6,"{""rwh"":3,""restoration"":2,""drainage"":1}"
medellin,203,22285431,10,base,ourea_robust,70.32406723929626,85.97827344577627,85.75368027652667,0.8200705440574082,10,6,"{""rwh"":4,""drainage"":2}"
medellin,203,22285431,10,base,deterministic_central,64.51487525548418,85.02846984052348,83.72865380993835,0.7705232595991702,10,4,"{""drainage"":3,""rwh"":1}"
medellin,203,22285431,10,base,greedy_opportunity,51.2449726755608,60.35879465878952,60.183949470168955,0.8514724129389534,10,10,"{""rwh"":10}"
medellin,203,22285431,10,base,hazard_only,60.66849455974989,73.98920839248012,74.70757303790788,0.812079580325353,10,6,"{""drainage"":2,""rwh"":4}"
medellin,203,22285431,10,base,random_feasible,12.958546573237982,18.10299448304113,17.450881661002313,0.7425726003401075,10,6,"{""rwh"":3,""restoration"":2,""drainage"":1}"
medellin,204,22295404,10,base,ourea_robust,68.15569340563479,85.97827344577627,86.72070768971344,0.7859217852499055,10,6,"{""rwh"":4,""drainage"":2}"
medellin,204,22295404,10,base,deterministic_central,65.3006664191048,85.02846984052348,84.57301133041165,0.7721218080314861,10,4,"{""drainage"":3,""rwh"":1}"
medellin,204,22295404,10,base,greedy_opportunity,49.72675862621327,60.35879465878952,59.53104808661692,0.8353079649103685,10,10,"{""rwh"":10}"
medellin,204,22295404,10,base,hazard_only,60.20302730852336,73.98920839248012,73.73045769112014,0.8165285988150596,10,6,"{""drainage"":2,""rwh"":4}"
medellin,204,22295404,10,base,random_feasible,13.318913858825454,18.10299448304113,17.612687829704555,0.7562113169554129,10,6,"{""rwh"":3,""restoration"":2,""drainage"":1}"
medellin,205,22305377,10,base,ourea_robust,68.86521227403455,85.97827344577627,85.79608000903227,0.8026615233095112,10,6,"{""rwh"":4,""drainage"":2}"
medellin,205,22305377,10,base,deterministic_central,67.69189868451804,85.02846984052348,85.6499099337243,0.7903323977444677,10,4,"{""drainage"":3,""rwh"":1}"
medellin,205,22305377,10,base,greedy_opportunity,52.73045932867126,60.35879465878952,60.53079697663861,0.8711343970743053,10,10,"{""rwh"":10}"
medellin,205,22305377,10,base,hazard_only,60.50148745015122,73.98920839248012,73.51997925220167,0.8229257960289673,10,6,"{""drainage"":2,""rwh"":4}"
medellin,205,22305377,10,base,random_feasible,12.936882917483672,18.10299448304113,18.21445621021485,0.7102535902350211,10,6,"{""rwh"":3,""restoration"":2,""drainage"":1}"
medellin,206,22315350,10,base,ourea_robust,71.0280751171772,85.97827344577627,86.69489824337825,0.8192878307300201,10,6,"{""rwh"":4,""drainage"":2}"
medellin,206,22315350,10,base,deterministic_central,67.03007998573048,85.02846984052348,83.36219234378405,0.8040824995256812,10,4,"{""drainage"":3,""rwh"":1}"
medellin,206,22315350,10,base,greedy_opportunity,50.03758795011936,60.35879465878952,59.2500588279413,0.8445154138230576,10,10,"{""rwh"":10}"
medellin,206,22315350,10,base,hazard_only,60.630031310700815,73.98920839248012,72.94622454974206,0.8311606486139276,10,6,"{""drainage"":2,""rwh"":4}"
medellin,206,22315350,10,base,random_feasible,13.521016455454173,18.10299448304113,17.998895510918373,0.7512136757087201,10,6,"{""rwh"":3,""restoration"":2,""drainage"":1}"
medellin,207,22325323,10,base,ourea_robust,68.08998017885006,85.97827344577627,84.53003638691735,0.8055122544509905,10,6,"{""rwh"":4,""drainage"":2}"
medellin,207,22325323,10,base,deterministic_central,64.3383830818816,85.02846984052348,84.76872959777211,0.7589872278040196,10,4,"{""drainage"":3,""rwh"":1}"
medellin,207,22325323,10,base,greedy_opportunity,51.96172802490628,60.35879465878952,60.60881739013348,0.8573295151171376,10,10,"{""rwh"":10}"
medellin,207,22325323,10,base,hazard_only,60.8437102609405,73.98920839248012,75.42811385269033,0.8066449915447588,10,6,"{""drainage"":2,""rwh"":4}"
medellin,207,22325323,10,base,random_feasible,13.162166078110204,18.10299448304113,18.319783642193215,0.7184673321029708,10,6,"{""rwh"":3,""restoration"":2,""drainage"":1}"
medellin,208,22335296,10,base,ourea_robust,68.99143307085387,85.97827344577627,84.93419161527436,0.8122928088061843,10,6,"{""rwh"":4,""drainage"":2}"
medellin,208,22335296,10,base,deterministic_central,67.75199496873665,85.02846984052348,86.04538617263916,0.7873983485041356,10,4,"{""drainage"":3,""rwh"":1}"
medellin,208,22335296,10,base,greedy_opportunity,49.4848641189933,60.35879465878952,60.04805113748398,0.8240877627434475,10,10,"{""rwh"":10}"
medellin,208,22335296,10,base,hazard_only,60.29946546586825,73.98920839248012,73.50339854531558,0.8203629581657103,10,6,"{""drainage"":2,""rwh"":4}"
medellin,208,22335296,10,base,random_feasible,13.011641482243249,18.10299448304113,18.25188335136545,0.7128930878943969,10,6,"{""rwh"":3,""restoration"":2,""drainage"":1}"
medellin,209,22345269,10,base,ourea_robust,68.92986366921423,85.97827344577627,87.07793875462767,0.791588141095623,10,6,"{""rwh"":4,""drainage"":2}"
medellin,209,22345269,10,base,deterministic_central,66.7760001231859,85.02846984052348,84.55427114127087,0.789741301318989,10,4,"{""drainage"":3,""rwh"":1}"
medellin,209,22345269,10,base,greedy_opportunity,50.36308528560767,60.35879465878952,61.68111479955587,0.8165073774893948,10,10,"{""rwh"":10}"
medellin,209,22345269,10,base,hazard_only,62.66430772604417,73.98920839248012,74.38326648883822,0.8424516787716957,10,6,"{""drainage"":2,""rwh"":4}"
medellin,209,22345269,10,base,random_feasible,12.899938342196947,18.10299448304113,17.53690640071909,0.7355880249020428,10,6,"{""rwh"":3,""restoration"":2,""drainage"":1}"
medellin,210,22355242,10,base,ourea_robust,69.163033000837,85.97827344577627,82.8517938057721,0.8347801516883823,10,6,"{""rwh"":4,""drainage"":2}"
medellin,210,22355242,10,base,deterministic_central,67.54893742191871,85.02846984052348,84.38346694257052,0.8004996697740683,10,4,"{""drainage"":3,""rwh"":1}"
medellin,210,22355242,10,base,greedy_opportunity,50.60087068463008,60.35879465878952,59.66268452104805,0.8481158883619945,10,10,"{""rwh"":10}"
medellin,210,22355242,10,base,hazard_only,60.314267743463915,73.98920839248012,73.07066767826427,0.8254237939775265,10,6,"{""drainage"":2,""rwh"":4}"
medellin,210,22355242,10,base,random_feasible,12.950659229658868,18.10299448304113,17.74016153134653,0.7300192394965118,10,6,"{""rwh"":3,""restoration"":2,""drainage"":1}"
medellin,211,22365215,10,base,ourea_robust,67.74940189782683,85.97827344577627,84.4536607578766,0.8022079953651761,10,6,"{""rwh"":4,""drainage"":2}"
medellin,211,22365215,10,base,deterministic_central,63.14238635181255,85.02846984052348,84.57256417981625,0.746606029557773,10,4,"{""drainage"":3,""rwh"":1}"
medellin,211,22365215,10,base,greedy_opportunity,50.339130671614384,60.35879465878952,60.68070002078366,0.8295739939449084,10,10,"{""rwh"":10}"
medellin,211,22365215,10,base,hazard_only,60.56744831583592,73.98920839248012,73.91950421628917,0.8193703266544509,10,6,"{""drainage"":2,""rwh"":4}"
medellin,211,22365215,10,base,random_feasible,13.37602834870404,18.10299448304113,17.91883096190668,0.7464788510556241,10,6,"{""rwh"":3,""restoration"":2,""drainage"":1}"
medellin,212,22375188,10,base,ourea_robust,69.88737998752049,85.97827344577627,85.84797957526052,0.8140829910417656,10,6,"{""rwh"":4,""drainage"":2}"
medellin,212,22375188,10,base,deterministic_central,68.00981132236757,85.02846984052348,85.55470280801546,0.794927795786766,10,4,"{""drainage"":3,""rwh"":1}"
medellin,212,22375188,10,base,greedy_opportunity,48.759840397442986,60.35879465878952,59.24902278937452,0.8229644659419999,10,10,"{""rwh"":10}"
medellin,212,22375188,10,base,hazard_only,57.148544951876374,73.98920839248012,73.38782962006462,0.7787196493988107,10,6,"{""drainage"":2,""rwh"":4}"
medellin,212,22375188,10,base,random_feasible,13.590906868280399,18.10299448304113,17.51193202323975,0.776094085463795,10,6,"{""rwh"":3,""restoration"":2,""drainage"":1}"
medellin,213,22385161,10,base,ourea_robust,68.12120325565138,85.97827344577627,84.26846264332926,0.8083831260097623,10,6,"{""rwh"":4,""drainage"":2}"
medellin,213,22385161,10,base,deterministic_central,63.5939492547418,85.02846984052348,83.16986354170103,0.7646273126666374,10,4,"{""drainage"":3,""rwh"":1}"
medellin,213,22385161,10,base,greedy_opportunity,51.09635748444998,60.35879465878952,59.96292650458372,0.8521324835695611,10,10,"{""rwh"":10}"
medellin,213,22385161,10,base,hazard_only,61.03929638883892,73.98920839248012,72.64793260432543,0.8402069295115036,10,6,"{""drainage"":2,""rwh"":4}"
medellin,213,22385161,10,base,random_feasible,13.208273540299615,18.10299448304113,18.25726527875986,0.7234530110961283,10,6,"{""rwh"":3,""restoration"":2,""drainage"":1}"
medellin,214,22395134,10,base,ourea_robust,70.00895908804432,85.97827344577627,85.96893280676022,0.8143518455138845,10,6,"{""rwh"":4,""drainage"":2}"
medellin,214,22395134,10,base,deterministic_central,68.10697411447609,85.02846984052348,86.13601740366903,0.7906910043832026,10,4,"{""drainage"":3,""rwh"":1}"
medellin,214,22395134,10,base,greedy_opportunity,50.26841771094951,60.35879465878952,58.96859835300302,0.8524607861633114,10,10,"{""rwh"":10}"
medellin,214,22395134,10,base,hazard_only,59.50116086526805,73.98920839248012,73.17654117268148,0.8131179734890398,10,6,"{""drainage"":2,""rwh"":4}"
medellin,214,22395134,10,base,random_feasible,13.404781237313273,18.10299448304113,17.66203589495035,0.7589601401017284,10,6,"{""rwh"":3,""restoration"":2,""drainage"":1}"
medellin,215,22405107,10,base,ourea_robust,70.96140682940495,85.97827344577627,85.13008962998265,0.833564338271441,10,6,"{""rwh"":4,""drainage"":2}"
medellin,215,22405107,10,base,deterministic_central,66.5259118737772,85.02846984052348,83.87932810303755,0.7931145060205612,10,4,"{""drainage"":3,""rwh"":1}"
medellin,215,22405107,10,base,greedy_opportunity,51.359658049074824,60.35879465878952,60.046884557817066,0.8553259411755557,10,10,"{""rwh"":10}"
medellin,215,22405107,10,base,hazard_only,61.615646816268054,73.98920839248012,74.16253123981278,0.8308190913417858,10,6,"{""drainage"":2,""rwh"":4}"
medellin,215,22405107,10,base,random_feasible,13.169911200578099,18.10299448304113,18.422670000979906,0.7148752705160321,10,6,"{""rwh"":3,""restoration"":2,""drainage"":1}"
medellin,216,22415080,10,base,ourea_robust,71.64762059796885,85.97827344577627,85.15940753437326,0.8413353576825838,10,6,"{""rwh"":4,""drainage"":2}"
medellin,216,22415080,10,base,deterministic_central,67.57141839919859,85.02846984052348,85.60724938785825,0.7893188822485669,10,4,"{""drainage"":3,""rwh"":1}"
medellin,216,22415080,10,base,greedy_opportunity,50.84057860465373,60.35879465878952,59.58414408691442,0.8532568417949145,10,10,"{""rwh"":10}"
medellin,216,22415080,10,base,hazard_only,62.13138188869743,73.98920839248012,72.97545093150802,0.8514011368975518,10,6,"{""drainage"":2,""rwh"":4}"
medellin,216,22415080,10,base,random_feasible,13.55419121020077,18.10299448304113,18.670604067735894,0.7259642570228008,10,6,"{""rwh"":3,""restoration"":2,""drainage"":1}"
medellin,217,22425053,10,base,ourea_robust,71.41702290255671,85.97827344577627,88.22134280490354,0.8095209235308441,10,6,"{""rwh"":4,""drainage"":2}"
medellin,217,22425053,10,base,deterministic_central,66.87676552110543,85.02846984052348,84.37737993217979,0.792591160982471,10,4,"{""drainage"":3,""rwh"":1}"
medellin,217,22425053,10,base,greedy_opportunity,50.66492956088814,60.35879465878952,62.42178756870635,0.8116545766191383,10,10,"{""rwh"":10}"
medellin,217,22425053,10,base,hazard_only,62.01000963137767,73.98920839248012,74.9142296977443,0.8277467429294653,10,6,"{""drainage"":2,""rwh"":4}"
medellin,217,22425053,10,base,random_feasible,13.34342735133714,18.10299448304113,18.103506843422565,0.737063126318265,10,6,"{""rwh"":3,""restoration"":2,""drainage"":1}"
medellin,218,22435026,10,base,ourea_robust,70.33682856538235,85.97827344577627,84.43323899656389,0.8330466697865848,10,6,"{""rwh"":4,""drainage"":2}"
medellin,218,22435026,10,base,deterministic_central,67.58856337443649,85.02846984052348,86.25104542508916,0.7836260191551947,10,4,"{""drainage"":3,""rwh"":1}"
medellin,218,22435026,10,base,greedy_opportunity,49.541686625638704,60.35879465878952,58.97479284043084,0.8400485061420147,10,10,"{""rwh"":10}"
medellin,218,22435026,10,base,hazard_only,59.915465621892054,73.98920839248012,73.01582494044851,0.8205819172865462,10,6,"{""drainage"":2,""rwh"":4}"
medellin,218,22435026,10,base,random_feasible,12.503513108521474,18.10299448304113,17.345501780214363,0.7208504698770929,10,6,"{""rwh"":3,""restoration"":2,""drainage"":1}"
medellin,219,22444999,10,base,ourea_robust,69.3770517230405,85.97827344577627,84.1529009357605,0.8244166386611034,10,6,"{""rwh"":4,""drainage"":2}"
medellin,219,22444999,10,base,deterministic_central,65.43995010056824,85.02846984052348,83.922976321026,0.7797620266736531,10,4,"{""drainage"":3,""rwh"":1}"
medellin,219,22444999,10,base,greedy_opportunity,50.1256511115198,60.35879465878952,59.96069646577098,0.8359751314785746,10,10,"{""rwh"":10}"
medellin,219,22444999,10,base,hazard_only,60.57072070614913,73.98920839248012,74.3514762083696,0.8146539086379404,10,6,"{""drainage"":2,""rwh"":4}"
medellin,219,22444999,10,base,random_feasible,13.1405990359317,18.10299448304113,17.810443898945323,0.7378030053877458,10,6,"{""rwh"":3,""restoration"":2,""drainage"":1}"
medellin,220,22454972,10,base,ourea_robust,71.59226923028882,85.97827344577627,86.64236560558538,0.8262963358617443,10,6,"{""rwh"":4,""drainage"":2}"
medellin,220,22454972,10,base,deterministic_central,68.85483047010985,85.02846984052348,85.92018403154452,0.8013813197237876,10,4,"{""drainage"":3,""rwh"":1}"
medellin,220,22454972,10,base,greedy_opportunity,50.01999995167944,60.35879465878952,59.14716219882985,0.8456872332020187,10,10,"{""rwh"":10}"
medellin,220,22454972,10,base,hazard_only,59.40691038121531,73.98920839248012,74.37117951530536,0.798789406977061,10,6,"{""drainage"":2,""rwh"":4}"
medellin,220,22454972,10,base,random_feasible,13.19355464081491,18.10299448304113,17.64109268132961,0.7478876098632067,10,6,"{""rwh"":3,""restoration"":2,""drainage"":1}"
medellin,221,22464945,10,base,ourea_robust,68.9288851197166,85.97827344577627,86.47321394196251,0.7971125621163914,10,6,"{""rwh"":4,""drainage"":2}"
medellin,221,22464945,10,base,deterministic_central,64.63830366004413,85.02846984052348,84.33834489070796,0.766416553986296,10,4,"{""drainage"":3,""rwh"":1}"
medellin,221,22464945,10,base,greedy_opportunity,52.44277785360646,60.35879465878952,60.53906403870769,0.8662634397531386,10,10,"{""rwh"":10}"
medellin,221,22464945,10,base,hazard_only,60.67759362353445,73.98920839248012,73.38754497423406,0.8268105118496333,10,6,"{""drainage"":2,""rwh"":4}"
medellin,221,22464945,10,base,random_feasible,13.009092613355278,18.10299448304113,18.37785146209717,0.7078679812047387,10,6,"{""rwh"":3,""restoration"":2,""drainage"":1}"
medellin,222,22474918,10,base,ourea_robust,67.33740101465719,85.97827344577627,85.47293531656305,0.7878213233845552,10,6,"{""rwh"":4,""drainage"":2}"
medellin,222,22474918,10,base,deterministic_central,67.47458413125742,85.02846984052348,84.83159650283551,0.7953944864046272,10,4,"{""drainage"":3,""rwh"":1}"
medellin,222,22474918,10,base,greedy_opportunity,49.031912247578475,60.35879465878952,59.406431829605935,0.8253636977931202,10,10,"{""rwh"":10}"
medellin,222,22474918,10,base,hazard_only,59.76393277350462,73.98920839248012,72.9004669642095,0.8198017826531309,10,6,"{""drainage"":2,""rwh"":4}"
medellin,222,22474918,10,base,random_feasible,13.270750509690515,18.10299448304113,17.59056707873515,0.7544242576314231,10,6,"{""rwh"":3,""restoration"":2,""drainage"":1}"
medellin,223,22484891,10,base,ourea_robust,69.92148802372503,85.97827344577627,86.84895324297668,0.8050930427233383,10,6,"{""rwh"":4,""drainage"":2}"
medellin,223,22484891,10,base,deterministic_central,65.47714780642173,85.02846984052348,85.5869747353122,0.7650363622375662,10,4,"{""drainage"":3,""rwh"":1}"
medellin,223,22484891,10,base,greedy_opportunity,51.433763287343936,60.35879465878952,60.89885011930164,0.844576920361953,10,10,"{""rwh"":10}"
medellin,223,22484891,10,base,hazard_only,62.14828866831613,73.98920839248012,75.15236343580136,0.8269638615079096,10,6,"{""drainage"":2,""rwh"":4}"
medellin,223,22484891,10,base,random_feasible,13.838907289604776,18.10299448304113,18.488374951550668,0.7485193980471535,10,6,"{""rwh"":3,""restoration"":2,""drainage"":1}"
medellin,224,22494864,10,base,ourea_robust,67.96273073985822,85.97827344577627,87.22893612277585,0.7791305702066548,10,6,"{""rwh"":4,""drainage"":2}"
medellin,224,22494864,10,base,deterministic_central,67.13296987863623,85.02846984052348,85.5981651285656,0.7842804781832033,10,4,"{""drainage"":3,""rwh"":1}"
medellin,224,22494864,10,base,greedy_opportunity,50.703590051408355,60.35879465878952,59.39579929382762,0.853656161786469,10,10,"{""rwh"":10}"
medellin,224,22494864,10,base,hazard_only,58.915043560840786,73.98920839248012,74.45199730275954,0.7913158235535627,10,6,"{""drainage"":2,""rwh"":4}"
medellin,224,22494864,10,base,random_feasible,13.092878166426999,18.10299448304113,18.871052951855745,0.6938075050623749,10,6,"{""rwh"":3,""restoration"":2,""drainage"":1}"
medellin,225,22504837,10,base,ourea_robust,69.13810865404184,85.97827344577627,84.2595292941055,0.8205375609531028,10,6,"{""rwh"":4,""drainage"":2}"
medellin,225,22504837,10,base,deterministic_central,65.2738888808185,85.02846984052348,83.85710146051088,0.7783942891414701,10,4,"{""drainage"":3,""rwh"":1}"
medellin,225,22504837,10,base,greedy_opportunity,50.90512650477967,60.35879465878952,61.456656939194545,0.8283093978760576,10,10,"{""rwh"":10}"
medellin,225,22504837,10,base,hazard_only,59.87406210505651,73.98920839248012,74.34612016213669,0.8053421210747919,10,6,"{""drainage"":2,""rwh"":4}"
medellin,225,22504837,10,base,random_feasible,13.271571994324404,18.10299448304113,18.16438221786575,0.730637124629046,10,6,"{""rwh"":3,""restoration"":2,""drainage"":1}"
medellin,226,22514810,10,base,ourea_robust,71.332185911745,85.97827344577627,87.56310979101318,0.8146374207356669,10,6,"{""rwh"":4,""drainage"":2}"
medellin,226,22514810,10,base,deterministic_central,68.41062838408789,85.02846984052348,86.83344329430156,0.7878373330448976,10,4,"{""drainage"":3,""rwh"":1}"
medellin,226,22514810,10,base,greedy_opportunity,50.532203997080614,60.35879465878952,59.83819470864273,0.8444807575349862,10,10,"{""rwh"":10}"
medellin,226,22514810,10,base,hazard_only,60.327090798724385,73.98920839248012,75.07599894333998,0.8035469610501402,10,6,"{""drainage"":2,""rwh"":4}"
medellin,226,22514810,10,base,random_feasible,12.827511979643077,18.10299448304113,18.021158209009172,0.7118028614404108,10,6,"{""rwh"":3,""restoration"":2,""drainage"":1}"
medellin,227,22524783,10,base,ourea_robust,70.10944840817137,85.97827344577627,85.7266155614866,0.8178259219610279,10,6,"{""rwh"":4,""drainage"":2}"
medellin,227,22524783,10,base,deterministic_central,64.03463677330592,85.02846984052348,86.14304055992716,0.7433524096326611,10,4,"{""drainage"":3,""rwh"":1}"
medellin,227,22524783,10,base,greedy_opportunity,50.09913067286061,60.35879465878952,60.50010304959142,0.8280833940364495,10,10,"{""rwh"":10}"
medellin,227,22524783,10,base,hazard_only,60.29083927176907,73.98920839248012,73.82169398322276,0.8167089647857606,10,6,"{""drainage"":2,""rwh"":4}"
medellin,227,22524783,10,base,random_feasible,13.094550378920758,18.10299448304113,17.268165468753068,0.7583058201877604,10,6,"{""rwh"":3,""restoration"":2,""drainage"":1}"
medellin,228,22534756,10,base,ourea_robust,70.20429368096029,85.97827344577627,85.53234113683129,0.8207923780392052,10,6,"{""rwh"":4,""drainage"":2}"
medellin,228,22534756,10,base,deterministic_central,65.98199207652578,85.02846984052348,85.31347554220883,0.7734064478932311,10,4,"{""drainage"":3,""rwh"":1}"
medellin,228,22534756,10,base,greedy_opportunity,50.66639508792014,60.35879465878952,59.23762000292572,0.8553077433802665,10,10,"{""rwh"":10}"
medellin,228,22534756,10,base,hazard_only,59.123712424886435,73.98920839248012,71.25903085884829,0.8297013264466113,10,6,"{""drainage"":2,""rwh"":4}"
medellin,228,22534756,10,base,random_feasible,13.367974790723565,18.10299448304113,17.43481583610719,0.7667402349635796,10,6,"{""rwh"":3,""restoration"":2,""drainage"":1}"
medellin,229,22544729,10,base,ourea_robust,70.87906943459438,85.97827344577627,85.51071184297052,0.8288911167615436,10,6,"{""rwh"":4,""drainage"":2}"
medellin,229,22544729,10,base,deterministic_central,65.99885737916247,85.02846984052348,83.12383987352314,0.7939822977329111,10,4,"{""drainage"":3,""rwh"":1}"
medellin,229,22544729,10,base,greedy_opportunity,51.02610090534654,60.35879465878952,60.29705947957518,0.846245262136389,10,10,"{""rwh"":10}"
medellin,229,22544729,10,base,hazard_only,62.35425702496377,73.98920839248012,73.5784518347009,0.84745269124508,10,6,"{""drainage"":2,""rwh"":4}"
medellin,229,22544729,10,base,random_feasible,12.878919869207948,18.10299448304113,17.86157957319392,0.7210403657992384,10,6,"{""rwh"":3,""restoration"":2,""drainage"":1}"
medellin,230,22554702,10,base,ourea_robust,68.30026607197442,85.97827344577627,85.34967615344385,0.8002404830357228,10,6,"{""rwh"":4,""drainage"":2}"
medellin,230,22554702,10,base,deterministic_central,67.86780542027964,85.02846984052348,85.31560881587393,0.7954910755750485,10,4,"{""drainage"":3,""rwh"":1}"
medellin,230,22554702,10,base,greedy_opportunity,48.94306861703535,60.35879465878952,59.27130594757227,0.8257464186857526,10,10,"{""rwh"":10}"
medellin,230,22554702,10,base,hazard_only,59.38607570550812,73.98920839248012,74.47416438925484,0.7974050624470835,10,6,"{""drainage"":2,""rwh"":4}"
medellin,230,22554702,10,base,random_feasible,13.14811553495747,18.10299448304113,17.61596359282339,0.7463750402114767,10,6,"{""rwh"":3,""restoration"":2,""drainage"":1}"
medellin,231,22564675,10,base,ourea_robust,68.66749842572108,85.97827344577627,86.30094413176539,0.7956749386296245,10,6,"{""rwh"":4,""drainage"":2}"
medellin,231,22564675,10,base,deterministic_central,64.15609747446433,85.02846984052348,84.8050974216876,0.7565122784477504,10,4,"{""drainage"":3,""rwh"":1}"
medellin,231,22564675,10,base,greedy_opportunity,51.85001588835303,60.35879465878952,60.60365152132772,0.8555592705516416,10,10,"{""rwh"":10}"
medellin,231,22564675,10,base,hazard_only,62.30466643880072,73.98920839248012,73.83469948506036,0.8438399136629166,10,6,"{""drainage"":2,""rwh"":4}"
medellin,231,22564675,10,base,random_feasible,13.293583303040123,18.10299448304113,18.454278947323473,0.7203523551901314,10,6,"{""rwh"":3,""restoration"":2,""drainage"":1}"
medellin,232,22574648,10,base,ourea_robust,70.8794878318422,85.97827344577627,86.83228174372789,0.8162803787770093,10,6,"{""rwh"":4,""drainage"":2}"
medellin,232,22574648,10,base,deterministic_central,70.2462522810929,85.02846984052348,87.36224252404554,0.8040802325072911,10,4,"{""drainage"":3,""rwh"":1}"
medellin,232,22574648,10,base,greedy_opportunity,49.672448144916416,60.35879465878952,59.78929658920015,0.8307916463076243,10,10,"{""rwh"":10}"
medellin,232,22574648,10,base,hazard_only,58.292837110311666,73.98920839248012,72.57142885210942,0.8032477523503697,10,6,"{""drainage"":2,""rwh"":4}"
medellin,232,22574648,10,base,random_feasible,12.914304905020344,18.10299448304113,18.48128708684999,0.6987773548634107,10,6,"{""rwh"":3,""restoration"":2,""drainage"":1}"
medellin,233,22584621,10,base,ourea_robust,66.56206784563028,85.97827344577627,84.724859805101,0.7856261786534441,10,6,"{""rwh"":4,""drainage"":2}"
medellin,233,22584621,10,base,deterministic_central,64.78443982563522,85.02846984052348,83.0405688321539,0.7801540950012161,10,4,"{""drainage"":3,""rwh"":1}"
medellin,233,22584621,10,base,greedy_opportunity,50.551754332487235,60.35879465878952,61.14552531565505,0.826744951024969,10,10,"{""rwh"":10}"
medellin,233,22584621,10,base,hazard_only,60.21732793135152,73.98920839248012,73.47632213414181,0.8195473886324353,10,6,"{""drainage"":2,""rwh"":4}"
medellin,233,22584621,10,base,random_feasible,13.31175525334811,18.10299448304113,17.97592200891586,0.7405325438520275,10,6,"{""rwh"":3,""restoration"":2,""drainage"":1}"
medellin,234,22594594,10,base,ourea_robust,71.17050896497722,85.97827344577627,87.26939184711819,0.815526583359907,10,6,"{""rwh"":4,""drainage"":2}"
medellin,234,22594594,10,base,deterministic_central,69.52165189274956,85.02846984052348,86.31197990680676,0.8054693214987521,10,4,"{""drainage"":3,""rwh"":1}"
medellin,234,22594594,10,base,greedy_opportunity,50.226725737311426,60.35879465878952,60.21603305546296,0.8341088442516511,10,10,"{""rwh"":10}"
medellin,234,22594594,10,base,hazard_only,60.27139417793251,73.98920839248012,72.81754641433554,0.8277042710967658,10,6,"{""drainage"":2,""rwh"":4}"
medellin,234,22594594,10,base,random_feasible,12.727157218300817,18.10299448304113,18.11802074474872,0.7024584747751558,10,6,"{""rwh"":3,""restoration"":2,""drainage"":1}"
medellin,235,22604567,10,base,ourea_robust,71.29512855625353,85.97827344577627,84.73299080354809,0.8414093245162324,10,6,"{""rwh"":4,""drainage"":2}"
medellin,235,22604567,10,base,deterministic_central,65.28997597496254,85.02846984052348,82.65477087217869,0.7899117653587123,10,4,"{""drainage"":3,""rwh"":1}"
medellin,235,22604567,10,base,greedy_opportunity,51.78476067569272,60.35879465878952,59.97583822384604,0.8634270434440282,10,10,"{""rwh"":10}"
medellin,235,22604567,10,base,hazard_only,61.421928978698816,73.98920839248012,72.97663204409582,0.8416657121362476,10,6,"{""drainage"":2,""rwh"":4}"
medellin,235,22604567,10,base,random_feasible,13.629132006250074,18.10299448304113,18.159675912615057,0.7505162576597674,10,6,"{""rwh"":3,""restoration"":2,""drainage"":1}"
medellin,236,22614540,10,base,ourea_robust,67.50813141816934,85.97827344577627,85.8918667027474,0.7859665182478794,10,6,"{""rwh"":4,""drainage"":2}"
medellin,236,22614540,10,base,deterministic_central,67.8465311535765,85.02846984052348,85.86152964046323,0.7901854467032817,10,4,"{""drainage"":3,""rwh"":1}"
medellin,236,22614540,10,base,greedy_opportunity,49.72195646261844,60.35879465878952,59.15714195693681,0.8405064007117403,10,10,"{""rwh"":10}"
medellin,236,22614540,10,base,hazard_only,60.65427643796602,73.98920839248012,73.72040069655077,0.8227610792246265,10,6,"{""drainage"":2,""rwh"":4}"
medellin,236,22614540,10,base,random_feasible,13.235424529901593,18.10299448304113,17.534419963686105,0.7548253410898246,10,6,"{""rwh"":3,""restoration"":2,""drainage"":1}"
medellin,237,22624513,10,base,ourea_robust,69.53456065997307,85.97827344577627,85.6639467272721,0.8117132506321465,10,6,"{""rwh"":4,""drainage"":2}"
medellin,237,22624513,10,base,deterministic_central,67.82781123330415,85.02846984052348,85.42915108433681,0.7939656472337366,10,4,"{""drainage"":3,""rwh"":1}"
medellin,237,22624513,10,base,greedy_opportunity,52.012977869188035,60.35879465878952,60.261329830656905,0.863123631943604,10,10,"{""rwh"":10}"
medellin,237,22624513,10,base,hazard_only,61.98808583932805,73.98920839248012,75.29433308118996,0.8232769094652347,10,6,"{""drainage"":2,""rwh"":4}"
medellin,237,22624513,10,base,random_feasible,13.25484440221635,18.10299448304113,18.340912671197657,0.7226927383516522,10,6,"{""rwh"":3,""restoration"":2,""drainage"":1}"
medellin,238,22634486,10,base,ourea_robust,69.18407318530308,85.97827344577627,84.5310390219679,0.8184457920518822,10,6,"{""rwh"":4,""drainage"":2}"
medellin,238,22634486,10,base,deterministic_central,67.89634829006445,85.02846984052348,85.21104537638212,0.7968021984727726,10,4,"{""drainage"":3,""rwh"":1}"
medellin,238,22634486,10,base,greedy_opportunity,49.60169443165478,60.35879465878952,59.17413491070511,0.8382326924847262,10,10,"{""rwh"":10}"
medellin,238,22634486,10,base,hazard_only,58.784546841376596,73.98920839248012,72.40658334380305,0.8118674314772469,10,6,"{""drainage"":2,""rwh"":4}"
medellin,238,22634486,10,base,random_feasible,13.132300339848825,18.10299448304113,18.097128369412985,0.7256565832866884,10,6,"{""rwh"":3,""restoration"":2,""drainage"":1}"
medellin,239,22644459,10,base,ourea_robust,67.94883676862946,85.97827344577627,85.83067179818272,0.791661481205698,10,6,"{""rwh"":4,""drainage"":2}"
medellin,239,22644459,10,base,deterministic_central,64.19978899874422,85.02846984052348,84.02967236360473,0.7640133204488215,10,4,"{""drainage"":3,""rwh"":1}"
medellin,239,22644459,10,base,greedy_opportunity,52.823510677135346,60.35879465878952,61.00465439675463,0.8658931224097794,10,10,"{""rwh"":10}"
medellin,239,22644459,10,base,hazard_only,59.68397802090885,73.98920839248012,74.34991326571117,0.8027444202605953,10,6,"{""drainage"":2,""rwh"":4}"
medellin,239,22644459,10,base,random_feasible,13.425549441924431,18.10299448304113,18.639370393143963,0.7202791273927736,10,6,"{""rwh"":3,""restoration"":2,""drainage"":1}"
medellin,240,22654432,10,base,ourea_robust,72.03710820669767,85.97827344577627,86.94551507847837,0.8285316170900346,10,6,"{""rwh"":4,""drainage"":2}"
medellin,240,22654432,10,base,deterministic_central,69.02380456983792,85.02846984052348,86.59339361266211,0.7971024311460282,10,4,"{""drainage"":3,""rwh"":1}"
medellin,240,22654432,10,base,greedy_opportunity,49.85275783770112,60.35879465878952,59.30538320538108,0.8406110060035449,10,10,"{""rwh"":10}"
medellin,240,22654432,10,base,hazard_only,59.313714583757246,73.98920839248012,73.44158046274015,0.8076312384623785,10,6,"{""drainage"":2,""rwh"":4}"
medellin,240,22654432,10,base,random_feasible,13.136717753573521,18.10299448304113,18.59170309882893,0.7065903367616164,10,6,"{""rwh"":3,""restoration"":2,""drainage"":1}"
medellin,241,22664405,10,base,ourea_robust,70.51023633531395,85.97827344577627,87.20387918949291,0.808567657662294,10,6,"{""rwh"":4,""drainage"":2}"
medellin,241,22664405,10,base,deterministic_central,67.68251251079027,85.02846984052348,85.37262874709268,0.7927893694276712,10,4,"{""drainage"":3,""rwh"":1}"
medellin,241,22664405,10,base,greedy_opportunity,50.96046927900534,60.35879465878952,61.52401825925563,0.8283020309932192,10,10,"{""rwh"":10}"
medellin,241,22664405,10,base,hazard_only,61.693113833354346,73.98920839248012,74.65845493332017,0.8263379397344134,10,6,"{""drainage"":2,""rwh"":4}"
medellin,241,22664405,10,base,random_feasible,13.499268164067871,18.10299448304113,18.686012842857053,0.7224263558840549,10,6,"{""rwh"":3,""restoration"":2,""drainage"":1}"
medellin,242,22674378,10,base,ourea_robust,67.67350923614231,85.97827344577627,83.03103033845491,0.8150387747844201,10,6,"{""rwh"":4,""drainage"":2}"
medellin,242,22674378,10,base,deterministic_central,65.9273760511669,85.02846984052348,84.37275313939881,0.7813823017277052,10,4,"{""drainage"":3,""rwh"":1}"
medellin,242,22674378,10,base,greedy_opportunity,49.815822748495066,60.35879465878952,58.80781314024625,0.8470953107828227,10,10,"{""rwh"":10}"
medellin,242,22674378,10,base,hazard_only,59.789514611860795,73.98920839248012,72.014760882053,0.830239715851936,10,6,"{""drainage"":2,""rwh"":4}"
medellin,242,22674378,10,base,random_feasible,12.743834940812576,18.10299448304113,17.599883815635167,0.724086310700038,10,6,"{""rwh"":3,""restoration"":2,""drainage"":1}"
medellin,243,22684351,10,base,ourea_robust,72.10802429741125,85.97827344577627,87.80607702166208,0.8212190629997277,10,6,"{""rwh"":4,""drainage"":2}"
medellin,243,22684351,10,base,deterministic_central,64.53069724055058,85.02846984052348,84.96831434664182,0.7594677820403414,10,4,"{""drainage"":3,""rwh"":1}"
medellin,243,22684351,10,base,greedy_opportunity,51.5940328074048,60.35879465878952,60.22567380030887,0.8566783823536102,10,10,"{""rwh"":10}"
medellin,243,22684351,10,base,hazard_only,59.87777988179778,73.98920839248012,75.94923624109788,0.7883921267057658,10,6,"{""drainage"":2,""rwh"":4}"
medellin,243,22684351,10,base,random_feasible,13.468122626335571,18.10299448304113,17.9043298009683,0.7522271303116407,10,6,"{""rwh"":3,""restoration"":2,""drainage"":1}"
medellin,244,22694324,10,base,ourea_robust,67.8875894199914,85.97827344577627,84.77108898947608,0.8008342257868046,10,6,"{""rwh"":4,""drainage"":2}"
medellin,244,22694324,10,base,deterministic_central,66.94072412474316,85.02846984052348,86.74355753001691,0.7717083093067615,10,4,"{""drainage"":3,""rwh"":1}"
medellin,244,22694324,10,base,greedy_opportunity,49.82183870513336,60.35879465878952,58.617199604897905,0.8499525572861105,10,10,"{""rwh"":10}"
medellin,244,22694324,10,base,hazard_only,58.36005925407244,73.98920839248012,72.99483167059134,0.7995094709915599,10,6,"{""drainage"":2,""rwh"":4}"
medellin,244,22694324,10,base,random_feasible,13.086317109930405,18.10299448304113,17.082498817092073,0.7660657407355856,10,6,"{""rwh"":3,""restoration"":2,""drainage"":1}"
medellin,245,22704297,10,base,ourea_robust,68.35442066671112,85.97827344577627,85.06175776014015,0.8035858000896136,10,6,"{""rwh"":4,""drainage"":2}"
medellin,245,22704297,10,base,deterministic_central,66.76598399803379,85.02846984052348,83.51951036746505,0.799405835885293,10,4,"{""drainage"":3,""rwh"":1}"
medellin,245,22704297,10,base,greedy_opportunity,51.174796153633906,60.35879465878952,61.705063856330526,0.8293451615702966,10,10,"{""rwh"":10}"
medellin,245,22704297,10,base,hazard_only,60.67702508957382,73.98920839248012,74.89324263980825,0.8101802372397474,10,6,"{""drainage"":2,""rwh"":4}"
medellin,245,22704297,10,base,random_feasible,13.333743690976917,18.10299448304113,18.146093047174872,0.7347996980018142,10,6,"{""rwh"":3,""restoration"":2,""drainage"":1}"
medellin,246,22714270,10,base,ourea_robust,67.35361104429876,85.97827344577627,86.33280044693038,0.7801624723815335,10,6,"{""rwh"":4,""drainage"":2}"
medellin,246,22714270,10,base,deterministic_central,67.85239188086507,85.02846984052348,86.37545208595247,0.7855518002191751,10,4,"{""drainage"":3,""rwh"":1}"
medellin,246,22714270,10,base,greedy_opportunity,50.1189332045069,60.35879465878952,59.40899886509078,0.8436252783575723,10,10,"{""rwh"":10}"
medellin,246,22714270,10,base,hazard_only,57.89898322366798,73.98920839248012,72.14265005911375,0.8025624672260515,10,6,"{""drainage"":2,""rwh"":4}"
medellin,246,22714270,10,base,random_feasible,12.852061005718497,18.10299448304113,18.07505147501979,0.7110386946051243,10,6,"{""rwh"":3,""restoration"":2,""drainage"":1}"
medellin,247,22724243,10,base,ourea_robust,71.05288181676633,85.97827344577627,85.65439394369014,0.8295299113724048,10,6,"{""rwh"":4,""drainage"":2}"
medellin,247,22724243,10,base,deterministic_central,67.31507300795465,85.02846984052348,84.35092556870222,0.7980359735724276,10,4,"{""drainage"":3,""rwh"":1}"
medellin,247,22724243,10,base,greedy_opportunity,53.17320664487124,60.35879465878952,61.644696564784226,0.8625755273041202,10,10,"{""rwh"":10}"
medellin,247,22724243,10,base,hazard_only,61.95195656324631,73.98920839248012,74.16146546684877,0.8353658624901327,10,6,"{""drainage"":2,""rwh"":4}"
medellin,247,22724243,10,base,random_feasible,13.379839863514917,18.10299448304113,18.69430357989131,0.7157174808002507,10,6,"{""rwh"":3,""restoration"":2,""drainage"":1}"
medellin,248,22734216,10,base,ourea_robust,70.14122775212309,85.97827344577627,86.26855392042171,0.8130567230421498,10,6,"{""rwh"":4,""drainage"":2}"
medellin,248,22734216,10,base,deterministic_central,68.51104714677649,85.02846984052348,85.562409764535,0.8007143246119024,10,4,"{""drainage"":3,""rwh"":1}"
medellin,248,22734216,10,base,greedy_opportunity,50.3825340072367,60.35879465878952,59.356662568067804,0.8488100884961324,10,10,"{""rwh"":10}"
medellin,248,22734216,10,base,hazard_only,59.852050896364744,73.98920839248012,73.2715414712602,0.8168526237412504,10,6,"{""drainage"":2,""rwh"":4}"
medellin,248,22734216,10,base,random_feasible,13.241993119759172,18.10299448304113,18.37634817142043,0.7205998164724373,10,6,"{""rwh"":3,""restoration"":2,""drainage"":1}"
medellin,249,22744189,10,base,ourea_robust,72.18818415310898,85.97827344577627,85.80753444528227,0.8412802514345861,10,6,"{""rwh"":4,""drainage"":2}"
medellin,249,22744189,10,base,deterministic_central,63.79544242149586,85.02846984052348,84.3634119432636,0.7561979885830106,10,4,"{""drainage"":3,""rwh"":1}"
medellin,249,22744189,10,base,greedy_opportunity,52.227266833338945,60.35879465878952,61.81252432977908,0.8449301723174846,10,10,"{""rwh"":10}"
medellin,249,22744189,10,base,hazard_only,61.99370891526178,73.98920839248012,75.29688296820996,0.8233237083855818,10,6,"{""drainage"":2,""rwh"":4}"
medellin,249,22744189,10,base,random_feasible,13.363567678257368,18.10299448304113,18.783494758717097,0.7114526795955032,10,6,"{""rwh"":3,""restoration"":2,""drainage"":1}"
medellin,250,22754162,10,base,ourea_robust,66.20216725217824,85.97827344577627,86.2412576945544,0.7676391674000191,10,6,"{""rwh"":4,""drainage"":2}"
medellin,250,22754162,10,base,deterministic_central,68.12710032068935,85.02846984052348,85.70794363404457,0.7948749839522247,10,4,"{""drainage"":3,""rwh"":1}"
medellin,250,22754162,10,base,greedy_opportunity,49.76842515142471,60.35879465878952,59.06278788567079,0.8426358953417947,10,10,"{""rwh"":10}"
medellin,250,22754162,10,base,hazard_only,58.626453642832985,73.98920839248012,73.25041660760598,0.800356589872903,10,6,"{""drainage"":2,""rwh"":4}"
medellin,250,22754162,10,base,random_feasible,12.763529666084196,18.10299448304113,17.66902265019189,0.7223676101827613,10,6,"{""rwh"":3,""restoration"":2,""drainage"":1}"
medellin,251,22764135,10,base,ourea_robust,69.8735163667252,85.97827344577627,85.82538336776452,0.8141357908920132,10,6,"{""rwh"":4,""drainage"":2}"
medellin,251,22764135,10,base,deterministic_central,65.65421283823116,85.02846984052348,84.6965095186265,0.7751702308793782,10,4,"{""drainage"":3,""rwh"":1}"
medellin,251,22764135,10,base,greedy_opportunity,51.59315811272472,60.35879465878952,61.27007972138881,0.8420612205391669,10,10,"{""rwh"":10}"
medellin,251,22764135,10,base,hazard_only,59.97694221847087,73.98920839248012,73.98564646211071,0.8106564595497056,10,6,"{""drainage"":2,""rwh"":4}"
medellin,251,22764135,10,base,random_feasible,13.206656418258262,18.10299448304113,17.92507146973776,0.7367700843232105,10,6,"{""rwh"":3,""restoration"":2,""drainage"":1}"
medellin,252,22774108,10,base,ourea_robust,69.78112604558646,85.97827344577627,85.81867044838236,0.8131228983273278,10,6,"{""rwh"":4,""drainage"":2}"
medellin,252,22774108,10,base,deterministic_central,65.58621497874856,85.02846984052348,84.44536687807795,0.7766703775879357,10,4,"{""drainage"":3,""rwh"":1}"
medellin,252,22774108,10,base,greedy_opportunity,49.335000116270294,60.35879465878952,59.364343154236394,0.8310544258544469,10,10,"{""rwh"":10}"
medellin,252,22774108,10,base,hazard_only,59.014520309462114,73.98920839248012,72.97505263340099,0.8086944535131574,10,6,"{""drainage"":2,""rwh"":4}"
medellin,252,22774108,10,base,random_feasible,13.284489654843128,18.10299448304113,17.576392786539145,0.7558143366605368,10,6,"{""rwh"":3,""restoration"":2,""drainage"":1}"
medellin,253,22784081,10,base,ourea_robust,69.62946091081267,85.97827344577627,84.8578185733727,0.8205426686829952,10,6,"{""rwh"":4,""drainage"":2}"
medellin,253,22784081,10,base,deterministic_central,64.84182069766075,85.02846984052348,81.89536564210721,0.7917642248650242,10,4,"{""drainage"":3,""rwh"":1}"
medellin,253,22784081,10,base,greedy_opportunity,51.872027634369715,60.35879465878952,60.73854069791469,0.8540216317075695,10,10,"{""rwh"":10}"
medellin,253,22784081,10,base,hazard_only,60.481324415201016,73.98920839248012,72.27854075210234,0.8367812048480214,10,6,"{""drainage"":2,""rwh"":4}"
medellin,253,22784081,10,base,random_feasible,13.523856421350047,18.10299448304113,18.170656311951916,0.744269012036434,10,6,"{""rwh"":3,""restoration"":2,""drainage"":1}"
medellin,254,22794054,10,base,ourea_robust,70.60110841684764,85.97827344577627,86.30310407796787,0.8180598968151278,10,6,"{""rwh"":4,""drainage"":2}"
medellin,254,22794054,10,base,deterministic_central,65.24768534274426,85.02846984052348,86.01571247925995,0.7585554250739566,10,4,"{""drainage"":3,""rwh"":1}"
medellin,254,22794054,10,base,greedy_opportunity,49.109339883444136,60.35879465878952,59.17239117188319,0.8299367139109177,10,10,"{""rwh"":10}"
medellin,254,22794054,10,base,hazard_only,59.726296837692644,73.98920839248012,72.79196852142786,0.8205066857082034,10,6,"{""drainage"":2,""rwh"":4}"
medellin,254,22794054,10,base,random_feasible,12.874354964845224,18.10299448304113,17.809026066674505,0.7229117929664114,10,6,"{""rwh"":3,""restoration"":2,""drainage"":1}"
medellin,255,22804027,10,base,ourea_robust,72.08866684707209,85.97827344577627,87.3541337334218,0.8252461991903524,10,6,"{""rwh"":4,""drainage"":2}"
medellin,255,22804027,10,base,deterministic_central,69.06559337658473,85.02846984052348,84.48087947178465,0.8175292895672518,10,4,"{""drainage"":3,""rwh"":1}"
medellin,255,22804027,10,base,greedy_opportunity,52.308318427060385,60.35879465878952,61.616612451083256,0.8489320711778399,10,10,"{""rwh"":10}"
medellin,255,22804027,10,base,hazard_only,61.21029382056258,73.98920839248012,76.02433668328649,0.8051407811101535,10,6,"{""drainage"":2,""rwh"":4}"
medellin,255,22804027,10,base,random_feasible,13.279395938684502,18.10299448304113,18.428097544817774,0.7206059066264735,10,6,"{""rwh"":3,""restoration"":2,""drainage"":1}"
medellin,256,22814000,10,base,ourea_robust,67.28579136598046,85.97827344577627,84.77174800871353,0.7937289597834444,10,6,"{""rwh"":4,""drainage"":2}"
medellin,256,22814000,10,base,deterministic_central,67.92322455297835,85.02846984052348,83.67248168659671,0.8117749489896964,10,4,"{""drainage"":3,""rwh"":1}"
medellin,256,22814000,10,base,greedy_opportunity,50.22661372190487,60.35879465878952,59.64553836733876,0.8420850091514709,10,10,"{""rwh"":10}"
medellin,256,22814000,10,base,hazard_only,59.120048050297555,73.98920839248012,73.38932854549103,0.8055673654740072,10,6,"{""drainage"":2,""rwh"":4}"
medellin,256,22814000,10,base,random_feasible,13.397587187808767,18.10299448304113,18.28250464216626,0.7328091774093658,10,6,"{""rwh"":3,""restoration"":2,""drainage"":1}"
medellin,257,22823973,10,base,ourea_robust,68.41328004705201,85.97827344577627,88.5451004092065,0.7726376697398688,10,6,"{""rwh"":4,""drainage"":2}"
medellin,257,22823973,10,base,deterministic_central,63.976386523571364,85.02846984052348,85.11273311714785,0.7516664567158858,10,4,"{""drainage"":3,""rwh"":1}"
medellin,257,22823973,10,base,greedy_opportunity,51.174810955782505,60.35879465878952,61.58116140802622,0.83101405991204,10,10,"{""rwh"":10}"
medellin,257,22823973,10,base,hazard_only,61.714772270267076,73.98920839248012,75.38627109848494,0.8186473660388726,10,6,"{""drainage"":2,""rwh"":4}"
medellin,257,22823973,10,base,random_feasible,13.058205654660014,18.10299448304113,18.326590172737724,0.7125278369614629,10,6,"{""rwh"":3,""restoration"":2,""drainage"":1}"
medellin,258,22833946,10,base,ourea_robust,71.18065105581627,85.97827344577627,85.69313979233402,0.8306458513285095,10,6,"{""rwh"":4,""drainage"":2}"
medellin,258,22833946,10,base,deterministic_central,67.33220806187046,85.02846984052348,86.57968351634736,0.7776906235647914,10,4,"{""drainage"":3,""rwh"":1}"
medellin,258,22833946,10,base,greedy_opportunity,50.16839637742305,60.35879465878952,58.79642916117382,0.8532558370152131,10,10,"{""rwh"":10}"
medellin,258,22833946,10,base,hazard_only,59.98640430485102,73.98920839248012,73.73730046399533,0.8135150585576613,10,6,"{""drainage"":2,""rwh"":4}"
medellin,258,22833946,10,base,random_feasible,12.861819540074976,18.10299448304113,18.138565397802267,0.7090869238001236,10,6,"{""rwh"":3,""restoration"":2,""drainage"":1}"
medellin,259,22843919,10,base,ourea_robust,68.48604169616056,85.97827344577627,86.8215306967054,0.7888140320331785,10,6,"{""rwh"":4,""drainage"":2}"
medellin,259,22843919,10,base,deterministic_central,66.73925312885603,85.02846984052348,83.90574348320797,0.7954074460017453,10,4,"{""drainage"":3,""rwh"":1}"
medellin,259,22843919,10,base,greedy_opportunity,52.13392989518388,60.35879465878952,61.45841020812031,0.8482798321440405,10,10,"{""rwh"":10}"
medellin,259,22843919,10,base,hazard_only,60.903764070929356,73.98920839248012,75.38167378988373,0.8079386011073514,10,6,"{""drainage"":2,""rwh"":4}"
medellin,259,22843919,10,base,random_feasible,13.23546010022983,18.10299448304113,18.334778409123373,0.7218772872457446,10,6,"{""rwh"":3,""restoration"":2,""drainage"":1}"
medellin,260,22853892,10,base,ourea_robust,70.93222598583134,85.97827344577627,85.25785978403792,0.8319728663786063,10,6,"{""rwh"":4,""drainage"":2}"
medellin,260,22853892,10,base,deterministic_central,66.60832382865146,85.02846984052348,84.96451693041217,0.783954599344161,10,4,"{""drainage"":3,""rwh"":1}"
medellin,260,22853892,10,base,greedy_opportunity,50.14551657693619,60.35879465878952,58.42273095717837,0.8583220221884343,10,10,"{""rwh"":10}"
medellin,260,22853892,10,base,hazard_only,59.144852246456594,73.98920839248012,72.23609390251886,0.818771462452986,10,6,"{""drainage"":2,""rwh"":4}"
medellin,260,22853892,10,base,random_feasible,12.7792214146275,18.10299448304113,17.60698528433295,0.7258040606189811,10,6,"{""rwh"":3,""restoration"":2,""drainage"":1}"
medellin,261,22863865,10,base,ourea_robust,71.59042158433022,85.97827344577627,86.00660904499091,0.8323827945231576,10,6,"{""rwh"":4,""drainage"":2}"
medellin,261,22863865,10,base,deterministic_central,65.94103840404341,85.02846984052348,84.94449159173473,0.7762838668924308,10,4,"{""drainage"":3,""rwh"":1}"
medellin,261,22863865,10,base,greedy_opportunity,51.74828887915373,60.35879465878952,60.96374283080877,0.8488371362429228,10,10,"{""rwh"":10}"
medellin,261,22863865,10,base,hazard_only,61.412863138582,73.98920839248012,74.8984826846754,0.8199480274805002,10,6,"{""drainage"":2,""rwh"":4}"
medellin,261,22863865,10,base,random_feasible,13.38589107458074,18.10299448304113,18.418358881957374,0.7267689352982236,10,6,"{""rwh"":3,""restoration"":2,""drainage"":1}"
medellin,262,22873838,10,base,ourea_robust,66.78250060340815,85.97827344577627,84.41781136030932,0.7910949067178404,10,6,"{""rwh"":4,""drainage"":2}"
medellin,262,22873838,10,base,deterministic_central,66.24846851155189,85.02846984052348,85.06617135847637,0.7787874716069563,10,4,"{""drainage"":3,""rwh"":1}"
medellin,262,22873838,10,base,greedy_opportunity,49.439108924791526,60.35879465878952,58.96165290566569,0.8384959798174326,10,10,"{""rwh"":10}"
medellin,262,22873838,10,base,hazard_only,59.58696182562926,73.98920839248012,73.59309750021475,0.8096813947185112,10,6,"{""drainage"":2,""rwh"":4}"
medellin,262,22873838,10,base,random_feasible,12.999434479878346,18.10299448304113,17.8839938014612,0.7268753626394253,10,6,"{""rwh"":3,""restoration"":2,""drainage"":1}"
medellin,263,22883811,10,base,ourea_robust,74.73457978495799,85.97827344577627,89.54828012935695,0.8345730334183992,10,6,"{""rwh"":4,""drainage"":2}"
medellin,263,22883811,10,base,deterministic_central,67.19694319770315,85.02846984052348,85.79258708168027,0.7832488270079462,10,4,"{""drainage"":3,""rwh"":1}"
medellin,263,22883811,10,base,greedy_opportunity,51.95232117570913,60.35879465878952,61.44358210766495,0.8455288476618325,10,10,"{""rwh"":10}"
medellin,263,22883811,10,base,hazard_only,63.58629252394485,73.98920839248012,76.30436786967493,0.8333244124706977,10,6,"{""drainage"":2,""rwh"":4}"
medellin,263,22883811,10,base,random_feasible,13.46847729831643,18.10299448304113,18.29733177016078,0.7360896915188897,10,6,"{""rwh"":3,""restoration"":2,""drainage"":1}"
medellin,264,22893784,10,base,ourea_robust,68.07813504046908,85.97827344577627,83.85323088036102,0.8118725340184051,10,6,"{""rwh"":4,""drainage"":2}"
medellin,264,22893784,10,base,deterministic_central,66.13850686747583,85.02846984052348,84.02996548564397,0.7870823995372842,10,4,"{""drainage"":3,""rwh"":1}"
medellin,264,22893784,10,base,greedy_opportunity,50.44347892673795,60.35879465878952,59.28698722871968,0.8508355928449376,10,10,"{""rwh"":10}"
medellin,264,22893784,10,base,hazard_only,58.57409112986534,73.98920839248012,72.456197399556,0.808406916621107,10,6,"{""drainage"":2,""rwh"":4}"
medellin,264,22893784,10,base,random_feasible,13.443294773868274,18.10299448304113,18.47899905678878,0.7274904193974457,10,6,"{""rwh"":3,""restoration"":2,""drainage"":1}"
medellin,265,22903757,10,base,ourea_robust,70.11941241010891,85.97827344577627,86.10187396277115,0.8143773089123152,10,6,"{""rwh"":4,""drainage"":2}"
medellin,265,22903757,10,base,deterministic_central,67.60523496480073,85.02846984052348,84.01167058608826,0.8047124226094806,10,4,"{""drainage"":3,""rwh"":1}"
medellin,265,22903757,10,base,greedy_opportunity,51.649822282313835,60.35879465878952,61.06787236765149,0.8457773339696942,10,10,"{""rwh"":10}"
medellin,265,22903757,10,base,hazard_only,59.50460356306576,73.98920839248012,76.19686066169288,0.7809324826026728,10,6,"{""drainage"":2,""rwh"":4}"
medellin,265,22903757,10,base,random_feasible,13.06541764927124,18.10299448304113,18.82342686444963,0.6941040939759432,10,6,"{""rwh"":3,""restoration"":2,""drainage"":1}"
medellin,266,22913730,10,base,ourea_robust,69.41011937539906,85.97827344577627,86.81703570459922,0.799498840430024,10,6,"{""rwh"":4,""drainage"":2}"
medellin,266,22913730,10,base,deterministic_central,65.65585208049333,85.02846984052348,83.59815599208059,0.785374405707143,10,4,"{""drainage"":3,""rwh"":1}"
medellin,266,22913730,10,base,greedy_opportunity,49.71967220980832,60.35879465878952,59.147195809350706,0.8406091198316461,10,10,"{""rwh"":10}"
medellin,266,22913730,10,base,hazard_only,58.14965491434759,73.98920839248012,73.44057319471585,0.7917919534774484,10,6,"{""drainage"":2,""rwh"":4}"
medellin,266,22913730,10,base,random_feasible,12.426181375165925,18.10299448304113,17.571031994722944,0.7071970148877905,10,6,"{""rwh"":3,""restoration"":2,""drainage"":1}"
medellin,267,22923703,10,base,ourea_robust,71.42327875588308,85.97827344577627,85.90665452823214,0.8314056594115269,10,6,"{""rwh"":4,""drainage"":2}"
medellin,267,22923703,10,base,deterministic_central,67.56525538472579,85.02846984052348,83.41706290224556,0.8099692441090125,10,4,"{""drainage"":3,""rwh"":1}"
medellin,267,22923703,10,base,greedy_opportunity,52.38731434455667,60.35879465878952,60.48568731761952,0.8661109209103128,10,10,"{""rwh"":10}"
medellin,267,22923703,10,base,hazard_only,59.98103073663515,73.98920839248012,75.25497095822584,0.7970374577638295,10,6,"{""drainage"":2,""rwh"":4}"
medellin,267,22923703,10,base,random_feasible,13.170752952158637,18.10299448304113,18.32585387126983,0.7186979141423228,10,6,"{""rwh"":3,""restoration"":2,""drainage"":1}"
medellin,268,22933676,10,base,ourea_robust,65.93492569999898,85.97827344577627,83.94485145156341,0.7854552668789194,10,6,"{""rwh"":4,""drainage"":2}"
medellin,268,22933676,10,base,deterministic_central,62.657865504550045,85.02846984052348,83.65149579489025,0.749034609711993,10,4,"{""drainage"":3,""rwh"":1}"
medellin,268,22933676,10,base,greedy_opportunity,50.226015436584476,60.35879465878952,58.98133676603993,0.8515577670919021,10,10,"{""rwh"":10}"
medellin,268,22933676,10,base,hazard_only,59.72385732729845,73.98920839248012,72.08958627133143,0.8284671950052434,10,6,"{""drainage"":2,""rwh"":4}"
medellin,268,22933676,10,base,random_feasible,13.420183716164956,18.10299448304113,17.619357512747683,0.761672706082239,10,6,"{""rwh"":3,""restoration"":2,""drainage"":1}"
medellin,269,22943649,10,base,ourea_robust,72.23497992948205,85.97827344577627,86.25649705211436,0.8374439305811271,10,6,"{""rwh"":4,""drainage"":2}"
medellin,269,22943649,10,base,deterministic_central,69.88816313825828,85.02846984052348,85.92299839842235,0.8133813349272214,10,4,"{""drainage"":3,""rwh"":1}"
medellin,269,22943649,10,base,greedy_opportunity,52.61436033286191,60.35879465878952,60.85324992194046,0.8646105245053142,10,10,"{""rwh"":10}"
medellin,269,22943649,10,base,hazard_only,61.83177078206927,73.98920839248012,75.40034681696443,0.8200462384101084,10,6,"{""drainage"":2,""rwh"":4}"
medellin,269,22943649,10,base,random_feasible,13.522583868516449,18.10299448304113,17.93127798665091,0.7541338592030891,10,6,"{""rwh"":3,""restoration"":2,""drainage"":1}"
medellin,270,22953622,10,base,ourea_robust,67.48152097505317,85.97827344577627,84.02272868692671,0.8031341284629426,10,6,"{""rwh"":4,""drainage"":2}"
medellin,270,22953622,10,base,deterministic_central,65.45973529794628,85.02846984052348,83.73348364702952,0.781762951293004,10,4,"{""drainage"":3,""rwh"":1}"
medellin,270,22953622,10,base,greedy_opportunity,50.032392498203535,60.35879465878952,58.93837114226744,0.8488933699479689,10,10,"{""rwh"":10}"
medellin,270,22953622,10,base,hazard_only,58.64577075469833,73.98920839248012,72.35076577679729,0.8105756742868627,10,6,"{""drainage"":2,""rwh"":4}"
medellin,270,22953622,10,base,random_feasible,13.227357366280103,18.10299448304113,17.98473994136566,0.7354767102223493,10,6,"{""rwh"":3,""restoration"":2,""drainage"":1}"
medellin,271,22963595,10,base,ourea_robust,69.84190623678296,85.97827344577627,85.79826288063987,0.8140247120614208,10,6,"{""rwh"":4,""drainage"":2}"
medellin,271,22963595,10,base,deterministic_central,66.42554850398801,85.02846984052348,84.31500811914157,0.7878259159997375,10,4,"{""drainage"":3,""rwh"":1}"
medellin,271,22963595,10,base,greedy_opportunity,51.146272070429404,60.35879465878952,61.041440275279456,0.837894254129233,10,10,"{""rwh"":10}"
medellin,271,22963595,10,base,hazard_only,63.60737635917303,73.98920839248012,75.83079335312914,0.8388066845478716,10,6,"{""drainage"":2,""rwh"":4}"
medellin,271,22963595,10,base,random_feasible,13.442487648446331,18.10299448304113,18.26212518512739,0.7360856150188833,10,6,"{""rwh"":3,""restoration"":2,""drainage"":1}"
medellin,272,22973568,10,base,ourea_robust,69.19145991356845,85.97827344577627,85.19038466266375,0.8121979984895277,10,6,"{""rwh"":4,""drainage"":2}"
medellin,272,22973568,10,base,deterministic_central,66.70069258227522,85.02846984052348,86.07501865259883,0.774913483916641,10,4,"{""drainage"":3,""rwh"":1}"
medellin,272,22973568,10,base,greedy_opportunity,51.56033330486525,60.35879465878952,59.525150245388886,0.8661940892599321,10,10,"{""rwh"":10}"
medellin,272,22973568,10,base,hazard_only,60.67533234921348,73.98920839248012,73.01029838934846,0.8310516966475712,10,6,"{""drainage"":2,""rwh"":4}"
medellin,272,22973568,10,base,random_feasible,13.413754519559461,18.10299448304113,18.592391835381477,0.7214647065491043,10,6,"{""rwh"":3,""restoration"":2,""drainage"":1}"
medellin,273,22983541,10,base,ourea_robust,69.9475418748948,85.97827344577627,87.18283842690244,0.802308609549821,10,6,"{""rwh"":4,""drainage"":2}"
medellin,273,22983541,10,base,deterministic_central,67.60400793450663,85.02846984052348,85.11224981506984,0.7942923384283136,10,4,"{""drainage"":3,""rwh"":1}"
medellin,273,22983541,10,base,greedy_opportunity,52.85908061031023,60.35879465878952,61.41569293815746,0.8606771019181805,10,10,"{""rwh"":10}"
medellin,273,22983541,10,base,hazard_only,62.44585492386841,73.98920839248012,74.65299298786204,0.8364815987219909,10,6,"{""drainage"":2,""rwh"":4}"
medellin,273,22983541,10,base,random_feasible,13.679855523874721,18.10299448304113,18.745325022229736,0.7297742507879715,10,6,"{""rwh"":3,""restoration"":2,""drainage"":1}"
medellin,274,22993514,10,base,ourea_robust,69.61877095332056,85.97827344577627,84.9056543027018,0.819954472114647,10,6,"{""rwh"":4,""drainage"":2}"
medellin,274,22993514,10,base,deterministic_central,66.27815175935939,85.02846984052348,83.6945034812893,0.7919056688612353,10,4,"{""drainage"":3,""rwh"":1}"
medellin,274,22993514,10,base,greedy_opportunity,49.55952538486099,60.35879465878952,59.27932588287331,0.8360338895010864,10,10,"{""rwh"":10}"
medellin,274,22993514,10,base,hazard_only,58.748699785222016,73.98920839248012,72.14567472871067,0.8143066095941954,10,6,"{""drainage"":2,""rwh"":4}"
medellin,274,22993514,10,base,random_feasible,12.673630537912231,18.10299448304113,17.53219785537567,0.7228774533836486,10,6,"{""rwh"":3,""restoration"":2,""drainage"":1}"
medellin,275,23003487,10,base,ourea_robust,71.12522107022278,85.97827344577627,86.77330512594835,0.8196670734967056,10,6,"{""rwh"":4,""drainage"":2}"
medellin,275,23003487,10,base,deterministic_central,66.50798466567949,85.02846984052348,85.79679817168562,0.7751802641002078,10,4,"{""drainage"":3,""rwh"":1}"
medellin,275,23003487,10,base,greedy_opportunity,51.927777992092615,60.35879465878952,60.78565665934502,0.8542768285470085,10,10,"{""rwh"":10}"
medellin,275,23003487,10,base,hazard_only,63.90285736435453,73.98920839248012,74.6184135968042,0.8563952821303533,10,6,"{""drainage"":2,""rwh"":4}"
medellin,275,23003487,10,base,random_feasible,12.965017880431333,18.10299448304113,18.0164936037022,0.7196193757572871,10,6,"{""rwh"":3,""restoration"":2,""drainage"":1}"
medellin,276,23013460,10,base,ourea_robust,65.50567274174136,85.97827344577627,82.9870268984937,0.7893483498555165,10,6,"{""rwh"":4,""drainage"":2}"
medellin,276,23013460,10,base,deterministic_central,65.68985010056394,85.02846984052348,84.56309467888514,0.7768146417773696,10,4,"{""drainage"":3,""rwh"":1}"
medellin,276,23013460,10,base,greedy_opportunity,49.79197096990629,60.35879465878952,58.4302093485112,0.8521614337015033,10,10,"{""rwh"":10}"
medellin,276,23013460,10,base,hazard_only,60.3472580492421,73.98920839248012,72.86148078280303,0.8282463847960311,10,6,"{""drainage"":2,""rwh"":4}"
medellin,276,23013460,10,base,random_feasible,12.490446936622448,18.10299448304113,17.535348110266114,0.7123010537389836,10,6,"{""rwh"":3,""restoration"":2,""drainage"":1}"
medellin,277,23023433,10,base,ourea_robust,71.12129006714622,85.97827344577627,87.88829197528003,0.8092237142024584,10,6,"{""rwh"":4,""drainage"":2}"
medellin,277,23023433,10,base,deterministic_central,68.18510191236192,85.02846984052348,85.61397866434572,0.7964248709861427,10,4,"{""drainage"":3,""rwh"":1}"
medellin,277,23023433,10,base,greedy_opportunity,51.37541561838816,60.35879465878952,61.49011726470508,0.8355068733602385,10,10,"{""rwh"":10}"
medellin,277,23023433,10,base,hazard_only,60.30084464520132,73.98920839248012,74.66255388402715,0.8076450845609464,10,6,"{""drainage"":2,""rwh"":4}"
medellin,277,23023433,10,base,random_feasible,13.623772676342469,18.10299448304113,17.665278367012434,0.7712175485319869,10,6,"{""rwh"":3,""restoration"":2,""drainage"":1}"
medellin,278,23033406,10,base,ourea_robust,69.0357149217939,85.97827344577627,84.3475536917299,0.8184673046251335,10,6,"{""rwh"":4,""drainage"":2}"
medellin,278,23033406,10,base,deterministic_central,65.70787841862102,85.02846984052348,83.16617929035738,0.7900793204556826,10,4,"{""drainage"":3,""rwh"":1}"
medellin,278,23033406,10,base,greedy_opportunity,49.92965984031525,60.35879465878952,58.927829510962965,0.8473018649198052,10,10,"{""rwh"":10}"
medellin,278,23033406,10,base,hazard_only,58.44064604316736,73.98920839248012,72.8512728899168,0.8021911453966649,10,6,"{""drainage"":2,""rwh"":4}"
medellin,278,23033406,10,base,random_feasible,13.109660091906335,18.10299448304113,18.158040837262433,0.7219754713296916,10,6,"{""rwh"":3,""restoration"":2,""drainage"":1}"
medellin,279,23043379,10,base,ourea_robust,69.1771408795039,85.97827344577627,86.60920730271391,0.7987273297366413,10,6,"{""rwh"":4,""drainage"":2}"
medellin,279,23043379,10,base,deterministic_central,68.23810346923665,85.02846984052348,85.19317000420278,0.8009809174358731,10,4,"{""drainage"":3,""rwh"":1}"
medellin,279,23043379,10,base,greedy_opportunity,51.146213525116764,60.35879465878952,61.13380966466684,0.8366272902942845,10,10,"{""rwh"":10}"
medellin,279,23043379,10,base,hazard_only,61.78853882748626,73.98920839248012,75.4396715499829,0.8190457031158729,10,6,"{""drainage"":2,""rwh"":4}"
medellin,279,23043379,10,base,random_feasible,13.454923443232019,18.10299448304113,18.316318486403816,0.7345866721644743,10,6,"{""rwh"":3,""restoration"":2,""drainage"":1}"
medellin,280,23053352,10,base,ourea_robust,67.76270876079843,85.97827344577627,86.13872472485718,0.7866695145214292,10,6,"{""rwh"":4,""drainage"":2}"
medellin,280,23053352,10,base,deterministic_central,66.44262255055673,85.02846984052348,84.93705741401118,0.7822571745886312,10,4,"{""drainage"":3,""rwh"":1}"
medellin,280,23053352,10,base,greedy_opportunity,51.42469101196866,60.35879465878952,59.91163186871199,0.8583423520270441,10,10,"{""rwh"":10}"
medellin,280,23053352,10,base,hazard_only,60.16153499443544,73.98920839248012,73.84965511515838,0.8146488280902843,10,6,"{""drainage"":2,""rwh"":4}"
medellin,280,23053352,10,base,random_feasible,13.31682630888099,18.10299448304113,18.644712626203727,0.7142414354064757,10,6,"{""rwh"":3,""restoration"":2,""drainage"":1}"
medellin,281,23063325,10,base,ourea_robust,70.73965427183566,85.97827344577627,88.68522400227948,0.7976487071850598,10,6,"{""rwh"":4,""drainage"":2}"
medellin,281,23063325,10,base,deterministic_central,69.45089710274442,85.02846984052348,84.87374042901638,0.8182848635123987,10,4,"{""drainage"":3,""rwh"":1}"
medellin,281,23063325,10,base,greedy_opportunity,52.13499545468858,60.35879465878952,61.04684122263461,0.8540162670260857,10,10,"{""rwh"":10}"
medellin,281,23063325,10,base,hazard_only,61.30967390321803,73.98920839248012,75.10687614574954,0.8162990800501783,10,6,"{""drainage"":2,""rwh"":4}"
medellin,281,23063325,10,base,random_feasible,13.64489250349925,18.10299448304113,18.582882246626014,0.7342721286401453,10,6,"{""rwh"":3,""restoration"":2,""drainage"":1}"
medellin,282,23073298,10,base,ourea_robust,65.82298675174843,85.97827344577627,83.93304972111991,0.7842320393510677,10,6,"{""rwh"":4,""drainage"":2}"
medellin,282,23073298,10,base,deterministic_central,64.34270328230787,85.02846984052348,83.87779816244301,0.7671005282911426,10,4,"{""drainage"":3,""rwh"":1}"
medellin,282,23073298,10,base,greedy_opportunity,49.60726345149851,60.35879465878952,59.098118216340026,0.839405127417113,10,10,"{""rwh"":10}"
medellin,282,23073298,10,base,hazard_only,59.732524719152025,73.98920839248012,73.86976539075795,0.8086193912107013,10,6,"{""drainage"":2,""rwh"":4}"
medellin,282,23073298,10,base,random_feasible,12.59656274086501,18.10299448304113,17.858313962756256,0.7053612545470589,10,6,"{""rwh"":3,""restoration"":2,""drainage"":1}"
medellin,283,23083271,10,base,ourea_robust,70.10161743910794,85.97827344577627,88.62097781472767,0.7910273523009803,10,6,"{""rwh"":4,""drainage"":2}"
medellin,283,23083271,10,base,deterministic_central,68.21435160885358,85.02846984052348,87.49434451034494,0.7796429813905081,10,4,"{""drainage"":3,""rwh"":1}"
medellin,283,23083271,10,base,greedy_opportunity,51.853737830528644,60.35879465878952,60.32563009937758,0.859563965516933,10,10,"{""rwh"":10}"
medellin,283,23083271,10,base,hazard_only,60.60683026058723,73.98920839248012,76.11395585558148,0.7962643588724064,10,6,"{""drainage"":2,""rwh"":4}"
medellin,283,23083271,10,base,random_feasible,13.232607702031146,18.10299448304113,17.851751214289834,0.7412498383597688,10,6,"{""rwh"":3,""restoration"":2,""drainage"":1}"
medellin,284,23093244,10,base,ourea_robust,68.42696708997846,85.97827344577627,83.15857540340176,0.822849198149916,10,6,"{""rwh"":4,""drainage"":2}"
medellin,284,23093244,10,base,deterministic_central,67.41374873543737,85.02846984052348,84.2365012080977,0.8002914148689362,10,4,"{""drainage"":3,""rwh"":1}"
medellin,284,23093244,10,base,greedy_opportunity,50.7643006836397,60.35879465878952,58.63897144829025,0.8657092617732102,10,10,"{""rwh"":10}"
medellin,284,23093244,10,base,hazard_only,58.63803063247178,73.98920839248012,72.161235494425,0.8125973762880212,10,6,"{""drainage"":2,""rwh"":4}"
medellin,284,23093244,10,base,random_feasible,13.120188239567597,18.10299448304113,17.556256736787418,0.7473226460670016,10,6,"{""rwh"":3,""restoration"":2,""drainage"":1}"
medellin,285,23103217,10,base,ourea_robust,70.97828730218544,85.97827344577627,87.93162287030191,0.8071986503294447,10,6,"{""rwh"":4,""drainage"":2}"
medellin,285,23103217,10,base,deterministic_central,66.71461898366533,85.02846984052348,86.87999238457269,0.7678939322226721,10,4,"{""drainage"":3,""rwh"":1}"
medellin,285,23103217,10,base,greedy_opportunity,51.185792902151206,60.35879465878952,60.85014578486698,0.8411778187535709,10,10,"{""rwh"":10}"
medellin,285,23103217,10,base,hazard_only,57.689363745053015,73.98920839248012,74.89945125268969,0.7702241175362597,10,6,"{""drainage"":2,""rwh"":4}"
medellin,285,23103217,10,base,random_feasible,13.580906801628771,18.10299448304113,17.844251759462622,0.7610802058106447,10,6,"{""rwh"":3,""restoration"":2,""drainage"":1}"
medellin,286,23113190,10,base,ourea_robust,70.35088741481059,85.97827344577627,85.13520578795897,0.8263430711617615,10,6,"{""rwh"":4,""drainage"":2}"
medellin,286,23113190,10,base,deterministic_central,64.60397076285653,85.02846984052348,83.89068369919869,0.7700970824663051,10,4,"{""drainage"":3,""rwh"":1}"
medellin,286,23113190,10,base,greedy_opportunity,49.99995409202302,60.35879465878952,59.28998218383276,0.8433120107372379,10,10,"{""rwh"":10}"
medellin,286,23113190,10,base,hazard_only,59.983523044058074,73.98920839248012,71.87692589357812,0.8345310027987345,10,6,"{""drainage"":2,""rwh"":4}"
medellin,286,23113190,10,base,random_feasible,12.97204873677083,18.10299448304113,17.7984394811765,0.7288306792564581,10,6,"{""rwh"":3,""restoration"":2,""drainage"":1}"
medellin,287,23123163,10,base,ourea_robust,70.69063937182909,85.97827344577627,86.76826087849349,0.8147061915971924,10,6,"{""rwh"":4,""drainage"":2}"
medellin,287,23123163,10,base,deterministic_central,68.43421917554315,85.02846984052348,85.05162179784111,0.8046198029968693,10,4,"{""drainage"":3,""rwh"":1}"
medellin,287,23123163,10,base,greedy_opportunity,51.55594350161982,60.35879465878952,61.87923873327736,0.8331702935752846,10,10,"{""rwh"":10}"
medellin,287,23123163,10,base,hazard_only,59.92422700359202,73.98920839248012,75.14849686259322,0.7974108532491565,10,6,"{""drainage"":2,""rwh"":4}"
medellin,287,23123163,10,base,random_feasible,13.50682704517294,18.10299448304113,18.350885794774968,0.7360313390985588,10,6,"{""rwh"":3,""restoration"":2,""drainage"":1}"
medellin,288,23133136,10,base,ourea_robust,70.00089939046256,85.97827344577627,85.85864764598318,0.8153040061741235,10,6,"{""rwh"":4,""drainage"":2}"
medellin,288,23133136,10,base,deterministic_central,66.17845373147065,85.02846984052348,85.01155327553306,0.7784642343491598,10,4,"{""drainage"":3,""rwh"":1}"
medellin,288,23133136,10,base,greedy_opportunity,51.78262061650685,60.35879465878952,60.384080800868105,0.8575541753673992,10,10,"{""rwh"":10}"
medellin,288,23133136,10,base,hazard_only,60.42719047697801,73.98920839248012,73.35177097843325,0.8238000210621322,10,6,"{""drainage"":2,""rwh"":4}"
medellin,288,23133136,10,base,random_feasible,13.062284765177083,18.10299448304113,18.542257729168796,0.7044603173986101,10,6,"{""rwh"":3,""restoration"":2,""drainage"":1}"
medellin,289,23143109,10,base,ourea_robust,69.63063958677958,85.97827344577627,87.39145870202901,0.7967671054009187,10,6,"{""rwh"":4,""drainage"":2}"
medellin,289,23143109,10,base,deterministic_central,65.89739288684495,85.02846984052348,87.01897225544508,0.7572761568983197,10,4,"{""drainage"":3,""rwh"":1}"
medellin,289,23143109,10,base,greedy_opportunity,50.625469695850825,60.35879465878952,60.578009822349486,0.8357070469022441,10,10,"{""rwh"":10}"
medellin,289,23143109,10,base,hazard_only,62.05320146783879,73.98920839248012,74.78817757494517,0.8297193952300193,10,6,"{""drainage"":2,""rwh"":4}"
medellin,289,23143109,10,base,random_feasible,13.1469321859513,18.10299448304113,18.747637370590382,0.7012580799421175,10,6,"{""rwh"":3,""restoration"":2,""drainage"":1}"
medellin,290,23153082,10,base,ourea_robust,67.56235585660261,85.97827344577627,82.99984795265254,0.8140057786026754,10,6,"{""rwh"":4,""drainage"":2}"
medellin,290,23153082,10,base,deterministic_central,64.928004110443,85.02846984052348,83.47535383830018,0.7778104688985783,10,4,"{""drainage"":3,""rwh"":1}"
medellin,290,23153082,10,base,greedy_opportunity,49.52545309121524,60.35879465878952,60.196313650215416,0.8227323250887808,10,10,"{""rwh"":10}"
medellin,290,23153082,10,base,hazard_only,59.46706080652666,73.98920839248012,72.65106520224299,0.8185297853649461,10,6,"{""drainage"":2,""rwh"":4}"
medellin,290,23153082,10,base,random_feasible,12.85283715074138,18.10299448304113,17.666743145704004,0.7275159345862107,10,6,"{""rwh"":3,""restoration"":2,""drainage"":1}"
medellin,291,23163055,10,base,ourea_robust,69.57083400909823,85.97827344577627,87.32568989645279,0.7966823290098535,10,6,"{""rwh"":4,""drainage"":2}"
medellin,291,23163055,10,base,deterministic_central,70.65382054940119,85.02846984052348,85.92180798035088,0.8223036992605968,10,4,"{""drainage"":3,""rwh"":1}"
medellin,291,23163055,10,base,greedy_opportunity,51.21126306147107,60.35879465878952,59.686691081881236,0.8580013757374632,10,10,"{""rwh"":10}"
medellin,291,23163055,10,base,hazard_only,60.713361707155855,73.98920839248012,75.40587637875615,0.8051542482206391,10,6,"{""drainage"":2,""rwh"":4}"
medellin,291,23163055,10,base,random_feasible,13.177734899963525,18.10299448304113,17.696101699125848,0.7446688046901584,10,6,"{""rwh"":3,""restoration"":2,""drainage"":1}"
medellin,292,23173028,10,base,ourea_robust,70.42058587614383,85.97827344577627,85.81375526547754,0.8206211889724129,10,6,"{""rwh"":4,""drainage"":2}"
medellin,292,23173028,10,base,deterministic_central,67.32682153958103,85.02846984052348,82.83792975273855,0.8127535507048964,10,4,"{""drainage"":3,""rwh"":1}"
medellin,292,23173028,10,base,greedy_opportunity,50.96921507462321,60.35879465878952,59.65363611274461,0.8544192507945709,10,10,"{""rwh"":10}"
medellin,292,23173028,10,base,hazard_only,58.16271513034735,73.98920839248012,71.7095432066294,0.8110875140112498,10,6,"{""drainage"":2,""rwh"":4}"
medellin,292,23173028,10,base,random_feasible,12.93488528393027,18.10299448304113,17.586039436568626,0.7355200885671456,10,6,"{""rwh"":3,""restoration"":2,""drainage"":1}"
medellin,293,23183001,10,base,ourea_robust,69.13147539400916,85.97827344577627,85.84891523263423,0.8052690614281615,10,6,"{""rwh"":4,""drainage"":2}"
medellin,293,23183001,10,base,deterministic_central,68.86028187745387,85.02846984052348,85.65350159114814,0.8039400678111942,10,4,"{""drainage"":3,""rwh"":1}"
medellin,293,23183001,10,base,greedy_opportunity,51.03041235133651,60.35879465878952,59.7929438531246,0.8534520808456534,10,10,"{""rwh"":10}"
medellin,293,23183001,10,base,hazard_only,60.701834170980874,73.98920839248012,73.2447669019225,0.8287531893201724,10,6,"{""drainage"":2,""rwh"":4}"
medellin,293,23183001,10,base,random_feasible,13.228357659494122,18.10299448304113,17.806550739867816,0.7428927619247792,10,6,"{""rwh"":3,""restoration"":2,""drainage"":1}"
medellin,294,23192974,10,base,ourea_robust,66.47214578418016,85.97827344577627,85.36748132989669,0.7786588610633032,10,6,"{""rwh"":4,""drainage"":2}"
medellin,294,23192974,10,base,deterministic_central,67.4577316112427,85.02846984052348,83.36333389404172,0.8092014613641089,10,4,"{""drainage"":3,""rwh"":1}"
medellin,294,23192974,10,base,greedy_opportunity,50.88773720627387,60.35879465878952,60.18812108888187,0.8454780824795344,10,10,"{""rwh"":10}"
medellin,294,23192974,10,base,hazard_only,61.843535993740716,73.98920839248012,73.29985430459146,0.8437061243908485,10,6,"{""drainage"":2,""rwh"":4}"
medellin,294,23192974,10,base,random_feasible,13.111961228660675,18.10299448304113,17.98848492904517,0.7289085923789724,10,6,"{""rwh"":3,""restoration"":2,""drainage"":1}"
medellin,295,23202947,10,base,ourea_robust,71.74010744707493,85.97827344577627,87.00234622234984,0.8245766989286752,10,6,"{""rwh"":4,""drainage"":2}"
medellin,295,23202947,10,base,deterministic_central,69.43784034172359,85.02846984052348,86.17994850838113,0.80573081724423,10,4,"{""drainage"":3,""rwh"":1}"
medellin,295,23202947,10,base,greedy_opportunity,50.858796090148644,60.35879465878952,60.941694700542484,0.8345484374870185,10,10,"{""rwh"":10}"
medellin,295,23202947,10,base,hazard_only,61.5175015120667,73.98920839248012,74.52455101118676,0.8254662480667936,10,6,"{""drainage"":2,""rwh"":4}"
medellin,295,23202947,10,base,random_feasible,13.14726209819628,18.10299448304113,18.193958859524628,0.7226168971638419,10,6,"{""rwh"":3,""restoration"":2,""drainage"":1}"
medellin,296,23212920,10,base,ourea_robust,68.4485325025621,85.97827344577627,82.85819827664591,0.8260924558608794,10,6,"{""rwh"":4,""drainage"":2}"
medellin,296,23212920,10,base,deterministic_central,64.55509070025892,85.02846984052348,83.72473980778295,0.7710396096597717,10,4,"{""drainage"":3,""rwh"":1}"
medellin,296,23212920,10,base,greedy_opportunity,50.0963465195,60.35879465878952,59.86695895254343,0.8367945757727798,10,10,"{""rwh"":10}"
medellin,296,23212920,10,base,hazard_only,58.608568358270986,73.98920839248012,72.32306892910492,0.8103717005665558,10,6,"{""drainage"":2,""rwh"":4}"
medellin,296,23212920,10,base,random_feasible,12.82830503393916,18.10299448304113,18.415737701009675,0.6965946866866932,10,6,"{""rwh"":3,""restoration"":2,""drainage"":1}"
medellin,297,23222893,10,base,ourea_robust,70.91465048242253,85.97827344577627,89.34051425488406,0.7937569094364797,10,6,"{""rwh"":4,""drainage"":2}"
medellin,297,23222893,10,base,deterministic_central,69.75776205200464,85.02846984052348,86.28414206154503,0.8084656158746714,10,4,"{""drainage"":3,""rwh"":1}"
medellin,297,23222893,10,base,greedy_opportunity,51.44700212011776,60.35879465878952,60.71016747151907,0.8474198682494668,10,10,"{""rwh"":10}"
medellin,297,23222893,10,base,hazard_only,60.521227508842,73.98920839248012,74.90790405393818,0.8079418089880487,10,6,"{""drainage"":2,""rwh"":4}"
medellin,297,23222893,10,base,random_feasible,13.536113625858889,18.10299448304113,18.790655741805494,0.7203640901016408,10,6,"{""rwh"":3,""restoration"":2,""drainage"":1}"
medellin,298,23232866,10,base,ourea_robust,68.48241930731047,85.97827344577627,83.99007715048265,0.8153632146879976,10,6,"{""rwh"":4,""drainage"":2}"
medellin,298,23232866,10,base,deterministic_central,64.2783057399688,85.02846984052348,83.8715798180342,0.7663895908414446,10,4,"{""drainage"":3,""rwh"":1}"
medellin,298,23232866,10,base,greedy_opportunity,49.74486406918459,60.35879465878952,60.65764611380064,0.8200922267220454,10,10,"{""rwh"":10}"
medellin,298,23232866,10,base,hazard_only,58.489915576502426,73.98920839248012,73.71996297764917,0.7934067410510736,10,6,"{""drainage"":2,""rwh"":4}"
medellin,298,23232866,10,base,random_feasible,12.698599442949217,18.10299448304113,17.900234491135052,0.7094096699815914,10,6,"{""rwh"":3,""restoration"":2,""drainage"":1}"
medellin,299,23242839,10,base,ourea_robust,70.58603001391475,85.97827344577627,86.5813801155723,0.8152564664561097,10,6,"{""rwh"":4,""drainage"":2}"
medellin,299,23242839,10,base,deterministic_central,67.49667829210375,85.02846984052348,85.83148542499384,0.7863859976079237,10,4,"{""drainage"":3,""rwh"":1}"
medellin,299,23242839,10,base,greedy_opportunity,51.93033136472559,60.35879465878952,60.4927598297254,0.8584553178082588,10,10,"{""rwh"":10}"
medellin,299,23242839,10,base,hazard_only,60.14185260622389,73.98920839248012,72.47599600045578,0.8298175385660885,10,6,"{""drainage"":2,""rwh"":4}"
medellin,299,23242839,10,base,random_feasible,13.132812757412012,18.10299448304113,18.057822731409487,0.7272644633158907,10,6,"{""rwh"":3,""restoration"":2,""drainage"":1}"
medellin,300,23252812,10,base,ourea_robust,70.16992406200461,85.97827344577627,86.32980159904582,0.8128122938114128,10,6,"{""rwh"":4,""drainage"":2}"
medellin,300,23252812,10,base,deterministic_central,67.05319461908493,85.02846984052348,85.56465004535585,0.7836553364449171,10,4,"{""drainage"":3,""rwh"":1}"
medellin,300,23252812,10,base,greedy_opportunity,51.12560884845834,60.35879465878952,59.26551217038286,0.8626536239402934,10,10,"{""rwh"":10}"
medellin,300,23252812,10,base,hazard_only,60.58976459235919,73.98920839248012,73.6293386485122,0.8229024693756841,10,6,"{""drainage"":2,""rwh"":4}"
medellin,300,23252812,10,base,random_feasible,12.903790983720683,18.10299448304113,17.353541588027383,0.7435825660292485,10,6,"{""rwh"":3,""restoration"":2,""drainage"":1}"
medellin,301,23262785,10,base,ourea_robust,71.0957743848794,85.97827344577627,86.29375234327063,0.8238809004627043,10,6,"{""rwh"":4,""drainage"":2}"
medellin,301,23262785,10,base,deterministic_central,66.57657963723068,85.02846984052348,84.41215851362767,0.7887084136876137,10,4,"{""drainage"":3,""rwh"":1}"
medellin,301,23262785,10,base,greedy_opportunity,50.12096183277663,60.35879465878952,59.75855184544298,0.8387245052793011,10,10,"{""rwh"":10}"
medellin,301,23262785,10,base,hazard_only,60.62904047692018,73.98920839248012,74.17509023096318,0.817377374104111,10,6,"{""drainage"":2,""rwh"":4}"
medellin,301,23262785,10,base,random_feasible,13.179114482644763,18.10299448304113,17.764054971109545,0.7418978664543951,10,6,"{""rwh"":3,""restoration"":2,""drainage"":1}"
medellin,302,23272758,10,base,ourea_robust,67.01272275420752,85.97827344577627,85.23100007846824,0.7862482276696507,10,6,"{""rwh"":4,""drainage"":2}"
medellin,302,23272758,10,base,deterministic_central,65.33892033719849,85.02846984052348,83.26186182814263,0.7847400827051149,10,4,"{""drainage"":3,""rwh"":1}"
medellin,302,23272758,10,base,greedy_opportunity,50.941247715587906,60.35879465878952,60.22353172415933,0.8458694841895542,10,10,"{""rwh"":10}"
medellin,302,23272758,10,base,hazard_only,59.50542360509735,73.98920839248012,72.55035543838358,0.8201947908530209,10,6,"{""drainage"":2,""rwh"":4}"
medellin,302,23272758,10,base,random_feasible,13.204337522809965,18.10299448304113,17.94817433990147,0.7356925151687853,10,6,"{""rwh"":3,""restoration"":2,""drainage"":1}"
medellin,303,23282731,10,base,ourea_robust,70.33607468464106,85.97827344577627,87.07962268439906,0.8077213992940541,10,6,"{""rwh"":4,""drainage"":2}"
medellin,303,23282731,10,base,deterministic_central,69.55352389870677,85.02846984052348,86.29805937358515,0.8059685745377991,10,4,"{""drainage"":3,""rwh"":1}"
medellin,303,23282731,10,base,greedy_opportunity,50.80018739197931,60.35879465878952,61.05257587545702,0.8320727940391595,10,10,"{""rwh"":10}"
medellin,303,23282731,10,base,hazard_only,60.16990643342206,73.98920839248012,74.21043210719972,0.8108011869073124,10,6,"{""drainage"":2,""rwh"":4}"
medellin,303,23282731,10,base,random_feasible,13.43464943820618,18.10299448304113,18.33989362319926,0.732536933650033,10,6,"{""rwh"":3,""restoration"":2,""drainage"":1}"
medellin,304,23292704,10,base,ourea_robust,69.43960489243364,85.97827344577627,83.87773670776278,0.8278669360663268,10,6,"{""rwh"":4,""drainage"":2}"
medellin,304,23292704,10,base,deterministic_central,66.69851178560202,85.02846984052348,83.65647209501594,0.7972905157875497,10,4,"{""drainage"":3,""rwh"":1}"
medellin,304,23292704,10,base,greedy_opportunity,50.81999740272113,60.35879465878952,60.342961336730696,0.8421860027573266,10,10,"{""rwh"":10}"
medellin,304,23292704,10,base,hazard_only,60.795214513596875,73.98920839248012,73.34699710877021,0.828871213683641,10,6,"{""drainage"":2,""rwh"":4}"
medellin,304,23292704,10,base,random_feasible,13.31425978340485,18.10299448304113,18.632300566172034,0.7145794871717356,10,6,"{""rwh"":3,""restoration"":2,""drainage"":1}"
medellin,305,23302677,10,base,ourea_robust,69.98501467821006,85.97827344577627,85.439370516493,0.8191190344116631,10,6,"{""rwh"":4,""drainage"":2}"
medellin,305,23302677,10,base,deterministic_central,69.6730901578162,85.02846984052348,85.19151714780764,0.8178407016385575,10,4,"{""drainage"":3,""rwh"":1}"
medellin,305,23302677,10,base,greedy_opportunity,50.27698270684232,60.35879465878952,60.29681266063244,0.8338248820848199,10,10,"{""rwh"":10}"
medellin,305,23302677,10,base,hazard_only,60.44712072785251,73.98920839248012,74.7802164453683,0.8083303793592651,10,6,"{""drainage"":2,""rwh"":4}"
medellin,305,23302677,10,base,random_feasible,13.082540099137532,18.10299448304113,18.42440578515516,0.7100657818597518,10,6,"{""rwh"":3,""restoration"":2,""drainage"":1}"
medellin,306,23312650,10,base,ourea_robust,69.83203611235922,85.97827344577627,87.0845712995897,0.8018875797427074,10,6,"{""rwh"":4,""drainage"":2}"
medellin,306,23312650,10,base,deterministic_central,66.09210470024345,85.02846984052348,84.6777007896917,0.7805136899547138,10,4,"{""drainage"":3,""rwh"":1}"
medellin,306,23312650,10,base,greedy_opportunity,49.46251659037898,60.35879465878952,59.58470943077509,0.8301209666524266,10,10,"{""rwh"":10}"
medellin,306,23312650,10,base,hazard_only,60.276118228576706,73.98920839248012,73.66508910548464,0.8182453718648788,10,6,"{""drainage"":2,""rwh"":4}"
medellin,306,23312650,10,base,random_feasible,12.93169930977092,18.10299448304113,17.79904932970703,0.7265387645275869,10,6,"{""rwh"":3,""restoration"":2,""drainage"":1}"
medellin,307,23322623,10,base,ourea_robust,70.04794522856264,85.97827344577627,86.57742944842357,0.8090785979074606,10,6,"{""rwh"":4,""drainage"":2}"
medellin,307,23322623,10,base,deterministic_central,68.82107690263865,85.02846984052348,86.62127034304831,0.7945055138314744,10,4,"{""drainage"":3,""rwh"":1}"
medellin,307,23322623,10,base,greedy_opportunity,52.30698571931043,60.35879465878952,61.37061103766473,0.8523132625681091,10,10,"{""rwh"":10}"
medellin,307,23322623,10,base,hazard_only,61.731745303963635,73.98920839248012,74.36404366820898,0.830128947524599,10,6,"{""drainage"":2,""rwh"":4}"
medellin,307,23322623,10,base,random_feasible,12.597416857742246,18.10299448304113,17.961829415128705,0.7013437532778161,10,6,"{""rwh"":3,""restoration"":2,""drainage"":1}"
medellin,308,23332596,10,base,ourea_robust,66.69727812243673,85.97827344577627,86.14342391411083,0.7742584992783332,10,6,"{""rwh"":4,""drainage"":2}"
medellin,308,23332596,10,base,deterministic_central,66.0667241459023,85.02846984052348,83.47537201278965,0.7914516887181996,10,4,"{""drainage"":3,""rwh"":1}"
medellin,308,23332596,10,base,greedy_opportunity,50.90881812075486,60.35879465878952,58.98704725451944,0.8630507965772833,10,10,"{""rwh"":10}"
medellin,308,23332596,10,base,hazard_only,61.62077522369145,73.98920839248012,73.18643733665658,0.8419698712787009,10,6,"{""drainage"":2,""rwh"":4}"
medellin,308,23332596,10,base,random_feasible,13.086337291967538,18.10299448304113,18.13640996837603,0.7215505888312975,10,6,"{""rwh"":3,""restoration"":2,""drainage"":1}"
medellin,309,23342569,10,base,ourea_robust,68.91340752619362,85.97827344577627,85.88525211931892,0.8023893023036528,10,6,"{""rwh"":4,""drainage"":2}"
medellin,309,23342569,10,base,deterministic_central,65.16815019331443,85.02846984052348,84.39052214415824,0.7722211989871609,10,4,"{""drainage"":3,""rwh"":1}"
medellin,309,23342569,10,base,greedy_opportunity,49.258201332343106,60.35879465878952,59.585831095119374,0.8266764166419054,10,10,"{""rwh"":10}"
medellin,309,23342569,10,base,hazard_only,59.111264667945306,73.98920839248012,73.99753070106499,0.7988275298907314,10,6,"{""drainage"":2,""rwh"":4}"
medellin,309,23342569,10,base,random_feasible,13.426502340257684,18.10299448304113,17.732257035135717,0.7571795464984316,10,6,"{""rwh"":3,""restoration"":2,""drainage"":1}"
medellin,310,23352542,10,base,ourea_robust,68.04060045977167,85.97827344577627,83.04141991161805,0.8193573825229394,10,6,"{""rwh"":4,""drainage"":2}"
medellin,310,23352542,10,base,deterministic_central,65.42147835341757,85.02846984052348,84.30106010967711,0.7760457373644307,10,4,"{""drainage"":3,""rwh"":1}"
medellin,310,23352542,10,base,greedy_opportunity,50.9737948684442,60.35879465878952,59.85147554670539,0.8516714818278215,10,10,"{""rwh"":10}"
medellin,310,23352542,10,base,hazard_only,59.05138052997336,73.98920839248012,74.33501141511215,0.7943952574408072,10,6,"{""drainage"":2,""rwh"":4}"
medellin,310,23352542,10,base,random_feasible,12.570458775072439,18.10299448304113,18.1660921716516,0.6919737418644605,10,6,"{""rwh"":3,""restoration"":2,""drainage"":1}"
medellin,311,23362515,10,base,ourea_robust,70.71045454834484,85.97827344577627,86.3443027394892,0.8189359610869348,10,6,"{""rwh"":4,""drainage"":2}"
medellin,311,23362515,10,base,deterministic_central,64.8551184345315,85.02846984052348,85.78334212618756,0.7560339435030338,10,4,"{""drainage"":3,""rwh"":1}"
medellin,311,23362515,10,base,greedy_opportunity,50.183100508663756,60.35879465878952,60.471829926309965,0.8298591355647101,10,10,"{""rwh"":10}"
medellin,311,23362515,10,base,hazard_only,60.97831884714378,73.98920839248012,73.8941773891479,0.8252114172137609,10,6,"{""drainage"":2,""rwh"":4}"
medellin,311,23362515,10,base,random_feasible,13.363596908923228,18.10299448304113,17.844545911778823,0.7488897153780858,10,6,"{""rwh"":3,""restoration"":2,""drainage"":1}"
medellin,312,23372488,10,base,ourea_robust,70.67720741431594,85.97827344577627,86.75086822745743,0.8147146980593097,10,6,"{""rwh"":4,""drainage"":2}"
medellin,312,23372488,10,base,deterministic_central,67.68895781935544,85.02846984052348,84.69114814802151,0.7992447770462389,10,4,"{""drainage"":3,""rwh"":1}"
medellin,312,23372488,10,base,greedy_opportunity,51.597231370005375,60.35879465878952,60.81454702198562,0.8484356769335467,10,10,"{""rwh"":10}"
medellin,312,23372488,10,base,hazard_only,59.714184161093726,73.98920839248012,74.32928910837018,0.8033735405975967,10,6,"{""drainage"":2,""rwh"":4}"
medellin,312,23372488,10,base,random_feasible,13.466323287600062,18.10299448304113,18.59907218688295,0.7240319921494378,10,6,"{""rwh"":3,""restoration"":2,""drainage"":1}"
medellin,313,23382461,10,base,ourea_robust,70.46806457324828,85.97827344577627,84.78971344673482,0.8310921420617438,10,6,"{""rwh"":4,""drainage"":2}"
medellin,313,23382461,10,base,deterministic_central,67.24903606319094,85.02846984052348,84.56031416072074,0.7952789287818057,10,4,"{""drainage"":3,""rwh"":1}"
medellin,313,23382461,10,base,greedy_opportunity,50.349563162304094,60.35879465878952,60.40970673924585,0.8334680944510185,10,10,"{""rwh"":10}"
medellin,313,23382461,10,base,hazard_only,60.23435123139916,73.98920839248012,74.21505448400876,0.8116190394278826,10,6,"{""drainage"":2,""rwh"":4}"
medellin,313,23382461,10,base,random_feasible,13.156228168958933,18.10299448304113,18.885144952732844,0.6966442779172374,10,6,"{""rwh"":3,""restoration"":2,""drainage"":1}"
medellin,314,23392434,10,base,ourea_robust,69.91898770246416,85.97827344577627,87.33923217795336,0.8005450237987493,10,6,"{""rwh"":4,""drainage"":2}"
medellin,314,23392434,10,base,deterministic_central,63.8484560823008,85.02846984052348,85.47807745053979,0.7469570910651969,10,4,"{""drainage"":3,""rwh"":1}"
medellin,314,23392434,10,base,greedy_opportunity,50.58835734043896,60.35879465878952,60.85461601235147,0.831298604039687,10,10,"{""rwh"":10}"
medellin,314,23392434,10,base,hazard_only,61.2533847800496,73.98920839248012,74.94319939837033,0.8173307954795106,10,6,"{""drainage"":2,""rwh"":4}"
medellin,314,23392434,10,base,random_feasible,13.06916055585907,18.10299448304113,17.734861452006044,0.7369192362301076,10,6,"{""rwh"":3,""restoration"":2,""drainage"":1}"
medellin,315,23402407,10,base,ourea_robust,70.17385877807146,85.97827344577627,86.91916311579507,0.8073462314010634,10,6,"{""rwh"":4,""drainage"":2}"
medellin,315,23402407,10,base,deterministic_central,64.12453640823742,85.02846984052348,85.61863200608786,0.7489553956395598,10,4,"{""drainage"":3,""rwh"":1}"
medellin,315,23402407,10,base,greedy_opportunity,51.548741646025064,60.35879465878952,59.88098240025056,0.860853305670038,10,10,"{""rwh"":10}"
medellin,315,23402407,10,base,hazard_only,61.028235368845344,73.98920839248012,73.92973276843077,0.8254897330686067,10,6,"{""drainage"":2,""rwh"":4}"
medellin,315,23402407,10,base,random_feasible,12.862633285961692,18.10299448304113,17.92014508659895,0.7177750639742662,10,6,"{""rwh"":3,""restoration"":2,""drainage"":1}"
medellin,316,23412380,10,base,ourea_robust,66.20118368166777,85.97827344577627,85.18352258079267,0.777159498409789,10,6,"{""rwh"":4,""drainage"":2}"
medellin,316,23412380,10,base,deterministic_central,66.8392323781768,85.02846984052348,83.00272856207766,0.8052654838712657,10,4,"{""drainage"":3,""rwh"":1}"
medellin,316,23412380,10,base,greedy_opportunity,51.72051440053019,60.35879465878952,59.492384309611225,0.8693636168852379,10,10,"{""rwh"":10}"
medellin,316,23412380,10,base,hazard_only,58.858164319645766,73.98920839248012,73.37191004201713,0.8021893431142799,10,6,"{""drainage"":2,""rwh"":4}"
medellin,316,23412380,10,base,random_feasible,13.046755242934069,18.10299448304113,17.74413842003196,0.7352712729182244,10,6,"{""rwh"":3,""restoration"":2,""drainage"":1}"
medellin,317,23422353,10,base,ourea_robust,69.42077892425596,85.97827344577627,85.68669484615111,0.8101698758354455,10,6,"{""rwh"":4,""drainage"":2}"
medellin,317,23422353,10,base,deterministic_central,64.63664150129807,85.02846984052348,84.79401373528663,0.7622783573270083,10,4,"{""drainage"":3,""rwh"":1}"
medellin,317,23422353,10,base,greedy_opportunity,49.53228136370171,60.35879465878952,60.564369055331554,0.8178452469049758,10,10,"{""rwh"":10}"
medellin,317,23422353,10,base,hazard_only,60.39163131500527,73.98920839248012,74.96220340945638,0.8056277506296853,10,6,"{""drainage"":2,""rwh"":4}"
medellin,317,23422353,10,base,random_feasible,13.287027350967946,18.10299448304113,17.666066294659686,0.7521214473753284,10,6,"{""rwh"":3,""restoration"":2,""drainage"":1}"
medellin,318,23432326,10,base,ourea_robust,69.87772402797555,85.97827344577627,86.03700233869495,0.8121822254207967,10,6,"{""rwh"":4,""drainage"":2}"
medellin,318,23432326,10,base,deterministic_central,64.83228634354873,85.02846984052348,85.67305461584283,0.7567406885893831,10,4,"{""drainage"":3,""rwh"":1}"
medellin,318,23432326,10,base,greedy_opportunity,51.25563781777828,60.35879465878952,60.73154427977943,0.8439705992268641,10,10,"{""rwh"":10}"
medellin,318,23432326,10,base,hazard_only,61.21891272283028,73.98920839248012,73.48343764683341,0.8330981059575996,10,6,"{""drainage"":2,""rwh"":4}"
medellin,318,23432326,10,base,random_feasible,12.530842677495002,18.10299448304113,18.416035553235815,0.6804310646160353,10,6,"{""rwh"":3,""restoration"":2,""drainage"":1}"
medellin,319,23442299,10,base,ourea_robust,68.72746000472353,85.97827344577627,86.13419181854306,0.7979114745687764,10,6,"{""rwh"":4,""drainage"":2}"
medellin,319,23442299,10,base,deterministic_central,64.36971203889107,85.02846984052348,85.27389021126237,0.754858396625484,10,4,"{""drainage"":3,""rwh"":1}"
medellin,319,23442299,10,base,greedy_opportunity,51.224013668908356,60.35879465878952,60.16363613544672,0.8514115329330736,10,10,"{""rwh"":10}"
medellin,319,23442299,10,base,hazard_only,60.61936177346297,73.98920839248012,73.78029157198216,0.8216199811886212,10,6,"{""drainage"":2,""rwh"":4}"
medellin,319,23442299,10,base,random_feasible,13.240050385093582,18.10299448304113,17.864440272983757,0.7411399508058699,10,6,"{""rwh"":3,""restoration"":2,""drainage"":1}"
medellin,320,23452272,10,base,ourea_robust,71.88972700384602,85.97827344577627,87.19392999345337,0.8244808670654435,10,6,"{""rwh"":4,""drainage"":2}"
medellin,320,23452272,10,base,deterministic_central,66.93666514287361,85.02846984052348,85.28565330183528,0.7848525813125615,10,4,"{""drainage"":3,""rwh"":1}"
medellin,320,23452272,10,base,greedy_opportunity,50.66778007983703,60.35879465878952,60.88302185981502,0.8322152635015574,10,10,"{""rwh"":10}"
medellin,320,23452272,10,base,hazard_only,61.76617598364055,73.98920839248012,75.02376961626169,0.8232880898889476,10,6,"{""drainage"":2,""rwh"":4}"
medellin,320,23452272,10,base,random_feasible,13.622911598402425,18.10299448304113,18.479611352448956,0.7371860445862185,10,6,"{""rwh"":3,""restoration"":2,""drainage"":1}"
medellin,321,23462245,10,base,ourea_robust,68.07333136965008,85.97827344577627,86.43033401721095,0.7876092594539155,10,6,"{""rwh"":4,""drainage"":2}"
medellin,321,23462245,10,base,deterministic_central,66.72476861880978,85.02846984052348,85.33378685768957,0.7819267265155606,10,4,"{""drainage"":3,""rwh"":1}"
medellin,321,23462245,10,base,greedy_opportunity,49.90906977289251,60.35879465878952,60.789856274725025,0.8210098334060959,10,10,"{""rwh"":10}"
medellin,321,23462245,10,base,hazard_only,59.92970151553209,73.98920839248012,74.1648347846226,0.8080608780370123,10,6,"{""drainage"":2,""rwh"":4}"
medellin,321,23462245,10,base,random_feasible,13.086096582003847,18.10299448304113,18.638688421324332,0.7020932098973326,10,6,"{""rwh"":3,""restoration"":2,""drainage"":1}"
medellin,322,23472218,10,base,ourea_robust,68.19497228621049,85.97827344577627,86.21446789325091,0.7909922076031158,10,6,"{""rwh"":4,""drainage"":2}"
medellin,322,23472218,10,base,deterministic_central,67.21369342598973,85.02846984052348,84.2574047597509,0.797718534265812,10,4,"{""drainage"":3,""rwh"":1}"
medellin,322,23472218,10,base,greedy_opportunity,50.174950916954,60.35879465878952,61.388649751594585,0.8173327010772166,10,10,"{""rwh"":10}"
medellin,322,23472218,10,base,hazard_only,60.54066903098874,73.98920839248012,74.51139331660488,0.8125021736440572,10,6,"{""drainage"":2,""rwh"":4}"
medellin,322,23472218,10,base,random_feasible,13.159191928690234,18.10299448304113,17.95350885739208,0.7329593358722264,10,6,"{""rwh"":3,""restoration"":2,""drainage"":1}"
medellin,323,23482191,10,base,ourea_robust,70.15877912473115,85.97827344577627,87.26198998201426,0.8040015949578014,10,6,"{""rwh"":4,""drainage"":2}"
medellin,323,23482191,10,base,deterministic_central,68.2959180800749,85.02846984052348,84.63366075613703,0.8069592815660235,10,4,"{""drainage"":3,""rwh"":1}"
medellin,323,23482191,10,base,greedy_opportunity,51.20267890180594,60.35879465878952,60.33199758620867,0.8486819755742745,10,10,"{""rwh"":10}"
medellin,323,23482191,10,base,hazard_only,60.20180676262271,73.98920839248012,75.36292532593097,0.7988252380366184,10,6,"{""drainage"":2,""rwh"":4}"
medellin,323,23482191,10,base,random_feasible,12.845114508776533,18.10299448304113,17.871763471766826,0.7187379426249002,10,6,"{""rwh"":3,""restoration"":2,""drainage"":1}"
medellin,324,23492164,10,base,ourea_robust,70.95727510923507,85.97827344577627,84.49701319061478,0.8397607492842885,10,6,"{""rwh"":4,""drainage"":2}"
medellin,324,23492164,10,base,deterministic_central,65.60838905695437,85.02846984052348,83.50631087669217,0.7856698298387724,10,4,"{""drainage"":3,""rwh"":1}"
medellin,324,23492164,10,base,greedy_opportunity,51.13191939764147,60.35879465878952,60.2173235512596,0.8491230825647001,10,10,"{""rwh"":10}"
medellin,324,23492164,10,base,hazard_only,59.76833927002281,73.98920839248012,74.10734235816881,0.8065103587328224,10,6,"{""drainage"":2,""rwh"":4}"
medellin,324,23492164,10,base,random_feasible,13.317331776381252,18.10299448304113,17.970338272138633,0.7410729600470881,10,6,"{""rwh"":3,""restoration"":2,""drainage"":1}"
medellin,325,23502137,10,base,ourea_robust,68.79911233502025,85.97827344577627,85.98279582547411,0.8001497471036776,10,6,"{""rwh"":4,""drainage"":2}"
medellin,325,23502137,10,base,deterministic_central,64.36021427544438,85.02846984052348,84.06221077914779,0.765626001016492,10,4,"{""drainage"":3,""rwh"":1}"
medellin,325,23502137,10,base,greedy_opportunity,49.937321419645286,60.35879465878952,59.90287341820476,0.8336381640829453,10,10,"{""rwh"":10}"
medellin,325,23502137,10,base,hazard_only,60.93770413889479,73.98920839248012,73.16588936854214,0.8328704081207425,10,6,"{""drainage"":2,""rwh"":4}"
medellin,325,23502137,10,base,random_feasible,13.418609614706838,18.10299448304113,17.708794900702287,0.7577370278411598,10,6,"{""rwh"":3,""restoration"":2,""drainage"":1}"
medellin,326,23512110,10,base,ourea_robust,70.8416772455821,85.97827344577627,87.21851532776054,0.8122320929147265,10,6,"{""rwh"":4,""drainage"":2}"
medellin,326,23512110,10,base,deterministic_central,67.37739561481658,85.02846984052348,83.77634003962385,0.8042532722597928,10,4,"{""drainage"":3,""rwh"":1}"
medellin,326,23512110,10,base,greedy_opportunity,51.79501407974021,60.35879465878952,60.52271963386693,0.8557945576979175,10,10,"{""rwh"":10}"
medellin,326,23512110,10,base,hazard_only,61.55653509672675,73.98920839248012,73.31578361719676,0.8396082270378709,10,6,"{""drainage"":2,""rwh"":4}"
medellin,326,23512110,10,base,random_feasible,13.282551885994963,18.10299448304113,18.298347758420277,0.7258880452680644,10,6,"{""rwh"":3,""restoration"":2,""drainage"":1}"
medellin,327,23522083,10,base,ourea_robust,68.33255237228059,85.97827344577627,84.55208144102744,0.8081711438403857,10,6,"{""rwh"":4,""drainage"":2}"
medellin,327,23522083,10,base,deterministic_central,67.1952102778946,85.02846984052348,83.61077055282522,0.8036669179533601,10,4,"{""drainage"":3,""rwh"":1}"
medellin,327,23522083,10,base,greedy_opportunity,51.13288099971851,60.35879465878952,60.06302947170161,0.8513203787666006,10,10,"{""rwh"":10}"
medellin,327,23522083,10,base,hazard_only,62.14957131154915,73.98920839248012,74.0323947389943,0.8394915702870512,10,6,"{""drainage"":2,""rwh"":4}"
medellin,327,23522083,10,base,random_feasible,13.204908856197562,18.10299448304113,18.177253128053053,0.7264523832711751,10,6,"{""rwh"":3,""restoration"":2,""drainage"":1}"
medellin,328,23532056,10,base,ourea_robust,68.46607186228766,85.97827344577627,86.2566975261957,0.7937478923476624,10,6,"{""rwh"":4,""drainage"":2}"
medellin,328,23532056,10,base,deterministic_central,65.67831599724877,85.02846984052348,85.03073668888692,0.7724067620107141,10,4,"{""drainage"":3,""rwh"":1}"
medellin,328,23532056,10,base,greedy_opportunity,52.673189837847076,60.35879465878952,61.20242713873313,0.8606389043762586,10,10,"{""rwh"":10}"
medellin,328,23532056,10,base,hazard_only,61.19694529206254,73.98920839248012,75.42571514636302,0.811353862184937,10,6,"{""drainage"":2,""rwh"":4}"
medellin,328,23532056,10,base,random_feasible,13.244836839467553,18.10299448304113,18.21578065453059,0.7271078352699271,10,6,"{""rwh"":3,""restoration"":2,""drainage"":1}"
medellin,329,23542029,10,base,ourea_robust,69.70338983467946,85.97827344577627,86.75681250194339,0.8034341952468352,10,6,"{""rwh"":4,""drainage"":2}"
medellin,329,23542029,10,base,deterministic_central,65.66684507889022,85.02846984052348,84.64108983903498,0.7758270268467861,10,4,"{""drainage"":3,""rwh"":1}"
medellin,329,23542029,10,base,greedy_opportunity,50.1183385118311,60.35879465878952,60.344687291583796,0.8305343976622288,10,10,"{""rwh"":10}"
medellin,329,23542029,10,base,hazard_only,59.98139192849021,73.98920839248012,74.24765499724663,0.8078557084491698,10,6,"{""drainage"":2,""rwh"":4}"
medellin,329,23542029,10,base,random_feasible,13.011870617955083,18.10299448304113,18.395515868714483,0.7073392619602779,10,6,"{""rwh"":3,""restoration"":2,""drainage"":1}"
medellin,330,23552002,10,base,ourea_robust,68.76184942288137,85.97827344577627,86.59016622662921,0.7941069109731647,10,6,"{""rwh"":4,""drainage"":2}"
medellin,330,23552002,10,base,deterministic_central,67.19762665441021,85.02846984052348,83.86202901391425,0.8012878706197402,10,4,"{""drainage"":3,""rwh"":1}"
medellin,330,23552002,10,base,greedy_opportunity,50.3405174666168,60.35879465878952,61.171563706831876,0.8229398500891122,10,10,"{""rwh"":10}"
medellin,330,23552002,10,base,hazard_only,59.82268908624428,73.98920839248012,73.22677299972838,0.816951049945437,10,6,"{""drainage"":2,""rwh"":4}"
medellin,330,23552002,10,base,random_feasible,12.973090030308413,18.10299448304113,18.03785491362214,0.7192146789312054,10,6,"{""rwh"":3,""restoration"":2,""drainage"":1}"
medellin,331,23561975,10,base,ourea_robust,68.5575338364115,85.97827344577627,83.47765600073217,0.8212680748464019,10,6,"{""rwh"":4,""drainage"":2}"
medellin,331,23561975,10,base,deterministic_central,64.30904083613268,85.02846984052348,83.45862458435158,0.7705499719940336,10,4,"{""drainage"":3,""rwh"":1}"
medellin,331,23561975,10,base,greedy_opportunity,51.1228471352656,60.35879465878952,59.95060619666947,0.852749461240739,10,10,"{""rwh"":10}"
medellin,331,23561975,10,base,hazard_only,59.68039541673534,73.98920839248012,74.82374990417429,0.7976129971187914,10,6,"{""drainage"":2,""rwh"":4}"
medellin,331,23561975,10,base,random_feasible,12.995273077904585,18.10299448304113,18.04891118912701,0.7200031592893632,10,6,"{""rwh"":3,""restoration"":2,""drainage"":1}"
medellin,332,23571948,10,base,ourea_robust,70.10668155809253,85.97827344577627,87.689822598506,0.7994848145500406,10,6,"{""rwh"":4,""drainage"":2}"
medellin,332,23571948,10,base,deterministic_central,67.9580997947478,85.02846984052348,86.2856385736286,0.7875945628745427,10,4,"{""drainage"":3,""rwh"":1}"
medellin,332,23571948,10,base,greedy_opportunity,51.55015857367016,60.35879465878952,60.01813865420945,0.8589096518083141,10,10,"{""rwh"":10}"
medellin,332,23571948,10,base,hazard_only,62.99764494321926,73.98920839248012,73.07643392763111,0.8620788064946757,10,6,"{""drainage"":2,""rwh"":4}"
medellin,332,23571948,10,base,random_feasible,13.382915392700397,18.10299448304113,17.58009351261444,0.7612539366242623,10,6,"{""rwh"":3,""restoration"":2,""drainage"":1}"
medellin,333,23581921,10,base,ourea_robust,68.46739366711881,85.97827344577627,83.88221698916186,0.816232523706011,10,6,"{""rwh"":4,""drainage"":2}"
medellin,333,23581921,10,base,deterministic_central,65.83748878417282,85.02846984052348,84.61078963058162,0.778121668307615,10,4,"{""drainage"":3,""rwh"":1}"
medellin,333,23581921,10,base,greedy_opportunity,49.189901255317636,60.35879465878952,58.842170023978724,0.8359634125538249,10,10,"{""rwh"":10}"
medellin,333,23581921,10,base,hazard_only,59.54804093923394,73.98920839248012,72.65519445590144,0.8195978468597593,10,6,"{""drainage"":2,""rwh"":4}"
medellin,333,23581921,10,base,random_feasible,12.939697203592004,18.10299448304113,17.4305336010907,0.7423580654342282,10,6,"{""rwh"":3,""restoration"":2,""drainage"":1}"
medellin,334,23591894,10,base,ourea_robust,72.03898662031952,85.97827344577627,87.08140283465627,0.8272602906627701,10,6,"{""rwh"":4,""drainage"":2}"
medellin,334,23591894,10,base,deterministic_central,68.59823904884342,85.02846984052348,84.68856621802843,0.8100059088524313,10,4,"{""drainage"":3,""rwh"":1}"
medellin,334,23591894,10,base,greedy_opportunity,51.92757373242466,60.35879465878952,60.82825075286655,0.8536752757102349,10,10,"{""rwh"":10}"
medellin,334,23591894,10,base,hazard_only,61.70575520730608,73.98920839248012,74.4976067828793,0.8282917783808192,10,6,"{""drainage"":2,""rwh"":4}"
medellin,334,23591894,10,base,random_feasible,12.800521683383067,18.10299448304113,18.210463626732235,0.7029212405439481,10,6,"{""rwh"":3,""restoration"":2,""drainage"":1}"
medellin,335,23601867,10,base,ourea_robust,67.62040215613888,85.97827344577627,84.04385042622289,0.8045847710832671,10,6,"{""rwh"":4,""drainage"":2}"
medellin,335,23601867,10,base,deterministic_central,66.56555515808986,85.02846984052348,82.8731636448415,0.8032220833677959,10,4,"{""drainage"":3,""rwh"":1}"
medellin,335,23601867,10,base,greedy_opportunity,51.06732796722963,60.35879465878952,59.11053699320064,0.8639293527836467,10,10,"{""rwh"":10}"
medellin,335,23601867,10,base,hazard_only,60.573733693884606,73.98920839248012,74.83008449844328,0.8094837003043174,10,6,"{""drainage"":2,""rwh"":4}"
medellin,335,23601867,10,base,random_feasible,13.768530675069087,18.10299448304113,18.174706060441167,0.757565521515503,10,6,"{""rwh"":3,""restoration"":2,""drainage"":1}"
medellin,336,23611840,10,base,ourea_robust,69.7175607396889,85.97827344577627,88.04189494503908,0.7918680167346546,10,6,"{""rwh"":4,""drainage"":2}"
medellin,336,23611840,10,base,deterministic_central,68.22417120956243,85.02846984052348,85.95900429641006,0.7936826603331386,10,4,"{""drainage"":3,""rwh"":1}"
medellin,336,23611840,10,base,greedy_opportunity,52.04065954521184,60.35879465878952,60.76979139884861,0.8563573832869507,10,10,"{""rwh"":10}"
medellin,336,23611840,10,base,hazard_only,62.32694203343726,73.98920839248012,74.21029757791803,0.8398691834916349,10,6,"{""drainage"":2,""rwh"":4}"
medellin,336,23611840,10,base,random_feasible,13.244242879145986,18.10299448304113,18.60710058294535,0.7117843438372778,10,6,"{""rwh"":3,""restoration"":2,""drainage"":1}"
medellin,337,23621813,10,base,ourea_robust,69.08331926294068,85.97827344577627,87.4272831004414,0.7901803283029378,10,6,"{""rwh"":4,""drainage"":2}"
medellin,337,23621813,10,base,deterministic_central,66.47927385890034,85.02846984052348,83.66876538936185,0.7945530634942645,10,4,"{""drainage"":3,""rwh"":1}"
medellin,337,23621813,10,base,greedy_opportunity,50.2426368862898,60.35879465878952,59.52901565548609,0.8440024806904316,10,10,"{""rwh"":10}"
medellin,337,23621813,10,base,hazard_only,59.52496611895276,73.98920839248012,74.29300004694414,0.8012190392276556,10,6,"{""drainage"":2,""rwh"":4}"
medellin,337,23621813,10,base,random_feasible,12.96444831737017,18.10299448304113,18.55287693647051,0.6987837175745596,10,6,"{""rwh"":3,""restoration"":2,""drainage"":1}"
medellin,338,23631786,10,base,ourea_robust,71.29278048674132,85.97827344577627,86.37109557799295,0.8254240612516495,10,6,"{""rwh"":4,""drainage"":2}"
medellin,338,23631786,10,base,deterministic_central,69.19330002180823,85.02846984052348,85.42435716614955,0.8099949747029167,10,4,"{""drainage"":3,""rwh"":1}"
medellin,338,23631786,10,base,greedy_opportunity,50.91080867772553,60.35879465878952,62.023244263612014,0.8208343385157947,10,10,"{""rwh"":10}"
medellin,338,23631786,10,base,hazard_only,59.92047658922684,73.98920839248012,73.48537676876003,0.8154068091367549,10,6,"{""drainage"":2,""rwh"":4}"
medellin,338,23631786,10,base,random_feasible,12.950048883057661,18.10299448304113,18.047583926421794,0.717550279076342,10,6,"{""rwh"":3,""restoration"":2,""drainage"":1}"
medellin,339,23641759,10,base,ourea_robust,66.77190337366983,85.97827344577627,84.77605743147024,0.787626900763175,10,6,"{""rwh"":4,""drainage"":2}"
medellin,339,23641759,10,base,deterministic_central,64.98853431930547,85.02846984052348,83.96088450138723,0.7740334645739911,10,4,"{""drainage"":3,""rwh"":1}"
medellin,339,23641759,10,base,greedy_opportunity,50.438913834966115,60.35879465878952,59.53513567567279,0.8472125453738814,10,10,"{""rwh"":10}"
medellin,339,23641759,10,base,hazard_only,59.10357858271573,73.98920839248012,73.6017323852775,0.8030188511505494,10,6,"{""drainage"":2,""rwh"":4}"
medellin,339,23641759,10,base,random_feasible,12.716702474244812,18.10299448304113,17.29560764347707,0.7352561839040582,10,6,"{""rwh"":3,""restoration"":2,""drainage"":1}"
medellin,340,23651732,10,base,ourea_robust,70.57094664199212,85.97827344577627,87.60710099987773,0.8055391153976276,10,6,"{""rwh"":4,""drainage"":2}"
medellin,340,23651732,10,base,deterministic_central,68.4684753419665,85.02846984052348,87.39903040324498,0.7834008572642515,10,4,"{""drainage"":3,""rwh"":1}"
medellin,340,23651732,10,base,greedy_opportunity,51.36237649478835,60.35879465878952,59.68644753628223,0.860536664769103,10,10,"{""rwh"":10}"
medellin,340,23651732,10,base,hazard_only,60.29905056978896,73.98920839248012,74.3502133891343,0.8110138198823408,10,6,"{""drainage"":2,""rwh"":4}"
medellin,340,23651732,10,base,random_feasible,13.051349057773677,18.10299448304113,17.703264116189075,0.7372283987922109,10,6,"{""rwh"":3,""restoration"":2,""drainage"":1}"
medellin,341,23661705,10,base,ourea_robust,66.15674188891035,85.97827344577627,83.66011082806426,0.790779993405384,10,6,"{""rwh"":4,""drainage"":2}"
medellin,341,23661705,10,base,deterministic_central,66.40786979726317,85.02846984052348,82.82676886399486,0.8017682049906809,10,4,"{""drainage"":3,""rwh"":1}"
medellin,341,23661705,10,base,greedy_opportunity,48.952543510822125,60.35879465878952,58.6849625319378,0.8341582135999652,10,10,"{""rwh"":10}"
medellin,341,23661705,10,base,hazard_only,58.3343809402495,73.98920839248012,73.87193091108747,0.7896690965132748,10,6,"{""drainage"":2,""rwh"":4}"
medellin,341,23661705,10,base,random_feasible,13.01962735979896,18.10299448304113,17.328282472725277,0.7513512882936816,10,6,"{""rwh"":3,""restoration"":2,""drainage"":1}"
medellin,342,23671678,10,base,ourea_robust,71.93536754648767,85.97827344577627,86.71243542759157,0.8295853667558056,10,6,"{""rwh"":4,""drainage"":2}"
medellin,342,23671678,10,base,deterministic_central,68.80922135413721,85.02846984052348,85.92625745035002,0.8007938829861944,10,4,"{""drainage"":3,""rwh"":1}"
medellin,342,23671678,10,base,greedy_opportunity,51.092512437569894,60.35879465878952,59.90256857205486,0.8529269053982612,10,10,"{""rwh"":10}"
medellin,342,23671678,10,base,hazard_only,60.10459664081054,73.98920839248012,73.65701223774659,0.816006444122493,10,6,"{""drainage"":2,""rwh"":4}"
medellin,342,23671678,10,base,random_feasible,13.621011220455784,18.10299448304113,18.10801399860202,0.7522090065485568,10,6,"{""rwh"":3,""restoration"":2,""drainage"":1}"
medellin,343,23681651,10,base,ourea_robust,68.38621751390383,85.97827344577627,86.16114555450577,0.7937013496488685,10,6,"{""rwh"":4,""drainage"":2}"
medellin,343,23681651,10,base,deterministic_central,64.50855908781568,85.02846984052348,84.53487520169529,0.7630999505695374,10,4,"{""drainage"":3,""rwh"":1}"
medellin,343,23681651,10,base,greedy_opportunity,49.97792997061151,60.35879465878952,59.115928192592946,0.8454224013499225,10,10,"{""rwh"":10}"
medellin,343,23681651,10,base,hazard_only,59.88470911606646,73.98920839248012,73.89700174977179,0.810380769152808,10,6,"{""drainage"":2,""rwh"":4}"
medellin,343,23681651,10,base,random_feasible,13.422074543888812,18.10299448304113,17.944639799859942,0.7479712434235415,10,6,"{""rwh"":3,""restoration"":2,""drainage"":1}"
medellin,344,23691624,10,base,ourea_robust,72.4701252996988,85.97827344577627,86.05756585761765,0.8421121905725373,10,6,"{""rwh"":4,""drainage"":2}"
medellin,344,23691624,10,base,deterministic_central,67.77039341541786,85.02846984052348,85.58431033479064,0.7918553429981745,10,4,"{""drainage"":3,""rwh"":1}"
medellin,344,23691624,10,base,greedy_opportunity,51.017440853724565,60.35879465878952,60.77866488417476,0.839397195561106,10,10,"{""rwh"":10}"
medellin,344,23691624,10,base,hazard_only,60.473838525676456,73.98920839248012,74.15331487694311,0.815524412172704,10,6,"{""drainage"":2,""rwh"":4}"
medellin,344,23691624,10,base,random_feasible,13.356168529776824,18.10299448304113,18.629276925826616,0.716945085037657,10,6,"{""rwh"":3,""restoration"":2,""drainage"":1}"
medellin,345,23701597,10,base,ourea_robust,69.94661090402906,85.97827344577627,84.03057603199204,0.8323947568489719,10,6,"{""rwh"":4,""drainage"":2}"
medellin,345,23701597,10,base,deterministic_central,65.39908717465732,85.02846984052348,84.38038527127082,0.7750508244825933,10,4,"{""drainage"":3,""rwh"":1}"
medellin,345,23701597,10,base,greedy_opportunity,50.128340123065755,60.35879465878952,59.90463140181237,0.8368024132696552,10,10,"{""rwh"":10}"
medellin,345,23701597,10,base,hazard_only,57.98853307429954,73.98920839248012,73.95561465792616,0.7840991294916463,10,6,"{""drainage"":2,""rwh"":4}"
medellin,345,23701597,10,base,random_feasible,12.878988810738065,18.10299448304113,18.588931458842126,0.6928310451439083,10,6,"{""rwh"":3,""restoration"":2,""drainage"":1}"
medellin,346,23711570,10,base,ourea_robust,73.27575098793068,85.97827344577627,86.45394609877167,0.8475697674252463,10,6,"{""rwh"":4,""drainage"":2}"
medellin,346,23711570,10,base,deterministic_central,64.96626645949073,85.02846984052348,87.53854337561461,0.7421447051126991,10,4,"{""drainage"":3,""rwh"":1}"
medellin,346,23711570,10,base,greedy_opportunity,50.35670056240224,60.35879465878952,62.04957022492181,0.8115559927307409,10,10,"{""rwh"":10}"
medellin,346,23711570,10,base,hazard_only,61.94514276715199,73.98920839248012,74.66461870002831,0.8296452033863866,10,6,"{""drainage"":2,""rwh"":4}"
medellin,346,23711570,10,base,random_feasible,13.246670498106141,18.10299448304113,18.682813694445485,0.7090297379588203,10,6,"{""rwh"":3,""restoration"":2,""drainage"":1}"
medellin,347,23721543,10,base,ourea_robust,67.9603696381314,85.97827344577627,83.41276401203368,0.8147478439669855,10,6,"{""rwh"":4,""drainage"":2}"
medellin,347,23721543,10,base,deterministic_central,63.72221243272088,85.02846984052348,82.29035414800637,0.7743582232993059,10,4,"{""drainage"":3,""rwh"":1}"
medellin,347,23721543,10,base,greedy_opportunity,48.92280855308445,60.35879465878952,59.54608542929873,0.8215957136455647,10,10,"{""rwh"":10}"
medellin,347,23721543,10,base,hazard_only,59.86813670142101,73.98920839248012,73.01857506135684,0.8199028350130684,10,6,"{""drainage"":2,""rwh"":4}"
medellin,347,23721543,10,base,random_feasible,12.600554534249113,18.10299448304113,17.944982595239708,0.7021770273319563,10,6,"{""rwh"":3,""restoration"":2,""drainage"":1}"
medellin,348,23731516,10,base,ourea_robust,70.33064103704965,85.97827344577627,86.98308058136445,0.8085554175246987,10,6,"{""rwh"":4,""drainage"":2}"
medellin,348,23731516,10,base,deterministic_central,69.89918975346473,85.02846984052348,86.65605480583235,0.806627879726186,10,4,"{""drainage"":3,""rwh"":1}"
medellin,348,23731516,10,base,greedy_opportunity,51.557328378630245,60.35879465878952,59.833195802465525,0.8616843490834522,10,10,"{""rwh"":10}"
medellin,348,23731516,10,base,hazard_only,59.4812253212649,73.98920839248012,74.18910861636914,0.8017514488392292,10,6,"{""drainage"":2,""rwh"":4}"
medellin,348,23731516,10,base,random_feasible,12.828752482184427,18.10299448304113,17.436576952201904,0.7357380131060874,10,6,"{""rwh"":3,""restoration"":2,""drainage"":1}"
medellin,349,23741489,10,base,ourea_robust,68.99455726087672,85.97827344577627,86.2232048343767,0.8001854882732099,10,6,"{""rwh"":4,""drainage"":2}"
medellin,349,23741489,10,base,deterministic_central,66.46976625166235,85.02846984052348,84.36615716733286,0.7878723943752163,10,4,"{""drainage"":3,""rwh"":1}"
medellin,349,23741489,10,base,greedy_opportunity,49.729126723600984,60.35879465878952,58.98121540795364,0.8431349944154422,10,10,"{""rwh"":10}"
medellin,349,23741489,10,base,hazard_only,59.151521348735514,73.98920839248012,74.72551150178106,0.7915840274619687,10,6,"{""drainage"":2,""rwh"":4}"
medellin,349,23741489,10,base,random_feasible,13.03830299069341,18.10299448304113,17.788627517903024,0.7329572209869063,10,6,"{""rwh"":3,""restoration"":2,""drainage"":1}"
medellin,350,23751462,10,base,ourea_robust,69.66712455858669,85.97827344577627,85.98688967029875,0.8102063561749092,10,6,"{""rwh"":4,""drainage"":2}"
medellin,350,23751462,10,base,deterministic_central,68.99618215314968,85.02846984052348,86.16501253319711,0.8007447585128274,10,4,"{""drainage"":3,""rwh"":1}"
medellin,350,23751462,10,base,greedy_opportunity,52.035443883091375,60.35879465878952,60.797188639816795,0.8558856922047338,10,10,"{""rwh"":10}"
medellin,350,23751462,10,base,hazard_only,57.973787745674144,73.98920839248012,74.14152089116214,0.7819341584694247,10,6,"{""drainage"":2,""rwh"":4}"
medellin,350,23751462,10,base,random_feasible,13.221835321015533,18.10299448304113,17.863991200879354,0.7401389293320234,10,6,"{""rwh"":3,""restoration"":2,""drainage"":1}"
medellin,351,23761435,10,base,ourea_robust,69.01021424153942,85.97827344577627,85.97937884560997,0.802636808594053,10,6,"{""rwh"":4,""drainage"":2}"
medellin,351,23761435,10,base,deterministic_central,67.28426887514433,85.02846984052348,84.26930772892774,0.7984433560505823,10,4,"{""drainage"":3,""rwh"":1}"
medellin,351,23761435,10,base,greedy_opportunity,50.202685705102795,60.35879465878952,59.30318423078688,0.8465428350311143,10,10,"{""rwh"":10}"
medellin,351,23761435,10,base,hazard_only,58.104002146317725,73.98920839248012,73.75753048721799,0.7877704386589653,10,6,"{""drainage"":2,""rwh"":4}"
medellin,351,23761435,10,base,random_feasible,13.09128485995916,18.10299448304113,18.272276354797214,0.7164561549837859,10,6,"{""rwh"":3,""restoration"":2,""drainage"":1}"
medellin,352,23771408,10,base,ourea_robust,70.11304992763507,85.97827344577627,88.38997036590217,0.7932240460924772,10,6,"{""rwh"":4,""drainage"":2}"
medellin,352,23771408,10,base,deterministic_central,70.63667313159976,85.02846984052348,85.90968412351776,0.8222201472658306,10,4,"{""drainage"":3,""rwh"":1}"
medellin,352,23771408,10,base,greedy_opportunity,52.186392335449,60.35879465878952,61.38567714209239,0.850139556409073,10,10,"{""rwh"":10}"
medellin,352,23771408,10,base,hazard_only,60.37234927376903,73.98920839248012,74.46715672547361,0.8107245116976105,10,6,"{""drainage"":2,""rwh"":4}"
medellin,352,23771408,10,base,random_feasible,13.296448566323306,18.10299448304113,18.556873117513987,0.7165241946809514,10,6,"{""rwh"":3,""restoration"":2,""drainage"":1}"
medellin,353,23781381,10,base,ourea_robust,68.71884404904904,85.97827344577627,83.36308829375866,0.8243317930700268,10,6,"{""rwh"":4,""drainage"":2}"
medellin,353,23781381,10,base,deterministic_central,65.27766067865423,85.02846984052348,84.81741154765268,0.7696257111310159,10,4,"{""drainage"":3,""rwh"":1}"
medellin,353,23781381,10,base,greedy_opportunity,50.164573566757554,60.35879465878952,59.75709672102721,0.8394747455845816,10,10,"{""rwh"":10}"
medellin,353,23781381,10,base,hazard_only,60.12978123232824,73.98920839248012,72.64673996042211,0.827701026434041,10,6,"{""drainage"":2,""rwh"":4}"
medellin,353,23781381,10,base,random_feasible,13.194649855807256,18.10299448304113,18.55450032760109,0.711129355296047,10,6,"{""rwh"":3,""restoration"":2,""drainage"":1}"
medellin,354,23791354,10,base,ourea_robust,70.11960729515431,85.97827344577627,88.54573019804911,0.7919027505710177,10,6,"{""rwh"":4,""drainage"":2}"
medellin,354,23791354,10,base,deterministic_central,68.14112923541188,85.02846984052348,85.20303907730295,0.7997499851336154,10,4,"{""drainage"":3,""rwh"":1}"
medellin,354,23791354,10,base,greedy_opportunity,50.32739460182438,60.35879465878952,61.54791315669718,0.8176945735543291,10,10,"{""rwh"":10}"
medellin,354,23791354,10,base,hazard_only,58.95100118002847,73.98920839248012,73.07940535549096,0.806670509882564,10,6,"{""drainage"":2,""rwh"":4}"
medellin,354,23791354,10,base,random_feasible,13.259884042938666,18.10299448304113,17.960637186031363,0.738274700702231,10,6,"{""rwh"":3,""restoration"":2,""drainage"":1}"
medellin,355,23801327,10,base,ourea_robust,67.45785681555981,85.97827344577627,84.01769322288601,0.8029006061449997,10,6,"{""rwh"":4,""drainage"":2}"
medellin,355,23801327,10,base,deterministic_central,65.33076047197756,85.02846984052348,85.17760509372465,0.7669945685851494,10,4,"{""drainage"":3,""rwh"":1}"
medellin,355,23801327,10,base,greedy_opportunity,50.034112046305836,60.35879465878952,60.26001966257127,0.8303036130169578,10,10,"{""rwh"":10}"
medellin,355,23801327,10,base,hazard_only,60.50032957046824,73.98920839248012,72.77257962905787,0.831361618330081,10,6,"{""drainage"":2,""rwh"":4}"
medellin,355,23801327,10,base,random_feasible,12.72699903312241,18.10299448304113,17.630753989117693,0.7218635709498273,10,6,"{""rwh"":3,""restoration"":2,""drainage"":1}"
medellin,356,23811300,10,base,ourea_robust,70.41896665726881,85.97827344577627,86.89291207445103,0.8104109411931422,10,6,"{""rwh"":4,""drainage"":2}"
medellin,356,23811300,10,base,deterministic_central,66.8552135059872,85.02846984052348,85.24624373451252,0.7842599342464682,10,4,"{""drainage"":3,""rwh"":1}"
medellin,356,23811300,10,base,greedy_opportunity,51.15145479880539,60.35879465878952,60.99997117207522,0.8385488356135762,10,10,"{""rwh"":10}"
medellin,356,23811300,10,base,hazard_only,59.02537664561487,73.98920839248012,73.79142882991482,0.7998947517558592,10,6,"{""drainage"":2,""rwh"":4}"
medellin,356,23811300,10,base,random_feasible,13.314828822945401,18.10299448304113,18.018324486625716,0.738960430689794,10,6,"{""rwh"":3,""restoration"":2,""drainage"":1}"
medellin,357,23821273,10,base,ourea_robust,69.35138002330814,85.97827344577627,84.9297499518816,0.8165734629220073,10,6,"{""rwh"":4,""drainage"":2}"
medellin,357,23821273,10,base,deterministic_central,66.87011096145807,85.02846984052348,84.5674849086704,0.7907307522941612,10,4,"{""drainage"":3,""rwh"":1}"
medellin,357,23821273,10,base,greedy_opportunity,50.283607936014505,60.35879465878952,58.409762496702115,0.8608767744750474,10,10,"{""rwh"":10}"
medellin,357,23821273,10,base,hazard_only,58.555117946390055,73.98920839248012,72.96978045508695,0.8024570936242689,10,6,"{""drainage"":2,""rwh"":4}"
medellin,357,23821273,10,base,random_feasible,13.276225739649362,18.10299448304113,17.747680075621247,0.7480541503498246,10,6,"{""rwh"":3,""restoration"":2,""drainage"":1}"
medellin,358,23831246,10,base,ourea_robust,69.80015515089372,85.97827344577627,86.38777365968099,0.8079865031117353,10,6,"{""rwh"":4,""drainage"":2}"
medellin,358,23831246,10,base,deterministic_central,66.63413278551843,85.02846984052348,85.0198749945821,0.7837477153402626,10,4,"{""drainage"":3,""rwh"":1}"
medellin,358,23831246,10,base,greedy_opportunity,52.117339678992266,60.35879465878952,59.980562308992376,0.8689038193824795,10,10,"{""rwh"":10}"
medellin,358,23831246,10,base,hazard_only,59.05119566557278,73.98920839248012,73.18726472417438,0.8068506985214281,10,6,"{""drainage"":2,""rwh"":4}"
medellin,358,23831246,10,base,random_feasible,13.260989628744483,18.10299448304113,17.957378949784925,0.7384702225100234,10,6,"{""rwh"":3,""restoration"":2,""drainage"":1}"
medellin,359,23841219,10,base,ourea_robust,65.93352821953886,85.97827344577627,85.87218851663965,0.7678100367357327,10,6,"{""rwh"":4,""drainage"":2}"
medellin,359,23841219,10,base,deterministic_central,67.77687514802255,85.02846984052348,83.87571531683761,0.8080631550145088,10,4,"{""drainage"":3,""rwh"":1}"
medellin,359,23841219,10,base,greedy_opportunity,49.541257037807554,60.35879465878952,58.933775072662684,0.8406258885796035,10,10,"{""rwh"":10}"
medellin,359,23841219,10,base,hazard_only,59.61667742696591,73.98920839248012,72.72014738913686,0.8198096341574744,10,6,"{""drainage"":2,""rwh"":4}"
medellin,359,23841219,10,base,random_feasible,13.295391180343358,18.10299448304113,18.27642290074482,0.7274613447362028,10,6,"{""rwh"":3,""restoration"":2,""drainage"":1}"
medellin,360,23851192,10,base,ourea_robust,72.54927955557969,85.97827344577627,88.72748314209548,0.817664121492022,10,6,"{""rwh"":4,""drainage"":2}"
medellin,360,23851192,10,base,deterministic_central,70.64926331913512,85.02846984052348,87.02888569225388,0.8117909675295698,10,4,"{""drainage"":3,""rwh"":1}"
medellin,360,23851192,10,base,greedy_opportunity,52.321305921013845,60.35879465878952,61.39985689354444,0.8521405190199213,10,10,"{""rwh"":10}"
medellin,360,23851192,10,base,hazard_only,61.80886245444799,73.98920839248012,73.08445147739576,0.8457183601297851,10,6,"{""drainage"":2,""rwh"":4}"
medellin,360,23851192,10,base,random_feasible,13.835181980380185,18.10299448304113,18.58720483559773,0.7443390279900184,10,6,"{""rwh"":3,""restoration"":2,""drainage"":1}"
medellin,361,23861165,10,base,ourea_robust,67.66097723576922,85.97827344577627,84.705844813363,0.7987757796979693,10,6,"{""rwh"":4,""drainage"":2}"
medellin,361,23861165,10,base,deterministic_central,66.08165429617111,85.02846984052348,85.45689491202529,0.7732746943848091,10,4,"{""drainage"":3,""rwh"":1}"
medellin,361,23861165,10,base,greedy_opportunity,49.5559296920992,60.35879465878952,60.056659669206056,0.8251529466516252,10,10,"{""rwh"":10}"
medellin,361,23861165,10,base,hazard_only,60.17060923078316,73.98920839248012,73.37706908421569,0.8200192509968567,10,6,"{""drainage"":2,""rwh"":4}"
medellin,361,23861165,10,base,random_feasible,13.02419309022389,18.10299448304113,18.447334090956247,0.7060203401752757,10,6,"{""rwh"":3,""restoration"":2,""drainage"":1}"
medellin,362,23871138,10,base,ourea_robust,70.92646498402746,85.97827344577627,86.49037871426617,0.8200503459274191,10,6,"{""rwh"":4,""drainage"":2}"
medellin,362,23871138,10,base,deterministic_central,67.64484646208211,85.02846984052348,85.27689584898008,0.7932376734476453,10,4,"{""drainage"":3,""rwh"":1}"
medellin,362,23871138,10,base,greedy_opportunity,50.124537649061494,60.35879465878952,61.70195750793073,0.8123654365847119,10,10,"{""rwh"":10}"
medellin,362,23871138,10,base,hazard_only,58.74873296746273,73.98920839248012,74.28420390500287,0.7908644083012935,10,6,"{""drainage"":2,""rwh"":4}"
medellin,362,23871138,10,base,random_feasible,13.306466130623448,18.10299448304113,18.379127616582537,0.7239987886376996,10,6,"{""rwh"":3,""restoration"":2,""drainage"":1}"
medellin,363,23881111,10,base,ourea_robust,69.29598739193216,85.97827344577627,84.67243089850126,0.8184008260610683,10,6,"{""rwh"":4,""drainage"":2}"
medellin,363,23881111,10,base,deterministic_central,67.12103722945403,85.02846984052348,82.30514259094798,0.8155145002669139,10,4,"{""drainage"":3,""rwh"":1}"
medellin,363,23881111,10,base,greedy_opportunity,50.60163734900834,60.35879465878952,58.89967413343629,0.8591157437369029,10,10,"{""rwh"":10}"
medellin,363,23881111,10,base,hazard_only,61.1622343430563,73.98920839248012,72.73597868818479,0.840880063018819,10,6,"{""drainage"":2,""rwh"":4}"
medellin,363,23881111,10,base,random_feasible,12.767308655950274,18.10299448304113,17.808489579108937,0.7169226002708028,10,6,"{""rwh"":3,""restoration"":2,""drainage"":1}"
medellin,364,23891084,10,base,ourea_robust,69.53169774883645,85.97827344577627,86.66270693167417,0.8023254778281506,10,6,"{""rwh"":4,""drainage"":2}"
medellin,364,23891084,10,base,deterministic_central,64.77991763926275,85.02846984052348,85.75411743841278,0.7554146619931882,10,4,"{""drainage"":3,""rwh"":1}"
medellin,364,23891084,10,base,greedy_opportunity,50.92610697920327,60.35879465878952,60.79092136735471,0.8377255325916323,10,10,"{""rwh"":10}"
medellin,364,23891084,10,base,hazard_only,59.82404475376825,73.98920839248012,73.71859904056146,0.8115190132798353,10,6,"{""drainage"":2,""rwh"":4}"
medellin,364,23891084,10,base,random_feasible,13.477047561611926,18.10299448304113,18.166271911053173,0.7418719497098294,10,6,"{""rwh"":3,""restoration"":2,""drainage"":1}"
medellin,365,23901057,10,base,ourea_robust,69.44211968853324,85.97827344577627,84.90481968035283,0.8178819524023123,10,6,"{""rwh"":4,""drainage"":2}"
medellin,365,23901057,10,base,deterministic_central,66.42442205991256,85.02846984052348,84.94610762502043,0.7819595731582125,10,4,"{""drainage"":3,""rwh"":1}"
medellin,365,23901057,10,base,greedy_opportunity,49.42145037426326,60.35879465878952,59.336185958887654,0.8329057484164211,10,10,"{""rwh"":10}"
medellin,365,23901057,10,base,hazard_only,61.190126607885304,73.98920839248012,72.33538007313518,0.8459225146258802,10,6,"{""drainage"":2,""rwh"":4}"
medellin,365,23901057,10,base,random_feasible,13.08375744424302,18.10299448304113,17.594493105790207,0.7436279843684306,10,6,"{""rwh"":3,""restoration"":2,""drainage"":1}"
medellin,366,23911030,10,base,ourea_robust,70.35610844466419,85.97827344577627,86.63408872589753,0.8121065215710249,10,6,"{""rwh"":4,""drainage"":2}"
medellin,366,23911030,10,base,deterministic_central,66.39114352495744,85.02846984052348,84.96111380115872,0.7814297689215556,10,4,"{""drainage"":3,""rwh"":1}"
medellin,366,23911030,10,base,greedy_opportunity,51.64587457188145,60.35879465878952,61.14709257008599,0.8446170112288762,10,10,"{""rwh"":10}"
medellin,366,23911030,10,base,hazard_only,60.610663077814934,73.98920839248012,74.124560433645,0.8176866442543363,10,6,"{""drainage"":2,""rwh"":4}"
medellin,366,23911030,10,base,random_feasible,13.445103880004353,18.10299448304113,18.285853694828347,0.7352735127595893,10,6,"{""rwh"":3,""restoration"":2,""drainage"":1}"
medellin,367,23921003,10,base,ourea_robust,65.27380502010647,85.97827344577627,82.86881396845001,0.7876763512623415,10,6,"{""rwh"":4,""drainage"":2}"
medellin,367,23921003,10,base,deterministic_central,65.70215315255928,85.02846984052348,83.29648402789871,0.7887746273966796,10,4,"{""drainage"":3,""rwh"":1}"
medellin,367,23921003,10,base,greedy_opportunity,49.67647651990819,60.35879465878952,59.55132143252513,0.8341792478307023,10,10,"{""rwh"":10}"
medellin,367,23921003,10,base,hazard_only,58.75882226312615,73.98920839248012,72.57131087019707,0.8096701238899171,10,6,"{""drainage"":2,""rwh"":4}"
medellin,367,23921003,10,base,random_feasible,13.177960430942676,18.10299448304113,18.049858800801758,0.7300866215284367,10,6,"{""rwh"":3,""restoration"":2,""drainage"":1}"
medellin,368,23930976,10,base,ourea_robust,72.72961368844699,85.97827344577627,86.44704608873235,0.8413198250151278,10,6,"{""rwh"":4,""drainage"":2}"
medellin,368,23930976,10,base,deterministic_central,66.46021689378449,85.02846984052348,86.6853771413289,0.7666831371735282,10,4,"{""drainage"":3,""rwh"":1}"
medellin,368,23930976,10,base,greedy_opportunity,53.02514503019074,60.35879465878952,60.79074061059282,0.8722569341580135,10,10,"{""rwh"":10}"
medellin,368,23930976,10,base,hazard_only,60.82358797218831,73.98920839248012,75.15276478875103,0.809332672499262,10,6,"{""drainage"":2,""rwh"":4}"
medellin,368,23930976,10,base,random_feasible,13.241075425206873,18.10299448304113,18.31593259411693,0.7229266299800591,10,6,"{""rwh"":3,""restoration"":2,""drainage"":1}"
medellin,369,23940949,10,base,ourea_robust,68.46695473191176,85.97827344577627,83.96533110081327,0.8154193383660533,10,6,"{""rwh"":4,""drainage"":2}"
medellin,369,23940949,10,base,deterministic_central,67.39467124128305,85.02846984052348,83.54537190523752,0.8066834787416636,10,4,"{""drainage"":3,""rwh"":1}"
medellin,369,23940949,10,base,greedy_opportunity,50.606366283604075,60.35879465878952,59.197542855553365,0.8548727504972219,10,10,"{""rwh"":10}"
medellin,369,23940949,10,base,hazard_only,59.153238578185665,73.98920839248012,73.39513891749675,0.8059558092080136,10,6,"{""drainage"":2,""rwh"":4}"
medellin,369,23940949,10,base,random_feasible,13.536507724153125,18.10299448304113,18.873755984341187,0.717213242312968,10,6,"{""rwh"":3,""restoration"":2,""drainage"":1}"
medellin,370,23950922,10,base,ourea_robust,69.37944849242012,85.97827344577627,84.53158258759095,0.8207517991341248,10,6,"{""rwh"":4,""drainage"":2}"
medellin,370,23950922,10,base,deterministic_central,66.43507346097203,85.02846984052348,85.27333930948589,0.7790837558249784,10,4,"{""drainage"":3,""rwh"":1}"
medellin,370,23950922,10,base,greedy_opportunity,50.9632775096411,60.35879465878952,61.35324730598131,0.8306533027579895,10,10,"{""rwh"":10}"
medellin,370,23950922,10,base,hazard_only,59.51395223418922,73.98920839248012,73.1269301407533,0.8138445319615895,10,6,"{""drainage"":2,""rwh"":4}"
medellin,370,23950922,10,base,random_feasible,13.156187738838526,18.10299448304113,18.442065527506657,0.7133792968697484,10,6,"{""rwh"":3,""restoration"":2,""drainage"":1}"
medellin,371,23960895,10,base,ourea_robust,69.72517819524774,85.97827344577627,85.67134283962923,0.8138681603925411,10,6,"{""rwh"":4,""drainage"":2}"
medellin,371,23960895,10,base,deterministic_central,64.90842504205284,85.02846984052348,85.2141361086733,0.7617095942775897,10,4,"{""drainage"":3,""rwh"":1}"
medellin,371,23960895,10,base,greedy_opportunity,49.841869748793215,60.35879465878952,58.97100484896373,0.8451928176643417,10,10,"{""rwh"":10}"
medellin,371,23960895,10,base,hazard_only,58.51386290292703,73.98920839248012,73.09936161245696,0.800470231370059,10,6,"{""drainage"":2,""rwh"":4}"
medellin,371,23960895,10,base,random_feasible,12.57952596108862,18.10299448304113,17.600033615892244,0.71474442808619,10,6,"{""rwh"":3,""restoration"":2,""drainage"":1}"
medellin,372,23970868,10,base,ourea_robust,70.03387584172015,85.97827344577627,85.77277133654025,0.816504757284027,10,6,"{""rwh"":4,""drainage"":2}"
medellin,372,23970868,10,base,deterministic_central,65.87708624813376,85.02846984052348,86.08174677827674,0.7652851935941227,10,4,"{""drainage"":3,""rwh"":1}"
medellin,372,23970868,10,base,greedy_opportunity,50.882623421389326,60.35879465878952,60.69921447057959,0.838274825550695,10,10,"{""rwh"":10}"
medellin,372,23970868,10,base,hazard_only,62.032882536107536,73.98920839248012,73.06111786866813,0.8490546592459134,10,6,"{""drainage"":2,""rwh"":4}"
medellin,372,23970868,10,base,random_feasible,13.395350719117232,18.10299448304113,17.801149896438346,0.7524991810668014,10,6,"{""rwh"":3,""restoration"":2,""drainage"":1}"
medellin,373,23980841,10,base,ourea_robust,64.91752086243287,85.97827344577627,82.95498658552333,0.7825632133097322,10,6,"{""rwh"":4,""drainage"":2}"
medellin,373,23980841,10,base,deterministic_central,67.84434717241675,85.02846984052348,82.18164182094597,0.8255413942718893,10,4,"{""drainage"":3,""rwh"":1}"
medellin,373,23980841,10,base,greedy_opportunity,49.31161006253251,60.35879465878952,58.361942203846866,0.844927502417529,10,10,"{""rwh"":10}"
medellin,373,23980841,10,base,hazard_only,59.639613665735396,73.98920839248012,72.88797753293329,0.818236637705967,10,6,"{""drainage"":2,""rwh"":4}"
medellin,373,23980841,10,base,random_feasible,12.822719795244666,18.10299448304113,17.279778237284518,0.7420650669912607,10,6,"{""rwh"":3,""restoration"":2,""drainage"":1}"
medellin,374,23990814,10,base,ourea_robust,69.55805182471158,85.97827344577627,88.94906127754712,0.7819987173070899,10,6,"{""rwh"":4,""drainage"":2}"
medellin,374,23990814,10,base,deterministic_central,65.53586235981084,85.02846984052348,85.76522601108081,0.7641309352037811,10,4,"{""drainage"":3,""rwh"":1}"
medellin,374,23990814,10,base,greedy_opportunity,51.01985806344646,60.35879465878952,60.91299575013636,0.8375857636805237,10,10,"{""rwh"":10}"
medellin,374,23990814,10,base,hazard_only,61.09339397656913,73.98920839248012,74.72612102864468,0.817564101221717,10,6,"{""drainage"":2,""rwh"":4}"
medellin,374,23990814,10,base,random_feasible,13.5215291519512,18.10299448304113,17.67881824576989,0.7648434959834813,10,6,"{""rwh"":3,""restoration"":2,""drainage"":1}"
medellin,375,24000787,10,base,ourea_robust,68.16089677368836,85.97827344577627,83.52811147015427,0.8160234389836909,10,6,"{""rwh"":4,""drainage"":2}"
medellin,375,24000787,10,base,deterministic_central,65.96616413607626,85.02846984052348,84.37899168076046,0.7817842192953987,10,4,"{""drainage"":3,""rwh"":1}"
medellin,375,24000787,10,base,greedy_opportunity,49.955860386628956,60.35879465878952,59.40326728891523,0.8409614936441522,10,10,"{""rwh"":10}"
medellin,375,24000787,10,base,hazard_only,58.10320797222312,73.98920839248012,73.00160724794114,0.795916832007309,10,6,"{""drainage"":2,""rwh"":4}"
medellin,375,24000787,10,base,random_feasible,12.98860143139882,18.10299448304113,18.026764186253786,0.7205176312953164,10,6,"{""rwh"":3,""restoration"":2,""drainage"":1}"
medellin,376,24010760,10,base,ourea_robust,67.7910812105165,85.97827344577627,86.98217853735378,0.7793674790681884,10,6,"{""rwh"":4,""drainage"":2}"
medellin,376,24010760,10,base,deterministic_central,66.9015468154339,85.02846984052348,83.49300419738256,0.8012832626943757,10,4,"{""drainage"":3,""rwh"":1}"
medellin,376,24010760,10,base,greedy_opportunity,52.01209951633791,60.35879465878952,61.64459550832862,0.8437414356836961,10,10,"{""rwh"":10}"
medellin,376,24010760,10,base,hazard_only,58.89831654609361,73.98920839248012,73.6502332733221,0.799703054945082,10,6,"{""drainage"":2,""rwh"":4}"
medellin,376,24010760,10,base,random_feasible,13.360691650304489,18.10299448304113,18.58960042801982,0.7187186030188213,10,6,"{""rwh"":3,""restoration"":2,""drainage"":1}"
medellin,377,24020733,10,base,ourea_robust,71.3834961120856,85.97827344577627,84.18420383003058,0.8479440662788729,10,6,"{""rwh"":4,""drainage"":2}"
medellin,377,24020733,10,base,deterministic_central,67.26710051758619,85.02846984052348,85.28936283402345,0.7886927312200782,10,4,"{""drainage"":3,""rwh"":1}"
medellin,377,24020733,10,base,greedy_opportunity,51.020103766055854,60.35879465878952,60.069523993388884,0.8493508916713076,10,10,"{""rwh"":10}"
medellin,377,24020733,10,base,hazard_only,60.63349816117261,73.98920839248012,74.30338156749303,0.8160260930533362,10,6,"{""drainage"":2,""rwh"":4}"
medellin,377,24020733,10,base,random_feasible,13.281043005930314,18.10299448304113,18.688050428751467,0.7106703321764104,10,6,"{""rwh"":3,""restoration"":2,""drainage"":1}"
medellin,378,24030706,10,base,ourea_robust,70.77499711323208,85.97827344577627,86.57955955998477,0.8174561925808499,10,6,"{""rwh"":4,""drainage"":2}"
medellin,378,24030706,10,base,deterministic_central,66.7018742371265,85.02846984052348,85.02037722140813,0.7845398528804807,10,4,"{""drainage"":3,""rwh"":1}"
medellin,378,24030706,10,base,greedy_opportunity,52.31716941622744,60.35879465878952,61.67904330450892,0.8482162921681197,10,10,"{""rwh"":10}"
medellin,378,24030706,10,base,hazard_only,62.01932332427259,73.98920839248012,75.18507300250621,0.824888782407716,10,6,"{""drainage"":2,""rwh"":4}"
medellin,378,24030706,10,base,random_feasible,13.18510793931,18.10299448304113,18.778359575189825,0.7021437568343462,10,6,"{""rwh"":3,""restoration"":2,""drainage"":1}"
medellin,379,24040679,10,base,ourea_robust,69.28700044592097,85.97827344577627,85.16209687833589,0.8135896482786894,10,6,"{""rwh"":4,""drainage"":2}"
medellin,379,24040679,10,base,deterministic_central,66.12204629172675,85.02846984052348,85.68724086957263,0.771667352346813,10,4,"{""drainage"":3,""rwh"":1}"
medellin,379,24040679,10,base,greedy_opportunity,48.755573522018494,60.35879465878952,59.0892141241593,0.8251179888697187,10,10,"{""rwh"":10}"
medellin,379,24040679,10,base,hazard_only,61.17482713764548,73.98920839248012,72.84457545382793,0.8397993502813501,10,6,"{""drainage"":2,""rwh"":4}"
medellin,379,24040679,10,base,random_feasible,12.811761333282448,18.10299448304113,17.87478830262171,0.7167503813963121,10,6,"{""rwh"":3,""restoration"":2,""drainage"":1}"
medellin,380,24050652,10,base,ourea_robust,70.66764841605982,85.97827344577627,87.16338085970938,0.8107492816255067,10,6,"{""rwh"":4,""drainage"":2}"
medellin,380,24050652,10,base,deterministic_central,64.33653263649967,85.02846984052348,83.66520305546192,0.7689759934467713,10,4,"{""drainage"":3,""rwh"":1}"
medellin,380,24050652,10,base,greedy_opportunity,51.411774164377675,60.35879465878952,60.56185516106734,0.8489134625688965,10,10,"{""rwh"":10}"
medellin,380,24050652,10,base,hazard_only,61.063350669810006,73.98920839248012,74.77504365346886,0.8166274158634643,10,6,"{""drainage"":2,""rwh"":4}"
medellin,380,24050652,10,base,random_feasible,13.458200792410025,18.10299448304113,17.807405814724007,0.7557642551888242,10,6,"{""rwh"":3,""restoration"":2,""drainage"":1}"
medellin,381,24060625,10,base,ourea_robust,65.48787134137683,85.97827344577627,84.63483571684446,0.7737696988090579,10,6,"{""rwh"":4,""drainage"":2}"
medellin,381,24060625,10,base,deterministic_central,65.58221120121834,85.02846984052348,83.53779799473887,0.7850603292817061,10,4,"{""drainage"":3,""rwh"":1}"
medellin,381,24060625,10,base,greedy_opportunity,50.16057033081552,60.35879465878952,58.32302804575147,0.8600474291469757,10,10,"{""rwh"":10}"
medellin,381,24060625,10,base,hazard_only,59.60152517990264,73.98920839248012,72.77833826306278,0.8189459474118307,10,6,"{""drainage"":2,""rwh"":4}"
medellin,381,24060625,10,base,random_feasible,13.017252430092412,18.10299448304113,17.517705567907797,0.7430911759323005,10,6,"{""rwh"":3,""restoration"":2,""drainage"":1}"
medellin,382,24070598,10,base,ourea_robust,70.73666751142173,85.97827344577627,87.16191682912131,0.8115547487338896,10,6,"{""rwh"":4,""drainage"":2}"
medellin,382,24070598,10,base,deterministic_central,65.37186109511504,85.02846984052348,84.98454369528918,0.769220592976352,10,4,"{""drainage"":3,""rwh"":1}"
medellin,382,24070598,10,base,greedy_opportunity,52.22903055510642,60.35879465878952,61.14343646449652,0.8542050230597306,10,10,"{""rwh"":10}"
medellin,382,24070598,10,base,hazard_only,61.52461147739632,73.98920839248012,75.12099512362556,0.8190068751904329,10,6,"{""drainage"":2,""rwh"":4}"
medellin,382,24070598,10,base,random_feasible,13.93415827128274,18.10299448304113,18.05917443219232,0.7715833480429583,10,6,"{""rwh"":3,""restoration"":2,""drainage"":1}"
medellin,383,24080571,10,base,ourea_robust,68.56972310682477,85.97827344577627,84.22611524443118,0.8141147541689384,10,6,"{""rwh"":4,""drainage"":2}"
medellin,383,24080571,10,base,deterministic_central,68.36603892982839,85.02846984052348,84.47408155790072,0.80931378795718,10,4,"{""drainage"":3,""rwh"":1}"
medellin,383,24080571,10,base,greedy_opportunity,49.38894905638654,60.35879465878952,59.462215771346564,0.8305938219037223,10,10,"{""rwh"":10}"
medellin,383,24080571,10,base,hazard_only,58.20349645130864,73.98920839248012,73.28152137756251,0.7942451979323877,10,6,"{""drainage"":2,""rwh"":4}"
medellin,383,24080571,10,base,random_feasible,13.079541790688836,18.10299448304113,18.105281260210177,0.7224158300944837,10,6,"{""rwh"":3,""restoration"":2,""drainage"":1}"
medellin,384,24090544,10,base,ourea_robust,69.34532728728846,85.97827344577627,84.63058259631862,0.8193885137014871,10,6,"{""rwh"":4,""drainage"":2}"
medellin,384,24090544,10,base,deterministic_central,66.12440978588165,85.02846984052348,83.39162543725479,0.7929382529620403,10,4,"{""drainage"":3,""rwh"":1}"
medellin,384,24090544,10,base,greedy_opportunity,51.677974270908635,60.35879465878952,61.98926515548328,0.8336600561611504,10,10,"{""rwh"":10}"
medellin,384,24090544,10,base,hazard_only,62.273752055450586,73.98920839248012,75.32545319050405,0.8267292053053478,10,6,"{""drainage"":2,""rwh"":4}"
medellin,384,24090544,10,base,random_feasible,13.522405390977838,18.10299448304113,18.440826806057885,0.7332862855441857,10,6,"{""rwh"":3,""restoration"":2,""drainage"":1}"
medellin,385,24100517,10,base,ourea_robust,68.92295929012016,85.97827344577627,86.0656639461763,0.8008183069757432,10,6,"{""rwh"":4,""drainage"":2}"
medellin,385,24100517,10,base,deterministic_central,67.98067872393494,85.02846984052348,86.0327433634011,0.7901721608107453,10,4,"{""drainage"":3,""rwh"":1}"
medellin,385,24100517,10,base,greedy_opportunity,49.94120281142568,60.35879465878952,59.36024886229916,0.8413240134366132,10,10,"{""rwh"":10}"
medellin,385,24100517,10,base,hazard_only,61.46520749652382,73.98920839248012,73.72501282940584,0.8337090105192617,10,6,"{""drainage"":2,""rwh"":4}"
medellin,385,24100517,10,base,random_feasible,13.395938712637872,18.10299448304113,18.39380873673099,0.7282852020684132,10,6,"{""rwh"":3,""restoration"":2,""drainage"":1}"
medellin,386,24110490,10,base,ourea_robust,68.89448071487686,85.97827344577627,85.6650716313784,0.8042307022322198,10,6,"{""rwh"":4,""drainage"":2}"
medellin,386,24110490,10,base,deterministic_central,65.29180043960241,85.02846984052348,84.79972838804815,0.7699529430191521,10,4,"{""drainage"":3,""rwh"":1}"
medellin,386,24110490,10,base,greedy_opportunity,51.796904333621114,60.35879465878952,61.0656412820108,0.848216824489156,10,10,"{""rwh"":10}"
medellin,386,24110490,10,base,hazard_only,62.60981597452883,73.98920839248012,74.07742024970275,0.8451943353788709,10,6,"{""drainage"":2,""rwh"":4}"
medellin,386,24110490,10,base,random_feasible,13.187868620479094,18.10299448304113,18.23134537373926,0.7233623383316036,10,6,"{""rwh"":3,""restoration"":2,""drainage"":1}"
medellin,387,24120463,10,base,ourea_robust,67.74587157291853,85.97827344577627,83.64873519044568,0.8098851873692937,10,6,"{""rwh"":4,""drainage"":2}"
medellin,387,24120463,10,base,deterministic_central,65.75914817286457,85.02846984052348,84.44154528168065,0.7787534909919611,10,4,"{""drainage"":3,""rwh"":1}"
medellin,387,24120463,10,base,greedy_opportunity,49.84287111658068,60.35879465878952,59.18626745115262,0.8421357396412404,10,10,"{""rwh"":10}"
medellin,387,24120463,10,base,hazard_only,60.134637088055115,73.98920839248012,73.78023383365917,0.8150507793677009,10,6,"{""drainage"":2,""rwh"":4}"
medellin,387,24120463,10,base,random_feasible,12.73018954710733,18.10299448304113,17.443894437185918,0.7297790979501586,10,6,"{""rwh"":3,""restoration"":2,""drainage"":1}"
medellin,388,24130436,10,base,ourea_robust,68.54426857223143,85.97827344577627,87.4093743581343,0.7841752566651647,10,6,"{""rwh"":4,""drainage"":2}"
medellin,388,24130436,10,base,deterministic_central,65.2249252174147,85.02846984052348,84.37852262905926,0.7730038780621145,10,4,"{""drainage"":3,""rwh"":1}"
medellin,388,24130436,10,base,greedy_opportunity,52.0524039074885,60.35879465878952,60.626987857868244,0.8585682011700516,10,10,"{""rwh"":10}"
medellin,388,24130436,10,base,hazard_only,61.86967598635147,73.98920839248012,76.0232127214731,0.8138261166760201,10,6,"{""drainage"":2,""rwh"":4}"
medellin,388,24130436,10,base,random_feasible,13.57814604030591,18.10299448304113,18.29743113003633,0.7420793631525996,10,6,"{""rwh"":3,""restoration"":2,""drainage"":1}"
medellin,389,24140409,10,base,ourea_robust,68.20987462040603,85.97827344577627,85.73431221492456,0.7955959855304247,10,6,"{""rwh"":4,""drainage"":2}"
medellin,389,24140409,10,base,deterministic_central,65.34515973546604,85.02846984052348,84.94077420552367,0.7693026152240636,10,4,"{""drainage"":3,""rwh"":1}"
medellin,389,24140409,10,base,greedy_opportunity,49.68576147363092,60.35879465878952,58.4220816414072,0.8504620184299573,10,10,"{""rwh"":10}"
medellin,389,24140409,10,base,hazard_only,58.44567305930741,73.98920839248012,72.43820337184297,0.8068349343134797,10,6,"{""drainage"":2,""rwh"":4}"
medellin,389,24140409,10,base,random_feasible,13.048285663664046,18.10299448304113,17.658320791362257,0.7389312844541109,10,6,"{""rwh"":3,""restoration"":2,""drainage"":1}"
medellin,390,24150382,10,base,ourea_robust,66.79597830586636,85.97827344577627,84.21854672338577,0.7931267031388761,10,6,"{""rwh"":4,""drainage"":2}"
medellin,390,24150382,10,base,deterministic_central,64.59051376574871,85.02846984052348,83.18219009954828,0.7764945078802328,10,4,"{""drainage"":3,""rwh"":1}"
medellin,390,24150382,10,base,greedy_opportunity,51.85186143282726,60.35879465878952,60.60860052169983,0.8555198599951608,10,10,"{""rwh"":10}"
medellin,390,24150382,10,base,hazard_only,60.47093715585288,73.98920839248012,73.63332346364814,0.8212441638018232,10,6,"{""drainage"":2,""rwh"":4}"
medellin,390,24150382,10,base,random_feasible,13.687563943342411,18.10299448304113,17.962830105317153,0.7619937316720918,10,6,"{""rwh"":3,""restoration"":2,""drainage"":1}"
medellin,391,24160355,10,base,ourea_robust,69.32884524824976,85.97827344577627,87.09980856898392,0.795970121947405,10,6,"{""rwh"":4,""drainage"":2}"
medellin,391,24160355,10,base,deterministic_central,70.54319687617999,85.02846984052348,85.84853615629618,0.8217169451526671,10,4,"{""drainage"":3,""rwh"":1}"
medellin,391,24160355,10,base,greedy_opportunity,49.93074242083185,60.35879465878952,59.61002625481342,0.8376232247809153,10,10,"{""rwh"":10}"
medellin,391,24160355,10,base,hazard_only,59.76404682789689,73.98920839248012,73.23353271220913,0.8160748855685522,10,6,"{""drainage"":2,""rwh"":4}"
medellin,391,24160355,10,base,random_feasible,13.48090164901987,18.10299448304113,17.99813688249742,0.7490165085992646,10,6,"{""rwh"":3,""restoration"":2,""drainage"":1}"
medellin,392,24170328,10,base,ourea_robust,71.80419706939983,85.97827344577627,87.00229336512211,0.8253138427979076,10,6,"{""rwh"":4,""drainage"":2}"
medellin,392,24170328,10,base,deterministic_central,65.59835595874347,85.02846984052348,83.9249429008787,0.7816312253702665,10,4,"{""drainage"":3,""rwh"":1}"
medellin,392,24170328,10,base,greedy_opportunity,51.806414070290884,60.35879465878952,61.387598222141605,0.8439231305779458,10,10,"{""rwh"":10}"
medellin,392,24170328,10,base,hazard_only,62.81173158940737,73.98920839248012,74.58586539407588,0.8421398780793165,10,6,"{""drainage"":2,""rwh"":4}"
medellin,392,24170328,10,base,random_feasible,13.464444351404381,18.10299448304113,18.50689937153129,0.7275364760515425,10,6,"{""rwh"":3,""restoration"":2,""drainage"":1}"
medellin,393,24180301,10,base,ourea_robust,67.30331394327641,85.97827344577627,84.41617369623464,0.7972798457492567,10,6,"{""rwh"":4,""drainage"":2}"
medellin,393,24180301,10,base,deterministic_central,66.8555388443151,85.02846984052348,85.82853133048957,0.7789430601682155,10,4,"{""drainage"":3,""rwh"":1}"
medellin,393,24180301,10,base,greedy_opportunity,50.41459551872413,60.35879465878952,59.67116628101485,0.8448736410027934,10,10,"{""rwh"":10}"
medellin,393,24180301,10,base,hazard_only,58.848453690643055,73.98920839248012,73.76815884370126,0.7977487118165736,10,6,"{""drainage"":2,""rwh"":4}"
medellin,393,24180301,10,base,random_feasible,13.018872394579375,18.10299448304113,18.451362988706478,0.7055778157173448,10,6,"{""rwh"":3,""restoration"":2,""drainage"":1}"
medellin,394,24190274,10,base,ourea_robust,70.17649389643202,85.97827344577627,88.56814981584284,0.7923445848462223,10,6,"{""rwh"":4,""drainage"":2}"
medellin,394,24190274,10,base,deterministic_central,68.04687715833415,85.02846984052348,84.53872597905684,0.8049195959635318,10,4,"{""drainage"":3,""rwh"":1}"
medellin,394,24190274,10,base,greedy_opportunity,52.62525440356012,60.35879465878952,61.073551070901885,0.8616701252964002,10,10,"{""rwh"":10}"
medellin,394,24190274,10,base,hazard_only,62.65394170000218,73.98920839248012,75.37611853349244,0.8312174057113684,10,6,"{""drainage"":2,""rwh"":4}"
medellin,394,24190274,10,base,random_feasible,13.372865809612449,18.10299448304113,18.93506834388836,0.706248615887821,10,6,"{""rwh"":3,""restoration"":2,""drainage"":1}"
medellin,395,24200247,10,base,ourea_robust,68.24929766682635,85.97827344577627,84.33605596726511,0.809254083369955,10,6,"{""rwh"":4,""drainage"":2}"
medellin,395,24200247,10,base,deterministic_central,68.67352082267507,85.02846984052348,85.03162853703225,0.8076232574184672,10,4,"{""drainage"":3,""rwh"":1}"
medellin,395,24200247,10,base,greedy_opportunity,49.964562320465575,60.35879465878952,58.51890534960967,0.8538191550570221,10,10,"{""rwh"":10}"
medellin,395,24200247,10,base,hazard_only,58.34684821612518,73.98920839248012,73.10387498044838,0.7981361895211442,10,6,"{""drainage"":2,""rwh"":4}"
medellin,395,24200247,10,base,random_feasible,12.500306371427541,18.10299448304113,17.60030982982198,0.7102321772908231,10,6,"{""rwh"":3,""restoration"":2,""drainage"":1}"
medellin,396,24210220,10,base,ourea_robust,67.84053375839903,85.97827344577627,85.05523065319767,0.7976056644300988,10,6,"{""rwh"":4,""drainage"":2}"
medellin,396,24210220,10,base,deterministic_central,64.89825977085957,85.02846984052348,83.24762759555642,0.7795808919162964,10,4,"{""drainage"":3,""rwh"":1}"
medellin,396,24210220,10,base,greedy_opportunity,52.63481216377704,60.35879465878952,60.99010474473289,0.8630057676417188,10,10,"{""rwh"":10}"
medellin,396,24210220,10,base,hazard_only,62.538529353720605,73.98920839248012,75.70681485350815,0.8260620853582596,10,6,"{""drainage"":2,""rwh"":4}"
medellin,396,24210220,10,base,random_feasible,13.230456655373473,18.10299448304113,18.038299765968077,0.7334647293274662,10,6,"{""rwh"":3,""restoration"":2,""drainage"":1}"
medellin,397,24220193,10,base,ourea_robust,68.07806408075248,85.97827344577627,86.32444391526633,0.788630207077569,10,6,"{""rwh"":4,""drainage"":2}"
medellin,397,24220193,10,base,deterministic_central,67.47545125960369,85.02846984052348,87.8197129843893,0.7683406033403687,10,4,"{""drainage"":3,""rwh"":1}"
medellin,397,24220193,10,base,greedy_opportunity,50.06211708370893,60.35879465878952,57.69220606464978,0.8677448913568916,10,10,"{""rwh"":10}"
medellin,397,24220193,10,base,hazard_only,58.624850186545245,73.98920839248012,72.30143231506509,0.8108394026148481,10,6,"{""drainage"":2,""rwh"":4}"
medellin,397,24220193,10,base,random_feasible,12.80346159058854,18.10299448304113,17.41051582001728,0.7353866894551222,10,6,"{""rwh"":3,""restoration"":2,""drainage"":1}"
medellin,398,24230166,10,base,ourea_robust,69.99776902513167,85.97827344577627,86.63008517057779,0.8080076209933711,10,6,"{""rwh"":4,""drainage"":2}"
medellin,398,24230166,10,base,deterministic_central,66.79292168341408,85.02846984052348,83.81572425814193,0.7969020404536534,10,4,"{""drainage"":3,""rwh"":1}"
medellin,398,24230166,10,base,greedy_opportunity,51.77479413772289,60.35879465878952,60.871031809727356,0.850565410153753,10,10,"{""rwh"":10}"
medellin,398,24230166,10,base,hazard_only,61.94678837000765,73.98920839248012,74.67608784214599,0.8295398187027934,10,6,"{""drainage"":2,""rwh"":4}"
medellin,398,24230166,10,base,random_feasible,13.670478930763238,18.10299448304113,17.937311828446127,0.7621252873066368,10,6,"{""rwh"":3,""restoration"":2,""drainage"":1}"
medellin,399,24240139,10,base,ourea_robust,68.65169786248634,85.97827344577627,84.53648902203258,0.812095447264125,10,6,"{""rwh"":4,""drainage"":2}"
medellin,399,24240139,10,base,deterministic_central,66.74353892502131,85.02846984052348,85.25442125071822,0.7828748110170185,10,4,"{""drainage"":3,""rwh"":1}"
medellin,399,24240139,10,base,greedy_opportunity,50.441701111415114,60.35879465878952,58.5639153093266,0.861310259824483,10,10,"{""rwh"":10}"
medellin,399,24240139,10,base,hazard_only,61.12539317244409,73.98920839248012,72.88330008757839,0.8386748829840895,10,6,"{""drainage"":2,""rwh"":4}"
medellin,399,24240139,10,base,random_feasible,13.283823766211754,18.10299448304113,18.05960658568347,0.7355544376444136,10,6,"{""rwh"":3,""restoration"":2,""drainage"":1}"
medellin,400,24250112,10,base,ourea_robust,70.67512319151865,85.97827344577627,86.55692243817793,0.8165161283546948,10,6,"{""rwh"":4,""drainage"":2}"
medellin,400,24250112,10,base,deterministic_central,63.26358556107789,85.02846984052348,85.0109750238139,0.7441813900305935,10,4,"{""drainage"":3,""rwh"":1}"
medellin,400,24250112,10,base,greedy_opportunity,51.60552076420299,60.35879465878952,61.32825509921349,0.8414640312319078,10,10,"{""rwh"":10}"
medellin,400,24250112,10,base,hazard_only,61.33674628172366,73.98920839248012,75.43071725390291,0.813153427605118,10,6,"{""drainage"":2,""rwh"":4}"
medellin,400,24250112,10,base,random_feasible,13.495737071014446,18.10299448304113,18.343673303299056,0.7357161702496783,10,6,"{""rwh"":3,""restoration"":2,""drainage"":1}"
medellin,401,24260085,10,base,ourea_robust,69.42274215137604,85.97827344577627,85.62692921329426,0.8107582835120241,10,6,"{""rwh"":4,""drainage"":2}"
medellin,401,24260085,10,base,deterministic_central,68.207415223525,85.02846984052348,85.07028203735581,0.8017772316021471,10,4,"{""drainage"":3,""rwh"":1}"
medellin,401,24260085,10,base,greedy_opportunity,50.333857201319006,60.35879465878952,59.700962519251334,0.8430995929938017,10,10,"{""rwh"":10}"
medellin,401,24260085,10,base,hazard_only,61.84461154046767,73.98920839248012,73.9308048150956,0.8365201987878251,10,6,"{""drainage"":2,""rwh"":4}"
medellin,401,24260085,10,base,random_feasible,13.703038466475391,18.10299448304113,18.77046374816382,0.7300319614008397,10,6,"{""rwh"":3,""restoration"":2,""drainage"":1}"
medellin,402,24270058,10,base,ourea_robust,70.87388525622009,85.97827344577627,86.11380868535161,0.8230257880612832,10,6,"{""rwh"":4,""drainage"":2}"
medellin,402,24270058,10,base,deterministic_central,65.52974804331234,85.02846984052348,85.91299442962372,0.762745478473475,10,4,"{""drainage"":3,""rwh"":1}"
medellin,402,24270058,10,base,greedy_opportunity,51.72036586690956,60.35879465878952,61.13002956150922,0.8460713374082107,10,10,"{""rwh"":10}"
medellin,402,24270058,10,base,hazard_only,60.89583271689844,73.98920839248012,75.69599401716505,0.8044789358745923,10,6,"{""drainage"":2,""rwh"":4}"
medellin,402,24270058,10,base,random_feasible,13.392506574034996,18.10299448304113,18.677301876264664,0.7170471764475977,10,6,"{""rwh"":3,""restoration"":2,""drainage"":1}"
medellin,403,24280031,10,base,ourea_robust,69.76212041776489,85.97827344577627,86.49022820173377,0.8065896213737409,10,6,"{""rwh"":4,""drainage"":2}"
medellin,403,24280031,10,base,deterministic_central,67.54839200705919,85.02846984052348,85.86474737721392,0.7866836399146576,10,4,"{""drainage"":3,""rwh"":1}"
medellin,403,24280031,10,base,greedy_opportunity,48.840375460801624,60.35879465878952,59.62225152054725,0.8191635541299555,10,10,"{""rwh"":10}"
medellin,403,24280031,10,base,hazard_only,59.659958701677624,73.98920839248012,73.52661696061887,0.8114062793563822,10,6,"{""drainage"":2,""rwh"":4}"
medellin,403,24280031,10,base,random_feasible,13.075275564098774,18.10299448304113,17.879131185634378,0.7313149295869906,10,6,"{""rwh"":3,""restoration"":2,""drainage"":1}"
medellin,404,24290004,10,base,ourea_robust,69.58462153630535,85.97827344577627,86.13313521052305,0.8078728513275348,10,6,"{""rwh"":4,""drainage"":2}"
medellin,404,24290004,10,base,deterministic_central,64.42985803062584,85.02846984052348,85.06121782797163,0.7574528048837628,10,4,"{""drainage"":3,""rwh"":1}"
medellin,404,24290004,10,base,greedy_opportunity,51.83875817149692,60.35879465878952,60.679983665523196,0.8542974971324913,10,10,"{""rwh"":10}"
medellin,404,24290004,10,base,hazard_only,60.886693093170834,73.98920839248012,74.33749030598847,0.8190576900370006,10,6,"{""drainage"":2,""rwh"":4}"
medellin,404,24290004,10,base,random_feasible,12.95581786123148,18.10299448304113,17.964725018401623,0.721180972598277,10,6,"{""rwh"":3,""restoration"":2,""drainage"":1}"
medellin,405,24299977,10,base,ourea_robust,70.0839774834144,85.97827344577627,86.76556205090264,0.8077395665609626,10,6,"{""rwh"":4,""drainage"":2}"
medellin,405,24299977,10,base,deterministic_central,69.24868548260474,85.02846984052348,86.15910454690811,0.803730329450015,10,4,"{""drainage"":3,""rwh"":1}"
medellin,405,24299977,10,base,greedy_opportunity,50.384698318126084,60.35879465878952,58.88165739636088,0.8556942950664982,10,10,"{""rwh"":10}"
medellin,405,24299977,10,base,hazard_only,60.41760802906083,73.98920839248012,71.80067001189173,0.8414630116829603,10,6,"{""drainage"":2,""rwh"":4}"
medellin,405,24299977,10,base,random_feasible,13.074460529121552,18.10299448304113,17.531294568298563,0.7457783838030877,10,6,"{""rwh"":3,""restoration"":2,""drainage"":1}"
medellin,406,24309950,10,base,ourea_robust,68.95699935867151,85.97827344577627,87.31670040828885,0.7897343696707706,10,6,"{""rwh"":4,""drainage"":2}"
medellin,406,24309950,10,base,deterministic_central,65.01590358868589,85.02846984052348,83.80475019670439,0.7758021285915441,10,4,"{""drainage"":3,""rwh"":1}"
medellin,406,24309950,10,base,greedy_opportunity,49.941630184443056,60.35879465878952,60.51250883708781,0.8253108513298673,10,10,"{""rwh"":10}"
medellin,406,24309950,10,base,hazard_only,61.71150731697571,73.98920839248012,75.33494138115293,0.819161815030157,10,6,"{""drainage"":2,""rwh"":4}"
medellin,406,24309950,10,base,random_feasible,13.435129248170142,18.10299448304113,18.35863519151826,0.7318152524963952,10,6,"{""rwh"":3,""restoration"":2,""drainage"":1}"
medellin,407,24319923,10,base,ourea_robust,70.11032772089084,85.97827344577627,84.01786289107758,0.8344693057925462,10,6,"{""rwh"":4,""drainage"":2}"
medellin,407,24319923,10,base,deterministic_central,68.82019402611195,85.02846984052348,85.1526021202867,0.8081983675483743,10,4,"{""drainage"":3,""rwh"":1}"
medellin,407,24319923,10,base,greedy_opportunity,49.77562544312741,60.35879465878952,58.76738966554649,0.8469939829964802,10,10,"{""rwh"":10}"
medellin,407,24319923,10,base,hazard_only,56.82102417826309,73.98920839248012,73.20194645665697,0.7762228592091733,10,6,"{""drainage"":2,""rwh"":4}"
medellin,407,24319923,10,base,random_feasible,12.831239505258054,18.10299448304113,17.959833814860758,0.7144408816656711,10,6,"{""rwh"":3,""restoration"":2,""drainage"":1}"
medellin,408,24329896,10,base,ourea_robust,68.31612524509956,85.97827344577627,86.53172719756367,0.7894922181447341,10,6,"{""rwh"":4,""drainage"":2}"
medellin,408,24329896,10,base,deterministic_central,66.63218768247361,85.02846984052348,84.79805290064951,0.7857749724576901,10,4,"{""drainage"":3,""rwh"":1}"
medellin,408,24329896,10,base,greedy_opportunity,51.852189717248166,60.35879465878952,61.66947941895842,0.8408079686384993,10,10,"{""rwh"":10}"
medellin,408,24329896,10,base,hazard_only,61.657758481342626,73.98920839248012,74.96846525393494,0.8224492561304814,10,6,"{""drainage"":2,""rwh"":4}"
medellin,408,24329896,10,base,random_feasible,13.781397236479734,18.10299448304113,18.473569304362627,0.7460061999618659,10,6,"{""rwh"":3,""restoration"":2,""drainage"":1}"
medellin,409,24339869,10,base,ourea_robust,70.11607165330543,85.97827344577627,85.57041044115977,0.8193962292785646,10,6,"{""rwh"":4,""drainage"":2}"
medellin,409,24339869,10,base,deterministic_central,68.24364266278417,85.02846984052348,86.67141486540686,0.7873835078008198,10,4,"{""drainage"":3,""rwh"":1}"
medellin,409,24339869,10,base,greedy_opportunity,49.658404554087156,60.35879465878952,59.76294809286628,0.8309229403630228,10,10,"{""rwh"":10}"
medellin,409,24339869,10,base,hazard_only,59.001610387929304,73.98920839248012,72.47415260182379,0.8141055572196445,10,6,"{""drainage"":2,""rwh"":4}"
medellin,409,24339869,10,base,random_feasible,13.082909225972344,18.10299448304113,18.415130095837867,0.710443486300936,10,6,"{""rwh"":3,""restoration"":2,""drainage"":1}"
medellin,410,24349842,10,base,ourea_robust,69.01082275945328,85.97827344577627,85.92520172830746,0.8031499649853966,10,6,"{""rwh"":4,""drainage"":2}"
medellin,410,24349842,10,base,deterministic_central,66.71400026436004,85.02846984052348,85.71264343305666,0.7783449161320646,10,4,"{""drainage"":3,""rwh"":1}"
medellin,410,24349842,10,base,greedy_opportunity,52.07216371291679,60.35879465878952,61.073470717071814,0.8526151060604634,10,10,"{""rwh"":10}"
medellin,410,24349842,10,base,hazard_only,60.82643869135927,73.98920839248012,75.86014246603918,0.8018234175949492,10,6,"{""drainage"":2,""rwh"":4}"
medellin,410,24349842,10,base,random_feasible,13.557077175173617,18.10299448304113,19.091875015888945,0.7100966858357772,10,6,"{""rwh"":3,""restoration"":2,""drainage"":1}"
medellin,411,24359815,10,base,ourea_robust,70.92382054173186,85.97827344577627,86.38167548890624,0.8210516888022207,10,6,"{""rwh"":4,""drainage"":2}"
medellin,411,24359815,10,base,deterministic_central,69.36233049174234,85.02846984052348,87.76944030301684,0.7902788288528964,10,4,"{""drainage"":3,""rwh"":1}"
medellin,411,24359815,10,base,greedy_opportunity,49.158947265042116,60.35879465878952,59.688092406545366,0.8235972248905608,10,10,"{""rwh"":10}"
medellin,411,24359815,10,base,hazard_only,58.27865472322719,73.98920839248012,73.46881559785743,0.7932434223824179,10,6,"{""drainage"":2,""rwh"":4}"
medellin,411,24359815,10,base,random_feasible,13.065107549971344,18.10299448304113,18.01535177128244,0.7252207847974368,10,6,"{""rwh"":3,""restoration"":2,""drainage"":1}"
medellin,412,24369788,10,base,ourea_robust,70.70162081161789,85.97827344577627,86.01804094024965,0.8219394447814623,10,6,"{""rwh"":4,""drainage"":2}"
medellin,412,24369788,10,base,deterministic_central,66.25752001081628,85.02846984052348,83.09713832633724,0.7973502017676134,10,4,"{""drainage"":3,""rwh"":1}"
medellin,412,24369788,10,base,greedy_opportunity,51.74705228520543,60.35879465878952,61.03033565797068,0.8478906715376578,10,10,"{""rwh"":10}"
medellin,412,24369788,10,base,hazard_only,61.30155145947356,73.98920839248012,74.30468902475877,0.8250024630215128,10,6,"{""drainage"":2,""rwh"":4}"
medellin,412,24369788,10,base,random_feasible,13.354236219078302,18.10299448304113,18.10889998405628,0.7374404978124485,10,6,"{""rwh"":3,""restoration"":2,""drainage"":1}"
medellin,413,24379761,10,base,ourea_robust,69.22304168837627,85.97827344577627,85.32766324579052,0.8112614251368387,10,6,"{""rwh"":4,""drainage"":2}"
medellin,413,24379761,10,base,deterministic_central,67.33001099905823,85.02846984052348,85.79067336688695,0.7848173741581324,10,4,"{""drainage"":3,""rwh"":1}"
medellin,413,24379761,10,base,greedy_opportunity,50.446944630127746,60.35879465878952,59.05222133065217,0.8542768331721047,10,10,"{""rwh"":10}"
medellin,413,24379761,10,base,hazard_only,58.66765527187954,73.98920839248012,72.99881829124024,0.8036795203699836,10,6,"{""drainage"":2,""rwh"":4}"
medellin,413,24379761,10,base,random_feasible,13.210629383722335,18.10299448304113,17.55828547414967,0.7523872079179822,10,6,"{""rwh"":3,""restoration"":2,""drainage"":1}"
medellin,414,24389734,10,base,ourea_robust,71.33520638755726,85.97827344577627,86.65958723766653,0.8231657761295159,10,6,"{""rwh"":4,""drainage"":2}"
medellin,414,24389734,10,base,deterministic_central,65.71509138664487,85.02846984052348,84.6691098935521,0.7761400996096847,10,4,"{""drainage"":3,""rwh"":1}"
medellin,414,24389734,10,base,greedy_opportunity,51.03999319585955,60.35879465878952,60.730198837754415,0.8404384338048518,10,10,"{""rwh"":10}"
medellin,414,24389734,10,base,hazard_only,60.13257579086667,73.98920839248012,75.38840764984525,0.797636900226929,10,6,"{""drainage"":2,""rwh"":4}"
medellin,414,24389734,10,base,random_feasible,13.397265970465014,18.10299448304113,17.985524680609615,0.7448915841142376,10,6,"{""rwh"":3,""restoration"":2,""drainage"":1}"
medellin,415,24399707,10,base,ourea_robust,69.55921857481962,85.97827344577627,83.93495489380985,0.8287276577776487,10,6,"{""rwh"":4,""drainage"":2}"
medellin,415,24399707,10,base,deterministic_central,66.31020423952214,85.02846984052348,85.34548561288375,0.7769620591333533,10,4,"{""drainage"":3,""rwh"":1}"
medellin,415,24399707,10,base,greedy_opportunity,50.08057750930766,60.35879465878952,59.3147645488134,0.8443189126729751,10,10,"{""rwh"":10}"
medellin,415,24399707,10,base,hazard_only,57.90155850910378,73.98920839248012,72.58844849343177,0.7976690466712903,10,6,"{""drainage"":2,""rwh"":4}"
medellin,415,24399707,10,base,random_feasible,13.29295605337984,18.10299448304113,17.992717494115823,0.738796463498471,10,6,"{""rwh"":3,""restoration"":2,""drainage"":1}"
medellin,416,24409680,10,base,ourea_robust,70.12464043024193,85.97827344577627,85.98669546904648,0.8155289611691778,10,6,"{""rwh"":4,""drainage"":2}"
medellin,416,24409680,10,base,deterministic_central,64.76169668005605,85.02846984052348,84.97228342098742,0.7621508340454984,10,4,"{""drainage"":3,""rwh"":1}"
medellin,416,24409680,10,base,greedy_opportunity,51.59413788336815,60.35879465878952,61.88679847338199,0.8336856834751147,10,10,"{""rwh"":10}"
medellin,416,24409680,10,base,hazard_only,60.830566636945605,73.98920839248012,76.22937420811968,0.7979937821720455,10,6,"{""drainage"":2,""rwh"":4}"
medellin,416,24409680,10,base,random_feasible,13.321427734518238,18.10299448304113,18.526204440309357,0.7190586597184173,10,6,"{""rwh"":3,""restoration"":2,""drainage"":1}"
medellin,417,24419653,10,base,ourea_robust,70.61385706055762,85.97827344577627,87.75099970804649,0.8047071520039053,10,6,"{""rwh"":4,""drainage"":2}"
medellin,417,24419653,10,base,deterministic_central,67.73160175987596,85.02846984052348,87.18105519274559,0.7769073408222749,10,4,"{""drainage"":3,""rwh"":1}"
medellin,417,24419653,10,base,greedy_opportunity,50.945735460663855,60.35879465878952,59.4646023391756,0.8567405390198083,10,10,"{""rwh"":10}"
medellin,417,24419653,10,base,hazard_only,59.61059460041133,73.98920839248012,73.30931617674833,0.8131380526956566,10,6,"{""drainage"":2,""rwh"":4}"
medellin,417,24419653,10,base,random_feasible,13.303678168800616,18.10299448304113,18.709053107073032,0.7110823884385206,10,6,"{""rwh"":3,""restoration"":2,""drainage"":1}"
medellin,418,24429626,10,base,ourea_robust,69.06379468300838,85.97827344577627,85.7630201224747,0.8052864111406195,10,6,"{""rwh"":4,""drainage"":2}"
medellin,418,24429626,10,base,deterministic_central,65.78052547043626,85.02846984052348,84.0664390527495,0.7824825960471656,10,4,"{""drainage"":3,""rwh"":1}"
medellin,418,24429626,10,base,greedy_opportunity,50.96516196201537,60.35879465878952,61.14559859673409,0.8335049967887227,10,10,"{""rwh"":10}"
medellin,418,24429626,10,base,hazard_only,62.28255986334989,73.98920839248012,73.36102520660961,0.8489870430237446,10,6,"{""drainage"":2,""rwh"":4}"
medellin,418,24429626,10,base,random_feasible,13.90923949804801,18.10299448304113,18.541398757017305,0.7501720706364629,10,6,"{""rwh"":3,""restoration"":2,""drainage"":1}"
medellin,419,24439599,10,base,ourea_robust,66.24133036919693,85.97827344577627,84.78689123336153,0.7812685358032401,10,6,"{""rwh"":4,""drainage"":2}"
medellin,419,24439599,10,base,deterministic_central,67.76460013957194,85.02846984052348,86.25615010235242,0.7856205042673685,10,4,"{""drainage"":3,""rwh"":1}"
medellin,419,24439599,10,base,greedy_opportunity,49.44158522587213,60.35879465878952,60.10711522638121,0.8225579457550153,10,10,"{""rwh"":10}"
medellin,419,24439599,10,base,hazard_only,59.51410182350264,73.98920839248012,74.43872117408091,0.7995046245397492,10,6,"{""drainage"":2,""rwh"":4}"
medellin,419,24439599,10,base,random_feasible,12.86773249746193,18.10299448304113,17.782082222857298,0.7236347428942599,10,6,"{""rwh"":3,""restoration"":2,""drainage"":1}"
medellin,420,24449572,10,base,ourea_robust,70.33169947637589,85.97827344577627,87.97608188058257,0.7994411432398535,10,6,"{""rwh"":4,""drainage"":2}"
medellin,420,24449572,10,base,deterministic_central,66.90223745034018,85.02846984052348,83.97293323282884,0.79671192698298,10,4,"{""drainage"":3,""rwh"":1}"
medellin,420,24449572,10,base,greedy_opportunity,52.37790405437863,60.35879465878952,60.99752781619327,0.8586889654317048,10,10,"{""rwh"":10}"
medellin,420,24449572,10,base,hazard_only,60.50191746310429,73.98920839248012,75.24603684921567,0.8040545389033992,10,6,"{""drainage"":2,""rwh"":4}"
medellin,420,24449572,10,base,random_feasible,13.378691330272886,18.10299448304113,18.440300209372253,0.7255137486033545,10,6,"{""rwh"":3,""restoration"":2,""drainage"":1}"
medellin,421,24459545,10,base,ourea_robust,69.20709738295409,85.97827344577627,85.72811879443952,0.8072858515523962,10,6,"{""rwh"":4,""drainage"":2}"
medellin,421,24459545,10,base,deterministic_central,67.27064996558875,85.02846984052348,86.25729967413554,0.7798835602288163,10,4,"{""drainage"":3,""rwh"":1}"
medellin,421,24459545,10,base,greedy_opportunity,50.88449991038942,60.35879465878952,58.981062099340306,0.862726070016948,10,10,"{""rwh"":10}"
medellin,421,24459545,10,base,hazard_only,57.51482344046144,73.98920839248012,71.64970818419715,0.8027223682837935,10,6,"{""drainage"":2,""rwh"":4}"
medellin,421,24459545,10,base,random_feasible,12.948231999356722,18.10299448304113,17.392122878201917,0.7444883002514396,10,6,"{""rwh"":3,""restoration"":2,""drainage"":1}"
medellin,422,24469518,10,base,ourea_robust,68.45913810115553,85.97827344577627,86.23940585297987,0.7938266436791556,10,6,"{""rwh"":4,""drainage"":2}"
medellin,422,24469518,10,base,deterministic_central,66.65523920779242,85.02846984052348,84.5130615204107,0.7886974866209828,10,4,"{""drainage"":3,""rwh"":1}"
medellin,422,24469518,10,base,greedy_opportunity,50.47373730295567,60.35879465878952,60.46966738129004,0.8346951370625991,10,10,"{""rwh"":10}"
medellin,422,24469518,10,base,hazard_only,61.92086772727134,73.98920839248012,76.2547292668728,0.812026589335378,10,6,"{""drainage"":2,""rwh"":4}"
medellin,422,24469518,10,base,random_feasible,13.109905272096512,18.10299448304113,17.887996807986838,0.7328883950964845,10,6,"{""rwh"":3,""restoration"":2,""drainage"":1}"
medellin,423,24479491,10,base,ourea_robust,69.61894326503216,85.97827344577627,85.7347064360024,0.8120275458923975,10,6,"{""rwh"":4,""drainage"":2}"
medellin,423,24479491,10,base,deterministic_central,67.49294904296266,85.02846984052348,85.83406837763323,0.7863188861795822,10,4,"{""drainage"":3,""rwh"":1}"
medellin,423,24479491,10,base,greedy_opportunity,51.19504767694798,60.35879465878952,59.748855099139746,0.8568372999281969,10,10,"{""rwh"":10}"
medellin,423,24479491,10,base,hazard_only,60.3497388568735,73.98920839248012,72.80418613843949,0.8289322641711363,10,6,"{""drainage"":2,""rwh"":4}"
medellin,423,24479491,10,base,random_feasible,13.597827665986642,18.10299448304113,18.24014555294525,0.7454889889182376,10,6,"{""rwh"":3,""restoration"":2,""drainage"":1}"
medellin,424,24489464,10,base,ourea_robust,68.05187799757323,85.97827344577627,84.62297838034965,0.8041772967586259,10,6,"{""rwh"":4,""drainage"":2}"
medellin,424,24489464,10,base,deterministic_central,65.30468835233614,85.02846984052348,83.36311342685985,0.7833763119899835,10,4,"{""drainage"":3,""rwh"":1}"
medellin,424,24489464,10,base,greedy_opportunity,51.756383270202605,60.35879465878952,60.79990682995276,0.8512576082551674,10,10,"{""rwh"":10}"
medellin,424,24489464,10,base,hazard_only,59.343143095577034,73.98920839248012,74.41477420995352,0.797464532085343,10,6,"{""drainage"":2,""rwh"":4}"
medellin,424,24489464,10,base,random_feasible,13.64652388980221,18.10299448304113,18.497803782327537,0.7377375201071086,10,6,"{""rwh"":3,""restoration"":2,""drainage"":1}"
medellin,425,24499437,10,base,ourea_robust,70.4082542187839,85.97827344577627,86.10115128135931,0.8177388242894159,10,6,"{""rwh"":4,""drainage"":2}"
medellin,425,24499437,10,base,deterministic_central,68.22639927116688,85.02846984052348,86.39924304912392,0.7896643172252733,10,4,"{""drainage"":3,""rwh"":1}"
medellin,425,24499437,10,base,greedy_opportunity,50.942165180904794,60.35879465878952,60.64178338550073,0.8400505779499373,10,10,"{""rwh"":10}"
medellin,425,24499437,10,base,hazard_only,59.578856139477466,73.98920839248012,74.91445848674175,0.7952918214048312,10,6,"{""drainage"":2,""rwh"":4}"
medellin,425,24499437,10,base,random_feasible,12.94921904446619,18.10299448304113,18.555101619349898,0.6978791768492553,10,6,"{""rwh"":3,""restoration"":2,""drainage"":1}"
medellin,426,24509410,10,base,ourea_robust,71.75990726048349,85.97827344577627,85.7038934745542,0.8373004346854938,10,6,"{""rwh"":4,""drainage"":2}"
medellin,426,24509410,10,base,deterministic_central,66.81718239603106,85.02846984052348,84.70919777795098,0.7887830855296206,10,4,"{""drainage"":3,""rwh"":1}"
medellin,426,24509410,10,base,greedy_opportunity,50.337588775131735,60.35879465878952,60.776068987851886,0.8282468677793783,10,10,"{""rwh"":10}"
medellin,426,24509410,10,base,hazard_only,62.03769308404662,73.98920839248012,74.84497512875032,0.8288825399076922,10,6,"{""drainage"":2,""rwh"":4}"
medellin,426,24509410,10,base,random_feasible,13.471759976600424,18.10299448304113,18.562374088560773,0.7257563020940578,10,6,"{""rwh"":3,""restoration"":2,""drainage"":1}"
medellin,427,24519383,10,base,ourea_robust,67.6950978906184,85.97827344577627,86.36715931472236,0.783806002510018,10,6,"{""rwh"":4,""drainage"":2}"
medellin,427,24519383,10,base,deterministic_central,67.42080004316404,85.02846984052348,85.54409190431716,0.7881409287572495,10,4,"{""drainage"":3,""rwh"":1}"
medellin,427,24519383,10,base,greedy_opportunity,49.42941707986711,60.35879465878952,60.15451531715871,0.8217075113855612,10,10,"{""rwh"":10}"
medellin,427,24519383,10,base,hazard_only,60.03353610759541,73.98920839248012,71.92723217420735,0.8346426560971306,10,6,"{""drainage"":2,""rwh"":4}"
medellin,427,24519383,10,base,random_feasible,12.745045700537503,18.10299448304113,17.886674553319608,0.7125441715029212,10,6,"{""rwh"":3,""restoration"":2,""drainage"":1}"
medellin,428,24529356,10,base,ourea_robust,69.63991432904095,85.97827344577627,86.64610837442251,0.8037281262316716,10,6,"{""rwh"":4,""drainage"":2}"
medellin,428,24529356,10,base,deterministic_central,63.924091364962806,85.02846984052348,85.61007153712853,0.746688914250461,10,4,"{""drainage"":3,""rwh"":1}"
medellin,428,24529356,10,base,greedy_opportunity,51.24731561743101,60.35879465878952,60.3401876128064,0.8493065342500601,10,10,"{""rwh"":10}"
medellin,428,24529356,10,base,hazard_only,59.89738168094391,73.98920839248012,75.10017962699385,0.7975664236549246,10,6,"{""drainage"":2,""rwh"":4}"
medellin,428,24529356,10,base,random_feasible,12.810210245830149,18.10299448304113,17.74714231881626,0.7218181956115961,10,6,"{""rwh"":3,""restoration"":2,""drainage"":1}"
medellin,429,24539329,10,base,ourea_robust,69.31912071342867,85.97827344577627,84.3023281456517,0.8222681655204578,10,6,"{""rwh"":4,""drainage"":2}"
medellin,429,24539329,10,base,deterministic_central,65.94642229671035,85.02846984052348,86.19014683308751,0.7651271603518629,10,4,"{""drainage"":3,""rwh"":1}"
medellin,429,24539329,10,base,greedy_opportunity,51.94258334214692,60.35879465878952,58.80507927938697,0.8833009661523308,10,10,"{""rwh"":10}"
medellin,429,24539329,10,base,hazard_only,59.08994648591943,73.98920839248012,72.14373411342513,0.8190586086522441,10,6,"{""drainage"":2,""rwh"":4}"
medellin,429,24539329,10,base,random_feasible,12.845426860023508,18.10299448304113,17.43900206483022,0.7365918538383158,10,6,"{""rwh"":3,""restoration"":2,""drainage"":1}"
medellin,430,24549302,10,base,ourea_robust,68.11125242558683,85.97827344577627,84.02163892519502,0.8106394173794526,10,6,"{""rwh"":4,""drainage"":2}"
medellin,430,24549302,10,base,deterministic_central,65.34582131497245,85.02846984052348,83.0831397876459,0.7865112161383324,10,4,"{""drainage"":3,""rwh"":1}"
medellin,430,24549302,10,base,greedy_opportunity,49.504560504267374,60.35879465878952,59.53684409697189,0.8314945351089785,10,10,"{""rwh"":10}"
medellin,430,24549302,10,base,hazard_only,59.9952454210229,73.98920839248012,72.34388120643371,0.8293064239921839,10,6,"{""drainage"":2,""rwh"":4}"
medellin,430,24549302,10,base,random_feasible,13.20418990636881,18.10299448304113,17.54357131417646,0.7526511945546047,10,6,"{""rwh"":3,""restoration"":2,""drainage"":1}"
medellin,431,24559275,10,base,ourea_robust,69.74262875549493,85.97827344577627,87.26255259062464,0.7992274656768175,10,6,"{""rwh"":4,""drainage"":2}"
medellin,431,24559275,10,base,deterministic_central,67.01733052598593,85.02846984052348,85.4590543213335,0.7842039800018722,10,4,"{""drainage"":3,""rwh"":1}"
medellin,431,24559275,10,base,greedy_opportunity,51.181676181348394,60.35879465878952,59.663850183433624,0.8578339484292885,10,10,"{""rwh"":10}"
medellin,431,24559275,10,base,hazard_only,60.65807160265376,73.98920839248012,73.89051556063396,0.820918234802114,10,6,"{""drainage"":2,""rwh"":4}"
medellin,431,24559275,10,base,random_feasible,13.138701446422147,18.10299448304113,17.955596676533787,0.7317329344779251,10,6,"{""rwh"":3,""restoration"":2,""drainage"":1}"
medellin,432,24569248,10,base,ourea_robust,68.73110518059366,85.97827344577627,85.326167536904,0.8055102808979099,10,6,"{""rwh"":4,""drainage"":2}"
medellin,432,24569248,10,base,deterministic_central,66.63471765362601,85.02846984052348,83.51936543516831,0.7978355355842717,10,4,"{""drainage"":3,""rwh"":1}"
medellin,432,24569248,10,base,greedy_opportunity,51.01331471246749,60.35879465878952,61.747869109073235,0.8261550633003397,10,10,"{""rwh"":10}"
medellin,432,24569248,10,base,hazard_only,60.81936862620569,73.98920839248012,75.01583043365827,0.8107537872288503,10,6,"{""drainage"":2,""rwh"":4}"
medellin,432,24569248,10,base,random_feasible,13.00313515578182,18.10299448304113,18.488338746003592,0.7033154971044954,10,6,"{""rwh"":3,""restoration"":2,""drainage"":1}"
medellin,433,24579221,10,base,ourea_robust,67.10569276239676,85.97827344577627,84.9451537976006,0.7899884780041714,10,6,"{""rwh"":4,""drainage"":2}"
medellin,433,24579221,10,base,deterministic_central,66.53272857377533,85.02846984052348,83.93705434153571,0.7926502674618168,10,4,"{""drainage"":3,""rwh"":1}"
medellin,433,24579221,10,base,greedy_opportunity,50.22532250604263,60.35879465878952,60.3176908926589,0.8326797953095286,10,10,"{""rwh"":10}"
medellin,433,24579221,10,base,hazard_only,58.852314715530156,73.98920839248012,72.15925266269824,0.815589304820407,10,6,"{""drainage"":2,""rwh"":4}"
medellin,433,24579221,10,base,random_feasible,13.637958516879735,18.10299448304113,19.094701319351316,0.7142273811352312,10,6,"{""rwh"":3,""restoration"":2,""drainage"":1}"
medellin,434,24589194,10,base,ourea_robust,67.60102854857996,85.97827344577627,87.2890135644111,0.7744505956490932,10,6,"{""rwh"":4,""drainage"":2}"
medellin,434,24589194,10,base,deterministic_central,65.91035429712201,85.02846984052348,82.99297656288809,0.7941678564472057,10,4,"{""drainage"":3,""rwh"":1}"
medellin,434,24589194,10,base,greedy_opportunity,49.7268884606392,60.35879465878952,60.42193487445229,0.8229939766736072,10,10,"{""rwh"":10}"
medellin,434,24589194,10,base,hazard_only,58.663175798969405,73.98920839248012,74.92623190413087,0.7829457628942255,10,6,"{""drainage"":2,""rwh"":4}"
medellin,434,24589194,10,base,random_feasible,12.5942652565368,18.10299448304113,18.629964218765053,0.6760219777476122,10,6,"{""rwh"":3,""restoration"":2,""drainage"":1}"
medellin,435,24599167,10,base,ourea_robust,69.47778403322354,85.97827344577627,84.7372549646816,0.8199201645389836,10,6,"{""rwh"":4,""drainage"":2}"
medellin,435,24599167,10,base,deterministic_central,66.57766555443413,85.02846984052348,86.32204914786189,0.7712706801062217,10,4,"{""drainage"":3,""rwh"":1}"
medellin,435,24599167,10,base,greedy_opportunity,50.00732879821544,60.35879465878952,60.50745383310459,0.8264655944067445,10,10,"{""rwh"":10}"
medellin,435,24599167,10,base,hazard_only,57.834327347557064,73.98920839248012,72.71909123648265,0.7953114699890803,10,6,"{""drainage"":2,""rwh"":4}"
medellin,435,24599167,10,base,random_feasible,12.864603805178376,18.10299448304113,18.34483496835719,0.7012657147021706,10,6,"{""rwh"":3,""restoration"":2,""drainage"":1}"
medellin,436,24609140,10,base,ourea_robust,67.83494376546787,85.97827344577627,85.89142587742845,0.7897754993877023,10,6,"{""rwh"":4,""drainage"":2}"
medellin,436,24609140,10,base,deterministic_central,63.9564235448488,85.02846984052348,83.62536903699629,0.7647969065051797,10,4,"{""drainage"":3,""rwh"":1}"
medellin,436,24609140,10,base,greedy_opportunity,51.729990088432714,60.35879465878952,60.49370732777743,0.8551301015184996,10,10,"{""rwh"":10}"
medellin,436,24609140,10,base,hazard_only,61.158075432198984,73.98920839248012,74.58373227016773,0.8199921560731711,10,6,"{""drainage"":2,""rwh"":4}"
medellin,436,24609140,10,base,random_feasible,13.165061479167434,18.10299448304113,17.57861246331413,0.7489249510814575,10,6,"{""rwh"":3,""restoration"":2,""drainage"":1}"
medellin,437,24619113,10,base,ourea_robust,71.33735092757752,85.97827344577627,85.41003866650908,0.8352337973539669,10,6,"{""rwh"":4,""drainage"":2}"
medellin,437,24619113,10,base,deterministic_central,66.90173040777336,85.02846984052348,84.33368916120617,0.7932978039166395,10,4,"{""drainage"":3,""rwh"":1}"
medellin,437,24619113,10,base,greedy_opportunity,51.91731088197912,60.35879465878952,59.66430255068917,0.8701570061574353,10,10,"{""rwh"":10}"
medellin,437,24619113,10,base,hazard_only,60.34328053636136,73.98920839248012,73.48858140522225,0.8211245799347169,10,6,"{""drainage"":2,""rwh"":4}"
medellin,437,24619113,10,base,random_feasible,13.053061124076066,18.10299448304113,17.755065121636562,0.7351739368260288,10,6,"{""rwh"":3,""restoration"":2,""drainage"":1}"
medellin,438,24629086,10,base,ourea_robust,67.63982059366708,85.97827344577627,84.09881024144124,0.8042898633105312,10,6,"{""rwh"":4,""drainage"":2}"
medellin,438,24629086,10,base,deterministic_central,65.72349247891634,85.02846984052348,83.52408540229862,0.7868807202420154,10,4,"{""drainage"":3,""rwh"":1}"
medellin,438,24629086,10,base,greedy_opportunity,49.24984972987204,60.35879465878952,58.95606247937894,0.8353653154346621,10,10,"{""rwh"":10}"
medellin,438,24629086,10,base,hazard_only,59.606607428554526,73.98920839248012,71.9219364067967,0.8287681117401288,10,6,"{""drainage"":2,""rwh"":4}"
medellin,438,24629086,10,base,random_feasible,13.360841837289627,18.10299448304113,17.59288760222489,0.7594456429995007,10,6,"{""rwh"":3,""restoration"":2,""drainage"":1}"
medellin,439,24639059,10,base,ourea_robust,70.2113694090599,85.97827344577627,86.18548226919984,0.8146542498857883,10,6,"{""rwh"":4,""drainage"":2}"
medellin,439,24639059,10,base,deterministic_central,65.10698353145335,85.02846984052348,85.11471820488623,0.7649321398765522,10,4,"{""drainage"":3,""rwh"":1}"
medellin,439,24639059,10,base,greedy_opportunity,50.310406172697185,60.35879465878952,60.12532805063711,0.8367589467507958,10,10,"{""rwh"":10}"
medellin,439,24639059,10,base,hazard_only,61.059492163799405,73.98920839248012,74.54526716920009,0.8190928073972669,10,6,"{""drainage"":2,""rwh"":4}"
medellin,439,24639059,10,base,random_feasible,12.76906017683541,18.10299448304113,17.753066238440624,0.7192594228700971,10,6,"{""rwh"":3,""restoration"":2,""drainage"":1}"
medellin,440,24649032,10,base,ourea_robust,72.58324905304698,85.97827344577627,87.7573107491371,0.8270906256520706,10,6,"{""rwh"":4,""drainage"":2}"
medellin,440,24649032,10,base,deterministic_central,67.32425631201022,85.02846984052348,85.51758915855953,0.7872562472169701,10,4,"{""drainage"":3,""rwh"":1}"
medellin,440,24649032,10,base,greedy_opportunity,51.59155367190124,60.35879465878952,60.61309222835007,0.8511618822801246,10,10,"{""rwh"":10}"
medellin,440,24649032,10,base,hazard_only,61.941058225485904,73.98920839248012,74.83243551581245,0.8277300852034605,10,6,"{""drainage"":2,""rwh"":4}"
medellin,440,24649032,10,base,random_feasible,13.35893918958618,18.10299448304113,18.098897531064267,0.7381078967189797,10,6,"{""rwh"":3,""restoration"":2,""drainage"":1}"
medellin,441,24659005,10,base,ourea_robust,68.60864541627188,85.97827344577627,85.00810685463148,0.8070835589080513,10,6,"{""rwh"":4,""drainage"":2}"
medellin,441,24659005,10,base,deterministic_central,64.68248044472466,85.02846984052348,84.44452257751755,0.7659760333815385,10,4,"{""drainage"":3,""rwh"":1}"
medellin,441,24659005,10,base,greedy_opportunity,51.22359035274894,60.35879465878952,60.63327089570794,0.8448099466851444,10,10,"{""rwh"":10}"
medellin,441,24659005,10,base,hazard_only,60.92475524497604,73.98920839248012,73.4715325446341,0.829229405388599,10,6,"{""drainage"":2,""rwh"":4}"
medellin,441,24659005,10,base,random_feasible,13.076693057989814,18.10299448304113,18.320934437009782,0.7137568830317862,10,6,"{""rwh"":3,""restoration"":2,""drainage"":1}"
medellin,442,24668978,10,base,ourea_robust,69.8270579825321,85.97827344577627,86.8008310731725,0.8044514910654297,10,6,"{""rwh"":4,""drainage"":2}"
medellin,442,24668978,10,base,deterministic_central,66.73409012637285,85.02846984052348,84.61879082506812,0.7886438635637303,10,4,"{""drainage"":3,""rwh"":1}"
medellin,442,24668978,10,base,greedy_opportunity,50.7175030020876,60.35879465878952,60.25570584177376,0.8417045704396418,10,10,"{""rwh"":10}"
medellin,442,24668978,10,base,hazard_only,61.38464678292166,73.98920839248012,75.19212866109956,0.8163706477787062,10,6,"{""drainage"":2,""rwh"":4}"
medellin,442,24668978,10,base,random_feasible,13.04021310402959,18.10299448304113,18.598763902929477,0.7011333211222514,10,6,"{""rwh"":3,""restoration"":2,""drainage"":1}"
medellin,443,24678951,10,base,ourea_robust,68.83510296127452,85.97827344577627,86.26467615798083,0.7979523720139323,10,6,"{""rwh"":4,""drainage"":2}"
medellin,443,24678951,10,base,deterministic_central,62.94222879610197,85.02846984052348,82.99660196067316,0.758371153868761,10,4,"{""drainage"":3,""rwh"":1}"
medellin,443,24678951,10,base,greedy_opportunity,48.65549911256312,60.35879465878952,60.687558602945046,0.8017376251843812,10,10,"{""rwh"":10}"
medellin,443,24678951,10,base,hazard_only,60.77244484139237,73.98920839248012,73.19400389327757,0.830292668918662,10,6,"{""drainage"":2,""rwh"":4}"
medellin,443,24678951,10,base,random_feasible,12.983518652121347,18.10299448304113,18.082189755913532,0.7180280058655654,10,6,"{""rwh"":3,""restoration"":2,""drainage"":1}"
medellin,444,24688924,10,base,ourea_robust,68.868015889876,85.97827344577627,84.2467078104196,0.81745646423181,10,6,"{""rwh"":4,""drainage"":2}"
medellin,444,24688924,10,base,deterministic_central,68.18280454167643,85.02846984052348,83.42698835251849,0.8172751514602424,10,4,"{""drainage"":3,""rwh"":1}"
medellin,444,24688924,10,base,greedy_opportunity,50.982743085321545,60.35879465878952,60.11523565713878,0.8480835603156661,10,10,"{""rwh"":10}"
medellin,444,24688924,10,base,hazard_only,59.87671308817926,73.98920839248012,74.3245658263254,0.8056113402410381,10,6,"{""drainage"":2,""rwh"":4}"
medellin,444,24688924,10,base,random_feasible,12.724801996622773,18.10299448304113,17.859348640059125,0.712500900961226,10,6,"{""rwh"":3,""restoration"":2,""drainage"":1}"
medellin,445,24698897,10,base,ourea_robust,68.92323347118327,85.97827344577627,86.28419514114603,0.7987932593963097,10,6,"{""rwh"":4,""drainage"":2}"
medellin,445,24698897,10,base,deterministic_central,63.92357633763186,85.02846984052348,84.81109151780129,0.7537171753557107,10,4,"{""drainage"":3,""rwh"":1}"
medellin,445,24698897,10,base,greedy_opportunity,51.232060754927716,60.35879465878952,59.57070645137446,0.8600210372987048,10,10,"{""rwh"":10}"
medellin,445,24698897,10,base,hazard_only,62.04341559409431,73.98920839248012,73.85847219715242,0.8400311264018587,10,6,"{""drainage"":2,""rwh"":4}"
medellin,445,24698897,10,base,random_feasible,13.10703440092584,18.10299448304113,18.01324347313266,0.7276332227716462,10,6,"{""rwh"":3,""restoration"":2,""drainage"":1}"
medellin,446,24708870,10,base,ourea_robust,68.26412815267258,85.97827344577627,85.42360055709787,0.799124922240245,10,6,"{""rwh"":4,""drainage"":2}"
medellin,446,24708870,10,base,deterministic_central,66.30802587940343,85.02846984052348,84.89643700982015,0.7810460393259312,10,4,"{""drainage"":3,""rwh"":1}"
medellin,446,24708870,10,base,greedy_opportunity,49.36583094104435,60.35879465878952,60.034078419866546,0.8222968060871932,10,10,"{""rwh"":10}"
medellin,446,24708870,10,base,hazard_only,60.201712621109436,73.98920839248012,74.22897942170675,0.8110270825507897,10,6,"{""drainage"":2,""rwh"":4}"
medellin,446,24708870,10,base,random_feasible,13.293859174524641,18.10299448304113,18.025158706578623,0.7375169001797912,10,6,"{""rwh"":3,""restoration"":2,""drainage"":1}"
medellin,447,24718843,10,base,ourea_robust,66.74116739460169,85.97827344577627,83.81849638541507,0.7962582278702753,10,6,"{""rwh"":4,""drainage"":2}"
medellin,447,24718843,10,base,deterministic_central,64.46124493946036,85.02846984052348,84.25063892171784,0.765112831955554,10,4,"{""drainage"":3,""rwh"":1}"
medellin,447,24718843,10,base,greedy_opportunity,50.74682557833739,60.35879465878952,60.13711061421418,0.8438520750337268,10,10,"{""rwh"":10}"
medellin,447,24718843,10,base,hazard_only,58.496218466695154,73.98920839248012,72.89619822528084,0.8024591115975142,10,6,"{""drainage"":2,""rwh"":4}"
medellin,447,24718843,10,base,random_feasible,12.986565618356508,18.10299448304113,18.15876674916717,0.7151678193648322,10,6,"{""rwh"":3,""restoration"":2,""drainage"":1}"
medellin,448,24728816,10,base,ourea_robust,73.30545935527789,85.97827344577627,85.760658803144,0.8547679131470304,10,6,"{""rwh"":4,""drainage"":2}"
medellin,448,24728816,10,base,deterministic_central,70.14118356397876,85.02846984052348,85.24392316369403,0.8228291350374212,10,4,"{""drainage"":3,""rwh"":1}"
medellin,448,24728816,10,base,greedy_opportunity,51.50582041096504,60.35879465878952,59.71053857396828,0.8625917910145897,10,10,"{""rwh"":10}"
medellin,448,24728816,10,base,hazard_only,61.530220567619835,73.98920839248012,75.25075796472447,0.8176691136647892,10,6,"{""drainage"":2,""rwh"":4}"
medellin,448,24728816,10,base,random_feasible,13.194226774702202,18.10299448304113,18.234242114055633,0.7235961161517978,10,6,"{""rwh"":3,""restoration"":2,""drainage"":1}"
medellin,449,24738789,10,base,ourea_robust,68.43501783966667,85.97827344577627,86.3093000053309,0.7929043316935693,10,6,"{""rwh"":4,""drainage"":2}"
medellin,449,24738789,10,base,deterministic_central,66.14249394863009,85.02846984052348,83.90456046239342,0.7883063040211693,10,4,"{""drainage"":3,""rwh"":1}"
medellin,449,24738789,10,base,greedy_opportunity,50.98268491554745,60.35879465878952,61.43475261193589,0.8298671801869069,10,10,"{""rwh"":10}"
medellin,449,24738789,10,base,hazard_only,60.696846015692245,73.98920839248012,73.53812726994192,0.8253792728891202,10,6,"{""drainage"":2,""rwh"":4}"
medellin,449,24738789,10,base,random_feasible,13.631294376152255,18.10299448304113,18.73357547624073,0.7276397606767829,10,6,"{""rwh"":3,""restoration"":2,""drainage"":1}"
medellin,450,24748762,10,base,ourea_robust,69.57602618244618,85.97827344577627,86.45074860125169,0.8048053638420295,10,6,"{""rwh"":4,""drainage"":2}"
medellin,450,24748762,10,base,deterministic_central,67.75630994360199,85.02846984052348,84.34568772756847,0.8033168235280839,10,4,"{""drainage"":3,""rwh"":1}"
medellin,450,24748762,10,base,greedy_opportunity,50.75853609554133,60.35879465878952,61.42500290562293,0.826349754895898,10,10,"{""rwh"":10}"
medellin,450,24748762,10,base,hazard_only,60.00469003178978,73.98920839248012,73.17267641545914,0.8200423022809186,10,6,"{""drainage"":2,""rwh"":4}"
medellin,450,24748762,10,base,random_feasible,13.204906441098501,18.10299448304113,18.492764252197958,0.7140580099878271,10,6,"{""rwh"":3,""restoration"":2,""drainage"":1}"
medellin,451,24758735,10,base,ourea_robust,71.15671013789506,85.97827344577627,87.48880186079714,0.8133236325617081,10,6,"{""rwh"":4,""drainage"":2}"
medellin,451,24758735,10,base,deterministic_central,65.90481712526162,85.02846984052348,83.6157321389087,0.7881868093408022,10,4,"{""drainage"":3,""rwh"":1}"
medellin,451,24758735,10,base,greedy_opportunity,50.27760000472381,60.35879465878952,61.00009088285651,0.8242217229032661,10,10,"{""rwh"":10}"
medellin,451,24758735,10,base,hazard_only,59.999198812720806,73.98920839248012,73.72950339700583,0.8137746227537643,10,6,"{""drainage"":2,""rwh"":4}"
medellin,451,24758735,10,base,random_feasible,12.896779431085179,18.10299448304113,17.721724484297738,0.7277384005440508,10,6,"{""rwh"":3,""restoration"":2,""drainage"":1}"
medellin,452,24768708,10,base,ourea_robust,69.22888517630645,85.97827344577627,86.07916072245416,0.8042467491001891,10,6,"{""rwh"":4,""drainage"":2}"
medellin,452,24768708,10,base,deterministic_central,66.9809725723494,85.02846984052348,85.0174983418965,0.7878492531382951,10,4,"{""drainage"":3,""rwh"":1}"
medellin,452,24768708,10,base,greedy_opportunity,50.986954333179256,60.35879465878952,59.857596412470684,0.8518042385436758,10,10,"{""rwh"":10}"
medellin,452,24768708,10,base,hazard_only,61.12032334294372,73.98920839248012,74.28836722680853,0.8227442010717279,10,6,"{""drainage"":2,""rwh"":4}"
medellin,452,24768708,10,base,random_feasible,12.630343667307443,18.10299448304113,17.615741832483764,0.716991869398134,10,6,"{""rwh"":3,""restoration"":2,""drainage"":1}"
medellin,453,24778681,10,base,ourea_robust,68.42069063136523,85.97827344577627,85.14067468464691,0.8036193145613312,10,6,"{""rwh"":4,""drainage"":2}"
medellin,453,24778681,10,base,deterministic_central,64.73661135431303,85.02846984052348,83.75931938164013,0.7728884598422747,10,4,"{""drainage"":3,""rwh"":1}"
medellin,453,24778681,10,base,greedy_opportunity,51.09798938957738,60.35879465878952,60.29676825420347,0.8474415937874943,10,10,"{""rwh"":10}"
medellin,453,24778681,10,base,hazard_only,59.687404750742644,73.98920839248012,74.12935768397165,0.8051790358848386,10,6,"{""drainage"":2,""rwh"":4}"
medellin,453,24778681,10,base,random_feasible,13.488943614275286,18.10299448304113,17.50818795607711,0.7704363037519973,10,6,"{""rwh"":3,""restoration"":2,""drainage"":1}"
medellin,454,24788654,10,base,ourea_robust,69.66909572004033,85.97827344577627,86.79843129184019,0.8026538577153967,10,6,"{""rwh"":4,""drainage"":2}"
medellin,454,24788654,10,base,deterministic_central,66.54791401089187,85.02846984052348,86.24507734794679,0.7716140567931923,10,4,"{""drainage"":3,""rwh"":1}"
medellin,454,24788654,10,base,greedy_opportunity,49.529633725785516,60.35879465878952,60.27983567841147,0.8216617243288867,10,10,"{""rwh"":10}"
medellin,454,24788654,10,base,hazard_only,58.5759373717724,73.98920839248012,74.4078433397799,0.7872279956333118,10,6,"{""drainage"":2,""rwh"":4}"
medellin,454,24788654,10,base,random_feasible,13.104218686642525,18.10299448304113,17.47583497804817,0.7498479301906352,10,6,"{""rwh"":3,""restoration"":2,""drainage"":1}"
medellin,455,24798627,10,base,ourea_robust,67.88030071374214,85.97827344577627,84.83335206069341,0.8001605390433902,10,6,"{""rwh"":4,""drainage"":2}"
medellin,455,24798627,10,base,deterministic_central,66.8325157021377,85.02846984052348,84.83762627893702,0.7877697506811371,10,4,"{""drainage"":3,""rwh"":1}"
medellin,455,24798627,10,base,greedy_opportunity,51.50135376387152,60.35879465878952,60.90968077855632,0.8455364255004096,10,10,"{""rwh"":10}"
medellin,455,24798627,10,base,hazard_only,60.94008644258429,73.98920839248012,74.51918068286386,0.8177771935245906,10,6,"{""drainage"":2,""rwh"":4}"
medellin,455,24798627,10,base,random_feasible,13.543276467646592,18.10299448304113,18.270192273417706,0.7412771724001744,10,6,"{""rwh"":3,""restoration"":2,""drainage"":1}"
medellin,456,24808600,10,base,ourea_robust,70.2218691592143,85.97827344577627,86.3328524149133,0.8133852548011495,10,6,"{""rwh"":4,""drainage"":2}"
medellin,456,24808600,10,base,deterministic_central,67.15375612800835,85.02846984052348,85.1646827819668,0.7885164828234155,10,4,"{""drainage"":3,""rwh"":1}"
medellin,456,24808600,10,base,greedy_opportunity,50.66030510129622,60.35879465878952,60.010618853986216,0.8441890130238359,10,10,"{""rwh"":10}"
medellin,456,24808600,10,base,hazard_only,59.83450375214397,73.98920839248012,74.61896924985695,0.8018671974922608,10,6,"{""drainage"":2,""rwh"":4}"
medellin,456,24808600,10,base,random_feasible,13.240015580674935,18.10299448304113,18.24051419529178,0.7258575848751255,10,6,"{""rwh"":3,""restoration"":2,""drainage"":1}"
medellin,457,24818573,10,base,ourea_robust,70.5327295152747,85.97827344577627,86.60710639873196,0.8143988691938031,10,6,"{""rwh"":4,""drainage"":2}"
medellin,457,24818573,10,base,deterministic_central,64.67406477816075,85.02846984052348,85.24008443803268,0.7587283049347178,10,4,"{""drainage"":3,""rwh"":1}"
medellin,457,24818573,10,base,greedy_opportunity,51.718453569751546,60.35879465878952,60.99564903972487,0.8479039797751586,10,10,"{""rwh"":10}"
medellin,457,24818573,10,base,hazard_only,62.10031027522518,73.98920839248012,73.8261454845956,0.8411696136592002,10,6,"{""drainage"":2,""rwh"":4}"
medellin,457,24818573,10,base,random_feasible,13.43684725709818,18.10299448304113,18.6544835675154,0.7203012191930565,10,6,"{""rwh"":3,""restoration"":2,""drainage"":1}"
medellin,458,24828546,10,base,ourea_robust,69.84106684848757,85.97827344577627,87.70177311413772,0.796347261503987,10,6,"{""rwh"":4,""drainage"":2}"
medellin,458,24828546,10,base,deterministic_central,69.33112125948537,85.02846984052348,85.18994636460047,0.8138415883343598,10,4,"{""drainage"":3,""rwh"":1}"
medellin,458,24828546,10,base,greedy_opportunity,51.593415079092665,60.35879465878952,59.49792558243871,0.8671464521499364,10,10,"{""rwh"":10}"
medellin,458,24828546,10,base,hazard_only,61.87688071303501,73.98920839248012,73.62720215057061,0.840407877872288,10,6,"{""drainage"":2,""rwh"":4}"
medellin,458,24828546,10,base,random_feasible,12.748697374589938,18.10299448304113,18.273121064311454,0.6976748706321954,10,6,"{""rwh"":3,""restoration"":2,""drainage"":1}"
medellin,459,24838519,10,base,ourea_robust,69.95089024817571,85.97827344577627,85.71807207454503,0.8160576708648167,10,6,"{""rwh"":4,""drainage"":2}"
medellin,459,24838519,10,base,deterministic_central,65.56682305744789,85.02846984052348,83.77815563981767,0.782624331566039,10,4,"{""drainage"":3,""rwh"":1}"
medellin,459,24838519,10,base,greedy_opportunity,50.24323122020269,60.35879465878952,61.844526209707055,0.8124119352104692,10,10,"{""rwh"":10}"
medellin,459,24838519,10,base,hazard_only,61.088489033676524,73.98920839248012,74.57269667288483,0.8191803670670895,10,6,"{""drainage"":2,""rwh"":4}"
medellin,459,24838519,10,base,random_feasible,12.647495520250231,18.10299448304113,17.80801016746318,0.710213853278135,10,6,"{""rwh"":3,""restoration"":2,""drainage"":1}"
medellin,460,24848492,10,base,ourea_robust,69.9561460751138,85.97827344577627,86.89031573389093,0.8051086646912472,10,6,"{""rwh"":4,""drainage"":2}"
medellin,460,24848492,10,base,deterministic_central,65.12654455350275,85.02846984052348,85.87343513462383,0.7584015295464055,10,4,"{""drainage"":3,""rwh"":1}"
medellin,460,24848492,10,base,greedy_opportunity,50.5723782114228,60.35879465878952,59.58873819372866,0.8486902012760731,10,10,"{""rwh"":10}"
medellin,460,24848492,10,base,hazard_only,61.053313426577915,73.98920839248012,74.03243323111383,0.8246833281297428,10,6,"{""drainage"":2,""rwh"":4}"
medellin,460,24848492,10,base,random_feasible,12.613730412975656,18.10299448304113,17.629878321847173,0.7154746154625786,10,6,"{""rwh"":3,""restoration"":2,""drainage"":1}"
medellin,461,24858465,10,base,ourea_robust,68.682512473104,85.97827344577627,84.2329333629491,0.8153878742078197,10,6,"{""rwh"":4,""drainage"":2}"
medellin,461,24858465,10,base,deterministic_central,66.58884055878207,85.02846984052348,85.72410323879785,0.7767808357620082,10,4,"{""drainage"":3,""rwh"":1}"
medellin,461,24858465,10,base,greedy_opportunity,51.38644674420357,60.35879465878952,60.13549031685443,0.8545111459713378,10,10,"{""rwh"":10}"
medellin,461,24858465,10,base,hazard_only,58.162974850331466,73.98920839248012,74.28339310704541,0.7829875887133513,10,6,"{""drainage"":2,""rwh"":4}"
medellin,461,24858465,10,base,random_feasible,12.95759703094518,18.10299448304113,17.803511095628437,0.7278113267290772,10,6,"{""rwh"":3,""restoration"":2,""drainage"":1}"
medellin,462,24868438,10,base,ourea_robust,72.36274412587545,85.97827344577627,87.26244870146547,0.8292541087568656,10,6,"{""rwh"":4,""drainage"":2}"
medellin,462,24868438,10,base,deterministic_central,68.65373871741576,85.02846984052348,86.57080597716185,0.793035688445909,10,4,"{""drainage"":3,""rwh"":1}"
medellin,462,24868438,10,base,greedy_opportunity,50.338230340471455,60.35879465878952,58.95248028578362,0.8538780742802862,10,10,"{""rwh"":10}"
medellin,462,24868438,10,base,hazard_only,60.03764043852061,73.98920839248012,73.77677000003041,0.8137743145775542,10,6,"{""drainage"":2,""rwh"":4}"
medellin,462,24868438,10,base,random_feasible,12.755563596072989,18.10299448304113,17.631710774757266,0.7234444665650202,10,6,"{""rwh"":3,""restoration"":2,""drainage"":1}"
medellin,463,24878411,10,base,ourea_robust,69.5750931528496,85.97827344577627,85.93918141466565,0.8095852439778592,10,6,"{""rwh"":4,""drainage"":2}"
medellin,463,24878411,10,base,deterministic_central,64.63465228246787,85.02846984052348,83.04261399327243,0.7783311383683581,10,4,"{""drainage"":3,""rwh"":1}"
medellin,463,24878411,10,base,greedy_opportunity,52.20419149358804,60.35879465878952,60.80937996038165,0.858489126638028,10,10,"{""rwh"":10}"
medellin,463,24878411,10,base,hazard_only,61.51129346538255,73.98920839248012,73.99955715060378,0.831238669985482,10,6,"{""drainage"":2,""rwh"":4}"
medellin,463,24878411,10,base,random_feasible,13.23456810485959,18.10299448304113,18.029457198307682,0.7340524986022231,10,6,"{""rwh"":3,""restoration"":2,""drainage"":1}"
medellin,464,24888384,10,base,ourea_robust,68.54446359000667,85.97827344577627,86.13937255860264,0.7957390628005128,10,6,"{""rwh"":4,""drainage"":2}"
medellin,464,24888384,10,base,deterministic_central,69.36788233634752,85.02846984052348,85.07914356529272,0.8153335756502083,10,4,"{""drainage"":3,""rwh"":1}"
medellin,464,24888384,10,base,greedy_opportunity,50.884583719176135,60.35879465878952,59.408231022558084,0.8565241355167534,10,10,"{""rwh"":10}"
medellin,464,24888384,10,base,hazard_only,59.422856983775546,73.98920839248012,72.97037126732857,0.8143422590804505,10,6,"{""drainage"":2,""rwh"":4}"
medellin,464,24888384,10,base,random_feasible,13.453719865967287,18.10299448304113,18.287676302227283,0.7356713692667853,10,6,"{""rwh"":3,""restoration"":2,""drainage"":1}"
medellin,465,24898357,10,base,ourea_robust,70.2305251400553,85.97827344577627,88.08510071867795,0.797303114454671,10,6,"{""rwh"":4,""drainage"":2}"
medellin,465,24898357,10,base,deterministic_central,65.7793209067604,85.02846984052348,85.44157131627026,0.7698748968844671,10,4,"{""drainage"":3,""rwh"":1}"
medellin,465,24898357,10,base,greedy_opportunity,52.22737559492225,60.35879465878952,60.70117922000918,0.8604013343072967,10,10,"{""rwh"":10}"
medellin,465,24898357,10,base,hazard_only,61.186086264776804,73.98920839248012,75.26661672469527,0.8129246261802733,10,6,"{""drainage"":2,""rwh"":4}"
medellin,465,24898357,10,base,random_feasible,13.66064516530514,18.10299448304113,18.638182648353904,0.732938689519261,10,6,"{""rwh"":3,""restoration"":2,""drainage"":1}"
medellin,466,24908330,10,base,ourea_robust,71.23318480002399,85.97827344577627,86.15779078009427,0.826775897513862,10,6,"{""rwh"":4,""drainage"":2}"
medellin,466,24908330,10,base,deterministic_central,69.51510195242417,85.02846984052348,87.00338338223446,0.798993087970171,10,4,"{""drainage"":3,""rwh"":1}"
medellin,466,24908330,10,base,greedy_opportunity,50.42624706040624,60.35879465878952,59.71210523444006,0.8444895195442208,10,10,"{""rwh"":10}"
medellin,466,24908330,10,base,hazard_only,60.072344202244494,73.98920839248012,73.30733866067885,0.8194588058953306,10,6,"{""drainage"":2,""rwh"":4}"
medellin,466,24908330,10,base,random_feasible,12.640938413400818,18.10299448304113,18.42286249509789,0.6861549564713099,10,6,"{""rwh"":3,""restoration"":2,""drainage"":1}"
medellin,467,24918303,10,base,ourea_robust,68.0672032014304,85.97827344577627,85.70616861285089,0.7941925803369108,10,6,"{""rwh"":4,""drainage"":2}"
medellin,467,24918303,10,base,deterministic_central,65.91914439812626,85.02846984052348,84.07469260820562,0.7840545395189777,10,4,"{""drainage"":3,""rwh"":1}"
medellin,467,24918303,10,base,greedy_opportunity,50.251709322003535,60.35879465878952,62.17238905384647,0.808264087752545,10,10,"{""rwh"":10}"
medellin,467,24918303,10,base,hazard_only,59.72890927010167,73.98920839248012,73.75460046237231,0.8098329988320364,10,6,"{""drainage"":2,""rwh"":4}"
medellin,467,24918303,10,base,random_feasible,13.350573411713412,18.10299448304113,18.38019395380752,0.7263565033788882,10,6,"{""rwh"":3,""restoration"":2,""drainage"":1}"
medellin,468,24928276,10,base,ourea_robust,71.02487479031606,85.97827344577627,86.31475029623016,0.8228590657629246,10,6,"{""rwh"":4,""drainage"":2}"
medellin,468,24928276,10,base,deterministic_central,69.45781749994421,85.02846984052348,88.33582757108479,0.7862927128185986,10,4,"{""drainage"":3,""rwh"":1}"
medellin,468,24928276,10,base,greedy_opportunity,50.46151274178919,60.35879465878952,59.943105898487374,0.8418234588518804,10,10,"{""rwh"":10}"
medellin,468,24928276,10,base,hazard_only,58.170839181712836,73.98920839248012,73.7187722362869,0.7890912642340395,10,6,"{""drainage"":2,""rwh"":4}"
medellin,468,24928276,10,base,random_feasible,12.961968358913055,18.10299448304113,17.631452394152348,0.7351616911158166,10,6,"{""rwh"":3,""restoration"":2,""drainage"":1}"
medellin,469,24938249,10,base,ourea_robust,69.28748188598911,85.97827344577627,85.39352419865827,0.8113903546690462,10,6,"{""rwh"":4,""drainage"":2}"
medellin,469,24938249,10,base,deterministic_central,66.93776700851413,85.02846984052348,83.60294558020496,0.8006627822018185,10,4,"{""drainage"":3,""rwh"":1}"
medellin,469,24938249,10,base,greedy_opportunity,51.30565223056146,60.35879465878952,59.81277815378235,0.8577707609342516,10,10,"{""rwh"":10}"
medellin,469,24938249,10,base,hazard_only,59.00115519041037,73.98920839248012,73.64369162062712,0.8011705265177734,10,6,"{""drainage"":2,""rwh"":4}"
medellin,469,24938249,10,base,random_feasible,12.95071062367515,18.10299448304113,17.735826396982247,0.7302005744642783,10,6,"{""rwh"":3,""restoration"":2,""drainage"":1}"
medellin,470,24948222,10,base,ourea_robust,70.86749789198029,85.97827344577627,85.64353996203681,0.8274704422936477,10,6,"{""rwh"":4,""drainage"":2}"
medellin,470,24948222,10,base,deterministic_central,68.35889697426319,85.02846984052348,85.38904455642796,0.8005581667925716,10,4,"{""drainage"":3,""rwh"":1}"
medellin,470,24948222,10,base,greedy_opportunity,49.70519501407625,60.35879465878952,58.95939443283669,0.843041138604259,10,10,"{""rwh"":10}"
medellin,470,24948222,10,base,hazard_only,58.45701903417876,73.98920839248012,72.42691857721229,0.8071173008949619,10,6,"{""drainage"":2,""rwh"":4}"
medellin,470,24948222,10,base,random_feasible,12.962159917014105,18.10299448304113,17.707658154177352,0.7320087051689693,10,6,"{""rwh"":3,""restoration"":2,""drainage"":1}"
medellin,471,24958195,10,base,ourea_robust,70.52053964689912,85.97827344577627,86.55875140025819,0.8147129955791943,10,6,"{""rwh"":4,""drainage"":2}"
medellin,471,24958195,10,base,deterministic_central,65.43924686530818,85.02846984052348,83.77998601405261,0.7810844806578495,10,4,"{""drainage"":3,""rwh"":1}"
medellin,471,24958195,10,base,greedy_opportunity,51.79335223049111,60.35879465878952,60.869923295850185,0.8508857811230744,10,10,"{""rwh"":10}"
medellin,471,24958195,10,base,hazard_only,61.83381752228115,73.98920839248012,74.50183852794362,0.8299636457842442,10,6,"{""drainage"":2,""rwh"":4}"
medellin,471,24958195,10,base,random_feasible,13.403851157661393,18.10299448304113,18.03098875432488,0.7433785989382512,10,6,"{""rwh"":3,""restoration"":2,""drainage"":1}"
medellin,472,24968168,10,base,ourea_robust,69.90726272031088,85.97827344577627,85.57487188382265,0.8169134371035661,10,6,"{""rwh"":4,""drainage"":2}"
medellin,472,24968168,10,base,deterministic_central,66.55990687668009,85.02846984052348,86.37635236940741,0.7705801999142318,10,4,"{""drainage"":3,""rwh"":1}"
medellin,472,24968168,10,base,greedy_opportunity,49.97636161211767,60.35879465878952,59.27794044344546,0.8430853237858015,10,10,"{""rwh"":10}"
medellin,472,24968168,10,base,hazard_only,58.48943846469865,73.98920839248012,72.00195529593748,0.8123312516208676,10,6,"{""drainage"":2,""rwh"":4}"
medellin,472,24968168,10,base,random_feasible,13.409850818041832,18.10299448304113,18.033768365024116,0.7435967096067279,10,6,"{""rwh"":3,""restoration"":2,""drainage"":1}"
medellin,473,24978141,10,base,ourea_robust,68.88366433168221,85.97827344577627,87.0631393787503,0.7911920569739392,10,6,"{""rwh"":4,""drainage"":2}"
medellin,473,24978141,10,base,deterministic_central,65.74802458982049,85.02846984052348,84.34009282458737,0.7795583617220444,10,4,"{""drainage"":3,""rwh"":1}"
medellin,473,24978141,10,base,greedy_opportunity,51.60677090458148,60.35879465878952,60.38652382382543,0.8546074129907125,10,10,"{""rwh"":10}"
medellin,473,24978141,10,base,hazard_only,60.83653216461562,73.98920839248012,73.90751451832193,0.8231440681114236,10,6,"{""drainage"":2,""rwh"":4}"
medellin,473,24978141,10,base,random_feasible,13.241466371875958,18.10299448304113,18.301704253867683,0.7235100178759392,10,6,"{""rwh"":3,""restoration"":2,""drainage"":1}"
medellin,474,24988114,10,base,ourea_robust,69.61154790948058,85.97827344577627,86.24176155045734,0.8071675097771867,10,6,"{""rwh"":4,""drainage"":2}"
medellin,474,24988114,10,base,deterministic_central,68.03496918716883,85.02846984052348,85.21153596002796,0.7984243966577892,10,4,"{""drainage"":3,""rwh"":1}"
medellin,474,24988114,10,base,greedy_opportunity,49.04945547305715,60.35879465878952,59.01746881978761,0.8311006292532095,10,10,"{""rwh"":10}"
medellin,474,24988114,10,base,hazard_only,58.18954769421043,73.98920839248012,73.00413466097052,0.7970719461910112,10,6,"{""drainage"":2,""rwh"":4}"
medellin,474,24988114,10,base,random_feasible,12.956984765804009,18.10299448304113,18.600328203981462,0.696599792418207,10,6,"{""rwh"":3,""restoration"":2,""drainage"":1}"
medellin,475,24998087,10,base,ourea_robust,70.70039237384935,85.97827344577627,84.4520875400799,0.8371657164815001,10,6,"{""rwh"":4,""drainage"":2}"
medellin,475,24998087,10,base,deterministic_central,65.40211950284947,85.02846984052348,84.00645178267132,0.7785368637167043,10,4,"{""drainage"":3,""rwh"":1}"
medellin,475,24998087,10,base,greedy_opportunity,50.79695482904026,60.35879465878952,61.869299325103384,0.8210365299616293,10,10,"{""rwh"":10}"
medellin,475,24998087,10,base,hazard_only,58.22336804738052,73.98920839248012,74.26758108953254,0.7839674753536124,10,6,"{""drainage"":2,""rwh"":4}"
medellin,475,24998087,10,base,random_feasible,12.86070046102759,18.10299448304113,18.142603622949537,0.7088674111117884,10,6,"{""rwh"":3,""restoration"":2,""drainage"":1}"
medellin,476,25008060,10,base,ourea_robust,67.85362764889578,85.97827344577627,86.16947294552983,0.7874439210251174,10,6,"{""rwh"":4,""drainage"":2}"
medellin,476,25008060,10,base,deterministic_central,69.23338190194727,85.02846984052348,86.82794131053879,0.7973629324497646,10,4,"{""drainage"":3,""rwh"":1}"
medellin,476,25008060,10,base,greedy_opportunity,49.161102617909364,60.35879465878952,58.91923373929194,0.83438122830041,10,10,"{""rwh"":10}"
medellin,476,25008060,10,base,hazard_only,59.13533648863222,73.98920839248012,71.38386091851953,0.8284132537483748,10,6,"{""drainage"":2,""rwh"":4}"
medellin,476,25008060,10,base,random_feasible,13.056790976562297,18.10299448304113,17.65871172218749,0.739396575581272,10,6,"{""rwh"":3,""restoration"":2,""drainage"":1}"
medellin,477,25018033,10,base,ourea_robust,70.31695691981304,85.97827344577627,86.4796551852387,0.813104038969567,10,6,"{""rwh"":4,""drainage"":2}"
medellin,477,25018033,10,base,deterministic_central,67.36318769050013,85.02846984052348,84.25682028479332,0.7994983369038654,10,4,"{""drainage"":3,""rwh"":1}"
medellin,477,25018033,10,base,greedy_opportunity,51.821868637315674,60.35879465878952,60.09444858827737,0.8623403634562107,10,10,"{""rwh"":10}"
medellin,477,25018033,10,base,hazard_only,60.03919311299023,73.98920839248012,74.59386819136171,0.8048810789509778,10,6,"{""drainage"":2,""rwh"":4}"
medellin,477,25018033,10,base,random_feasible,13.07578751975825,18.10299448304113,18.143409599397728,0.7206907526462006,10,6,"{""rwh"":3,""restoration"":2,""drainage"":1}"
medellin,478,25028006,10,base,ourea_robust,69.67646901280204,85.97827344577627,84.89286503207177,0.8207576571538597,10,6,"{""rwh"":4,""drainage"":2}"
medellin,478,25028006,10,base,deterministic_central,68.09442543772138,85.02846984052348,86.0976596802193,0.790897519057256,10,4,"{""drainage"":3,""rwh"":1}"
medellin,478,25028006,10,base,greedy_opportunity,49.36303984951974,60.35879465878952,58.73717836894639,0.8404053653966014,10,10,"{""rwh"":10}"
medellin,478,25028006,10,base,hazard_only,58.87747011083002,73.98920839248012,72.1430214090442,0.8161214897973327,10,6,"{""drainage"":2,""rwh"":4}"
medellin,478,25028006,10,base,random_feasible,13.010560382040694,18.10299448304113,17.843473043973063,0.7291495523308582,10,6,"{""rwh"":3,""restoration"":2,""drainage"":1}"
medellin,479,25037979,10,base,ourea_robust,68.18904087857209,85.97827344577627,85.33715827036303,0.7990545063914278,10,6,"{""rwh"":4,""drainage"":2}"
medellin,479,25037979,10,base,deterministic_central,65.67975660663251,85.02846984052348,83.99228787633501,0.781973658145082,10,4,"{""drainage"":3,""rwh"":1}"
medellin,479,25037979,10,base,greedy_opportunity,51.71861287441561,60.35879465878952,60.86761506738003,0.8496901483188304,10,10,"{""rwh"":10}"
medellin,479,25037979,10,base,hazard_only,60.052695220951136,73.98920839248012,75.64055283991001,0.793921950148224,10,6,"{""drainage"":2,""rwh"":4}"
medellin,479,25037979,10,base,random_feasible,13.92551388132506,18.10299448304113,18.151894139703018,0.7671658822021367,10,6,"{""rwh"":3,""restoration"":2,""drainage"":1}"
medellin,480,25047952,10,base,ourea_robust,69.84757657713408,85.97827344577627,86.1146877830106,0.8110994578896235,10,6,"{""rwh"":4,""drainage"":2}"
medellin,480,25047952,10,base,deterministic_central,70.95641562430546,85.02846984052348,86.03380069988498,0.8247504474645432,10,4,"{""drainage"":3,""rwh"":1}"
medellin,480,25047952,10,base,greedy_opportunity,50.226457613726325,60.35879465878952,58.873942973126304,0.8531186307099012,10,10,"{""rwh"":10}"
medellin,480,25047952,10,base,hazard_only,58.957972248239,73.98920839248012,72.99846478383688,0.8076604408438643,10,6,"{""drainage"":2,""rwh"":4}"
medellin,480,25047952,10,base,random_feasible,13.51719402804747,18.10299448304113,18.492301219125693,0.7309633272719617,10,6,"{""rwh"":3,""restoration"":2,""drainage"":1}"
medellin,481,25057925,10,base,ourea_robust,71.06969703152845,85.97827344577627,84.77280933990824,0.8383548638404176,10,6,"{""rwh"":4,""drainage"":2}"
medellin,481,25057925,10,base,deterministic_central,65.28384035048748,85.02846984052348,84.92299365345389,0.7687416274665482,10,4,"{""drainage"":3,""rwh"":1}"
medellin,481,25057925,10,base,greedy_opportunity,52.40618789245855,60.35879465878952,61.53784618381496,0.8516090689284129,10,10,"{""rwh"":10}"
medellin,481,25057925,10,base,hazard_only,62.42882597320386,73.98920839248012,74.27203353246568,0.8405428396667645,10,6,"{""drainage"":2,""rwh"":4}"
medellin,481,25057925,10,base,random_feasible,13.470051028556554,18.10299448304113,18.83728980503747,0.7150737270578271,10,6,"{""rwh"":3,""restoration"":2,""drainage"":1}"
medellin,482,25067898,10,base,ourea_robust,69.06721018134976,85.97827344577627,86.4108165230059,0.7992889427559269,10,6,"{""rwh"":4,""drainage"":2}"
medellin,482,25067898,10,base,deterministic_central,67.39014432236763,85.02846984052348,86.09608243316234,0.7827318319005234,10,4,"{""drainage"":3,""rwh"":1}"
medellin,482,25067898,10,base,greedy_opportunity,49.753192361711626,60.35879465878952,59.67896537867455,0.8336805446612223,10,10,"{""rwh"":10}"
medellin,482,25067898,10,base,hazard_only,59.36421969650064,73.98920839248012,72.69444243628459,0.816626659576244,10,6,"{""drainage"":2,""rwh"":4}"
medellin,482,25067898,10,base,random_feasible,13.101887179537243,18.10299448304113,18.078207203707734,0.724733765461551,10,6,"{""rwh"":3,""restoration"":2,""drainage"":1}"
medellin,483,25077871,10,base,ourea_robust,70.51502420113184,85.97827344577627,84.6148884831041,0.8333642632550686,10,6,"{""rwh"":4,""drainage"":2}"
medellin,483,25077871,10,base,deterministic_central,66.61689304111906,85.02846984052348,85.84366592291053,0.7760257244948331,10,4,"{""drainage"":3,""rwh"":1}"
medellin,483,25077871,10,base,greedy_opportunity,50.41503265864867,60.35879465878952,60.79274545370163,0.8292935659081825,10,10,"{""rwh"":10}"
medellin,483,25077871,10,base,hazard_only,60.8972632411369,73.98920839248012,74.50593818238667,0.8173477809522183,10,6,"{""drainage"":2,""rwh"":4}"
medellin,483,25077871,10,base,random_feasible,13.20446126833167,18.10299448304113,18.367659631728202,0.7188973191512299,10,6,"{""rwh"":3,""restoration"":2,""drainage"":1}"
medellin,484,25087844,10,base,ourea_robust,69.64857897368847,85.97827344577627,86.21727404957664,0.8078262707962578,10,6,"{""rwh"":4,""drainage"":2}"
medellin,484,25087844,10,base,deterministic_central,68.16667877114787,85.02846984052348,85.80298600147398,0.7944557870046254,10,4,"{""drainage"":3,""rwh"":1}"
medellin,484,25087844,10,base,greedy_opportunity,50.36865982975678,60.35879465878952,59.349062030221376,0.8486850188821577,10,10,"{""rwh"":10}"
medellin,484,25087844,10,base,hazard_only,59.657099677605856,73.98920839248012,72.80376921798052,0.8194232292972025,10,6,"{""drainage"":2,""rwh"":4}"
medellin,484,25087844,10,base,random_feasible,12.929534018168852,18.10299448304113,17.358497722332686,0.7448532831003156,10,6,"{""rwh"":3,""restoration"":2,""drainage"":1}"
medellin,485,25097817,10,base,ourea_robust,70.69401486649485,85.97827344577627,86.32642278357662,0.818915143092715,10,6,"{""rwh"":4,""drainage"":2}"
medellin,485,25097817,10,base,deterministic_central,63.663988921450255,85.02846984052348,84.9529409467732,0.7494030013785936,10,4,"{""drainage"":3,""rwh"":1}"
medellin,485,25097817,10,base,greedy_opportunity,51.813419857504414,60.35879465878952,60.28787592284334,0.8594334941210308,10,10,"{""rwh"":10}"
medellin,485,25097817,10,base,hazard_only,59.24010630246994,73.98920839248012,75.41738819895227,0.7854966569008409,10,6,"{""drainage"":2,""rwh"":4}"
medellin,485,25097817,10,base,random_feasible,13.40847018547447,18.10299448304113,17.955844219114624,0.7467468542192344,10,6,"{""rwh"":3,""restoration"":2,""drainage"":1}"
medellin,486,25107790,10,base,ourea_robust,66.88842860998784,85.97827344577627,84.39494808770405,0.7925643670101762,10,6,"{""rwh"":4,""drainage"":2}"
medellin,486,25107790,10,base,deterministic_central,64.83384958902025,85.02846984052348,84.8558410083283,0.7640469862605809,10,4,"{""drainage"":3,""rwh"":1}"
medellin,486,25107790,10,base,greedy_opportunity,48.994196063261825,60.35879465878952,58.755049028965914,0.8338720990447639,10,10,"{""rwh"":10}"
medellin,486,25107790,10,base,hazard_only,58.567142141968816,73.98920839248012,73.1967559368486,0.8001330303831816,10,6,"{""drainage"":2,""rwh"":4}"
medellin,486,25107790,10,base,random_feasible,12.935237413339564,18.10299448304113,17.478224799765485,0.7400772996988301,10,6,"{""rwh"":3,""restoration"":2,""drainage"":1}"
medellin,487,25117763,10,base,ourea_robust,66.01845807668224,85.97827344577627,85.69523850131463,0.7703865375865598,10,6,"{""rwh"":4,""drainage"":2}"
medellin,487,25117763,10,base,deterministic_central,65.79830359215339,85.02846984052348,84.5664992961988,0.7780658315025105,10,4,"{""drainage"":3,""rwh"":1}"
medellin,487,25117763,10,base,greedy_opportunity,52.265430075172844,60.35879465878952,61.08815197972899,0.8555739268805543,10,10,"{""rwh"":10}"
medellin,487,25117763,10,base,hazard_only,60.921232799543304,73.98920839248012,74.73850157388779,0.8151251566010527,10,6,"{""drainage"":2,""rwh"":4}"
medellin,487,25117763,10,base,random_feasible,13.502481645751232,18.10299448304113,18.207047403256638,0.7416074307213637,10,6,"{""rwh"":3,""restoration"":2,""drainage"":1}"
medellin,488,25127736,10,base,ourea_robust,69.62501941086111,85.97827344577627,86.33114691810624,0.8064878308278174,10,6,"{""rwh"":4,""drainage"":2}"
medellin,488,25127736,10,base,deterministic_central,65.97093178378555,85.02846984052348,85.55973175502913,0.7710511759512129,10,4,"{""drainage"":3,""rwh"":1}"
medellin,488,25127736,10,base,greedy_opportunity,50.04981126202256,60.35879465878952,59.90636011916786,0.8354674055052201,10,10,"{""rwh"":10}"
medellin,488,25127736,10,base,hazard_only,58.29442391896373,73.98920839248012,72.73510576211083,0.8014620080380835,10,6,"{""drainage"":2,""rwh"":4}"
medellin,488,25127736,10,base,random_feasible,12.97058549107669,18.10299448304113,18.103684197128132,0.7164610998425542,10,6,"{""rwh"":3,""restoration"":2,""drainage"":1}"
medellin,489,25137709,10,base,ourea_robust,70.72464095725354,85.97827344577627,86.05209540994156,0.8218816824893117,10,6,"{""rwh"":4,""drainage"":2}"
medellin,489,25137709,10,base,deterministic_central,67.16518422092349,85.02846984052348,84.48173231485089,0.7950261243532366,10,4,"{""drainage"":3,""rwh"":1}"
medellin,489,25137709,10,base,greedy_opportunity,52.47627155089958,60.35879465878952,61.565549276709135,0.8523642226441059,10,10,"{""rwh"":10}"
medellin,489,25137709,10,base,hazard_only,61.47434103960268,73.98920839248012,74.08487187548872,0.8297826463534955,10,6,"{""drainage"":2,""rwh"":4}"
medellin,489,25137709,10,base,random_feasible,13.43475899354462,18.10299448304113,18.576849040837715,0.7231990185208925,10,6,"{""rwh"":3,""restoration"":2,""drainage"":1}"
medellin,490,25147682,10,base,ourea_robust,68.30880336888913,85.97827344577627,86.29664284724731,0.7915580619955489,10,6,"{""rwh"":4,""drainage"":2}"
medellin,490,25147682,10,base,deterministic_central,65.34121227152991,85.02846984052348,84.9297789262132,0.7693557324374788,10,4,"{""drainage"":3,""rwh"":1}"
medellin,490,25147682,10,base,greedy_opportunity,49.96633024189077,60.35879465878952,60.37238635041467,0.8276355013014585,10,10,"{""rwh"":10}"
medellin,490,25147682,10,base,hazard_only,59.86594154888917,73.98920839248012,73.8916162960677,0.8101858444809126,10,6,"{""drainage"":2,""rwh"":4}"
medellin,490,25147682,10,base,random_feasible,13.156890121186734,18.10299448304113,18.394336935421506,0.7152685180975915,10,6,"{""rwh"":3,""restoration"":2,""drainage"":1}"
medellin,491,25157655,10,base,ourea_robust,70.4418953051445,85.97827344577627,88.00565375750193,0.8004246579344315,10,6,"{""rwh"":4,""drainage"":2}"
medellin,491,25157655,10,base,deterministic_central,65.93973212111814,85.02846984052348,84.20592682082497,0.7830770898279643,10,4,"{""drainage"":3,""rwh"":1}"
medellin,491,25157655,10,base,greedy_opportunity,49.88619069283595,60.35879465878952,61.531626031130145,0.8107406533933863,10,10,"{""rwh"":10}"
medellin,491,25157655,10,base,hazard_only,62.16186036696308,73.98920839248012,74.61290233522868,0.8331248138247692,10,6,"{""drainage"":2,""rwh"":4}"
medellin,491,25157655,10,base,random_feasible,13.416661924705295,18.10299448304113,18.634772124441042,0.7199799297308409,10,6,"{""rwh"":3,""restoration"":2,""drainage"":1}"
medellin,492,25167628,10,base,ourea_robust,68.58879324325517,85.97827344577627,84.05598613801976,0.8159893946236322,10,6,"{""rwh"":4,""drainage"":2}"
medellin,492,25167628,10,base,deterministic_central,64.07572135162081,85.02846984052348,84.45997958917906,0.7586518687701665,10,4,"{""drainage"":3,""rwh"":1}"
medellin,492,25167628,10,base,greedy_opportunity,50.52204923430918,60.35879465878952,59.51270979395804,0.848928731513388,10,10,"{""rwh"":10}"
medellin,492,25167628,10,base,hazard_only,58.00265635452479,73.98920839248012,72.55227959452304,0.799460150372772,10,6,"{""drainage"":2,""rwh"":4}"
medellin,492,25167628,10,base,random_feasible,12.693632364896985,18.10299448304113,17.313101785890467,0.7331807160772209,10,6,"{""rwh"":3,""restoration"":2,""drainage"":1}"
medellin,493,25177601,10,base,ourea_robust,67.2416152641108,85.97827344577627,86.20635273667858,0.7800076575505233,10,6,"{""rwh"":4,""drainage"":2}"
medellin,493,25177601,10,base,deterministic_central,67.14310093791437,85.02846984052348,86.20981236195303,0.7788336280795182,10,4,"{""drainage"":3,""rwh"":1}"
medellin,493,25177601,10,base,greedy_opportunity,50.449861966043954,60.35879465878952,60.18183042366809,0.8382905872235354,10,10,"{""rwh"":10}"
medellin,493,25177601,10,base,hazard_only,59.89735410241201,73.98920839248012,75.33599821598364,0.7950694956040804,10,6,"{""drainage"":2,""rwh"":4}"
medellin,493,25177601,10,base,random_feasible,13.177402427801553,18.10299448304113,17.857780330091828,0.7379081937521959,10,6,"{""rwh"":3,""restoration"":2,""drainage"":1}"
medellin,494,25187574,10,base,ourea_robust,68.21396181512682,85.97827344577627,85.67029844321905,0.7962381718599706,10,6,"{""rwh"":4,""drainage"":2}"
medellin,494,25187574,10,base,deterministic_central,65.02604262671503,85.02846984052348,83.92152374853822,0.7748434456642915,10,4,"{""drainage"":3,""rwh"":1}"
medellin,494,25187574,10,base,greedy_opportunity,49.4138513676412,60.35879465878952,58.03238137623521,0.8514875694533642,10,10,"{""rwh"":10}"
medellin,494,25187574,10,base,hazard_only,57.88871408592013,73.98920839248012,73.40513377084608,0.7886194209063818,10,6,"{""drainage"":2,""rwh"":4}"
medellin,494,25187574,10,base,random_feasible,12.922938865018295,18.10299448304113,17.250145233858348,0.7491495688774451,10,6,"{""rwh"":3,""restoration"":2,""drainage"":1}"
medellin,495,25197547,10,base,ourea_robust,69.42516981547487,85.97827344577627,84.24359187408527,0.8241003056854608,10,6,"{""rwh"":4,""drainage"":2}"
medellin,495,25197547,10,base,deterministic_central,66.7867427740598,85.02846984052348,83.71894602401562,0.7977494455663758,10,4,"{""drainage"":3,""rwh"":1}"
medellin,495,25197547,10,base,greedy_opportunity,51.346200132543345,60.35879465878952,60.465579842767056,0.849180645684082,10,10,"{""rwh"":10}"
medellin,495,25197547,10,base,hazard_only,59.65443162999918,73.98920839248012,73.72997153836559,0.8090933766190027,10,6,"{""drainage"":2,""rwh"":4}"
medellin,495,25197547,10,base,random_feasible,13.325468736966286,18.10299448304113,18.052207490991805,0.7381628392879819,10,6,"{""rwh"":3,""restoration"":2,""drainage"":1}"
medellin,496,25207520,10,base,ourea_robust,70.19095037286843,85.97827344577627,85.55250473229717,0.8204429618104501,10,6,"{""rwh"":4,""drainage"":2}"
medellin,496,25207520,10,base,deterministic_central,64.73741918909263,85.02846984052348,85.28019194940862,0.75911437004618,10,4,"{""drainage"":3,""rwh"":1}"
medellin,496,25207520,10,base,greedy_opportunity,49.72985028655512,60.35879465878952,59.101007428964294,0.8414382842175285,10,10,"{""rwh"":10}"
medellin,496,25207520,10,base,hazard_only,59.06534683569771,73.98920839248012,73.20609427003956,0.8068364720814082,10,6,"{""drainage"":2,""rwh"":4}"
medellin,496,25207520,10,base,random_feasible,13.522772255495056,18.10299448304113,18.243998951893445,0.7412175527499469,10,6,"{""rwh"":3,""restoration"":2,""drainage"":1}"
medellin,497,25217493,10,base,ourea_robust,71.57443683513566,85.97827344577627,87.83495104256872,0.8148742156234311,10,6,"{""rwh"":4,""drainage"":2}"
medellin,497,25217493,10,base,deterministic_central,66.79021180157997,85.02846984052348,85.65140361725071,0.7797912115958369,10,4,"{""drainage"":3,""rwh"":1}"
medellin,497,25217493,10,base,greedy_opportunity,51.60198138323949,60.35879465878952,61.31154428360787,0.8416356493084727,10,10,"{""rwh"":10}"
medellin,497,25217493,10,base,hazard_only,62.84825184036936,73.98920839248012,74.67446472823622,0.8416297601742958,10,6,"{""drainage"":2,""rwh"":4}"
medellin,497,25217493,10,base,random_feasible,13.32095529480921,18.10299448304113,18.59032608268626,0.7165530736556269,10,6,"{""rwh"":3,""restoration"":2,""drainage"":1}"
medellin,498,25227466,10,base,ourea_robust,66.60726916518843,85.97827344577627,83.78163600293055,0.79501036674503,10,6,"{""rwh"":4,""drainage"":2}"
medellin,498,25227466,10,base,deterministic_central,65.50643293929716,85.02846984052348,83.9513655080923,0.7802902614250249,10,4,"{""drainage"":3,""rwh"":1}"
medellin,498,25227466,10,base,greedy_opportunity,50.14637789490598,60.35879465878952,59.60971550827526,0.841245046504952,10,10,"{""rwh"":10}"
medellin,498,25227466,10,base,hazard_only,58.983743111469266,73.98920839248012,73.33243600788592,0.8043336117339176,10,6,"{""drainage"":2,""rwh"":4}"
medellin,498,25227466,10,base,random_feasible,12.704480614466775,18.10299448304113,18.695557113691393,0.679545441583169,10,6,"{""rwh"":3,""restoration"":2,""drainage"":1}"
medellin,499,25237439,10,base,ourea_robust,70.74043300721723,85.97827344577627,87.13959361888874,0.8118058630914162,10,6,"{""rwh"":4,""drainage"":2}"
medellin,499,25237439,10,base,deterministic_central,66.117898285926,85.02846984052348,86.47334736954099,0.7646043584200962,10,4,"{""drainage"":3,""rwh"":1}"
medellin,499,25237439,10,base,greedy_opportunity,50.63450680809592,60.35879465878952,61.130148698799076,0.8283066193341463,10,10,"{""rwh"":10}"
medellin,499,25237439,10,base,hazard_only,61.16776640997887,73.98920839248012,75.97517642915682,0.8051019989011129,10,6,"{""drainage"":2,""rwh"":4}"
medellin,499,25237439,10,base,random_feasible,13.18050374647737,18.10299448304113,18.206284883867283,0.7239535045481303,10,6,"{""rwh"":3,""restoration"":2,""drainage"":1}"
nanjing_xianlin,0,20260912,10,base,ourea_robust,332.3167520941279,382.4936695216784,383.78292580829293,0.8658976982736502,10,10,"{""rwh"":10}"
nanjing_xianlin,0,20260912,10,base,deterministic_central,293.6822786083685,348.05961700836633,348.7289561002399,0.8421505397560145,10,8,"{""rwh"":7,""drainage"":1}"
nanjing_xianlin,0,20260912,10,base,greedy_opportunity,183.36140597795384,215.23383857257977,218.0003056602436,0.8411061875469341,10,10,"{""rwh"":10}"
nanjing_xianlin,0,20260912,10,base,hazard_only,272.12117165311065,317.37537769690243,316.8204468193326,0.8589129091415246,10,6,"{""rwh"":4,""drainage"":2}"
nanjing_xianlin,0,20260912,10,base,random_feasible,42.36046723380059,59.00872583207456,59.585030616402946,0.7109246533161859,10,6,"{""rwh"":3,""drainage"":1,""restoration"":2}"
nanjing_xianlin,1,20270885,10,base,ourea_robust,329.4953146707012,382.4936695216784,380.97222998633515,0.8648801375431475,10,10,"{""rwh"":10}"
nanjing_xianlin,1,20270885,10,base,deterministic_central,291.59654766096355,348.05961700836633,349.6360552353053,0.834000221929969,10,8,"{""rwh"":7,""drainage"":1}"
nanjing_xianlin,1,20270885,10,base,greedy_opportunity,175.84082673439661,215.23383857257977,211.5584010497605,0.8311691989628774,10,10,"{""rwh"":10}"
nanjing_xianlin,1,20270885,10,base,hazard_only,258.72292529448896,317.37537769690243,312.0802279251129,0.8290269685286579,10,6,"{""rwh"":4,""drainage"":2}"
nanjing_xianlin,1,20270885,10,base,random_feasible,44.3350103977009,59.00872583207456,59.35031405568043,0.7470054894083175,10,6,"{""rwh"":3,""drainage"":1,""restoration"":2}"
nanjing_xianlin,2,20280858,10,base,ourea_robust,326.3302145367561,382.4936695216784,380.4640505077423,0.8577162917265304,10,10,"{""rwh"":10}"
nanjing_xianlin,2,20280858,10,base,deterministic_central,287.1918477106865,348.05961700836633,349.2258595451294,0.8223670723718944,10,8,"{""rwh"":7,""drainage"":1}"
nanjing_xianlin,2,20280858,10,base,greedy_opportunity,183.31207462737984,215.23383857257977,220.99013389336687,0.8295034325642446,10,10,"{""rwh"":10}"
nanjing_xianlin,2,20280858,10,base,hazard_only,259.63345866875534,317.37537769690243,320.1451342752571,0.8109867396751547,10,6,"{""rwh"":4,""drainage"":2}"
nanjing_xianlin,2,20280858,10,base,random_feasible,45.846868613351035,59.00872583207456,57.88324697441385,0.7920576506984265,10,6,"{""rwh"":3,""drainage"":1,""restoration"":2}"
nanjing_xianlin,3,20290831,10,base,ourea_robust,330.232795247819,382.4936695216784,382.9821684761555,0.8622667644339147,10,10,"{""rwh"":10}"
nanjing_xianlin,3,20290831,10,base,deterministic_central,303.71098121535397,348.05961700836633,342.25053280412794,0.8873937426100944,10,8,"{""rwh"":7,""drainage"":1}"
nanjing_xianlin,3,20290831,10,base,greedy_opportunity,172.48695186714394,215.23383857257977,212.28652687002796,0.8125195433281018,10,10,"{""rwh"":10}"
nanjing_xianlin,3,20290831,10,base,hazard_only,259.25524320591467,317.37537769690243,314.87074559016946,0.8233703728810583,10,6,"{""rwh"":4,""drainage"":2}"
nanjing_xianlin,3,20290831,10,base,random_feasible,45.28961204200459,59.00872583207456,58.621673385869144,0.7725745347440343,10,6,"{""rwh"":3,""drainage"":1,""restoration"":2}"
nanjing_xianlin,4,20300804,10,base,ourea_robust,331.25511891837414,382.4936695216784,381.5792247460213,0.8681162323207119,10,10,"{""rwh"":10}"
nanjing_xianlin,4,20300804,10,base,deterministic_central,295.63958848807306,348.05961700836633,346.2866559171471,0.8537423647037907,10,8,"{""rwh"":7,""drainage"":1}"
nanjing_xianlin,4,20300804,10,base,greedy_opportunity,183.02869269493203,215.23383857257977,222.72286625015477,0.8217777356069063,10,10,"{""rwh"":10}"
nanjing_xianlin,4,20300804,10,base,hazard_only,265.7668466933992,317.37537769690243,320.0871532891524,0.8302952616574315,10,6,"{""rwh"":4,""drainage"":2}"
nanjing_xianlin,4,20300804,10,base,random_feasible,44.71974448063338,59.00872583207456,57.54830468539694,0.7770818745244663,10,6,"{""rwh"":3,""drainage"":1,""restoration"":2}"
nanjing_xianlin,5,20310777,10,base,ourea_robust,326.70355181248124,382.4936695216784,381.0547165254429,0.857366508388743,10,10,"{""rwh"":10}"
nanjing_xianlin,5,20310777,10,base,deterministic_central,292.9232596339043,348.05961700836633,350.63666098269823,0.8354039729130271,10,8,"{""rwh"":7,""drainage"":1}"
nanjing_xianlin,5,20310777,10,base,greedy_opportunity,173.33991269033686,215.23383857257977,210.88310025492137,0.8219715685173384,10,10,"{""rwh"":10}"
nanjing_xianlin,5,20310777,10,base,hazard_only,260.0276971319072,317.37537769690243,312.27809169397915,0.8326799223133611,10,6,"{""rwh"":4,""drainage"":2}"
nanjing_xianlin,5,20310777,10,base,random_feasible,44.34955200791228,59.00872583207456,58.61660448084331,0.7566039077273115,10,6,"{""rwh"":3,""drainage"":1,""restoration"":2}"
nanjing_xianlin,6,20320750,10,base,ourea_robust,331.41049247300907,382.4936695216784,384.86423808740983,0.8611101257938639,10,10,"{""rwh"":10}"
nanjing_xianlin,6,20320750,10,base,deterministic_central,286.721480608765,348.05961700836633,348.7911366570406,0.8220434824027438,10,8,"{""rwh"":7,""drainage"":1}"
nanjing_xianlin,6,20320750,10,base,greedy_opportunity,181.36941328943067,215.23383857257977,223.04654002979805,0.8131460513361942,10,10,"{""rwh"":10}"
nanjing_xianlin,6,20320750,10,base,hazard_only,259.2229012314747,317.37537769690243,321.6691184205738,0.8058681619929323,10,6,"{""rwh"":4,""drainage"":2}"
nanjing_xianlin,6,20320750,10,base,random_feasible,42.65419040263805,59.00872583207456,59.5237866530133,0.7165906740995072,10,6,"{""rwh"":3,""drainage"":1,""restoration"":2}"
nanjing_xianlin,7,20330723,10,base,ourea_robust,325.99747227944135,382.4936695216784,380.7180177869377,0.8562701449603581,10,10,"{""rwh"":10}"
nanjing_xianlin,7,20330723,10,base,deterministic_central,300.6030388209583,348.05961700836633,348.7140298590257,0.8620331075938724,10,8,"{""rwh"":7,""drainage"":1}"
nanjing_xianlin,7,20330723,10,base,greedy_opportunity,170.8226239007181,215.23383857257977,211.32858193301217,0.8083271194942584,10,10,"{""rwh"":10}"
nanjing_xianlin,7,20330723,10,base,hazard_only,260.12584277115457,317.37537769690243,314.77571461938714,0.8263847262984922,10,6,"{""rwh"":4,""drainage"":2}"
nanjing_xianlin,7,20330723,10,base,random_feasible,44.86141831361965,59.00872583207456,60.44109673545245,0.7422336909268169,10,6,"{""rwh"":3,""drainage"":1,""restoration"":2}"
nanjing_xianlin,8,20340696,10,base,ourea_robust,329.5901267151148,382.4936695216784,388.6769288106625,0.847979651695944,10,10,"{""rwh"":10}"
nanjing_xianlin,8,20340696,10,base,deterministic_central,292.78113602076337,348.05961700836633,344.2620016121873,0.8504602153292034,10,8,"{""rwh"":7,""drainage"":1}"
nanjing_xianlin,8,20340696,10,base,greedy_opportunity,182.39127007378556,215.23383857257977,222.35732642225958,0.820262021532954,10,10,"{""rwh"":10}"
nanjing_xianlin,8,20340696,10,base,hazard_only,267.5101345769908,317.37537769690243,317.3338885271769,0.842992646699569,10,6,"{""rwh"":4,""drainage"":2}"
nanjing_xianlin,8,20340696,10,base,random_feasible,43.2940129127619,59.00872583207456,59.588483190786064,0.7265500075601233,10,6,"{""rwh"":3,""drainage"":1,""restoration"":2}"
nanjing_xianlin,9,20350669,10,base,ourea_robust,327.0375903494278,382.4936695216784,380.1511398544935,0.8602830718187627,10,10,"{""rwh"":10}"
nanjing_xianlin,9,20350669,10,base,deterministic_central,297.88269802332434,348.05961700836633,348.6298665676768,0.8544382641568624,10,8,"{""rwh"":7,""drainage"":1}"
nanjing_xianlin,9,20350669,10,base,greedy_opportunity,171.4514278806164,215.23383857257977,209.6294822502441,0.8178784111862049,10,10,"{""rwh"":10}"
nanjing_xianlin,9,20350669,10,base,hazard_only,256.0518866659695,317.37537769690243,311.61599677588674,0.8216904437358562,10,6,"{""rwh"":4,""drainage"":2}"
nanjing_xianlin,9,20350669,10,base,random_feasible,43.17429021533462,59.00872583207456,58.879078543035575,0.7332704805116457,10,6,"{""rwh"":3,""drainage"":1,""restoration"":2}"
nanjing_xianlin,10,20360642,10,base,ourea_robust,333.5881713314393,382.4936695216784,386.0035657897606,0.8642100770466206,10,10,"{""rwh"":10}"
nanjing_xianlin,10,20360642,10,base,deterministic_central,292.46079361285047,348.05961700836633,350.5459841435877,0.8343007960206873,10,8,"{""rwh"":7,""drainage"":1}"
nanjing_xianlin,10,20360642,10,base,greedy_opportunity,181.34088513238567,215.23383857257977,218.68342536015007,0.8292392751473281,10,10,"{""rwh"":10}"
nanjing_xianlin,10,20360642,10,base,hazard_only,259.1158130318836,317.37537769690243,323.27458702367585,0.8015347430106116,10,6,"{""rwh"":4,""drainage"":2}"
nanjing_xianlin,10,20360642,10,base,random_feasible,45.15382450980178,59.00872583207456,59.2951838781064,0.7615091404830596,10,6,"{""rwh"":3,""drainage"":1,""restoration"":2}"
nanjing_xianlin,11,20370615,10,base,ourea_robust,326.6356249243472,382.4936695216784,381.78111312920373,0.855557317246875,10,10,"{""rwh"":10}"
nanjing_xianlin,11,20370615,10,base,deterministic_central,296.410253291946,348.05961700836633,347.6536965906489,0.8526020468033728,10,8,"{""rwh"":7,""drainage"":1}"
nanjing_xianlin,11,20370615,10,base,greedy_opportunity,168.62289511518975,215.23383857257977,209.06096737834378,0.8065728252851138,10,10,"{""rwh"":10}"
nanjing_xianlin,11,20370615,10,base,hazard_only,255.23510175979027,317.37537769690243,314.5702096621535,0.8113772185672357,10,6,"{""rwh"":4,""drainage"":2}"
nanjing_xianlin,11,20370615,10,base,random_feasible,45.366516321286326,59.00872583207456,58.42907626444321,0.776437336027062,10,6,"{""rwh"":3,""drainage"":1,""restoration"":2}"
nanjing_xianlin,12,20380588,10,base,ourea_robust,335.7658150482821,382.4936695216784,386.2512850907042,0.8692937163158785,10,10,"{""rwh"":10}"
nanjing_xianlin,12,20380588,10,base,deterministic_central,300.00956145813143,348.05961700836633,344.2848755249397,0.8713991894087691,10,8,"{""rwh"":7,""drainage"":1}"
nanjing_xianlin,12,20380588,10,base,greedy_opportunity,182.79369983579454,215.23383857257977,222.06350313320036,0.8231595793845934,10,10,"{""rwh"":10}"
nanjing_xianlin,12,20380588,10,base,hazard_only,258.6155539805204,317.37537769690243,323.19986754294223,0.80017221525055,10,6,"{""rwh"":4,""drainage"":2}"
nanjing_xianlin,12,20380588,10,base,random_feasible,44.69040025351569,59.00872583207456,58.30868246903265,0.7664450363331475,10,6,"{""rwh"":3,""drainage"":1,""restoration"":2}"
nanjing_xianlin,13,20390561,10,base,ourea_robust,321.90429554682305,382.4936695216784,378.54150310318437,0.8503804547399313,10,10,"{""rwh"":10}"
nanjing_xianlin,13,20390561,10,base,deterministic_central,293.1477821960798,348.05961700836633,345.6413895695023,0.84812696350167,10,8,"{""rwh"":7,""drainage"":1}"
nanjing_xianlin,13,20390561,10,base,greedy_opportunity,171.9804096691114,215.23383857257977,208.01381372495052,0.8267739848110046,10,10,"{""rwh"":10}"
nanjing_xianlin,13,20390561,10,base,hazard_only,252.99920667018887,317.37537769690243,309.1728714132223,0.8183098520699281,10,6,"{""rwh"":4,""drainage"":2}"
nanjing_xianlin,13,20390561,10,base,random_feasible,43.73710420648604,59.00872583207456,59.03380923872646,0.7408822972886236,10,6,"{""rwh"":3,""drainage"":1,""restoration"":2}"
nanjing_xianlin,14,20400534,10,base,ourea_robust,333.0206148530797,382.4936695216784,389.38246603650623,0.8552532378842596,10,10,"{""rwh"":10}"
nanjing_xianlin,14,20400534,10,base,deterministic_central,290.46636447641686,348.05961700836633,346.2726875895223,0.8388370636402624,10,8,"{""rwh"":7,""drainage"":1}"
nanjing_xianlin,14,20400534,10,base,greedy_opportunity,183.62972945185902,215.23383857257977,220.03023630534517,0.8345658875584189,10,10,"{""rwh"":10}"
nanjing_xianlin,14,20400534,10,base,hazard_only,259.7951482331209,317.37537769690243,319.04869159338887,0.814280563056552,10,6,"{""rwh"":4,""drainage"":2}"
nanjing_xianlin,14,20400534,10,base,random_feasible,44.16703153518938,59.00872583207456,60.857825555713134,0.725741203072661,10,6,"{""rwh"":3,""drainage"":1,""restoration"":2}"
nanjing_xianlin,15,20410507,10,base,ourea_robust,320.6201465516133,382.4936695216784,377.0300270089592,0.8503835864086086,10,10,"{""rwh"":10}"
nanjing_xianlin,15,20410507,10,base,deterministic_central,298.12158264754544,348.05961700836633,347.9733437744435,0.8567368391321032,10,8,"{""rwh"":7,""drainage"":1}"
nanjing_xianlin,15,20410507,10,base,greedy_opportunity,166.82332045301519,215.23383857257977,207.76105515556083,0.802957610742333,10,10,"{""rwh"":10}"
nanjing_xianlin,15,20410507,10,base,hazard_only,254.59674956563322,317.37537769690243,313.44290999925215,0.8122587605067879,10,6,"{""rwh"":4,""drainage"":2}"
nanjing_xianlin,15,20410507,10,base,random_feasible,46.10399669200888,59.00872583207456,59.91547582382009,0.7694839448087918,10,6,"{""rwh"":3,""drainage"":1,""restoration"":2}"
nanjing_xianlin,16,20420480,10,base,ourea_robust,332.49051246358067,382.4936695216784,384.71620736594923,0.864248778963735,10,10,"{""rwh"":10}"
nanjing_xianlin,16,20420480,10,base,deterministic_central,294.88085494921324,348.05961700836633,343.952314735443,0.8573306307766123,10,8,"{""rwh"":7,""drainage"":1}"
nanjing_xianlin,16,20420480,10,base,greedy_opportunity,184.30890565436675,215.23383857257977,219.270113729046,0.8405564375367583,10,10,"{""rwh"":10}"
nanjing_xianlin,16,20420480,10,base,hazard_only,265.6642027925536,317.37537769690243,319.5683397521407,0.8313220358393593,10,6,"{""rwh"":4,""drainage"":2}"
nanjing_xianlin,16,20420480,10,base,random_feasible,44.06499105449802,59.00872583207456,60.13985612731449,0.7327086210717498,10,6,"{""rwh"":3,""drainage"":1,""restoration"":2}"
nanjing_xianlin,17,20430453,10,base,ourea_robust,317.9024820974755,382.4936695216784,379.22467189336203,0.8382958854187359,10,10,"{""rwh"":10}"
nanjing_xianlin,17,20430453,10,base,deterministic_central,300.5387584721975,348.05961700836633,350.1524362370001,0.8583083462220391,10,8,"{""rwh"":7,""drainage"":1}"
nanjing_xianlin,17,20430453,10,base,greedy_opportunity,170.04199415765652,215.23383857257977,206.99432509319013,0.8214814298947691,10,10,"{""rwh"":10}"
nanjing_xianlin,17,20430453,10,base,hazard_only,258.37889186155735,317.37537769690243,308.69223467217853,0.8370113104268646,10,6,"{""rwh"":4,""drainage"":2}"
nanjing_xianlin,17,20430453,10,base,random_feasible,43.8584614562551,59.00872583207456,60.319694085808806,0.7271001970577553,10,6,"{""rwh"":3,""drainage"":1,""restoration"":2}"
nanjing_xianlin,18,20440426,10,base,ourea_robust,329.6628946352994,382.4936695216784,386.84870459845297,0.852175257966775,10,10,"{""rwh"":10}"
nanjing_xianlin,18,20440426,10,base,deterministic_central,293.8656379819531,348.05961700836633,346.49123090298235,0.8481185431911712,10,8,"{""rwh"":7,""drainage"":1}"
nanjing_xianlin,18,20440426,10,base,greedy_opportunity,182.2487581207206,215.23383857257977,219.91478122332774,0.8287244591151126,10,10,"{""rwh"":10}"
nanjing_xianlin,18,20440426,10,base,hazard_only,263.78673620911286,317.37537769690243,319.4921351811008,0.8256439115773165,10,6,"{""rwh"":4,""drainage"":2}"
nanjing_xianlin,18,20440426,10,base,random_feasible,44.63479490565442,59.00872583207456,59.46753302928846,0.7505741811026742,10,6,"{""rwh"":3,""drainage"":1,""restoration"":2}"
nanjing_xianlin,19,20450399,10,base,ourea_robust,324.342616780119,382.4936695216784,379.10068130234504,0.8555579896767457,10,10,"{""rwh"":10}"
nanjing_xianlin,19,20450399,10,base,deterministic_central,297.9157833120735,348.05961700836633,352.10148562951326,0.8461077145966522,10,8,"{""rwh"":7,""drainage"":1}"
nanjing_xianlin,19,20450399,10,base,greedy_opportunity,169.51680717819363,215.23383857257977,208.8421372634839,0.8116982970937718,10,10,"{""rwh"":10}"
nanjing_xianlin,19,20450399,10,base,hazard_only,260.0561806856931,317.37537769690243,317.70042427346743,0.8185578640016048,10,6,"{""rwh"":4,""drainage"":2}"
nanjing_xianlin,19,20450399,10,base,random_feasible,44.240594125400094,59.00872583207456,59.1812055946466,0.7475446584920872,10,6,"{""rwh"":3,""drainage"":1,""restoration"":2}"
nanjing_xianlin,20,20460372,10,base,ourea_robust,332.73173063024296,382.4936695216784,379.4591332414402,0.8768578787074133,10,10,"{""rwh"":10}"
nanjing_xianlin,20,20460372,10,base,deterministic_central,294.54252517170244,348.05961700836633,341.28814942968893,0.8630317978045796,10,8,"{""rwh"":7,""drainage"":1}"
nanjing_xianlin,20,20460372,10,base,greedy_opportunity,184.98168291170987,215.23383857257977,219.27042069445088,0.8436235144067986,10,10,"{""rwh"":10}"
nanjing_xianlin,20,20460372,10,base,hazard_only,259.873784892181,317.37537769690243,317.304360601167,0.8190047700568072,10,6,"{""rwh"":4,""drainage"":2}"
nanjing_xianlin,20,20460372,10,base,random_feasible,44.145803991548746,59.00872583207456,58.63189259572209,0.7529315878636624,10,6,"{""rwh"":3,""drainage"":1,""restoration"":2}"
nanjing_xianlin,21,20470345,10,base,ourea_robust,323.97563992326104,382.4936695216784,381.5642960185596,0.8490722095955817,10,10,"{""rwh"":10}"
nanjing_xianlin,21,20470345,10,base,deterministic_central,297.15784112996516,348.05961700836633,346.634936140832,0.8572645459176536,10,8,"{""rwh"":7,""drainage"":1}"
nanjing_xianlin,21,20470345,10,base,greedy_opportunity,168.76993899345325,215.23383857257977,207.86226338861525,0.8119315947114665,10,10,"{""rwh"":10}"
nanjing_xianlin,21,20470345,10,base,hazard_only,261.20174925846186,317.37537769690243,312.6724606255684,0.8353845706010425,10,6,"{""rwh"":4,""drainage"":2}"
nanjing_xianlin,21,20470345,10,base,random_feasible,45.097253726218696,59.00872583207456,58.98056544411156,0.7646120953003015,10,6,"{""rwh"":3,""drainage"":1,""restoration"":2}"
nanjing_xianlin,22,20480318,10,base,ourea_robust,332.8179167704802,382.4936695216784,381.8969073426215,0.8714862843125627,10,10,"{""rwh"":10}"
nanjing_xianlin,22,20480318,10,base,deterministic_central,294.4664354532015,348.05961700836633,345.39630295671304,0.8525465760127307,10,8,"{""rwh"":7,""drainage"":1}"
nanjing_xianlin,22,20480318,10,base,greedy_opportunity,185.43549091828027,215.23383857257977,222.1918069746589,0.8345739361102062,10,10,"{""rwh"":10}"
nanjing_xianlin,22,20480318,10,base,hazard_only,268.99931597271643,317.37537769690243,317.35621120037104,0.8476258112461419,10,6,"{""rwh"":4,""drainage"":2}"
nanjing_xianlin,22,20480318,10,base,random_feasible,45.138041836104094,59.00872583207456,60.693368137723155,0.7437063260960985,10,6,"{""rwh"":3,""drainage"":1,""restoration"":2}"
nanjing_xianlin,23,20490291,10,base,ourea_robust,320.66288867078765,382.4936695216784,378.44374785982654,0.8473198209356054,10,10,"{""rwh"":10}"
nanjing_xianlin,23,20490291,10,base,deterministic_central,295.2349494797545,348.05961700836633,348.30069917138644,0.8476438611295462,10,8,"{""rwh"":7,""drainage"":1}"
nanjing_xianlin,23,20490291,10,base,greedy_opportunity,169.13815832104774,215.23383857257977,207.11897744604175,0.8166231815484474,10,10,"{""rwh"":10}"
nanjing_xianlin,23,20490291,10,base,hazard_only,256.93242816770726,317.37537769690243,317.9522612759192,0.8080849217321373,10,6,"{""rwh"":4,""drainage"":2}"
nanjing_xianlin,23,20490291,10,base,random_feasible,45.18794045256254,59.00872583207456,59.600453980598104,0.7581811451851138,10,6,"{""rwh"":3,""drainage"":1,""restoration"":2}"
nanjing_xianlin,24,20500264,10,base,ourea_robust,329.30455960501786,382.4936695216784,387.9101227900974,0.8489197374805513,10,10,"{""rwh"":10}"
nanjing_xianlin,24,20500264,10,base,deterministic_central,294.9209017475023,348.05961700836633,346.0533708514613,0.8522410893494607,10,8,"{""rwh"":7,""drainage"":1}"
nanjing_xianlin,24,20500264,10,base,greedy_opportunity,182.0607965408035,215.23383857257977,218.94570646923057,0.8315339883880725,10,10,"{""rwh"":10}"
nanjing_xianlin,24,20500264,10,base,hazard_only,262.7483229146419,317.37537769690243,316.4190093478883,0.8303809668582904,10,6,"{""rwh"":4,""drainage"":2}"
nanjing_xianlin,24,20500264,10,base,random_feasible,45.44590806892484,59.00872583207456,58.52193262446599,0.7765619833601578,10,6,"{""rwh"":3,""drainage"":1,""restoration"":2}"
nanjing_xianlin,25,20510237,10,base,ourea_robust,318.75150781317825,382.4936695216784,376.07169166904714,0.8475817639943181,10,10,"{""rwh"":10}"
nanjing_xianlin,25,20510237,10,base,deterministic_central,296.06045435843043,348.05961700836633,346.6381441549147,0.8540908130010043,10,8,"{""rwh"":7,""drainage"":1}"
nanjing_xianlin,25,20510237,10,base,greedy_opportunity,169.57482901367985,215.23383857257977,207.5710271388125,0.8169484506153029,10,10,"{""rwh"":10}"
nanjing_xianlin,25,20510237,10,base,hazard_only,259.81539028157204,317.37537769690243,309.4439411494968,0.8396202210857038,10,6,"{""rwh"":4,""drainage"":2}"
nanjing_xianlin,25,20510237,10,base,random_feasible,44.14519712007677,59.00872583207456,60.11717862234764,0.734319176842848,10,6,"{""rwh"":3,""drainage"":1,""restoration"":2}"
nanjing_xianlin,26,20520210,10,base,ourea_robust,332.6305604233021,382.4936695216784,386.87814569849434,0.8597812104965241,10,10,"{""rwh"":10}"
nanjing_xianlin,26,20520210,10,base,deterministic_central,293.0827648676586,348.05961700836633,346.7107430785509,0.8453235751084233,10,8,"{""rwh"":7,""drainage"":1}"
nanjing_xianlin,26,20520210,10,base,greedy_opportunity,183.18326176415212,215.23383857257977,219.59141167809685,0.8342004833626366,10,10,"{""rwh"":10}"
nanjing_xianlin,26,20520210,10,base,hazard_only,265.4483124411945,317.37537769690243,320.7226558525035,0.827656879229857,10,6,"{""rwh"":4,""drainage"":2}"
nanjing_xianlin,26,20520210,10,base,random_feasible,44.05185843245272,59.00872583207456,59.277576282032896,0.743145404981831,10,6,"{""rwh"":3,""drainage"":1,""restoration"":2}"
nanjing_xianlin,27,20530183,10,base,ourea_robust,323.54869848467933,382.4936695216784,376.9224483702328,0.8583959376356194,10,10,"{""rwh"":10}"
nanjing_xianlin,27,20530183,10,base,deterministic_central,290.86640502251066,348.05961700836633,346.81990007283457,0.8386669996774312,10,8,"{""rwh"":7,""drainage"":1}"
nanjing_xianlin,27,20530183,10,base,greedy_opportunity,170.43846099974326,215.23383857257977,209.12074012689118,0.8150241860100719,10,10,"{""rwh"":10}"
nanjing_xianlin,27,20530183,10,base,hazard_only,262.68909516122585,317.37537769690243,316.6940784617382,0.8294727089220363,10,6,"{""rwh"":4,""drainage"":2}"
nanjing_xianlin,27,20530183,10,base,random_feasible,43.54149074625457,59.00872583207456,58.77752409573077,0.7407847032709081,10,6,"{""rwh"":3,""drainage"":1,""restoration"":2}"
nanjing_xianlin,28,20540156,10,base,ourea_robust,327.2834480771071,382.4936695216784,386.1270895703128,0.8476055084384583,10,10,"{""rwh"":10}"
nanjing_xianlin,28,20540156,10,base,deterministic_central,292.69962153739107,348.05961700836633,348.8776518090144,0.8389749816867696,10,8,"{""rwh"":7,""drainage"":1}"
nanjing_xianlin,28,20540156,10,base,greedy_opportunity,181.30343673037532,215.23383857257977,218.30412766850168,0.8305085142764113,10,10,"{""rwh"":10}"
nanjing_xianlin,28,20540156,10,base,hazard_only,262.0663813036372,317.37537769690243,322.83273002892383,0.8117714126450488,10,6,"{""rwh"":4,""drainage"":2}"
nanjing_xianlin,28,20540156,10,base,random_feasible,44.80674798843211,59.00872583207456,58.37121802263937,0.7676171494494725,10,6,"{""rwh"":3,""drainage"":1,""restoration"":2}"
nanjing_xianlin,29,20550129,10,base,ourea_robust,321.5595051679338,382.4936695216784,375.3525948617462,0.8566865117487039,10,10,"{""rwh"":10}"
nanjing_xianlin,29,20550129,10,base,deterministic_central,293.8996342167193,348.05961700836633,346.0883343125897,0.8492041050747084,10,8,"{""rwh"":7,""drainage"":1}"
nanjing_xianlin,29,20550129,10,base,greedy_opportunity,168.31654583533236,215.23383857257977,208.8047126592519,0.8060955315218765,10,10,"{""rwh"":10}"
nanjing_xianlin,29,20550129,10,base,hazard_only,259.4577972673451,317.37537769690243,306.40920932916197,0.8467689265456149,10,6,"{""rwh"":4,""drainage"":2}"
nanjing_xianlin,29,20550129,10,base,random_feasible,45.078460465078024,59.00872583207456,59.74883897097061,0.7544658815375427,10,6,"{""rwh"":3,""drainage"":1,""restoration"":2}"
nanjing_xianlin,30,20560102,10,base,ourea_robust,325.5053168121067,382.4936695216784,388.49222448894216,0.8378682925772989,10,10,"{""rwh"":10}"
nanjing_xianlin,30,20560102,10,base,deterministic_central,296.805326486523,348.05961700836633,349.61366354894926,0.8489523077377306,10,8,"{""rwh"":7,""drainage"":1}"
nanjing_xianlin,30,20560102,10,base,greedy_opportunity,183.38927957141823,215.23383857257977,218.57802961073685,0.8390105807889939,10,10,"{""rwh"":10}"
nanjing_xianlin,30,20560102,10,base,hazard_only,268.47705788872554,317.37537769690243,318.2746951266381,0.8435388109692521,10,6,"{""rwh"":4,""drainage"":2}"
nanjing_xianlin,30,20560102,10,base,random_feasible,44.28881618013838,59.00872583207456,59.82704470162753,0.7402808612897029,10,6,"{""rwh"":3,""drainage"":1,""restoration"":2}"
nanjing_xianlin,31,20570075,10,base,ourea_robust,323.0415417896784,382.4936695216784,376.88964892692275,0.8571250038557432,10,10,"{""rwh"":10}"
nanjing_xianlin,31,20570075,10,base,deterministic_central,288.1373751917981,348.05961700836633,347.5627854566519,0.8290225169338064,10,8,"{""rwh"":7,""drainage"":1}"
nanjing_xianlin,31,20570075,10,base,greedy_opportunity,167.1066688038445,215.23383857257977,207.11124311590902,0.8068449896287084,10,10,"{""rwh"":10}"
nanjing_xianlin,31,20570075,10,base,hazard_only,260.55035470337316,317.37537769690243,312.25556817873075,0.8344137983609559,10,6,"{""rwh"":4,""drainage"":2}"
nanjing_xianlin,31,20570075,10,base,random_feasible,46.06670173110615,59.00872583207456,59.52711374653336,0.7738776304065121,10,6,"{""rwh"":3,""drainage"":1,""restoration"":2}"
nanjing_xianlin,32,20580048,10,base,ourea_robust,329.0291704265728,382.4936695216784,389.3382324850427,0.8450985363714909,10,10,"{""rwh"":10}"
nanjing_xianlin,32,20580048,10,base,deterministic_central,295.84710422697935,348.05961700836633,349.41503389984064,0.8466925447511899,10,8,"{""rwh"":7,""drainage"":1}"
nanjing_xianlin,32,20580048,10,base,greedy_opportunity,182.91181414598577,215.23383857257977,222.3404975450885,0.8226653091342166,10,10,"{""rwh"":10}"
nanjing_xianlin,32,20580048,10,base,hazard_only,270.5088948198427,317.37537769690243,320.9542115741806,0.842827060885354,10,6,"{""rwh"":4,""drainage"":2}"
nanjing_xianlin,32,20580048,10,base,random_feasible,43.66593005465256,59.00872583207456,58.249108759750015,0.7496411702152189,10,6,"{""rwh"":3,""drainage"":1,""restoration"":2}"
nanjing_xianlin,33,20590021,10,base,ourea_robust,321.9851683208253,382.4936695216784,374.0805040158666,0.8607376349855654,10,10,"{""rwh"":10}"
nanjing_xianlin,33,20590021,10,base,deterministic_central,293.6881147500935,348.05961700836633,344.6108060590741,0.8522312985732338,10,8,"{""rwh"":7,""drainage"":1}"
nanjing_xianlin,33,20590021,10,base,greedy_opportunity,170.37407951129535,215.23383857257977,207.3006818632348,0.8218693637664853,10,10,"{""rwh"":10}"
nanjing_xianlin,33,20590021,10,base,hazard_only,261.73804817245764,317.37537769690243,308.8702616609262,0.8474044952239213,10,6,"{""rwh"":4,""drainage"":2}"
nanjing_xianlin,33,20590021,10,base,random_feasible,44.87319253660826,59.00872583207456,58.68109014928086,0.7646959595067813,10,6,"{""rwh"":3,""drainage"":1,""restoration"":2}"
nanjing_xianlin,34,20599994,10,base,ourea_robust,326.5389848641207,382.4936695216784,390.2352309853504,0.8367747423511823,10,10,"{""rwh"":10}"
nanjing_xianlin,34,20599994,10,base,deterministic_central,293.2140562655568,348.05961700836633,347.5891527056938,0.8435650364320294,10,8,"{""rwh"":7,""drainage"":1}"
nanjing_xianlin,34,20599994,10,base,greedy_opportunity,184.62198880769574,215.23383857257977,219.82864413445895,0.839845005343212,10,10,"{""rwh"":10}"
nanjing_xianlin,34,20599994,10,base,hazard_only,266.036646159464,317.37537769690243,316.3943651218069,0.8408387616418012,10,6,"{""rwh"":4,""drainage"":2}"
nanjing_xianlin,34,20599994,10,base,random_feasible,43.33019434508242,59.00872583207456,58.56273306982985,0.7398936503427147,10,6,"{""rwh"":3,""drainage"":1,""restoration"":2}"
nanjing_xianlin,35,20609967,10,base,ourea_robust,317.7672950982869,382.4936695216784,373.59031828908155,0.8505769007975224,10,10,"{""rwh"":10}"
nanjing_xianlin,35,20609967,10,base,deterministic_central,290.818575756326,348.05961700836633,343.7924857017151,0.845913124490595,10,8,"{""rwh"":7,""drainage"":1}"
nanjing_xianlin,35,20609967,10,base,greedy_opportunity,168.26559946038105,215.23383857257977,207.04247978148487,0.8127105106061838,10,10,"{""rwh"":10}"
nanjing_xianlin,35,20609967,10,base,hazard_only,258.23589777343295,317.37537769690243,312.522853316259,0.8262944454564732,10,6,"{""rwh"":4,""drainage"":2}"
nanjing_xianlin,35,20609967,10,base,random_feasible,41.46267962842103,59.00872583207456,57.80394778478694,0.7172984063786269,10,6,"{""rwh"":3,""drainage"":1,""restoration"":2}"
nanjing_xianlin,36,20619940,10,base,ourea_robust,326.13585755403074,382.4936695216784,388.7047443845204,0.8390323562179259,10,10,"{""rwh"":10}"
nanjing_xianlin,36,20619940,10,base,deterministic_central,296.9967766306163,348.05961700836633,351.7308657317699,0.8443864487488743,10,8,"{""rwh"":7,""drainage"":1}"
nanjing_xianlin,36,20619940,10,base,greedy_opportunity,183.36221977416972,215.23383857257977,220.66610773455068,0.8309487200215834,10,10,"{""rwh"":10}"
nanjing_xianlin,36,20619940,10,base,hazard_only,263.73987296429004,317.37537769690243,319.3086885243829,0.8259714891665106,10,6,"{""rwh"":4,""drainage"":2}"
nanjing_xianlin,36,20619940,10,base,random_feasible,43.63100959442636,59.00872583207456,58.78236737514271,0.7422465535621928,10,6,"{""rwh"":3,""drainage"":1,""restoration"":2}"
nanjing_xianlin,37,20629913,10,base,ourea_robust,320.47162987040974,382.4936695216784,372.5789194210065,0.8601442893452687,10,10,"{""rwh"":10}"
nanjing_xianlin,37,20629913,10,base,deterministic_central,287.87270228256966,348.05961700836633,346.71179568256775,0.8302939382718081,10,8,"{""rwh"":7,""drainage"":1}"
nanjing_xianlin,37,20629913,10,base,greedy_opportunity,168.3911727668201,215.23383857257977,207.73487324025336,0.8106061834503311,10,10,"{""rwh"":10}"
nanjing_xianlin,37,20629913,10,base,hazard_only,260.8379720113535,317.37537769690243,307.75349172044116,0.8475548743677455,10,6,"{""rwh"":4,""drainage"":2}"
nanjing_xianlin,37,20629913,10,base,random_feasible,45.0888797790376,59.00872583207456,58.996889492467744,0.7642585934093049,10,6,"{""rwh"":3,""drainage"":1,""restoration"":2}"
nanjing_xianlin,38,20639886,10,base,ourea_robust,322.54936031914804,382.4936695216784,387.61406222846927,0.8321405019847539,10,10,"{""rwh"":10}"
nanjing_xianlin,38,20639886,10,base,deterministic_central,288.96569076577,348.05961700836633,349.17272998650697,0.8275723329738163,10,8,"{""rwh"":7,""drainage"":1}"
nanjing_xianlin,38,20639886,10,base,greedy_opportunity,183.8647712009788,215.23383857257977,220.02610555431602,0.8356498004532904,10,10,"{""rwh"":10}"
nanjing_xianlin,38,20639886,10,base,hazard_only,263.4671247720744,317.37537769690243,313.05574421052734,0.8415981167714813,10,6,"{""rwh"":4,""drainage"":2}"
nanjing_xianlin,38,20639886,10,base,random_feasible,45.00911305648151,59.00872583207456,58.41998206365679,0.7704403778734089,10,6,"{""rwh"":3,""drainage"":1,""restoration"":2}"
nanjing_xianlin,39,20649859,10,base,ourea_robust,315.87591881887965,382.4936695216784,372.1888816028004,0.8486978908627961,10,10,"{""rwh"":10}"
nanjing_xianlin,39,20649859,10,base,deterministic_central,289.33549924356885,348.05961700836633,344.0535998333962,0.8409605345901803,10,8,"{""rwh"":7,""drainage"":1}"
nanjing_xianlin,39,20649859,10,base,greedy_opportunity,166.57877740264666,215.23383857257977,209.17090693378123,0.7963764169908282,10,10,"{""rwh"":10}"
nanjing_xianlin,39,20649859,10,base,hazard_only,258.27308169880416,317.37537769690243,315.9925149578921,0.8173392389791909,10,6,"{""rwh"":4,""drainage"":2}"
nanjing_xianlin,39,20649859,10,base,random_feasible,45.312893336138586,59.00872583207456,59.773817124445486,0.7580726063018507,10,6,"{""rwh"":3,""drainage"":1,""restoration"":2}"
nanjing_xianlin,40,20659832,10,base,ourea_robust,327.23542173081114,382.4936695216784,389.19279588583777,0.8408054444738473,10,10,"{""rwh"":10}"
nanjing_xianlin,40,20659832,10,base,deterministic_central,294.37900801764044,348.05961700836633,351.30550306390796,0.8379572920156856,10,8,"{""rwh"":7,""drainage"":1}"
nanjing_xianlin,40,20659832,10,base,greedy_opportunity,185.92748494625448,215.23383857257977,219.49706132532083,0.8470613858045588,10,10,"{""rwh"":10}"
nanjing_xianlin,40,20659832,10,base,hazard_only,260.9536943373223,317.37537769690243,322.43120948668184,0.8093313756840314,10,6,"{""rwh"":4,""drainage"":2}"
nanjing_xianlin,40,20659832,10,base,random_feasible,44.677573806278815,59.00872583207456,59.163785289589214,0.7551506988201535,10,6,"{""rwh"":3,""drainage"":1,""restoration"":2}"
nanjing_xianlin,41,20669805,10,base,ourea_robust,322.0091613790155,382.4936695216784,372.22921957624567,0.8650829769505956,10,10,"{""rwh"":10}"
nanjing_xianlin,41,20669805,10,base,deterministic_central,291.47504214301443,348.05961700836633,341.8276571606784,0.8526959010985018,10,8,"{""rwh"":7,""drainage"":1}"
nanjing_xianlin,41,20669805,10,base,greedy_opportunity,169.3028951043434,215.23383857257977,207.33330716680575,0.8165735521120793,10,10,"{""rwh"":10}"
nanjing_xianlin,41,20669805,10,base,hazard_only,261.54552745098044,317.37537769690243,308.71078238719565,0.8472186343104177,10,6,"{""rwh"":4,""drainage"":2}"
nanjing_xianlin,41,20669805,10,base,random_feasible,45.06510070276272,59.00872583207456,59.18015033357915,0.7614901356070488,10,6,"{""rwh"":3,""drainage"":1,""restoration"":2}"
nanjing_xianlin,42,20679778,10,base,ourea_robust,329.3354131150336,382.4936695216784,386.99952444318296,0.8509969452517627,10,10,"{""rwh"":10}"
nanjing_xianlin,42,20679778,10,base,deterministic_central,295.1304707242107,348.05961700836633,346.5495763281542,0.851625541866905,10,8,"{""rwh"":7,""drainage"":1}"
nanjing_xianlin,42,20679778,10,base,greedy_opportunity,186.00525768473562,215.23383857257977,220.89018776353987,0.8420711647176102,10,10,"{""rwh"":10}"
nanjing_xianlin,42,20679778,10,base,hazard_only,263.62516971375953,317.37537769690243,316.53619726602665,0.8328436747226129,10,6,"{""rwh"":4,""drainage"":2}"
nanjing_xianlin,42,20679778,10,base,random_feasible,43.60956529948999,59.00872583207456,58.85122955558836,0.7410136649447273,10,6,"{""rwh"":3,""drainage"":1,""restoration"":2}"
nanjing_xianlin,43,20689751,10,base,ourea_robust,319.04991355693346,382.4936695216784,372.72276370552936,0.8559979282859141,10,10,"{""rwh"":10}"
nanjing_xianlin,43,20689751,10,base,deterministic_central,285.8302392261394,348.05961700836633,344.27887886954886,0.8302287963893471,10,8,"{""rwh"":7,""drainage"":1}"
nanjing_xianlin,43,20689751,10,base,greedy_opportunity,168.52886607881737,215.23383857257977,207.39387176892342,0.8126029213948562,10,10,"{""rwh"":10}"
nanjing_xianlin,43,20689751,10,base,hazard_only,255.72375892982382,317.37537769690243,310.5629908175979,0.8234199389199511,10,6,"{""rwh"":4,""drainage"":2}"
nanjing_xianlin,43,20689751,10,base,random_feasible,43.13625418364063,59.00872583207456,57.22350915421339,0.7538204982744315,10,6,"{""rwh"":3,""drainage"":1,""restoration"":2}"
nanjing_xianlin,44,20699724,10,base,ourea_robust,325.0477292687392,382.4936695216784,385.18255806085654,0.8438796681374747,10,10,"{""rwh"":10}"
nanjing_xianlin,44,20699724,10,base,deterministic_central,297.6362754179918,348.05961700836633,350.1372153846223,0.8500560989811986,10,8,"{""rwh"":7,""drainage"":1}"
nanjing_xianlin,44,20699724,10,base,greedy_opportunity,184.98708602625447,215.23383857257977,222.6813025713309,0.8307257227714395,10,10,"{""rwh"":10}"
nanjing_xianlin,44,20699724,10,base,hazard_only,271.1506165506762,317.37537769690243,322.7779460859656,0.8400531072171223,10,6,"{""rwh"":4,""drainage"":2}"
nanjing_xianlin,44,20699724,10,base,random_feasible,41.928174601793216,59.00872583207456,58.87148842642637,0.7121983106337159,10,6,"{""rwh"":3,""drainage"":1,""restoration"":2}"
nanjing_xianlin,45,20709697,10,base,ourea_robust,318.42688798404197,382.4936695216784,374.8883264842225,0.8493913133287261,10,10,"{""rwh"":10}"
nanjing_xianlin,45,20709697,10,base,deterministic_central,289.3619523018315,348.05961700836633,343.66288893877936,0.8419935978405246,10,8,"{""rwh"":7,""drainage"":1}"
nanjing_xianlin,45,20709697,10,base,greedy_opportunity,170.0655246259339,215.23383857257977,208.790013392967,0.8145290182335055,10,10,"{""rwh"":10}"
nanjing_xianlin,45,20709697,10,base,hazard_only,260.2200435283885,317.37537769690243,307.216233612362,0.8470256941458629,10,6,"{""rwh"":4,""drainage"":2}"
nanjing_xianlin,45,20709697,10,base,random_feasible,46.17106396818417,59.00872583207456,58.919319447526505,0.7836319971296356,10,6,"{""rwh"":3,""drainage"":1,""restoration"":2}"
nanjing_xianlin,46,20719670,10,base,ourea_robust,329.36319587885373,382.4936695216784,385.05881134320043,0.8553581587444689,10,10,"{""rwh"":10}"
nanjing_xianlin,46,20719670,10,base,deterministic_central,301.51365683281983,348.05961700836633,349.9597110206887,0.8615667670813545,10,8,"{""rwh"":7,""drainage"":1}"
nanjing_xianlin,46,20719670,10,base,greedy_opportunity,180.90981179901792,215.23383857257977,221.83156443680855,0.8155278184072506,10,10,"{""rwh"":10}"
nanjing_xianlin,46,20719670,10,base,hazard_only,270.40371105552185,317.37537769690243,316.5446882271808,0.854235503271045,10,6,"{""rwh"":4,""drainage"":2}"
nanjing_xianlin,46,20719670,10,base,random_feasible,43.17689305890963,59.00872583207456,59.32118448787514,0.7278494762311211,10,6,"{""rwh"":3,""drainage"":1,""restoration"":2}"
nanjing_xianlin,47,20729643,10,base,ourea_robust,319.12128195218975,382.4936695216784,375.10045474429353,0.8507621836122143,10,10,"{""rwh"":10}"
nanjing_xianlin,47,20729643,10,base,deterministic_central,288.2830788498122,348.05961700836633,344.2513011773881,0.8374204479804241,10,8,"{""rwh"":7,""drainage"":1}"
nanjing_xianlin,47,20729643,10,base,greedy_opportunity,170.89287739738938,215.23383857257977,208.7013843937293,0.8188392132319946,10,10,"{""rwh"":10}"
nanjing_xianlin,47,20729643,10,base,hazard_only,260.4869366015482,317.37537769690243,313.93951181074226,0.8297360695348924,10,6,"{""rwh"":4,""drainage"":2}"
nanjing_xianlin,47,20729643,10,base,random_feasible,45.26363279981706,59.00872583207456,58.692025307931544,0.7712058420601172,10,6,"{""rwh"":3,""drainage"":1,""restoration"":2}"
nanjing_xianlin,48,20739616,10,base,ourea_robust,329.53561633248864,382.4936695216784,381.5817309018421,0.8636042809325645,10,10,"{""rwh"":10}"
nanjing_xianlin,48,20739616,10,base,deterministic_central,297.3931275763771,348.05961700836633,354.53552678265623,0.8388246173103278,10,8,"{""rwh"":7,""drainage"":1}"
nanjing_xianlin,48,20739616,10,base,greedy_opportunity,182.26091225657,215.23383857257977,219.83851041970047,0.8290672635500036,10,10,"{""rwh"":10}"
nanjing_xianlin,48,20739616,10,base,hazard_only,264.3167644305904,317.37537769690243,319.34499444703033,0.8276840690372322,10,6,"{""rwh"":4,""drainage"":2}"
nanjing_xianlin,48,20739616,10,base,random_feasible,45.54053992994341,59.00872583207456,58.73594589616914,0.775343603224642,10,6,"{""rwh"":3,""drainage"":1,""restoration"":2}"
nanjing_xianlin,49,20749589,10,base,ourea_robust,319.75087501323287,382.4936695216784,372.77270689214856,0.8577636428348921,10,10,"{""rwh"":10}"
nanjing_xianlin,49,20749589,10,base,deterministic_central,284.9328107045749,348.05961700836633,345.3469222434287,0.8250625453778649,10,8,"{""rwh"":7,""drainage"":1}"
nanjing_xianlin,49,20749589,10,base,greedy_opportunity,169.01970629603238,215.23383857257977,208.8603982157365,0.8092472663077479,10,10,"{""rwh"":10}"
nanjing_xianlin,49,20749589,10,base,hazard_only,257.07981099866265,317.37537769690243,312.1419497448114,0.8235990427074468,10,6,"{""rwh"":4,""drainage"":2}"
nanjing_xianlin,49,20749589,10,base,random_feasible,44.62426578079976,59.00872583207456,59.9823984107461,0.7439560098151249,10,6,"{""rwh"":3,""drainage"":1,""restoration"":2}"
nanjing_xianlin,50,20759562,10,base,ourea_robust,331.37028714734333,382.4936695216784,383.1238511982865,0.864916882911166,10,10,"{""rwh"":10}"
nanjing_xianlin,50,20759562,10,base,deterministic_central,304.6008129998754,348.05961700836633,347.57235871037665,0.8763666193999381,10,8,"{""rwh"":7,""drainage"":1}"
nanjing_xianlin,50,20759562,10,base,greedy_opportunity,179.70446876005735,215.23383857257977,219.35111561469785,0.819254865681732,10,10,"{""rwh"":10}"
nanjing_xianlin,50,20759562,10,base,hazard_only,267.8829334184793,317.37537769690243,316.3865469789089,0.8466950822543572,10,6,"{""rwh"":4,""drainage"":2}"
nanjing_xianlin,50,20759562,10,base,random_feasible,43.50989857297827,59.00872583207456,57.91251996169558,0.7513038389929593,10,6,"{""rwh"":3,""drainage"":1,""restoration"":2}"
nanjing_xianlin,51,20769535,10,base,ourea_robust,323.8500476529698,382.4936695216784,372.3322312697237,0.8697878412206742,10,10,"{""rwh"":10}"
nanjing_xianlin,51,20769535,10,base,deterministic_central,288.41154125063804,348.05961700836633,345.39341897264967,0.8350232674047452,10,8,"{""rwh"":7,""drainage"":1}"
nanjing_xianlin,51,20769535,10,base,greedy_opportunity,169.73760190998837,215.23383857257977,212.62958145738048,0.7982783992076409,10,10,"{""rwh"":10}"
nanjing_xianlin,51,20769535,10,base,hazard_only,261.37486146874653,317.37537769690243,315.56355121690285,0.8282796300802506,10,6,"{""rwh"":4,""drainage"":2}"
nanjing_xianlin,51,20769535,10,base,random_feasible,42.79558618036572,59.00872583207456,57.6792101983192,0.7419586022974497,10,6,"{""rwh"":3,""drainage"":1,""restoration"":2}"
nanjing_xianlin,52,20779508,10,base,ourea_robust,329.1626809179579,382.4936695216784,381.94487792738073,0.8618067683068699,10,10,"{""rwh"":10}"
nanjing_xianlin,52,20779508,10,base,deterministic_central,292.6135953784069,348.05961700836633,355.1359933707481,0.8239480110170915,10,8,"{""rwh"":7,""drainage"":1}"
nanjing_xianlin,52,20779508,10,base,greedy_opportunity,179.7668573587107,215.23383857257977,220.01682419116332,0.8170595954176616,10,10,"{""rwh"":10}"
nanjing_xianlin,52,20779508,10,base,hazard_only,266.33730939459383,317.37537769690243,315.0160988508087,0.8454720579875218,10,6,"{""rwh"":4,""drainage"":2}"
nanjing_xianlin,52,20779508,10,base,random_feasible,43.78085510800702,59.00872583207456,58.52916052618093,0.7480178207651418,10,6,"{""rwh"":3,""drainage"":1,""restoration"":2}"
nanjing_xianlin,53,20789481,10,base,ourea_robust,322.2940866858953,382.4936695216784,377.13931536053315,0.8545756794880758,10,10,"{""rwh"":10}"
nanjing_xianlin,53,20789481,10,base,deterministic_central,287.79163579030137,348.05961700836633,344.9973310639343,0.834185107759481,10,8,"{""rwh"":7,""drainage"":1}"
nanjing_xianlin,53,20789481,10,base,greedy_opportunity,169.16944015623267,215.23383857257977,210.54767089647794,0.8034733390112393,10,10,"{""rwh"":10}"
nanjing_xianlin,53,20789481,10,base,hazard_only,256.31677409549593,317.37537769690243,312.25398215628593,0.8208599048937255,10,6,"{""rwh"":4,""drainage"":2}"
nanjing_xianlin,53,20789481,10,base,random_feasible,46.014481753994914,59.00872583207456,58.08768795000651,0.7921555045123767,10,6,"{""rwh"":3,""drainage"":1,""restoration"":2}"
nanjing_xianlin,54,20799454,10,base,ourea_robust,328.13764185840955,382.4936695216784,382.3270493887685,0.858264259311518,10,10,"{""rwh"":10}"
nanjing_xianlin,54,20799454,10,base,deterministic_central,300.51753234427815,348.05961700836633,346.87079795141835,0.8663673451876099,10,8,"{""rwh"":7,""drainage"":1}"
nanjing_xianlin,54,20799454,10,base,greedy_opportunity,178.83042611654855,215.23383857257977,218.59160360975147,0.8181029058911705,10,10,"{""rwh"":10}"
nanjing_xianlin,54,20799454,10,base,hazard_only,272.9549513159145,317.37537769690243,317.1959668621985,0.8605246593015355,10,6,"{""rwh"":4,""drainage"":2}"
nanjing_xianlin,54,20799454,10,base,random_feasible,43.324275908484196,59.00872583207456,57.64533348830264,0.7515660555121176,10,6,"{""rwh"":3,""drainage"":1,""restoration"":2}"
nanjing_xianlin,55,20809427,10,base,ourea_robust,321.3802722149194,382.4936695216784,375.36012348488293,0.8561918331419733,10,10,"{""rwh"":10}"
nanjing_xianlin,55,20809427,10,base,deterministic_central,289.42644855376966,348.05961700836633,345.86115828933544,0.8368284255604255,10,8,"{""rwh"":7,""drainage"":1}"
nanjing_xianlin,55,20809427,10,base,greedy_opportunity,169.12746441247145,215.23383857257977,211.07557423916842,0.8012649735626642,10,10,"{""rwh"":10}"
nanjing_xianlin,55,20809427,10,base,hazard_only,263.3662681357546,317.37537769690243,320.61179129111224,0.8214491022777783,10,6,"{""rwh"":4,""drainage"":2}"
nanjing_xianlin,55,20809427,10,base,random_feasible,46.04759106785423,59.00872583207456,58.34763028043017,0.7891938515161706,10,6,"{""rwh"":3,""drainage"":1,""restoration"":2}"
nanjing_xianlin,56,20819400,10,base,ourea_robust,333.7586036829598,382.4936695216784,383.76386863153493,0.8696978297438759,10,10,"{""rwh"":10}"
nanjing_xianlin,56,20819400,10,base,deterministic_central,290.4860088778296,348.05961700836633,356.4505987082466,0.8149404431652848,10,8,"{""rwh"":7,""drainage"":1}"
nanjing_xianlin,56,20819400,10,base,greedy_opportunity,179.61512801729623,215.23383857257977,219.16136250314048,0.8195565402853453,10,10,"{""rwh"":10}"
nanjing_xianlin,56,20819400,10,base,hazard_only,257.1967946251243,317.37537769690243,318.8260799642285,0.8066993598954677,10,6,"{""rwh"":4,""drainage"":2}"
nanjing_xianlin,56,20819400,10,base,random_feasible,43.612945792985556,59.00872583207456,57.99252081228951,0.7520443185105224,10,6,"{""rwh"":3,""drainage"":1,""restoration"":2}"
nanjing_xianlin,57,20829373,10,base,ourea_robust,322.7519418531265,382.4936695216784,374.69135428890513,0.8613808089211185,10,10,"{""rwh"":10}"
nanjing_xianlin,57,20829373,10,base,deterministic_central,287.8141441995449,348.05961700836633,347.33351065626994,0.8286391475896867,10,8,"{""rwh"":7,""drainage"":1}"
nanjing_xianlin,57,20829373,10,base,greedy_opportunity,169.7290387223693,215.23383857257977,210.77251366529345,0.8052712176308665,10,10,"{""rwh"":10}"
nanjing_xianlin,57,20829373,10,base,hazard_only,260.0516611799794,317.37537769690243,311.768080767808,0.8341189403980556,10,6,"{""rwh"":4,""drainage"":2}"
nanjing_xianlin,57,20829373,10,base,random_feasible,44.87446686047042,59.00872583207456,59.32764711253367,0.7563837273936009,10,6,"{""rwh"":3,""drainage"":1,""restoration"":2}"
nanjing_xianlin,58,20839346,10,base,ourea_robust,328.2601122990909,382.4936695216784,383.8960335944994,0.855075550600308,10,10,"{""rwh"":10}"
nanjing_xianlin,58,20839346,10,base,deterministic_central,301.5430025887126,348.05961700836633,344.2990305716503,0.8758171699991472,10,8,"{""rwh"":7,""drainage"":1}"
nanjing_xianlin,58,20839346,10,base,greedy_opportunity,179.70891303521057,215.23383857257977,219.7944028748134,0.8176227905929252,10,10,"{""rwh"":10}"
nanjing_xianlin,58,20839346,10,base,hazard_only,266.6416150001787,317.37537769690243,315.5645066175275,0.8449670650804698,10,6,"{""rwh"":4,""drainage"":2}"
nanjing_xianlin,58,20839346,10,base,random_feasible,44.998412557455595,59.00872583207456,57.94903931293811,0.7765169723427827,10,6,"{""rwh"":3,""drainage"":1,""restoration"":2}"
nanjing_xianlin,59,20849319,10,base,ourea_robust,322.06199977241886,382.4936695216784,376.44546089539654,0.8555342891009402,10,10,"{""rwh"":10}"
nanjing_xianlin,59,20849319,10,base,deterministic_central,289.18570781263224,348.05961700836633,345.74728563794815,0.8364077458454879,10,8,"{""rwh"":7,""drainage"":1}"
nanjing_xianlin,59,20849319,10,base,greedy_opportunity,171.1370070366138,215.23383857257977,209.34032841394583,0.8175061553271787,10,10,"{""rwh"":10}"
nanjing_xianlin,59,20849319,10,base,hazard_only,260.66100536963313,317.37537769690243,314.8018769114551,0.8280160459238612,10,6,"{""rwh"":4,""drainage"":2}"
nanjing_xianlin,59,20849319,10,base,random_feasible,42.629610398795194,59.00872583207456,59.32210658718577,0.7186125519015817,10,6,"{""rwh"":3,""drainage"":1,""restoration"":2}"
nanjing_xianlin,60,20859292,10,base,ourea_robust,330.676378747572,382.4936695216784,387.66907345827167,0.8529862230115854,10,10,"{""rwh"":10}"
nanjing_xianlin,60,20859292,10,base,deterministic_central,293.28771565481657,348.05961700836633,352.7936728948007,0.8313292958127166,10,8,"{""rwh"":7,""drainage"":1}"
nanjing_xianlin,60,20859292,10,base,greedy_opportunity,178.10833064191866,215.23383857257977,222.69648171535118,0.7997806219030226,10,10,"{""rwh"":10}"
nanjing_xianlin,60,20859292,10,base,hazard_only,262.2742201776491,317.37537769690243,320.2172428567137,0.8190508975652129,10,6,"{""rwh"":4,""drainage"":2}"
nanjing_xianlin,60,20859292,10,base,random_feasible,44.478371697914554,59.00872583207456,58.312268824074636,0.7627618097334491,10,6,"{""rwh"":3,""drainage"":1,""restoration"":2}"
nanjing_xianlin,61,20869265,10,base,ourea_robust,320.84319144911933,382.4936695216784,376.50350143221476,0.8521652261629327,10,10,"{""rwh"":10}"
nanjing_xianlin,61,20869265,10,base,deterministic_central,287.20927365680836,348.05961700836633,342.17165392533934,0.8393719069419947,10,8,"{""rwh"":7,""drainage"":1}"
nanjing_xianlin,61,20869265,10,base,greedy_opportunity,170.63531394086021,215.23383857257977,209.992990455341,0.8125762368108619,10,10,"{""rwh"":10}"
nanjing_xianlin,61,20869265,10,base,hazard_only,258.4917386094785,317.37537769690243,312.85634561172265,0.8262314069546968,10,6,"{""rwh"":4,""drainage"":2}"
nanjing_xianlin,61,20869265,10,base,random_feasible,46.03495244667829,59.00872583207456,58.417499615014094,0.7880335986658128,10,6,"{""rwh"":3,""drainage"":1,""restoration"":2}"
nanjing_xianlin,62,20879238,10,base,ourea_robust,337.5344329722848,382.4936695216784,384.1863206495909,0.8785696284073152,10,10,"{""rwh"":10}"
nanjing_xianlin,62,20879238,10,base,deterministic_central,300.20378135749525,348.05961700836633,345.9873388669039,0.8676727372182227,10,8,"{""rwh"":7,""drainage"":1}"
nanjing_xianlin,62,20879238,10,base,greedy_opportunity,178.41160404207403,215.23383857257977,220.0752090930091,0.8106846962788661,10,10,"{""rwh"":10}"
nanjing_xianlin,62,20879238,10,base,hazard_only,265.15338571232496,317.37537769690243,316.95308259945887,0.8365698277413682,10,6,"{""rwh"":4,""drainage"":2}"
nanjing_xianlin,62,20879238,10,base,random_feasible,43.77462252356963,59.00872583207456,57.76912359430389,0.757751196486662,10,6,"{""rwh"":3,""drainage"":1,""restoration"":2}"
nanjing_xianlin,63,20889211,10,base,ourea_robust,320.2792851261256,382.4936695216784,374.74349520725445,0.8546626938754279,10,10,"{""rwh"":10}"
nanjing_xianlin,63,20889211,10,base,deterministic_central,287.87871646274834,348.05961700836633,343.3615764001079,0.8384127294642101,10,8,"{""rwh"":7,""drainage"":1}"
nanjing_xianlin,63,20889211,10,base,greedy_opportunity,171.83789094685199,215.23383857257977,208.54691781016663,0.8239771306678833,10,10,"{""rwh"":10}"
nanjing_xianlin,63,20889211,10,base,hazard_only,258.7123163144606,317.37537769690243,313.6908567821538,0.8247365542251885,10,6,"{""rwh"":4,""drainage"":2}"
nanjing_xianlin,63,20889211,10,base,random_feasible,45.455970759860065,59.00872583207456,59.4178168436265,0.7650225668756785,10,6,"{""rwh"":3,""drainage"":1,""restoration"":2}"
nanjing_xianlin,64,20899184,10,base,ourea_robust,331.4860333217821,382.4936695216784,389.041804278364,0.8520576186835693,10,10,"{""rwh"":10}"
nanjing_xianlin,64,20899184,10,base,deterministic_central,294.10875304289766,348.05961700836633,353.59778385332356,0.8317607362745728,10,8,"{""rwh"":7,""drainage"":1}"
nanjing_xianlin,64,20899184,10,base,greedy_opportunity,180.02920461135727,215.23383857257977,222.024660361345,0.8108522914452829,10,10,"{""rwh"":10}"
nanjing_xianlin,64,20899184,10,base,hazard_only,260.0202188265357,317.37537769690243,318.66385784690283,0.815970221986889,10,6,"{""rwh"":4,""drainage"":2}"
nanjing_xianlin,64,20899184,10,base,random_feasible,43.7355731064672,59.00872583207456,59.85312437836001,0.7307149553295478,10,6,"{""rwh"":3,""drainage"":1,""restoration"":2}"
nanjing_xianlin,65,20909157,10,base,ourea_robust,316.3461159007675,382.4936695216784,371.65121885980625,0.8511908473522297,10,10,"{""rwh"":10}"
nanjing_xianlin,65,20909157,10,base,deterministic_central,286.0967603884019,348.05961700836633,339.22244716789646,0.8433898251043502,10,8,"{""rwh"":7,""drainage"":1}"
nanjing_xianlin,65,20909157,10,base,greedy_opportunity,172.15915473450332,215.23383857257977,208.64359325136502,0.8251351122346384,10,10,"{""rwh"":10}"
nanjing_xianlin,65,20909157,10,base,hazard_only,260.6244570287272,317.37537769690243,313.5938704042146,0.8310891303225691,10,6,"{""rwh"":4,""drainage"":2}"
nanjing_xianlin,65,20909157,10,base,random_feasible,43.253695043071275,59.00872583207456,59.62199467078608,0.7254654139282758,10,6,"{""rwh"":3,""drainage"":1,""restoration"":2}"
nanjing_xianlin,66,20919130,10,base,ourea_robust,332.87133962808366,382.4936695216784,388.9159945850024,0.8558952171233742,10,10,"{""rwh"":10}"
nanjing_xianlin,66,20919130,10,base,deterministic_central,300.12971639587704,348.05961700836633,347.2156363620852,0.8643899783444494,10,8,"{""rwh"":7,""drainage"":1}"
nanjing_xianlin,66,20919130,10,base,greedy_opportunity,181.6743228095329,215.23383857257977,223.09558105778706,0.8143340264658803,10,10,"{""rwh"":10}"
nanjing_xianlin,66,20919130,10,base,hazard_only,263.6810271335944,317.37537769690243,318.7774885913168,0.8271632614297998,10,6,"{""rwh"":4,""drainage"":2}"
nanjing_xianlin,66,20919130,10,base,random_feasible,44.16861445070208,59.00872583207456,57.97515230903991,0.7618542201538121,10,6,"{""rwh"":3,""drainage"":1,""restoration"":2}"
nanjing_xianlin,67,20929103,10,base,ourea_robust,316.9089387945787,382.4936695216784,377.21013562895314,0.8401389805344723,10,10,"{""rwh"":10}"
nanjing_xianlin,67,20929103,10,base,deterministic_central,286.96457354913946,348.05961700836633,344.688886676724,0.8325321315574561,10,8,"{""rwh"":7,""drainage"":1}"
nanjing_xianlin,67,20929103,10,base,greedy_opportunity,175.11569311636777,215.23383857257977,210.6326591009347,0.8313795869255618,10,10,"{""rwh"":10}"
nanjing_xianlin,67,20929103,10,base,hazard_only,258.2539166294082,317.37537769690243,312.7796809744832,0.8256735726080516,10,6,"{""rwh"":4,""drainage"":2}"
nanjing_xianlin,67,20929103,10,base,random_feasible,43.01181384726442,59.00872583207456,58.592510155869604,0.7340838228784373,10,6,"{""rwh"":3,""drainage"":1,""restoration"":2}"
nanjing_xianlin,68,20939076,10,base,ourea_robust,337.09272376350054,382.4936695216784,389.56059659458697,0.8653152467427567,10,10,"{""rwh"":10}"
nanjing_xianlin,68,20939076,10,base,deterministic_central,290.78111188972434,348.05961700836633,354.65083600764774,0.819908152940189,10,8,"{""rwh"":7,""drainage"":1}"
nanjing_xianlin,68,20939076,10,base,greedy_opportunity,180.27846119043534,215.23383857257977,222.84603288553626,0.8089821427650653,10,10,"{""rwh"":10}"
nanjing_xianlin,68,20939076,10,base,hazard_only,256.9575545266907,317.37537769690243,323.1942496121155,0.7950560841818214,10,6,"{""rwh"":4,""drainage"":2}"
nanjing_xianlin,68,20939076,10,base,random_feasible,43.83549418097391,59.00872583207456,58.10454744897106,0.7544245004140406,10,6,"{""rwh"":3,""drainage"":1,""restoration"":2}"
nanjing_xianlin,69,20949049,10,base,ourea_robust,321.71372158039776,382.4936695216784,377.84074682793835,0.8514532227698042,10,10,"{""rwh"":10}"
nanjing_xianlin,69,20949049,10,base,deterministic_central,289.1579801292173,348.05961700836633,339.8315330041696,0.8508862540595061,10,8,"{""rwh"":7,""drainage"":1}"
nanjing_xianlin,69,20949049,10,base,greedy_opportunity,177.46648240613285,215.23383857257977,211.79107568328254,0.8379318242451372,10,10,"{""rwh"":10}"
nanjing_xianlin,69,20949049,10,base,hazard_only,261.9575144830287,317.37537769690243,310.3894079789552,0.8439640907488369,10,6,"{""rwh"":4,""drainage"":2}"
nanjing_xianlin,69,20949049,10,base,random_feasible,46.74769811307124,59.00872583207456,59.10917867331955,0.7908703717815659,10,6,"{""rwh"":3,""drainage"":1,""restoration"":2}"
nanjing_xianlin,70,20959022,10,base,ourea_robust,337.66544216311195,382.4936695216784,390.9843714549261,0.8636290010943292,10,10,"{""rwh"":10}"
nanjing_xianlin,70,20959022,10,base,deterministic_central,300.2822267004394,348.05961700836633,348.23103892744984,0.8623074715720558,10,8,"{""rwh"":7,""drainage"":1}"
nanjing_xianlin,70,20959022,10,base,greedy_opportunity,177.28052161775304,215.23383857257977,223.69001569603097,0.7925276461988223,10,10,"{""rwh"":10}"
nanjing_xianlin,70,20959022,10,base,hazard_only,266.95098533123564,317.37537769690243,319.41796552629603,0.835741924820628,10,6,"{""rwh"":4,""drainage"":2}"
nanjing_xianlin,70,20959022,10,base,random_feasible,46.1701241971532,59.00872583207456,58.74352065003768,0.7859611355643796,10,6,"{""rwh"":3,""drainage"":1,""restoration"":2}"
nanjing_xianlin,71,20968995,10,base,ourea_robust,320.9975982814285,382.4936695216784,376.1483895398396,0.8533802276120875,10,10,"{""rwh"":10}"
nanjing_xianlin,71,20968995,10,base,deterministic_central,288.7624050925606,348.05961700836633,345.6744565428726,0.8353593956015856,10,8,"{""rwh"":7,""drainage"":1}"
nanjing_xianlin,71,20968995,10,base,greedy_opportunity,177.74898801384734,215.23383857257977,212.43709592992855,0.8367135091720378,10,10,"{""rwh"":10}"
nanjing_xianlin,71,20968995,10,base,hazard_only,254.71023029427306,317.37537769690243,314.0419731258644,0.8110706596286356,10,6,"{""rwh"":4,""drainage"":2}"
nanjing_xianlin,71,20968995,10,base,random_feasible,45.494125565357535,59.00872583207456,59.58094330918175,0.7635684002060209,10,6,"{""rwh"":3,""drainage"":1,""restoration"":2}"
nanjing_xianlin,72,20978968,10,base,ourea_robust,336.94615219286425,382.4936695216784,388.2835268649869,0.867783794263377,10,10,"{""rwh"":10}"
nanjing_xianlin,72,20978968,10,base,deterministic_central,295.7187063198726,348.05961700836633,352.53504299417,0.838834924914863,10,8,"{""rwh"":7,""drainage"":1}"
nanjing_xianlin,72,20978968,10,base,greedy_opportunity,180.64401655172333,215.23383857257977,222.49390908355417,0.8119054462919488,10,10,"{""rwh"":10}"
nanjing_xianlin,72,20978968,10,base,hazard_only,261.94787175664715,317.37537769690243,319.0761005157219,0.8209573557319443,10,6,"{""rwh"":4,""drainage"":2}"
nanjing_xianlin,72,20978968,10,base,random_feasible,44.28772051708438,59.00872583207456,57.03895299690339,0.7764469400321695,10,6,"{""rwh"":3,""drainage"":1,""restoration"":2}"
nanjing_xianlin,73,20988941,10,base,ourea_robust,323.07714702529665,382.4936695216784,377.22153875595177,0.8564652699598776,10,10,"{""rwh"":10}"
nanjing_xianlin,73,20988941,10,base,deterministic_central,289.59030980774514,348.05961700836633,337.68416311674264,0.8575774094197877,10,8,"{""rwh"":7,""drainage"":1}"
nanjing_xianlin,73,20988941,10,base,greedy_opportunity,178.71313828371058,215.23383857257977,211.141429705438,0.8464143609003316,10,10,"{""rwh"":10}"
nanjing_xianlin,73,20988941,10,base,hazard_only,260.4610488664839,317.37537769690243,308.4826695823849,0.8443295995171745,10,6,"{""rwh"":4,""drainage"":2}"
nanjing_xianlin,73,20988941,10,base,random_feasible,45.11331661193617,59.00872583207456,59.751179945604235,0.7550196774859683,10,6,"{""rwh"":3,""drainage"":1,""restoration"":2}"
nanjing_xianlin,74,20998914,10,base,ourea_robust,331.72303894925426,382.4936695216784,391.3484708826163,0.8476410759983614,10,10,"{""rwh"":10}"
nanjing_xianlin,74,20998914,10,base,deterministic_central,303.4542748763979,348.05961700836633,349.0462892154392,0.8693811802396763,10,8,"{""rwh"":7,""drainage"":1}"
nanjing_xianlin,74,20998914,10,base,greedy_opportunity,177.007094014627,215.23383857257977,220.80788381977982,0.8016339405666222,10,10,"{""rwh"":10}"
nanjing_xianlin,74,20998914,10,base,hazard_only,267.5405916877389,317.37537769690243,318.18002949772927,0.8408465864751837,10,6,"{""rwh"":4,""drainage"":2}"
nanjing_xianlin,74,20998914,10,base,random_feasible,44.64484647022255,59.00872583207456,58.95164987241151,0.7573129262174504,10,6,"{""rwh"":3,""drainage"":1,""restoration"":2}"
nanjing_xianlin,75,21008887,10,base,ourea_robust,320.9890813943766,382.4936695216784,376.49544040889486,0.8525709661869072,10,10,"{""rwh"":10}"
nanjing_xianlin,75,21008887,10,base,deterministic_central,283.3569218004195,348.05961700836633,342.61929324252014,0.827031423475174,10,8,"{""rwh"":7,""drainage"":1}"
nanjing_xianlin,75,21008887,10,base,greedy_opportunity,178.29451685686945,215.23383857257977,212.0114957126807,0.8409662705200444,10,10,"{""rwh"":10}"
nanjing_xianlin,75,21008887,10,base,hazard_only,254.2570314260065,317.37537769690243,314.36250443492645,0.8088020289920999,10,6,"{""rwh"":4,""drainage"":2}"
nanjing_xianlin,75,21008887,10,base,random_feasible,44.14482555754876,59.00872583207456,58.906856910527495,0.7494004581605753,10,6,"{""rwh"":3,""drainage"":1,""restoration"":2}"
nanjing_xianlin,76,21018860,10,base,ourea_robust,333.57952568553264,382.4936695216784,390.416706158072,0.8544191896093527,10,10,"{""rwh"":10}"
nanjing_xianlin,76,21018860,10,base,deterministic_central,296.4636509192751,348.05961700836633,352.7660945996904,0.840397236179101,10,8,"{""rwh"":7,""drainage"":1}"
nanjing_xianlin,76,21018860,10,base,greedy_opportunity,177.03257084604047,215.23383857257977,224.02890015691628,0.7902220236855235,10,10,"{""rwh"":10}"
nanjing_xianlin,76,21018860,10,base,hazard_only,264.84768937596345,317.37537769690243,319.995539589494,0.8276605658807716,10,6,"{""rwh"":4,""drainage"":2}"
nanjing_xianlin,76,21018860,10,base,random_feasible,41.64452488234929,59.00872583207456,58.52809688723755,0.71153048018259,10,6,"{""rwh"":3,""drainage"":1,""restoration"":2}"
nanjing_xianlin,77,21028833,10,base,ourea_robust,323.71779458528545,382.4936695216784,377.134220590051,0.8583622936120937,10,10,"{""rwh"":10}"
nanjing_xianlin,77,21028833,10,base,deterministic_central,290.0222509450887,348.05961700836633,341.8875407398773,0.8482972217046951,10,8,"{""rwh"":7,""drainage"":1}"
nanjing_xianlin,77,21028833,10,base,greedy_opportunity,178.32396684800187,215.23383857257977,212.83505246742243,0.8378505550691515,10,10,"{""rwh"":10}"
nanjing_xianlin,77,21028833,10,base,hazard_only,262.562213619869,317.37537769690243,313.58614042842964,0.8372889607338819,10,6,"{""rwh"":4,""drainage"":2}"
nanjing_xianlin,77,21028833,10,base,random_feasible,45.780394362715015,59.00872583207456,59.42647119453068,0.7703703996297263,10,6,"{""rwh"":3,""drainage"":1,""restoration"":2}"
nanjing_xianlin,78,21038806,10,base,ourea_robust,329.52591082627987,382.4936695216784,394.15179574192734,0.8360380807247125,10,10,"{""rwh"":10}"
nanjing_xianlin,78,21038806,10,base,deterministic_central,294.38166096745044,348.05961700836633,348.32719266564527,0.8451297147220532,10,8,"{""rwh"":7,""drainage"":1}"
nanjing_xianlin,78,21038806,10,base,greedy_opportunity,178.77411796437082,215.23383857257977,223.545836073612,0.7997201876106599,10,10,"{""rwh"":10}"
nanjing_xianlin,78,21038806,10,base,hazard_only,263.0072903074524,317.37537769690243,318.0472650555621,0.8269440400989007,10,6,"{""rwh"":4,""drainage"":2}"
nanjing_xianlin,78,21038806,10,base,random_feasible,44.69067117016675,59.00872583207456,58.440445283393274,0.7647216059605603,10,6,"{""rwh"":3,""drainage"":1,""restoration"":2}"
nanjing_xianlin,79,21048779,10,base,ourea_robust,321.3522651963267,382.4936695216784,377.877763564773,0.8504132716484729,10,10,"{""rwh"":10}"
nanjing_xianlin,79,21048779,10,base,deterministic_central,286.4966419283628,348.05961700836633,342.9357351150029,0.8354237036052444,10,8,"{""rwh"":7,""drainage"":1}"
nanjing_xianlin,79,21048779,10,base,greedy_opportunity,177.0827983985091,215.23383857257977,213.1585269335228,0.8307563433938322,10,10,"{""rwh"":10}"
nanjing_xianlin,79,21048779,10,base,hazard_only,254.4567339697387,317.37537769690243,313.01915609536445,0.8129110599615057,10,6,"{""rwh"":4,""drainage"":2}"
nanjing_xianlin,79,21048779,10,base,random_feasible,45.8597891223053,59.00872583207456,59.4809546513261,0.7709995475212649,10,6,"{""rwh"":3,""drainage"":1,""restoration"":2}"
nanjing_xianlin,80,21058752,10,base,ourea_robust,328.4885762858212,382.4936695216784,388.7913220627797,0.8448968833537359,10,10,"{""rwh"":10}"
nanjing_xianlin,80,21058752,10,base,deterministic_central,296.6531168213696,348.05961700836633,352.19167935795485,0.842305864131055,10,8,"{""rwh"":7,""drainage"":1}"
nanjing_xianlin,80,21058752,10,base,greedy_opportunity,178.00954072472814,215.23383857257977,219.54992540953936,0.8107929911279929,10,10,"{""rwh"":10}"
nanjing_xianlin,80,21058752,10,base,hazard_only,266.0326953781605,317.37537769690243,316.69866008776444,0.8400183799465295,10,6,"{""rwh"":4,""drainage"":2}"
nanjing_xianlin,80,21058752,10,base,random_feasible,43.991268201767525,59.00872583207456,59.642731168321916,0.73757970736814,10,6,"{""rwh"":3,""drainage"":1,""restoration"":2}"
nanjing_xianlin,81,21068725,10,base,ourea_robust,323.4297939781627,382.4936695216784,377.64943153224704,0.8564286530656288,10,10,"{""rwh"":10}"
nanjing_xianlin,81,21068725,10,base,deterministic_central,290.14425297249545,348.05961700836633,344.27854356191165,0.8427601963533891,10,8,"{""rwh"":7,""drainage"":1}"
nanjing_xianlin,81,21068725,10,base,greedy_opportunity,176.42420969705927,215.23383857257977,212.73587835024773,0.8293110267305027,10,10,"{""rwh"":10}"
nanjing_xianlin,81,21068725,10,base,hazard_only,261.5327172244906,317.37537769690243,312.25451593838443,0.8375626416115549,10,6,"{""rwh"":4,""drainage"":2}"
nanjing_xianlin,81,21068725,10,base,random_feasible,44.10476706844929,59.00872583207456,60.16854915712065,0.7330202852868641,10,6,"{""rwh"":3,""drainage"":1,""restoration"":2}"
nanjing_xianlin,82,21078698,10,base,ourea_robust,330.70094945149685,382.4936695216784,391.3191007766545,0.8450927869228763,10,10,"{""rwh"":10}"
nanjing_xianlin,82,21078698,10,base,deterministic_central,297.8311921130826,348.05961700836633,348.42944587005877,0.8547819239828369,10,8,"{""rwh"":7,""drainage"":1}"
nanjing_xianlin,82,21078698,10,base,greedy_opportunity,174.62075890641609,215.23383857257977,222.26356752012907,0.7856472423920836,10,10,"{""rwh"":10}"
nanjing_xianlin,82,21078698,10,base,hazard_only,265.8216281285622,317.37537769690243,319.47562238229875,0.8320560615747646,10,6,"{""rwh"":4,""drainage"":2}"
nanjing_xianlin,82,21078698,10,base,random_feasible,43.72307666195229,59.00872583207456,58.827127090873546,0.7432468458711372,10,6,"{""rwh"":3,""drainage"":1,""restoration"":2}"
nanjing_xianlin,83,21088671,10,base,ourea_robust,315.66201330519107,382.4936695216784,381.8237102404346,0.8267218740984381,10,10,"{""rwh"":10}"
nanjing_xianlin,83,21088671,10,base,deterministic_central,284.8069056935601,348.05961700836633,345.58210370055895,0.8241367323243697,10,8,"{""rwh"":7,""drainage"":1}"
nanjing_xianlin,83,21088671,10,base,greedy_opportunity,177.30459351196623,215.23383857257977,213.97257693141182,0.8286323231448515,10,10,"{""rwh"":10}"
nanjing_xianlin,83,21088671,10,base,hazard_only,251.10118228038118,317.37537769690243,314.8969040958982,0.7974075928161911,10,6,"{""rwh"":4,""drainage"":2}"
nanjing_xianlin,83,21088671,10,base,random_feasible,44.527360314410544,59.00872583207456,58.933591617271304,0.7555514451517186,10,6,"{""rwh"":3,""drainage"":1,""restoration"":2}"
nanjing_xianlin,84,21098644,10,base,ourea_robust,324.6534700332031,382.4936695216784,387.8638426305715,0.8370294787762046,10,10,"{""rwh"":10}"
nanjing_xianlin,84,21098644,10,base,deterministic_central,298.15620195502015,348.05961700836633,351.82687613457165,0.8474514659902708,10,8,"{""rwh"":7,""drainage"":1}"
nanjing_xianlin,84,21098644,10,base,greedy_opportunity,176.197698014892,215.23383857257977,218.97755168633012,0.8046381771008326,10,10,"{""rwh"":10}"
nanjing_xianlin,84,21098644,10,base,hazard_only,260.4391545548715,317.37537769690243,315.89764220080724,0.8244415904482049,10,6,"{""rwh"":4,""drainage"":2}"
nanjing_xianlin,84,21098644,10,base,random_feasible,44.4703700022128,59.00872583207456,57.736420945237114,0.7702308053419672,10,6,"{""rwh"":3,""drainage"":1,""restoration"":2}"
nanjing_xianlin,85,21108617,10,base,ourea_robust,323.7755497953276,382.4936695216784,378.6259947997405,0.85513291280113,10,10,"{""rwh"":10}"
nanjing_xianlin,85,21108617,10,base,deterministic_central,291.1507020592926,348.05961700836633,340.5825233033611,0.854860957736111,10,8,"{""rwh"":7,""drainage"":1}"
nanjing_xianlin,85,21108617,10,base,greedy_opportunity,181.54600583790852,215.23383857257977,215.42584096183418,0.8427308675103282,10,10,"{""rwh"":10}"
nanjing_xianlin,85,21108617,10,base,hazard_only,260.6394008378229,317.37537769690243,314.06367211236466,0.8298935024378503,10,6,"{""rwh"":4,""drainage"":2}"
nanjing_xianlin,85,21108617,10,base,random_feasible,45.104875789113066,59.00872583207456,59.38710792024176,0.7595061852429309,10,6,"{""rwh"":3,""drainage"":1,""restoration"":2}"
nanjing_xianlin,86,21118590,10,base,ourea_robust,331.2358895293437,382.4936695216784,389.965953174451,0.8493969456383941,10,10,"{""rwh"":10}"
nanjing_xianlin,86,21118590,10,base,deterministic_central,294.17534513350984,348.05961700836633,352.0485047114653,0.8356102673255562,10,8,"{""rwh"":7,""drainage"":1}"
nanjing_xianlin,86,21118590,10,base,greedy_opportunity,176.1848568821115,215.23383857257977,221.7730651871625,0.7944375784923321,10,10,"{""rwh"":10}"
nanjing_xianlin,86,21118590,10,base,hazard_only,263.8653242557957,317.37537769690243,319.340508856616,0.8262820310537907,10,6,"{""rwh"":4,""drainage"":2}"
nanjing_xianlin,86,21118590,10,base,random_feasible,44.54141170051844,59.00872583207456,60.050700316143775,0.7417300958361033,10,6,"{""rwh"":3,""drainage"":1,""restoration"":2}"
nanjing_xianlin,87,21128563,10,base,ourea_robust,325.4838447637794,382.4936695216784,379.2689556271689,0.8581874153805996,10,10,"{""rwh"":10}"
nanjing_xianlin,87,21128563,10,base,deterministic_central,284.67866483157013,348.05961700836633,342.9221137921886,0.8301554591608691,10,8,"{""rwh"":7,""drainage"":1}"
nanjing_xianlin,87,21128563,10,base,greedy_opportunity,180.60003146129748,215.23383857257977,215.17215504824162,0.8393280785834344,10,10,"{""rwh"":10}"
nanjing_xianlin,87,21128563,10,base,hazard_only,252.5034459517392,317.37537769690243,315.1834432396572,0.8011316944708362,10,6,"{""rwh"":4,""drainage"":2}"
nanjing_xianlin,87,21128563,10,base,random_feasible,45.828554711306424,59.00872583207456,59.88684984808788,0.7652523855831045,10,6,"{""rwh"":3,""drainage"":1,""restoration"":2}"
nanjing_xianlin,88,21138536,10,base,ourea_robust,325.55954873056544,382.4936695216784,389.2692293955188,0.8363351740801973,10,10,"{""rwh"":10}"
nanjing_xianlin,88,21138536,10,base,deterministic_central,299.8919513150813,348.05961700836633,351.5955957554379,0.8529456993644469,10,8,"{""rwh"":7,""drainage"":1}"
nanjing_xianlin,88,21138536,10,base,greedy_opportunity,173.85628442717643,215.23383857257977,215.38233062319887,0.807198454599926,10,10,"{""rwh"":10}"
nanjing_xianlin,88,21138536,10,base,hazard_only,265.0627505026823,317.37537769690243,315.3796783250873,0.8404560240227678,10,6,"{""rwh"":4,""drainage"":2}"
nanjing_xianlin,88,21138536,10,base,random_feasible,44.14729772362807,59.00872583207456,57.846362351274365,0.763181917223106,10,6,"{""rwh"":3,""drainage"":1,""restoration"":2}"
nanjing_xianlin,89,21148509,10,base,ourea_robust,323.1207599338941,382.4936695216784,376.2316589202019,0.8588345830897433,10,10,"{""rwh"":10}"
nanjing_xianlin,89,21148509,10,base,deterministic_central,288.0263120660511,348.05961700836633,342.71575163788293,0.8404233265892684,10,8,"{""rwh"":7,""drainage"":1}"
nanjing_xianlin,89,21148509,10,base,greedy_opportunity,179.02818280670544,215.23383857257977,214.68302970671903,0.8339186523093042,10,10,"{""rwh"":10}"
nanjing_xianlin,89,21148509,10,base,hazard_only,259.27080040522924,317.37537769690243,313.21550174211916,0.8277712915329957,10,6,"{""rwh"":4,""drainage"":2}"
nanjing_xianlin,89,21148509,10,base,random_feasible,43.34590911334453,59.00872583207456,58.69606478260175,0.7384806677225967,10,6,"{""rwh"":3,""drainage"":1,""restoration"":2}"
nanjing_xianlin,90,21158482,10,base,ourea_robust,327.359502491021,382.4936695216784,389.1800765955577,0.8411517499936625,10,10,"{""rwh"":10}"
nanjing_xianlin,90,21158482,10,base,deterministic_central,294.3623681519148,348.05961700836633,350.57969819312893,0.8396446504719024,10,8,"{""rwh"":7,""drainage"":1}"
nanjing_xianlin,90,21158482,10,base,greedy_opportunity,172.0202321266006,215.23383857257977,216.0889881105486,0.7960620003394021,10,10,"{""rwh"":10}"
nanjing_xianlin,90,21158482,10,base,hazard_only,266.10764128363553,317.37537769690243,320.3827422116992,0.8305929322116846,10,6,"{""rwh"":4,""drainage"":2}"
nanjing_xianlin,90,21158482,10,base,random_feasible,45.31322992830792,59.00872583207456,58.601315397063445,0.7732459522671158,10,6,"{""rwh"":3,""drainage"":1,""restoration"":2}"
nanjing_xianlin,91,21168455,10,base,ourea_robust,325.6961460554812,382.4936695216784,378.22849589347607,0.8611094869679253,10,10,"{""rwh"":10}"
nanjing_xianlin,91,21168455,10,base,deterministic_central,287.309031256309,348.05961700836633,346.3323496201883,0.8295760750371477,10,8,"{""rwh"":7,""drainage"":1}"
nanjing_xianlin,91,21168455,10,base,greedy_opportunity,177.7301061965427,215.23383857257977,215.60261351527515,0.8243411492038837,10,10,"{""rwh"":10}"
nanjing_xianlin,91,21168455,10,base,hazard_only,260.30987344693676,317.37537769690243,316.6542404772972,0.8220634375670074,10,6,"{""rwh"":4,""drainage"":2}"
nanjing_xianlin,91,21168455,10,base,random_feasible,43.62171649668562,59.00872583207456,59.225681716528925,0.736533801425396,10,6,"{""rwh"":3,""drainage"":1,""restoration"":2}"
nanjing_xianlin,92,21178428,10,base,ourea_robust,327.25065997878846,382.4936695216784,392.6629486860311,0.8334136466755218,10,10,"{""rwh"":10}"
nanjing_xianlin,92,21178428,10,base,deterministic_central,300.5824115096202,348.05961700836633,356.3834370026707,0.8434241895123978,10,8,"{""rwh"":7,""drainage"":1}"
nanjing_xianlin,92,21178428,10,base,greedy_opportunity,171.50995737434096,215.23383857257977,216.17335870689203,0.7933908155948585,10,10,"{""rwh"":10}"
nanjing_xianlin,92,21178428,10,base,hazard_only,266.1669900281904,317.37537769690243,321.1102634102299,0.8288959287737014,10,6,"{""rwh"":4,""drainage"":2}"
nanjing_xianlin,92,21178428,10,base,random_feasible,42.14182572878235,59.00872583207456,55.83742545044697,0.7547236533350055,10,6,"{""rwh"":3,""drainage"":1,""restoration"":2}"
nanjing_xianlin,93,21188401,10,base,ourea_robust,323.8261676878519,382.4936695216784,376.6327407069293,0.8597929300571137,10,10,"{""rwh"":10}"
nanjing_xianlin,93,21188401,10,base,deterministic_central,289.2101175521839,348.05961700836633,341.35524309596076,0.8472408829264181,10,8,"{""rwh"":7,""drainage"":1}"
nanjing_xianlin,93,21188401,10,base,greedy_opportunity,176.70870445701075,215.23383857257977,215.777340881692,0.8189400413173963,10,10,"{""rwh"":10}"
nanjing_xianlin,93,21188401,10,base,hazard_only,263.66005918876544,317.37537769690243,315.5029664950125,0.8356817120226139,10,6,"{""rwh"":4,""drainage"":2}"
nanjing_xianlin,93,21188401,10,base,random_feasible,43.56174214631574,59.00872583207456,58.48621920453297,0.7448206216574773,10,6,"{""rwh"":3,""drainage"":1,""restoration"":2}"
nanjing_xianlin,94,21198374,10,base,ourea_robust,327.76902464728664,382.4936695216784,391.2635328412598,0.8377193301586487,10,10,"{""rwh"":10}"
nanjing_xianlin,94,21198374,10,base,deterministic_central,293.8260074886348,348.05961700836633,352.3283190776965,0.8339551253154857,10,8,"{""rwh"":7,""drainage"":1}"
nanjing_xianlin,94,21198374,10,base,greedy_opportunity,172.82995814003516,215.23383857257977,215.30350605174135,0.802727095853706,10,10,"{""rwh"":10}"
nanjing_xianlin,94,21198374,10,base,hazard_only,269.24736525866865,317.37537769690243,322.3323010015556,0.8353099097486021,10,6,"{""rwh"":4,""drainage"":2}"
nanjing_xianlin,94,21198374,10,base,random_feasible,43.88849746474625,59.00872583207456,58.14432936059893,0.7548199101680062,10,6,"{""rwh"":3,""drainage"":1,""restoration"":2}"
nanjing_xianlin,95,21208347,10,base,ourea_robust,324.30615888162356,382.4936695216784,376.3164971543338,0.8617909693940952,10,10,"{""rwh"":10}"
nanjing_xianlin,95,21208347,10,base,deterministic_central,287.06921858747955,348.05961700836633,341.11537261580634,0.8415604854924019,10,8,"{""rwh"":7,""drainage"":1}"
nanjing_xianlin,95,21208347,10,base,greedy_opportunity,177.4012471194037,215.23383857257977,214.91540821546369,0.8254468518215775,10,10,"{""rwh"":10}"
nanjing_xianlin,95,21208347,10,base,hazard_only,256.72970621406057,317.37537769690243,311.4743327143424,0.8242403281734008,10,6,"{""rwh"":4,""drainage"":2}"
nanjing_xianlin,95,21208347,10,base,random_feasible,46.196562341516255,59.00872583207456,60.10829368693521,0.7685555438010591,10,6,"{""rwh"":3,""drainage"":1,""restoration"":2}"
nanjing_xianlin,96,21218320,10,base,ourea_robust,328.00562279183396,382.4936695216784,391.4135959624218,0.8380026298915906,10,10,"{""rwh"":10}"
nanjing_xianlin,96,21218320,10,base,deterministic_central,296.80095012856145,348.05961700836633,356.08177245241677,0.8335190764874745,10,8,"{""rwh"":7,""drainage"":1}"
nanjing_xianlin,96,21218320,10,base,greedy_opportunity,172.65455267191282,215.23383857257977,216.22569516747717,0.798492300085721,10,10,"{""rwh"":10}"
nanjing_xianlin,96,21218320,10,base,hazard_only,267.0975979055711,317.37537769690243,318.65488114226173,0.8382033783638382,10,6,"{""rwh"":4,""drainage"":2}"
nanjing_xianlin,96,21218320,10,base,random_feasible,43.388985116054755,59.00872583207456,58.304237669926806,0.744182358779638,10,6,"{""rwh"":3,""drainage"":1,""restoration"":2}"
nanjing_xianlin,97,21228293,10,base,ourea_robust,323.06169276719083,382.4936695216784,379.71189236714963,0.8508074128339842,10,10,"{""rwh"":10}"
nanjing_xianlin,97,21228293,10,base,deterministic_central,291.97970021002584,348.05961700836633,342.5855560484779,0.8522825760018586,10,8,"{""rwh"":7,""drainage"":1}"
nanjing_xianlin,97,21228293,10,base,greedy_opportunity,178.11860164813334,215.23383857257977,215.94757554017633,0.8248233452150749,10,10,"{""rwh"":10}"
nanjing_xianlin,97,21228293,10,base,hazard_only,261.82678929651775,317.37537769690243,320.417224548637,0.8171433032832301,10,6,"{""rwh"":4,""drainage"":2}"
nanjing_xianlin,97,21228293,10,base,random_feasible,43.67953970703638,59.00872583207456,59.04156970027725,0.7398099327096866,10,6,"{""rwh"":3,""drainage"":1,""restoration"":2}"
nanjing_xianlin,98,21238266,10,base,ourea_robust,326.8763371935893,382.4936695216784,387.9484773365475,0.8425766726492967,10,10,"{""rwh"":10}"
nanjing_xianlin,98,21238266,10,base,deterministic_central,299.2782516578518,348.05961700836633,352.60357486573594,0.8487669240784377,10,8,"{""rwh"":7,""drainage"":1}"
nanjing_xianlin,98,21238266,10,base,greedy_opportunity,172.6021548368426,215.23383857257977,215.29932108463072,0.8016846219826,10,10,"{""rwh"":10}"
nanjing_xianlin,98,21238266,10,base,hazard_only,271.9087551709017,317.37537769690243,321.6893260782599,0.8452526494607792,10,6,"{""rwh"":4,""drainage"":2}"
nanjing_xianlin,98,21238266,10,base,random_feasible,44.28579702820207,59.00872583207456,57.926524878523196,0.7645167239200542,10,6,"{""rwh"":3,""drainage"":1,""restoration"":2}"
nanjing_xianlin,99,21248239,10,base,ourea_robust,325.94303614850287,382.4936695216784,376.57750690795,0.8655403739453187,10,10,"{""rwh"":10}"
nanjing_xianlin,99,21248239,10,base,deterministic_central,291.9888121652093,348.05961700836633,345.31247169606286,0.845578529877751,10,8,"{""rwh"":7,""drainage"":1}"
nanjing_xianlin,99,21248239,10,base,greedy_opportunity,180.74025495729438,215.23383857257977,217.13857246429507,0.832372861744839,10,10,"{""rwh"":10}"
nanjing_xianlin,99,21248239,10,base,hazard_only,260.83824429982815,317.37537769690243,311.551791125552,0.8372227402625112,10,6,"{""rwh"":4,""drainage"":2}"
nanjing_xianlin,99,21248239,10,base,random_feasible,44.64712085623978,59.00872583207456,59.21334639674751,0.7540043516049647,10,6,"{""rwh"":3,""drainage"":1,""restoration"":2}"
nanjing_xianlin,100,21258212,10,base,ourea_robust,328.23614991268187,382.4936695216784,390.284865547148,0.8410168543238826,10,10,"{""rwh"":10}"
nanjing_xianlin,100,21258212,10,base,deterministic_central,301.8403962779212,348.05961700836633,352.4728436554651,0.8563507847797883,10,8,"{""rwh"":7,""drainage"":1}"
nanjing_xianlin,100,21258212,10,base,greedy_opportunity,171.23479217012937,215.23383857257977,213.65695387430787,0.8014473157324193,10,10,"{""rwh"":10}"
nanjing_xianlin,100,21258212,10,base,hazard_only,268.5343205903082,317.37537769690243,318.3957822160046,0.843397857601425,10,6,"{""rwh"":4,""drainage"":2}"
nanjing_xianlin,100,21258212,10,base,random_feasible,43.30709989312527,59.00872583207456,56.25974742857943,0.7697706063843021,10,6,"{""rwh"":3,""drainage"":1,""restoration"":2}"
nanjing_xianlin,101,21268185,10,base,ourea_robust,320.37631295422034,382.4936695216784,374.8671763001312,0.8546395449083447,10,10,"{""rwh"":10}"
nanjing_xianlin,101,21268185,10,base,deterministic_central,287.4899264464275,348.05961700836633,338.8022158342628,0.8485479521983511,10,8,"{""rwh"":7,""drainage"":1}"
nanjing_xianlin,101,21268185,10,base,greedy_opportunity,178.51415320451997,215.23383857257977,215.42845426468193,0.8286470504272015,10,10,"{""rwh"":10}"
nanjing_xianlin,101,21268185,10,base,hazard_only,256.31042912577686,317.37537769690243,317.5435808872717,0.8071661483743466,10,6,"{""rwh"":4,""drainage"":2}"
nanjing_xianlin,101,21268185,10,base,random_feasible,43.90497753816089,59.00872583207456,58.677796202162426,0.7482383521510455,10,6,"{""rwh"":3,""drainage"":1,""restoration"":2}"
nanjing_xianlin,102,21278158,10,base,ourea_robust,327.0000971118352,382.4936695216784,390.7591265296833,0.836832910381161,10,10,"{""rwh"":10}"
nanjing_xianlin,102,21278158,10,base,deterministic_central,297.54328558777524,348.05961700836633,350.86247096561783,0.8480339455197319,10,8,"{""rwh"":7,""drainage"":1}"
nanjing_xianlin,102,21278158,10,base,greedy_opportunity,169.15570284650494,215.23383857257977,214.57992169632234,0.7883109543021335,10,10,"{""rwh"":10}"
nanjing_xianlin,102,21278158,10,base,hazard_only,267.1130144532908,317.37537769690243,318.6034679030163,0.8383870276471714,10,6,"{""rwh"":4,""drainage"":2}"
nanjing_xianlin,102,21278158,10,base,random_feasible,43.88969055061898,59.00872583207456,58.686877673708295,0.7478620824682508,10,6,"{""rwh"":3,""drainage"":1,""restoration"":2}"
nanjing_xianlin,103,21288131,10,base,ourea_robust,322.54865711720777,382.4936695216784,378.78163380650767,0.8515424939583388,10,10,"{""rwh"":10}"
nanjing_xianlin,103,21288131,10,base,deterministic_central,282.3354144532568,348.05961700836633,344.28687628164334,0.8200586020080904,10,8,"{""rwh"":7,""drainage"":1}"
nanjing_xianlin,103,21288131,10,base,greedy_opportunity,178.96207623872942,215.23383857257977,218.02908109048258,0.8208174585869109,10,10,"{""rwh"":10}"
nanjing_xianlin,103,21288131,10,base,hazard_only,260.26077629589236,317.37537769690243,315.8752085910219,0.8239354315167668,10,6,"{""rwh"":4,""drainage"":2}"
nanjing_xianlin,103,21288131,10,base,random_feasible,44.58382877043914,59.00872583207456,60.285553593441364,0.7395441546594596,10,6,"{""rwh"":3,""drainage"":1,""restoration"":2}"
nanjing_xianlin,104,21298104,10,base,ourea_robust,327.6293718580109,382.4936695216784,390.144013929008,0.8397652153074622,10,10,"{""rwh"":10}"
nanjing_xianlin,104,21298104,10,base,deterministic_central,300.5794185902978,348.05961700836633,351.77282129558444,0.854470272840464,10,8,"{""rwh"":7,""drainage"":1}"
nanjing_xianlin,104,21298104,10,base,greedy_opportunity,173.99599623013637,215.23383857257977,212.7891386352312,0.8176920934315399,10,10,"{""rwh"":10}"
nanjing_xianlin,104,21298104,10,base,hazard_only,264.70305132629073,317.37537769690243,316.93164902833087,0.835205484014721,10,6,"{""rwh"":4,""drainage"":2}"
nanjing_xianlin,104,21298104,10,base,random_feasible,43.78231589868483,59.00872583207456,58.709892213037165,0.7457400149844338,10,6,"{""rwh"":3,""drainage"":1,""restoration"":2}"
nanjing_xianlin,105,21308077,10,base,ourea_robust,322.93591000868764,382.4936695216784,376.8891433714234,0.8568458807804793,10,10,"{""rwh"":10}"
nanjing_xianlin,105,21308077,10,base,deterministic_central,293.89783095008715,348.05961700836633,343.9341662819843,0.8545176948460729,10,8,"{""rwh"":7,""drainage"":1}"
nanjing_xianlin,105,21308077,10,base,greedy_opportunity,182.61423261452364,215.23383857257977,217.34058984869262,0.8402214825203859,10,10,"{""rwh"":10}"
nanjing_xianlin,105,21308077,10,base,hazard_only,262.6356436808546,317.37537769690243,319.00235100378086,0.8233031601630479,10,6,"{""rwh"":4,""drainage"":2}"
nanjing_xianlin,105,21308077,10,base,random_feasible,43.390511523328314,59.00872583207456,59.04695858221203,0.7348475275473335,10,6,"{""rwh"":3,""drainage"":1,""restoration"":2}"
nanjing_xianlin,106,21318050,10,base,ourea_robust,323.0787311582608,382.4936695216784,388.67505815549885,0.831230932829771,10,10,"{""rwh"":10}"
nanjing_xianlin,106,21318050,10,base,deterministic_central,296.9671425186207,348.05961700836633,354.81182995547533,0.836970803808561,10,8,"{""rwh"":7,""drainage"":1}"
nanjing_xianlin,106,21318050,10,base,greedy_opportunity,170.89813707452777,215.23383857257977,212.69073736499195,0.8035053110058799,10,10,"{""rwh"":10}"
nanjing_xianlin,106,21318050,10,base,hazard_only,266.71802145840775,317.37537769690243,318.7029289474649,0.8368860064739903,10,6,"{""rwh"":4,""drainage"":2}"
nanjing_xianlin,106,21318050,10,base,random_feasible,43.92950325708807,59.00872583207456,59.2505735038485,0.7414190388255857,10,6,"{""rwh"":3,""drainage"":1,""restoration"":2}"
nanjing_xianlin,107,21328023,10,base,ourea_robust,326.91947960710604,382.4936695216784,381.076725358369,0.8578836172680636,10,10,"{""rwh"":10}"
nanjing_xianlin,107,21328023,10,base,deterministic_central,286.77741949683696,348.05961700836633,346.5272025169943,0.8275754902178939,10,8,"{""rwh"":7,""drainage"":1}"
nanjing_xianlin,107,21328023,10,base,greedy_opportunity,182.26035122935536,215.23383857257977,216.7991605027255,0.8406875322151631,10,10,"{""rwh"":10}"
nanjing_xianlin,107,21328023,10,base,hazard_only,263.3373182437863,317.37537769690243,317.28783274342095,0.8299634939255219,10,6,"{""rwh"":4,""drainage"":2}"
nanjing_xianlin,107,21328023,10,base,random_feasible,42.69335562072774,59.00872583207456,57.833940807899126,0.7382058878287014,10,6,"{""rwh"":3,""drainage"":1,""restoration"":2}"
nanjing_xianlin,108,21337996,10,base,ourea_robust,319.6054769400198,382.4936695216784,385.86004403444167,0.8282937865198916,10,10,"{""rwh"":10}"
nanjing_xianlin,108,21337996,10,base,deterministic_central,301.3442370594021,348.05961700836633,354.33665071117866,0.8504461405688147,10,8,"{""rwh"":7,""drainage"":1}"
nanjing_xianlin,108,21337996,10,base,greedy_opportunity,171.00903490191195,215.23383857257977,210.84514610756196,0.8110646038523089,10,10,"{""rwh"":10}"
nanjing_xianlin,108,21337996,10,base,hazard_only,261.1879826679724,317.37537769690243,317.8180674690557,0.8218160306238818,10,6,"{""rwh"":4,""drainage"":2}"
nanjing_xianlin,108,21337996,10,base,random_feasible,42.79304844589569,59.00872583207456,57.60828873980245,0.7428279746197238,10,6,"{""rwh"":3,""drainage"":1,""restoration"":2}"
nanjing_xianlin,109,21347969,10,base,ourea_robust,325.11824841285306,382.4936695216784,378.80635173723203,0.8582703191798088,10,10,"{""rwh"":10}"
nanjing_xianlin,109,21347969,10,base,deterministic_central,291.25494039578916,348.05961700836633,343.2904518880332,0.8484213260052574,10,8,"{""rwh"":7,""drainage"":1}"
nanjing_xianlin,109,21347969,10,base,greedy_opportunity,180.0078731556514,215.23383857257977,218.06111528762267,0.8254927657240538,10,10,"{""rwh"":10}"
nanjing_xianlin,109,21347969,10,base,hazard_only,262.6944650232799,317.37537769690243,320.1314790789511,0.8205830484995635,10,6,"{""rwh"":4,""drainage"":2}"
nanjing_xianlin,109,21347969,10,base,random_feasible,45.313208447660145,59.00872583207456,58.93811621345958,0.7688268875704591,10,6,"{""rwh"":3,""drainage"":1,""restoration"":2}"
nanjing_xianlin,110,21357942,10,base,ourea_robust,323.9928221725004,382.4936695216784,387.6425903877753,0.8358029540778702,10,10,"{""rwh"":10}"
nanjing_xianlin,110,21357942,10,base,deterministic_central,294.3928091175185,348.05961700836633,352.14418140087037,0.8360007765750659,10,8,"{""rwh"":7,""drainage"":1}"
nanjing_xianlin,110,21357942,10,base,greedy_opportunity,171.1176023541011,215.23383857257977,207.4299867365935,0.8249414901202113,10,10,"{""rwh"":10}"
nanjing_xianlin,110,21357942,10,base,hazard_only,267.9991477528529,317.37537769690243,315.46763068829205,0.8495297827169408,10,6,"{""rwh"":4,""drainage"":2}"
nanjing_xianlin,110,21357942,10,base,random_feasible,44.80305266511641,59.00872583207456,57.89708044777035,0.7738395842867031,10,6,"{""rwh"":3,""drainage"":1,""restoration"":2}"
nanjing_xianlin,111,21367915,10,base,ourea_robust,325.81418988515725,382.4936695216784,380.76484025347236,0.8556834965861478,10,10,"{""rwh"":10}"
nanjing_xianlin,111,21367915,10,base,deterministic_central,289.5471758293861,348.05961700836633,346.73759911371417,0.8350613737001386,10,8,"{""rwh"":7,""drainage"":1}"
nanjing_xianlin,111,21367915,10,base,greedy_opportunity,182.01057284167837,215.23383857257977,220.24277353963225,0.826408830203575,10,10,"{""rwh"":10}"
nanjing_xianlin,111,21367915,10,base,hazard_only,263.21205812253174,317.37537769690243,314.7982201423001,0.8361294355589127,10,6,"{""rwh"":4,""drainage"":2}"
nanjing_xianlin,111,21367915,10,base,random_feasible,44.296768979213084,59.00872583207456,60.38622100964858,0.7335575606252177,10,6,"{""rwh"":3,""drainage"":1,""restoration"":2}"
nanjing_xianlin,112,21377888,10,base,ourea_robust,316.5042581251946,382.4936695216784,387.51126327460224,0.816761441849782,10,10,"{""rwh"":10}"
nanjing_xianlin,112,21377888,10,base,deterministic_central,296.2868749676236,348.05961700836633,353.8347012509712,0.8373595747395913,10,8,"{""rwh"":7,""drainage"":1}"
nanjing_xianlin,112,21377888,10,base,greedy_opportunity,170.85640353583221,215.23383857257977,209.73983942865016,0.8146111106085527,10,10,"{""rwh"":10}"
nanjing_xianlin,112,21377888,10,base,hazard_only,261.96665261123417,317.37537769690243,318.7397211442694,0.821882668626235,10,6,"{""rwh"":4,""drainage"":2}"
nanjing_xianlin,112,21377888,10,base,random_feasible,42.79437634613532,59.00872583207456,58.471502325041,0.7318843307333358,10,6,"{""rwh"":3,""drainage"":1,""restoration"":2}"
nanjing_xianlin,113,21387861,10,base,ourea_robust,326.0698973678245,382.4936695216784,382.5072269348493,0.8524542136908763,10,10,"{""rwh"":10}"
nanjing_xianlin,113,21387861,10,base,deterministic_central,293.7450856330652,348.05961700836633,342.4910856094102,0.8576722080529219,10,8,"{""rwh"":7,""drainage"":1}"
nanjing_xianlin,113,21387861,10,base,greedy_opportunity,179.33631361638072,215.23383857257977,218.01661912768395,0.8225809313708802,10,10,"{""rwh"":10}"
nanjing_xianlin,113,21387861,10,base,hazard_only,268.423639767434,317.37537769690243,319.81022896055765,0.8393216209495876,10,6,"{""rwh"":4,""drainage"":2}"
nanjing_xianlin,113,21387861,10,base,random_feasible,45.51472378433937,59.00872583207456,59.73820045304274,0.7619031614471925,10,6,"{""rwh"":3,""drainage"":1,""restoration"":2}"
nanjing_xianlin,114,21397834,10,base,ourea_robust,317.7328094517088,382.4936695216784,385.6000806751217,0.8239957027379544,10,10,"{""rwh"":10}"
nanjing_xianlin,114,21397834,10,base,deterministic_central,292.5216497470901,348.05961700836633,354.814069687287,0.8244364435855155,10,8,"{""rwh"":7,""drainage"":1}"
nanjing_xianlin,114,21397834,10,base,greedy_opportunity,170.82837617752193,215.23383857257977,211.70312714490683,0.8069241984346934,10,10,"{""rwh"":10}"
nanjing_xianlin,114,21397834,10,base,hazard_only,264.8582486211617,317.37537769690243,315.5345425951382,0.8393954159275704,10,6,"{""rwh"":4,""drainage"":2}"
nanjing_xianlin,114,21397834,10,base,random_feasible,42.48410846904335,59.00872583207456,58.63158939679488,0.7245941804771501,10,6,"{""rwh"":3,""drainage"":1,""restoration"":2}"
nanjing_xianlin,115,21407807,10,base,ourea_robust,329.7281084602546,382.4936695216784,380.4274291515194,0.8667306382078146,10,10,"{""rwh"":10}"
nanjing_xianlin,115,21407807,10,base,deterministic_central,290.5111608885509,348.05961700836633,345.69108535543273,0.8403779362428541,10,8,"{""rwh"":7,""drainage"":1}"
nanjing_xianlin,115,21407807,10,base,greedy_opportunity,182.02244974342648,215.23383857257977,218.2723277485038,0.8339236201904398,10,10,"{""rwh"":10}"
nanjing_xianlin,115,21407807,10,base,hazard_only,263.2451839748501,317.37537769690243,318.2487968221194,0.827167884383196,10,6,"{""rwh"":4,""drainage"":2}"
nanjing_xianlin,115,21407807,10,base,random_feasible,42.30512303777323,59.00872583207456,59.1508576344022,0.7152072637602557,10,6,"{""rwh"":3,""drainage"":1,""restoration"":2}"
nanjing_xianlin,116,21417780,10,base,ourea_robust,325.45194323137366,382.4936695216784,384.29113373620567,0.8468890241292378,10,10,"{""rwh"":10}"
nanjing_xianlin,116,21417780,10,base,deterministic_central,299.03083733199674,348.05961700836633,352.1235373008112,0.8492213829958813,10,8,"{""rwh"":7,""drainage"":1}"
nanjing_xianlin,116,21417780,10,base,greedy_opportunity,176.08530596667515,215.23383857257977,211.94526631289227,0.8308055614071725,10,10,"{""rwh"":10}"
nanjing_xianlin,116,21417780,10,base,hazard_only,263.8207348060041,317.37537769690243,318.3202061718257,0.8287904119526632,10,6,"{""rwh"":4,""drainage"":2}"
nanjing_xianlin,116,21417780,10,base,random_feasible,42.83811586979027,59.00872583207456,57.79830968628812,0.7411655479598401,10,6,"{""rwh"":3,""drainage"":1,""restoration"":2}"
nanjing_xianlin,117,21427753,10,base,ourea_robust,327.7234217645164,382.4936695216784,380.2365973760807,0.8618934211647569,10,10,"{""rwh"":10}"
nanjing_xianlin,117,21427753,10,base,deterministic_central,296.1300978360923,348.05961700836633,347.0156782951035,0.8533623013547593,10,8,"{""rwh"":7,""drainage"":1}"
nanjing_xianlin,117,21427753,10,base,greedy_opportunity,181.27629466990038,215.23383857257977,219.42465511681985,0.8261436918900039,10,10,"{""rwh"":10}"
nanjing_xianlin,117,21427753,10,base,hazard_only,268.94931496477693,317.37537769690243,322.61833643363934,0.8336454707995129,10,6,"{""rwh"":4,""drainage"":2}"
nanjing_xianlin,117,21427753,10,base,random_feasible,46.80686561661423,59.00872583207456,59.700385537204056,0.7840295367514026,10,6,"{""rwh"":3,""drainage"":1,""restoration"":2}"
nanjing_xianlin,118,21437726,10,base,ourea_robust,319.2575133047285,382.4936695216784,382.0829355081387,0.8355712428772628,10,10,"{""rwh"":10}"
nanjing_xianlin,118,21437726,10,base,deterministic_central,290.40685708223646,348.05961700836633,347.61823129152435,0.8354189479742548,10,8,"{""rwh"":7,""drainage"":1}"
nanjing_xianlin,118,21437726,10,base,greedy_opportunity,172.91468468989297,215.23383857257977,208.145276843572,0.8307403718790315,10,10,"{""rwh"":10}"
nanjing_xianlin,118,21437726,10,base,hazard_only,264.3897517976711,317.37537769690243,313.11713280187905,0.8443797036330185,10,6,"{""rwh"":4,""drainage"":2}"
nanjing_xianlin,118,21437726,10,base,random_feasible,44.74106986711013,59.00872583207456,58.10455426657063,0.7700096908384867,10,6,"{""rwh"":3,""drainage"":1,""restoration"":2}"
nanjing_xianlin,119,21447699,10,base,ourea_robust,324.81276333299684,382.4936695216784,377.3561190571363,0.8607592322726221,10,10,"{""rwh"":10}"
nanjing_xianlin,119,21447699,10,base,deterministic_central,292.4907311970055,348.05961700836633,344.1128599006206,0.8499848894966509,10,8,"{""rwh"":7,""drainage"":1}"
nanjing_xianlin,119,21447699,10,base,greedy_opportunity,181.92265569286974,215.23383857257977,217.7724249879211,0.835379666194929,10,10,"{""rwh"":10}"
nanjing_xianlin,119,21447699,10,base,hazard_only,264.7499557737701,317.37537769690243,318.16941517922896,0.8321037256979369,10,6,"{""rwh"":4,""drainage"":2}"
nanjing_xianlin,119,21447699,10,base,random_feasible,44.87298900276437,59.00872583207456,59.96255516753445,0.7483501808318531,10,6,"{""rwh"":3,""drainage"":1,""restoration"":2}"
nanjing_xianlin,120,21457672,10,base,ourea_robust,327.5139239948585,382.4936695216784,384.05353856535294,0.8527819460232019,10,10,"{""rwh"":10}"
nanjing_xianlin,120,21457672,10,base,deterministic_central,297.88909150687687,348.05961700836633,350.6826365031793,0.8494549216273393,10,8,"{""rwh"":7,""drainage"":1}"
nanjing_xianlin,120,21457672,10,base,greedy_opportunity,174.10941729562,215.23383857257977,208.79609820178848,0.8338729449213848,10,10,"{""rwh"":10}"
nanjing_xianlin,120,21457672,10,base,hazard_only,257.64186480924764,317.37537769690243,318.6701688848443,0.8084906902671205,10,6,"{""rwh"":4,""drainage"":2}"
nanjing_xianlin,120,21457672,10,base,random_feasible,42.308249248048014,59.00872583207456,58.410692763536645,0.7243237024995411,10,6,"{""rwh"":3,""drainage"":1,""restoration"":2}"
nanjing_xianlin,121,21467645,10,base,ourea_robust,319.47290154802613,382.4936695216784,378.44326525555516,0.8441764747281009,10,10,"{""rwh"":10}"
nanjing_xianlin,121,21467645,10,base,deterministic_central,291.4943550499702,348.05961700836633,346.0359580382028,0.8423816897600822,10,8,"{""rwh"":7,""drainage"":1}"
nanjing_xianlin,121,21467645,10,base,greedy_opportunity,181.9469964765958,215.23383857257977,219.2286797996876,0.829941578094816,10,10,"{""rwh"":10}"
nanjing_xianlin,121,21467645,10,base,hazard_only,261.4911028858787,317.37537769690243,319.5896468059,0.8182089297926884,10,6,"{""rwh"":4,""drainage"":2}"
nanjing_xianlin,121,21467645,10,base,random_feasible,43.85875428330655,59.00872583207456,59.41075863482729,0.7382291573296967,10,6,"{""rwh"":3,""drainage"":1,""restoration"":2}"
nanjing_xianlin,122,21477618,10,base,ourea_robust,322.2508735747615,382.4936695216784,385.72611541688275,0.8354396051884668,10,10,"{""rwh"":10}"
nanjing_xianlin,122,21477618,10,base,deterministic_central,296.0929842164114,348.05961700836633,352.4719318629632,0.8400469865825481,10,8,"{""rwh"":7,""drainage"":1}"
nanjing_xianlin,122,21477618,10,base,greedy_opportunity,172.65964765488206,215.23383857257977,208.4097624837177,0.8284623790997858,10,10,"{""rwh"":10}"
nanjing_xianlin,122,21477618,10,base,hazard_only,261.3021439306176,317.37537769690243,315.23953773045105,0.82890028900514,10,6,"{""rwh"":4,""drainage"":2}"
nanjing_xianlin,122,21477618,10,base,random_feasible,42.887095467778636,59.00872583207456,57.90720354979567,0.7406176233480017,10,6,"{""rwh"":3,""drainage"":1,""restoration"":2}"
nanjing_xianlin,123,21487591,10,base,ourea_robust,332.5893947736986,382.4936695216784,378.8505910084732,0.8778906583948289,10,10,"{""rwh"":10}"
nanjing_xianlin,123,21487591,10,base,deterministic_central,294.3367417753998,348.05961700836633,341.0760471684571,0.8629651487371296,10,8,"{""rwh"":7,""drainage"":1}"
nanjing_xianlin,123,21487591,10,base,greedy_opportunity,182.55511190148536,215.23383857257977,218.4338041305873,0.8357456970915893,10,10,"{""rwh"":10}"
nanjing_xianlin,123,21487591,10,base,hazard_only,260.86387346353695,317.37537769690243,316.0147325762118,0.8254801013133956,10,6,"{""rwh"":4,""drainage"":2}"
nanjing_xianlin,123,21487591,10,base,random_feasible,43.404105787341905,59.00872583207456,59.31977040014863,0.7316971305612665,10,6,"{""rwh"":3,""drainage"":1,""restoration"":2}"
nanjing_xianlin,124,21497564,10,base,ourea_robust,324.8595787866434,382.4936695216784,382.43057799899,0.8494602614843768,10,10,"{""rwh"":10}"
nanjing_xianlin,124,21497564,10,base,deterministic_central,298.03912436291466,348.05961700836633,346.90961505075575,0.8591261568789584,10,8,"{""rwh"":7,""drainage"":1}"
nanjing_xianlin,124,21497564,10,base,greedy_opportunity,172.1136349273238,215.23383857257977,209.97890326758352,0.8196710824229486,10,10,"{""rwh"":10}"
nanjing_xianlin,124,21497564,10,base,hazard_only,257.20427449704766,317.37537769690243,318.452256794988,0.8076698123782796,10,6,"{""rwh"":4,""drainage"":2}"
nanjing_xianlin,124,21497564,10,base,random_feasible,43.22779924659699,59.00872583207456,57.739179130501725,0.7486736025272163,10,6,"{""rwh"":3,""drainage"":1,""restoration"":2}"
nanjing_xianlin,125,21507537,10,base,ourea_robust,330.58925057550186,382.4936695216784,380.5322946702272,0.8687547816723244,10,10,"{""rwh"":10}"
nanjing_xianlin,125,21507537,10,base,deterministic_central,296.1050272556531,348.05961700836633,347.5658625523756,0.8519393276462307,10,8,"{""rwh"":7,""drainage"":1}"
nanjing_xianlin,125,21507537,10,base,greedy_opportunity,183.03769493359687,215.23383857257977,219.99051619730926,0.832025389537386,10,10,"{""rwh"":10}"
nanjing_xianlin,125,21507537,10,base,hazard_only,264.217756303,317.37537769690243,319.66658355663276,0.8265416840362066,10,6,"{""rwh"":4,""drainage"":2}"
nanjing_xianlin,125,21507537,10,base,random_feasible,46.324331677247756,59.00872583207456,58.92662164238391,0.7861358819852697,10,6,"{""rwh"":3,""drainage"":1,""restoration"":2}"
nanjing_xianlin,126,21517510,10,base,ourea_robust,326.79528014090465,382.4936695216784,383.5631511323827,0.8519986322359594,10,10,"{""rwh"":10}"
nanjing_xianlin,126,21517510,10,base,deterministic_central,295.5516512907816,348.05961700836633,353.0015894725002,0.837253032578217,10,8,"{""rwh"":7,""drainage"":1}"
nanjing_xianlin,126,21517510,10,base,greedy_opportunity,173.58308523387313,215.23383857257977,207.76412103157054,0.8354815276671208,10,10,"{""rwh"":10}"
nanjing_xianlin,126,21517510,10,base,hazard_only,263.7373705832397,317.37537769690243,313.9745964993235,0.8399958898706887,10,6,"{""rwh"":4,""drainage"":2}"
nanjing_xianlin,126,21517510,10,base,random_feasible,44.95744561034553,59.00872583207456,59.068678102325066,0.7611046506316841,10,6,"{""rwh"":3,""drainage"":1,""restoration"":2}"
nanjing_xianlin,127,21527483,10,base,ourea_robust,332.31696337759786,382.4936695216784,383.1118855878849,0.8674149142297105,10,10,"{""rwh"":10}"
nanjing_xianlin,127,21527483,10,base,deterministic_central,295.6151263440679,348.05961700836633,345.1460361846166,0.8564928909858466,10,8,"{""rwh"":7,""drainage"":1}"
nanjing_xianlin,127,21527483,10,base,greedy_opportunity,182.0444364897885,215.23383857257977,219.1091934827382,0.8308388780780679,10,10,"{""rwh"":10}"
nanjing_xianlin,127,21527483,10,base,hazard_only,264.09019339013685,317.37537769690243,316.90052890856896,0.8333535898462676,10,6,"{""rwh"":4,""drainage"":2}"
nanjing_xianlin,127,21527483,10,base,random_feasible,45.10239678596008,59.00872583207456,60.339010894167586,0.7474831973143881,10,6,"{""rwh"":3,""drainage"":1,""restoration"":2}"
nanjing_xianlin,128,21537456,10,base,ourea_robust,332.04158300252493,382.4936695216784,384.94887278922397,0.8625602163649715,10,10,"{""rwh"":10}"
nanjing_xianlin,128,21537456,10,base,deterministic_central,299.76643018322466,348.05961700836633,346.74196724608555,0.8645230704666275,10,8,"{""rwh"":7,""drainage"":1}"
nanjing_xianlin,128,21537456,10,base,greedy_opportunity,174.272911968892,215.23383857257977,210.41179030090643,0.8282468949086322,10,10,"{""rwh"":10}"
nanjing_xianlin,128,21537456,10,base,hazard_only,259.50056655828485,317.37537769690243,317.87602254611556,0.816357787793315,10,6,"{""rwh"":4,""drainage"":2}"
nanjing_xianlin,128,21537456,10,base,random_feasible,45.66689622152808,59.00872583207456,59.31449476206035,0.7699112401567355,10,6,"{""rwh"":3,""drainage"":1,""restoration"":2}"
nanjing_xianlin,129,21547429,10,base,ourea_robust,328.13530484183866,382.4936695216784,378.21629567722084,0.8675863747602178,10,10,"{""rwh"":10}"
nanjing_xianlin,129,21547429,10,base,deterministic_central,291.8267873422192,348.05961700836633,348.84022469373303,0.8365628923626304,10,8,"{""rwh"":7,""drainage"":1}"
nanjing_xianlin,129,21547429,10,base,greedy_opportunity,183.96410043541073,215.23383857257977,219.40318027800276,0.83847508592315,10,10,"{""rwh"":10}"
nanjing_xianlin,129,21547429,10,base,hazard_only,256.705681740872,317.37537769690243,319.6892572354918,0.8029850110095368,10,6,"{""rwh"":4,""drainage"":2}"
nanjing_xianlin,129,21547429,10,base,random_feasible,44.22702614702939,59.00872583207456,59.59961702819237,0.7420689654114507,10,6,"{""rwh"":3,""drainage"":1,""restoration"":2}"
nanjing_xianlin,130,21557402,10,base,ourea_robust,326.93825559005563,382.4936695216784,383.56644355219396,0.852364071690665,10,10,"{""rwh"":10}"
nanjing_xianlin,130,21557402,10,base,deterministic_central,291.0716521704817,348.05961700836633,350.24798736171215,0.8310444675585896,10,8,"{""rwh"":7,""drainage"":1}"
nanjing_xianlin,130,21557402,10,base,greedy_opportunity,172.37048414831588,215.23383857257977,209.96084884182892,0.8209648851161236,10,10,"{""rwh"":10}"
nanjing_xianlin,130,21557402,10,base,hazard_only,263.74257653593304,317.37537769690243,311.06149441778507,0.8478792176755306,10,6,"{""rwh"":4,""drainage"":2}"
nanjing_xianlin,130,21557402,10,base,random_feasible,43.38991817583519,59.00872583207456,58.567492002959625,0.7408532735812308,10,6,"{""rwh"":3,""drainage"":1,""restoration"":2}"
nanjing_xianlin,131,21567375,10,base,ourea_robust,327.8966169045307,382.4936695216784,384.25971431001744,0.8533203057554622,10,10,"{""rwh"":10}"
nanjing_xianlin,131,21567375,10,base,deterministic_central,288.41689116781345,348.05961700836633,346.19355101635847,0.8331087922379729,10,8,"{""rwh"":7,""drainage"":1}"
nanjing_xianlin,131,21567375,10,base,greedy_opportunity,181.58853864867524,215.23383857257977,217.57241733889532,0.834611946080597,10,10,"{""rwh"":10}"
nanjing_xianlin,131,21567375,10,base,hazard_only,265.8753866126408,317.37537769690243,318.6916177376934,0.834271665191633,10,6,"{""rwh"":4,""drainage"":2}"
nanjing_xianlin,131,21567375,10,base,random_feasible,43.71725116309062,59.00872583207456,58.106571055624954,0.7523632933225478,10,6,"{""rwh"":3,""drainage"":1,""restoration"":2}"
nanjing_xianlin,132,21577348,10,base,ourea_robust,331.84008865669057,382.4936695216784,381.1664646702957,0.8705909869162498,10,10,"{""rwh"":10}"
nanjing_xianlin,132,21577348,10,base,deterministic_central,299.6912829309458,348.05961700836633,342.8808392674073,0.8740391664091249,10,8,"{""rwh"":7,""drainage"":1}"
nanjing_xianlin,132,21577348,10,base,greedy_opportunity,171.61147442147012,215.23383857257977,210.92167137340766,0.8136265624296886,10,10,"{""rwh"":10}"
nanjing_xianlin,132,21577348,10,base,hazard_only,256.081016873055,317.37537769690243,317.1865812266733,0.8073513573074202,10,6,"{""rwh"":4,""drainage"":2}"
nanjing_xianlin,132,21577348,10,base,random_feasible,44.0179350850558,59.00872583207456,58.1017319714374,0.7576010833325046,10,6,"{""rwh"":3,""drainage"":1,""restoration"":2}"
nanjing_xianlin,133,21587321,10,base,ourea_robust,322.6102654740789,382.4936695216784,386.93335107544044,0.8337618470401109,10,10,"{""rwh"":10}"
nanjing_xianlin,133,21587321,10,base,deterministic_central,293.9366368116007,348.05961700836633,349.5329548644131,0.8409411264972748,10,8,"{""rwh"":7,""drainage"":1}"
nanjing_xianlin,133,21587321,10,base,greedy_opportunity,184.74289316904833,215.23383857257977,220.956269194201,0.8361061392047476,10,10,"{""rwh"":10}"
nanjing_xianlin,133,21587321,10,base,hazard_only,258.8192554972193,317.37537769690243,316.8219707360422,0.8169233178366047,10,6,"{""rwh"":4,""drainage"":2}"
nanjing_xianlin,133,21587321,10,base,random_feasible,43.389291847573986,59.00872583207456,59.322752098494675,0.731410636100192,10,6,"{""rwh"":3,""drainage"":1,""restoration"":2}"
nanjing_xianlin,134,21597294,10,base,ourea_robust,329.1344993712428,382.4936695216784,381.89127585143433,0.8618539364048858,10,10,"{""rwh"":10}"
nanjing_xianlin,134,21597294,10,base,deterministic_central,290.8858871929351,348.05961700836633,350.1226794190752,0.8308113249777878,10,8,"{""rwh"":7,""drainage"":1}"
nanjing_xianlin,134,21597294,10,base,greedy_opportunity,171.49283499961348,215.23383857257977,211.33378388927667,0.8114785617498009,10,10,"{""rwh"":10}"
nanjing_xianlin,134,21597294,10,base,hazard_only,257.94293584052684,317.37537769690243,313.4885112165575,0.8228146378938275,10,6,"{""rwh"":4,""drainage"":2}"
nanjing_xianlin,134,21597294,10,base,random_feasible,46.39209778453733,59.00872583207456,60.62741686522895,0.765199973597162,10,6,"{""rwh"":3,""drainage"":1,""restoration"":2}"
nanjing_xianlin,135,21607267,10,base,ourea_robust,327.16747919031695,382.4936695216784,383.34634447723147,0.8534514125508996,10,10,"{""rwh"":10}"
nanjing_xianlin,135,21607267,10,base,deterministic_central,292.7676217609278,348.05961700836633,345.4589186469875,0.8474744925028174,10,8,"{""rwh"":7,""drainage"":1}"
nanjing_xianlin,135,21607267,10,base,greedy_opportunity,183.94861738016516,215.23383857257977,222.167323087946,0.8279733257952981,10,10,"{""rwh"":10}"
nanjing_xianlin,135,21607267,10,base,hazard_only,268.54555866479313,317.37537769690243,321.75472025106137,0.8346281865119188,10,6,"{""rwh"":4,""drainage"":2}"
nanjing_xianlin,135,21607267,10,base,random_feasible,44.3652726211094,59.00872583207456,59.89791604023776,0.7406814051979044,10,6,"{""rwh"":3,""drainage"":1,""restoration"":2}"
nanjing_xianlin,136,21617240,10,base,ourea_robust,325.0802456118272,382.4936695216784,379.30470654767123,0.8570424779872088,10,10,"{""rwh"":10}"
nanjing_xianlin,136,21617240,10,base,deterministic_central,298.7142838609725,348.05961700836633,344.70749767553207,0.8665732131598359,10,8,"{""rwh"":7,""drainage"":1}"
nanjing_xianlin,136,21617240,10,base,greedy_opportunity,169.2944525832354,215.23383857257977,209.53357399492234,0.8079585975435991,10,10,"{""rwh"":10}"
nanjing_xianlin,136,21617240,10,base,hazard_only,253.7428339665821,317.37537769690243,317.4047501828536,0.7994298567378197,10,6,"{""rwh"":4,""drainage"":2}"
nanjing_xianlin,136,21617240,10,base,random_feasible,46.95400914237507,59.00872583207456,59.346587421727236,0.7911829674166716,10,6,"{""rwh"":3,""drainage"":1,""restoration"":2}"
nanjing_xianlin,137,21627213,10,base,ourea_robust,328.0478686300612,382.4936695216784,387.78838666789306,0.8459455721426893,10,10,"{""rwh"":10}"
nanjing_xianlin,137,21627213,10,base,deterministic_central,296.3128130655732,348.05961700836633,354.2869989875544,0.8363637782711362,10,8,"{""rwh"":7,""drainage"":1}"
nanjing_xianlin,137,21627213,10,base,greedy_opportunity,181.6607293221823,215.23383857257977,221.6826941211457,0.8194628364761207,10,10,"{""rwh"":10}"
nanjing_xianlin,137,21627213,10,base,hazard_only,262.65197427584826,317.37537769690243,316.4041732369624,0.8301153919330329,10,6,"{""rwh"":4,""drainage"":2}"
nanjing_xianlin,137,21627213,10,base,random_feasible,44.6800893110194,59.00872583207456,59.40532581401203,0.752122620300159,10,6,"{""rwh"":3,""drainage"":1,""restoration"":2}"
nanjing_xianlin,138,21637186,10,base,ourea_robust,327.59029979974184,382.4936695216784,378.34886719836686,0.8658418940844549,10,10,"{""rwh"":10}"
nanjing_xianlin,138,21637186,10,base,deterministic_central,289.0796135948549,348.05961700836633,348.992998294234,0.8283249664256402,10,8,"{""rwh"":7,""drainage"":1}"
nanjing_xianlin,138,21637186,10,base,greedy_opportunity,169.5439683690056,215.23383857257977,208.48039834571682,0.8132369743838262,10,10,"{""rwh"":10}"
nanjing_xianlin,138,21637186,10,base,hazard_only,254.14994901174214,317.37537769690243,314.5264919003457,0.8080398807623073,10,6,"{""rwh"":4,""drainage"":2}"
nanjing_xianlin,138,21637186,10,base,random_feasible,44.73915553821098,59.00872583207456,59.225911884059315,0.7553983402702584,10,6,"{""rwh"":3,""drainage"":1,""restoration"":2}"
nanjing_xianlin,139,21647159,10,base,ourea_robust,328.444471961584,382.4936695216784,385.51629807772224,0.8519600172529352,10,10,"{""rwh"":10}"
nanjing_xianlin,139,21647159,10,base,deterministic_central,296.1322501097511,348.05961700836633,350.66987612605044,0.8444758739507597,10,8,"{""rwh"":7,""drainage"":1}"
nanjing_xianlin,139,21647159,10,base,greedy_opportunity,180.91569806120424,215.23383857257977,221.88122415983344,0.8153718222271956,10,10,"{""rwh"":10}"
nanjing_xianlin,139,21647159,10,base,hazard_only,269.91442646084215,317.37537769690243,319.7147858788285,0.8442350444284407,10,6,"{""rwh"":4,""drainage"":2}"
nanjing_xianlin,139,21647159,10,base,random_feasible,44.72636161537048,59.00872583207456,58.555957986562134,0.7638225579988739,10,6,"{""rwh"":3,""drainage"":1,""restoration"":2}"
nanjing_xianlin,140,21657132,10,base,ourea_robust,323.3835518426422,382.4936695216784,380.0764850080632,0.850838093379499,10,10,"{""rwh"":10}"
nanjing_xianlin,140,21657132,10,base,deterministic_central,301.99308186963754,348.05961700836633,345.8146091669387,0.8732802891038455,10,8,"{""rwh"":7,""drainage"":1}"
nanjing_xianlin,140,21657132,10,base,greedy_opportunity,166.56378247699104,215.23383857257977,210.0078394658376,0.7931312607217518,10,10,"{""rwh"":10}"
nanjing_xianlin,140,21657132,10,base,hazard_only,256.35840516510507,317.37537769690243,314.58642674604926,0.8149061223548945,10,6,"{""rwh"":4,""drainage"":2}"
nanjing_xianlin,140,21657132,10,base,random_feasible,45.43789643806849,59.00872583207456,58.92010868864236,0.7711780824808162,10,6,"{""rwh"":3,""drainage"":1,""restoration"":2}"
nanjing_xianlin,141,21667105,10,base,ourea_robust,329.4507023941169,382.4936695216784,385.9539274357703,0.8536011139540571,10,10,"{""rwh"":10}"
nanjing_xianlin,141,21667105,10,base,deterministic_central,293.27516736398684,348.05961700836633,351.1252460512951,0.83524375037716,10,8,"{""rwh"":7,""drainage"":1}"
nanjing_xianlin,141,21667105,10,base,greedy_opportunity,180.94503017385796,215.23383857257977,221.8754316958075,0.8155253098140881,10,10,"{""rwh"":10}"
nanjing_xianlin,141,21667105,10,base,hazard_only,262.3670652704641,317.37537769690243,316.8302817925105,0.8280997125214378,10,6,"{""rwh"":4,""drainage"":2}"
nanjing_xianlin,141,21667105,10,base,random_feasible,44.10888120547497,59.00872583207456,58.69533506545304,0.7514887027442259,10,6,"{""rwh"":3,""drainage"":1,""restoration"":2}"
nanjing_xianlin,142,21677078,10,base,ourea_robust,323.4327514095785,382.4936695216784,382.8751479441489,0.8447473103079507,10,10,"{""rwh"":10}"
nanjing_xianlin,142,21677078,10,base,deterministic_central,292.99155759015775,348.05961700836633,347.1247559760668,0.8440526137823446,10,8,"{""rwh"":7,""drainage"":1}"
nanjing_xianlin,142,21677078,10,base,greedy_opportunity,169.9277717079076,215.23383857257977,210.55170772504061,0.8070595747901328,10,10,"{""rwh"":10}"
nanjing_xianlin,142,21677078,10,base,hazard_only,258.7330316275329,317.37537769690243,309.12846080288546,0.8369757703821163,10,6,"{""rwh"":4,""drainage"":2}"
nanjing_xianlin,142,21677078,10,base,random_feasible,45.594939869679365,59.00872583207456,59.27006715947027,0.7692743075016767,10,6,"{""rwh"":3,""drainage"":1,""restoration"":2}"
nanjing_xianlin,143,21687051,10,base,ourea_robust,331.52497432307064,382.4936695216784,386.30939135339213,0.8581851276294621,10,10,"{""rwh"":10}"
nanjing_xianlin,143,21687051,10,base,deterministic_central,293.3688283485244,348.05961700836633,350.1644037484766,0.8378031153596397,10,8,"{""rwh"":7,""drainage"":1}"
nanjing_xianlin,143,21687051,10,base,greedy_opportunity,186.32459060669862,215.23383857257977,217.82085404127974,0.8554029017413907,10,10,"{""rwh"":10}"
nanjing_xianlin,143,21687051,10,base,hazard_only,267.1765713950208,317.37537769690243,321.06777679079096,0.8321500652154019,10,6,"{""rwh"":4,""drainage"":2}"
nanjing_xianlin,143,21687051,10,base,random_feasible,44.410767947820204,59.00872583207456,59.505977886256005,0.746324479075197,10,6,"{""rwh"":3,""drainage"":1,""restoration"":2}"
nanjing_xianlin,144,21697024,10,base,ourea_robust,324.4320655988231,382.4936695216784,377.3006103112093,0.8598768640507138,10,10,"{""rwh"":10}"
nanjing_xianlin,144,21697024,10,base,deterministic_central,301.7478821036748,348.05961700836633,345.95882241118125,0.8722075072421174,10,8,"{""rwh"":7,""drainage"":1}"
nanjing_xianlin,144,21697024,10,base,greedy_opportunity,169.63903375059817,215.23383857257977,208.54228786060776,0.8134514850244042,10,10,"{""rwh"":10}"
nanjing_xianlin,144,21697024,10,base,hazard_only,258.2009566996385,317.37537769690243,315.1553036961486,0.8192816483538489,10,6,"{""rwh"":4,""drainage"":2}"
nanjing_xianlin,144,21697024,10,base,random_feasible,45.53393942261937,59.00872583207456,59.39216796753499,0.7666657234588437,10,6,"{""rwh"":3,""drainage"":1,""restoration"":2}"
nanjing_xianlin,145,21706997,10,base,ourea_robust,330.2521318090385,382.4936695216784,386.7397988642588,0.8539388311699287,10,10,"{""rwh"":10}"
nanjing_xianlin,145,21706997,10,base,deterministic_central,295.1442732569067,348.05961700836633,350.5916960797804,0.8418461605255587,10,8,"{""rwh"":7,""drainage"":1}"
nanjing_xianlin,145,21706997,10,base,greedy_opportunity,184.4973921025521,215.23383857257977,221.22991121956693,0.8339622390366626,10,10,"{""rwh"":10}"
nanjing_xianlin,145,21706997,10,base,hazard_only,261.8604998856954,317.37537769690243,317.92254781569864,0.8236613026814861,10,6,"{""rwh"":4,""drainage"":2}"
nanjing_xianlin,145,21706997,10,base,random_feasible,45.411675818208096,59.00872583207456,60.17689842780965,0.7546363638645411,10,6,"{""rwh"":3,""drainage"":1,""restoration"":2}"
nanjing_xianlin,146,21716970,10,base,ourea_robust,321.0760573791158,382.4936695216784,379.9478589866285,0.8450529455159147,10,10,"{""rwh"":10}"
nanjing_xianlin,146,21716970,10,base,deterministic_central,291.45137687041097,348.05961700836633,352.93784813019374,0.8257866885472105,10,8,"{""rwh"":7,""drainage"":1}"
nanjing_xianlin,146,21716970,10,base,greedy_opportunity,168.59425080700566,215.23383857257977,209.04129459000615,0.8065117044824589,10,10,"{""rwh"":10}"
nanjing_xianlin,146,21716970,10,base,hazard_only,259.2187529464045,317.37537769690243,313.6524981888615,0.8264520590246328,10,6,"{""rwh"":4,""drainage"":2}"
nanjing_xianlin,146,21716970,10,base,random_feasible,46.979546235117596,59.00872583207456,60.629172128969,0.7748670249889569,10,6,"{""rwh"":3,""drainage"":1,""restoration"":2}"
nanjing_xianlin,147,21726943,10,base,ourea_robust,333.67448061053074,382.4936695216784,386.87977593779215,0.8624758939691475,10,10,"{""rwh"":10}"
nanjing_xianlin,147,21726943,10,base,deterministic_central,297.6979864693458,348.05961700836633,349.0310195104212,0.852927017452262,10,8,"{""rwh"":7,""drainage"":1}"
nanjing_xianlin,147,21726943,10,base,greedy_opportunity,184.2946186725021,215.23383857257977,221.60491706506218,0.8316359632868348,10,10,"{""rwh"":10}"
nanjing_xianlin,147,21726943,10,base,hazard_only,270.5074327751681,317.37537769690243,322.69191760401736,0.8382838801283954,10,6,"{""rwh"":4,""drainage"":2}"
nanjing_xianlin,147,21726943,10,base,random_feasible,44.69994538096762,59.00872583207456,57.582211117660336,0.7762804608115899,10,6,"{""rwh"":3,""drainage"":1,""restoration"":2}"
nanjing_xianlin,148,21736916,10,base,ourea_robust,321.145574853801,382.4936695216784,381.0829443105813,0.842718310143181,10,10,"{""rwh"":10}"
nanjing_xianlin,148,21736916,10,base,deterministic_central,298.7816175616772,348.05961700836633,349.61852308580274,0.8545932146974683,10,8,"{""rwh"":7,""drainage"":1}"
nanjing_xianlin,148,21736916,10,base,greedy_opportunity,167.69312094496672,215.23383857257977,207.73271085642773,0.807254284862561,10,10,"{""rwh"":10}"
nanjing_xianlin,148,21736916,10,base,hazard_only,262.5831822446871,317.37537769690243,312.3338266328792,0.840713236460713,10,6,"{""rwh"":4,""drainage"":2}"
nanjing_xianlin,148,21736916,10,base,random_feasible,44.54349679151892,59.00872583207456,59.4944302070453,0.748700283984636,10,6,"{""rwh"":3,""drainage"":1,""restoration"":2}"
nanjing_xianlin,149,21746889,10,base,ourea_robust,332.7538279171931,382.4936695216784,386.4161372775561,0.8611281875067803,10,10,"{""rwh"":10}"
nanjing_xianlin,149,21746889,10,base,deterministic_central,297.8032379083688,348.05961700836633,355.25058970926693,0.8382906222677565,10,8,"{""rwh"":7,""drainage"":1}"
nanjing_xianlin,149,21746889,10,base,greedy_opportunity,183.82950971216087,215.23383857257977,220.1976825265756,0.8348385305552639,10,10,"{""rwh"":10}"
nanjing_xianlin,149,21746889,10,base,hazard_only,262.83296831782354,317.37537769690243,322.8275613590231,0.8141590117379156,10,6,"{""rwh"":4,""drainage"":2}"
nanjing_xianlin,149,21746889,10,base,random_feasible,44.55722547371988,59.00872583207456,59.15732023412238,0.753198848382232,10,6,"{""rwh"":3,""drainage"":1,""restoration"":2}"
nanjing_xianlin,150,21756862,10,base,ourea_robust,323.05587852413555,382.4936695216784,379.3057804670989,0.8517030194644174,10,10,"{""rwh"":10}"
nanjing_xianlin,150,21756862,10,base,deterministic_central,291.98005601027035,348.05961700836633,348.4612566312135,0.8379125382058792,10,8,"{""rwh"":7,""drainage"":1}"
nanjing_xianlin,150,21756862,10,base,greedy_opportunity,171.43899582781887,215.23383857257977,208.35672342556973,0.822814800545955,10,10,"{""rwh"":10}"
nanjing_xianlin,150,21756862,10,base,hazard_only,260.51653462600734,317.37537769690243,312.8394031175758,0.8327484710361,10,6,"{""rwh"":4,""drainage"":2}"
nanjing_xianlin,150,21756862,10,base,random_feasible,45.76221542784697,59.00872583207456,59.93568717719609,0.763521994709994,10,6,"{""rwh"":3,""drainage"":1,""restoration"":2}"
nanjing_xianlin,151,21766835,10,base,ourea_robust,330.5652379612384,382.4936695216784,386.20857683989925,0.8559241243838882,10,10,"{""rwh"":10}"
nanjing_xianlin,151,21766835,10,base,deterministic_central,294.6410811082369,348.05961700836633,349.12638340399644,0.8439381699987104,10,8,"{""rwh"":7,""drainage"":1}"
nanjing_xianlin,151,21766835,10,base,greedy_opportunity,185.32956237058352,215.23383857257977,219.85896907020287,0.8429474728929807,10,10,"{""rwh"":10}"
nanjing_xianlin,151,21766835,10,base,hazard_only,270.49157213945546,317.37537769690243,323.1251537906537,0.8371108499795145,10,6,"{""rwh"":4,""drainage"":2}"
nanjing_xianlin,151,21766835,10,base,random_feasible,44.48859672062099,59.00872583207456,59.72606692503723,0.744877387899308,10,6,"{""rwh"":3,""drainage"":1,""restoration"":2}"
nanjing_xianlin,152,21776808,10,base,ourea_robust,322.93525881477035,382.4936695216784,379.5359197369744,0.8508687637222074,10,10,"{""rwh"":10}"
nanjing_xianlin,152,21776808,10,base,deterministic_central,297.96261012460127,348.05961700836633,346.2240515506128,0.8606063293122881,10,8,"{""rwh"":7,""drainage"":1}"
nanjing_xianlin,152,21776808,10,base,greedy_opportunity,169.89112005079005,215.23383857257977,209.22639214037918,0.8119966047916299,10,10,"{""rwh"":10}"
nanjing_xianlin,152,21776808,10,base,hazard_only,257.7865682049178,317.37537769690243,314.467326608843,0.8197562875127284,10,6,"{""rwh"":4,""drainage"":2}"
nanjing_xianlin,152,21776808,10,base,random_feasible,44.01675507096115,59.00872583207456,59.36895201702646,0.7414103428731159,10,6,"{""rwh"":3,""drainage"":1,""restoration"":2}"
nanjing_xianlin,153,21786781,10,base,ourea_robust,328.8671168969686,382.4936695216784,384.4875069536847,0.8553388886484258,10,10,"{""rwh"":10}"
nanjing_xianlin,153,21786781,10,base,deterministic_central,300.25121513492195,348.05961700836633,354.0340246240612,0.8480857608354176,10,8,"{""rwh"":7,""drainage"":1}"
nanjing_xianlin,153,21786781,10,base,greedy_opportunity,183.13778672088665,215.23383857257977,219.53289253910225,0.8342157050031441,10,10,"{""rwh"":10}"
nanjing_xianlin,153,21786781,10,base,hazard_only,262.7739146544973,317.37537769690243,321.802927836603,0.8165678181396846,10,6,"{""rwh"":4,""drainage"":2}"
nanjing_xianlin,153,21786781,10,base,random_feasible,42.481952039284806,59.00872583207456,58.40575098833688,0.7273590583188988,10,6,"{""rwh"":3,""drainage"":1,""restoration"":2}"
nanjing_xianlin,154,21796754,10,base,ourea_robust,324.78737695585187,382.4936695216784,378.08107363653835,0.8590416172698466,10,10,"{""rwh"":10}"
nanjing_xianlin,154,21796754,10,base,deterministic_central,295.07485034642923,348.05961700836633,345.8109820978607,0.8532836307174487,10,8,"{""rwh"":7,""drainage"":1}"
nanjing_xianlin,154,21796754,10,base,greedy_opportunity,171.2141674463728,215.23383857257977,208.43513168896789,0.8214266283184107,10,10,"{""rwh"":10}"
nanjing_xianlin,154,21796754,10,base,hazard_only,262.69767788978425,317.37537769690243,313.2376581125027,0.8386529240217775,10,6,"{""rwh"":4,""drainage"":2}"
nanjing_xianlin,154,21796754,10,base,random_feasible,45.72635925740178,59.00872583207456,59.71065170707334,0.7657990316656521,10,6,"{""rwh"":3,""drainage"":1,""restoration"":2}"
nanjing_xianlin,155,21806727,10,base,ourea_robust,326.122049780417,382.4936695216784,386.32100482196256,0.8441737459517935,10,10,"{""rwh"":10}"
nanjing_xianlin,155,21806727,10,base,deterministic_central,294.68559299421213,348.05961700836633,349.6365403556629,0.8428340833439415,10,8,"{""rwh"":7,""drainage"":1}"
nanjing_xianlin,155,21806727,10,base,greedy_opportunity,185.28899398609065,215.23383857257977,218.4677563940495,0.848129705931916,10,10,"{""rwh"":10}"
nanjing_xianlin,155,21806727,10,base,hazard_only,269.34609251286383,317.37537769690243,322.83383691220297,0.8343180352130017,10,6,"{""rwh"":4,""drainage"":2}"
nanjing_xianlin,155,21806727,10,base,random_feasible,44.412620741755745,59.00872583207456,58.851067563960896,0.7546612590075267,10,6,"{""rwh"":3,""drainage"":1,""restoration"":2}"
nanjing_xianlin,156,21816700,10,base,ourea_robust,325.7296964830475,382.4936695216784,376.8363853189385,0.8643796331061917,10,10,"{""rwh"":10}"
nanjing_xianlin,156,21816700,10,base,deterministic_central,290.22886846284564,348.05961700836633,347.5235492710599,0.8351343932565393,10,8,"{""rwh"":7,""drainage"":1}"
nanjing_xianlin,156,21816700,10,base,greedy_opportunity,169.25710502399306,215.23383857257977,208.42975544093315,0.8120582623432516,10,10,"{""rwh"":10}"
nanjing_xianlin,156,21816700,10,base,hazard_only,258.46365361448625,317.37537769690243,316.0201938189166,0.8178706888667661,10,6,"{""rwh"":4,""drainage"":2}"
nanjing_xianlin,156,21816700,10,base,random_feasible,43.52800139946339,59.00872583207456,59.54591644459106,0.7309989332344439,10,6,"{""rwh"":3,""drainage"":1,""restoration"":2}"
nanjing_xianlin,157,21826673,10,base,ourea_robust,325.82016002053206,382.4936695216784,387.65533648017845,0.8404892938632147,10,10,"{""rwh"":10}"
nanjing_xianlin,157,21826673,10,base,deterministic_central,294.1039583315287,348.05961700836633,349.72818374501367,0.8409501206970482,10,8,"{""rwh"":7,""drainage"":1}"
nanjing_xianlin,157,21826673,10,base,greedy_opportunity,183.08471448672208,215.23383857257977,219.80705048142045,0.8329337666181805,10,10,"{""rwh"":10}"
nanjing_xianlin,157,21826673,10,base,hazard_only,266.5462755466506,317.37537769690243,323.6933938525708,0.8234529360461758,10,6,"{""rwh"":4,""drainage"":2}"
nanjing_xianlin,157,21826673,10,base,random_feasible,40.68189912337766,59.00872583207456,57.601137458723315,0.7062690238110333,10,6,"{""rwh"":3,""drainage"":1,""restoration"":2}"
nanjing_xianlin,158,21836646,10,base,ourea_robust,316.7538757032671,382.4936695216784,374.3604330218368,0.8461200697585222,10,10,"{""rwh"":10}"
nanjing_xianlin,158,21836646,10,base,deterministic_central,294.8176129564981,348.05961700836633,341.1284301199448,0.8642422821599383,10,8,"{""rwh"":7,""drainage"":1}"
nanjing_xianlin,158,21836646,10,base,greedy_opportunity,169.20656908286037,215.23383857257977,205.04222002441202,0.8252279411660433,10,10,"{""rwh"":10}"
nanjing_xianlin,158,21836646,10,base,hazard_only,262.53174275557467,317.37537769690243,309.94267605628374,0.8470332194844329,10,6,"{""rwh"":4,""drainage"":2}"
nanjing_xianlin,158,21836646,10,base,random_feasible,46.049376595670765,59.00872583207456,59.825772049962325,0.769724735975217,10,6,"{""rwh"":3,""drainage"":1,""restoration"":2}"
nanjing_xianlin,159,21846619,10,base,ourea_robust,333.8434775366768,382.4936695216784,388.8178659275218,0.8586114651401009,10,10,"{""rwh"":10}"
nanjing_xianlin,159,21846619,10,base,deterministic_central,297.2906737422509,348.05961700836633,352.3929040246003,0.8436341093902879,10,8,"{""rwh"":7,""drainage"":1}"
nanjing_xianlin,159,21846619,10,base,greedy_opportunity,183.0750500753711,215.23383857257977,220.08381135244235,0.8318424192599728,10,10,"{""rwh"":10}"
nanjing_xianlin,159,21846619,10,base,hazard_only,271.809380384002,317.37537769690243,323.20084160516126,0.8409921800762459,10,6,"{""rwh"":4,""drainage"":2}"
nanjing_xianlin,159,21846619,10,base,random_feasible,42.773501168121584,59.00872583207456,58.85854053558978,0.7267169858256659,10,6,"{""rwh"":3,""drainage"":1,""restoration"":2}"
nanjing_xianlin,160,21856592,10,base,ourea_robust,320.95234193057513,382.4936695216784,372.8069577127808,0.8609075965203534,10,10,"{""rwh"":10}"
nanjing_xianlin,160,21856592,10,base,deterministic_central,288.1320630241207,348.05961700836633,344.9339931090126,0.8353252181006694,10,8,"{""rwh"":7,""drainage"":1}"
nanjing_xianlin,160,21856592,10,base,greedy_opportunity,170.49175590782943,215.23383857257977,206.65558587473424,0.8250043432708092,10,10,"{""rwh"":10}"
nanjing_xianlin,160,21856592,10,base,hazard_only,255.72095078912935,317.37537769690243,315.4322271926794,0.8107001401379451,10,6,"{""rwh"":4,""drainage"":2}"
nanjing_xianlin,160,21856592,10,base,random_feasible,45.76787022327335,59.00872583207456,59.75944941053967,0.7658683383920426,10,6,"{""rwh"":3,""drainage"":1,""restoration"":2}"
nanjing_xianlin,161,21866565,10,base,ourea_robust,329.41913975892385,382.4936695216784,388.77868528578983,0.8473179014862119,10,10,"{""rwh"":10}"
nanjing_xianlin,161,21866565,10,base,deterministic_central,297.4604434462326,348.05961700836633,352.6208615211999,0.843570179492483,10,8,"{""rwh"":7,""drainage"":1}"
nanjing_xianlin,161,21866565,10,base,greedy_opportunity,184.5881992601153,215.23383857257977,220.07224447292538,0.8387618334252253,10,10,"{""rwh"":10}"
nanjing_xianlin,161,21866565,10,base,hazard_only,270.6995030605067,317.37537769690243,323.1000700429031,0.8378193883540838,10,6,"{""rwh"":4,""drainage"":2}"
nanjing_xianlin,161,21866565,10,base,random_feasible,43.25880177515137,59.00872583207456,58.65562623326514,0.7375047297784738,10,6,"{""rwh"":3,""drainage"":1,""restoration"":2}"
nanjing_xianlin,162,21876538,10,base,ourea_robust,319.35444500045924,382.4936695216784,372.2518544073646,0.8578988693256625,10,10,"{""rwh"":10}"
nanjing_xianlin,162,21876538,10,base,deterministic_central,294.6150103992004,348.05961700836633,342.50448282539764,0.8601785529020056,10,8,"{""rwh"":7,""drainage"":1}"
nanjing_xianlin,162,21876538,10,base,greedy_opportunity,169.6870532673547,215.23383857257977,207.09665087400754,0.8193616485405556,10,10,"{""rwh"":10}"
nanjing_xianlin,162,21876538,10,base,hazard_only,260.9432090336177,317.37537769690243,313.4610166160328,0.8324582490372459,10,6,"{""rwh"":4,""drainage"":2}"
nanjing_xianlin,162,21876538,10,base,random_feasible,44.75458245738446,59.00872583207456,59.786656034353655,0.7485714275718698,10,6,"{""rwh"":3,""drainage"":1,""restoration"":2}"
nanjing_xianlin,163,21886511,10,base,ourea_robust,326.61759892882765,382.4936695216784,391.05938052773126,0.8352122853773767,10,10,"{""rwh"":10}"
nanjing_xianlin,163,21886511,10,base,deterministic_central,296.0490564000211,348.05961700836633,350.9380569593177,0.8435934790461908,10,8,"{""rwh"":7,""drainage"":1}"
nanjing_xianlin,163,21886511,10,base,greedy_opportunity,183.01424991474778,215.23383857257977,218.99280459327747,0.8357089642951943,10,10,"{""rwh"":10}"
nanjing_xianlin,163,21886511,10,base,hazard_only,275.56315951613396,317.37537769690243,324.9265123583573,0.8480784086101871,10,6,"{""rwh"":4,""drainage"":2}"
nanjing_xianlin,163,21886511,10,base,random_feasible,44.42908597726455,59.00872583207456,59.58833503619098,0.7456003922626893,10,6,"{""rwh"":3,""drainage"":1,""restoration"":2}"
nanjing_xianlin,164,21896484,10,base,ourea_robust,321.2607296892602,382.4936695216784,373.84147610450236,0.8593501530029698,10,10,"{""rwh"":10}"
nanjing_xianlin,164,21896484,10,base,deterministic_central,286.111668615491,348.05961700836633,343.8648988340501,0.8320467415709362,10,8,"{""rwh"":7,""drainage"":1}"
nanjing_xianlin,164,21896484,10,base,greedy_opportunity,168.94705576443448,215.23383857257977,207.9878274319617,0.8122929973856355,10,10,"{""rwh"":10}"
nanjing_xianlin,164,21896484,10,base,hazard_only,253.34422992045074,317.37537769690243,313.73216813716135,0.8075175441037036,10,6,"{""rwh"":4,""drainage"":2}"
nanjing_xianlin,164,21896484,10,base,random_feasible,43.61486944052922,59.00872583207456,60.05957108556686,0.7261934884348595,10,6,"{""rwh"":3,""drainage"":1,""restoration"":2}"
nanjing_xianlin,165,21906457,10,base,ourea_robust,324.4296556376976,382.4936695216784,386.0651291451959,0.8403495450522346,10,10,"{""rwh"":10}"
nanjing_xianlin,165,21906457,10,base,deterministic_central,293.99001760569445,348.05961700836633,354.24314552792566,0.8299102503947212,10,8,"{""rwh"":7,""drainage"":1}"
nanjing_xianlin,165,21906457,10,base,greedy_opportunity,182.60415185107013,215.23383857257977,221.05929586111415,0.826041497778929,10,10,"{""rwh"":10}"
nanjing_xianlin,165,21906457,10,base,hazard_only,269.5547109626259,317.37537769690243,322.306704646282,0.8363298283181878,10,6,"{""rwh"":4,""drainage"":2}"
nanjing_xianlin,165,21906457,10,base,random_feasible,43.15343435738214,59.00872583207456,57.493726212002,0.750576405471763,10,6,"{""rwh"":3,""drainage"":1,""restoration"":2}"
nanjing_xianlin,166,21916430,10,base,ourea_robust,318.73196204956,382.4936695216784,372.6031004676406,0.8554195111353907,10,10,"{""rwh"":10}"
nanjing_xianlin,166,21916430,10,base,deterministic_central,291.1107533414124,348.05961700836633,342.254949544611,0.8505669639803639,10,8,"{""rwh"":7,""drainage"":1}"
nanjing_xianlin,166,21916430,10,base,greedy_opportunity,169.00091595581398,215.23383857257977,207.81494551233118,0.8132279203460173,10,10,"{""rwh"":10}"
nanjing_xianlin,166,21916430,10,base,hazard_only,258.6543788065155,317.37537769690243,316.34471456316896,0.817634583096113,10,6,"{""rwh"":4,""drainage"":2}"
nanjing_xianlin,166,21916430,10,base,random_feasible,45.48216514162232,59.00872583207456,59.070325933198546,0.7699663819877546,10,6,"{""rwh"":3,""drainage"":1,""restoration"":2}"
nanjing_xianlin,167,21926403,10,base,ourea_robust,327.2832992679396,382.4936695216784,388.124409221351,0.8432432784233542,10,10,"{""rwh"":10}"
nanjing_xianlin,167,21926403,10,base,deterministic_central,288.4534712126642,348.05961700836633,354.24315649915843,0.8142809985754785,10,8,"{""rwh"":7,""drainage"":1}"
nanjing_xianlin,167,21926403,10,base,greedy_opportunity,183.1535110509376,215.23383857257977,219.87883856099506,0.8329747066593234,10,10,"{""rwh"":10}"
nanjing_xianlin,167,21926403,10,base,hazard_only,274.3656041312388,317.37537769690243,321.8955745679559,0.8523435107782664,10,6,"{""rwh"":4,""drainage"":2}"
nanjing_xianlin,167,21926403,10,base,random_feasible,44.31763848922128,59.00872583207456,58.936576391075505,0.7519547486971452,10,6,"{""rwh"":3,""drainage"":1,""restoration"":2}"
nanjing_xianlin,168,21936376,10,base,ourea_robust,314.96715785572087,382.4936695216784,373.7173585388482,0.8427950981115044,10,10,"{""rwh"":10}"
nanjing_xianlin,168,21936376,10,base,deterministic_central,283.2819046208624,348.05961700836633,343.78784003039436,0.8240021072176881,10,8,"{""rwh"":7,""drainage"":1}"
nanjing_xianlin,168,21936376,10,base,greedy_opportunity,166.40017077660923,215.23383857257977,207.14976206535175,0.8032843924972175,10,10,"{""rwh"":10}"
nanjing_xianlin,168,21936376,10,base,hazard_only,252.59493518816817,317.37537769690243,311.64943292795033,0.8105098501705444,10,6,"{""rwh"":4,""drainage"":2}"
nanjing_xianlin,168,21936376,10,base,random_feasible,46.025650228286395,59.00872583207456,60.33071932585517,0.7628891341357132,10,6,"{""rwh"":3,""drainage"":1,""restoration"":2}"
nanjing_xianlin,169,21946349,10,base,ourea_robust,328.8152183973034,382.4936695216784,389.9234458775354,0.8432814745399422,10,10,"{""rwh"":10}"
nanjing_xianlin,169,21946349,10,base,deterministic_central,300.2111060300231,348.05961700836633,352.9757453378061,0.8505148299714305,10,8,"{""rwh"":7,""drainage"":1}"
nanjing_xianlin,169,21946349,10,base,greedy_opportunity,184.84008818823895,215.23383857257977,222.67422839530627,0.8300919667277274,10,10,"{""rwh"":10}"
nanjing_xianlin,169,21946349,10,base,hazard_only,268.9888565865567,317.37537769690243,320.3396943180451,0.8396987989864741,10,6,"{""rwh"":4,""drainage"":2}"
nanjing_xianlin,169,21946349,10,base,random_feasible,43.17827741230576,59.00872583207456,58.26913316548598,0.741014582964161,10,6,"{""rwh"":3,""drainage"":1,""restoration"":2}"
nanjing_xianlin,170,21956322,10,base,ourea_robust,317.0468830999762,382.4936695216784,373.4387087952564,0.8489930894491232,10,10,"{""rwh"":10}"
nanjing_xianlin,170,21956322,10,base,deterministic_central,291.78463035811546,348.05961700836633,338.2114775719474,0.8627283510685837,10,8,"{""rwh"":7,""drainage"":1}"
nanjing_xianlin,170,21956322,10,base,greedy_opportunity,166.50460559897328,215.23383857257977,208.06278444214877,0.8002613540206148,10,10,"{""rwh"":10}"
nanjing_xianlin,170,21956322,10,base,hazard_only,254.55635021297348,317.37537769690243,312.9150720618636,0.8134998053486138,10,6,"{""rwh"":4,""drainage"":2}"
nanjing_xianlin,170,21956322,10,base,random_feasible,43.96919218220137,59.00872583207456,58.88210592910218,0.7467326701110705,10,6,"{""rwh"":3,""drainage"":1,""restoration"":2}"
nanjing_xianlin,171,21966295,10,base,ourea_robust,325.49222999284393,382.4936695216784,385.9386184910745,0.8433782326978285,10,10,"{""rwh"":10}"
nanjing_xianlin,171,21966295,10,base,deterministic_central,293.7329514637713,348.05961700836633,349.62186583594485,0.8401446824884843,10,8,"{""rwh"":7,""drainage"":1}"
nanjing_xianlin,171,21966295,10,base,greedy_opportunity,187.44182770243606,215.23383857257977,222.23852830038777,0.8434263362700148,10,10,"{""rwh"":10}"
nanjing_xianlin,171,21966295,10,base,hazard_only,271.53688922739093,317.37537769690243,322.1699289411863,0.8428374743719838,10,6,"{""rwh"":4,""drainage"":2}"
nanjing_xianlin,171,21966295,10,base,random_feasible,44.257639868883416,59.00872583207456,57.9862010367342,0.7632443422331848,10,6,"{""rwh"":3,""drainage"":1,""restoration"":2}"
nanjing_xianlin,172,21976268,10,base,ourea_robust,320.90705631636956,382.4936695216784,374.23422501790446,0.857503228896332,10,10,"{""rwh"":10}"
nanjing_xianlin,172,21976268,10,base,deterministic_central,284.806067326479,348.05961700836633,343.9783333254327,0.8279767640394615,10,8,"{""rwh"":7,""drainage"":1}"
nanjing_xianlin,172,21976268,10,base,greedy_opportunity,170.85920457785505,215.23383857257977,207.5620643496386,0.8231716383878437,10,10,"{""rwh"":10}"
nanjing_xianlin,172,21976268,10,base,hazard_only,257.3905876527351,317.37537769690243,310.0562788685511,0.8301415104122317,10,6,"{""rwh"":4,""drainage"":2}"
nanjing_xianlin,172,21976268,10,base,random_feasible,43.85655963015233,59.00872583207456,59.00360483167606,0.7432861052348442,10,6,"{""rwh"":3,""drainage"":1,""restoration"":2}"
nanjing_xianlin,173,21986241,10,base,ourea_robust,330.98116889739504,382.4936695216784,389.1193214174582,0.8505904247872315,10,10,"{""rwh"":10}"
nanjing_xianlin,173,21986241,10,base,deterministic_central,301.00459443238105,348.05961700836633,356.46683586115614,0.8444112162782581,10,8,"{""rwh"":7,""drainage"":1}"
nanjing_xianlin,173,21986241,10,base,greedy_opportunity,182.64949370249997,215.23383857257977,218.96248604759967,0.8341588415414424,10,10,"{""rwh"":10}"
nanjing_xianlin,173,21986241,10,base,hazard_only,274.9705986861245,317.37537769690243,323.9596108583537,0.8487804944498193,10,6,"{""rwh"":4,""drainage"":2}"
nanjing_xianlin,173,21986241,10,base,random_feasible,42.32464088589768,59.00872583207456,58.91749681348665,0.7183713357660717,10,6,"{""rwh"":3,""drainage"":1,""restoration"":2}"
nanjing_xianlin,174,21996214,10,base,ourea_robust,319.72088421016815,382.4936695216784,371.5487601734785,0.8605085482209345,10,10,"{""rwh"":10}"
nanjing_xianlin,174,21996214,10,base,deterministic_central,290.3868082086883,348.05961700836633,339.08914576200004,0.856373056578181,10,8,"{""rwh"":7,""drainage"":1}"
nanjing_xianlin,174,21996214,10,base,greedy_opportunity,170.19788467854232,215.23383857257977,206.63060449089608,0.8236818795448138,10,10,"{""rwh"":10}"
nanjing_xianlin,174,21996214,10,base,hazard_only,250.85308256221288,317.37537769690243,311.964006432112,0.8041090555002929,10,6,"{""rwh"":4,""drainage"":2}"
nanjing_xianlin,174,21996214,10,base,random_feasible,45.362921071240635,59.00872583207456,58.58170192649777,0.7743530757805109,10,6,"{""rwh"":3,""drainage"":1,""restoration"":2}"
nanjing_xianlin,175,22006187,10,base,ourea_robust,327.83385867655124,382.4936695216784,385.37458277955557,0.8506888448947887,10,10,"{""rwh"":10}"
nanjing_xianlin,175,22006187,10,base,deterministic_central,298.88234601734257,348.05961700836633,355.9797652956877,0.8396048740834517,10,8,"{""rwh"":7,""drainage"":1}"
nanjing_xianlin,175,22006187,10,base,greedy_opportunity,185.2246221772093,215.23383857257977,220.1751508053876,0.8412603397779843,10,10,"{""rwh"":10}"
nanjing_xianlin,175,22006187,10,base,hazard_only,259.67770934343935,317.37537769690243,320.67338438836305,0.809788781936911,10,6,"{""rwh"":4,""drainage"":2}"
nanjing_xianlin,175,22006187,10,base,random_feasible,44.05075390219099,59.00872583207456,58.84795922195917,0.7485519376473706,10,6,"{""rwh"":3,""drainage"":1,""restoration"":2}"
nanjing_xianlin,176,22016160,10,base,ourea_robust,321.6430979831548,382.4936695216784,373.53702901374527,0.8610741988080628,10,10,"{""rwh"":10}"
nanjing_xianlin,176,22016160,10,base,deterministic_central,282.24395256878415,348.05961700836633,342.0004005150331,0.8252737486381327,10,8,"{""rwh"":7,""drainage"":1}"
nanjing_xianlin,176,22016160,10,base,greedy_opportunity,169.65291120733127,215.23383857257977,209.75623376240583,0.8088098654531516,10,10,"{""rwh"":10}"
nanjing_xianlin,176,22016160,10,base,hazard_only,259.87346207106566,317.37537769690243,311.3839604171335,0.8345756207960623,10,6,"{""rwh"":4,""drainage"":2}"
nanjing_xianlin,176,22016160,10,base,random_feasible,45.2827394464166,59.00872583207456,60.27379878727152,0.7512839800629806,10,6,"{""rwh"":3,""drainage"":1,""restoration"":2}"
nanjing_xianlin,177,22026133,10,base,ourea_robust,333.7617489479999,382.4936695216784,386.2198675442669,0.8641755046683235,10,10,"{""rwh"":10}"
nanjing_xianlin,177,22026133,10,base,deterministic_central,295.56220137304626,348.05961700836633,353.64105929268953,0.83576890637132,10,8,"{""rwh"":7,""drainage"":1}"
nanjing_xianlin,177,22026133,10,base,greedy_opportunity,182.03259090480242,215.23383857257977,221.6154926265608,0.8213892844194849,10,10,"{""rwh"":10}"
nanjing_xianlin,177,22026133,10,base,hazard_only,268.3907618041994,317.37537769690243,322.6319405650356,0.8318790797159082,10,6,"{""rwh"":4,""drainage"":2}"
nanjing_xianlin,177,22026133,10,base,random_feasible,44.4726208555021,59.00872583207456,57.598800021311035,0.7721101974181342,10,6,"{""rwh"":3,""drainage"":1,""restoration"":2}"
nanjing_xianlin,178,22036106,10,base,ourea_robust,320.8374167297916,382.4936695216784,377.94280460270784,0.848904682990472,10,10,"{""rwh"":10}"
nanjing_xianlin,178,22036106,10,base,deterministic_central,286.33958038411583,348.05961700836633,345.730451439249,0.8282162568906106,10,8,"{""rwh"":7,""drainage"":1}"
nanjing_xianlin,178,22036106,10,base,greedy_opportunity,171.01789660800569,215.23383857257977,211.04171359790416,0.8103511561408401,10,10,"{""rwh"":10}"
nanjing_xianlin,178,22036106,10,base,hazard_only,254.97180150384338,317.37537769690243,313.8821474806937,0.8123169907887999,10,6,"{""rwh"":4,""drainage"":2}"
nanjing_xianlin,178,22036106,10,base,random_feasible,44.53484461762491,59.00872583207456,59.0654870791077,0.7539909822123099,10,6,"{""rwh"":3,""drainage"":1,""restoration"":2}"
nanjing_xianlin,179,22046079,10,base,ourea_robust,330.76362290090583,382.4936695216784,384.66343014797894,0.8598780049708962,10,10,"{""rwh"":10}"
nanjing_xianlin,179,22046079,10,base,deterministic_central,294.48067966397866,348.05961700836633,348.4610831960417,0.8450891472959864,10,8,"{""rwh"":7,""drainage"":1}"
nanjing_xianlin,179,22046079,10,base,greedy_opportunity,178.67114142041464,215.23383857257977,219.628244990643,0.8135162279697983,10,10,"{""rwh"":10}"
nanjing_xianlin,179,22046079,10,base,hazard_only,262.1939095376729,317.37537769690243,319.23522832034905,0.8213188466611341,10,6,"{""rwh"":4,""drainage"":2}"
nanjing_xianlin,179,22046079,10,base,random_feasible,44.09043879147066,59.00872583207456,57.37955638096173,0.7683997850861681,10,6,"{""rwh"":3,""drainage"":1,""restoration"":2}"
nanjing_xianlin,180,22056052,10,base,ourea_robust,323.24196817410484,382.4936695216784,372.9122498635934,0.8668043709809551,10,10,"{""rwh"":10}"
nanjing_xianlin,180,22056052,10,base,deterministic_central,286.045996554516,348.05961700836633,342.8532292537493,0.8343103466667667,10,8,"{""rwh"":7,""drainage"":1}"
nanjing_xianlin,180,22056052,10,base,greedy_opportunity,169.25345111576826,215.23383857257977,211.3820441416956,0.8006992826803808,10,10,"{""rwh"":10}"
nanjing_xianlin,180,22056052,10,base,hazard_only,261.1166184487447,317.37537769690243,312.5581758961689,0.8354176552895133,10,6,"{""rwh"":4,""drainage"":2}"
nanjing_xianlin,180,22056052,10,base,random_feasible,44.03068016432735,59.00872583207456,58.94517202152201,0.7469768711210293,10,6,"{""rwh"":3,""drainage"":1,""restoration"":2}"
nanjing_xianlin,181,22066025,10,base,ourea_robust,330.6253092678144,382.4936695216784,383.5520496720601,0.8620089751847279,10,10,"{""rwh"":10}"
nanjing_xianlin,181,22066025,10,base,deterministic_central,292.0901104935765,348.05961700836633,353.7779785022849,0.8256311252897558,10,8,"{""rwh"":7,""drainage"":1}"
nanjing_xianlin,181,22066025,10,base,greedy_opportunity,180.37455234460685,215.23383857257977,219.60454017118536,0.8213607615033911,10,10,"{""rwh"":10}"
nanjing_xianlin,181,22066025,10,base,hazard_only,267.845979225418,317.37537769690243,319.03140913264906,0.8395599040032172,10,6,"{""rwh"":4,""drainage"":2}"
nanjing_xianlin,181,22066025,10,base,random_feasible,43.230563107059425,59.00872583207456,57.82438975299556,0.7476181468014522,10,6,"{""rwh"":3,""drainage"":1,""restoration"":2}"
nanjing_xianlin,182,22075998,10,base,ourea_robust,325.90359353448,382.4936695216784,376.2011506222443,0.8663014267644553,10,10,"{""rwh"":10}"
nanjing_xianlin,182,22075998,10,base,deterministic_central,290.2089564874168,348.05961700836633,344.85353533572743,0.8415426456477758,10,8,"{""rwh"":7,""drainage"":1}"
nanjing_xianlin,182,22075998,10,base,greedy_opportunity,170.47269032199983,215.23383857257977,210.95271703099206,0.8081085312447286,10,10,"{""rwh"":10}"
nanjing_xianlin,182,22075998,10,base,hazard_only,261.71947196844485,317.37537769690243,314.7496334015268,0.8315163679144584,10,6,"{""rwh"":4,""drainage"":2}"
nanjing_xianlin,182,22075998,10,base,random_feasible,45.06467503106978,59.00872583207456,59.15265110647124,0.7618369453966832,10,6,"{""rwh"":3,""drainage"":1,""restoration"":2}"
nanjing_xianlin,183,22085971,10,base,ourea_robust,332.73383508835104,382.4936695216784,385.96688667287344,0.8620787082451451,10,10,"{""rwh"":10}"
nanjing_xianlin,183,22085971,10,base,deterministic_central,296.5822280090433,348.05961700836633,351.2056443404308,0.8444688540414234,10,8,"{""rwh"":7,""drainage"":1}"
nanjing_xianlin,183,22085971,10,base,greedy_opportunity,182.3276927262923,215.23383857257977,221.99131310326266,0.8213280518840833,10,10,"{""rwh"":10}"
nanjing_xianlin,183,22085971,10,base,hazard_only,266.507391045041,317.37537769690243,321.7351547148028,0.8283440187979533,10,6,"{""rwh"":4,""drainage"":2}"
nanjing_xianlin,183,22085971,10,base,random_feasible,44.06995264253237,59.00872583207456,58.47903513676829,0.7536025951772877,10,6,"{""rwh"":3,""drainage"":1,""restoration"":2}"
nanjing_xianlin,184,22095944,10,base,ourea_robust,321.8165110054779,382.4936695216784,376.6909396974406,0.8543250635758904,10,10,"{""rwh"":10}"
nanjing_xianlin,184,22095944,10,base,deterministic_central,288.75902238210256,348.05961700836633,342.6291116821794,0.8427743368460575,10,8,"{""rwh"":7,""drainage"":1}"
nanjing_xianlin,184,22095944,10,base,greedy_opportunity,170.95907046961656,215.23383857257977,210.29559835282816,0.812946499159655,10,10,"{""rwh"":10}"
nanjing_xianlin,184,22095944,10,base,hazard_only,264.17277646141883,317.37537769690243,309.82933966330893,0.8526396394495596,10,6,"{""rwh"":4,""drainage"":2}"
nanjing_xianlin,184,22095944,10,base,random_feasible,46.37922951939072,59.00872583207456,59.96861115802858,0.7733917565169671,10,6,"{""rwh"":3,""drainage"":1,""restoration"":2}"
nanjing_xianlin,185,22105917,10,base,ourea_robust,329.6513740162427,382.4936695216784,384.79975845037006,0.8566829026706881,10,10,"{""rwh"":10}"
nanjing_xianlin,185,22105917,10,base,deterministic_central,294.3454943124307,348.05961700836633,349.3520849183733,0.8425468374725887,10,8,"{""rwh"":7,""drainage"":1}"
nanjing_xianlin,185,22105917,10,base,greedy_opportunity,177.1430630567611,215.23383857257977,220.92265295922516,0.8018329523204472,10,10,"{""rwh"":10}"
nanjing_xianlin,185,22105917,10,base,hazard_only,266.18377976681586,317.37537769690243,318.74986925553094,0.8350867104306963,10,6,"{""rwh"":4,""drainage"":2}"
nanjing_xianlin,185,22105917,10,base,random_feasible,44.39638535222366,59.00872583207456,58.797407074600414,0.7550738639868053,10,6,"{""rwh"":3,""drainage"":1,""restoration"":2}"
nanjing_xianlin,186,22115890,10,base,ourea_robust,322.5160688679862,382.4936695216784,376.4403672587232,0.8567520832491499,10,10,"{""rwh"":10}"
nanjing_xianlin,186,22115890,10,base,deterministic_central,289.10025446387044,348.05961700836633,343.63058091055245,0.8413111944164354,10,8,"{""rwh"":7,""drainage"":1}"
nanjing_xianlin,186,22115890,10,base,greedy_opportunity,172.62298078820095,215.23383857257977,210.2093053994904,0.8211957147193896,10,10,"{""rwh"":10}"
nanjing_xianlin,186,22115890,10,base,hazard_only,255.34161621097155,317.37537769690243,314.14845852401595,0.8128055678218497,10,6,"{""rwh"":4,""drainage"":2}"
nanjing_xianlin,186,22115890,10,base,random_feasible,43.36124456838115,59.00872583207456,58.54382580512356,0.7406629814853392,10,6,"{""rwh"":3,""drainage"":1,""restoration"":2}"
nanjing_xianlin,187,22125863,10,base,ourea_robust,329.49858782551746,382.4936695216784,385.41242378480274,0.8549246663867144,10,10,"{""rwh"":10}"
nanjing_xianlin,187,22125863,10,base,deterministic_central,296.99903956569324,348.05961700836633,347.4949486234236,0.8546859191543177,10,8,"{""rwh"":7,""drainage"":1}"
nanjing_xianlin,187,22125863,10,base,greedy_opportunity,179.83859658499387,215.23383857257977,217.3550967889514,0.827395350934027,10,10,"{""rwh"":10}"
nanjing_xianlin,187,22125863,10,base,hazard_only,260.2809275323307,317.37537769690243,317.3557558036118,0.8201550555566398,10,6,"{""rwh"":4,""drainage"":2}"
nanjing_xianlin,187,22125863,10,base,random_feasible,43.22102997257025,59.00872583207456,58.13117295708071,0.7435086507626659,10,6,"{""rwh"":3,""drainage"":1,""restoration"":2}"
nanjing_xianlin,188,22135836,10,base,ourea_robust,322.66221046086866,382.4936695216784,376.5789017536699,0.8568249813207285,10,10,"{""rwh"":10}"
nanjing_xianlin,188,22135836,10,base,deterministic_central,289.2423349502533,348.05961700836633,346.9226701111038,0.8337371981416548,10,8,"{""rwh"":7,""drainage"":1}"
nanjing_xianlin,188,22135836,10,base,greedy_opportunity,170.01043065786507,215.23383857257977,210.7232324747838,0.806794906575901,10,10,"{""rwh"":10}"
nanjing_xianlin,188,22135836,10,base,hazard_only,265.7093082570027,317.37537769690243,312.00251520490565,0.851625532834246,10,6,"{""rwh"":4,""drainage"":2}"
nanjing_xianlin,188,22135836,10,base,random_feasible,43.4136856446039,59.00872583207456,58.891759228008596,0.7371775985927177,10,6,"{""rwh"":3,""drainage"":1,""restoration"":2}"
nanjing_xianlin,189,22145809,10,base,ourea_robust,333.75729655071336,382.4936695216784,387.2177491555831,0.8619369780402565,10,10,"{""rwh"":10}"
nanjing_xianlin,189,22145809,10,base,deterministic_central,298.7236898507308,348.05961700836633,348.3427060310496,0.857556896351675,10,8,"{""rwh"":7,""drainage"":1}"
nanjing_xianlin,189,22145809,10,base,greedy_opportunity,177.98323779124985,215.23383857257977,221.76019658659425,0.8025932540231578,10,10,"{""rwh"":10}"
nanjing_xianlin,189,22145809,10,base,hazard_only,269.7869667203813,317.37537769690243,318.49705862452174,0.8470626632644508,10,6,"{""rwh"":4,""drainage"":2}"
nanjing_xianlin,189,22145809,10,base,random_feasible,44.38816644230246,59.00872583207456,57.40587369176137,0.7732338798751329,10,6,"{""rwh"":3,""drainage"":1,""restoration"":2}"
nanjing_xianlin,190,22155782,10,base,ourea_robust,323.89150462072575,382.4936695216784,375.2039756003742,0.8632411319801664,10,10,"{""rwh"":10}"
nanjing_xianlin,190,22155782,10,base,deterministic_central,288.6302260431057,348.05961700836633,342.86130858852266,0.8418279310410579,10,8,"{""rwh"":7,""drainage"":1}"
nanjing_xianlin,190,22155782,10,base,greedy_opportunity,173.0408824872993,215.23383857257977,212.06503526312554,0.8159802594170891,10,10,"{""rwh"":10}"
nanjing_xianlin,190,22155782,10,base,hazard_only,255.1190836745409,317.37537769690243,311.94120210294204,0.8178434972830245,10,6,"{""rwh"":4,""drainage"":2}"
nanjing_xianlin,190,22155782,10,base,random_feasible,45.08490299781806,59.00872583207456,58.65394063102576,0.7686594031496294,10,6,"{""rwh"":3,""drainage"":1,""restoration"":2}"
nanjing_xianlin,191,22165755,10,base,ourea_robust,333.5808487950926,382.4936695216784,388.37872477239944,0.8589060819193434,10,10,"{""rwh"":10}"
nanjing_xianlin,191,22165755,10,base,deterministic_central,293.2469186115395,348.05961700836633,350.2066842737531,0.8373538592493319,10,8,"{""rwh"":7,""drainage"":1}"
nanjing_xianlin,191,22165755,10,base,greedy_opportunity,179.5117047023159,215.23383857257977,221.22022489144547,0.8114615415041899,10,10,"{""rwh"":10}"
nanjing_xianlin,191,22165755,10,base,hazard_only,256.05153648376836,317.37537769690243,317.54553086999294,0.8063458987511275,10,6,"{""rwh"":4,""drainage"":2}"
nanjing_xianlin,191,22165755,10,base,random_feasible,45.20485426216874,59.00872583207456,59.11589467452359,0.7646818932717615,10,6,"{""rwh"":3,""drainage"":1,""restoration"":2}"
nanjing_xianlin,192,22175728,10,base,ourea_robust,320.7109860717501,382.4936695216784,375.5421346710391,0.8539946825212594,10,10,"{""rwh"":10}"
nanjing_xianlin,192,22175728,10,base,deterministic_central,288.1890879302955,348.05961700836633,346.28272747418305,0.8322363925927588,10,8,"{""rwh"":7,""drainage"":1}"
nanjing_xianlin,192,22175728,10,base,greedy_opportunity,171.05114051204873,215.23383857257977,210.5412356786601,0.8124353405672826,10,10,"{""rwh"":10}"
nanjing_xianlin,192,22175728,10,base,hazard_only,260.779010417451,317.37537769690243,309.0676610298633,0.8437602612596001,10,6,"{""rwh"":4,""drainage"":2}"
nanjing_xianlin,192,22175728,10,base,random_feasible,46.495974157514866,59.00872583207456,60.835779562017706,0.7642866499329652,10,6,"{""rwh"":3,""drainage"":1,""restoration"":2}"
nanjing_xianlin,193,22185701,10,base,ourea_robust,333.79466896765734,382.4936695216784,388.4528725265809,0.8592925746605634,10,10,"{""rwh"":10}"
nanjing_xianlin,193,22185701,10,base,deterministic_central,294.46003031419787,348.05961700836633,351.9397045821934,0.8366774946969034,10,8,"{""rwh"":7,""drainage"":1}"
nanjing_xianlin,193,22185701,10,base,greedy_opportunity,177.9211371571455,215.23383857257977,222.43227491471407,0.7998890324048736,10,10,"{""rwh"":10}"
nanjing_xianlin,193,22185701,10,base,hazard_only,264.9657880570885,317.37537769690243,320.33025603700844,0.8271644125507659,10,6,"{""rwh"":4,""drainage"":2}"
nanjing_xianlin,193,22185701,10,base,random_feasible,43.95542951232164,59.00872583207456,59.357066823678906,0.7405256335002525,10,6,"{""rwh"":3,""drainage"":1,""restoration"":2}"
nanjing_xianlin,194,22195674,10,base,ourea_robust,324.2267098246848,382.4936695216784,373.51886891199683,0.8680330146884078,10,10,"{""rwh"":10}"
nanjing_xianlin,194,22195674,10,base,deterministic_central,288.0007490970802,348.05961700836633,342.09765053722003,0.8418670769729413,10,8,"{""rwh"":7,""drainage"":1}"
nanjing_xianlin,194,22195674,10,base,greedy_opportunity,171.34264632224586,215.23383857257977,211.13275255978806,0.8115398688496966,10,10,"{""rwh"":10}"
nanjing_xianlin,194,22195674,10,base,hazard_only,254.2558309897704,317.37537769690243,313.84843838758025,0.8101229762239018,10,6,"{""rwh"":4,""drainage"":2}"
nanjing_xianlin,194,22195674,10,base,random_feasible,45.30344607215375,59.00872583207456,59.08678180928473,0.7667272558248365,10,6,"{""rwh"":3,""drainage"":1,""restoration"":2}"
nanjing_xianlin,195,22205647,10,base,ourea_robust,332.83904623588387,382.4936695216784,389.15247230749446,0.8552921282044079,10,10,"{""rwh"":10}"
nanjing_xianlin,195,22205647,10,base,deterministic_central,292.5569803178096,348.05961700836633,348.0481640427115,0.8405646417428244,10,8,"{""rwh"":7,""drainage"":1}"
nanjing_xianlin,195,22205647,10,base,greedy_opportunity,179.16509018024226,215.23383857257977,221.93182591388359,0.8072978692554166,10,10,"{""rwh"":10}"
nanjing_xianlin,195,22205647,10,base,hazard_only,260.8434373950022,317.37537769690243,318.9664386222885,0.8177770630717861,10,6,"{""rwh"":4,""drainage"":2}"
nanjing_xianlin,195,22205647,10,base,random_feasible,44.139089971047724,59.00872583207456,58.365789629137,0.7562493414637689,10,6,"{""rwh"":3,""drainage"":1,""restoration"":2}"
nanjing_xianlin,196,22215620,10,base,ourea_robust,322.53840179383224,382.4936695216784,375.81471264497304,0.8582378255598785,10,10,"{""rwh"":10}"
nanjing_xianlin,196,22215620,10,base,deterministic_central,293.0675557069626,348.05961700836633,350.17961985209695,0.8369063734512694,10,8,"{""rwh"":7,""drainage"":1}"
nanjing_xianlin,196,22215620,10,base,greedy_opportunity,173.34614573624276,215.23383857257977,212.0475731411334,0.8174870533456567,10,10,"{""rwh"":10}"
nanjing_xianlin,196,22215620,10,base,hazard_only,263.90552924618714,317.37537769690243,312.50199684721156,0.8444922973571135,10,6,"{""rwh"":4,""drainage"":2}"
nanjing_xianlin,196,22215620,10,base,random_feasible,44.93747869744584,59.00872583207456,58.901039646198114,0.7629318424152199,10,6,"{""rwh"":3,""drainage"":1,""restoration"":2}"
nanjing_xianlin,197,22225593,10,base,ourea_robust,334.5412578089199,382.4936695216784,390.62283765177017,0.8564303608565624,10,10,"{""rwh"":10}"
nanjing_xianlin,197,22225593,10,base,deterministic_central,293.54766928535537,348.05961700836633,347.30780361633697,0.8452089651565411,10,8,"{""rwh"":7,""drainage"":1}"
nanjing_xianlin,197,22225593,10,base,greedy_opportunity,179.06852188195808,215.23383857257977,221.05178020217136,0.8100750046807319,10,10,"{""rwh"":10}"
nanjing_xianlin,197,22225593,10,base,hazard_only,260.07567684586684,317.37537769690243,318.30178499448266,0.817072630775146,10,6,"{""rwh"":4,""drainage"":2}"
nanjing_xianlin,197,22225593,10,base,random_feasible,43.42620951551726,59.00872583207456,57.66580066962888,0.7530669653632113,10,6,"{""rwh"":3,""drainage"":1,""restoration"":2}"
nanjing_xianlin,198,22235566,10,base,ourea_robust,316.62554509014626,382.4936695216784,376.251626944244,0.8415260491008226,10,10,"{""rwh"":10}"
nanjing_xianlin,198,22235566,10,base,deterministic_central,285.7034890579289,348.05961700836633,348.3479894588563,0.8201668954706959,10,8,"{""rwh"":7,""drainage"":1}"
nanjing_xianlin,198,22235566,10,base,greedy_opportunity,174.72216052045405,215.23383857257977,211.27852072708993,0.826975500960384,10,10,"{""rwh"":10}"
nanjing_xianlin,198,22235566,10,base,hazard_only,250.75989754290276,317.37537769690243,313.98378324580335,0.7986396461329166,10,6,"{""rwh"":4,""drainage"":2}"
nanjing_xianlin,198,22235566,10,base,random_feasible,46.87251774438482,59.00872583207456,59.14013804666138,0.7925669315719649,10,6,"{""rwh"":3,""drainage"":1,""restoration"":2}"
nanjing_xianlin,199,22245539,10,base,ourea_robust,334.340853108768,382.4936695216784,391.17576144298437,0.8547074897366811,10,10,"{""rwh"":10}"
nanjing_xianlin,199,22245539,10,base,deterministic_central,298.7067684028425,348.05961700836633,347.94771540666443,0.8584817637147826,10,8,"{""rwh"":7,""drainage"":1}"
nanjing_xianlin,199,22245539,10,base,greedy_opportunity,179.05401755974708,215.23383857257977,223.72546687737122,0.8003291715461721,10,10,"{""rwh"":10}"
nanjing_xianlin,199,22245539,10,base,hazard_only,262.1396563111266,317.37537769690243,320.71918051855573,0.8173494827695847,10,6,"{""rwh"":4,""drainage"":2}"
nanjing_xianlin,199,22245539,10,base,random_feasible,45.26418654711779,59.00872583207456,60.03330362885026,0.7539846020628646,10,6,"{""rwh"":3,""drainage"":1,""restoration"":2}"
nanjing_xianlin,200,22255512,10,base,ourea_robust,319.9804990726934,382.4936695216784,377.45041387127276,0.847741815384049,10,10,"{""rwh"":10}"
nanjing_xianlin,200,22255512,10,base,deterministic_central,287.4279241304048,348.05961700836633,346.14519184399614,0.8303680966914757,10,8,"{""rwh"":7,""drainage"":1}"
nanjing_xianlin,200,22255512,10,base,greedy_opportunity,176.39899066111684,215.23383857257977,212.5762280343697,0.8298152257767804,10,10,"{""rwh"":10}"
nanjing_xianlin,200,22255512,10,base,hazard_only,262.3426734656605,317.37537769690243,310.8535691184388,0.8439429349633907,10,6,"{""rwh"":4,""drainage"":2}"
nanjing_xianlin,200,22255512,10,base,random_feasible,43.92889601494062,59.00872583207456,60.6964625054552,0.7237472202106083,10,6,"{""rwh"":3,""drainage"":1,""restoration"":2}"
nanjing_xianlin,201,22265485,10,base,ourea_robust,337.69997595957466,382.4936695216784,390.96639377657084,0.8637570423829398,10,10,"{""rwh"":10}"
nanjing_xianlin,201,22265485,10,base,deterministic_central,289.06849118138234,348.05961700836633,352.3963891690091,0.8202935673178684,10,8,"{""rwh"":7,""drainage"":1}"
nanjing_xianlin,201,22265485,10,base,greedy_opportunity,179.071587544895,215.23383857257977,220.6175992758308,0.8116831482741673,10,10,"{""rwh"":10}"
nanjing_xianlin,201,22265485,10,base,hazard_only,257.545126506644,317.37537769690243,317.2002711131354,0.8119322395370392,10,6,"{""rwh"":4,""drainage"":2}"
nanjing_xianlin,201,22265485,10,base,random_feasible,42.66729676366231,59.00872583207456,59.67494863344109,0.7149951150481945,10,6,"{""rwh"":3,""drainage"":1,""restoration"":2}"
nanjing_xianlin,202,22275458,10,base,ourea_robust,321.950629857487,382.4936695216784,377.1400461694102,0.8536633357489375,10,10,"{""rwh"":10}"
nanjing_xianlin,202,22275458,10,base,deterministic_central,284.08783476453755,348.05961700836633,343.68229976806833,0.8266001331935112,10,8,"{""rwh"":7,""drainage"":1}"
nanjing_xianlin,202,22275458,10,base,greedy_opportunity,178.08455097172737,215.23383857257977,212.71767704444937,0.8371873623578303,10,10,"{""rwh"":10}"
nanjing_xianlin,202,22275458,10,base,hazard_only,257.69419129910784,317.37537769690243,308.9726307762685,0.8340356576298433,10,6,"{""rwh"":4,""drainage"":2}"
nanjing_xianlin,202,22275458,10,base,random_feasible,44.27662539769335,59.00872583207456,59.358613680487906,0.7459174440296567,10,6,"{""rwh"":3,""drainage"":1,""restoration"":2}"
nanjing_xianlin,203,22285431,10,base,ourea_robust,332.6443851940494,382.4936695216784,387.3221937613962,0.8588312019087907,10,10,"{""rwh"":10}"
nanjing_xianlin,203,22285431,10,base,deterministic_central,294.8159848660689,348.05961700836633,345.1896484132121,0.8540695997730412,10,8,"{""rwh"":7,""drainage"":1}"
nanjing_xianlin,203,22285431,10,base,greedy_opportunity,176.8687383315537,215.23383857257977,219.73507574032192,0.8049180939167548,10,10,"{""rwh"":10}"
nanjing_xianlin,203,22285431,10,base,hazard_only,255.98468046720882,317.37537769690243,315.5681546498872,0.8111866698058162,10,6,"{""rwh"":4,""drainage"":2}"
nanjing_xianlin,203,22285431,10,base,random_feasible,42.479487325394075,59.00872583207456,58.68858158315197,0.7238117906326923,10,6,"{""rwh"":3,""drainage"":1,""restoration"":2}"
nanjing_xianlin,204,22295404,10,base,ourea_robust,323.5845310138775,382.4936695216784,376.7079998406134,0.8589797167853811,10,10,"{""rwh"":10}"
nanjing_xianlin,204,22295404,10,base,deterministic_central,287.3958337808308,348.05961700836633,349.9280847809441,0.8212997077977932,10,8,"{""rwh"":7,""drainage"":1}"
nanjing_xianlin,204,22295404,10,base,greedy_opportunity,177.5265678409378,215.23383857257977,214.3376315442838,0.828256646123569,10,10,"{""rwh"":10}"
nanjing_xianlin,204,22295404,10,base,hazard_only,264.96390399206393,317.37537769690243,314.03731651955604,0.8437338177788303,10,6,"{""rwh"":4,""drainage"":2}"
nanjing_xianlin,204,22295404,10,base,random_feasible,43.382219710303616,59.00872583207456,58.79052960921581,0.7379117010625323,10,6,"{""rwh"":3,""drainage"":1,""restoration"":2}"
nanjing_xianlin,205,22305377,10,base,ourea_robust,331.7174561934153,382.4936695216784,391.18667138926685,0.8479773991668693,10,10,"{""rwh"":10}"
nanjing_xianlin,205,22305377,10,base,deterministic_central,291.4375784725835,348.05961700836633,353.39638026067223,0.8246761844521817,10,8,"{""rwh"":7,""drainage"":1}"
nanjing_xianlin,205,22305377,10,base,greedy_opportunity,177.74894968312583,215.23383857257977,223.41168060165728,0.795611711994826,10,10,"{""rwh"":10}"
nanjing_xianlin,205,22305377,10,base,hazard_only,263.13576167719657,317.37537769690243,322.24356243277725,0.8165741456265365,10,6,"{""rwh"":4,""drainage"":2}"
nanjing_xianlin,205,22305377,10,base,random_feasible,43.06420606927168,59.00872583207456,59.04402329991899,0.7293575820625144,10,6,"{""rwh"":3,""drainage"":1,""restoration"":2}"
nanjing_xianlin,206,22315350,10,base,ourea_robust,324.71939708126774,382.4936695216784,379.06875730394495,0.856624005077003,10,10,"{""rwh"":10}"
nanjing_xianlin,206,22315350,10,base,deterministic_central,284.83975532186923,348.05961700836633,341.476170430662,0.8341424087151844,10,8,"{""rwh"":7,""drainage"":1}"
nanjing_xianlin,206,22315350,10,base,greedy_opportunity,178.8534005705369,215.23383857257977,214.74898682361345,0.8328486351250645,10,10,"{""rwh"":10}"
nanjing_xianlin,206,22315350,10,base,hazard_only,264.3790140128949,317.37537769690243,314.0199655525903,0.8419178492286606,10,6,"{""rwh"":4,""drainage"":2}"
nanjing_xianlin,206,22315350,10,base,random_feasible,46.728463280927826,59.00872583207456,58.99792781917131,0.7920356698653993,10,6,"{""rwh"":3,""drainage"":1,""restoration"":2}"
nanjing_xianlin,207,22325323,10,base,ourea_robust,332.08446039490445,382.4936695216784,388.8758969683604,0.8539599985080161,10,10,"{""rwh"":10}"
nanjing_xianlin,207,22325323,10,base,deterministic_central,288.91938408533315,348.05961700836633,350.1612855886524,0.8251037335541931,10,8,"{""rwh"":7,""drainage"":1}"
nanjing_xianlin,207,22325323,10,base,greedy_opportunity,178.73455824695884,215.23383857257977,222.22329490716766,0.8043016296811909,10,10,"{""rwh"":10}"
nanjing_xianlin,207,22325323,10,base,hazard_only,259.3976280260322,317.37537769690243,318.6462996269638,0.8140613223179008,10,6,"{""rwh"":4,""drainage"":2}"
nanjing_xianlin,207,22325323,10,base,random_feasible,46.16741150525377,59.00872583207456,59.38577810907191,0.777415283175369,10,6,"{""rwh"":3,""drainage"":1,""restoration"":2}"
nanjing_xianlin,208,22335296,10,base,ourea_robust,321.0747743725824,382.4936695216784,376.80198498143,0.8521047849267726,10,10,"{""rwh"":10}"
nanjing_xianlin,208,22335296,10,base,deterministic_central,289.6504217581878,348.05961700836633,342.3119764455205,0.846159181358021,10,8,"{""rwh"":7,""drainage"":1}"
nanjing_xianlin,208,22335296,10,base,greedy_opportunity,179.12561181106685,215.23383857257977,211.88044729447938,0.8454088808020656,10,10,"{""rwh"":10}"
nanjing_xianlin,208,22335296,10,base,hazard_only,264.4100811738899,317.37537769690243,313.16900723126673,0.8443047526048142,10,6,"{""rwh"":4,""drainage"":2}"
nanjing_xianlin,208,22335296,10,base,random_feasible,44.163303807074044,59.00872583207456,59.76126143602596,0.7389955088941784,10,6,"{""rwh"":3,""drainage"":1,""restoration"":2}"
nanjing_xianlin,209,22345269,10,base,ourea_robust,332.2979239325432,382.4936695216784,387.3454528532711,0.8578851810051317,10,10,"{""rwh"":10}"
nanjing_xianlin,209,22345269,10,base,deterministic_central,292.37251525001193,348.05961700836633,351.3663821260998,0.8321015615690978,10,8,"{""rwh"":7,""drainage"":1}"
nanjing_xianlin,209,22345269,10,base,greedy_opportunity,175.62088536627743,215.23383857257977,219.9583067285621,0.7984280656561021,10,10,"{""rwh"":10}"
nanjing_xianlin,209,22345269,10,base,hazard_only,264.09563703422646,317.37537769690243,319.82130603413134,0.8257599855027863,10,6,"{""rwh"":4,""drainage"":2}"
nanjing_xianlin,209,22345269,10,base,random_feasible,43.448668924624144,59.00872583207456,58.60416250600974,0.7413921992344582,10,6,"{""rwh"":3,""drainage"":1,""restoration"":2}"
nanjing_xianlin,210,22355242,10,base,ourea_robust,325.7323467254373,382.4936695216784,377.3196863341909,0.8632794909008197,10,10,"{""rwh"":10}"
nanjing_xianlin,210,22355242,10,base,deterministic_central,287.07108060174505,348.05961700836633,351.57274092666376,0.8165339549508094,10,8,"{""rwh"":7,""drainage"":1}"
nanjing_xianlin,210,22355242,10,base,greedy_opportunity,180.58812343309,215.23383857257977,211.47292677766927,0.8539538662693698,10,10,"{""rwh"":10}"
nanjing_xianlin,210,22355242,10,base,hazard_only,263.33914994268525,317.37537769690243,318.93093093135394,0.8256933536476769,10,6,"{""rwh"":4,""drainage"":2}"
nanjing_xianlin,210,22355242,10,base,random_feasible,42.75993865227974,59.00872583207456,60.386879087900525,0.7080998272826353,10,6,"{""rwh"":3,""drainage"":1,""restoration"":2}"
nanjing_xianlin,211,22365215,10,base,ourea_robust,333.62800885724755,382.4936695216784,391.83124571206827,0.8514584084557908,10,10,"{""rwh"":10}"
nanjing_xianlin,211,22365215,10,base,deterministic_central,293.440611502705,348.05961700836633,349.3594735408806,0.8399388988327171,10,8,"{""rwh"":7,""drainage"":1}"
nanjing_xianlin,211,22365215,10,base,greedy_opportunity,175.43271621234453,215.23383857257977,220.09193143518314,0.7970883578892546,10,10,"{""rwh"":10}"
nanjing_xianlin,211,22365215,10,base,hazard_only,258.66425476614313,317.37537769690243,315.0081211968409,0.8211351941765024,10,6,"{""rwh"":4,""drainage"":2}"
nanjing_xianlin,211,22365215,10,base,random_feasible,43.55723654747453,59.00872583207456,58.484339691116475,0.7447675185788357,10,6,"{""rwh"":3,""drainage"":1,""restoration"":2}"
nanjing_xianlin,212,22375188,10,base,ourea_robust,320.74931004077007,382.4936695216784,376.8044623584392,0.8512354339786293,10,10,"{""rwh"":10}"
nanjing_xianlin,212,22375188,10,base,deterministic_central,293.86860768175393,348.05961700836633,341.15796878314904,0.8613857349717844,10,8,"{""rwh"":7,""drainage"":1}"
nanjing_xianlin,212,22375188,10,base,greedy_opportunity,180.04077819169288,215.23383857257977,214.8171730224458,0.8381116633207011,10,10,"{""rwh"":10}"
nanjing_xianlin,212,22375188,10,base,hazard_only,266.8586342139206,317.37537769690243,314.2697444169353,0.849138801792783,10,6,"{""rwh"":4,""drainage"":2}"
nanjing_xianlin,212,22375188,10,base,random_feasible,43.3134112356729,59.00872583207456,56.97973124024611,0.7601547127881086,10,6,"{""rwh"":3,""drainage"":1,""restoration"":2}"
nanjing_xianlin,213,22385161,10,base,ourea_robust,332.30766520835095,382.4936695216784,388.59098553069816,0.8551605095895851,10,10,"{""rwh"":10}"
nanjing_xianlin,213,22385161,10,base,deterministic_central,292.91718811183455,348.05961700836633,354.0502523342966,0.8273322393660101,10,8,"{""rwh"":7,""drainage"":1}"
nanjing_xianlin,213,22385161,10,base,greedy_opportunity,173.40457912368583,215.23383857257977,218.62757276354932,0.7931505479010501,10,10,"{""rwh"":10}"
nanjing_xianlin,213,22385161,10,base,hazard_only,256.649761115621,317.37537769690243,319.50210611422517,0.8032803421454323,10,6,"{""rwh"":4,""drainage"":2}"
nanjing_xianlin,213,22385161,10,base,random_feasible,43.39640873883036,59.00872583207456,59.16820552253739,0.733441353436019,10,6,"{""rwh"":3,""drainage"":1,""restoration"":2}"
nanjing_xianlin,214,22395134,10,base,ourea_robust,322.96806369553997,382.4936695216784,376.12985838988607,0.8586610621078637,10,10,"{""rwh"":10}"
nanjing_xianlin,214,22395134,10,base,deterministic_central,285.3489932802204,348.05961700836633,345.8762796436422,0.8250030721222533,10,8,"{""rwh"":7,""drainage"":1}"
nanjing_xianlin,214,22395134,10,base,greedy_opportunity,183.16107271701367,215.23383857257977,213.09746366072977,0.8595178448891465,10,10,"{""rwh"":10}"
nanjing_xianlin,214,22395134,10,base,hazard_only,266.07122118819825,317.37537769690243,317.49286769769606,0.8380384199418948,10,6,"{""rwh"":4,""drainage"":2}"
nanjing_xianlin,214,22395134,10,base,random_feasible,46.36519124196457,59.00872583207456,59.0848170791287,0.7847225993755805,10,6,"{""rwh"":3,""drainage"":1,""restoration"":2}"
nanjing_xianlin,215,22405107,10,base,ourea_robust,333.1750621352803,382.4936695216784,388.17961389178527,0.8583012868577925,10,10,"{""rwh"":10}"
nanjing_xianlin,215,22405107,10,base,deterministic_central,293.0629029148877,348.05961700836633,349.4345834375272,0.838677442947722,10,8,"{""rwh"":7,""drainage"":1}"
nanjing_xianlin,215,22405107,10,base,greedy_opportunity,170.3253877362531,215.23383857257977,218.7383244327939,0.7786719047881553,10,10,"{""rwh"":10}"
nanjing_xianlin,215,22405107,10,base,hazard_only,259.1089302272776,317.37537769690243,316.24178908199247,0.8193380482049387,10,6,"{""rwh"":4,""drainage"":2}"
nanjing_xianlin,215,22405107,10,base,random_feasible,45.24730136771905,59.00872583207456,58.54966486685589,0.772802055666981,10,6,"{""rwh"":3,""drainage"":1,""restoration"":2}"
nanjing_xianlin,216,22415080,10,base,ourea_robust,324.409786867036,382.4936695216784,376.85246809839555,0.8608402871925285,10,10,"{""rwh"":10}"
nanjing_xianlin,216,22415080,10,base,deterministic_central,290.2262313124993,348.05961700836633,340.56707751444446,0.8521852242167769,10,8,"{""rwh"":7,""drainage"":1}"
nanjing_xianlin,216,22415080,10,base,greedy_opportunity,180.6439304121559,215.23383857257977,216.41429582329147,0.8347134819580352,10,10,"{""rwh"":10}"
nanjing_xianlin,216,22415080,10,base,hazard_only,261.65928963117403,317.37537769690243,318.5540732589998,0.821396778745417,10,6,"{""rwh"":4,""drainage"":2}"
nanjing_xianlin,216,22415080,10,base,random_feasible,44.47819815486764,59.00872583207456,58.694275939302315,0.7577944772819757,10,6,"{""rwh"":3,""drainage"":1,""restoration"":2}"
nanjing_xianlin,217,22425053,10,base,ourea_robust,328.6075811606552,382.4936695216784,391.4688438326193,0.8394220544947332,10,10,"{""rwh"":10}"
nanjing_xianlin,217,22425053,10,base,deterministic_central,293.26322521770635,348.05961700836633,355.3474519111278,0.825285853720013,10,8,"{""rwh"":7,""drainage"":1}"
nanjing_xianlin,217,22425053,10,base,greedy_opportunity,171.86115577979217,215.23383857257977,218.66020097833461,0.785973647745895,10,10,"{""rwh"":10}"
nanjing_xianlin,217,22425053,10,base,hazard_only,260.74379862656497,317.37537769690243,321.28767933838026,0.8115586603367679,10,6,"{""rwh"":4,""drainage"":2}"
nanjing_xianlin,217,22425053,10,base,random_feasible,43.67136292576288,59.00872583207456,58.27014199907353,0.7494638150436845,10,6,"{""rwh"":3,""drainage"":1,""restoration"":2}"
nanjing_xianlin,218,22435026,10,base,ourea_robust,324.35095304812967,382.4936695216784,375.9876773101623,0.8626637856021113,10,10,"{""rwh"":10}"
nanjing_xianlin,218,22435026,10,base,deterministic_central,291.77163056064455,348.05961700836633,345.78132324613944,0.8438039042176698,10,8,"{""rwh"":7,""drainage"":1}"
nanjing_xianlin,218,22435026,10,base,greedy_opportunity,178.1966305714177,215.23383857257977,213.09758874160616,0.83622077388915,10,10,"{""rwh"":10}"
nanjing_xianlin,218,22435026,10,base,hazard_only,263.8471467871277,317.37537769690243,318.0411138042382,0.8296007507681282,10,6,"{""rwh"":4,""drainage"":2}"
nanjing_xianlin,218,22435026,10,base,random_feasible,39.89875917190875,59.00872583207456,58.61151430390055,0.6807324404729382,10,6,"{""rwh"":3,""drainage"":1,""restoration"":2}"
nanjing_xianlin,219,22444999,10,base,ourea_robust,329.3776021643971,382.4936695216784,391.45767434512345,0.841413066471155,10,10,"{""rwh"":10}"
nanjing_xianlin,219,22444999,10,base,deterministic_central,294.8862676936642,348.05961700836633,348.19447960787693,0.8469010422731389,10,8,"{""rwh"":7,""drainage"":1}"
nanjing_xianlin,219,22444999,10,base,greedy_opportunity,173.0067128438459,215.23383857257977,215.8336328178757,0.8015743912804918,10,10,"{""rwh"":10}"
nanjing_xianlin,219,22444999,10,base,hazard_only,257.91622566647675,317.37537769690243,316.3835085520368,0.8152012310845724,10,6,"{""rwh"":4,""drainage"":2}"
nanjing_xianlin,219,22444999,10,base,random_feasible,45.29298535064663,59.00872583207456,58.272879866006406,0.7772566836372948,10,6,"{""rwh"":3,""drainage"":1,""restoration"":2}"
nanjing_xianlin,220,22454972,10,base,ourea_robust,328.88370402484543,382.4936695216784,379.446249242219,0.8667464882882607,10,10,"{""rwh"":10}"
nanjing_xianlin,220,22454972,10,base,deterministic_central,298.3601515256905,348.05961700836633,346.90436835177934,0.8600645559560599,10,8,"{""rwh"":7,""drainage"":1}"
nanjing_xianlin,220,22454972,10,base,greedy_opportunity,180.8469249996033,215.23383857257977,213.74984420043984,0.8460681020661589,10,10,"{""rwh"":10}"
nanjing_xianlin,220,22454972,10,base,hazard_only,266.94685889423454,317.37537769690243,319.13748830541954,0.8364634951277246,10,6,"{""rwh"":4,""drainage"":2}"
nanjing_xianlin,220,22454972,10,base,random_feasible,44.08066756989683,59.00872583207456,57.62935504343841,0.7648995470567181,10,6,"{""rwh"":3,""drainage"":1,""restoration"":2}"
nanjing_xianlin,221,22464945,10,base,ourea_robust,330.3594913948655,382.4936695216784,391.7692128161725,0.8432502621125516,10,10,"{""rwh"":10}"
nanjing_xianlin,221,22464945,10,base,deterministic_central,293.2652968045768,348.05961700836633,352.5505381760686,0.8318390274534656,10,8,"{""rwh"":7,""drainage"":1}"
nanjing_xianlin,221,22464945,10,base,greedy_opportunity,174.06170218360603,215.23383857257977,218.60164149251432,0.7962506639711876,10,10,"{""rwh"":10}"
nanjing_xianlin,221,22464945,10,base,hazard_only,263.21326024796144,317.37537769690243,319.287299999487,0.8243774814982755,10,6,"{""rwh"":4,""drainage"":2}"
nanjing_xianlin,221,22464945,10,base,random_feasible,42.979473648800194,59.00872583207456,58.15206952705739,0.7390876025280994,10,6,"{""rwh"":3,""drainage"":1,""restoration"":2}"
nanjing_xianlin,222,22474918,10,base,ourea_robust,322.9571125773655,382.4936695216784,376.3067849456256,0.8582282475295552,10,10,"{""rwh"":10}"
nanjing_xianlin,222,22474918,10,base,deterministic_central,286.4842502222509,348.05961700836633,343.00392917098543,0.8352214824904826,10,8,"{""rwh"":7,""drainage"":1}"
nanjing_xianlin,222,22474918,10,base,greedy_opportunity,178.74436008592238,215.23383857257977,216.50713012064625,0.8255818641460861,10,10,"{""rwh"":10}"
nanjing_xianlin,222,22474918,10,base,hazard_only,260.45786666309505,317.37537769690243,318.202117738947,0.8185296456033478,10,6,"{""rwh"":4,""drainage"":2}"
nanjing_xianlin,222,22474918,10,base,random_feasible,44.48945743278637,59.00872583207456,58.01659348497924,0.7668402220875807,10,6,"{""rwh"":3,""drainage"":1,""restoration"":2}"
nanjing_xianlin,223,22484891,10,base,ourea_robust,328.3634477762007,382.4936695216784,389.43203431978327,0.8431855082228907,10,10,"{""rwh"":10}"
nanjing_xianlin,223,22484891,10,base,deterministic_central,290.19817960292676,348.05961700836633,348.1434168812939,0.8335592906008484,10,8,"{""rwh"":7,""drainage"":1}"
nanjing_xianlin,223,22484891,10,base,greedy_opportunity,171.10197946254084,215.23383857257977,213.98850536521604,0.7995849084067371,10,10,"{""rwh"":10}"
nanjing_xianlin,223,22484891,10,base,hazard_only,259.8208715912933,317.37537769690243,317.3370636006257,0.8187536263280059,10,6,"{""rwh"":4,""drainage"":2}"
nanjing_xianlin,223,22484891,10,base,random_feasible,43.97520907427861,59.00872583207456,58.76044570603881,0.7483811354031182,10,6,"{""rwh"":3,""drainage"":1,""restoration"":2}"
nanjing_xianlin,224,22494864,10,base,ourea_robust,323.41031123050925,382.4936695216784,378.30068118617237,0.8549027990550986,10,10,"{""rwh"":10}"
nanjing_xianlin,224,22494864,10,base,deterministic_central,292.3342777027992,348.05961700836633,344.890400012433,0.8476150037584718,10,8,"{""rwh"":7,""drainage"":1}"
nanjing_xianlin,224,22494864,10,base,greedy_opportunity,178.88004362278298,215.23383857257977,218.01797790083583,0.8204829956919676,10,10,"{""rwh"":10}"
nanjing_xianlin,224,22494864,10,base,hazard_only,266.76197432658955,317.37537769690243,314.534930833428,0.8481155769241473,10,6,"{""rwh"":4,""drainage"":2}"
nanjing_xianlin,224,22494864,10,base,random_feasible,44.51262614570987,59.00872583207456,59.30277586930424,0.7505993689706875,10,6,"{""rwh"":3,""drainage"":1,""restoration"":2}"
nanjing_xianlin,225,22504837,10,base,ourea_robust,331.92856567479976,382.4936695216784,391.16418426849486,0.8485658427433228,10,10,"{""rwh"":10}"
nanjing_xianlin,225,22504837,10,base,deterministic_central,292.37115959523,348.05961700836633,354.3210836773869,0.825158798231259,10,8,"{""rwh"":7,""drainage"":1}"
nanjing_xianlin,225,22504837,10,base,greedy_opportunity,172.52165188905929,215.23383857257977,214.50799802295114,0.8042667568535158,10,10,"{""rwh"":10}"
nanjing_xianlin,225,22504837,10,base,hazard_only,260.77585058495606,317.37537769690243,322.2266686209987,0.8092931963110702,10,6,"{""rwh"":4,""drainage"":2}"
nanjing_xianlin,225,22504837,10,base,random_feasible,44.686904257325295,59.00872583207456,59.331135249061845,0.7531779742581597,10,6,"{""rwh"":3,""drainage"":1,""restoration"":2}"
nanjing_xianlin,226,22514810,10,base,ourea_robust,323.72907031634895,382.4936695216784,377.666956091718,0.8571813474667082,10,10,"{""rwh"":10}"
nanjing_xianlin,226,22514810,10,base,deterministic_central,288.3294734135652,348.05961700836633,346.9399234374723,0.8310645559519464,10,8,"{""rwh"":7,""drainage"":1}"
nanjing_xianlin,226,22514810,10,base,greedy_opportunity,178.70755824356456,215.23383857257977,217.91790206242877,0.8200682759526967,10,10,"{""rwh"":10}"
nanjing_xianlin,226,22514810,10,base,hazard_only,262.1462933622388,317.37537769690243,319.7938141958839,0.819735347356237,10,6,"{""rwh"":4,""drainage"":2}"
nanjing_xianlin,226,22514810,10,base,random_feasible,42.12140231969897,59.00872583207456,59.341394361536004,0.7098148395886243,10,6,"{""rwh"":3,""drainage"":1,""restoration"":2}"
nanjing_xianlin,227,22524783,10,base,ourea_robust,326.4893511451701,382.4936695216784,388.98476887698416,0.8393371084625214,10,10,"{""rwh"":10}"
nanjing_xianlin,227,22524783,10,base,deterministic_central,297.62523799633163,348.05961700836633,349.55049246619456,0.851451347976903,10,8,"{""rwh"":7,""drainage"":1}"
nanjing_xianlin,227,22524783,10,base,greedy_opportunity,173.0489705802538,215.23383857257977,213.32808947654303,0.811186989040568,10,10,"{""rwh"":10}"
nanjing_xianlin,227,22524783,10,base,hazard_only,261.5071533639966,317.37537769690243,318.1232895562189,0.8220308350539138,10,6,"{""rwh"":4,""drainage"":2}"
nanjing_xianlin,227,22524783,10,base,random_feasible,45.33213337621237,59.00872583207456,57.206219181784036,0.7924336553716402,10,6,"{""rwh"":3,""drainage"":1,""restoration"":2}"
nanjing_xianlin,228,22534756,10,base,ourea_robust,324.00328844086835,382.4936695216784,377.05663169920626,0.85929608764802,10,10,"{""rwh"":10}"
nanjing_xianlin,228,22534756,10,base,deterministic_central,291.1575833355382,348.05961700836633,344.4191544107798,0.8453582781527943,10,8,"{""rwh"":7,""drainage"":1}"
nanjing_xianlin,228,22534756,10,base,greedy_opportunity,178.72414578328244,215.23383857257977,217.3369908164932,0.8223365250059378,10,10,"{""rwh"":10}"
nanjing_xianlin,228,22534756,10,base,hazard_only,263.6269318372124,317.37537769690243,318.66896275723775,0.8272752060828829,10,6,"{""rwh"":4,""drainage"":2}"
nanjing_xianlin,228,22534756,10,base,random_feasible,43.78025667559814,59.00872583207456,57.92092189216055,0.7558625665024797,10,6,"{""rwh"":3,""drainage"":1,""restoration"":2}"
nanjing_xianlin,229,22544729,10,base,ourea_robust,328.8581760652032,382.4936695216784,388.1958469363599,0.847145013684589,10,10,"{""rwh"":10}"
nanjing_xianlin,229,22544729,10,base,deterministic_central,297.7434347791568,348.05961700836633,352.23392687452724,0.8453002736593825,10,8,"{""rwh"":7,""drainage"":1}"
nanjing_xianlin,229,22544729,10,base,greedy_opportunity,171.72936121518615,215.23383857257977,214.26120274466484,0.8014953664748914,10,10,"{""rwh"":10}"
nanjing_xianlin,229,22544729,10,base,hazard_only,257.39757083883705,317.37537769690243,322.07881103406544,0.7991757359400237,10,6,"{""rwh"":4,""drainage"":2}"
nanjing_xianlin,229,22544729,10,base,random_feasible,43.931906532963694,59.00872583207456,56.97633129660426,0.7710553756833761,10,6,"{""rwh"":3,""drainage"":1,""restoration"":2}"
nanjing_xianlin,230,22554702,10,base,ourea_robust,322.9809808071295,382.4936695216784,381.08973349663574,0.8475195010992884,10,10,"{""rwh"":10}"
nanjing_xianlin,230,22554702,10,base,deterministic_central,285.26542813396736,348.05961700836633,349.0917863647355,0.8171645374546809,10,8,"{""rwh"":7,""drainage"":1}"
nanjing_xianlin,230,22554702,10,base,greedy_opportunity,179.33334083726368,215.23383857257977,217.77520909876512,0.8234791351109789,10,10,"{""rwh"":10}"
nanjing_xianlin,230,22554702,10,base,hazard_only,265.82522289160624,317.37537769690243,320.7528842656884,0.8287539596102772,10,6,"{""rwh"":4,""drainage"":2}"
nanjing_xianlin,230,22554702,10,base,random_feasible,45.59481370141839,59.00872583207456,57.88472479812299,0.7876830003154283,10,6,"{""rwh"":3,""drainage"":1,""restoration"":2}"
nanjing_xianlin,231,22564675,10,base,ourea_robust,330.4915548322351,382.4936695216784,386.69259105250603,0.8546622368240828,10,10,"{""rwh"":10}"
nanjing_xianlin,231,22564675,10,base,deterministic_central,299.95397401934315,348.05961700836633,347.21489074511373,0.8638856858231225,10,8,"{""rwh"":7,""drainage"":1}"
nanjing_xianlin,231,22564675,10,base,greedy_opportunity,172.5751378062214,215.23383857257977,213.628647886424,0.8078276931190016,10,10,"{""rwh"":10}"
nanjing_xianlin,231,22564675,10,base,hazard_only,262.18314083535006,317.37537769690243,318.11742137101464,0.8241709608527555,10,6,"{""rwh"":4,""drainage"":2}"
nanjing_xianlin,231,22564675,10,base,random_feasible,43.9194549365202,59.00872583207456,59.02269937462734,0.744111255531635,10,6,"{""rwh"":3,""drainage"":1,""restoration"":2}"
nanjing_xianlin,232,22574648,10,base,ourea_robust,321.2129303640577,382.4936695216784,376.80877613437224,0.8524560750928775,10,10,"{""rwh"":10}"
nanjing_xianlin,232,22574648,10,base,deterministic_central,288.9473790868069,348.05961700836633,341.5767466065172,0.8459222764940225,10,8,"{""rwh"":7,""drainage"":1}"
nanjing_xianlin,232,22574648,10,base,greedy_opportunity,179.3649978445028,215.23383857257977,217.41628355908506,0.8249841957939574,10,10,"{""rwh"":10}"
nanjing_xianlin,232,22574648,10,base,hazard_only,265.6269493407017,317.37537769690243,317.9158896498502,0.8355258670249571,10,6,"{""rwh"":4,""drainage"":2}"
nanjing_xianlin,232,22574648,10,base,random_feasible,45.31711823047772,59.00872583207456,59.33489361366628,0.7637515713020521,10,6,"{""rwh"":3,""drainage"":1,""restoration"":2}"
nanjing_xianlin,233,22584621,10,base,ourea_robust,324.95347691379357,382.4936695216784,387.3436719168294,0.8389280643355075,10,10,"{""rwh"":10}"
nanjing_xianlin,233,22584621,10,base,deterministic_central,289.4816265413174,348.05961700836633,355.4152648578929,0.8144884453881348,10,8,"{""rwh"":7,""drainage"":1}"
nanjing_xianlin,233,22584621,10,base,greedy_opportunity,170.57477740157447,215.23383857257977,212.72748694826623,0.8018464367186221,10,10,"{""rwh"":10}"
nanjing_xianlin,233,22584621,10,base,hazard_only,258.6508252388121,317.37537769690243,319.68605512871727,0.8090775968775674,10,6,"{""rwh"":4,""drainage"":2}"
nanjing_xianlin,233,22584621,10,base,random_feasible,42.88995242768215,59.00872583207456,58.62581333500384,0.731588185951422,10,6,"{""rwh"":3,""drainage"":1,""restoration"":2}"
nanjing_xianlin,234,22594594,10,base,ourea_robust,327.54462513682483,382.4936695216784,377.31605502908496,0.8680908770541885,10,10,"{""rwh"":10}"
nanjing_xianlin,234,22594594,10,base,deterministic_central,288.9366720483049,348.05961700836633,346.10368270413164,0.8348269217791126,10,8,"{""rwh"":7,""drainage"":1}"
nanjing_xianlin,234,22594594,10,base,greedy_opportunity,180.40556479637598,215.23383857257977,217.50389153899414,0.8294360322469579,10,10,"{""rwh"":10}"
nanjing_xianlin,234,22594594,10,base,hazard_only,263.7064525630176,317.37537769690243,320.30527058307234,0.8232972628985334,10,6,"{""rwh"":4,""drainage"":2}"
nanjing_xianlin,234,22594594,10,base,random_feasible,42.05328960554834,59.00872583207456,58.9927900863222,0.7128547326548406,10,6,"{""rwh"":3,""drainage"":1,""restoration"":2}"
nanjing_xianlin,235,22604567,10,base,ourea_robust,326.15569209261594,382.4936695216784,387.6208637740092,0.8414296612340539,10,10,"{""rwh"":10}"
nanjing_xianlin,235,22604567,10,base,deterministic_central,302.9295958721232,348.05961700836633,348.4289376486322,0.8694157205094367,10,8,"{""rwh"":7,""drainage"":1}"
nanjing_xianlin,235,22604567,10,base,greedy_opportunity,169.5772850957128,215.23383857257977,213.6551461272611,0.7936962351223038,10,10,"{""rwh"":10}"
nanjing_xianlin,235,22604567,10,base,hazard_only,262.7069780230813,317.37537769690243,315.5313881887996,0.8325858784796695,10,6,"{""rwh"":4,""drainage"":2}"
nanjing_xianlin,235,22604567,10,base,random_feasible,46.69146072756121,59.00872583207456,59.08751433708312,0.7902085787734314,10,6,"{""rwh"":3,""drainage"":1,""restoration"":2}"
nanjing_xianlin,236,22614540,10,base,ourea_robust,324.6118885673932,382.4936695216784,379.4887630351732,0.8553926234103177,10,10,"{""rwh"":10}"
nanjing_xianlin,236,22614540,10,base,deterministic_central,286.67665897351435,348.05961700836633,345.2044662659191,0.830454663795342,10,8,"{""rwh"":7,""drainage"":1}"
nanjing_xianlin,236,22614540,10,base,greedy_opportunity,180.3697717711184,215.23383857257977,217.44247180620005,0.8295057091324668,10,10,"{""rwh"":10}"
nanjing_xianlin,236,22614540,10,base,hazard_only,270.66979178214024,317.37537769690243,320.54060020503493,0.8444165625477875,10,6,"{""rwh"":4,""drainage"":2}"
nanjing_xianlin,236,22614540,10,base,random_feasible,45.00071352368104,59.00872583207456,57.93285771061528,0.7767735841457615,10,6,"{""rwh"":3,""drainage"":1,""restoration"":2}"
nanjing_xianlin,237,22624513,10,base,ourea_robust,325.3042746243136,382.4936695216784,385.04116514672387,0.8448558337920911,10,10,"{""rwh"":10}"
nanjing_xianlin,237,22624513,10,base,deterministic_central,293.1835747712903,348.05961700836633,356.5193314921944,0.8223497265749508,10,8,"{""rwh"":7,""drainage"":1}"
nanjing_xianlin,237,22624513,10,base,greedy_opportunity,166.79577810410228,215.23383857257977,212.03900114380303,0.7866278241472323,10,10,"{""rwh"":10}"
nanjing_xianlin,237,22624513,10,base,hazard_only,259.9475240481697,317.37537769690243,320.36835614932716,0.811401997290286,10,6,"{""rwh"":4,""drainage"":2}"
nanjing_xianlin,237,22624513,10,base,random_feasible,45.07538129984823,59.00872583207456,57.96413756489528,0.7776425768326648,10,6,"{""rwh"":3,""drainage"":1,""restoration"":2}"
nanjing_xianlin,238,22634486,10,base,ourea_robust,327.1251624820434,382.4936695216784,379.6348062374582,0.8616838000818858,10,10,"{""rwh"":10}"
nanjing_xianlin,238,22634486,10,base,deterministic_central,285.714696095436,348.05961700836633,343.70244466977056,0.8312850272855953,10,8,"{""rwh"":7,""drainage"":1}"
nanjing_xianlin,238,22634486,10,base,greedy_opportunity,178.97381136901458,215.23383857257977,217.29347642596986,0.8236501818313424,10,10,"{""rwh"":10}"
nanjing_xianlin,238,22634486,10,base,hazard_only,262.65719114559033,317.37537769690243,320.0142896165653,0.820767070933929,10,6,"{""rwh"":4,""drainage"":2}"
nanjing_xianlin,238,22634486,10,base,random_feasible,44.15391529198132,59.00872583207456,58.96590104021561,0.7488042158783887,10,6,"{""rwh"":3,""drainage"":1,""restoration"":2}"
nanjing_xianlin,239,22644459,10,base,ourea_robust,321.6421232948287,382.4936695216784,386.1309052885772,0.8329872561079968,10,10,"{""rwh"":10}"
nanjing_xianlin,239,22644459,10,base,deterministic_central,295.01558624896643,348.05961700836633,349.3179055692999,0.8445475641111657,10,8,"{""rwh"":7,""drainage"":1}"
nanjing_xianlin,239,22644459,10,base,greedy_opportunity,168.301701322167,215.23383857257977,208.93293043412086,0.8055297983542838,10,10,"{""rwh"":10}"
nanjing_xianlin,239,22644459,10,base,hazard_only,255.91507556548095,317.37537769690243,310.3589784413125,0.8245776450571523,10,6,"{""rwh"":4,""drainage"":2}"
nanjing_xianlin,239,22644459,10,base,random_feasible,43.56264802428814,59.00872583207456,59.02414540566497,0.7380479247075574,10,6,"{""rwh"":3,""drainage"":1,""restoration"":2}"
nanjing_xianlin,240,22654432,10,base,ourea_robust,324.88557988639695,382.4936695216784,381.523600369992,0.8515477930364755,10,10,"{""rwh"":10}"
nanjing_xianlin,240,22654432,10,base,deterministic_central,289.1254364467277,348.05961700836633,344.1681607057162,0.8400702605780747,10,8,"{""rwh"":7,""drainage"":1}"
nanjing_xianlin,240,22654432,10,base,greedy_opportunity,183.12805078375095,215.23383857257977,217.48868247401515,0.842011863332845,10,10,"{""rwh"":10}"
nanjing_xianlin,240,22654432,10,base,hazard_only,268.9987146808453,317.37537769690243,319.09227098886186,0.8430123169302176,10,6,"{""rwh"":4,""drainage"":2}"
nanjing_xianlin,240,22654432,10,base,random_feasible,46.25926811361023,59.00872583207456,59.995804455666075,0.7710417175553257,10,6,"{""rwh"":3,""drainage"":1,""restoration"":2}"
nanjing_xianlin,241,22664405,10,base,ourea_robust,324.84928116814444,382.4936695216784,383.4434892539157,0.8471894562617798,10,10,"{""rwh"":10}"
nanjing_xianlin,241,22664405,10,base,deterministic_central,294.43367638283235,348.05961700836633,354.5849056391762,0.8303615627746054,10,8,"{""rwh"":7,""drainage"":1}"
nanjing_xianlin,241,22664405,10,base,greedy_opportunity,173.51836056453794,215.23383857257977,208.20075581643505,0.8334184949718644,10,10,"{""rwh"":10}"
nanjing_xianlin,241,22664405,10,base,hazard_only,260.9489119741884,317.37537769690243,317.69824720432734,0.8213734708028129,10,6,"{""rwh"":4,""drainage"":2}"
nanjing_xianlin,241,22664405,10,base,random_feasible,44.5458176347729,59.00872583207456,59.723815003890195,0.7458635660141829,10,6,"{""rwh"":3,""drainage"":1,""restoration"":2}"
nanjing_xianlin,242,22674378,10,base,ourea_robust,325.2291455590075,382.4936695216784,382.41925334041116,0.8504518083703915,10,10,"{""rwh"":10}"
nanjing_xianlin,242,22674378,10,base,deterministic_central,287.0697902378779,348.05961700836633,349.2723348018262,0.8219081834831222,10,8,"{""rwh"":7,""drainage"":1}"
nanjing_xianlin,242,22674378,10,base,greedy_opportunity,183.78285671168305,215.23383857257977,220.22274506795839,0.834531676802819,10,10,"{""rwh"":10}"
nanjing_xianlin,242,22674378,10,base,hazard_only,261.4959339298439,317.37537769690243,318.56307444406957,0.8208607805100618,10,6,"{""rwh"":4,""drainage"":2}"
nanjing_xianlin,242,22674378,10,base,random_feasible,42.93497200744605,59.00872583207456,58.666639321856564,0.7318464548803701,10,6,"{""rwh"":3,""drainage"":1,""restoration"":2}"
nanjing_xianlin,243,22684351,10,base,ourea_robust,325.6032985745005,382.4936695216784,383.0577277748489,0.8500110426329304,10,10,"{""rwh"":10}"
nanjing_xianlin,243,22684351,10,base,deterministic_central,291.17562294510026,348.05961700836633,348.4614583749317,0.835603525001052,10,8,"{""rwh"":7,""drainage"":1}"
nanjing_xianlin,243,22684351,10,base,greedy_opportunity,171.92760496607843,215.23383857257977,209.21995186727509,0.8217553031230302,10,10,"{""rwh"":10}"
nanjing_xianlin,243,22684351,10,base,hazard_only,263.3939169668629,317.37537769690243,312.11770669930047,0.843892901022181,10,6,"{""rwh"":4,""drainage"":2}"
nanjing_xianlin,243,22684351,10,base,random_feasible,44.53857371318918,59.00872583207456,58.81616395760102,0.7572505705284661,10,6,"{""rwh"":3,""drainage"":1,""restoration"":2}"
nanjing_xianlin,244,22694324,10,base,ourea_robust,327.07687881342645,382.4936695216784,379.63403762312555,0.861558359891127,10,10,"{""rwh"":10}"
nanjing_xianlin,244,22694324,10,base,deterministic_central,292.51990572281284,348.05961700836633,342.64825797730737,0.8537031749397822,10,8,"{""rwh"":7,""drainage"":1}"
nanjing_xianlin,244,22694324,10,base,greedy_opportunity,182.44804586848477,215.23383857257977,219.83106084516112,0.8299466197681353,10,10,"{""rwh"":10}"
nanjing_xianlin,244,22694324,10,base,hazard_only,268.89767963211125,317.37537769690243,319.44570145746184,0.8417633369466965,10,6,"{""rwh"":4,""drainage"":2}"
nanjing_xianlin,244,22694324,10,base,random_feasible,44.59956187619537,59.00872583207456,58.500038503771066,0.762385171307543,10,6,"{""rwh"":3,""drainage"":1,""restoration"":2}"
nanjing_xianlin,245,22704297,10,base,ourea_robust,325.1169990874114,382.4936695216784,383.99799329427333,0.8466632762798345,10,10,"{""rwh"":10}"
nanjing_xianlin,245,22704297,10,base,deterministic_central,296.4721997714332,348.05961700836633,351.538256317619,0.8433568592988839,10,8,"{""rwh"":7,""drainage"":1}"
nanjing_xianlin,245,22704297,10,base,greedy_opportunity,169.2706541656953,215.23383857257977,208.0595100023238,0.8135684553126398,10,10,"{""rwh"":10}"
nanjing_xianlin,245,22704297,10,base,hazard_only,264.2056518693771,317.37537769690243,315.12805786435274,0.8384072610351464,10,6,"{""rwh"":4,""drainage"":2}"
nanjing_xianlin,245,22704297,10,base,random_feasible,44.19931864361752,59.00872583207456,57.31580499078336,0.7711541109947765,10,6,"{""rwh"":3,""drainage"":1,""restoration"":2}"
nanjing_xianlin,246,22714270,10,base,ourea_robust,323.71473468909426,382.4936695216784,381.7441567083333,0.8479887091930638,10,10,"{""rwh"":10}"
nanjing_xianlin,246,22714270,10,base,deterministic_central,290.85151039222364,348.05961700836633,344.18933240338447,0.8450334830579533,10,8,"{""rwh"":7,""drainage"":1}"
nanjing_xianlin,246,22714270,10,base,greedy_opportunity,180.08934499316456,215.23383857257977,217.804479813527,0.8268394899285259,10,10,"{""rwh"":10}"
nanjing_xianlin,246,22714270,10,base,hazard_only,262.1007215761165,317.37537769690243,317.9409744372351,0.8243691208408809,10,6,"{""rwh"":4,""drainage"":2}"
nanjing_xianlin,246,22714270,10,base,random_feasible,44.44604388057087,59.00872583207456,59.109213227078726,0.7519308996691152,10,6,"{""rwh"":3,""drainage"":1,""restoration"":2}"
nanjing_xianlin,247,22724243,10,base,ourea_robust,324.48417670703384,382.4936695216784,388.2156963775724,0.8358347684928373,10,10,"{""rwh"":10}"
nanjing_xianlin,247,22724243,10,base,deterministic_central,293.2437808126979,348.05961700836633,352.31220183330515,0.8323406889876745,10,8,"{""rwh"":7,""drainage"":1}"
nanjing_xianlin,247,22724243,10,base,greedy_opportunity,172.84962480919967,215.23383857257977,210.61735184599638,0.8206808379947133,10,10,"{""rwh"":10}"
nanjing_xianlin,247,22724243,10,base,hazard_only,262.54712488361656,317.37537769690243,311.86360298210457,0.8418652333041958,10,6,"{""rwh"":4,""drainage"":2}"
nanjing_xianlin,247,22724243,10,base,random_feasible,44.60550644166324,59.00872583207456,59.073357407969525,0.7550866989599199,10,6,"{""rwh"":3,""drainage"":1,""restoration"":2}"
nanjing_xianlin,248,22734216,10,base,ourea_robust,325.85706744160416,382.4936695216784,377.4741393950244,0.8632566669702284,10,10,"{""rwh"":10}"
nanjing_xianlin,248,22734216,10,base,deterministic_central,290.40713664312534,348.05961700836633,344.0036225787135,0.8441979025284119,10,8,"{""rwh"":7,""drainage"":1}"
nanjing_xianlin,248,22734216,10,base,greedy_opportunity,182.07077901986304,215.23383857257977,218.2368755175703,0.8342805430478429,10,10,"{""rwh"":10}"
nanjing_xianlin,248,22734216,10,base,hazard_only,265.1473445936863,317.37537769690243,316.40739131635564,0.837993523130382,10,6,"{""rwh"":4,""drainage"":2}"
nanjing_xianlin,248,22734216,10,base,random_feasible,45.653890442881675,59.00872583207456,59.77796098082399,0.7637244511823824,10,6,"{""rwh"":3,""drainage"":1,""restoration"":2}"
nanjing_xianlin,249,22744189,10,base,ourea_robust,323.81292956164907,382.4936695216784,386.2183321161756,0.8384193670647545,10,10,"{""rwh"":10}"
nanjing_xianlin,249,22744189,10,base,deterministic_central,294.4661649297959,348.05961700836633,356.0772122180606,0.8269727879959522,10,8,"{""rwh"":7,""drainage"":1}"
nanjing_xianlin,249,22744189,10,base,greedy_opportunity,172.88594987240685,215.23383857257977,208.5204565415661,0.829107861836779,10,10,"{""rwh"":10}"
nanjing_xianlin,249,22744189,10,base,hazard_only,262.46808383073767,317.37537769690243,317.2158068639219,0.8274117435242762,10,6,"{""rwh"":4,""drainage"":2}"
nanjing_xianlin,249,22744189,10,base,random_feasible,44.86203856886095,59.00872583207456,58.449163521134324,0.7675394456695608,10,6,"{""rwh"":3,""drainage"":1,""restoration"":2}"
nanjing_xianlin,250,22754162,10,base,ourea_robust,330.00204797465267,382.4936695216784,379.5540677882618,0.8694467428517925,10,10,"{""rwh"":10}"
nanjing_xianlin,250,22754162,10,base,deterministic_central,289.38864258348985,348.05961700836633,342.75080518643153,0.8443120722242606,10,8,"{""rwh"":7,""drainage"":1}"
nanjing_xianlin,250,22754162,10,base,greedy_opportunity,176.87265879527877,215.23383857257977,218.66254395289798,0.8088841170410002,10,10,"{""rwh"":10}"
nanjing_xianlin,250,22754162,10,base,hazard_only,262.08974763080187,317.37537769690243,317.4945913781612,0.8254935824044707,10,6,"{""rwh"":4,""drainage"":2}"
nanjing_xianlin,250,22754162,10,base,random_feasible,43.984631399471255,59.00872583207456,58.70644424525926,0.7492300370929578,10,6,"{""rwh"":3,""drainage"":1,""restoration"":2}"
nanjing_xianlin,251,22764135,10,base,ourea_robust,330.12354237302134,382.4936695216784,387.21166243676635,0.8525661140873623,10,10,"{""rwh"":10}"
nanjing_xianlin,251,22764135,10,base,deterministic_central,299.7876457790244,348.05961700836633,350.8558141050453,0.8544468517465376,10,8,"{""rwh"":7,""drainage"":1}"
nanjing_xianlin,251,22764135,10,base,greedy_opportunity,176.64489992889503,215.23383857257977,208.06081277699923,0.8490061034137363,10,10,"{""rwh"":10}"
nanjing_xianlin,251,22764135,10,base,hazard_only,258.84472288759207,317.37537769690243,315.8149020921828,0.8196089581993132,10,6,"{""rwh"":4,""drainage"":2}"
nanjing_xianlin,251,22764135,10,base,random_feasible,43.64994505752475,59.00872583207456,58.78524020947043,0.7425323925187031,10,6,"{""rwh"":3,""drainage"":1,""restoration"":2}"
nanjing_xianlin,252,22774108,10,base,ourea_robust,334.10735476769696,382.4936695216784,382.5476864670727,0.8733743964138568,10,10,"{""rwh"":10}"
nanjing_xianlin,252,22774108,10,base,deterministic_central,291.1466201199255,348.05961700836633,342.8613998723886,0.8491670985077029,10,8,"{""rwh"":7,""drainage"":1}"
nanjing_xianlin,252,22774108,10,base,greedy_opportunity,182.55401748141594,215.23383857257977,220.76999005492144,0.8268968868277866,10,10,"{""rwh"":10}"
nanjing_xianlin,252,22774108,10,base,hazard_only,260.49716698393786,317.37537769690243,319.44494658350595,0.8154681104521446,10,6,"{""rwh"":4,""drainage"":2}"
nanjing_xianlin,252,22774108,10,base,random_feasible,45.76605169751383,59.00872583207456,59.15600462992552,0.7736501473319912,10,6,"{""rwh"":3,""drainage"":1,""restoration"":2}"
nanjing_xianlin,253,22784081,10,base,ourea_robust,324.78630896525647,382.4936695216784,385.5458583697455,0.8424064269256927,10,10,"{""rwh"":10}"
nanjing_xianlin,253,22784081,10,base,deterministic_central,295.3539052173546,348.05961700836633,355.29499070553356,0.8312920613680767,10,8,"{""rwh"":7,""drainage"":1}"
nanjing_xianlin,253,22784081,10,base,greedy_opportunity,174.4133172813399,215.23383857257977,208.079872319091,0.8382036923488527,10,10,"{""rwh"":10}"
nanjing_xianlin,253,22784081,10,base,hazard_only,265.2906571589556,317.37537769690243,317.3868524617028,0.8358590001486171,10,6,"{""rwh"":4,""drainage"":2}"
nanjing_xianlin,253,22784081,10,base,random_feasible,42.176156168852685,59.00872583207456,58.59047637038748,0.7198466164062315,10,6,"{""rwh"":3,""drainage"":1,""restoration"":2}"
nanjing_xianlin,254,22794054,10,base,ourea_robust,331.66342491338037,382.4936695216784,379.04202326191444,0.8750043651075704,10,10,"{""rwh"":10}"
nanjing_xianlin,254,22794054,10,base,deterministic_central,289.9310859641555,348.05961700836633,346.09778416695553,0.8377143663661668,10,8,"{""rwh"":7,""drainage"":1}"
nanjing_xianlin,254,22794054,10,base,greedy_opportunity,182.41036798287496,215.23383857257977,217.7214817885997,0.8378152053915807,10,10,"{""rwh"":10}"
nanjing_xianlin,254,22794054,10,base,hazard_only,260.7505543098396,317.37537769690243,315.3469199500323,0.8268688793635793,10,6,"{""rwh"":4,""drainage"":2}"
nanjing_xianlin,254,22794054,10,base,random_feasible,45.253251260604884,59.00872583207456,59.15944886203761,0.7649369987563174,10,6,"{""rwh"":3,""drainage"":1,""restoration"":2}"
nanjing_xianlin,255,22804027,10,base,ourea_robust,326.55238321291836,382.4936695216784,387.3689122622309,0.8430010072461815,10,10,"{""rwh"":10}"
nanjing_xianlin,255,22804027,10,base,deterministic_central,302.1907799605724,348.05961700836633,348.02369912159884,0.8683051778464876,10,8,"{""rwh"":7,""drainage"":1}"
nanjing_xianlin,255,22804027,10,base,greedy_opportunity,173.68548837942944,215.23383857257977,209.3004170194181,0.8298382337351748,10,10,"{""rwh"":10}"
nanjing_xianlin,255,22804027,10,base,hazard_only,256.36443637323464,317.37537769690243,318.48796983379,0.8049422918769086,10,6,"{""rwh"":4,""drainage"":2}"
nanjing_xianlin,255,22804027,10,base,random_feasible,45.591355253756774,59.00872583207456,59.5867761853151,0.765125388088919,10,6,"{""rwh"":3,""drainage"":1,""restoration"":2}"
nanjing_xianlin,256,22814000,10,base,ourea_robust,329.195391140589,382.4936695216784,382.9592157535717,0.8596095291578545,10,10,"{""rwh"":10}"
nanjing_xianlin,256,22814000,10,base,deterministic_central,292.29785413633545,348.05961700836633,343.88014832351473,0.8499992092051448,10,8,"{""rwh"":7,""drainage"":1}"
nanjing_xianlin,256,22814000,10,base,greedy_opportunity,178.7647284545892,215.23383857257977,220.3170543145261,0.8113975970257095,10,10,"{""rwh"":10}"
nanjing_xianlin,256,22814000,10,base,hazard_only,261.79379322868044,317.37537769690243,315.8893473550015,0.8287515720955047,10,6,"{""rwh"":4,""drainage"":2}"
nanjing_xianlin,256,22814000,10,base,random_feasible,45.30295590282549,59.00872583207456,60.72261526509283,0.7460639780590688,10,6,"{""rwh"":3,""drainage"":1,""restoration"":2}"
nanjing_xianlin,257,22823973,10,base,ourea_robust,324.66635904045506,382.4936695216784,383.9303043046948,0.8456387927710789,10,10,"{""rwh"":10}"
nanjing_xianlin,257,22823973,10,base,deterministic_central,292.77824104110914,348.05961700836633,353.806984676532,0.827508369595308,10,8,"{""rwh"":7,""drainage"":1}"
nanjing_xianlin,257,22823973,10,base,greedy_opportunity,172.62137160133716,215.23383857257977,213.01677984083472,0.8103651352269955,10,10,"{""rwh"":10}"
nanjing_xianlin,257,22823973,10,base,hazard_only,262.35915079918414,317.37537769690243,314.1065332925282,0.8352553130591792,10,6,"{""rwh"":4,""drainage"":2}"
nanjing_xianlin,257,22823973,10,base,random_feasible,44.39994796911924,59.00872583207456,59.27528786199582,0.7490465178758944,10,6,"{""rwh"":3,""drainage"":1,""restoration"":2}"
nanjing_xianlin,258,22833946,10,base,ourea_robust,330.23154433680793,382.4936695216784,379.304464098419,0.8706239329973243,10,10,"{""rwh"":10}"
nanjing_xianlin,258,22833946,10,base,deterministic_central,292.9814686257996,348.05961700836633,345.6724203202084,0.8475696972133347,10,8,"{""rwh"":7,""drainage"":1}"
nanjing_xianlin,258,22833946,10,base,greedy_opportunity,182.14929293078058,215.23383857257977,221.15602439440227,0.8236234731998149,10,10,"{""rwh"":10}"
nanjing_xianlin,258,22833946,10,base,hazard_only,263.0411524283536,317.37537769690243,313.5953132063132,0.838791720893162,10,6,"{""rwh"":4,""drainage"":2}"
nanjing_xianlin,258,22833946,10,base,random_feasible,45.724797540402506,59.00872583207456,59.61582446381726,0.7669909449655324,10,6,"{""rwh"":3,""drainage"":1,""restoration"":2}"
nanjing_xianlin,259,22843919,10,base,ourea_robust,326.0796914725506,382.4936695216784,384.92630753792764,0.8471223844330807,10,10,"{""rwh"":10}"
nanjing_xianlin,259,22843919,10,base,deterministic_central,303.40926794270126,348.05961700836633,347.2409595655063,0.8737715398619723,10,8,"{""rwh"":7,""drainage"":1}"
nanjing_xianlin,259,22843919,10,base,greedy_opportunity,169.35515436393507,215.23383857257977,211.67112645205088,0.8000862337844576,10,10,"{""rwh"":10}"
nanjing_xianlin,259,22843919,10,base,hazard_only,258.993672703009,317.37537769690243,313.89033202415703,0.8251087920830795,10,6,"{""rwh"":4,""drainage"":2}"
nanjing_xianlin,259,22843919,10,base,random_feasible,43.82172422262738,59.00872583207456,59.19514598513706,0.7402925272560407,10,6,"{""rwh"":3,""drainage"":1,""restoration"":2}"
nanjing_xianlin,260,22853892,10,base,ourea_robust,330.3130566743366,382.4936695216784,386.2010443499039,0.8552878390848371,10,10,"{""rwh"":10}"
nanjing_xianlin,260,22853892,10,base,deterministic_central,297.058482806995,348.05961700836633,344.8408003787936,0.861436588943908,10,8,"{""rwh"":7,""drainage"":1}"
nanjing_xianlin,260,22853892,10,base,greedy_opportunity,183.77453280405098,215.23383857257977,221.92191589393406,0.8281044801897108,10,10,"{""rwh"":10}"
nanjing_xianlin,260,22853892,10,base,hazard_only,265.18950977088025,317.37537769690243,316.9045877424942,0.8368118355748266,10,6,"{""rwh"":4,""drainage"":2}"
nanjing_xianlin,260,22853892,10,base,random_feasible,45.563451112317125,59.00872583207456,59.25541574341696,0.7689331100065574,10,6,"{""rwh"":3,""drainage"":1,""restoration"":2}"
nanjing_xianlin,261,22863865,10,base,ourea_robust,329.53551114803304,382.4936695216784,380.98204270680617,0.86496336889462,10,10,"{""rwh"":10}"
nanjing_xianlin,261,22863865,10,base,deterministic_central,294.910625763996,348.05961700836633,352.4051145026169,0.8368511512105368,10,8,"{""rwh"":7,""drainage"":1}"
nanjing_xianlin,261,22863865,10,base,greedy_opportunity,169.113148157483,215.23383857257977,210.06775019502493,0.8050409832088931,10,10,"{""rwh"":10}"
nanjing_xianlin,261,22863865,10,base,hazard_only,259.65942223677666,317.37537769690243,312.76158928328005,0.8302151898889133,10,6,"{""rwh"":4,""drainage"":2}"
nanjing_xianlin,261,22863865,10,base,random_feasible,43.60866638502375,59.00872583207456,58.978586915027336,0.7393982912451327,10,6,"{""rwh"":3,""drainage"":1,""restoration"":2}"
nanjing_xianlin,262,22873838,10,base,ourea_robust,324.97979187944475,382.4936695216784,383.55035273672,0.8472936853287688,10,10,"{""rwh"":10}"
nanjing_xianlin,262,22873838,10,base,deterministic_central,294.6261122979631,348.05961700836633,348.18777241620046,0.8461701864297139,10,8,"{""rwh"":7,""drainage"":1}"
nanjing_xianlin,262,22873838,10,base,greedy_opportunity,183.73127128442502,215.23383857257977,222.7245727011832,0.8249259121081657,10,10,"{""rwh"":10}"
nanjing_xianlin,262,22873838,10,base,hazard_only,260.4065714646131,317.37537769690243,318.6709010431405,0.8171645751532244,10,6,"{""rwh"":4,""drainage"":2}"
nanjing_xianlin,262,22873838,10,base,random_feasible,42.36017777680172,59.00872583207456,59.46360709332839,0.712371479757648,10,6,"{""rwh"":3,""drainage"":1,""restoration"":2}"
nanjing_xianlin,263,22883811,10,base,ourea_robust,326.4421216276078,382.4936695216784,383.3102061680238,0.8516395242669642,10,10,"{""rwh"":10}"
nanjing_xianlin,263,22883811,10,base,deterministic_central,300.32426587650843,348.05961700836633,351.6050987896888,0.8541521920765609,10,8,"{""rwh"":7,""drainage"":1}"
nanjing_xianlin,263,22883811,10,base,greedy_opportunity,169.82991079900785,215.23383857257977,209.8933127744258,0.8091249242491377,10,10,"{""rwh"":10}"
nanjing_xianlin,263,22883811,10,base,hazard_only,259.70037765288725,317.37537769690243,314.35739936871323,0.8261309521405025,10,6,"{""rwh"":4,""drainage"":2}"
nanjing_xianlin,263,22883811,10,base,random_feasible,44.77380121007991,59.00872583207456,60.19443819535627,0.7438195712495911,10,6,"{""rwh"":3,""drainage"":1,""restoration"":2}"
nanjing_xianlin,264,22893784,10,base,ourea_robust,331.51024242015046,382.4936695216784,385.7236188731986,0.8594502026828955,10,10,"{""rwh"":10}"
nanjing_xianlin,264,22893784,10,base,deterministic_central,300.00453576213476,348.05961700836633,344.46074468658117,0.8709396945509819,10,8,"{""rwh"":7,""drainage"":1}"
nanjing_xianlin,264,22893784,10,base,greedy_opportunity,184.83933098369198,215.23383857257977,220.2951277272714,0.8390531960040705,10,10,"{""rwh"":10}"
nanjing_xianlin,264,22893784,10,base,hazard_only,266.3903871606399,317.37537769690243,318.8814365281305,0.8353900749476206,10,6,"{""rwh"":4,""drainage"":2}"
nanjing_xianlin,264,22893784,10,base,random_feasible,44.124963462185406,59.00872583207456,60.18092126287047,0.7332051842384967,10,6,"{""rwh"":3,""drainage"":1,""restoration"":2}"
nanjing_xianlin,265,22903757,10,base,ourea_robust,325.7185860005284,382.4936695216784,380.5730425331676,0.8558635257833361,10,10,"{""rwh"":10}"
nanjing_xianlin,265,22903757,10,base,deterministic_central,296.70762819082483,348.05961700836633,349.9198307703773,0.8479303031714395,10,8,"{""rwh"":7,""drainage"":1}"
nanjing_xianlin,265,22903757,10,base,greedy_opportunity,169.31037136337545,215.23383857257977,208.7637157284371,0.8110143602905443,10,10,"{""rwh"":10}"
nanjing_xianlin,265,22903757,10,base,hazard_only,258.53999687993746,317.37537769690243,311.7897517146848,0.8292126199084452,10,6,"{""rwh"":4,""drainage"":2}"
nanjing_xianlin,265,22903757,10,base,random_feasible,45.1474953779034,59.00872583207456,58.922834828970736,0.7662139051684869,10,6,"{""rwh"":3,""drainage"":1,""restoration"":2}"
nanjing_xianlin,266,22913730,10,base,ourea_robust,328.6060830905717,382.4936695216784,386.67307653922217,0.8498292305004576,10,10,"{""rwh"":10}"
nanjing_xianlin,266,22913730,10,base,deterministic_central,294.516671337813,348.05961700836633,349.0048139660739,0.8438756703408751,10,8,"{""rwh"":7,""drainage"":1}"
nanjing_xianlin,266,22913730,10,base,greedy_opportunity,182.238806031477,215.23383857257977,222.15683214531964,0.8203160095129056,10,10,"{""rwh"":10}"
nanjing_xianlin,266,22913730,10,base,hazard_only,261.4173184934916,317.37537769690243,318.57479216428146,0.8205838155540094,10,6,"{""rwh"":4,""drainage"":2}"
nanjing_xianlin,266,22913730,10,base,random_feasible,45.23555284911163,59.00872583207456,58.57991157275137,0.7722024775153994,10,6,"{""rwh"":3,""drainage"":1,""restoration"":2}"
nanjing_xianlin,267,22923703,10,base,ourea_robust,327.33023435875657,382.4936695216784,380.62879904602596,0.8599723278405308,10,10,"{""rwh"":10}"
nanjing_xianlin,267,22923703,10,base,deterministic_central,297.33776137606037,348.05961700836633,345.9447862010311,0.8594948478375829,10,8,"{""rwh"":7,""drainage"":1}"
nanjing_xianlin,267,22923703,10,base,greedy_opportunity,169.49361560333818,215.23383857257977,209.47721715206717,0.8091267294251697,10,10,"{""rwh"":10}"
nanjing_xianlin,267,22923703,10,base,hazard_only,259.12611020881195,317.37537769690243,314.5697350243918,0.8237477460720094,10,6,"{""rwh"":4,""drainage"":2}"
nanjing_xianlin,267,22923703,10,base,random_feasible,45.25532229586679,59.00872583207456,59.71437308728309,0.7578631400804987,10,6,"{""rwh"":3,""drainage"":1,""restoration"":2}"
nanjing_xianlin,268,22933676,10,base,ourea_robust,323.89384020736907,382.4936695216784,389.122353621231,0.8323701714721974,10,10,"{""rwh"":10}"
nanjing_xianlin,268,22933676,10,base,deterministic_central,297.67702658172493,348.05961700836633,346.07397205060624,0.8601543329534062,10,8,"{""rwh"":7,""drainage"":1}"
nanjing_xianlin,268,22933676,10,base,greedy_opportunity,182.4933583856764,215.23383857257977,222.78121829513293,0.8191595314103878,10,10,"{""rwh"":10}"
nanjing_xianlin,268,22933676,10,base,hazard_only,261.02891361613,317.37537769690243,323.1199034626952,0.8078391668814864,10,6,"{""rwh"":4,""drainage"":2}"
nanjing_xianlin,268,22933676,10,base,random_feasible,43.12898429118832,59.00872583207456,59.21655879561695,0.7283264203184433,10,6,"{""rwh"":3,""drainage"":1,""restoration"":2}"
nanjing_xianlin,269,22943649,10,base,ourea_robust,326.98006057611383,382.4936695216784,380.8636206260635,0.858522691242141,10,10,"{""rwh"":10}"
nanjing_xianlin,269,22943649,10,base,deterministic_central,298.5454244266384,348.05961700836633,350.2071507031724,0.8524823774363155,10,8,"{""rwh"":7,""drainage"":1}"
nanjing_xianlin,269,22943649,10,base,greedy_opportunity,168.78829702021176,215.23383857257977,211.93917134422554,0.7963997214373866,10,10,"{""rwh"":10}"
nanjing_xianlin,269,22943649,10,base,hazard_only,261.81625786797304,317.37537769690243,313.7474039554654,0.8344810333638213,10,6,"{""rwh"":4,""drainage"":2}"
nanjing_xianlin,269,22943649,10,base,random_feasible,43.237182009470416,59.00872583207456,58.752172149108446,0.7359248250386012,10,6,"{""rwh"":3,""drainage"":1,""restoration"":2}"
nanjing_xianlin,270,22953622,10,base,ourea_robust,330.2557230429684,382.4936695216784,388.105988779731,0.8509420946616842,10,10,"{""rwh"":10}"
nanjing_xianlin,270,22953622,10,base,deterministic_central,295.973839774575,348.05961700836633,351.5018599081923,0.8420263831658801,10,8,"{""rwh"":7,""drainage"":1}"
nanjing_xianlin,270,22953622,10,base,greedy_opportunity,183.9347441075097,215.23383857257977,219.79947718934636,0.8368297616516122,10,10,"{""rwh"":10}"
nanjing_xianlin,270,22953622,10,base,hazard_only,263.74690969051335,317.37537769690243,319.1950099666901,0.826287697035229,10,6,"{""rwh"":4,""drainage"":2}"
nanjing_xianlin,270,22953622,10,base,random_feasible,43.338711673952275,59.00872583207456,58.860474468398024,0.736295656216986,10,6,"{""rwh"":3,""drainage"":1,""restoration"":2}"
nanjing_xianlin,271,22963595,10,base,ourea_robust,325.9696606238431,382.4936695216784,376.8672027695284,0.8649456843905531,10,10,"{""rwh"":10}"
nanjing_xianlin,271,22963595,10,base,deterministic_central,294.8040562999777,348.05961700836633,346.643930747794,0.8504520926243097,10,8,"{""rwh"":7,""drainage"":1}"
nanjing_xianlin,271,22963595,10,base,greedy_opportunity,170.03673223806618,215.23383857257977,209.28773522123265,0.812454356478772,10,10,"{""rwh"":10}"
nanjing_xianlin,271,22963595,10,base,hazard_only,259.36457092962155,317.37537769690243,311.9627166989667,0.8313960516631206,10,6,"{""rwh"":4,""drainage"":2}"
nanjing_xianlin,271,22963595,10,base,random_feasible,45.23947427120402,59.00872583207456,58.52646117050426,0.7729747086434722,10,6,"{""rwh"":3,""drainage"":1,""restoration"":2}"
nanjing_xianlin,272,22973568,10,base,ourea_robust,328.0340475656285,382.4936695216784,388.3577401224811,0.8446697816867829,10,10,"{""rwh"":10}"
nanjing_xianlin,272,22973568,10,base,deterministic_central,298.79203333331316,348.05961700836633,349.2489930924439,0.8555272577528229,10,8,"{""rwh"":7,""drainage"":1}"
nanjing_xianlin,272,22973568,10,base,greedy_opportunity,183.08056063228832,215.23383857257977,219.70148509015053,0.8333150800376453,10,10,"{""rwh"":10}"
nanjing_xianlin,272,22973568,10,base,hazard_only,263.7529049483601,317.37537769690243,321.05324652658055,0.8215238680868581,10,6,"{""rwh"":4,""drainage"":2}"
nanjing_xianlin,272,22973568,10,base,random_feasible,42.669079688239435,59.00872583207456,59.80813044948991,0.7134327618596102,10,6,"{""rwh"":3,""drainage"":1,""restoration"":2}"
nanjing_xianlin,273,22983541,10,base,ourea_robust,322.54532925390595,382.4936695216784,383.2297828923529,0.8416499542899752,10,10,"{""rwh"":10}"
nanjing_xianlin,273,22983541,10,base,deterministic_central,296.4383251573381,348.05961700836633,354.59372309090395,0.8359942826211363,10,8,"{""rwh"":7,""drainage"":1}"
nanjing_xianlin,273,22983541,10,base,greedy_opportunity,169.06813191205038,215.23383857257977,206.8446294850728,0.817367762135934,10,10,"{""rwh"":10}"
nanjing_xianlin,273,22983541,10,base,hazard_only,264.7427817388889,317.37537769690243,314.11411527762175,0.8428235754541076,10,6,"{""rwh"":4,""drainage"":2}"
nanjing_xianlin,273,22983541,10,base,random_feasible,46.27626279280412,59.00872583207456,59.661499296908005,0.775646997446516,10,6,"{""rwh"":3,""drainage"":1,""restoration"":2}"
nanjing_xianlin,274,22993514,10,base,ourea_robust,332.09048191024885,382.4936695216784,386.6396955924465,0.8589146062754572,10,10,"{""rwh"":10}"
nanjing_xianlin,274,22993514,10,base,deterministic_central,297.36835435607463,348.05961700836633,349.02988480370004,0.851985366592088,10,8,"{""rwh"":7,""drainage"":1}"
nanjing_xianlin,274,22993514,10,base,greedy_opportunity,181.95028362877383,215.23383857257977,221.20152460572172,0.8225543831720381,10,10,"{""rwh"":10}"
nanjing_xianlin,274,22993514,10,base,hazard_only,268.29075699887835,317.37537769690243,320.79476398266524,0.836331471461847,10,6,"{""rwh"":4,""drainage"":2}"
nanjing_xianlin,274,22993514,10,base,random_feasible,46.05430603728746,59.00872583207456,59.234200311726454,0.7774951935692833,10,6,"{""rwh"":3,""drainage"":1,""restoration"":2}"
nanjing_xianlin,275,23003487,10,base,ourea_robust,321.60624977992484,382.4936695216784,384.1861998877448,0.8371103643855371,10,10,"{""rwh"":10}"
nanjing_xianlin,275,23003487,10,base,deterministic_central,297.055700991712,348.05961700836633,353.9724804412308,0.8392056371767337,10,8,"{""rwh"":7,""drainage"":1}"
nanjing_xianlin,275,23003487,10,base,greedy_opportunity,169.02907309791408,215.23383857257977,208.7944373034261,0.809547779533399,10,10,"{""rwh"":10}"
nanjing_xianlin,275,23003487,10,base,hazard_only,256.5462360132551,317.37537769690243,315.59688523961813,0.8128921672293167,10,6,"{""rwh"":4,""drainage"":2}"
nanjing_xianlin,275,23003487,10,base,random_feasible,44.98992635031209,59.00872583207456,58.60579865046748,0.7676702201199884,10,6,"{""rwh"":3,""drainage"":1,""restoration"":2}"
nanjing_xianlin,276,23013460,10,base,ourea_robust,331.7397408637262,382.4936695216784,387.69571934568376,0.8556703732081572,10,10,"{""rwh"":10}"
nanjing_xianlin,276,23013460,10,base,deterministic_central,297.3015874811481,348.05961700836633,347.01020910393527,0.856751702633917,10,8,"{""rwh"":7,""drainage"":1}"
nanjing_xianlin,276,23013460,10,base,greedy_opportunity,184.6200309860469,215.23383857257977,222.74449421623285,0.8288421746883854,10,10,"{""rwh"":10}"
nanjing_xianlin,276,23013460,10,base,hazard_only,259.0250068744208,317.37537769690243,321.5460722634234,0.8055610975158084,10,6,"{""rwh"":4,""drainage"":2}"
nanjing_xianlin,276,23013460,10,base,random_feasible,45.342806676730106,59.00872583207456,58.38651874844982,0.7765971948436123,10,6,"{""rwh"":3,""drainage"":1,""restoration"":2}"
nanjing_xianlin,277,23023433,10,base,ourea_robust,323.5924877210491,382.4936695216784,381.4746436472378,0.84826735697874,10,10,"{""rwh"":10}"
nanjing_xianlin,277,23023433,10,base,deterministic_central,299.5241454164825,348.05961700836633,350.97070253946913,0.8534163770629798,10,8,"{""rwh"":7,""drainage"":1}"
nanjing_xianlin,277,23023433,10,base,greedy_opportunity,167.38988203334702,215.23383857257977,208.31553033925047,0.8035400997743455,10,10,"{""rwh"":10}"
nanjing_xianlin,277,23023433,10,base,hazard_only,265.37285296145456,317.37537769690243,317.22704584827625,0.8365391804845588,10,6,"{""rwh"":4,""drainage"":2}"
nanjing_xianlin,277,23023433,10,base,random_feasible,43.906755679921844,59.00872583207456,58.1260147960802,0.7553718560262066,10,6,"{""rwh"":3,""drainage"":1,""restoration"":2}"
nanjing_xianlin,278,23033406,10,base,ourea_robust,331.4502292720899,382.4936695216784,387.67365843199514,0.8549722738777007,10,10,"{""rwh"":10}"
nanjing_xianlin,278,23033406,10,base,deterministic_central,298.1821372328377,348.05961700836633,350.1945357608347,0.8514756993138269,10,8,"{""rwh"":7,""drainage"":1}"
nanjing_xianlin,278,23033406,10,base,greedy_opportunity,186.57548927076095,215.23383857257977,222.05408711014024,0.8402254229989395,10,10,"{""rwh"":10}"
nanjing_xianlin,278,23033406,10,base,hazard_only,269.6873904349304,317.37537769690243,323.30909459168106,0.8341472446840029,10,6,"{""rwh"":4,""drainage"":2}"
nanjing_xianlin,278,23033406,10,base,random_feasible,43.87414181353415,59.00872583207456,59.18774261391809,0.7412707407972183,10,6,"{""rwh"":3,""drainage"":1,""restoration"":2}"
nanjing_xianlin,279,23043379,10,base,ourea_robust,320.07100882561645,382.4936695216784,378.6247159810009,0.8453515983401289,10,10,"{""rwh"":10}"
nanjing_xianlin,279,23043379,10,base,deterministic_central,295.03384149432713,348.05961700836633,349.5173232008492,0.8441179361080959,10,8,"{""rwh"":7,""drainage"":1}"
nanjing_xianlin,279,23043379,10,base,greedy_opportunity,169.4893349019294,215.23383857257977,208.83530348457134,0.8115933085731896,10,10,"{""rwh"":10}"
nanjing_xianlin,279,23043379,10,base,hazard_only,257.7948975725867,317.37537769690243,316.5542304091359,0.8143783049097,10,6,"{""rwh"":4,""drainage"":2}"
nanjing_xianlin,279,23043379,10,base,random_feasible,45.43231795001702,59.00872583207456,58.79777360236403,0.7726877255126267,10,6,"{""rwh"":3,""drainage"":1,""restoration"":2}"
nanjing_xianlin,280,23053352,10,base,ourea_robust,334.51645661961084,382.4936695216784,388.1933062101052,0.8617264936519993,10,10,"{""rwh"":10}"
nanjing_xianlin,280,23053352,10,base,deterministic_central,300.3171865280474,348.05961700836633,348.7610719948989,0.86109721136664,10,8,"{""rwh"":7,""drainage"":1}"
nanjing_xianlin,280,23053352,10,base,greedy_opportunity,183.34291199159998,215.23383857257977,219.43128850080575,0.8355367789353647,10,10,"{""rwh"":10}"
nanjing_xianlin,280,23053352,10,base,hazard_only,262.6259390049745,317.37537769690243,319.552912678093,0.8218543114001754,10,6,"{""rwh"":4,""drainage"":2}"
nanjing_xianlin,280,23053352,10,base,random_feasible,43.92724976431964,59.00872583207456,61.15826218417715,0.7182553623259179,10,6,"{""rwh"":3,""drainage"":1,""restoration"":2}"
nanjing_xianlin,281,23063325,10,base,ourea_robust,324.06846027490246,382.4936695216784,379.647576211084,0.8536033958365651,10,10,"{""rwh"":10}"
nanjing_xianlin,281,23063325,10,base,deterministic_central,297.758880414729,348.05961700836633,349.1720642276741,0.85275688097596,10,8,"{""rwh"":7,""drainage"":1}"
nanjing_xianlin,281,23063325,10,base,greedy_opportunity,171.93981664707462,215.23383857257977,208.82655467891163,0.8233618416558495,10,10,"{""rwh"":10}"
nanjing_xianlin,281,23063325,10,base,hazard_only,263.8698321062129,317.37537769690243,316.82098537496495,0.8328672792741835,10,6,"{""rwh"":4,""drainage"":2}"
nanjing_xianlin,281,23063325,10,base,random_feasible,46.4187499173222,59.00872583207456,59.23960828387135,0.7835762467382863,10,6,"{""rwh"":3,""drainage"":1,""restoration"":2}"
nanjing_xianlin,282,23073298,10,base,ourea_robust,330.9367247780574,382.4936695216784,385.07404321592185,0.8594106266271806,10,10,"{""rwh"":10}"
nanjing_xianlin,282,23073298,10,base,deterministic_central,299.1032302683834,348.05961700836633,349.3462570824613,0.8561798622556351,10,8,"{""rwh"":7,""drainage"":1}"
nanjing_xianlin,282,23073298,10,base,greedy_opportunity,184.43557850802608,215.23383857257977,219.73298128529314,0.8393622906729772,10,10,"{""rwh"":10}"
nanjing_xianlin,282,23073298,10,base,hazard_only,273.83161155437847,317.37537769690243,320.0854757035013,0.855495273418878,10,6,"{""rwh"":4,""drainage"":2}"
nanjing_xianlin,282,23073298,10,base,random_feasible,44.86376056027257,59.00872583207456,59.023314654146816,0.760102356554463,10,6,"{""rwh"":3,""drainage"":1,""restoration"":2}"
nanjing_xianlin,283,23083271,10,base,ourea_robust,322.7982931145998,382.4936695216784,379.2999510161626,0.8510370018498759,10,10,"{""rwh"":10}"
nanjing_xianlin,283,23083271,10,base,deterministic_central,295.8594494596782,348.05961700836633,349.90996745650773,0.8455302134154045,10,8,"{""rwh"":7,""drainage"":1}"
nanjing_xianlin,283,23083271,10,base,greedy_opportunity,170.51771299820575,215.23383857257977,207.88083189727695,0.820266647203269,10,10,"{""rwh"":10}"
nanjing_xianlin,283,23083271,10,base,hazard_only,262.7304404825991,317.37537769690243,318.10063742288,0.8259349701752646,10,6,"{""rwh"":4,""drainage"":2}"
nanjing_xianlin,283,23083271,10,base,random_feasible,43.87167079416213,59.00872583207456,59.0619965143178,0.7428071075031601,10,6,"{""rwh"":3,""drainage"":1,""restoration"":2}"
nanjing_xianlin,284,23093244,10,base,ourea_robust,330.78061977854304,382.4936695216784,385.4991457150918,0.8580579839287394,10,10,"{""rwh"":10}"
nanjing_xianlin,284,23093244,10,base,deterministic_central,299.4314803264515,348.05961700836633,349.3570869945979,0.8570929042898779,10,8,"{""rwh"":7,""drainage"":1}"
nanjing_xianlin,284,23093244,10,base,greedy_opportunity,180.59637029341866,215.23383857257977,220.2906004951783,0.8198096963168955,10,10,"{""rwh"":10}"
nanjing_xianlin,284,23093244,10,base,hazard_only,273.3381510068448,317.37537769690243,318.5551751068051,0.8580559110841631,10,6,"{""rwh"":4,""drainage"":2}"
nanjing_xianlin,284,23093244,10,base,random_feasible,44.32556301101249,59.00872583207456,58.304737134170864,0.7602394794956455,10,6,"{""rwh"":3,""drainage"":1,""restoration"":2}"
nanjing_xianlin,285,23103217,10,base,ourea_robust,326.34022035662747,382.4936695216784,378.76299891707095,0.8615947737494779,10,10,"{""rwh"":10}"
nanjing_xianlin,285,23103217,10,base,deterministic_central,299.7157940934103,348.05961700836633,352.0767957635435,0.8512796006434372,10,8,"{""rwh"":7,""drainage"":1}"
nanjing_xianlin,285,23103217,10,base,greedy_opportunity,166.7742108001621,215.23383857257977,207.57413009738593,0.8034441031833686,10,10,"{""rwh"":10}"
nanjing_xianlin,285,23103217,10,base,hazard_only,263.02749975433835,317.37537769690243,313.6961871596668,0.8384784722310353,10,6,"{""rwh"":4,""drainage"":2}"
nanjing_xianlin,285,23103217,10,base,random_feasible,43.180471381609095,59.00872583207456,59.16279301888608,0.729858567830375,10,6,"{""rwh"":3,""drainage"":1,""restoration"":2}"
nanjing_xianlin,286,23113190,10,base,ourea_robust,328.74398222179116,382.4936695216784,386.6370403491219,0.8502651011526081,10,10,"{""rwh"":10}"
nanjing_xianlin,286,23113190,10,base,deterministic_central,293.66708477752945,348.05961700836633,350.80358780911047,0.8371267996760859,10,8,"{""rwh"":7,""drainage"":1}"
nanjing_xianlin,286,23113190,10,base,greedy_opportunity,181.5598999051581,215.23383857257977,219.13062230517244,0.8285464532305693,10,10,"{""rwh"":10}"
nanjing_xianlin,286,23113190,10,base,hazard_only,272.440023182553,317.37537769690243,320.49167275690525,0.8500689607283503,10,6,"{""rwh"":4,""drainage"":2}"
nanjing_xianlin,286,23113190,10,base,random_feasible,43.13213364462899,59.00872583207456,59.34620523263948,0.7267884016433623,10,6,"{""rwh"":3,""drainage"":1,""restoration"":2}"
nanjing_xianlin,287,23123163,10,base,ourea_robust,318.1599102733835,382.4936695216784,375.08958540591084,0.8482237914685908,10,10,"{""rwh"":10}"
nanjing_xianlin,287,23123163,10,base,deterministic_central,295.02032783808136,348.05961700836633,346.57023653646866,0.8512569653598547,10,8,"{""rwh"":7,""drainage"":1}"
nanjing_xianlin,287,23123163,10,base,greedy_opportunity,168.67685254949174,215.23383857257977,206.23546989831448,0.8178847830233024,10,10,"{""rwh"":10}"
nanjing_xianlin,287,23123163,10,base,hazard_only,257.2406860437004,317.37537769690243,312.2662829994315,0.8237863005022823,10,6,"{""rwh"":4,""drainage"":2}"
nanjing_xianlin,287,23123163,10,base,random_feasible,45.57343445038532,59.00872583207456,59.90687070421154,0.7607380241141762,10,6,"{""rwh"":3,""drainage"":1,""restoration"":2}"
nanjing_xianlin,288,23133136,10,base,ourea_robust,326.0176071835467,382.4936695216784,390.3899178929187,0.8351076506872577,10,10,"{""rwh"":10}"
nanjing_xianlin,288,23133136,10,base,deterministic_central,299.55128870193585,348.05961700836633,347.89170690901665,0.8610475120646576,10,8,"{""rwh"":7,""drainage"":1}"
nanjing_xianlin,288,23133136,10,base,greedy_opportunity,183.7403387970644,215.23383857257977,219.5922517540639,0.836734162200074,10,10,"{""rwh"":10}"
nanjing_xianlin,288,23133136,10,base,hazard_only,271.92209881486997,317.37537769690243,320.03106978915093,0.8496740613154309,10,6,"{""rwh"":4,""drainage"":2}"
nanjing_xianlin,288,23133136,10,base,random_feasible,43.95382993078056,59.00872583207456,58.69679780716069,0.7488284126705533,10,6,"{""rwh"":3,""drainage"":1,""restoration"":2}"
nanjing_xianlin,289,23143109,10,base,ourea_robust,320.6782345451793,382.4936695216784,376.2583786866817,0.8522819761901298,10,10,"{""rwh"":10}"
nanjing_xianlin,289,23143109,10,base,deterministic_central,295.813701266763,348.05961700836633,349.43939706936726,0.8465379225915989,10,8,"{""rwh"":7,""drainage"":1}"
nanjing_xianlin,289,23143109,10,base,greedy_opportunity,167.90232792366805,215.23383857257977,206.32749860027252,0.8137661197015369,10,10,"{""rwh"":10}"
nanjing_xianlin,289,23143109,10,base,hazard_only,262.6253167948016,317.37537769690243,313.493496096693,0.8377376885477658,10,6,"{""rwh"":4,""drainage"":2}"
nanjing_xianlin,289,23143109,10,base,random_feasible,46.45887507718726,59.00872583207456,58.48416088484373,0.7943838874369001,10,6,"{""rwh"":3,""drainage"":1,""restoration"":2}"
nanjing_xianlin,290,23153082,10,base,ourea_robust,328.918467357591,382.4936695216784,389.948014990121,0.8434931188607894,10,10,"{""rwh"":10}"
nanjing_xianlin,290,23153082,10,base,deterministic_central,293.25681659402835,348.05961700836633,351.7074598525778,0.8338089181189113,10,8,"{""rwh"":7,""drainage"":1}"
nanjing_xianlin,290,23153082,10,base,greedy_opportunity,183.8109305103535,215.23383857257977,219.39098882467806,0.8378235199862395,10,10,"{""rwh"":10}"
nanjing_xianlin,290,23153082,10,base,hazard_only,273.7008884406732,317.37537769690243,320.3014387934818,0.8545103308672465,10,6,"{""rwh"":4,""drainage"":2}"
nanjing_xianlin,290,23153082,10,base,random_feasible,43.794840808312074,59.00872583207456,60.070180723772864,0.7290612460398376,10,6,"{""rwh"":3,""drainage"":1,""restoration"":2}"
nanjing_xianlin,291,23163055,10,base,ourea_robust,318.65303734556073,382.4936695216784,375.21360333130906,0.8492576881979249,10,10,"{""rwh"":10}"
nanjing_xianlin,291,23163055,10,base,deterministic_central,295.1769442279892,348.05961700836633,344.00737676783865,0.85805411209887,10,8,"{""rwh"":7,""drainage"":1}"
nanjing_xianlin,291,23163055,10,base,greedy_opportunity,168.46929122435176,215.23383857257977,207.73585265370457,0.8109784087448298,10,10,"{""rwh"":10}"
nanjing_xianlin,291,23163055,10,base,hazard_only,252.81555912112162,317.37537769690243,313.42035491764,0.8066341421493062,10,6,"{""rwh"":4,""drainage"":2}"
nanjing_xianlin,291,23163055,10,base,random_feasible,42.37848151651633,59.00872583207456,58.47913164175225,0.7246769971915834,10,6,"{""rwh"":3,""drainage"":1,""restoration"":2}"
nanjing_xianlin,292,23173028,10,base,ourea_robust,331.50815045210766,382.4936695216784,390.75350189022356,0.8483817773826119,10,10,"{""rwh"":10}"
nanjing_xianlin,292,23173028,10,base,deterministic_central,294.86023746041246,348.05961700836633,347.1361268614819,0.8494080985643735,10,8,"{""rwh"":7,""drainage"":1}"
nanjing_xianlin,292,23173028,10,base,greedy_opportunity,183.06052717720922,215.23383857257977,219.75692416421225,0.8330136939868078,10,10,"{""rwh"":10}"
nanjing_xianlin,292,23173028,10,base,hazard_only,270.64624332962194,317.37537769690243,319.9636593090072,0.8458655708404791,10,6,"{""rwh"":4,""drainage"":2}"
nanjing_xianlin,292,23173028,10,base,random_feasible,44.9096031517729,59.00872583207456,57.80770206367197,0.7768792314613625,10,6,"{""rwh"":3,""drainage"":1,""restoration"":2}"
nanjing_xianlin,293,23183001,10,base,ourea_robust,321.97794537863774,382.4936695216784,377.23706226979084,0.8535162039523224,10,10,"{""rwh"":10}"
nanjing_xianlin,293,23183001,10,base,deterministic_central,287.8625726390692,348.05961700836633,343.9819973038084,0.8368535995935451,10,8,"{""rwh"":7,""drainage"":1}"
nanjing_xianlin,293,23183001,10,base,greedy_opportunity,168.0530317845405,215.23383857257977,207.61662140437147,0.8094391992692453,10,10,"{""rwh"":10}"
nanjing_xianlin,293,23183001,10,base,hazard_only,251.82861267539192,317.37537769690243,314.0919919873122,0.8017670590136045,10,6,"{""rwh"":4,""drainage"":2}"
nanjing_xianlin,293,23183001,10,base,random_feasible,42.90038459472271,59.00872583207456,59.175971069329535,0.7249629168647079,10,6,"{""rwh"":3,""drainage"":1,""restoration"":2}"
nanjing_xianlin,294,23192974,10,base,ourea_robust,330.2292524186596,382.4936695216784,388.8876726510989,0.8491635905233069,10,10,"{""rwh"":10}"
nanjing_xianlin,294,23192974,10,base,deterministic_central,294.5673054253475,348.05961700836633,352.90044379291794,0.8347036979024024,10,8,"{""rwh"":7,""drainage"":1}"
nanjing_xianlin,294,23192974,10,base,greedy_opportunity,184.39614769724903,215.23383857257977,220.77183935056382,0.8352340055673777,10,10,"{""rwh"":10}"
nanjing_xianlin,294,23192974,10,base,hazard_only,268.6866284561911,317.37537769690243,319.26024864840656,0.8415912397289681,10,6,"{""rwh"":4,""drainage"":2}"
nanjing_xianlin,294,23192974,10,base,random_feasible,45.47461681387176,59.00872583207456,59.73256779372059,0.7613035650989091,10,6,"{""rwh"":3,""drainage"":1,""restoration"":2}"
nanjing_xianlin,295,23202947,10,base,ourea_robust,323.1099351819612,382.4936695216784,373.03737401277976,0.8661596871816171,10,10,"{""rwh"":10}"
nanjing_xianlin,295,23202947,10,base,deterministic_central,292.08689701323965,348.05961700836633,342.3662883475681,0.8531415240180273,10,8,"{""rwh"":7,""drainage"":1}"
nanjing_xianlin,295,23202947,10,base,greedy_opportunity,165.7783393729751,215.23383857257977,207.04607140037842,0.8006833370549629,10,10,"{""rwh"":10}"
nanjing_xianlin,295,23202947,10,base,hazard_only,257.25996533812395,317.37537769690243,309.3257526447669,0.8316797522951932,10,6,"{""rwh"":4,""drainage"":2}"
nanjing_xianlin,295,23202947,10,base,random_feasible,45.23271109129928,59.00872583207456,59.515060461057146,0.7600212574915668,10,6,"{""rwh"":3,""drainage"":1,""restoration"":2}"
nanjing_xianlin,296,23212920,10,base,ourea_robust,333.22066801039,382.4936695216784,390.04756967876347,0.8543077663189258,10,10,"{""rwh"":10}"
nanjing_xianlin,296,23212920,10,base,deterministic_central,297.3981649839152,348.05961700836633,348.3670617167627,0.8536919751205199,10,8,"{""rwh"":7,""drainage"":1}"
nanjing_xianlin,296,23212920,10,base,greedy_opportunity,183.1890531865647,215.23383857257977,220.89706368159204,0.8292960084368489,10,10,"{""rwh"":10}"
nanjing_xianlin,296,23212920,10,base,hazard_only,269.2014057346205,317.37537769690243,320.28811134730495,0.840497652573534,10,6,"{""rwh"":4,""drainage"":2}"
nanjing_xianlin,296,23212920,10,base,random_feasible,43.401170319750236,59.00872583207456,59.232122995985264,0.7327302842528868,10,6,"{""rwh"":3,""drainage"":1,""restoration"":2}"
nanjing_xianlin,297,23222893,10,base,ourea_robust,321.86567113504316,382.4936695216784,369.7585355831434,0.8704752971488035,10,10,"{""rwh"":10}"
nanjing_xianlin,297,23222893,10,base,deterministic_central,289.2203369558465,348.05961700836633,347.9280722712447,0.8312647354605247,10,8,"{""rwh"":7,""drainage"":1}"
nanjing_xianlin,297,23222893,10,base,greedy_opportunity,165.4195751957468,215.23383857257977,206.4990350138287,0.8010670615708645,10,10,"{""rwh"":10}"
nanjing_xianlin,297,23222893,10,base,hazard_only,255.87839188493126,317.37537769690243,309.95394866898823,0.8255368030758455,10,6,"{""rwh"":4,""drainage"":2}"
nanjing_xianlin,297,23222893,10,base,random_feasible,45.07562799679545,59.00872583207456,59.28691579082806,0.7602963891025823,10,6,"{""rwh"":3,""drainage"":1,""restoration"":2}"
nanjing_xianlin,298,23232866,10,base,ourea_robust,328.7479224740455,382.4936695216784,386.7662223755251,0.8499912956588345,10,10,"{""rwh"":10}"
nanjing_xianlin,298,23232866,10,base,deterministic_central,293.6813777103962,348.05961700836633,354.44410230639187,0.828568950080962,10,8,"{""rwh"":7,""drainage"":1}"
nanjing_xianlin,298,23232866,10,base,greedy_opportunity,183.1661591137563,215.23383857257977,220.65657128828752,0.8300960993110418,10,10,"{""rwh"":10}"
nanjing_xianlin,298,23232866,10,base,hazard_only,268.08489839671165,317.37537769690243,320.9374981381261,0.8353180913790648,10,6,"{""rwh"":4,""drainage"":2}"
nanjing_xianlin,298,23232866,10,base,random_feasible,42.68413874595353,59.00872583207456,59.590484797945464,0.7162911812294096,10,6,"{""rwh"":3,""drainage"":1,""restoration"":2}"
nanjing_xianlin,299,23242839,10,base,ourea_robust,320.26714484429067,382.4936695216784,373.03276077596456,0.8585496463583696,10,10,"{""rwh"":10}"
nanjing_xianlin,299,23242839,10,base,deterministic_central,291.84982836540985,348.05961700836633,343.0724360901295,0.8506944821668424,10,8,"{""rwh"":7,""drainage"":1}"
nanjing_xianlin,299,23242839,10,base,greedy_opportunity,168.17856551353907,215.23383857257977,204.86756156756746,0.8209135903541861,10,10,"{""rwh"":10}"
nanjing_xianlin,299,23242839,10,base,hazard_only,255.5203653292756,317.37537769690243,308.725646779847,0.8276616082741184,10,6,"{""rwh"":4,""drainage"":2}"
nanjing_xianlin,299,23242839,10,base,random_feasible,43.53346739895096,59.00872583207456,59.390410581048855,0.7330049914294118,10,6,"{""rwh"":3,""drainage"":1,""restoration"":2}"
nanjing_xianlin,300,23252812,10,base,ourea_robust,333.34443258155807,382.4936695216784,387.14492996042463,0.861032669640369,10,10,"{""rwh"":10}"
nanjing_xianlin,300,23252812,10,base,deterministic_central,296.53357398229855,348.05961700836633,350.9961150365598,0.8448343479568473,10,8,"{""rwh"":7,""drainage"":1}"
nanjing_xianlin,300,23252812,10,base,greedy_opportunity,187.22678425388403,215.23383857257977,222.2454162982358,0.8424326016363841,10,10,"{""rwh"":10}"
nanjing_xianlin,300,23252812,10,base,hazard_only,265.54046690412906,317.37537769690243,319.31818224493145,0.8315858027165128,10,6,"{""rwh"":4,""drainage"":2}"
nanjing_xianlin,300,23252812,10,base,random_feasible,45.60148086309164,59.00872583207456,58.793091063023894,0.7756265241133288,10,6,"{""rwh"":3,""drainage"":1,""restoration"":2}"
nanjing_xianlin,301,23262785,10,base,ourea_robust,319.18466743645695,382.4936695216784,372.9679935820477,0.8557964032542134,10,10,"{""rwh"":10}"
nanjing_xianlin,301,23262785,10,base,deterministic_central,285.56782693704736,348.05961700836633,345.73620754486,0.8259702649164806,10,8,"{""rwh"":7,""drainage"":1}"
nanjing_xianlin,301,23262785,10,base,greedy_opportunity,167.04667587690528,215.23383857257977,205.49666927515318,0.8128923766313475,10,10,"{""rwh"":10}"
nanjing_xianlin,301,23262785,10,base,hazard_only,254.16477392579145,317.37537769690243,310.1261055913783,0.8195529797181234,10,6,"{""rwh"":4,""drainage"":2}"
nanjing_xianlin,301,23262785,10,base,random_feasible,43.21399786352231,59.00872583207456,58.488489061332075,0.7388461996036064,10,6,"{""rwh"":3,""drainage"":1,""restoration"":2}"
nanjing_xianlin,302,23272758,10,base,ourea_robust,329.3949661410188,382.4936695216784,388.94967740165885,0.8468832480888284,10,10,"{""rwh"":10}"
nanjing_xianlin,302,23272758,10,base,deterministic_central,295.75801726925056,348.05961700836633,351.74704740094967,0.8408258703366505,10,8,"{""rwh"":7,""drainage"":1}"
nanjing_xianlin,302,23272758,10,base,greedy_opportunity,184.7125006167098,215.23383857257977,223.72870061633876,0.8256093210565063,10,10,"{""rwh"":10}"
nanjing_xianlin,302,23272758,10,base,hazard_only,269.81905714254026,317.37537769690243,322.4248380752215,0.8368432740891745,10,6,"{""rwh"":4,""drainage"":2}"
nanjing_xianlin,302,23272758,10,base,random_feasible,45.406775674853634,59.00872583207456,59.41663602337394,0.7642098024026645,10,6,"{""rwh"":3,""drainage"":1,""restoration"":2}"
nanjing_xianlin,303,23282731,10,base,ourea_robust,322.4341647271067,382.4936695216784,368.947345177854,0.8739300307789848,10,10,"{""rwh"":10}"
nanjing_xianlin,303,23282731,10,base,deterministic_central,289.4370069991892,348.05961700836633,347.3309965894405,0.8333175266281104,10,8,"{""rwh"":7,""drainage"":1}"
nanjing_xianlin,303,23282731,10,base,greedy_opportunity,169.24931283919614,215.23383857257977,207.42085771060738,0.815970557191177,10,10,"{""rwh"":10}"
nanjing_xianlin,303,23282731,10,base,hazard_only,247.44388829058335,317.37537769690243,309.60226908175173,0.79923150765166,10,6,"{""rwh"":4,""drainage"":2}"
nanjing_xianlin,303,23282731,10,base,random_feasible,45.253666942215204,59.00872583207456,59.66736485878209,0.7584324705694554,10,6,"{""rwh"":3,""drainage"":1,""restoration"":2}"
nanjing_xianlin,304,23292704,10,base,ourea_robust,328.55215690712794,382.4936695216784,385.1069894526481,0.8531451412349034,10,10,"{""rwh"":10}"
nanjing_xianlin,304,23292704,10,base,deterministic_central,294.00362174381735,348.05961700836633,349.9353687139028,0.8401654934862739,10,8,"{""rwh"":7,""drainage"":1}"
nanjing_xianlin,304,23292704,10,base,greedy_opportunity,183.43572815672815,215.23383857257977,220.71384518175182,0.8311020453006644,10,10,"{""rwh"":10}"
nanjing_xianlin,304,23292704,10,base,hazard_only,259.9468819726135,317.37537769690243,318.9164139470158,0.8150940829774932,10,6,"{""rwh"":4,""drainage"":2}"
nanjing_xianlin,304,23292704,10,base,random_feasible,43.65199459344876,59.00872583207456,59.38944288310813,0.7350126971112656,10,6,"{""rwh"":3,""drainage"":1,""restoration"":2}"
nanjing_xianlin,305,23302677,10,base,ourea_robust,322.0309569923993,382.4936695216784,372.33262842750264,0.8649012533563181,10,10,"{""rwh"":10}"
nanjing_xianlin,305,23302677,10,base,deterministic_central,278.46724854862623,348.05961700836633,339.44309464937214,0.820365041852653,10,8,"{""rwh"":7,""drainage"":1}"
nanjing_xianlin,305,23302677,10,base,greedy_opportunity,168.67133721320897,215.23383857257977,207.92121312119525,0.8112271695668305,10,10,"{""rwh"":10}"
nanjing_xianlin,305,23302677,10,base,hazard_only,253.01796302714502,317.37537769690243,311.1308593481772,0.8132204036501575,10,6,"{""rwh"":4,""drainage"":2}"
nanjing_xianlin,305,23302677,10,base,random_feasible,45.605399957357804,59.00872583207456,58.93865637341514,0.7737773943881179,10,6,"{""rwh"":3,""drainage"":1,""restoration"":2}"
nanjing_xianlin,306,23312650,10,base,ourea_robust,327.75160565313126,382.4936695216784,383.565736637438,0.8544861397850441,10,10,"{""rwh"":10}"
nanjing_xianlin,306,23312650,10,base,deterministic_central,297.58210242831774,348.05961700836633,349.4913469792773,0.851472017835001,10,8,"{""rwh"":7,""drainage"":1}"
nanjing_xianlin,306,23312650,10,base,greedy_opportunity,180.5727208510525,215.23383857257977,218.607925258264,0.826011777192997,10,10,"{""rwh"":10}"
nanjing_xianlin,306,23312650,10,base,hazard_only,264.2948855699251,317.37537769690243,317.8206936138213,0.8315848869522181,10,6,"{""rwh"":4,""drainage"":2}"
nanjing_xianlin,306,23312650,10,base,random_feasible,43.96847551207793,59.00872583207456,59.34704664022502,0.740870489792434,10,6,"{""rwh"":3,""drainage"":1,""restoration"":2}"
nanjing_xianlin,307,23322623,10,base,ourea_robust,324.9789934187429,382.4936695216784,372.8385780605604,0.8716345693335317,10,10,"{""rwh"":10}"
nanjing_xianlin,307,23322623,10,base,deterministic_central,298.0151718364268,348.05961700836633,345.0494729244092,0.8636882395751803,10,8,"{""rwh"":7,""drainage"":1}"
nanjing_xianlin,307,23322623,10,base,greedy_opportunity,172.8865157010241,215.23383857257977,211.78699776429312,0.8163226143534882,10,10,"{""rwh"":10}"
nanjing_xianlin,307,23322623,10,base,hazard_only,255.38903165562442,317.37537769690243,315.3531320800648,0.809850943832655,10,6,"{""rwh"":4,""drainage"":2}"
nanjing_xianlin,307,23322623,10,base,random_feasible,44.1855363415616,59.00872583207456,59.486704501354325,0.7427800331510318,10,6,"{""rwh"":3,""drainage"":1,""restoration"":2}"
nanjing_xianlin,308,23332596,10,base,ourea_robust,325.09902654974394,382.4936695216784,384.3112525138349,0.8459263797851992,10,10,"{""rwh"":10}"
nanjing_xianlin,308,23332596,10,base,deterministic_central,292.6683192576529,348.05961700836633,350.12816312811447,0.8358891116981167,10,8,"{""rwh"":7,""drainage"":1}"
nanjing_xianlin,308,23332596,10,base,greedy_opportunity,181.73471807430178,215.23383857257977,219.60698676815264,0.8275452468466586,10,10,"{""rwh"":10}"
nanjing_xianlin,308,23332596,10,base,hazard_only,261.14778362565266,317.37537769690243,315.7685766563063,0.8270227088172081,10,6,"{""rwh"":4,""drainage"":2}"
nanjing_xianlin,308,23332596,10,base,random_feasible,45.5878478768318,59.00872583207456,58.37613572454393,0.7809329499291375,10,6,"{""rwh"":3,""drainage"":1,""restoration"":2}"
nanjing_xianlin,309,23342569,10,base,ourea_robust,322.9252606689588,382.4936695216784,373.2838902549629,0.8650929469482119,10,10,"{""rwh"":10}"
nanjing_xianlin,309,23342569,10,base,deterministic_central,283.65427132458535,348.05961700836633,342.4916420686732,0.828207864026386,10,8,"{""rwh"":7,""drainage"":1}"
nanjing_xianlin,309,23342569,10,base,greedy_opportunity,169.4640712563778,215.23383857257977,211.81545346908933,0.8000552768030593,10,10,"{""rwh"":10}"
nanjing_xianlin,309,23342569,10,base,hazard_only,254.44467087865632,317.37537769690243,310.9895924142147,0.8181774473653614,10,6,"{""rwh"":4,""drainage"":2}"
nanjing_xianlin,309,23342569,10,base,random_feasible,44.00684268839723,59.00872583207456,58.84704488067655,0.7478173760063802,10,6,"{""rwh"":3,""drainage"":1,""restoration"":2}"
nanjing_xianlin,310,23352542,10,base,ourea_robust,330.5512341882186,382.4936695216784,384.64236248275665,0.8593729303621284,10,10,"{""rwh"":10}"
nanjing_xianlin,310,23352542,10,base,deterministic_central,303.05211863709883,348.05961700836633,349.46635952856013,0.8671853824383113,10,8,"{""rwh"":7,""drainage"":1}"
nanjing_xianlin,310,23352542,10,base,greedy_opportunity,181.79398110931834,215.23383857257977,220.2889524260754,0.8252523746978405,10,10,"{""rwh"":10}"
nanjing_xianlin,310,23352542,10,base,hazard_only,273.98880078498405,317.37537769690243,320.03327481389715,0.8561259792261025,10,6,"{""rwh"":4,""drainage"":2}"
nanjing_xianlin,310,23352542,10,base,random_feasible,43.30746224989889,59.00872583207456,58.778363718058245,0.7367925799641426,10,6,"{""rwh"":3,""drainage"":1,""restoration"":2}"
nanjing_xianlin,311,23362515,10,base,ourea_robust,324.5756326833798,382.4936695216784,375.9095733865506,0.8634407199563824,10,10,"{""rwh"":10}"
nanjing_xianlin,311,23362515,10,base,deterministic_central,295.7186708678146,348.05961700836633,347.00273873924925,0.8522084636629585,10,8,"{""rwh"":7,""drainage"":1}"
nanjing_xianlin,311,23362515,10,base,greedy_opportunity,169.91990264219203,215.23383857257977,210.47362428023916,0.8073215977691766,10,10,"{""rwh"":10}"
nanjing_xianlin,311,23362515,10,base,hazard_only,255.5173000008981,317.37537769690243,315.67341848216347,0.8094355908378,10,6,"{""rwh"":4,""drainage"":2}"
nanjing_xianlin,311,23362515,10,base,random_feasible,45.60389926164498,59.00872583207456,60.15220540295741,0.7581417664763269,10,6,"{""rwh"":3,""drainage"":1,""restoration"":2}"
nanjing_xianlin,312,23372488,10,base,ourea_robust,332.7726069206783,382.4936695216784,384.99420046940213,0.8643574539952733,10,10,"{""rwh"":10}"
nanjing_xianlin,312,23372488,10,base,deterministic_central,291.9306224152406,348.05961700836633,352.39557276773667,0.8284173950381936,10,8,"{""rwh"":7,""drainage"":1}"
nanjing_xianlin,312,23372488,10,base,greedy_opportunity,180.15789059233248,215.23383857257977,222.53773695950076,0.8095610796344131,10,10,"{""rwh"":10}"
nanjing_xianlin,312,23372488,10,base,hazard_only,264.8040321493572,317.37537769690243,321.48754778755574,0.8236836355613503,10,6,"{""rwh"":4,""drainage"":2}"
nanjing_xianlin,312,23372488,10,base,random_feasible,44.28522039498421,59.00872583207456,59.65338365075331,0.7423756656329246,10,6,"{""rwh"":3,""drainage"":1,""restoration"":2}"
nanjing_xianlin,313,23382461,10,base,ourea_robust,324.7022859018798,382.4936695216784,378.0342124739127,0.8589230159275247,10,10,"{""rwh"":10}"
nanjing_xianlin,313,23382461,10,base,deterministic_central,286.38962091789654,348.05961700836633,346.9786197432459,0.8253811751566035,10,8,"{""rwh"":7,""drainage"":1}"
nanjing_xianlin,313,23382461,10,base,greedy_opportunity,171.8225107428916,215.23383857257977,208.76735008169453,0.823033442133812,10,10,"{""rwh"":10}"
nanjing_xianlin,313,23382461,10,base,hazard_only,258.16987894761587,317.37537769690243,310.00996111936547,0.8327793017212463,10,6,"{""rwh"":4,""drainage"":2}"
nanjing_xianlin,313,23382461,10,base,random_feasible,46.466338145042755,59.00872583207456,59.840658694784,0.7765011141010884,10,6,"{""rwh"":3,""drainage"":1,""restoration"":2}"
nanjing_xianlin,314,23392434,10,base,ourea_robust,332.26595219599403,382.4936695216784,385.7200190243366,0.861417442207038,10,10,"{""rwh"":10}"
nanjing_xianlin,314,23392434,10,base,deterministic_central,297.9461056859691,348.05961700836633,347.10676999862517,0.858370194528759,10,8,"{""rwh"":7,""drainage"":1}"
nanjing_xianlin,314,23392434,10,base,greedy_opportunity,181.39361435850515,215.23383857257977,220.2409722068569,0.8236143009218777,10,10,"{""rwh"":10}"
nanjing_xianlin,314,23392434,10,base,hazard_only,269.6111153022739,317.37537769690243,318.23011845737346,0.8472206106990089,10,6,"{""rwh"":4,""drainage"":2}"
nanjing_xianlin,314,23392434,10,base,random_feasible,43.2032341755239,59.00872583207456,58.272504430768095,0.7413999895414215,10,6,"{""rwh"":3,""drainage"":1,""restoration"":2}"
nanjing_xianlin,315,23402407,10,base,ourea_robust,323.1321444172081,382.4936695216784,375.93835732794287,0.8595349160802173,10,10,"{""rwh"":10}"
nanjing_xianlin,315,23402407,10,base,deterministic_central,292.015650719286,348.05961700836633,348.0360885523005,0.8390384225209561,10,8,"{""rwh"":7,""drainage"":1}"
nanjing_xianlin,315,23402407,10,base,greedy_opportunity,170.54296948082083,215.23383857257977,210.8082979819883,0.8089955239588918,10,10,"{""rwh"":10}"
nanjing_xianlin,315,23402407,10,base,hazard_only,254.9405057682161,317.37537769690243,316.17525766840663,0.8063265533433632,10,6,"{""rwh"":4,""drainage"":2}"
nanjing_xianlin,315,23402407,10,base,random_feasible,44.18584065030518,59.00872583207456,60.30136889185451,0.7327502088642268,10,6,"{""rwh"":3,""drainage"":1,""restoration"":2}"
nanjing_xianlin,316,23412380,10,base,ourea_robust,336.3098722449522,382.4936695216784,386.08081961108655,0.8710867133563629,10,10,"{""rwh"":10}"
nanjing_xianlin,316,23412380,10,base,deterministic_central,294.49273278653163,348.05961700836633,353.49379784832126,0.8330916541650157,10,8,"{""rwh"":7,""drainage"":1}"
nanjing_xianlin,316,23412380,10,base,greedy_opportunity,177.7618860114908,215.23383857257977,221.25116547392827,0.8034393203340565,10,10,"{""rwh"":10}"
nanjing_xianlin,316,23412380,10,base,hazard_only,264.3925052936738,317.37537769690243,318.8059247212259,0.8293211787857051,10,6,"{""rwh"":4,""drainage"":2}"
nanjing_xianlin,316,23412380,10,base,random_feasible,46.42601173197181,59.00872583207456,59.3680647509791,0.782003117782379,10,6,"{""rwh"":3,""drainage"":1,""restoration"":2}"
nanjing_xianlin,317,23422353,10,base,ourea_robust,324.33045625754676,382.4936695216784,377.1599875787906,0.859928059547389,10,10,"{""rwh"":10}"
nanjing_xianlin,317,23422353,10,base,deterministic_central,287.1478225124665,348.05961700836633,342.78313777965013,0.8376952973020877,10,8,"{""rwh"":7,""drainage"":1}"
nanjing_xianlin,317,23422353,10,base,greedy_opportunity,167.91754034134283,215.23383857257977,211.93184957557605,0.7923185716428267,10,10,"{""rwh"":10}"
nanjing_xianlin,317,23422353,10,base,hazard_only,262.54273064146764,317.37537769690243,311.07352292912765,0.843989318567891,10,6,"{""rwh"":4,""drainage"":2}"
nanjing_xianlin,317,23422353,10,base,random_feasible,45.68771271218975,59.00872583207456,58.852001265264335,0.776315362773493,10,6,"{""rwh"":3,""drainage"":1,""restoration"":2}"
nanjing_xianlin,318,23432326,10,base,ourea_robust,338.54389760050253,382.4936695216784,385.0395892566339,0.8792443869320113,10,10,"{""rwh"":10}"
nanjing_xianlin,318,23432326,10,base,deterministic_central,299.5222337689829,348.05961700836633,350.28366068487594,0.8550847995117897,10,8,"{""rwh"":7,""drainage"":1}"
nanjing_xianlin,318,23432326,10,base,greedy_opportunity,179.69917881761467,215.23383857257977,219.54288860737688,0.8185151427928172,10,10,"{""rwh"":10}"
nanjing_xianlin,318,23432326,10,base,hazard_only,265.06934992400056,317.37537769690243,319.7794152036586,0.8289131111056204,10,6,"{""rwh"":4,""drainage"":2}"
nanjing_xianlin,318,23432326,10,base,random_feasible,43.1145614164343,59.00872583207456,57.291114926014416,0.7525523193624757,10,6,"{""rwh"":3,""drainage"":1,""restoration"":2}"
nanjing_xianlin,319,23442299,10,base,ourea_robust,320.36684724290535,382.4936695216784,374.6432331236465,0.8551251401814913,10,10,"{""rwh"":10}"
nanjing_xianlin,319,23442299,10,base,deterministic_central,291.010936962517,348.05961700836633,343.2514215385363,0.8478069388850169,10,8,"{""rwh"":7,""drainage"":1}"
nanjing_xianlin,319,23442299,10,base,greedy_opportunity,172.77391942045142,215.23383857257977,210.58987215122397,0.8204284358764555,10,10,"{""rwh"":10}"
nanjing_xianlin,319,23442299,10,base,hazard_only,257.1304229549969,317.37537769690243,314.2078972389063,0.8183448767982084,10,6,"{""rwh"":4,""drainage"":2}"
nanjing_xianlin,319,23442299,10,base,random_feasible,46.2009961212425,59.00872583207456,60.26538378153964,0.7666257679320493,10,6,"{""rwh"":3,""drainage"":1,""restoration"":2}"
nanjing_xianlin,320,23452272,10,base,ourea_robust,330.23826422003185,382.4936695216784,384.2669583666466,0.8593980227280861,10,10,"{""rwh"":10}"
nanjing_xianlin,320,23452272,10,base,deterministic_central,296.4089476515419,348.05961700836633,352.6746119179261,0.8404601228299409,10,8,"{""rwh"":7,""drainage"":1}"
nanjing_xianlin,320,23452272,10,base,greedy_opportunity,178.3313714684773,215.23383857257977,219.86566209924604,0.8110924178236599,10,10,"{""rwh"":10}"
nanjing_xianlin,320,23452272,10,base,hazard_only,265.67256254314816,317.37537769690243,317.9452158245185,0.8355922634476095,10,6,"{""rwh"":4,""drainage"":2}"
nanjing_xianlin,320,23452272,10,base,random_feasible,44.08613243779109,59.00872583207456,59.53731276077451,0.7404790440397025,10,6,"{""rwh"":3,""drainage"":1,""restoration"":2}"
nanjing_xianlin,321,23462245,10,base,ourea_robust,319.3651485220853,382.4936695216784,376.23574439603726,0.8488431874934025,10,10,"{""rwh"":10}"
nanjing_xianlin,321,23462245,10,base,deterministic_central,289.8561122871888,348.05961700836633,344.44961743837666,0.8415051073152815,10,8,"{""rwh"":7,""drainage"":1}"
nanjing_xianlin,321,23462245,10,base,greedy_opportunity,172.94753875515016,215.23383857257977,210.95911261967012,0.8198154448390692,10,10,"{""rwh"":10}"
nanjing_xianlin,321,23462245,10,base,hazard_only,263.1719171737732,317.37537769690243,314.29894060133665,0.837329953038518,10,6,"{""rwh"":4,""drainage"":2}"
nanjing_xianlin,321,23462245,10,base,random_feasible,47.213448529517336,59.00872583207456,59.72779473363698,0.7904770089046679,10,6,"{""rwh"":3,""drainage"":1,""restoration"":2}"
nanjing_xianlin,322,23472218,10,base,ourea_robust,337.6950630983865,382.4936695216784,386.2378650946248,0.8743188941758838,10,10,"{""rwh"":10}"
nanjing_xianlin,322,23472218,10,base,deterministic_central,297.5643909534174,348.05961700836633,347.8914402846276,0.8553369140383704,10,8,"{""rwh"":7,""drainage"":1}"
nanjing_xianlin,322,23472218,10,base,greedy_opportunity,178.78754630420553,215.23383857257977,221.48628665482647,0.8072172277773366,10,10,"{""rwh"":10}"
nanjing_xianlin,322,23472218,10,base,hazard_only,263.4213636745044,317.37537769690243,319.6215334060653,0.8241665098948104,10,6,"{""rwh"":4,""drainage"":2}"
nanjing_xianlin,322,23472218,10,base,random_feasible,43.58493257077316,59.00872583207456,59.46646206078913,0.7329330022394607,10,6,"{""rwh"":3,""drainage"":1,""restoration"":2}"
nanjing_xianlin,323,23482191,10,base,ourea_robust,322.31860705697545,382.4936695216784,375.69893344800766,0.857917279931753,10,10,"{""rwh"":10}"
nanjing_xianlin,323,23482191,10,base,deterministic_central,290.09922034090414,348.05961700836633,345.9989122499155,0.8384396888836606,10,8,"{""rwh"":7,""drainage"":1}"
nanjing_xianlin,323,23482191,10,base,greedy_opportunity,175.49686890682096,215.23383857257977,211.5327391437222,0.8296440050709252,10,10,"{""rwh"":10}"
nanjing_xianlin,323,23482191,10,base,hazard_only,254.7169302963448,317.37537769690243,312.66307144858183,0.8146690593047333,10,6,"{""rwh"":4,""drainage"":2}"
nanjing_xianlin,323,23482191,10,base,random_feasible,44.78263527728268,59.00872583207456,59.3797274868557,0.7541738093559922,10,6,"{""rwh"":3,""drainage"":1,""restoration"":2}"
nanjing_xianlin,324,23492164,10,base,ourea_robust,336.63384769590994,382.4936695216784,387.97368727867433,0.8676718518132701,10,10,"{""rwh"":10}"
nanjing_xianlin,324,23492164,10,base,deterministic_central,296.61570335760007,348.05961700836633,353.6141315415807,0.8388117920075875,10,8,"{""rwh"":7,""drainage"":1}"
nanjing_xianlin,324,23492164,10,base,greedy_opportunity,178.0581075546088,215.23383857257977,224.2793264909651,0.7939122626256937,10,10,"{""rwh"":10}"
nanjing_xianlin,324,23492164,10,base,hazard_only,267.395160156615,317.37537769690243,320.8151497975123,0.8334866988837212,10,6,"{""rwh"":4,""drainage"":2}"
nanjing_xianlin,324,23492164,10,base,random_feasible,44.20807614188925,59.00872583207456,58.684272705952026,0.7533206786663553,10,6,"{""rwh"":3,""drainage"":1,""restoration"":2}"
nanjing_xianlin,325,23502137,10,base,ourea_robust,317.87131302551825,382.4936695216784,375.98635625247334,0.8454331061206618,10,10,"{""rwh"":10}"
nanjing_xianlin,325,23502137,10,base,deterministic_central,291.11864680472536,348.05961700836633,344.7590632236097,0.8444118744339048,10,8,"{""rwh"":7,""drainage"":1}"
nanjing_xianlin,325,23502137,10,base,greedy_opportunity,175.58687488474243,215.23383857257977,210.73579896643787,0.8332085755999468,10,10,"{""rwh"":10}"
nanjing_xianlin,325,23502137,10,base,hazard_only,263.79484865781706,317.37537769690243,310.3882851780327,0.8498866138150462,10,6,"{""rwh"":4,""drainage"":2}"
nanjing_xianlin,325,23502137,10,base,random_feasible,45.38082529452549,59.00872583207456,59.57609933330241,0.7617287100425874,10,6,"{""rwh"":3,""drainage"":1,""restoration"":2}"
nanjing_xianlin,326,23512110,10,base,ourea_robust,336.23316517316744,382.4936695216784,389.50107979607856,0.8632406496772762,10,10,"{""rwh"":10}"
nanjing_xianlin,326,23512110,10,base,deterministic_central,297.6988976576067,348.05961700836633,350.2258106415484,0.850019868930499,10,8,"{""rwh"":7,""drainage"":1}"
nanjing_xianlin,326,23512110,10,base,greedy_opportunity,176.64976145507353,215.23383857257977,223.5042059755142,0.7903643722679037,10,10,"{""rwh"":10}"
nanjing_xianlin,326,23512110,10,base,hazard_only,265.1740421342656,317.37537769690243,322.1596942512242,0.823113650981676,10,6,"{""rwh"":4,""drainage"":2}"
nanjing_xianlin,326,23512110,10,base,random_feasible,43.52331139161652,59.00872583207456,57.58212333307711,0.7558476289570111,10,6,"{""rwh"":3,""drainage"":1,""restoration"":2}"
nanjing_xianlin,327,23522083,10,base,ourea_robust,319.14096429163146,382.4936695216784,374.45211825745355,0.8522877792140221,10,10,"{""rwh"":10}"
nanjing_xianlin,327,23522083,10,base,deterministic_central,292.4009303195471,348.05961700836633,345.6889057279586,0.8458499115087404,10,8,"{""rwh"":7,""drainage"":1}"
nanjing_xianlin,327,23522083,10,base,greedy_opportunity,177.41557411209033,215.23383857257977,212.86864351363693,0.8334509544649051,10,10,"{""rwh"":10}"
nanjing_xianlin,327,23522083,10,base,hazard_only,258.0897248051351,317.37537769690243,316.1989546648656,0.8162257369847425,10,6,"{""rwh"":4,""drainage"":2}"
nanjing_xianlin,327,23522083,10,base,random_feasible,45.268560716887805,59.00872583207456,59.87216821519178,0.7560868775318796,10,6,"{""rwh"":3,""drainage"":1,""restoration"":2}"
nanjing_xianlin,328,23532056,10,base,ourea_robust,335.0674885218614,382.4936695216784,385.7842860082583,0.8685358649229398,10,10,"{""rwh"":10}"
nanjing_xianlin,328,23532056,10,base,deterministic_central,299.0407351918602,348.05961700836633,352.96241543301585,0.8472310991667363,10,8,"{""rwh"":7,""drainage"":1}"
nanjing_xianlin,328,23532056,10,base,greedy_opportunity,176.20241178560173,215.23383857257977,221.7813268705213,0.7944871386240325,10,10,"{""rwh"":10}"
nanjing_xianlin,328,23532056,10,base,hazard_only,263.6956482227615,317.37537769690243,321.0024742988917,0.8214754381526335,10,6,"{""rwh"":4,""drainage"":2}"
nanjing_xianlin,328,23532056,10,base,random_feasible,44.154510932601625,59.00872583207456,58.64415587465919,0.7529226105150794,10,6,"{""rwh"":3,""drainage"":1,""restoration"":2}"
nanjing_xianlin,329,23542029,10,base,ourea_robust,320.2561645450205,382.4936695216784,378.29105232255824,0.8465866759966265,10,10,"{""rwh"":10}"
nanjing_xianlin,329,23542029,10,base,deterministic_central,288.1186864998781,348.05961700836633,341.63128328876337,0.8433615438441747,10,8,"{""rwh"":7,""drainage"":1}"
nanjing_xianlin,329,23542029,10,base,greedy_opportunity,176.67829473826714,215.23383857257977,210.6525834336353,0.8387188604972816,10,10,"{""rwh"":10}"
nanjing_xianlin,329,23542029,10,base,hazard_only,258.5561704220054,317.37537769690243,314.4299598753714,0.8223013179930043,10,6,"{""rwh"":4,""drainage"":2}"
nanjing_xianlin,329,23542029,10,base,random_feasible,45.08385082865425,59.00872583207456,60.01214185550998,0.7512454885746576,10,6,"{""rwh"":3,""drainage"":1,""restoration"":2}"
nanjing_xianlin,330,23552002,10,base,ourea_robust,335.5300934728966,382.4936695216784,386.27768265222767,0.8686240715982032,10,10,"{""rwh"":10}"
nanjing_xianlin,330,23552002,10,base,deterministic_central,302.3956163904695,348.05961700836633,350.0133942881366,0.8639544123889517,10,8,"{""rwh"":7,""drainage"":1}"
nanjing_xianlin,330,23552002,10,base,greedy_opportunity,177.57561052717756,215.23383857257977,221.38481082933686,0.8021128905002822,10,10,"{""rwh"":10}"
nanjing_xianlin,330,23552002,10,base,hazard_only,264.1045217831688,317.37537769690243,323.7217925017976,0.8158379444958197,10,6,"{""rwh"":4,""drainage"":2}"
nanjing_xianlin,330,23552002,10,base,random_feasible,42.727998891739844,59.00872583207456,58.7829018510638,0.726878012929649,10,6,"{""rwh"":3,""drainage"":1,""restoration"":2}"
nanjing_xianlin,331,23561975,10,base,ourea_robust,326.3986687894303,382.4936695216784,378.1879968975154,0.8630593024291053,10,10,"{""rwh"":10}"
nanjing_xianlin,331,23561975,10,base,deterministic_central,289.1450814806285,348.05961700836633,342.79327813670716,0.8434969409327695,10,8,"{""rwh"":7,""drainage"":1}"
nanjing_xianlin,331,23561975,10,base,greedy_opportunity,180.608574874017,215.23383857257977,212.36859362907126,0.8504486081848469,10,10,"{""rwh"":10}"
nanjing_xianlin,331,23561975,10,base,hazard_only,256.53824863491536,317.37537769690243,315.0591384573836,0.8142542695031713,10,6,"{""rwh"":4,""drainage"":2}"
nanjing_xianlin,331,23561975,10,base,random_feasible,43.464194595859226,59.00872583207456,59.58195366690052,0.729485891631728,10,6,"{""rwh"":3,""drainage"":1,""restoration"":2}"
nanjing_xianlin,332,23571948,10,base,ourea_robust,337.2139000962652,382.4936695216784,385.50472184854516,0.8747335142337059,10,10,"{""rwh"":10}"
nanjing_xianlin,332,23571948,10,base,deterministic_central,297.0630592651578,348.05961700836633,353.3025215862126,0.8408178292400573,10,8,"{""rwh"":7,""drainage"":1}"
nanjing_xianlin,332,23571948,10,base,greedy_opportunity,177.67599944315225,215.23383857257977,221.50052366595628,0.8021470852642518,10,10,"{""rwh"":10}"
nanjing_xianlin,332,23571948,10,base,hazard_only,268.0538016784467,317.37537769690243,321.5192092836314,0.8337100675125769,10,6,"{""rwh"":4,""drainage"":2}"
nanjing_xianlin,332,23571948,10,base,random_feasible,42.4048916811189,59.00872583207456,58.28238075913214,0.7275765184742314,10,6,"{""rwh"":3,""drainage"":1,""restoration"":2}"
nanjing_xianlin,333,23581921,10,base,ourea_robust,323.84889996128913,382.4936695216784,377.8513731023759,0.8570801193662588,10,10,"{""rwh"":10}"
nanjing_xianlin,333,23581921,10,base,deterministic_central,290.9429950986396,348.05961700836633,341.0301653856659,0.8531297950420794,10,8,"{""rwh"":7,""drainage"":1}"
nanjing_xianlin,333,23581921,10,base,greedy_opportunity,179.39008616123283,215.23383857257977,211.31212150315332,0.8489341968892015,10,10,"{""rwh"":10}"
nanjing_xianlin,333,23581921,10,base,hazard_only,263.5472493695015,317.37537769690243,314.97853191019385,0.8367149588615254,10,6,"{""rwh"":4,""drainage"":2}"
nanjing_xianlin,333,23581921,10,base,random_feasible,44.98519895343452,59.00872583207456,58.37071372720493,0.7706809816250062,10,6,"{""rwh"":3,""drainage"":1,""restoration"":2}"
nanjing_xianlin,334,23591894,10,base,ourea_robust,333.6978033974665,382.4936695216784,391.81746628393194,0.8516664827689207,10,10,"{""rwh"":10}"
nanjing_xianlin,334,23591894,10,base,deterministic_central,296.60890159742667,348.05961700836633,349.696622772095,0.8481892082519001,10,8,"{""rwh"":7,""drainage"":1}"
nanjing_xianlin,334,23591894,10,base,greedy_opportunity,177.97905829757292,215.23383857257977,221.33483486881596,0.8041167961792377,10,10,"{""rwh"":10}"
nanjing_xianlin,334,23591894,10,base,hazard_only,260.2293724561041,317.37537769690243,319.9193928123568,0.8134216877835134,10,6,"{""rwh"":4,""drainage"":2}"
nanjing_xianlin,334,23591894,10,base,random_feasible,43.144305950117996,59.00872583207456,56.879049449851664,0.7585271970509435,10,6,"{""rwh"":3,""drainage"":1,""restoration"":2}"
nanjing_xianlin,335,23601867,10,base,ourea_robust,319.08821603517936,382.4936695216784,379.70040124135994,0.8403683930593165,10,10,"{""rwh"":10}"
nanjing_xianlin,335,23601867,10,base,deterministic_central,284.93983752319764,348.05961700836633,346.3014001257179,0.8228087943616625,10,8,"{""rwh"":7,""drainage"":1}"
nanjing_xianlin,335,23601867,10,base,greedy_opportunity,178.172940476019,215.23383857257977,215.81484260223806,0.8255824220783751,10,10,"{""rwh"":10}"
nanjing_xianlin,335,23601867,10,base,hazard_only,260.0644858757387,317.37537769690243,316.33255905401893,0.8221236746968195,10,6,"{""rwh"":4,""drainage"":2}"
nanjing_xianlin,335,23601867,10,base,random_feasible,45.3197759299419,59.00872583207456,59.181916688145066,0.7657706689148184,10,6,"{""rwh"":3,""drainage"":1,""restoration"":2}"
nanjing_xianlin,336,23611840,10,base,ourea_robust,330.28613877191856,382.4936695216784,388.79802137146544,0.8495057089201504,10,10,"{""rwh"":10}"
nanjing_xianlin,336,23611840,10,base,deterministic_central,300.4179344590175,348.05961700836633,355.10305406266707,0.8460021140961548,10,8,"{""rwh"":7,""drainage"":1}"
nanjing_xianlin,336,23611840,10,base,greedy_opportunity,179.48061257708287,215.23383857257977,221.70995543374192,0.8095288830217671,10,10,"{""rwh"":10}"
nanjing_xianlin,336,23611840,10,base,hazard_only,268.26818830333286,317.37537769690243,322.01679576222523,0.8330875651014802,10,6,"{""rwh"":4,""drainage"":2}"
nanjing_xianlin,336,23611840,10,base,random_feasible,44.38478272572138,59.00872583207456,58.82037893969027,0.7545817202441011,10,6,"{""rwh"":3,""drainage"":1,""restoration"":2}"
nanjing_xianlin,337,23621813,10,base,ourea_robust,318.57726782871396,382.4936695216784,380.6425106527495,0.8369461079961821,10,10,"{""rwh"":10}"
nanjing_xianlin,337,23621813,10,base,deterministic_central,291.2630123604704,348.05961700836633,344.4055719302178,0.8456977357482621,10,8,"{""rwh"":7,""drainage"":1}"
nanjing_xianlin,337,23621813,10,base,greedy_opportunity,179.68846785610185,215.23383857257977,213.84143721176224,0.8402883472867819,10,10,"{""rwh"":10}"
nanjing_xianlin,337,23621813,10,base,hazard_only,264.5293944385776,317.37537769690243,316.3653169749796,0.8361516899764915,10,6,"{""rwh"":4,""drainage"":2}"
nanjing_xianlin,337,23621813,10,base,random_feasible,45.10661067910405,59.00872583207456,60.054253863976555,0.7510976787967584,10,6,"{""rwh"":3,""drainage"":1,""restoration"":2}"
nanjing_xianlin,338,23631786,10,base,ourea_robust,328.5614318713124,382.4936695216784,389.76423500012424,0.8429748098134444,10,10,"{""rwh"":10}"
nanjing_xianlin,338,23631786,10,base,deterministic_central,296.4970490310079,348.05961700836633,353.70549061578095,0.8382596733650461,10,8,"{""rwh"":7,""drainage"":1}"
nanjing_xianlin,338,23631786,10,base,greedy_opportunity,175.85124732055556,215.23383857257977,219.51947184883466,0.8010735714672734,10,10,"{""rwh"":10}"
nanjing_xianlin,338,23631786,10,base,hazard_only,265.12052461844723,317.37537769690243,318.7274179112428,0.8318095956598134,10,6,"{""rwh"":4,""drainage"":2}"
nanjing_xianlin,338,23631786,10,base,random_feasible,44.109316833937555,59.00872583207456,57.59864923474561,0.7658047093112942,10,6,"{""rwh"":3,""drainage"":1,""restoration"":2}"
nanjing_xianlin,339,23641759,10,base,ourea_robust,325.8628318168012,382.4936695216784,377.8270703388607,0.8624655494497667,10,10,"{""rwh"":10}"
nanjing_xianlin,339,23641759,10,base,deterministic_central,284.8218758031362,348.05961700836633,348.4843289046421,0.8173161665501285,10,8,"{""rwh"":7,""drainage"":1}"
nanjing_xianlin,339,23641759,10,base,greedy_opportunity,180.62231914885342,215.23383857257977,212.99741534148598,0.8480023988050395,10,10,"{""rwh"":10}"
nanjing_xianlin,339,23641759,10,base,hazard_only,257.5029968292765,317.37537769690243,316.4647134593815,0.8136862843709342,10,6,"{""rwh"":4,""drainage"":2}"
nanjing_xianlin,339,23641759,10,base,random_feasible,44.00655309283866,59.00872583207456,58.7746853858207,0.7487331119505264,10,6,"{""rwh"":3,""drainage"":1,""restoration"":2}"
nanjing_xianlin,340,23651732,10,base,ourea_robust,332.16160996160943,382.4936695216784,387.68274116772227,0.8567871991441247,10,10,"{""rwh"":10}"
nanjing_xianlin,340,23651732,10,base,deterministic_central,295.89205874651634,348.05961700836633,353.8157475062726,0.8362885508403513,10,8,"{""rwh"":7,""drainage"":1}"
nanjing_xianlin,340,23651732,10,base,greedy_opportunity,174.14546761687234,215.23383857257977,219.35464977634,0.793899139108452,10,10,"{""rwh"":10}"
nanjing_xianlin,340,23651732,10,base,hazard_only,267.89066768104203,317.37537769690243,317.50090349682796,0.8437477334098938,10,6,"{""rwh"":4,""drainage"":2}"
nanjing_xianlin,340,23651732,10,base,random_feasible,43.30345915025646,59.00872583207456,58.48585395204282,0.7404091113342449,10,6,"{""rwh"":3,""drainage"":1,""restoration"":2}"
nanjing_xianlin,341,23661705,10,base,ourea_robust,326.53579809475195,382.4936695216784,377.7995899886773,0.8643095618619868,10,10,"{""rwh"":10}"
nanjing_xianlin,341,23661705,10,base,deterministic_central,292.3986524548127,348.05961700836633,340.9192690761356,0.857677107096909,10,8,"{""rwh"":7,""drainage"":1}"
nanjing_xianlin,341,23661705,10,base,greedy_opportunity,183.01723478020904,215.23383857257977,213.51873296405574,0.8571483740071584,10,10,"{""rwh"":10}"
nanjing_xianlin,341,23661705,10,base,hazard_only,262.681138857366,317.37537769690243,315.50275784713267,0.8325795332180274,10,6,"{""rwh"":4,""drainage"":2}"
nanjing_xianlin,341,23661705,10,base,random_feasible,42.04693877171667,59.00872583207456,58.122892715027774,0.7234144208525493,10,6,"{""rwh"":3,""drainage"":1,""restoration"":2}"
nanjing_xianlin,342,23671678,10,base,ourea_robust,334.05263845967966,382.4936695216784,386.9635452013299,0.8632664306553174,10,10,"{""rwh"":10}"
nanjing_xianlin,342,23671678,10,base,deterministic_central,290.1845224275021,348.05961700836633,351.2018985236191,0.8262612578331109,10,8,"{""rwh"":7,""drainage"":1}"
nanjing_xianlin,342,23671678,10,base,greedy_opportunity,173.73618646215255,215.23383857257977,216.72407118780393,0.8016469306337463,10,10,"{""rwh"":10}"
nanjing_xianlin,342,23671678,10,base,hazard_only,267.834598405163,317.37537769690243,318.31489194288224,0.8414139746035592,10,6,"{""rwh"":4,""drainage"":2}"
nanjing_xianlin,342,23671678,10,base,random_feasible,41.15410102864189,59.00872583207456,57.655287540450445,0.713795781519059,10,6,"{""rwh"":3,""drainage"":1,""restoration"":2}"
nanjing_xianlin,343,23681651,10,base,ourea_robust,324.8494028981604,382.4936695216784,375.5059419764584,0.865097902814348,10,10,"{""rwh"":10}"
nanjing_xianlin,343,23681651,10,base,deterministic_central,285.7646367749385,348.05961700836633,344.1072104622017,0.8304523360353362,10,8,"{""rwh"":7,""drainage"":1}"
nanjing_xianlin,343,23681651,10,base,greedy_opportunity,184.21335877669117,215.23383857257977,215.6721630297816,0.8541360006263471,10,10,"{""rwh"":10}"
nanjing_xianlin,343,23681651,10,base,hazard_only,259.0461292702057,317.37537769690243,317.045542600541,0.8170628331355814,10,6,"{""rwh"":4,""drainage"":2}"
nanjing_xianlin,343,23681651,10,base,random_feasible,45.772492874040836,59.00872583207456,59.02676918569887,0.7754531292410748,10,6,"{""rwh"":3,""drainage"":1,""restoration"":2}"
nanjing_xianlin,344,23691624,10,base,ourea_robust,333.17587374897084,382.4936695216784,386.0642418689022,0.8630063021016826,10,10,"{""rwh"":10}"
nanjing_xianlin,344,23691624,10,base,deterministic_central,296.54573830586196,348.05961700836633,354.60043550487353,0.8362813708439067,10,8,"{""rwh"":7,""drainage"":1}"
nanjing_xianlin,344,23691624,10,base,greedy_opportunity,172.87187282043305,215.23383857257977,217.9726890701695,0.793089600159873,10,10,"{""rwh"":10}"
nanjing_xianlin,344,23691624,10,base,hazard_only,270.2812774420272,317.37537769690243,320.98235768569066,0.842044028185155,10,6,"{""rwh"":4,""drainage"":2}"
nanjing_xianlin,344,23691624,10,base,random_feasible,43.78222445633946,59.00872583207456,58.28763208707824,0.7511409005418411,10,6,"{""rwh"":3,""drainage"":1,""restoration"":2}"
nanjing_xianlin,345,23701597,10,base,ourea_robust,325.74422990864696,382.4936695216784,374.4545204974547,0.8699166709909198,10,10,"{""rwh"":10}"
nanjing_xianlin,345,23701597,10,base,deterministic_central,292.1309170100503,348.05961700836633,341.9473803831879,0.854315411577907,10,8,"{""rwh"":7,""drainage"":1}"
nanjing_xianlin,345,23701597,10,base,greedy_opportunity,179.4263378691412,215.23383857257977,216.06319483675543,0.8304345309931437,10,10,"{""rwh"":10}"
nanjing_xianlin,345,23701597,10,base,hazard_only,264.07046998192163,317.37537769690243,317.6230442209089,0.8313958158472244,10,6,"{""rwh"":4,""drainage"":2}"
nanjing_xianlin,345,23701597,10,base,random_feasible,44.89581572795396,59.00872583207456,59.896870158565434,0.7495519483589197,10,6,"{""rwh"":3,""drainage"":1,""restoration"":2}"
nanjing_xianlin,346,23711570,10,base,ourea_robust,330.3365747437674,382.4936695216784,388.92342749709496,0.8493614716645858,10,10,"{""rwh"":10}"
nanjing_xianlin,346,23711570,10,base,deterministic_central,295.0589212701361,348.05961700836633,352.9605468318823,0.8359543975057213,10,8,"{""rwh"":7,""drainage"":1}"
nanjing_xianlin,346,23711570,10,base,greedy_opportunity,171.579697117686,215.23383857257977,217.86559134256822,0.7875483965152485,10,10,"{""rwh"":10}"
nanjing_xianlin,346,23711570,10,base,hazard_only,268.12585725640747,317.37537769690243,314.54152400628664,0.8524338975703841,10,6,"{""rwh"":4,""drainage"":2}"
nanjing_xianlin,346,23711570,10,base,random_feasible,43.42494076787989,59.00872583207456,56.3587333527812,0.7705095232722605,10,6,"{""rwh"":3,""drainage"":1,""restoration"":2}"
nanjing_xianlin,347,23721543,10,base,ourea_robust,324.7033861032178,382.4936695216784,375.62817364247167,0.8644276678039469,10,10,"{""rwh"":10}"
nanjing_xianlin,347,23721543,10,base,deterministic_central,291.65194896171124,348.05961700836633,343.3612072756223,0.8494027361908618,10,8,"{""rwh"":7,""drainage"":1}"
nanjing_xianlin,347,23721543,10,base,greedy_opportunity,180.07921382797394,215.23383857257977,214.72906992573553,0.8386345355580159,10,10,"{""rwh"":10}"
nanjing_xianlin,347,23721543,10,base,hazard_only,263.4720358820123,317.37537769690243,314.8765962252619,0.8367469638598516,10,6,"{""rwh"":4,""drainage"":2}"
nanjing_xianlin,347,23721543,10,base,random_feasible,42.19579925829021,59.00872583207456,59.15377853102109,0.7133238198158741,10,6,"{""rwh"":3,""drainage"":1,""restoration"":2}"
nanjing_xianlin,348,23731516,10,base,ourea_robust,328.7398382467727,382.4936695216784,394.5964094986066,0.8331039774651917,10,10,"{""rwh"":10}"
nanjing_xianlin,348,23731516,10,base,deterministic_central,293.64137976200254,348.05961700836633,355.2363743064525,0.8266084247011437,10,8,"{""rwh"":7,""drainage"":1}"
nanjing_xianlin,348,23731516,10,base,greedy_opportunity,172.39497947666314,215.23383857257977,219.50614130985196,0.7853765659946282,10,10,"{""rwh"":10}"
nanjing_xianlin,348,23731516,10,base,hazard_only,270.43273899631276,317.37537769690243,321.20883552440864,0.8419218560871828,10,6,"{""rwh"":4,""drainage"":2}"
nanjing_xianlin,348,23731516,10,base,random_feasible,43.14172991279338,59.00872583207456,57.21256409169473,0.7540604165834975,10,6,"{""rwh"":3,""drainage"":1,""restoration"":2}"
nanjing_xianlin,349,23741489,10,base,ourea_robust,327.7777055467632,382.4936695216784,376.23914864298604,0.8711951074974178,10,10,"{""rwh"":10}"
nanjing_xianlin,349,23741489,10,base,deterministic_central,291.69919237928116,348.05961700836633,343.07976101240274,0.8502372495494885,10,8,"{""rwh"":7,""drainage"":1}"
nanjing_xianlin,349,23741489,10,base,greedy_opportunity,179.7967079995069,215.23383857257977,218.24431429275865,0.8238322660645486,10,10,"{""rwh"":10}"
nanjing_xianlin,349,23741489,10,base,hazard_only,265.90160564503094,317.37537769690243,318.9981156762715,0.8335522768882923,10,6,"{""rwh"":4,""drainage"":2}"
nanjing_xianlin,349,23741489,10,base,random_feasible,44.10433185007241,59.00872583207456,58.95764354009043,0.7480680909521433,10,6,"{""rwh"":3,""drainage"":1,""restoration"":2}"
nanjing_xianlin,350,23751462,10,base,ourea_robust,330.3490496088416,382.4936695216784,393.81184538324123,0.8388499571092376,10,10,"{""rwh"":10}"
nanjing_xianlin,350,23751462,10,base,deterministic_central,295.0359212216317,348.05961700836633,354.7662013275476,0.8316348065785211,10,8,"{""rwh"":7,""drainage"":1}"
nanjing_xianlin,350,23751462,10,base,greedy_opportunity,174.96715300311553,215.23383857257977,218.543928859679,0.800604042931145,10,10,"{""rwh"":10}"
nanjing_xianlin,350,23751462,10,base,hazard_only,270.0893400300465,317.37537769690243,319.76448201632957,0.8446508452938614,10,6,"{""rwh"":4,""drainage"":2}"
nanjing_xianlin,350,23751462,10,base,random_feasible,41.694437154310435,59.00872583207456,57.68260452133836,0.7228251480719206,10,6,"{""rwh"":3,""drainage"":1,""restoration"":2}"
nanjing_xianlin,351,23761435,10,base,ourea_robust,329.2402154659412,382.4936695216784,379.11464750432424,0.8684449879035229,10,10,"{""rwh"":10}"
nanjing_xianlin,351,23761435,10,base,deterministic_central,288.1031822450732,348.05961700836633,345.14879680699596,0.8347216763040836,10,8,"{""rwh"":7,""drainage"":1}"
nanjing_xianlin,351,23761435,10,base,greedy_opportunity,181.72611584857623,215.23383857257977,217.83274747627547,0.8342460807843795,10,10,"{""rwh"":10}"
nanjing_xianlin,351,23761435,10,base,hazard_only,263.89259346572,317.37537769690243,313.9001886792539,0.8406895025328189,10,6,"{""rwh"":4,""drainage"":2}"
nanjing_xianlin,351,23761435,10,base,random_feasible,46.52631807362741,59.00872583207456,59.493966900130545,0.7820342212468155,10,6,"{""rwh"":3,""drainage"":1,""restoration"":2}"
nanjing_xianlin,352,23771408,10,base,ourea_robust,332.65440994606615,382.4936695216784,388.02203061689215,0.8573080487651682,10,10,"{""rwh"":10}"
nanjing_xianlin,352,23771408,10,base,deterministic_central,299.8269752878932,348.05961700836633,346.38469456281746,0.8655895597994416,10,8,"{""rwh"":7,""drainage"":1}"
nanjing_xianlin,352,23771408,10,base,greedy_opportunity,175.62050035868378,215.23383857257977,216.0446176402147,0.8128899589211226,10,10,"{""rwh"":10}"
nanjing_xianlin,352,23771408,10,base,hazard_only,272.1396934366312,317.37537769690243,319.59622913185376,0.8515109648692265,10,6,"{""rwh"":4,""drainage"":2}"
nanjing_xianlin,352,23771408,10,base,random_feasible,43.81867460178546,59.00872583207456,58.49301147613369,0.7491266648095961,10,6,"{""rwh"":3,""drainage"":1,""restoration"":2}"
nanjing_xianlin,353,23781381,10,base,ourea_robust,322.3164614950292,382.4936695216784,377.99245528743086,0.8527060712096362,10,10,"{""rwh"":10}"
nanjing_xianlin,353,23781381,10,base,deterministic_central,289.80758719513506,348.05961700836633,343.88095797566893,0.8427555538438397,10,8,"{""rwh"":7,""drainage"":1}"
nanjing_xianlin,353,23781381,10,base,greedy_opportunity,181.13006322475303,215.23383857257977,218.90405090798595,0.8274404355399032,10,10,"{""rwh"":10}"
nanjing_xianlin,353,23781381,10,base,hazard_only,264.6181714579543,317.37537769690243,316.9294150341884,0.8349435517981469,10,6,"{""rwh"":4,""drainage"":2}"
nanjing_xianlin,353,23781381,10,base,random_feasible,45.8346517037553,59.00872583207456,60.219762975812046,0.7611230838315539,10,6,"{""rwh"":3,""drainage"":1,""restoration"":2}"
nanjing_xianlin,354,23791354,10,base,ourea_robust,329.39251151209464,382.4936695216784,389.08030103271085,0.8465926201809993,10,10,"{""rwh"":10}"
nanjing_xianlin,354,23791354,10,base,deterministic_central,294.39577491990894,348.05961700836633,352.88340054619766,0.8342579290049892,10,8,"{""rwh"":7,""drainage"":1}"
nanjing_xianlin,354,23791354,10,base,greedy_opportunity,174.13316810579272,215.23383857257977,214.75772096564287,0.8108354257198077,10,10,"{""rwh"":10}"
nanjing_xianlin,354,23791354,10,base,hazard_only,271.6947669660076,317.37537769690243,320.6021172218898,0.8474515680692363,10,6,"{""rwh"":4,""drainage"":2}"
nanjing_xianlin,354,23791354,10,base,random_feasible,43.280613975639426,59.00872583207456,57.593724657814164,0.7514814197690065,10,6,"{""rwh"":3,""drainage"":1,""restoration"":2}"
nanjing_xianlin,355,23801327,10,base,ourea_robust,320.67370092370584,382.4936695216784,377.357473035825,0.8497875988618945,10,10,"{""rwh"":10}"
nanjing_xianlin,355,23801327,10,base,deterministic_central,289.0001147774801,348.05961700836633,344.7804088259727,0.8382150127426539,10,8,"{""rwh"":7,""drainage"":1}"
nanjing_xianlin,355,23801327,10,base,greedy_opportunity,180.5284551489185,215.23383857257977,217.08528586070497,0.8316015267140513,10,10,"{""rwh"":10}"
nanjing_xianlin,355,23801327,10,base,hazard_only,262.561410864957,317.37537769690243,311.6607400575667,0.8424590495949519,10,6,"{""rwh"":4,""drainage"":2}"
nanjing_xianlin,355,23801327,10,base,random_feasible,43.84683878671058,59.00872583207456,58.63556959933703,0.7477856715014556,10,6,"{""rwh"":3,""drainage"":1,""restoration"":2}"
nanjing_xianlin,356,23811300,10,base,ourea_robust,325.69663564490475,382.4936695216784,390.67359828461485,0.8336796678224135,10,10,"{""rwh"":10}"
nanjing_xianlin,356,23811300,10,base,deterministic_central,306.35879144132923,348.05961700836633,346.7556547966833,0.8835004914943915,10,8,"{""rwh"":7,""drainage"":1}"
nanjing_xianlin,356,23811300,10,base,greedy_opportunity,170.8323487488724,215.23383857257977,212.512488436274,0.8038696925809129,10,10,"{""rwh"":10}"
nanjing_xianlin,356,23811300,10,base,hazard_only,268.75557229900187,317.37537769690243,317.54924437406953,0.8463429753352232,10,6,"{""rwh"":4,""drainage"":2}"
nanjing_xianlin,356,23811300,10,base,random_feasible,43.22604835514903,59.00872583207456,56.871595126625834,0.7600639345336684,10,6,"{""rwh"":3,""drainage"":1,""restoration"":2}"
nanjing_xianlin,357,23821273,10,base,ourea_robust,319.6690620509944,382.4936695216784,376.27575395722124,0.8495606179486589,10,10,"{""rwh"":10}"
nanjing_xianlin,357,23821273,10,base,deterministic_central,290.4482150703752,348.05961700836633,340.07629562609145,0.8540678042133183,10,8,"{""rwh"":7,""drainage"":1}"
nanjing_xianlin,357,23821273,10,base,greedy_opportunity,178.593016914263,215.23383857257977,215.84489811863568,0.8274136589325461,10,10,"{""rwh"":10}"
nanjing_xianlin,357,23821273,10,base,hazard_only,259.3185300565583,317.37537769690243,315.8975884520223,0.8208943009893945,10,6,"{""rwh"":4,""drainage"":2}"
nanjing_xianlin,357,23821273,10,base,random_feasible,43.42247107906587,59.00872583207456,58.85403797464096,0.7377993519794811,10,6,"{""rwh"":3,""drainage"":1,""restoration"":2}"
nanjing_xianlin,358,23831246,10,base,ourea_robust,325.6223446069889,382.4936695216784,385.9316748026213,0.8437305509414934,10,10,"{""rwh"":10}"
nanjing_xianlin,358,23831246,10,base,deterministic_central,290.1439328059769,348.05961700836633,350.50368113731383,0.8277913996923464,10,8,"{""rwh"":7,""drainage"":1}"
nanjing_xianlin,358,23831246,10,base,greedy_opportunity,172.95482887237995,215.23383857257977,211.7430197003996,0.8168147838691353,10,10,"{""rwh"":10}"
nanjing_xianlin,358,23831246,10,base,hazard_only,267.11007736153624,317.37537769690243,317.4814326854121,0.8413407836237525,10,6,"{""rwh"":4,""drainage"":2}"
nanjing_xianlin,358,23831246,10,base,random_feasible,42.32632471738907,59.00872583207456,58.20277490294575,0.7272217654221648,10,6,"{""rwh"":3,""drainage"":1,""restoration"":2}"
nanjing_xianlin,359,23841219,10,base,ourea_robust,319.94914513897857,382.4936695216784,377.4586051270835,0.8476403525924584,10,10,"{""rwh"":10}"
nanjing_xianlin,359,23841219,10,base,deterministic_central,288.9139600157541,348.05961700836633,346.3889345645348,0.8340738724202154,10,8,"{""rwh"":7,""drainage"":1}"
nanjing_xianlin,359,23841219,10,base,greedy_opportunity,178.8220007392938,215.23383857257977,219.19147255959615,0.8158255366922349,10,10,"{""rwh"":10}"
nanjing_xianlin,359,23841219,10,base,hazard_only,263.5329767350704,317.37537769690243,312.76593715232957,0.842588483690023,10,6,"{""rwh"":4,""drainage"":2}"
nanjing_xianlin,359,23841219,10,base,random_feasible,46.30675408987554,59.00872583207456,59.312802979551634,0.7807210545392705,10,6,"{""rwh"":3,""drainage"":1,""restoration"":2}"
nanjing_xianlin,360,23851192,10,base,ourea_robust,327.56509831056974,382.4936695216784,390.28508475409035,0.8392969936756896,10,10,"{""rwh"":10}"
nanjing_xianlin,360,23851192,10,base,deterministic_central,301.1618965463076,348.05961700836633,344.85588514951996,0.8732978311091666,10,8,"{""rwh"":7,""drainage"":1}"
nanjing_xianlin,360,23851192,10,base,greedy_opportunity,172.32902613115766,215.23383857257977,215.06459022940726,0.8012896309305777,10,10,"{""rwh"":10}"
nanjing_xianlin,360,23851192,10,base,hazard_only,262.18157014022654,317.37537769690243,316.3920348790198,0.8286604630880738,10,6,"{""rwh"":4,""drainage"":2}"
nanjing_xianlin,360,23851192,10,base,random_feasible,44.25737617380764,59.00872583207456,57.68666796773505,0.767202851767438,10,6,"{""rwh"":3,""drainage"":1,""restoration"":2}"
nanjing_xianlin,361,23861165,10,base,ourea_robust,327.28073618882445,382.4936695216784,378.2345166150244,0.8652852180646912,10,10,"{""rwh"":10}"
nanjing_xianlin,361,23861165,10,base,deterministic_central,294.9950680282036,348.05961700836633,340.70335398298266,0.8658413971555382,10,8,"{""rwh"":7,""drainage"":1}"
nanjing_xianlin,361,23861165,10,base,greedy_opportunity,179.49826540349568,215.23383857257977,217.57111106465345,0.8250096463870884,10,10,"{""rwh"":10}"
nanjing_xianlin,361,23861165,10,base,hazard_only,259.66372328408943,317.37537769690243,314.9056375095752,0.8245762931957481,10,6,"{""rwh"":4,""drainage"":2}"
nanjing_xianlin,361,23861165,10,base,random_feasible,45.51562829649447,59.00872583207456,59.52499111182988,0.7646473766116831,10,6,"{""rwh"":3,""drainage"":1,""restoration"":2}"
nanjing_xianlin,362,23871138,10,base,ourea_robust,326.8128578708456,382.4936695216784,389.81030572974305,0.8383894757708797,10,10,"{""rwh"":10}"
nanjing_xianlin,362,23871138,10,base,deterministic_central,293.6024204179048,348.05961700836633,350.7240910314231,0.8371321729125232,10,8,"{""rwh"":7,""drainage"":1}"
nanjing_xianlin,362,23871138,10,base,greedy_opportunity,172.23218426962012,215.23383857257977,211.94213405889423,0.81263777509082,10,10,"{""rwh"":10}"
nanjing_xianlin,362,23871138,10,base,hazard_only,269.7886135971894,317.37537769690243,316.73215610038824,0.8517878857607369,10,6,"{""rwh"":4,""drainage"":2}"
nanjing_xianlin,362,23871138,10,base,random_feasible,45.20136241049477,59.00872583207456,57.945947791198705,0.78006080034056,10,6,"{""rwh"":3,""drainage"":1,""restoration"":2}"
nanjing_xianlin,363,23881111,10,base,ourea_robust,323.0885456073902,382.4936695216784,381.33192844712175,0.8472632934857748,10,10,"{""rwh"":10}"
nanjing_xianlin,363,23881111,10,base,deterministic_central,288.6596923217512,348.05961700836633,345.3723564913089,0.8357926941643206,10,8,"{""rwh"":7,""drainage"":1}"
nanjing_xianlin,363,23881111,10,base,greedy_opportunity,180.24119381810124,215.23383857257977,216.74042695328717,0.8315993299069564,10,10,"{""rwh"":10}"
nanjing_xianlin,363,23881111,10,base,hazard_only,262.03526359384705,317.37537769690243,316.5389916288368,0.8278135412180151,10,6,"{""rwh"":4,""drainage"":2}"
nanjing_xianlin,363,23881111,10,base,random_feasible,44.5930398452856,59.00872583207456,59.77713775337179,0.7459882075529836,10,6,"{""rwh"":3,""drainage"":1,""restoration"":2}"
nanjing_xianlin,364,23891084,10,base,ourea_robust,324.17553620556646,382.4936695216784,387.159411120665,0.8373179803823275,10,10,"{""rwh"":10}"
nanjing_xianlin,364,23891084,10,base,deterministic_central,303.83088547649095,348.05961700836633,347.80224809077663,0.8735736676353825,10,8,"{""rwh"":7,""drainage"":1}"
nanjing_xianlin,364,23891084,10,base,greedy_opportunity,171.47334823782876,215.23383857257977,212.63996569767187,0.8064022568627895,10,10,"{""rwh"":10}"
nanjing_xianlin,364,23891084,10,base,hazard_only,255.7207981307365,317.37537769690243,317.31630282647893,0.8058861011959247,10,6,"{""rwh"":4,""drainage"":2}"
nanjing_xianlin,364,23891084,10,base,random_feasible,44.00217158108353,59.00872583207456,58.526903131381914,0.7518281205193261,10,6,"{""rwh"":3,""drainage"":1,""restoration"":2}"
nanjing_xianlin,365,23901057,10,base,ourea_robust,322.7750544923729,382.4936695216784,379.8231651699498,0.8498034982883389,10,10,"{""rwh"":10}"
nanjing_xianlin,365,23901057,10,base,deterministic_central,292.0754324841437,348.05961700836633,346.36315718543847,0.8432635701139835,10,8,"{""rwh"":7,""drainage"":1}"
nanjing_xianlin,365,23901057,10,base,greedy_opportunity,180.10566270901654,215.23383857257977,217.58406197823751,0.8277520930141955,10,10,"{""rwh"":10}"
nanjing_xianlin,365,23901057,10,base,hazard_only,260.9259099941719,317.37537769690243,322.7697528799072,0.8083964115784248,10,6,"{""rwh"":4,""drainage"":2}"
nanjing_xianlin,365,23901057,10,base,random_feasible,43.976964128230975,59.00872583207456,58.16773535466018,0.7560370686617716,10,6,"{""rwh"":3,""drainage"":1,""restoration"":2}"
nanjing_xianlin,366,23911030,10,base,ourea_robust,323.5012917217882,382.4936695216784,385.27708779150635,0.8396587857745949,10,10,"{""rwh"":10}"
nanjing_xianlin,366,23911030,10,base,deterministic_central,293.39603494532093,348.05961700836633,350.54137834084213,0.8369797492495821,10,8,"{""rwh"":7,""drainage"":1}"
nanjing_xianlin,366,23911030,10,base,greedy_opportunity,168.2951049719959,215.23383857257977,208.52562682813004,0.8070715697246519,10,10,"{""rwh"":10}"
nanjing_xianlin,366,23911030,10,base,hazard_only,264.0437932231398,317.37537769690243,312.81994698026756,0.8440759477521281,10,6,"{""rwh"":4,""drainage"":2}"
nanjing_xianlin,366,23911030,10,base,random_feasible,44.33058950535269,59.00872583207456,58.50180059815284,0.7577645312126069,10,6,"{""rwh"":3,""drainage"":1,""restoration"":2}"
nanjing_xianlin,367,23921003,10,base,ourea_robust,323.9109186764854,382.4936695216784,376.48996817587977,0.8603440889696382,10,10,"{""rwh"":10}"
nanjing_xianlin,367,23921003,10,base,deterministic_central,291.283714100171,348.05961700836633,344.14913835043626,0.8463880383264709,10,8,"{""rwh"":7,""drainage"":1}"
nanjing_xianlin,367,23921003,10,base,greedy_opportunity,178.97599253736917,215.23383857257977,217.07790268854296,0.8244781726777538,10,10,"{""rwh"":10}"
nanjing_xianlin,367,23921003,10,base,hazard_only,263.6327334212383,317.37537769690243,317.37840669251455,0.8306574356101465,10,6,"{""rwh"":4,""drainage"":2}"
nanjing_xianlin,367,23921003,10,base,random_feasible,44.44332234477042,59.00872583207456,59.621943581472806,0.7454188789407553,10,6,"{""rwh"":3,""drainage"":1,""restoration"":2}"
nanjing_xianlin,368,23930976,10,base,ourea_robust,319.7911902629894,382.4936695216784,384.3876288450592,0.8319497462076032,10,10,"{""rwh"":10}"
nanjing_xianlin,368,23930976,10,base,deterministic_central,298.24004255392356,348.05961700836633,349.2740752517184,0.8538854260482542,10,8,"{""rwh"":7,""drainage"":1}"
nanjing_xianlin,368,23930976,10,base,greedy_opportunity,167.03586873919812,215.23383857257977,209.2678507022465,0.7981917345577487,10,10,"{""rwh"":10}"
nanjing_xianlin,368,23930976,10,base,hazard_only,250.59898923090987,317.37537769690243,311.0424493526207,0.8056745622743356,10,6,"{""rwh"":4,""drainage"":2}"
nanjing_xianlin,368,23930976,10,base,random_feasible,45.77267557322921,59.00872583207456,58.941227166455064,0.7765816521594173,10,6,"{""rwh"":3,""drainage"":1,""restoration"":2}"
nanjing_xianlin,369,23940949,10,base,ourea_robust,320.5824294814556,382.4936695216784,379.74949748150175,0.8441944798019693,10,10,"{""rwh"":10}"
nanjing_xianlin,369,23940949,10,base,deterministic_central,291.1693082568745,348.05961700836633,344.4840374548294,0.8452330923898156,10,8,"{""rwh"":7,""drainage"":1}"
nanjing_xianlin,369,23940949,10,base,greedy_opportunity,179.00661490933453,215.23383857257977,218.69817910657912,0.8185098551831036,10,10,"{""rwh"":10}"
nanjing_xianlin,369,23940949,10,base,hazard_only,263.47669445768224,317.37537769690243,318.5899372296044,0.827008840105949,10,6,"{""rwh"":4,""drainage"":2}"
nanjing_xianlin,369,23940949,10,base,random_feasible,45.5972318802651,59.00872583207456,58.87469714959116,0.7744792599851487,10,6,"{""rwh"":3,""drainage"":1,""restoration"":2}"
nanjing_xianlin,370,23950922,10,base,ourea_robust,320.0348083931058,382.4936695216784,386.2073458196264,0.8286605934796856,10,10,"{""rwh"":10}"
nanjing_xianlin,370,23950922,10,base,deterministic_central,296.35832891994505,348.05961700836633,350.0413513465355,0.8466380551323918,10,8,"{""rwh"":7,""drainage"":1}"
nanjing_xianlin,370,23950922,10,base,greedy_opportunity,168.16720322620495,215.23383857257977,208.91153482573645,0.8049684923643954,10,10,"{""rwh"":10}"
nanjing_xianlin,370,23950922,10,base,hazard_only,265.02682687454944,317.37537769690243,314.30431525525637,0.8432172706865728,10,6,"{""rwh"":4,""drainage"":2}"
nanjing_xianlin,370,23950922,10,base,random_feasible,45.48982231351329,59.00872583207456,58.7805683501083,0.7738921822355853,10,6,"{""rwh"":3,""drainage"":1,""restoration"":2}"
nanjing_xianlin,371,23960895,10,base,ourea_robust,325.30241440948885,382.4936695216784,378.49297590894275,0.8594675069683448,10,10,"{""rwh"":10}"
nanjing_xianlin,371,23960895,10,base,deterministic_central,287.0781666081639,348.05961700836633,349.14752349280207,0.8222259855555935,10,8,"{""rwh"":7,""drainage"":1}"
nanjing_xianlin,371,23960895,10,base,greedy_opportunity,183.41134717886052,215.23383857257977,218.08934727173983,0.8409917745791112,10,10,"{""rwh"":10}"
nanjing_xianlin,371,23960895,10,base,hazard_only,263.02328064982976,317.37537769690243,316.600469208448,0.8307735023496023,10,6,"{""rwh"":4,""drainage"":2}"
nanjing_xianlin,371,23960895,10,base,random_feasible,42.83894517490444,59.00872583207456,58.5430444583435,0.7317512365689597,10,6,"{""rwh"":3,""drainage"":1,""restoration"":2}"
nanjing_xianlin,372,23970868,10,base,ourea_robust,321.76433801779785,382.4936695216784,382.68182909062307,0.840814257584205,10,10,"{""rwh"":10}"
nanjing_xianlin,372,23970868,10,base,deterministic_central,298.01896509698963,348.05961700836633,345.1064482428392,0.8635566406087094,10,8,"{""rwh"":7,""drainage"":1}"
nanjing_xianlin,372,23970868,10,base,greedy_opportunity,171.26713429760457,215.23383857257977,207.23161561444613,0.8264527291832083,10,10,"{""rwh"":10}"
nanjing_xianlin,372,23970868,10,base,hazard_only,245.32272967512108,317.37537769690243,311.94927437743354,0.7864186578562138,10,6,"{""rwh"":4,""drainage"":2}"
nanjing_xianlin,372,23970868,10,base,random_feasible,44.801282158179674,59.00872583207456,58.022527519504365,0.7721359974041057,10,6,"{""rwh"":3,""drainage"":1,""restoration"":2}"
nanjing_xianlin,373,23980841,10,base,ourea_robust,327.8219414193991,382.4936695216784,378.4021049850817,0.8663322352086897,10,10,"{""rwh"":10}"
nanjing_xianlin,373,23980841,10,base,deterministic_central,295.7142241342626,348.05961700836633,342.0398480690619,0.8645607399362264,10,8,"{""rwh"":7,""drainage"":1}"
nanjing_xianlin,373,23980841,10,base,greedy_opportunity,181.26377913372198,215.23383857257977,216.50981908651738,0.8372081224699048,10,10,"{""rwh"":10}"
nanjing_xianlin,373,23980841,10,base,hazard_only,261.9187035027335,317.37537769690243,319.0125277947536,0.8210295229259674,10,6,"{""rwh"":4,""drainage"":2}"
nanjing_xianlin,373,23980841,10,base,random_feasible,44.34850690267922,59.00872583207456,58.17665183786994,0.7623076526691877,10,6,"{""rwh"":3,""drainage"":1,""restoration"":2}"
nanjing_xianlin,374,23990814,10,base,ourea_robust,323.8197851465047,382.4936695216784,383.7623683277543,0.8438028631039318,10,10,"{""rwh"":10}"
nanjing_xianlin,374,23990814,10,base,deterministic_central,289.08823122033573,348.05961700836633,348.0880891478737,0.830503083078853,10,8,"{""rwh"":7,""drainage"":1}"
nanjing_xianlin,374,23990814,10,base,greedy_opportunity,172.8266394773873,215.23383857257977,206.38075175388985,0.8374164645135317,10,10,"{""rwh"":10}"
nanjing_xianlin,374,23990814,10,base,hazard_only,265.3500714083548,317.37537769690243,311.3605206237735,0.8522277354776955,10,6,"{""rwh"":4,""drainage"":2}"
nanjing_xianlin,374,23990814,10,base,random_feasible,44.49435393246131,59.00872583207456,58.17573618127062,0.7648266588981479,10,6,"{""rwh"":3,""drainage"":1,""restoration"":2}"
nanjing_xianlin,375,24000787,10,base,ourea_robust,327.93288693094837,382.4936695216784,379.48451165757615,0.8641535473965671,10,10,"{""rwh"":10}"
nanjing_xianlin,375,24000787,10,base,deterministic_central,293.53994011093164,348.05961700836633,345.88426456932757,0.8486652044620426,10,8,"{""rwh"":7,""drainage"":1}"
nanjing_xianlin,375,24000787,10,base,greedy_opportunity,177.80188436527715,215.23383857257977,218.5065387536779,0.8137142502893836,10,10,"{""rwh"":10}"
nanjing_xianlin,375,24000787,10,base,hazard_only,264.64615433732615,317.37537769690243,317.3752112305938,0.8338589309202333,10,6,"{""rwh"":4,""drainage"":2}"
nanjing_xianlin,375,24000787,10,base,random_feasible,44.6172813355206,59.00872583207456,59.25545418540969,0.7529649708854412,10,6,"{""rwh"":3,""drainage"":1,""restoration"":2}"
nanjing_xianlin,376,24010760,10,base,ourea_robust,322.4324784388682,382.4936695216784,386.6294746737749,0.8339573145863388,10,10,"{""rwh"":10}"
nanjing_xianlin,376,24010760,10,base,deterministic_central,301.568261969991,348.05961700836633,349.2902988185597,0.8633742849143425,10,8,"{""rwh"":7,""drainage"":1}"
nanjing_xianlin,376,24010760,10,base,greedy_opportunity,166.73115228711868,215.23383857257977,209.70288181778415,0.7950827897157625,10,10,"{""rwh"":10}"
nanjing_xianlin,376,24010760,10,base,hazard_only,251.47015351853042,317.37537769690243,315.0221699708836,0.7982617653283669,10,6,"{""rwh"":4,""drainage"":2}"
nanjing_xianlin,376,24010760,10,base,random_feasible,45.307793879028395,59.00872583207456,59.17338069626021,0.7656786437738865,10,6,"{""rwh"":3,""drainage"":1,""restoration"":2}"
nanjing_xianlin,377,24020733,10,base,ourea_robust,327.6412556391042,382.4936695216784,378.9405464689007,0.8646244343398428,10,10,"{""rwh"":10}"
nanjing_xianlin,377,24020733,10,base,deterministic_central,293.24017434542475,348.05961700836633,345.19356957539094,0.8494948926949247,10,8,"{""rwh"":7,""drainage"":1}"
nanjing_xianlin,377,24020733,10,base,greedy_opportunity,180.22655812381345,215.23383857257977,219.89559510037907,0.8196005838204385,10,10,"{""rwh"":10}"
nanjing_xianlin,377,24020733,10,base,hazard_only,262.5184441320489,317.37537769690243,321.3939844594206,0.8168119405644776,10,6,"{""rwh"":4,""drainage"":2}"
nanjing_xianlin,377,24020733,10,base,random_feasible,44.11081873482908,59.00872583207456,60.259083396782444,0.7320194109886576,10,6,"{""rwh"":3,""drainage"":1,""restoration"":2}"
nanjing_xianlin,378,24030706,10,base,ourea_robust,326.5705508784231,382.4936695216784,385.6378261028476,0.8468322575579721,10,10,"{""rwh"":10}"
nanjing_xianlin,378,24030706,10,base,deterministic_central,288.68356231375583,348.05961700836633,353.1559107854373,0.8174394183908983,10,8,"{""rwh"":7,""drainage"":1}"
nanjing_xianlin,378,24030706,10,base,greedy_opportunity,167.03481768426718,215.23383857257977,207.0048702348613,0.8069125015984149,10,10,"{""rwh"":10}"
nanjing_xianlin,378,24030706,10,base,hazard_only,260.24918399279704,317.37537769690243,312.61184894541293,0.8324994233927479,10,6,"{""rwh"":4,""drainage"":2}"
nanjing_xianlin,378,24030706,10,base,random_feasible,44.1817669968259,59.00872583207456,58.52172541921027,0.754963505951635,10,6,"{""rwh"":3,""drainage"":1,""restoration"":2}"
nanjing_xianlin,379,24040679,10,base,ourea_robust,328.5665177832834,382.4936695216784,378.6241787170002,0.8677906384548886,10,10,"{""rwh"":10}"
nanjing_xianlin,379,24040679,10,base,deterministic_central,290.25346154264116,348.05961700836633,343.4608083607927,0.8450846631611627,10,8,"{""rwh"":7,""drainage"":1}"
nanjing_xianlin,379,24040679,10,base,greedy_opportunity,178.85607273272944,215.23383857257977,217.9383754197188,0.8206726896457666,10,10,"{""rwh"":10}"
nanjing_xianlin,379,24040679,10,base,hazard_only,261.0635756114789,317.37537769690243,320.69220575215513,0.8140627396889095,10,6,"{""rwh"":4,""drainage"":2}"
nanjing_xianlin,379,24040679,10,base,random_feasible,43.971627991004425,59.00872583207456,60.73442792556307,0.7239983892644324,10,6,"{""rwh"":3,""drainage"":1,""restoration"":2}"
nanjing_xianlin,380,24050652,10,base,ourea_robust,328.8060687263587,382.4936695216784,384.93373278177387,0.8541887621804375,10,10,"{""rwh"":10}"
nanjing_xianlin,380,24050652,10,base,deterministic_central,299.62916642034907,348.05961700836633,347.7526383172626,0.8616157964184605,10,8,"{""rwh"":7,""drainage"":1}"
nanjing_xianlin,380,24050652,10,base,greedy_opportunity,168.0832643989852,215.23383857257977,207.5434722871687,0.8098701565829824,10,10,"{""rwh"":10}"
nanjing_xianlin,380,24050652,10,base,hazard_only,254.09238489713607,317.37537769690243,317.13462120457916,0.8012130114713164,10,6,"{""rwh"":4,""drainage"":2}"
nanjing_xianlin,380,24050652,10,base,random_feasible,44.12144762345088,59.00872583207456,58.535011476968066,0.753761663492822,10,6,"{""rwh"":3,""drainage"":1,""restoration"":2}"
nanjing_xianlin,381,24060625,10,base,ourea_robust,328.00855075349136,382.4936695216784,384.6762843645647,0.8526872180210405,10,10,"{""rwh"":10}"
nanjing_xianlin,381,24060625,10,base,deterministic_central,290.6737978658348,348.05961700836633,351.52375882350316,0.8268965911114401,10,8,"{""rwh"":7,""drainage"":1}"
nanjing_xianlin,381,24060625,10,base,greedy_opportunity,178.95810883207014,215.23383857257977,220.30598332619957,0.8123161528803916,10,10,"{""rwh"":10}"
nanjing_xianlin,381,24060625,10,base,hazard_only,266.3148063452809,317.37537769690243,322.14578018788234,0.8266903455633048,10,6,"{""rwh"":4,""drainage"":2}"
nanjing_xianlin,381,24060625,10,base,random_feasible,45.83140938944598,59.00872583207456,58.722573362570984,0.7804734493917519,10,6,"{""rwh"":3,""drainage"":1,""restoration"":2}"
nanjing_xianlin,382,24070598,10,base,ourea_robust,324.9659363888313,382.4936695216784,386.6982065408047,0.8403605987620237,10,10,"{""rwh"":10}"
nanjing_xianlin,382,24070598,10,base,deterministic_central,290.38511177680266,348.05961700836633,355.610043210987,0.8165829883620983,10,8,"{""rwh"":7,""drainage"":1}"
nanjing_xianlin,382,24070598,10,base,greedy_opportunity,174.11488086876489,215.23383857257977,212.14032467821198,0.8207533439617077,10,10,"{""rwh"":10}"
nanjing_xianlin,382,24070598,10,base,hazard_only,265.4541545472257,317.37537769690243,315.11057678846555,0.8424158822362401,10,6,"{""rwh"":4,""drainage"":2}"
nanjing_xianlin,382,24070598,10,base,random_feasible,42.703465211134244,59.00872583207456,58.13941009064729,0.7345011781948545,10,6,"{""rwh"":3,""drainage"":1,""restoration"":2}"
nanjing_xianlin,383,24080571,10,base,ourea_robust,330.5905520231081,382.4936695216784,382.3136713661861,0.8647102543881127,10,10,"{""rwh"":10}"
nanjing_xianlin,383,24080571,10,base,deterministic_central,291.7045635724262,348.05961700836633,346.4550140046031,0.8419695249916358,10,8,"{""rwh"":7,""drainage"":1}"
nanjing_xianlin,383,24080571,10,base,greedy_opportunity,181.19625732222812,215.23383857257977,221.52816701416123,0.8179377808450206,10,10,"{""rwh"":10}"
nanjing_xianlin,383,24080571,10,base,hazard_only,266.7583256417838,317.37537769690243,320.1919495887905,0.8331200268600465,10,6,"{""rwh"":4,""drainage"":2}"
nanjing_xianlin,383,24080571,10,base,random_feasible,44.52970470919354,59.00872583207456,59.78596819757149,0.7448186598239674,10,6,"{""rwh"":3,""drainage"":1,""restoration"":2}"
nanjing_xianlin,384,24090544,10,base,ourea_robust,326.5701226832607,382.4936695216784,385.2895045833011,0.8475967260941959,10,10,"{""rwh"":10}"
nanjing_xianlin,384,24090544,10,base,deterministic_central,301.6098017953991,348.05961700836633,349.42089941228915,0.8631704694902158,10,8,"{""rwh"":7,""drainage"":1}"
nanjing_xianlin,384,24090544,10,base,greedy_opportunity,176.94946457661536,215.23383857257977,210.66990657895985,0.8399370724090298,10,10,"{""rwh"":10}"
nanjing_xianlin,384,24090544,10,base,hazard_only,254.92014647321776,317.37537769690243,313.99352741658004,0.8118643354549512,10,6,"{""rwh"":4,""drainage"":2}"
nanjing_xianlin,384,24090544,10,base,random_feasible,45.18923141343839,59.00872583207456,59.1837024499946,0.763541812065908,10,6,"{""rwh"":3,""drainage"":1,""restoration"":2}"
nanjing_xianlin,385,24100517,10,base,ourea_robust,323.9396442993493,382.4936695216784,383.9285156904698,0.8437498936924899,10,10,"{""rwh"":10}"
nanjing_xianlin,385,24100517,10,base,deterministic_central,297.8745236829691,348.05961700836633,353.26627930620634,0.8432011237188465,10,8,"{""rwh"":7,""drainage"":1}"
nanjing_xianlin,385,24100517,10,base,greedy_opportunity,180.05512423643086,215.23383857257977,220.42714420130324,0.8168464228343721,10,10,"{""rwh"":10}"
nanjing_xianlin,385,24100517,10,base,hazard_only,269.53831387574246,317.37537769690243,324.34740252143456,0.8310173344395134,10,6,"{""rwh"":4,""drainage"":2}"
nanjing_xianlin,385,24100517,10,base,random_feasible,44.147108024610134,59.00872583207456,59.89799681863951,0.737038137657253,10,6,"{""rwh"":3,""drainage"":1,""restoration"":2}"
nanjing_xianlin,386,24110490,10,base,ourea_robust,322.30790388483,382.4936695216784,384.96772806799527,0.83723356631053,10,10,"{""rwh"":10}"
nanjing_xianlin,386,24110490,10,base,deterministic_central,292.99450265274754,348.05961700836633,350.9376111162146,0.8348905713492222,10,8,"{""rwh"":7,""drainage"":1}"
nanjing_xianlin,386,24110490,10,base,greedy_opportunity,173.84136317537013,215.23383857257977,207.46233237253182,0.8379418142432243,10,10,"{""rwh"":10}"
nanjing_xianlin,386,24110490,10,base,hazard_only,262.34733418311953,317.37537769690243,311.2101676214661,0.8429908835826346,10,6,"{""rwh"":4,""drainage"":2}"
nanjing_xianlin,386,24110490,10,base,random_feasible,44.26700215391975,59.00872583207456,58.22022081455543,0.7603372425350319,10,6,"{""rwh"":3,""drainage"":1,""restoration"":2}"
nanjing_xianlin,387,24120463,10,base,ourea_robust,322.8250151463144,382.4936695216784,380.80174860386796,0.8477508738599194,10,10,"{""rwh"":10}"
nanjing_xianlin,387,24120463,10,base,deterministic_central,292.72497039532027,348.05961700836633,346.02939551758027,0.8459540553121828,10,8,"{""rwh"":7,""drainage"":1}"
nanjing_xianlin,387,24120463,10,base,greedy_opportunity,180.67176164094235,215.23383857257977,221.60054947950448,0.81530376195052,10,10,"{""rwh"":10}"
nanjing_xianlin,387,24120463,10,base,hazard_only,264.9476860881132,317.37537769690243,317.3664213472148,0.8348321317781981,10,6,"{""rwh"":4,""drainage"":2}"
nanjing_xianlin,387,24120463,10,base,random_feasible,42.82202080212846,59.00872583207456,58.32794452820053,0.7341596064888721,10,6,"{""rwh"":3,""drainage"":1,""restoration"":2}"
nanjing_xianlin,388,24130436,10,base,ourea_robust,326.4196932407758,382.4936695216784,385.29916662847063,0.8471850486910861,10,10,"{""rwh"":10}"
nanjing_xianlin,388,24130436,10,base,deterministic_central,296.76181389973317,348.05961700836633,346.6015825533541,0.8562044400188252,10,8,"{""rwh"":7,""drainage"":1}"
nanjing_xianlin,388,24130436,10,base,greedy_opportunity,172.926377452417,215.23383857257977,210.55602933517366,0.8212843773623034,10,10,"{""rwh"":10}"
nanjing_xianlin,388,24130436,10,base,hazard_only,247.81345699387202,317.37537769690243,312.62264226590923,0.7926919662558796,10,6,"{""rwh"":4,""drainage"":2}"
nanjing_xianlin,388,24130436,10,base,random_feasible,43.92428801563983,59.00872583207456,58.84794330245131,0.7464031119981412,10,6,"{""rwh"":3,""drainage"":1,""restoration"":2}"
nanjing_xianlin,389,24140409,10,base,ourea_robust,325.47182159432305,382.4936695216784,382.9447410461762,0.8499185044431177,10,10,"{""rwh"":10}"
nanjing_xianlin,389,24140409,10,base,deterministic_central,290.57997533118396,348.05961700836633,345.92305318939907,0.8400133285482023,10,8,"{""rwh"":7,""drainage"":1}"
nanjing_xianlin,389,24140409,10,base,greedy_opportunity,184.98165077690464,215.23383857257977,221.9763973361387,0.833339278395383,10,10,"{""rwh"":10}"
nanjing_xianlin,389,24140409,10,base,hazard_only,265.31608276172665,317.37537769690243,317.3581376310358,0.8360147458080504,10,6,"{""rwh"":4,""drainage"":2}"
nanjing_xianlin,389,24140409,10,base,random_feasible,45.1177047469082,59.00872583207456,58.65534707884217,0.7692002007295735,10,6,"{""rwh"":3,""drainage"":1,""restoration"":2}"
nanjing_xianlin,390,24150382,10,base,ourea_robust,322.6366051044788,382.4936695216784,384.0911170628733,0.8400001738432946,10,10,"{""rwh"":10}"
nanjing_xianlin,390,24150382,10,base,deterministic_central,294.55213298385206,348.05961700836633,354.13129296307125,0.8317596858478359,10,8,"{""rwh"":7,""drainage"":1}"
nanjing_xianlin,390,24150382,10,base,greedy_opportunity,169.22211264560246,215.23383857257977,211.29997100909895,0.8008619775831178,10,10,"{""rwh"":10}"
nanjing_xianlin,390,24150382,10,base,hazard_only,267.06457444253465,317.37537769690243,313.38756228118655,0.8521862593988696,10,6,"{""rwh"":4,""drainage"":2}"
nanjing_xianlin,390,24150382,10,base,random_feasible,44.668282641039696,59.00872583207456,59.16522395083848,0.7549752989721703,10,6,"{""rwh"":3,""drainage"":1,""restoration"":2}"
nanjing_xianlin,391,24160355,10,base,ourea_robust,327.64646040638945,382.4936695216784,386.74035807486507,0.8472000751030069,10,10,"{""rwh"":10}"
nanjing_xianlin,391,24160355,10,base,deterministic_central,298.7280438046746,348.05961700836633,347.82576780219824,0.858843913986716,10,8,"{""rwh"":7,""drainage"":1}"
nanjing_xianlin,391,24160355,10,base,greedy_opportunity,184.13112756218652,215.23383857257977,223.64872829211708,0.8233050505956155,10,10,"{""rwh"":10}"
nanjing_xianlin,391,24160355,10,base,hazard_only,272.5081619264711,317.37537769690243,325.1109917199192,0.8382003957627951,10,6,"{""rwh"":4,""drainage"":2}"
nanjing_xianlin,391,24160355,10,base,random_feasible,43.149012241516175,59.00872583207456,59.84055219578295,0.7210664116257428,10,6,"{""rwh"":3,""drainage"":1,""restoration"":2}"
nanjing_xianlin,392,24170328,10,base,ourea_robust,324.89304460956555,382.4936695216784,380.39135938099025,0.8541020625133627,10,10,"{""rwh"":10}"
nanjing_xianlin,392,24170328,10,base,deterministic_central,298.40396350875017,348.05961700836633,345.7511125265228,0.8630600240971298,10,8,"{""rwh"":7,""drainage"":1}"
nanjing_xianlin,392,24170328,10,base,greedy_opportunity,167.78794144787753,215.23383857257977,210.3180053723754,0.7977821069137808,10,10,"{""rwh"":10}"
nanjing_xianlin,392,24170328,10,base,hazard_only,251.24916915522226,317.37537769690243,316.4748494778887,0.7938993242898323,10,6,"{""rwh"":4,""drainage"":2}"
nanjing_xianlin,392,24170328,10,base,random_feasible,45.824291602804806,59.00872583207456,59.404150573209336,0.7713988191167082,10,6,"{""rwh"":3,""drainage"":1,""restoration"":2}"
nanjing_xianlin,393,24180301,10,base,ourea_robust,326.41039146102776,382.4936695216784,386.4860742300625,0.8445592564008563,10,10,"{""rwh"":10}"
nanjing_xianlin,393,24180301,10,base,deterministic_central,295.70509020094323,348.05961700836633,348.0571716854902,0.8495876949438264,10,8,"{""rwh"":7,""drainage"":1}"
nanjing_xianlin,393,24180301,10,base,greedy_opportunity,184.75411954742958,215.23383857257977,223.38313620459667,0.8270728161780898,10,10,"{""rwh"":10}"
nanjing_xianlin,393,24180301,10,base,hazard_only,265.0696516590324,317.37537769690243,322.2620279849325,0.8225283422824666,10,6,"{""rwh"":4,""drainage"":2}"
nanjing_xianlin,393,24180301,10,base,random_feasible,42.16823547389686,59.00872583207456,58.68390189249476,0.7185656391960171,10,6,"{""rwh"":3,""drainage"":1,""restoration"":2}"
nanjing_xianlin,394,24190274,10,base,ourea_robust,321.62195935251293,382.4936695216784,385.9040046213595,0.8334247779265243,10,10,"{""rwh"":10}"
nanjing_xianlin,394,24190274,10,base,deterministic_central,291.18796052328616,348.05961700836633,351.7130031168035,0.8279135486684948,10,8,"{""rwh"":7,""drainage"":1}"
nanjing_xianlin,394,24190274,10,base,greedy_opportunity,168.46018974444087,215.23383857257977,209.5589781370527,0.8038796106090335,10,10,"{""rwh"":10}"
nanjing_xianlin,394,24190274,10,base,hazard_only,261.004553546456,317.37537769690243,313.97498031119903,0.8312909305313406,10,6,"{""rwh"":4,""drainage"":2}"
nanjing_xianlin,394,24190274,10,base,random_feasible,45.41772266169028,59.00872583207456,59.40172139989227,0.7645859680721753,10,6,"{""rwh"":3,""drainage"":1,""restoration"":2}"
nanjing_xianlin,395,24200247,10,base,ourea_robust,326.6127123904007,382.4936695216784,386.1167980258615,0.8458909688993244,10,10,"{""rwh"":10}"
nanjing_xianlin,395,24200247,10,base,deterministic_central,289.09948149825505,348.05961700836633,349.5381264403168,0.8270899785452116,10,8,"{""rwh"":7,""drainage"":1}"
nanjing_xianlin,395,24200247,10,base,greedy_opportunity,181.60479485212272,215.23383857257977,223.98506606144474,0.8107897461445218,10,10,"{""rwh"":10}"
nanjing_xianlin,395,24200247,10,base,hazard_only,265.9061571938473,317.37537769690243,320.38350091060056,0.8299620811873376,10,6,"{""rwh"":4,""drainage"":2}"
nanjing_xianlin,395,24200247,10,base,random_feasible,42.67867623643542,59.00872583207456,57.25246600738137,0.745446951244563,10,6,"{""rwh"":3,""drainage"":1,""restoration"":2}"
nanjing_xianlin,396,24210220,10,base,ourea_robust,324.2244344546307,382.4936695216784,382.22840303482917,0.848247884982757,10,10,"{""rwh"":10}"
nanjing_xianlin,396,24210220,10,base,deterministic_central,294.3225293410196,348.05961700836633,349.59832940496744,0.8418876881991119,10,8,"{""rwh"":7,""drainage"":1}"
nanjing_xianlin,396,24210220,10,base,greedy_opportunity,164.43609059525807,215.23383857257977,209.02469894515707,0.7866825854795373,10,10,"{""rwh"":10}"
nanjing_xianlin,396,24210220,10,base,hazard_only,254.86440737762314,317.37537769690243,313.8278860057726,0.8121152349505841,10,6,"{""rwh"":4,""drainage"":2}"
nanjing_xianlin,396,24210220,10,base,random_feasible,45.38283713004785,59.00872583207456,59.866926232620244,0.7580619214306626,10,6,"{""rwh"":3,""drainage"":1,""restoration"":2}"
nanjing_xianlin,397,24220193,10,base,ourea_robust,329.77174334981464,382.4936695216784,390.13570607960537,0.845274447354804,10,10,"{""rwh"":10}"
nanjing_xianlin,397,24220193,10,base,deterministic_central,294.2961918155361,348.05961700836633,348.8001078061061,0.8437388212595733,10,8,"{""rwh"":7,""drainage"":1}"
nanjing_xianlin,397,24220193,10,base,greedy_opportunity,181.37742481450914,215.23383857257977,221.20908278161733,0.819936607185199,10,10,"{""rwh"":10}"
nanjing_xianlin,397,24220193,10,base,hazard_only,268.99340094277795,317.37537769690243,324.661314192841,0.8285354281015518,10,6,"{""rwh"":4,""drainage"":2}"
nanjing_xianlin,397,24220193,10,base,random_feasible,43.06250434922549,59.00872583207456,58.16068081458252,0.740405781811765,10,6,"{""rwh"":3,""drainage"":1,""restoration"":2}"
nanjing_xianlin,398,24230166,10,base,ourea_robust,326.51966078336045,382.4936695216784,379.74590023348355,0.8598372242665493,10,10,"{""rwh"":10}"
nanjing_xianlin,398,24230166,10,base,deterministic_central,295.27469269547146,348.05961700836633,350.65269664787047,0.8420716438749928,10,8,"{""rwh"":7,""drainage"":1}"
nanjing_xianlin,398,24230166,10,base,greedy_opportunity,169.39077428581368,215.23383857257977,209.9090708063195,0.8069721505370696,10,10,"{""rwh"":10}"
nanjing_xianlin,398,24230166,10,base,hazard_only,258.3327093181724,317.37537769690243,310.46766313955413,0.8320760581176945,10,6,"{""rwh"":4,""drainage"":2}"
nanjing_xianlin,398,24230166,10,base,random_feasible,44.52256319471235,59.00872583207456,58.56761263229055,0.7601908494075337,10,6,"{""rwh"":3,""drainage"":1,""restoration"":2}"
nanjing_xianlin,399,24240139,10,base,ourea_robust,331.91003236492907,382.4936695216784,388.98428002502806,0.8532736396020253,10,10,"{""rwh"":10}"
nanjing_xianlin,399,24240139,10,base,deterministic_central,291.3563671612919,348.05961700836633,350.7143675770458,0.8307511584830811,10,8,"{""rwh"":7,""drainage"":1}"
nanjing_xianlin,399,24240139,10,base,greedy_opportunity,186.10977250375072,215.23383857257977,221.59158750463575,0.8398774276566671,10,10,"{""rwh"":10}"
nanjing_xianlin,399,24240139,10,base,hazard_only,269.500304848254,317.37537769690243,324.8418958886159,0.8296353033866734,10,6,"{""rwh"":4,""drainage"":2}"
nanjing_xianlin,399,24240139,10,base,random_feasible,42.292340351777966,59.00872583207456,58.64312478542706,0.7211815623148325,10,6,"{""rwh"":3,""drainage"":1,""restoration"":2}"
nanjing_xianlin,400,24250112,10,base,ourea_robust,324.4084400679203,382.4936695216784,381.84290607922594,0.8495861384435699,10,10,"{""rwh"":10}"
nanjing_xianlin,400,24250112,10,base,deterministic_central,296.4085691734963,348.05961700836633,346.78368576279354,0.8547361982196742,10,8,"{""rwh"":7,""drainage"":1}"
nanjing_xianlin,400,24250112,10,base,greedy_opportunity,172.16490031650937,215.23383857257977,207.3540378216876,0.8302944187880303,10,10,"{""rwh"":10}"
nanjing_xianlin,400,24250112,10,base,hazard_only,254.66240058571566,317.37537769690243,315.45728224577397,0.807280145104741,10,6,"{""rwh"":4,""drainage"":2}"
nanjing_xianlin,400,24250112,10,base,random_feasible,43.80225711046478,59.00872583207456,60.290081553373966,0.7265250930484686,10,6,"{""rwh"":3,""drainage"":1,""restoration"":2}"
nanjing_xianlin,401,24260085,10,base,ourea_robust,333.02525385331865,382.4936695216784,387.796817885539,0.858762213855023,10,10,"{""rwh"":10}"
nanjing_xianlin,401,24260085,10,base,deterministic_central,292.5799171115141,348.05961700836633,348.85982575295566,0.8386747212294485,10,8,"{""rwh"":7,""drainage"":1}"
nanjing_xianlin,401,24260085,10,base,greedy_opportunity,184.37767119929958,215.23383857257977,222.60172603521278,0.8282850024717839,10,10,"{""rwh"":10}"
nanjing_xianlin,401,24260085,10,base,hazard_only,264.6671468926288,317.37537769690243,321.27146181955686,0.8238115685522045,10,6,"{""rwh"":4,""drainage"":2}"
nanjing_xianlin,401,24260085,10,base,random_feasible,44.083640577677215,59.00872583207456,59.51291604048856,0.7407407250500998,10,6,"{""rwh"":3,""drainage"":1,""restoration"":2}"
nanjing_xianlin,402,24270058,10,base,ourea_robust,323.7088280313437,382.4936695216784,377.87335109244486,0.8566595847404702,10,10,"{""rwh"":10}"
nanjing_xianlin,402,24270058,10,base,deterministic_central,293.0758424719497,348.05961700836633,347.0354999360479,0.8445125715552387,10,8,"{""rwh"":7,""drainage"":1}"
nanjing_xianlin,402,24270058,10,base,greedy_opportunity,167.67974525231693,215.23383857257977,207.29294952583587,0.808902307752721,10,10,"{""rwh"":10}"
nanjing_xianlin,402,24270058,10,base,hazard_only,258.4614176333307,317.37537769690243,311.86279993569224,0.8287664244873926,10,6,"{""rwh"":4,""drainage"":2}"
nanjing_xianlin,402,24270058,10,base,random_feasible,45.94759952318054,59.00872583207456,59.52750588415802,0.7718717396390787,10,6,"{""rwh"":3,""drainage"":1,""restoration"":2}"
nanjing_xianlin,403,24280031,10,base,ourea_robust,334.8661854827733,382.4936695216784,387.85390807158547,0.8633822645947599,10,10,"{""rwh"":10}"
nanjing_xianlin,403,24280031,10,base,deterministic_central,293.70446141562934,348.05961700836633,350.11960144092336,0.8388689470880336,10,8,"{""rwh"":7,""drainage"":1}"
nanjing_xianlin,403,24280031,10,base,greedy_opportunity,186.88658903200303,215.23383857257977,220.77350861777813,0.8465082165068861,10,10,"{""rwh"":10}"
nanjing_xianlin,403,24280031,10,base,hazard_only,274.4555423711063,317.37537769690243,325.594538294441,0.8429365670836627,10,6,"{""rwh"":4,""drainage"":2}"
nanjing_xianlin,403,24280031,10,base,random_feasible,43.43482177333681,59.00872583207456,57.88854346679,0.7503180970213023,10,6,"{""rwh"":3,""drainage"":1,""restoration"":2}"
nanjing_xianlin,404,24290004,10,base,ourea_robust,323.3587346890363,382.4936695216784,380.3891645272415,0.8500734638193906,10,10,"{""rwh"":10}"
nanjing_xianlin,404,24290004,10,base,deterministic_central,293.9773526103927,348.05961700836633,352.8156049672871,0.8332322847161201,10,8,"{""rwh"":7,""drainage"":1}"
nanjing_xianlin,404,24290004,10,base,greedy_opportunity,172.19810381444404,215.23383857257977,206.9842944571119,0.8319380186119594,10,10,"{""rwh"":10}"
nanjing_xianlin,404,24290004,10,base,hazard_only,253.69506255060696,317.37537769690243,316.7587417317609,0.8009094276723772,10,6,"{""rwh"":4,""drainage"":2}"
nanjing_xianlin,404,24290004,10,base,random_feasible,43.246771605987306,59.00872583207456,59.20372520685669,0.7304738249980708,10,6,"{""rwh"":3,""drainage"":1,""restoration"":2}"
nanjing_xianlin,405,24299977,10,base,ourea_robust,333.4259207997802,382.4936695216784,391.5084770024405,0.8516441926178313,10,10,"{""rwh"":10}"
nanjing_xianlin,405,24299977,10,base,deterministic_central,292.96723174682484,348.05961700836633,354.82316607940265,0.8256710940944154,10,8,"{""rwh"":7,""drainage"":1}"
nanjing_xianlin,405,24299977,10,base,greedy_opportunity,184.72366515385875,215.23383857257977,221.72099860392518,0.8331356358530695,10,10,"{""rwh"":10}"
nanjing_xianlin,405,24299977,10,base,hazard_only,270.73280475855427,317.37537769690243,322.15407044301173,0.840383001792449,10,6,"{""rwh"":4,""drainage"":2}"
nanjing_xianlin,405,24299977,10,base,random_feasible,44.31188653920981,59.00872583207456,57.724953904349604,0.7676383183022496,10,6,"{""rwh"":3,""drainage"":1,""restoration"":2}"
nanjing_xianlin,406,24309950,10,base,ourea_robust,323.8563737684053,382.4936695216784,381.71073710450764,0.8484340163576207,10,10,"{""rwh"":10}"
nanjing_xianlin,406,24309950,10,base,deterministic_central,290.06853374813,348.05961700836633,348.23126025055535,0.8329767222489538,10,8,"{""rwh"":7,""drainage"":1}"
nanjing_xianlin,406,24309950,10,base,greedy_opportunity,167.52559388594455,215.23383857257977,209.39409839751534,0.8000492619802144,10,10,"{""rwh"":10}"
nanjing_xianlin,406,24309950,10,base,hazard_only,265.57265516804546,317.37537769690243,312.82141575332935,0.848959316063766,10,6,"{""rwh"":4,""drainage"":2}"
nanjing_xianlin,406,24309950,10,base,random_feasible,46.06474450091082,59.00872583207456,59.1660502553932,0.7785671732703139,10,6,"{""rwh"":3,""drainage"":1,""restoration"":2}"
nanjing_xianlin,407,24319923,10,base,ourea_robust,334.3614084259225,382.4936695216784,388.23582329248893,0.8612327569113102,10,10,"{""rwh"":10}"
nanjing_xianlin,407,24319923,10,base,deterministic_central,293.4175956961244,348.05961700836633,348.86681041888005,0.841059071637745,10,8,"{""rwh"":7,""drainage"":1}"
nanjing_xianlin,407,24319923,10,base,greedy_opportunity,182.9137229965636,215.23383857257977,222.61160261535588,0.821672010118066,10,10,"{""rwh"":10}"
nanjing_xianlin,407,24319923,10,base,hazard_only,273.31721034388283,317.37537769690243,323.1133988284673,0.8458863400121021,10,6,"{""rwh"":4,""drainage"":2}"
nanjing_xianlin,407,24319923,10,base,random_feasible,44.23456021666061,59.00872583207456,57.48312611173969,0.7695225226734259,10,6,"{""rwh"":3,""drainage"":1,""restoration"":2}"
nanjing_xianlin,408,24329896,10,base,ourea_robust,323.31725543594075,382.4936695216784,376.9436230705578,0.8577337183800054,10,10,"{""rwh"":10}"
nanjing_xianlin,408,24329896,10,base,deterministic_central,290.08222637999825,348.05961700836633,348.446656080303,0.832501105458007,10,8,"{""rwh"":7,""drainage"":1}"
nanjing_xianlin,408,24329896,10,base,greedy_opportunity,168.3470422756527,215.23383857257977,207.97852094453447,0.8094443671928457,10,10,"{""rwh"":10}"
nanjing_xianlin,408,24329896,10,base,hazard_only,255.66733519000445,317.37537769690243,315.29144685371284,0.8108920737980804,10,6,"{""rwh"":4,""drainage"":2}"
nanjing_xianlin,408,24329896,10,base,random_feasible,44.66173780423014,59.00872583207456,59.44535606373756,0.7513074319269555,10,6,"{""rwh"":3,""drainage"":1,""restoration"":2}"
nanjing_xianlin,409,24339869,10,base,ourea_robust,332.0760303292918,382.4936695216784,387.67462148073537,0.8565843930173118,10,10,"{""rwh"":10}"
nanjing_xianlin,409,24339869,10,base,deterministic_central,292.25339906312365,348.05961700836633,349.7287742722401,0.8356572880549549,10,8,"{""rwh"":7,""drainage"":1}"
nanjing_xianlin,409,24339869,10,base,greedy_opportunity,181.36347656752332,215.23383857257977,219.31749425964153,0.8269448690345426,10,10,"{""rwh"":10}"
nanjing_xianlin,409,24339869,10,base,hazard_only,269.2828818967828,317.37537769690243,321.0633653402747,0.838721918993738,10,6,"{""rwh"":4,""drainage"":2}"
nanjing_xianlin,409,24339869,10,base,random_feasible,43.2207745065989,59.00872583207456,59.056001930930506,0.7318608285936484,10,6,"{""rwh"":3,""drainage"":1,""restoration"":2}"
nanjing_xianlin,410,24349842,10,base,ourea_robust,325.2040487657923,382.4936695216784,379.1244665627164,0.8577764756630278,10,10,"{""rwh"":10}"
nanjing_xianlin,410,24349842,10,base,deterministic_central,293.7080307938795,348.05961700836633,349.87469836003584,0.8394663351496242,10,8,"{""rwh"":7,""drainage"":1}"
nanjing_xianlin,410,24349842,10,base,greedy_opportunity,167.5158359029665,215.23383857257977,208.47639612584862,0.8035242311165245,10,10,"{""rwh"":10}"
nanjing_xianlin,410,24349842,10,base,hazard_only,264.1177931277525,317.37537769690243,316.42274888612883,0.8346991297480975,10,6,"{""rwh"":4,""drainage"":2}"
nanjing_xianlin,410,24349842,10,base,random_feasible,46.91621932910675,59.00872583207456,60.120603631601625,0.7803684010991174,10,6,"{""rwh"":3,""drainage"":1,""restoration"":2}"
nanjing_xianlin,411,24359815,10,base,ourea_robust,332.9541438808228,382.4936695216784,386.24433010922803,0.8620298550056773,10,10,"{""rwh"":10}"
nanjing_xianlin,411,24359815,10,base,deterministic_central,294.0365685118941,348.05961700836633,349.8139261072938,0.840551351925618,10,8,"{""rwh"":7,""drainage"":1}"
nanjing_xianlin,411,24359815,10,base,greedy_opportunity,185.74787950979226,215.23383857257977,219.56395967032404,0.8459852873335554,10,10,"{""rwh"":10}"
nanjing_xianlin,411,24359815,10,base,hazard_only,272.08312644410944,317.37537769690243,324.94773537796027,0.837313502516453,10,6,"{""rwh"":4,""drainage"":2}"
nanjing_xianlin,411,24359815,10,base,random_feasible,43.65609686576863,59.00872583207456,58.995963855493756,0.7399844669493155,10,6,"{""rwh"":3,""drainage"":1,""restoration"":2}"
nanjing_xianlin,412,24369788,10,base,ourea_robust,326.2979363000122,382.4936695216784,378.8309365359164,0.8613286424908342,10,10,"{""rwh"":10}"
nanjing_xianlin,412,24369788,10,base,deterministic_central,293.35367153294465,348.05961700836633,346.9665580737819,0.845481112535818,10,8,"{""rwh"":7,""drainage"":1}"
nanjing_xianlin,412,24369788,10,base,greedy_opportunity,167.43576999129255,215.23383857257977,207.59643985746516,0.8065445154370338,10,10,"{""rwh"":10}"
nanjing_xianlin,412,24369788,10,base,hazard_only,253.11462029045288,317.37537769690243,319.58031132157157,0.792021946670429,10,6,"{""rwh"":4,""drainage"":2}"
nanjing_xianlin,412,24369788,10,base,random_feasible,43.57905140179173,59.00872583207456,59.998303682492406,0.7263380583626093,10,6,"{""rwh"":3,""drainage"":1,""restoration"":2}"
nanjing_xianlin,413,24379761,10,base,ourea_robust,330.80208216541723,382.4936695216784,388.46613967986923,0.8515596299796623,10,10,"{""rwh"":10}"
nanjing_xianlin,413,24379761,10,base,deterministic_central,294.9511830363681,348.05961700836633,350.7154420605784,0.8409985636886264,10,8,"{""rwh"":7,""drainage"":1}"
nanjing_xianlin,413,24379761,10,base,greedy_opportunity,183.43622912608407,215.23383857257977,220.07882440933827,0.8335024035974476,10,10,"{""rwh"":10}"
nanjing_xianlin,413,24379761,10,base,hazard_only,270.249185167273,317.37537769690243,320.3637188235043,0.8435698841296054,10,6,"{""rwh"":4,""drainage"":2}"
nanjing_xianlin,413,24379761,10,base,random_feasible,44.54050406256465,59.00872583207456,57.864501524503794,0.7697379721434764,10,6,"{""rwh"":3,""drainage"":1,""restoration"":2}"
nanjing_xianlin,414,24389734,10,base,ourea_robust,321.393709699847,382.4936695216784,380.2035040286173,0.8453202200778671,10,10,"{""rwh"":10}"
nanjing_xianlin,414,24389734,10,base,deterministic_central,300.62581663400124,348.05961700836633,348.863204276744,0.8617297925049232,10,8,"{""rwh"":7,""drainage"":1}"
nanjing_xianlin,414,24389734,10,base,greedy_opportunity,167.1302285297279,215.23383857257977,205.94802373468156,0.8115165443152697,10,10,"{""rwh"":10}"
nanjing_xianlin,414,24389734,10,base,hazard_only,263.5363567692948,317.37537769690243,315.159254775077,0.8362005962902012,10,6,"{""rwh"":4,""drainage"":2}"
nanjing_xianlin,414,24389734,10,base,random_feasible,44.542850372296016,59.00872583207456,59.42684056670805,0.7495409472811465,10,6,"{""rwh"":3,""drainage"":1,""restoration"":2}"
nanjing_xianlin,415,24399707,10,base,ourea_robust,329.07101270692146,382.4936695216784,388.46985638007027,0.8470953596589119,10,10,"{""rwh"":10}"
nanjing_xianlin,415,24399707,10,base,deterministic_central,293.2336139896779,348.05961700836633,351.4658272065517,0.834316144816402,10,8,"{""rwh"":7,""drainage"":1}"
nanjing_xianlin,415,24399707,10,base,greedy_opportunity,183.16206290160517,215.23383857257977,219.8874290277763,0.8329810563134468,10,10,"{""rwh"":10}"
nanjing_xianlin,415,24399707,10,base,hazard_only,270.5149377449143,317.37537769690243,323.5483164313591,0.8360882254885851,10,6,"{""rwh"":4,""drainage"":2}"
nanjing_xianlin,415,24399707,10,base,random_feasible,44.26991847213503,59.00872583207456,57.46662736123835,0.7703587369735814,10,6,"{""rwh"":3,""drainage"":1,""restoration"":2}"
nanjing_xianlin,416,24409680,10,base,ourea_robust,322.578995496031,382.4936695216784,374.6762348879638,0.8609539796205355,10,10,"{""rwh"":10}"
nanjing_xianlin,416,24409680,10,base,deterministic_central,288.20910534202267,348.05961700836633,345.64018430754186,0.8338414294027269,10,8,"{""rwh"":7,""drainage"":1}"
nanjing_xianlin,416,24409680,10,base,greedy_opportunity,167.49141672932637,215.23383857257977,205.4316879773487,0.8153144160884971,10,10,"{""rwh"":10}"
nanjing_xianlin,416,24409680,10,base,hazard_only,254.61448485798428,317.37537769690243,315.30718464024903,0.8075124743779235,10,6,"{""rwh"":4,""drainage"":2}"
nanjing_xianlin,416,24409680,10,base,random_feasible,44.15186934020858,59.00872583207456,59.4538345523506,0.7426244189738804,10,6,"{""rwh"":3,""drainage"":1,""restoration"":2}"
nanjing_xianlin,417,24419653,10,base,ourea_robust,332.9855218370303,382.4936695216784,389.71001768001406,0.8544443476699142,10,10,"{""rwh"":10}"
nanjing_xianlin,417,24419653,10,base,deterministic_central,292.11038637216734,348.05961700836633,350.6248213820618,0.833113825828852,10,8,"{""rwh"":7,""drainage"":1}"
nanjing_xianlin,417,24419653,10,base,greedy_opportunity,184.09410138720705,215.23383857257977,219.81959778517376,0.8374781104236181,10,10,"{""rwh"":10}"
nanjing_xianlin,417,24419653,10,base,hazard_only,271.98957720326507,317.37537769690243,324.0296074070102,0.839397298845046,10,6,"{""rwh"":4,""drainage"":2}"
nanjing_xianlin,417,24419653,10,base,random_feasible,44.33255692351668,59.00872583207456,59.5206438297937,0.7448265689176826,10,6,"{""rwh"":3,""drainage"":1,""restoration"":2}"
nanjing_xianlin,418,24429626,10,base,ourea_robust,319.7749114587241,382.4936695216784,374.03095805551857,0.8549423639186009,10,10,"{""rwh"":10}"
nanjing_xianlin,418,24429626,10,base,deterministic_central,294.46382715686195,348.05961700836633,347.73548152255535,0.8468040876000225,10,8,"{""rwh"":7,""drainage"":1}"
nanjing_xianlin,418,24429626,10,base,greedy_opportunity,169.12120603801486,215.23383857257977,207.79687050496614,0.813877541211445,10,10,"{""rwh"":10}"
nanjing_xianlin,418,24429626,10,base,hazard_only,257.74825261535807,317.37537769690243,316.54076170385815,0.8142655979848061,10,6,"{""rwh"":4,""drainage"":2}"
nanjing_xianlin,418,24429626,10,base,random_feasible,46.26350393486791,59.00872583207456,60.376456464029616,0.7662507315650472,10,6,"{""rwh"":3,""drainage"":1,""restoration"":2}"
nanjing_xianlin,419,24439599,10,base,ourea_robust,331.4901426574288,382.4936695216784,390.66745914961757,0.8485225346871671,10,10,"{""rwh"":10}"
nanjing_xianlin,419,24439599,10,base,deterministic_central,291.08387432991367,348.05961700836633,350.8407034516804,0.8296753240605769,10,8,"{""rwh"":7,""drainage"":1}"
nanjing_xianlin,419,24439599,10,base,greedy_opportunity,182.96803764774268,215.23383857257977,220.00327566650412,0.831660515478406,10,10,"{""rwh"":10}"
nanjing_xianlin,419,24439599,10,base,hazard_only,271.2549099470998,317.37537769690243,324.1778753224298,0.8367471397525434,10,6,"{""rwh"":4,""drainage"":2}"
nanjing_xianlin,419,24439599,10,base,random_feasible,44.52401142895178,59.00872583207456,59.05865636648559,0.753894757656866,10,6,"{""rwh"":3,""drainage"":1,""restoration"":2}"
nanjing_xianlin,420,24449572,10,base,ourea_robust,324.8378860817593,382.4936695216784,375.0600125571,0.8660957585615855,10,10,"{""rwh"":10}"
nanjing_xianlin,420,24449572,10,base,deterministic_central,291.4648734457569,348.05961700836633,343.65857883966964,0.8481233741635672,10,8,"{""rwh"":7,""drainage"":1}"
nanjing_xianlin,420,24449572,10,base,greedy_opportunity,170.7504721532041,215.23383857257977,208.61508646564653,0.8184953209571555,10,10,"{""rwh"":10}"
nanjing_xianlin,420,24449572,10,base,hazard_only,256.4072933789939,317.37537769690243,314.01287879896336,0.8165502458360966,10,6,"{""rwh"":4,""drainage"":2}"
nanjing_xianlin,420,24449572,10,base,random_feasible,43.63854058304969,59.00872583207456,60.1473793652749,0.7255268815293336,10,6,"{""rwh"":3,""drainage"":1,""restoration"":2}"
nanjing_xianlin,421,24459545,10,base,ourea_robust,327.9491556277535,382.4936695216784,388.67006282065995,0.8437726158988369,10,10,"{""rwh"":10}"
nanjing_xianlin,421,24459545,10,base,deterministic_central,290.62441716167996,348.05961700836633,346.63926371396883,0.8384059383460097,10,8,"{""rwh"":7,""drainage"":1}"
nanjing_xianlin,421,24459545,10,base,greedy_opportunity,181.56698927281104,215.23383857257977,220.32160492481307,0.8240997941839275,10,10,"{""rwh"":10}"
nanjing_xianlin,421,24459545,10,base,hazard_only,270.1919622820242,317.37537769690243,319.41588054240674,0.8458939543744838,10,6,"{""rwh"":4,""drainage"":2}"
nanjing_xianlin,421,24459545,10,base,random_feasible,43.237640255838414,59.00872583207456,57.34864263779855,0.7539435680965959,10,6,"{""rwh"":3,""drainage"":1,""restoration"":2}"
nanjing_xianlin,422,24469518,10,base,ourea_robust,322.8714930373553,382.4936695216784,375.1274833362604,0.8606980490094793,10,10,"{""rwh"":10}"
nanjing_xianlin,422,24469518,10,base,deterministic_central,294.6413757260161,348.05961700836633,345.08851773153583,0.853813907408054,10,8,"{""rwh"":7,""drainage"":1}"
nanjing_xianlin,422,24469518,10,base,greedy_opportunity,167.86708118518436,215.23383857257977,209.18827814480755,0.8024688700242602,10,10,"{""rwh"":10}"
nanjing_xianlin,422,24469518,10,base,hazard_only,257.71849263222794,317.37537769690243,315.4614507565202,0.8169571654925929,10,6,"{""rwh"":4,""drainage"":2}"
nanjing_xianlin,422,24469518,10,base,random_feasible,44.55172119031158,59.00872583207456,59.77037923882199,0.7453812700819271,10,6,"{""rwh"":3,""drainage"":1,""restoration"":2}"
nanjing_xianlin,423,24479491,10,base,ourea_robust,327.10027350837663,382.4936695216784,387.3440225239938,0.8444696561391098,10,10,"{""rwh"":10}"
nanjing_xianlin,423,24479491,10,base,deterministic_central,287.6442151381998,348.05961700836633,349.8268976261097,0.8222472802695409,10,8,"{""rwh"":7,""drainage"":1}"
nanjing_xianlin,423,24479491,10,base,greedy_opportunity,184.74015876133672,215.23383857257977,219.970700835358,0.8398398425779878,10,10,"{""rwh"":10}"
nanjing_xianlin,423,24479491,10,base,hazard_only,260.50189262486674,317.37537769690243,321.4377012941932,0.810427313211914,10,6,"{""rwh"":4,""drainage"":2}"
nanjing_xianlin,423,24479491,10,base,random_feasible,44.884407699031726,59.00872583207456,58.435780104609876,0.7680980320392932,10,6,"{""rwh"":3,""drainage"":1,""restoration"":2}"
nanjing_xianlin,424,24489464,10,base,ourea_robust,319.64284203449097,382.4936695216784,373.8554551820762,0.8549904451141888,10,10,"{""rwh"":10}"
nanjing_xianlin,424,24489464,10,base,deterministic_central,289.8350101781307,348.05961700836633,344.41150609006036,0.841536955221065,10,8,"{""rwh"":7,""drainage"":1}"
nanjing_xianlin,424,24489464,10,base,greedy_opportunity,169.4334208936616,215.23383857257977,209.28997183429237,0.8095630163676087,10,10,"{""rwh"":10}"
nanjing_xianlin,424,24489464,10,base,hazard_only,254.82861645190496,317.37537769690243,310.85303780234426,0.8197719998282198,10,6,"{""rwh"":4,""drainage"":2}"
nanjing_xianlin,424,24489464,10,base,random_feasible,45.64626694252911,59.00872583207456,59.440095269506855,0.7679373112637983,10,6,"{""rwh"":3,""drainage"":1,""restoration"":2}"
nanjing_xianlin,425,24499437,10,base,ourea_robust,331.4707155202268,382.4936695216784,390.432794324086,0.8489827707584506,10,10,"{""rwh"":10}"
nanjing_xianlin,425,24499437,10,base,deterministic_central,300.7818128493309,348.05961700836633,346.68338632523046,0.8675980006932366,10,8,"{""rwh"":7,""drainage"":1}"
nanjing_xianlin,425,24499437,10,base,greedy_opportunity,185.36203593569553,215.23383857257977,223.6134298144716,0.8289396396696181,10,10,"{""rwh"":10}"
nanjing_xianlin,425,24499437,10,base,hazard_only,269.1353381478257,317.37537769690243,321.8277296300166,0.8362714376950433,10,6,"{""rwh"":4,""drainage"":2}"
nanjing_xianlin,425,24499437,10,base,random_feasible,44.94527426553395,59.00872583207456,59.75608447164086,0.7521455708307688,10,6,"{""rwh"":3,""drainage"":1,""restoration"":2}"
nanjing_xianlin,426,24509410,10,base,ourea_robust,322.3154076628616,382.4936695216784,374.9310789865849,0.8596657511936857,10,10,"{""rwh"":10}"
nanjing_xianlin,426,24509410,10,base,deterministic_central,297.771287049065,348.05961700836633,345.6052207964385,0.8615937177189007,10,8,"{""rwh"":7,""drainage"":1}"
nanjing_xianlin,426,24509410,10,base,greedy_opportunity,166.14030210753117,215.23383857257977,206.90880646299956,0.8029638996406911,10,10,"{""rwh"":10}"
nanjing_xianlin,426,24509410,10,base,hazard_only,254.20720531331062,317.37537769690243,310.2100915475585,0.8194678775443318,10,6,"{""rwh"":4,""drainage"":2}"
nanjing_xianlin,426,24509410,10,base,random_feasible,46.07480566540107,59.00872583207456,60.32043028008047,0.7638341678178693,10,6,"{""rwh"":3,""drainage"":1,""restoration"":2}"
nanjing_xianlin,427,24519383,10,base,ourea_robust,328.7303872665252,382.4936695216784,392.71018012145214,0.8370813997357031,10,10,"{""rwh"":10}"
nanjing_xianlin,427,24519383,10,base,deterministic_central,285.9405637711279,348.05961700836633,351.1665167565425,0.8142591908025373,10,8,"{""rwh"":7,""drainage"":1}"
nanjing_xianlin,427,24519383,10,base,greedy_opportunity,184.7419301966329,215.23383857257977,221.0213750625935,0.8358554920053038,10,10,"{""rwh"":10}"
nanjing_xianlin,427,24519383,10,base,hazard_only,263.0305498886464,317.37537769690243,320.89633556033914,0.8196745202133602,10,6,"{""rwh"":4,""drainage"":2}"
nanjing_xianlin,427,24519383,10,base,random_feasible,44.10496744395277,59.00872583207456,57.91949361684601,0.761487449039519,10,6,"{""rwh"":3,""drainage"":1,""restoration"":2}"
nanjing_xianlin,428,24529356,10,base,ourea_robust,321.825482715416,382.4936695216784,373.15716903318753,0.8624395011604179,10,10,"{""rwh"":10}"
nanjing_xianlin,428,24529356,10,base,deterministic_central,288.5765653356175,348.05961700836633,344.3030335981748,0.8381470308867685,10,8,"{""rwh"":7,""drainage"":1}"
nanjing_xianlin,428,24529356,10,base,greedy_opportunity,169.27810305282765,215.23383857257977,205.5416160380264,0.823570945464933,10,10,"{""rwh"":10}"
nanjing_xianlin,428,24529356,10,base,hazard_only,258.43186657947626,317.37537769690243,311.06007014907664,0.8308101597727471,10,6,"{""rwh"":4,""drainage"":2}"
nanjing_xianlin,428,24529356,10,base,random_feasible,43.349158356515545,59.00872583207456,61.52437962625845,0.7045850542475723,10,6,"{""rwh"":3,""drainage"":1,""restoration"":2}"
nanjing_xianlin,429,24539329,10,base,ourea_robust,326.08830007122015,382.4936695216784,390.10740074062414,0.8358936524970743,10,10,"{""rwh"":10}"
nanjing_xianlin,429,24539329,10,base,deterministic_central,295.08126695536157,348.05961700836633,351.2383714239295,0.8401168293745767,10,8,"{""rwh"":7,""drainage"":1}"
nanjing_xianlin,429,24539329,10,base,greedy_opportunity,184.48381176109615,215.23383857257977,223.38480633641302,0.8258565781025735,10,10,"{""rwh"":10}"
nanjing_xianlin,429,24539329,10,base,hazard_only,268.728214724033,317.37537769690243,321.50050425072914,0.835856277582879,10,6,"{""rwh"":4,""drainage"":2}"
nanjing_xianlin,429,24539329,10,base,random_feasible,44.97814382164324,59.00872583207456,58.59410963781011,0.7676222763630726,10,6,"{""rwh"":3,""drainage"":1,""restoration"":2}"
nanjing_xianlin,430,24549302,10,base,ourea_robust,320.37249522283673,382.4936695216784,373.45967846347776,0.8578502946849383,10,10,"{""rwh"":10}"
nanjing_xianlin,430,24549302,10,base,deterministic_central,295.73239294380255,348.05961700836633,343.11375474561464,0.8619077167660015,10,8,"{""rwh"":7,""drainage"":1}"
nanjing_xianlin,430,24549302,10,base,greedy_opportunity,168.65711312155327,215.23383857257977,208.5202934960471,0.8088282933706425,10,10,"{""rwh"":10}"
nanjing_xianlin,430,24549302,10,base,hazard_only,249.2597896465013,317.37537769690243,307.08655726695724,0.8116922859303612,10,6,"{""rwh"":4,""drainage"":2}"
nanjing_xianlin,430,24549302,10,base,random_feasible,42.778515419619,59.00872583207456,58.43256198556264,0.732100629614505,10,6,"{""rwh"":3,""drainage"":1,""restoration"":2}"
nanjing_xianlin,431,24559275,10,base,ourea_robust,326.716937470379,382.4936695216784,388.3634084725363,0.8412660161661014,10,10,"{""rwh"":10}"
nanjing_xianlin,431,24559275,10,base,deterministic_central,288.68987974204174,348.05961700836633,350.29905934865747,0.824124050686373,10,8,"{""rwh"":7,""drainage"":1}"
nanjing_xianlin,431,24559275,10,base,greedy_opportunity,184.69758729542627,215.23383857257977,221.91525766172708,0.832288817098674,10,10,"{""rwh"":10}"
nanjing_xianlin,431,24559275,10,base,hazard_only,255.74656703995788,317.37537769690243,318.8818364421277,0.8020104559526146,10,6,"{""rwh"":4,""drainage"":2}"
nanjing_xianlin,431,24559275,10,base,random_feasible,44.04261467176002,59.00872583207456,59.749564649790045,0.7371202607066156,10,6,"{""rwh"":3,""drainage"":1,""restoration"":2}"
nanjing_xianlin,432,24569248,10,base,ourea_robust,320.28824812756466,382.4936695216784,374.5828028218493,0.8550532638304086,10,10,"{""rwh"":10}"
nanjing_xianlin,432,24569248,10,base,deterministic_central,286.2428792827777,348.05961700836633,344.15363394884116,0.8317299340948643,10,8,"{""rwh"":7,""drainage"":1}"
nanjing_xianlin,432,24569248,10,base,greedy_opportunity,165.62104071290196,215.23383857257977,208.52384072914356,0.7942547007276303,10,10,"{""rwh"":10}"
nanjing_xianlin,432,24569248,10,base,hazard_only,258.09055175736466,317.37537769690243,313.8401500017626,0.8223630780061607,10,6,"{""rwh"":4,""drainage"":2}"
nanjing_xianlin,432,24569248,10,base,random_feasible,46.794097204327045,59.00872583207456,59.45562927490391,0.7870423335016106,10,6,"{""rwh"":3,""drainage"":1,""restoration"":2}"
nanjing_xianlin,433,24579221,10,base,ourea_robust,327.6765512346392,382.4936695216784,384.15705811058797,0.8529754805137808,10,10,"{""rwh"":10}"
nanjing_xianlin,433,24579221,10,base,deterministic_central,294.2769481493124,348.05961700836633,347.995309826365,0.845634811274164,10,8,"{""rwh"":7,""drainage"":1}"
nanjing_xianlin,433,24579221,10,base,greedy_opportunity,181.9593723316466,215.23383857257977,219.52977147955608,0.8288596626566969,10,10,"{""rwh"":10}"
nanjing_xianlin,433,24579221,10,base,hazard_only,265.4417493143919,317.37537769690243,318.27694965606133,0.8339961458133724,10,6,"{""rwh"":4,""drainage"":2}"
nanjing_xianlin,433,24579221,10,base,random_feasible,45.25915077630634,59.00872583207456,60.32521052611628,0.7502526784670321,10,6,"{""rwh"":3,""drainage"":1,""restoration"":2}"
nanjing_xianlin,434,24589194,10,base,ourea_robust,322.67315008860896,382.4936695216784,368.5333931920122,0.87556014203709,10,10,"{""rwh"":10}"
nanjing_xianlin,434,24589194,10,base,deterministic_central,288.85167260181515,348.05961700836633,341.9495976646831,0.844720024747811,10,8,"{""rwh"":7,""drainage"":1}"
nanjing_xianlin,434,24589194,10,base,greedy_opportunity,168.21287255896095,215.23383857257977,207.97508370075593,0.8088126210397075,10,10,"{""rwh"":10}"
nanjing_xianlin,434,24589194,10,base,hazard_only,253.9150689244325,317.37537769690243,311.9390123938574,0.8139894621575473,10,6,"{""rwh"":4,""drainage"":2}"
nanjing_xianlin,434,24589194,10,base,random_feasible,46.397301929539026,59.00872583207456,59.14872592330539,0.7844176050334478,10,6,"{""rwh"":3,""drainage"":1,""restoration"":2}"
nanjing_xianlin,435,24599167,10,base,ourea_robust,330.58302803772494,382.4936695216784,386.05960563062035,0.8563004862881846,10,10,"{""rwh"":10}"
nanjing_xianlin,435,24599167,10,base,deterministic_central,295.9315429757535,348.05961700836633,350.37986610130065,0.8446020208541171,10,8,"{""rwh"":7,""drainage"":1}"
nanjing_xianlin,435,24599167,10,base,greedy_opportunity,179.9573311608965,215.23383857257977,220.65512440383282,0.8155592653789763,10,10,"{""rwh"":10}"
nanjing_xianlin,435,24599167,10,base,hazard_only,260.01873791084654,317.37537769690243,319.0779058309963,0.8149067458420916,10,6,"{""rwh"":4,""drainage"":2}"
nanjing_xianlin,435,24599167,10,base,random_feasible,45.82085311273295,59.00872583207456,59.718219172813406,0.7672843187124507,10,6,"{""rwh"":3,""drainage"":1,""restoration"":2}"
nanjing_xianlin,436,24609140,10,base,ourea_robust,324.3600380717744,382.4936695216784,372.3527821311345,0.8711094790680035,10,10,"{""rwh"":10}"
nanjing_xianlin,436,24609140,10,base,deterministic_central,283.29626486171765,348.05961700836633,344.7394327959555,0.8217692492097216,10,8,"{""rwh"":7,""drainage"":1}"
nanjing_xianlin,436,24609140,10,base,greedy_opportunity,169.38258569511527,215.23383857257977,210.08186250415747,0.8062694402843236,10,10,"{""rwh"":10}"
nanjing_xianlin,436,24609140,10,base,hazard_only,265.8983228936122,317.37537769690243,310.84470006311676,0.8554056827722067,10,6,"{""rwh"":4,""drainage"":2}"
nanjing_xianlin,436,24609140,10,base,random_feasible,43.56041398807247,59.00872583207456,60.49610713862967,0.7200531744671064,10,6,"{""rwh"":3,""drainage"":1,""restoration"":2}"
nanjing_xianlin,437,24619113,10,base,ourea_robust,329.692636360076,382.4936695216784,387.61594343556317,0.8505652100837378,10,10,"{""rwh"":10}"
nanjing_xianlin,437,24619113,10,base,deterministic_central,293.55558297392236,348.05961700836633,349.72409308721217,0.8393919343175398,10,8,"{""rwh"":7,""drainage"":1}"
nanjing_xianlin,437,24619113,10,base,greedy_opportunity,182.12258692948672,215.23383857257977,219.74500691216235,0.8287905581503644,10,10,"{""rwh"":10}"
nanjing_xianlin,437,24619113,10,base,hazard_only,262.33588817539203,317.37537769690243,319.01010527901417,0.8223435052188912,10,6,"{""rwh"":4,""drainage"":2}"
nanjing_xianlin,437,24619113,10,base,random_feasible,44.019658747211,59.00872583207456,59.07419102824315,0.7451588922506847,10,6,"{""rwh"":3,""drainage"":1,""restoration"":2}"
nanjing_xianlin,438,24629086,10,base,ourea_robust,323.98050256662646,382.4936695216784,373.02605998804756,0.868519755903937,10,10,"{""rwh"":10}"
nanjing_xianlin,438,24629086,10,base,deterministic_central,287.88980556062415,348.05961700836633,350.00881453294096,0.8225215869057192,10,8,"{""rwh"":7,""drainage"":1}"
nanjing_xianlin,438,24629086,10,base,greedy_opportunity,170.7180187919421,215.23383857257977,211.19944598867005,0.8083260729817463,10,10,"{""rwh"":10}"
nanjing_xianlin,438,24629086,10,base,hazard_only,253.285215798609,317.37537769690243,311.464991942672,0.8132060499602745,10,6,"{""rwh"":4,""drainage"":2}"
nanjing_xianlin,438,24629086,10,base,random_feasible,43.735814362660676,59.00872583207456,59.05896167701758,0.7405449252874385,10,6,"{""rwh"":3,""drainage"":1,""restoration"":2}"
nanjing_xianlin,439,24639059,10,base,ourea_robust,328.83759806335,382.4936695216784,383.9096474109756,0.8565494518853002,10,10,"{""rwh"":10}"
nanjing_xianlin,439,24639059,10,base,deterministic_central,292.8996984823152,348.05961700836633,345.05566989216277,0.8488476615203935,10,8,"{""rwh"":7,""drainage"":1}"
nanjing_xianlin,439,24639059,10,base,greedy_opportunity,184.49066660175777,215.23383857257977,220.359383925992,0.8372262769790607,10,10,"{""rwh"":10}"
nanjing_xianlin,439,24639059,10,base,hazard_only,261.8758539071823,317.37537769690243,318.24096953848493,0.8228854200857807,10,6,"{""rwh"":4,""drainage"":2}"
nanjing_xianlin,439,24639059,10,base,random_feasible,43.328556126885815,59.00872583207456,58.823678929424204,0.7365835819087546,10,6,"{""rwh"":3,""drainage"":1,""restoration"":2}"
nanjing_xianlin,440,24649032,10,base,ourea_robust,326.64228429333707,382.4936695216784,377.67264427622285,0.8648820327437772,10,10,"{""rwh"":10}"
nanjing_xianlin,440,24649032,10,base,deterministic_central,286.5401066166269,348.05961700836633,344.0697740970372,0.8327965086983043,10,8,"{""rwh"":7,""drainage"":1}"
nanjing_xianlin,440,24649032,10,base,greedy_opportunity,173.02156164950793,215.23383857257977,210.45062990382758,0.8221479865780202,10,10,"{""rwh"":10}"
nanjing_xianlin,440,24649032,10,base,hazard_only,264.9959608719764,317.37537769690243,311.62512446677283,0.8503677658385717,10,6,"{""rwh"":4,""drainage"":2}"
nanjing_xianlin,440,24649032,10,base,random_feasible,47.2564577995563,59.00872583207456,60.229982662642215,0.7846002225211868,10,6,"{""rwh"":3,""drainage"":1,""restoration"":2}"
nanjing_xianlin,441,24659005,10,base,ourea_robust,332.6423291597912,382.4936695216784,386.7921932321715,0.8600026964870077,10,10,"{""rwh"":10}"
nanjing_xianlin,441,24659005,10,base,deterministic_central,291.3745772046623,348.05961700836633,352.7267480396549,0.8260631744658752,10,8,"{""rwh"":7,""drainage"":1}"
nanjing_xianlin,441,24659005,10,base,greedy_opportunity,183.1460931674319,215.23383857257977,220.09078278537345,0.8321388603812228,10,10,"{""rwh"":10}"
nanjing_xianlin,441,24659005,10,base,hazard_only,255.53499249293418,317.37537769690243,321.160937882556,0.7956602511429323,10,6,"{""rwh"":4,""drainage"":2}"
nanjing_xianlin,441,24659005,10,base,random_feasible,44.132424857660226,59.00872583207456,59.769769061800616,0.7383736887460327,10,6,"{""rwh"":3,""drainage"":1,""restoration"":2}"
nanjing_xianlin,442,24668978,10,base,ourea_robust,324.91519695323404,382.4936695216784,374.664137674592,0.8672172334663999,10,10,"{""rwh"":10}"
nanjing_xianlin,442,24668978,10,base,deterministic_central,290.1517792525192,348.05961700836633,347.7671222103072,0.8343278036416969,10,8,"{""rwh"":7,""drainage"":1}"
nanjing_xianlin,442,24668978,10,base,greedy_opportunity,172.0082508779451,215.23383857257977,208.91929752637225,0.8233239002549881,10,10,"{""rwh"":10}"
nanjing_xianlin,442,24668978,10,base,hazard_only,257.16148537564004,317.37537769690243,313.66602554381825,0.8198576333850199,10,6,"{""rwh"":4,""drainage"":2}"
nanjing_xianlin,442,24668978,10,base,random_feasible,45.54047109749263,59.00872583207456,60.0010529777519,0.7589945315522849,10,6,"{""rwh"":3,""drainage"":1,""restoration"":2}"
nanjing_xianlin,443,24678951,10,base,ourea_robust,330.04805749307707,382.4936695216784,389.25137630239624,0.8479046641486346,10,10,"{""rwh"":10}"
nanjing_xianlin,443,24678951,10,base,deterministic_central,299.1653441172348,348.05961700836633,345.0322618797818,0.8670648434072282,10,8,"{""rwh"":7,""drainage"":1}"
nanjing_xianlin,443,24678951,10,base,greedy_opportunity,180.024290065885,215.23383857257977,220.70074622858192,0.8156940705557565,10,10,"{""rwh"":10}"
nanjing_xianlin,443,24678951,10,base,hazard_only,260.85597893207705,317.37537769690243,317.7578217144728,0.8209270114095697,10,6,"{""rwh"":4,""drainage"":2}"
nanjing_xianlin,443,24678951,10,base,random_feasible,44.94002350766459,59.00872583207456,58.71396742828256,0.7654060094398757,10,6,"{""rwh"":3,""drainage"":1,""restoration"":2}"
nanjing_xianlin,444,24688924,10,base,ourea_robust,323.1965664398376,382.4936695216784,378.19499552609886,0.8545765286773451,10,10,"{""rwh"":10}"
nanjing_xianlin,444,24688924,10,base,deterministic_central,288.7504856722644,348.05961700836633,343.3445899348135,0.840993259066892,10,8,"{""rwh"":7,""drainage"":1}"
nanjing_xianlin,444,24688924,10,base,greedy_opportunity,173.48455371711134,215.23383857257977,211.27361596041374,0.821136860504234,10,10,"{""rwh"":10}"
nanjing_xianlin,444,24688924,10,base,hazard_only,263.05810722482056,317.37537769690243,313.74344091408784,0.8384497424341489,10,6,"{""rwh"":4,""drainage"":2}"
nanjing_xianlin,444,24688924,10,base,random_feasible,44.48376915156041,59.00872583207456,60.307373120898774,0.737617423036871,10,6,"{""rwh"":3,""drainage"":1,""restoration"":2}"
nanjing_xianlin,445,24698897,10,base,ourea_robust,336.0603943102742,382.4936695216784,387.3822969541525,0.8675161383279414,10,10,"{""rwh"":10}"
nanjing_xianlin,445,24698897,10,base,deterministic_central,292.23144631042305,348.05961700836633,353.0975531622116,0.8276224054607738,10,8,"{""rwh"":7,""drainage"":1}"
nanjing_xianlin,445,24698897,10,base,greedy_opportunity,179.38912370315302,215.23383857257977,220.46273625079448,0.8136936280201256,10,10,"{""rwh"":10}"
nanjing_xianlin,445,24698897,10,base,hazard_only,261.9094244125263,317.37537769690243,320.4475602348648,0.817323821159898,10,6,"{""rwh"":4,""drainage"":2}"
nanjing_xianlin,445,24698897,10,base,random_feasible,44.204777299048146,59.00872583207456,57.79750317639082,0.7648215730728133,10,6,"{""rwh"":3,""drainage"":1,""restoration"":2}"
nanjing_xianlin,446,24708870,10,base,ourea_robust,323.184684593607,382.4936695216784,378.73729092314534,0.853321530092448,10,10,"{""rwh"":10}"
nanjing_xianlin,446,24708870,10,base,deterministic_central,287.84365118225105,348.05961700836633,345.9377530232541,0.8320677597825007,10,8,"{""rwh"":7,""drainage"":1}"
nanjing_xianlin,446,24708870,10,base,greedy_opportunity,174.15973787382973,215.23383857257977,211.3232852127203,0.8241388907924588,10,10,"{""rwh"":10}"
nanjing_xianlin,446,24708870,10,base,hazard_only,258.07873498327535,317.37537769690243,316.17222140341255,0.8162599922210935,10,6,"{""rwh"":4,""drainage"":2}"
nanjing_xianlin,446,24708870,10,base,random_feasible,43.32101396791768,59.00872583207456,57.76599169495603,0.7499397603469232,10,6,"{""rwh"":3,""drainage"":1,""restoration"":2}"
nanjing_xianlin,447,24718843,10,base,ourea_robust,328.7709461503109,382.4936695216784,388.12973499438704,0.8470645676118205,10,10,"{""rwh"":10}"
nanjing_xianlin,447,24718843,10,base,deterministic_central,296.06742003862746,348.05961700836633,344.80264211399117,0.8586576315756539,10,8,"{""rwh"":7,""drainage"":1}"
nanjing_xianlin,447,24718843,10,base,greedy_opportunity,179.64232074007305,215.23383857257977,220.44357319351184,0.8149129418364932,10,10,"{""rwh"":10}"
nanjing_xianlin,447,24718843,10,base,hazard_only,261.53356154208996,317.37537769690243,315.42634668032406,0.8291430449440136,10,6,"{""rwh"":4,""drainage"":2}"
nanjing_xianlin,447,24718843,10,base,random_feasible,42.87413294486214,59.00872583207456,58.33846025776802,0.734920543933164,10,6,"{""rwh"":3,""drainage"":1,""restoration"":2}"
nanjing_xianlin,448,24728816,10,base,ourea_robust,325.81668064015867,382.4936695216784,376.431379611955,0.8655407022018925,10,10,"{""rwh"":10}"
nanjing_xianlin,448,24728816,10,base,deterministic_central,287.7251846421077,348.05961700836633,348.1703327153791,0.8263920202452061,10,8,"{""rwh"":7,""drainage"":1}"
nanjing_xianlin,448,24728816,10,base,greedy_opportunity,169.5510718870537,215.23383857257977,210.3242352793295,0.8061413924166876,10,10,"{""rwh"":10}"
nanjing_xianlin,448,24728816,10,base,hazard_only,261.380653552942,317.37537769690243,313.1775297143231,0.8346085806072052,10,6,"{""rwh"":4,""drainage"":2}"
nanjing_xianlin,448,24728816,10,base,random_feasible,46.6890680597553,59.00872583207456,60.32980350485013,0.7738972339931754,10,6,"{""rwh"":3,""drainage"":1,""restoration"":2}"
nanjing_xianlin,449,24738789,10,base,ourea_robust,333.22675488708046,382.4936695216784,388.94627155628405,0.8567423812902125,10,10,"{""rwh"":10}"
nanjing_xianlin,449,24738789,10,base,deterministic_central,293.2027878286153,348.05961700836633,355.896294792572,0.8238433277297913,10,8,"{""rwh"":7,""drainage"":1}"
nanjing_xianlin,449,24738789,10,base,greedy_opportunity,177.76293961501506,215.23383857257977,222.71806909986117,0.7981523022961852,10,10,"{""rwh"":10}"
nanjing_xianlin,449,24738789,10,base,hazard_only,261.8823894135621,317.37537769690243,323.32245611865255,0.8099727824579459,10,6,"{""rwh"":4,""drainage"":2}"
nanjing_xianlin,449,24738789,10,base,random_feasible,42.73973844030479,59.00872583207456,58.786982035800975,0.727027259441155,10,6,"{""rwh"":3,""drainage"":1,""restoration"":2}"
nanjing_xianlin,450,24748762,10,base,ourea_robust,324.6098566113651,382.4936695216784,378.2313839115868,0.8582308883369764,10,10,"{""rwh"":10}"
nanjing_xianlin,450,24748762,10,base,deterministic_central,291.98878750032236,348.05961700836633,342.6092698370321,0.8522501088169966,10,8,"{""rwh"":7,""drainage"":1}"
nanjing_xianlin,450,24748762,10,base,greedy_opportunity,173.21853727865164,215.23383857257977,213.46746164718934,0.811451712322042,10,10,"{""rwh"":10}"
nanjing_xianlin,450,24748762,10,base,hazard_only,263.1146855468578,317.37537769690243,316.4505036958526,0.8314560491259101,10,6,"{""rwh"":4,""drainage"":2}"
nanjing_xianlin,450,24748762,10,base,random_feasible,45.84418624865248,59.00872583207456,59.32399916736904,0.7727763955918352,10,6,"{""rwh"":3,""drainage"":1,""restoration"":2}"
nanjing_xianlin,451,24758735,10,base,ourea_robust,336.0000971970203,382.4936695216784,390.8183397697321,0.8597347232859891,10,10,"{""rwh"":10}"
nanjing_xianlin,451,24758735,10,base,deterministic_central,299.6596512988999,348.05961700836633,350.3257417414552,0.8553743433448647,10,8,"{""rwh"":7,""drainage"":1}"
nanjing_xianlin,451,24758735,10,base,greedy_opportunity,179.40058266703636,215.23383857257977,220.1740665349298,0.8148125048985962,10,10,"{""rwh"":10}"
nanjing_xianlin,451,24758735,10,base,hazard_only,265.11689506703806,317.37537769690243,320.02404563119126,0.8284280468492344,10,6,"{""rwh"":4,""drainage"":2}"
nanjing_xianlin,451,24758735,10,base,random_feasible,42.70678573488294,59.00872583207456,58.17441518706073,0.7341162880204057,10,6,"{""rwh"":3,""drainage"":1,""restoration"":2}"
nanjing_xianlin,452,24768708,10,base,ourea_robust,321.46267916530087,382.4936695216784,378.18182556109605,0.8500214908221916,10,10,"{""rwh"":10}"
nanjing_xianlin,452,24768708,10,base,deterministic_central,286.6327399127367,348.05961700836633,347.5805603168119,0.8246512395614916,10,8,"{""rwh"":7,""drainage"":1}"
nanjing_xianlin,452,24768708,10,base,greedy_opportunity,172.4593473869063,215.23383857257977,211.24505200092608,0.8163947309220301,10,10,"{""rwh"":10}"
nanjing_xianlin,452,24768708,10,base,hazard_only,265.94718330610704,317.37537769690243,314.53233240738336,0.8455320992617424,10,6,"{""rwh"":4,""drainage"":2}"
nanjing_xianlin,452,24768708,10,base,random_feasible,44.72012235571674,59.00872583207456,60.050883944144516,0.7447038148066651,10,6,"{""rwh"":3,""drainage"":1,""restoration"":2}"
nanjing_xianlin,453,24778681,10,base,ourea_robust,336.18679571778193,382.4936695216784,388.5718927130256,0.8651855731780066,10,10,"{""rwh"":10}"
nanjing_xianlin,453,24778681,10,base,deterministic_central,289.0856091853311,348.05961700836633,352.07681559937555,0.8210867525974177,10,8,"{""rwh"":7,""drainage"":1}"
nanjing_xianlin,453,24778681,10,base,greedy_opportunity,176.96825575593357,215.23383857257977,221.13663078280115,0.8002665823815981,10,10,"{""rwh"":10}"
nanjing_xianlin,453,24778681,10,base,hazard_only,256.4077629792864,317.37537769690243,318.48294046726005,0.8050910438188605,10,6,"{""rwh"":4,""drainage"":2}"
nanjing_xianlin,453,24778681,10,base,random_feasible,45.38630251759059,59.00872583207456,57.74258976254896,0.7860108579166555,10,6,"{""rwh"":3,""drainage"":1,""restoration"":2}"
nanjing_xianlin,454,24788654,10,base,ourea_robust,317.47619139233757,382.4936695216784,374.63235860064015,0.847433981886142,10,10,"{""rwh"":10}"
nanjing_xianlin,454,24788654,10,base,deterministic_central,290.07091084430976,348.05961700836633,343.79893755117155,0.8437225341952523,10,8,"{""rwh"":7,""drainage"":1}"
nanjing_xianlin,454,24788654,10,base,greedy_opportunity,174.27451544388714,215.23383857257977,212.02711399983127,0.8219444775540633,10,10,"{""rwh"":10}"
nanjing_xianlin,454,24788654,10,base,hazard_only,255.25469291840272,317.37537769690243,315.9733453292156,0.8078361567253417,10,6,"{""rwh"":4,""drainage"":2}"
nanjing_xianlin,454,24788654,10,base,random_feasible,43.824846591111054,59.00872583207456,57.518563223668025,0.7619252661213517,10,6,"{""rwh"":3,""drainage"":1,""restoration"":2}"
nanjing_xianlin,455,24798627,10,base,ourea_robust,340.4991477685544,382.4936695216784,387.51263285309324,0.8786788323818033,10,10,"{""rwh"":10}"
nanjing_xianlin,455,24798627,10,base,deterministic_central,296.68014060537826,348.05961700836633,348.8608060860315,0.8504255434536113,10,8,"{""rwh"":7,""drainage"":1}"
nanjing_xianlin,455,24798627,10,base,greedy_opportunity,178.48647873173832,215.23383857257977,220.9649187306386,0.8077593482127247,10,10,"{""rwh"":10}"
nanjing_xianlin,455,24798627,10,base,hazard_only,261.89662217649857,317.37537769690243,319.05673994958124,0.8208465435266612,10,6,"{""rwh"":4,""drainage"":2}"
nanjing_xianlin,455,24798627,10,base,random_feasible,43.877913429165346,59.00872583207456,58.62410988074953,0.748461912998249,10,6,"{""rwh"":3,""drainage"":1,""restoration"":2}"
nanjing_xianlin,456,24808600,10,base,ourea_robust,324.37093226555953,382.4936695216784,375.22485067014713,0.8644708144629464,10,10,"{""rwh"":10}"
nanjing_xianlin,456,24808600,10,base,deterministic_central,287.88621296924066,348.05961700836633,344.5859467243499,0.8354554667881857,10,8,"{""rwh"":7,""drainage"":1}"
nanjing_xianlin,456,24808600,10,base,greedy_opportunity,178.1532283385004,215.23383857257977,213.5403046956544,0.8342838537783817,10,10,"{""rwh"":10}"
nanjing_xianlin,456,24808600,10,base,hazard_only,267.0848948852763,317.37537769690243,316.09779264236386,0.8449438784517511,10,6,"{""rwh"":4,""drainage"":2}"
nanjing_xianlin,456,24808600,10,base,random_feasible,46.45916542260238,59.00872583207456,59.33152487484767,0.7830435088361896,10,6,"{""rwh"":3,""drainage"":1,""restoration"":2}"
nanjing_xianlin,457,24818573,10,base,ourea_robust,334.8411831484973,382.4936695216784,388.6355206864064,0.8615815213110275,10,10,"{""rwh"":10}"
nanjing_xianlin,457,24818573,10,base,deterministic_central,293.5186048551968,348.05961700836633,352.84020046581645,0.8318740451561251,10,8,"{""rwh"":7,""drainage"":1}"
nanjing_xianlin,457,24818573,10,base,greedy_opportunity,172.68162440002743,215.23383857257977,219.36447629252325,0.7871904663805087,10,10,"{""rwh"":10}"
nanjing_xianlin,457,24818573,10,base,hazard_only,253.80677780776386,317.37537769690243,319.78038170732907,0.7936908963979351,10,6,"{""rwh"":4,""drainage"":2}"
nanjing_xianlin,457,24818573,10,base,random_feasible,43.45565621652531,59.00872583207456,60.08587881735002,0.7232257740395623,10,6,"{""rwh"":3,""drainage"":1,""restoration"":2}"
nanjing_xianlin,458,24828546,10,base,ourea_robust,324.24594541908846,382.4936695216784,375.04019566931674,0.864563183262055,10,10,"{""rwh"":10}"
nanjing_xianlin,458,24828546,10,base,deterministic_central,288.771083210142,348.05961700836633,339.86745190064903,0.8496579522259059,10,8,"{""rwh"":7,""drainage"":1}"
nanjing_xianlin,458,24828546,10,base,greedy_opportunity,178.98598076246162,215.23383857257977,211.87934488882456,0.8447542673703166,10,10,"{""rwh"":10}"
nanjing_xianlin,458,24828546,10,base,hazard_only,259.4076596280429,317.37537769690243,318.03666601153236,0.8156533109255915,10,6,"{""rwh"":4,""drainage"":2}"
nanjing_xianlin,458,24828546,10,base,random_feasible,45.016770125785115,59.00872583207456,59.12424683612517,0.7613927032433617,10,6,"{""rwh"":3,""drainage"":1,""restoration"":2}"
nanjing_xianlin,459,24838519,10,base,ourea_robust,338.6366788642081,382.4936695216784,390.1701501865864,0.8679205180157066,10,10,"{""rwh"":10}"
nanjing_xianlin,459,24838519,10,base,deterministic_central,294.8523429632987,348.05961700836633,350.54506252004467,0.841125363009324,10,8,"{""rwh"":7,""drainage"":1}"
nanjing_xianlin,459,24838519,10,base,greedy_opportunity,171.9505929046154,215.23383857257977,218.16810711539983,0.7881564137771168,10,10,"{""rwh"":10}"
nanjing_xianlin,459,24838519,10,base,hazard_only,262.9326150286033,317.37537769690243,317.53385529465595,0.8280459253222453,10,6,"{""rwh"":4,""drainage"":2}"
nanjing_xianlin,459,24838519,10,base,random_feasible,44.810287024874924,59.00872583207456,58.979110633596065,0.7597653905508334,10,6,"{""rwh"":3,""drainage"":1,""restoration"":2}"
nanjing_xianlin,460,24848492,10,base,ourea_robust,320.33605657047156,382.4936695216784,376.90413126965905,0.8499138905465713,10,10,"{""rwh"":10}"
nanjing_xianlin,460,24848492,10,base,deterministic_central,286.2788239742349,348.05961700836633,342.6368591455157,0.8355167178690899,10,8,"{""rwh"":7,""drainage"":1}"
nanjing_xianlin,460,24848492,10,base,greedy_opportunity,177.96322544992472,215.23383857257977,212.6595350462194,0.8368457375365098,10,10,"{""rwh"":10}"
nanjing_xianlin,460,24848492,10,base,hazard_only,268.33208625796215,317.37537769690243,317.1301623310719,0.8461260331895948,10,6,"{""rwh"":4,""drainage"":2}"
nanjing_xianlin,460,24848492,10,base,random_feasible,40.533945999668504,59.00872583207456,59.21299163830918,0.6845448081269407,10,6,"{""rwh"":3,""drainage"":1,""restoration"":2}"
nanjing_xianlin,461,24858465,10,base,ourea_robust,336.13500881035,382.4936695216784,386.8034702439709,0.8690072211563602,10,10,"{""rwh"":10}"
nanjing_xianlin,461,24858465,10,base,deterministic_central,293.4018202453299,348.05961700836633,352.52740037337026,0.8322808948597498,10,8,"{""rwh"":7,""drainage"":1}"
nanjing_xianlin,461,24858465,10,base,greedy_opportunity,176.6706490098968,215.23383857257977,218.263128747265,0.8094388182919815,10,10,"{""rwh"":10}"
nanjing_xianlin,461,24858465,10,base,hazard_only,255.1024155718169,317.37537769690243,323.35710718800874,0.7889185358882287,10,6,"{""rwh"":4,""drainage"":2}"
nanjing_xianlin,461,24858465,10,base,random_feasible,44.85918137923909,59.00872583207456,58.03212247109332,0.7730060433613147,10,6,"{""rwh"":3,""drainage"":1,""restoration"":2}"
nanjing_xianlin,462,24868438,10,base,ourea_robust,323.0386292953499,382.4936695216784,380.7241370379652,0.848484763294997,10,10,"{""rwh"":10}"
nanjing_xianlin,462,24868438,10,base,deterministic_central,290.12758514189045,348.05961700836633,345.4552530841647,0.8398412892890803,10,8,"{""rwh"":7,""drainage"":1}"
nanjing_xianlin,462,24868438,10,base,greedy_opportunity,179.11460787003307,215.23383857257977,212.94439116903595,0.8411332502665041,10,10,"{""rwh"":10}"
nanjing_xianlin,462,24868438,10,base,hazard_only,267.9378969175177,317.37537769690243,318.4670695231853,0.8413362716549603,10,6,"{""rwh"":4,""drainage"":2}"
nanjing_xianlin,462,24868438,10,base,random_feasible,45.40445141670534,59.00872583207456,57.87921406268106,0.7844690387041883,10,6,"{""rwh"":3,""drainage"":1,""restoration"":2}"
nanjing_xianlin,463,24878411,10,base,ourea_robust,333.02215178434017,382.4936695216784,390.0992543684133,0.8536856916671545,10,10,"{""rwh"":10}"
nanjing_xianlin,463,24878411,10,base,deterministic_central,293.9772723104761,348.05961700836633,348.96507784217283,0.842426050561523,10,8,"{""rwh"":7,""drainage"":1}"
nanjing_xianlin,463,24878411,10,base,greedy_opportunity,177.5613846125907,215.23383857257977,219.91214285515707,0.8074196463518603,10,10,"{""rwh"":10}"
nanjing_xianlin,463,24878411,10,base,hazard_only,265.3243094587506,317.37537769690243,315.020960716789,0.8422433505854335,10,6,"{""rwh"":4,""drainage"":2}"
nanjing_xianlin,463,24878411,10,base,random_feasible,44.462056754142395,59.00872583207456,58.38395423532529,0.7615458277274506,10,6,"{""rwh"":3,""drainage"":1,""restoration"":2}"
nanjing_xianlin,464,24888384,10,base,ourea_robust,321.6063564870492,382.4936695216784,381.975527507715,0.8419553959004703,10,10,"{""rwh"":10}"
nanjing_xianlin,464,24888384,10,base,deterministic_central,287.452313560334,348.05961700836633,346.2078423931416,0.83028827877883,10,8,"{""rwh"":7,""drainage"":1}"
nanjing_xianlin,464,24888384,10,base,greedy_opportunity,177.40448633048436,215.23383857257977,214.06689937412557,0.8287338530579351,10,10,"{""rwh"":10}"
nanjing_xianlin,464,24888384,10,base,hazard_only,266.0633282957242,317.37537769690243,317.2641756388439,0.838617621292976,10,6,"{""rwh"":4,""drainage"":2}"
nanjing_xianlin,464,24888384,10,base,random_feasible,45.26990616696821,59.00872583207456,59.345172835486665,0.7628237311308013,10,6,"{""rwh"":3,""drainage"":1,""restoration"":2}"
nanjing_xianlin,465,24898357,10,base,ourea_robust,332.4748808207805,382.4936695216784,389.4029020264006,0.8538068902173706,10,10,"{""rwh"":10}"
nanjing_xianlin,465,24898357,10,base,deterministic_central,295.25274358319257,348.05961700836633,354.72249022251344,0.8323485308134363,10,8,"{""rwh"":7,""drainage"":1}"
nanjing_xianlin,465,24898357,10,base,greedy_opportunity,176.84804674573388,215.23383857257977,219.8544457408425,0.8043869486005154,10,10,"{""rwh"":10}"
nanjing_xianlin,465,24898357,10,base,hazard_only,256.1378454083715,317.37537769690243,319.95795836762227,0.8005359413941399,10,6,"{""rwh"":4,""drainage"":2}"
nanjing_xianlin,465,24898357,10,base,random_feasible,44.76044431970695,59.00872583207456,58.96244429259605,0.759134816351695,10,6,"{""rwh"":3,""drainage"":1,""restoration"":2}"
nanjing_xianlin,466,24908330,10,base,ourea_robust,326.1967311487042,382.4936695216784,379.1933149182005,0.8602386126429241,10,10,"{""rwh"":10}"
nanjing_xianlin,466,24908330,10,base,deterministic_central,295.18283381300535,348.05961700836633,347.55237867957294,0.8493189859165088,10,8,"{""rwh"":7,""drainage"":1}"
nanjing_xianlin,466,24908330,10,base,greedy_opportunity,180.7933371336876,215.23383857257977,213.88262896732158,0.8452922895449841,10,10,"{""rwh"":10}"
nanjing_xianlin,466,24908330,10,base,hazard_only,266.9315272885033,317.37537769690243,319.7584970613316,0.8347910368033292,10,6,"{""rwh"":4,""drainage"":2}"
nanjing_xianlin,466,24908330,10,base,random_feasible,44.64351790641922,59.00872583207456,59.51472209145868,0.7501256216539787,10,6,"{""rwh"":3,""drainage"":1,""restoration"":2}"
nanjing_xianlin,467,24918303,10,base,ourea_robust,330.5966037982271,382.4936695216784,390.1911281979592,0.847268376718454,10,10,"{""rwh"":10}"
nanjing_xianlin,467,24918303,10,base,deterministic_central,292.6472856919754,348.05961700836633,350.8225860995517,0.8341745864929344,10,8,"{""rwh"":7,""drainage"":1}"
nanjing_xianlin,467,24918303,10,base,greedy_opportunity,175.62812063925412,215.23383857257977,217.78783797899268,0.8064184036584945,10,10,"{""rwh"":10}"
nanjing_xianlin,467,24918303,10,base,hazard_only,267.7362529067068,317.37537769690243,315.19080438804303,0.8494418275511832,10,6,"{""rwh"":4,""drainage"":2}"
nanjing_xianlin,467,24918303,10,base,random_feasible,43.897895332080225,59.00872583207456,59.171159548972355,0.7418799237109528,10,6,"{""rwh"":3,""drainage"":1,""restoration"":2}"
nanjing_xianlin,468,24928276,10,base,ourea_robust,325.5576955218112,382.4936695216784,379.8770075582743,0.8570081606528125,10,10,"{""rwh"":10}"
nanjing_xianlin,468,24928276,10,base,deterministic_central,282.38816383710764,348.05961700836633,345.95270636634814,0.8162623348235104,10,8,"{""rwh"":7,""drainage"":1}"
nanjing_xianlin,468,24928276,10,base,greedy_opportunity,182.11341993970927,215.23383857257977,215.82220380372019,0.843812252539746,10,10,"{""rwh"":10}"
nanjing_xianlin,468,24928276,10,base,hazard_only,266.98789762219167,317.37537769690243,318.48637682093977,0.8383024111963768,10,6,"{""rwh"":4,""drainage"":2}"
nanjing_xianlin,468,24928276,10,base,random_feasible,42.3774193567624,59.00872583207456,58.112586107235984,0.7292296246902994,10,6,"{""rwh"":3,""drainage"":1,""restoration"":2}"
nanjing_xianlin,469,24938249,10,base,ourea_robust,330.81270586565915,382.4936695216784,385.88464233795094,0.8572839381774081,10,10,"{""rwh"":10}"
nanjing_xianlin,469,24938249,10,base,deterministic_central,292.1156689157324,348.05961700836633,351.88446579050833,0.8301465319291508,10,8,"{""rwh"":7,""drainage"":1}"
nanjing_xianlin,469,24938249,10,base,greedy_opportunity,174.6621722182117,215.23383857257977,217.63503184161527,0.8025462203406792,10,10,"{""rwh"":10}"
nanjing_xianlin,469,24938249,10,base,hazard_only,257.5658731257827,317.37537769690243,319.58578691062576,0.8059365706329508,10,6,"{""rwh"":4,""drainage"":2}"
nanjing_xianlin,469,24938249,10,base,random_feasible,42.95675103523354,59.00872583207456,57.53497750679162,0.7466197589138326,10,6,"{""rwh"":3,""drainage"":1,""restoration"":2}"
nanjing_xianlin,470,24948222,10,base,ourea_robust,323.73700716497297,382.4936695216784,381.2049636692791,0.8492465681686049,10,10,"{""rwh"":10}"
nanjing_xianlin,470,24948222,10,base,deterministic_central,290.9440251899705,348.05961700836633,345.7948413974864,0.8413775752528777,10,8,"{""rwh"":7,""drainage"":1}"
nanjing_xianlin,470,24948222,10,base,greedy_opportunity,181.98924012831048,215.23383857257977,216.73667044383183,0.8396790434938131,10,10,"{""rwh"":10}"
nanjing_xianlin,470,24948222,10,base,hazard_only,265.13858047828217,317.37537769690243,317.8841424222737,0.8340730004898296,10,6,"{""rwh"":4,""drainage"":2}"
nanjing_xianlin,470,24948222,10,base,random_feasible,44.58974612916609,59.00872583207456,58.411686158819066,0.7633702955933909,10,6,"{""rwh"":3,""drainage"":1,""restoration"":2}"
nanjing_xianlin,471,24958195,10,base,ourea_robust,326.0517962546746,382.4936695216784,385.7385993145235,0.8452661901974153,10,10,"{""rwh"":10}"
nanjing_xianlin,471,24958195,10,base,deterministic_central,292.19002644612556,348.05961700836633,350.04828613704376,0.8347134895890714,10,8,"{""rwh"":7,""drainage"":1}"
nanjing_xianlin,471,24958195,10,base,greedy_opportunity,170.9679653786934,215.23383857257977,218.01254348393195,0.7842115992343999,10,10,"{""rwh"":10}"
nanjing_xianlin,471,24958195,10,base,hazard_only,263.06383154012656,317.37537769690243,316.6425940682675,0.8307910447556861,10,6,"{""rwh"":4,""drainage"":2}"
nanjing_xianlin,471,24958195,10,base,random_feasible,45.63712389271677,59.00872583207456,57.857899711252685,0.7887794773138107,10,6,"{""rwh"":3,""drainage"":1,""restoration"":2}"
nanjing_xianlin,472,24968168,10,base,ourea_robust,324.44677190407674,382.4936695216784,378.7398449450775,0.8566481088123327,10,10,"{""rwh"":10}"
nanjing_xianlin,472,24968168,10,base,deterministic_central,285.92494735941364,348.05961700836633,342.65264938717337,0.8344454591866838,10,8,"{""rwh"":7,""drainage"":1}"
nanjing_xianlin,472,24968168,10,base,greedy_opportunity,182.17905955772767,215.23383857257977,216.04536262819784,0.8432444804253808,10,10,"{""rwh"":10}"
nanjing_xianlin,472,24968168,10,base,hazard_only,260.8635635938863,317.37537769690243,318.0847639588792,0.820107069408737,10,6,"{""rwh"":4,""drainage"":2}"
nanjing_xianlin,472,24968168,10,base,random_feasible,44.6093323789446,59.00872583207456,58.1088008163606,0.7676863358430345,10,6,"{""rwh"":3,""drainage"":1,""restoration"":2}"
nanjing_xianlin,473,24978141,10,base,ourea_robust,329.54194601208656,382.4936695216784,390.59778513916535,0.8436861614427094,10,10,"{""rwh"":10}"
nanjing_xianlin,473,24978141,10,base,deterministic_central,296.80138659963814,348.05961700836633,354.74358708549516,0.8366645583028041,10,8,"{""rwh"":7,""drainage"":1}"
nanjing_xianlin,473,24978141,10,base,greedy_opportunity,173.54248212416678,215.23383857257977,215.5752209260645,0.8050205463256205,10,10,"{""rwh"":10}"
nanjing_xianlin,473,24978141,10,base,hazard_only,257.7332639125252,317.37537769690243,322.24832586535194,0.7997970609169784,10,6,"{""rwh"":4,""drainage"":2}"
nanjing_xianlin,473,24978141,10,base,random_feasible,44.16382799801795,59.00872583207456,58.996054676554195,0.7485895156912795,10,6,"{""rwh"":3,""drainage"":1,""restoration"":2}"
nanjing_xianlin,474,24988114,10,base,ourea_robust,322.91882931853434,382.4936695216784,377.53466354111515,0.8553355771088476,10,10,"{""rwh"":10}"
nanjing_xianlin,474,24988114,10,base,deterministic_central,284.54765716002294,348.05961700836633,344.20969074043205,0.8266695122613495,10,8,"{""rwh"":7,""drainage"":1}"
nanjing_xianlin,474,24988114,10,base,greedy_opportunity,181.3121095131919,215.23383857257977,214.90722961800202,0.8436761752290721,10,10,"{""rwh"":10}"
nanjing_xianlin,474,24988114,10,base,hazard_only,264.0073872342691,317.37537769690243,319.23652463365215,0.82699618264933,10,6,"{""rwh"":4,""drainage"":2}"
nanjing_xianlin,474,24988114,10,base,random_feasible,42.919043782154404,59.00872583207456,58.97093408851106,0.7277999652801168,10,6,"{""rwh"":3,""drainage"":1,""restoration"":2}"
nanjing_xianlin,475,24998087,10,base,ourea_robust,327.713673242808,382.4936695216784,388.0633440690108,0.8444850003264659,10,10,"{""rwh"":10}"
nanjing_xianlin,475,24998087,10,base,deterministic_central,295.6069665473933,348.05961700836633,349.69144038768536,0.8453365807858171,10,8,"{""rwh"":7,""drainage"":1}"
nanjing_xianlin,475,24998087,10,base,greedy_opportunity,169.1941017465615,215.23383857257977,216.75060585429674,0.7805934432326178,10,10,"{""rwh"":10}"
nanjing_xianlin,475,24998087,10,base,hazard_only,270.34399185665825,317.37537769690243,317.0862611526172,0.8525881596823226,10,6,"{""rwh"":4,""drainage"":2}"
nanjing_xianlin,475,24998087,10,base,random_feasible,44.73520771476433,59.00872583207456,58.73372561722499,0.761661332473769,10,6,"{""rwh"":3,""drainage"":1,""restoration"":2}"
nanjing_xianlin,476,25008060,10,base,ourea_robust,326.18023019202883,382.4936695216784,377.05637175431184,0.8650701980566617,10,10,"{""rwh"":10}"
nanjing_xianlin,476,25008060,10,base,deterministic_central,292.7868786927156,348.05961700836633,343.29875755911416,0.8528632051407856,10,8,"{""rwh"":7,""drainage"":1}"
nanjing_xianlin,476,25008060,10,base,greedy_opportunity,180.76971808513736,215.23383857257977,215.54075131086938,0.8386800035990291,10,10,"{""rwh"":10}"
nanjing_xianlin,476,25008060,10,base,hazard_only,260.9573155240323,317.37537769690243,316.8177754623266,0.8236826836601004,10,6,"{""rwh"":4,""drainage"":2}"
nanjing_xianlin,476,25008060,10,base,random_feasible,42.51868236746668,59.00872583207456,58.44756967672038,0.7274670718156796,10,6,"{""rwh"":3,""drainage"":1,""restoration"":2}"
nanjing_xianlin,477,25018033,10,base,ourea_robust,334.4400076091697,382.4936695216784,392.01683053562374,0.853126655690305,10,10,"{""rwh"":10}"
nanjing_xianlin,477,25018033,10,base,deterministic_central,296.00649695925495,348.05961700836633,354.8025252192165,0.8342852035124775,10,8,"{""rwh"":7,""drainage"":1}"
nanjing_xianlin,477,25018033,10,base,greedy_opportunity,172.75979619723694,215.23383857257977,215.65524815907884,0.8010924736216022,10,10,"{""rwh"":10}"
nanjing_xianlin,477,25018033,10,base,hazard_only,259.3266749749346,317.37537769690243,319.3415486193844,0.8120668171620219,10,6,"{""rwh"":4,""drainage"":2}"
nanjing_xianlin,477,25018033,10,base,random_feasible,43.04437147319004,59.00872583207456,59.00926984549733,0.7294510097463021,10,6,"{""rwh"":3,""drainage"":1,""restoration"":2}"
nanjing_xianlin,478,25028006,10,base,ourea_robust,324.84074660254373,382.4936695216784,379.9480088287073,0.8549610448122977,10,10,"{""rwh"":10}"
nanjing_xianlin,478,25028006,10,base,deterministic_central,282.8346876060659,348.05961700836633,343.11171796953204,0.8243224372511269,10,8,"{""rwh"":7,""drainage"":1}"
nanjing_xianlin,478,25028006,10,base,greedy_opportunity,178.15622526552397,215.23383857257977,218.09431942044102,0.8168769628615379,10,10,"{""rwh"":10}"
nanjing_xianlin,478,25028006,10,base,hazard_only,264.44247010728577,317.37537769690243,317.2059514555913,0.833661754748973,10,6,"{""rwh"":4,""drainage"":2}"
nanjing_xianlin,478,25028006,10,base,random_feasible,43.68969417125663,59.00872583207456,58.39437811000607,0.7481832256001072,10,6,"{""rwh"":3,""drainage"":1,""restoration"":2}"
nanjing_xianlin,479,25037979,10,base,ourea_robust,333.0407816353945,382.4936695216784,387.6784856919894,0.8590643895054715,10,10,"{""rwh"":10}"
nanjing_xianlin,479,25037979,10,base,deterministic_central,293.2715513044859,348.05961700836633,348.5062522670214,0.8415101576995085,10,8,"{""rwh"":7,""drainage"":1}"
nanjing_xianlin,479,25037979,10,base,greedy_opportunity,172.70819734387806,215.23383857257977,214.8816433259817,0.8037363949319518,10,10,"{""rwh"":10}"
nanjing_xianlin,479,25037979,10,base,hazard_only,266.2474067490821,317.37537769690243,319.44186957991406,0.8334768610614945,10,6,"{""rwh"":4,""drainage"":2}"
nanjing_xianlin,479,25037979,10,base,random_feasible,43.71229646794927,59.00872583207456,58.531167562945484,0.7468208526840042,10,6,"{""rwh"":3,""drainage"":1,""restoration"":2}"
nanjing_xianlin,480,25047952,10,base,ourea_robust,326.40254797252237,382.4936695216784,379.3497417370181,0.8604264404608424,10,10,"{""rwh"":10}"
nanjing_xianlin,480,25047952,10,base,deterministic_central,282.7056045737154,348.05961700836633,340.30660027641534,0.8307379414448226,10,8,"{""rwh"":7,""drainage"":1}"
nanjing_xianlin,480,25047952,10,base,greedy_opportunity,180.50759364355144,215.23383857257977,218.5859643654694,0.8257968171357424,10,10,"{""rwh"":10}"
nanjing_xianlin,480,25047952,10,base,hazard_only,258.8043496244918,317.37537769690243,316.1358390284131,0.8186491933969924,10,6,"{""rwh"":4,""drainage"":2}"
nanjing_xianlin,480,25047952,10,base,random_feasible,44.8459702611035,59.00872583207456,58.94924437645568,0.7607556421709618,10,6,"{""rwh"":3,""drainage"":1,""restoration"":2}"
nanjing_xianlin,481,25057925,10,base,ourea_robust,330.55957246155776,382.4936695216784,392.2418667764832,0.8427442363003164,10,10,"{""rwh"":10}"
nanjing_xianlin,481,25057925,10,base,deterministic_central,298.0533940333753,348.05961700836633,357.03948178062274,0.834791134434005,10,8,"{""rwh"":7,""drainage"":1}"
nanjing_xianlin,481,25057925,10,base,greedy_opportunity,175.14953082412467,215.23383857257977,216.71956195570965,0.8081851460179652,10,10,"{""rwh"":10}"
nanjing_xianlin,481,25057925,10,base,hazard_only,260.4548246503109,317.37537769690243,322.1208055185416,0.8085625646907146,10,6,"{""rwh"":4,""drainage"":2}"
nanjing_xianlin,481,25057925,10,base,random_feasible,44.34210769000492,59.00872583207456,59.38673768343324,0.7466668387540468,10,6,"{""rwh"":3,""drainage"":1,""restoration"":2}"
nanjing_xianlin,482,25067898,10,base,ourea_robust,326.2179877993585,382.4936695216784,377.72445440401134,0.8636401058916829,10,10,"{""rwh"":10}"
nanjing_xianlin,482,25067898,10,base,deterministic_central,284.9959031922899,348.05961700836633,340.43723619638695,0.8371466834135771,10,8,"{""rwh"":7,""drainage"":1}"
nanjing_xianlin,482,25067898,10,base,greedy_opportunity,182.40028240518768,215.23383857257977,217.21513903136656,0.8397217763852477,10,10,"{""rwh"":10}"
nanjing_xianlin,482,25067898,10,base,hazard_only,264.71501659988644,317.37537769690243,317.9297077457959,0.8326212057274691,10,6,"{""rwh"":4,""drainage"":2}"
nanjing_xianlin,482,25067898,10,base,random_feasible,44.484544933797224,59.00872583207456,59.05802069147103,0.7532346057818619,10,6,"{""rwh"":3,""drainage"":1,""restoration"":2}"
nanjing_xianlin,483,25077871,10,base,ourea_robust,333.61678703095276,382.4936695216784,392.0297077354917,0.8509987392487331,10,10,"{""rwh"":10}"
nanjing_xianlin,483,25077871,10,base,deterministic_central,296.6827776920636,348.05961700836633,349.5152859889131,0.8488406361187723,10,8,"{""rwh"":7,""drainage"":1}"
nanjing_xianlin,483,25077871,10,base,greedy_opportunity,174.26322638087186,215.23383857257977,213.3837665248575,0.8166658093017193,10,10,"{""rwh"":10}"
nanjing_xianlin,483,25077871,10,base,hazard_only,267.576385100876,317.37537769690243,316.35337945240644,0.845814846561901,10,6,"{""rwh"":4,""drainage"":2}"
nanjing_xianlin,483,25077871,10,base,random_feasible,45.66924967675186,59.00872583207456,58.03751855752125,0.7868918384491035,10,6,"{""rwh"":3,""drainage"":1,""restoration"":2}"
nanjing_xianlin,484,25087844,10,base,ourea_robust,323.3399560043799,382.4936695216784,380.27855980541244,0.8502713278651106,10,10,"{""rwh"":10}"
nanjing_xianlin,484,25087844,10,base,deterministic_central,285.88618573827443,348.05961700836633,340.6152249355546,0.8393229803288005,10,8,"{""rwh"":7,""drainage"":1}"
nanjing_xianlin,484,25087844,10,base,greedy_opportunity,182.2505683996078,215.23383857257977,218.36610202927113,0.8346101647918678,10,10,"{""rwh"":10}"
nanjing_xianlin,484,25087844,10,base,hazard_only,262.96641175167315,317.37537769690243,317.63605002758413,0.8278859144887258,10,6,"{""rwh"":4,""drainage"":2}"
nanjing_xianlin,484,25087844,10,base,random_feasible,43.775893716583596,59.00872583207456,58.44719632505985,0.7489819267483704,10,6,"{""rwh"":3,""drainage"":1,""restoration"":2}"
nanjing_xianlin,485,25097817,10,base,ourea_robust,330.99723264308705,382.4936695216784,387.7556701992489,0.8536231913075663,10,10,"{""rwh"":10}"
nanjing_xianlin,485,25097817,10,base,deterministic_central,295.9996645310657,348.05961700836633,354.9894198898619,0.8338267225623283,10,8,"{""rwh"":7,""drainage"":1}"
nanjing_xianlin,485,25097817,10,base,greedy_opportunity,174.3328633935489,215.23383857257977,213.7180714813403,0.8157141891895178,10,10,"{""rwh"":10}"
nanjing_xianlin,485,25097817,10,base,hazard_only,259.2531655317034,317.37537769690243,317.0441037036144,0.8177195617366337,10,6,"{""rwh"":4,""drainage"":2}"
nanjing_xianlin,485,25097817,10,base,random_feasible,43.0291940082443,59.00872583207456,58.582714463258526,0.7345032472886014,10,6,"{""rwh"":3,""drainage"":1,""restoration"":2}"
nanjing_xianlin,486,25107790,10,base,ourea_robust,320.52120924056726,382.4936695216784,378.7011384750658,0.8463698063629423,10,10,"{""rwh"":10}"
nanjing_xianlin,486,25107790,10,base,deterministic_central,283.53414327214887,348.05961700836633,341.9405542118693,0.8291913310068179,10,8,"{""rwh"":7,""drainage"":1}"
nanjing_xianlin,486,25107790,10,base,greedy_opportunity,183.03032983149205,215.23383857257977,217.07513146435667,0.8431658135908824,10,10,"{""rwh"":10}"
nanjing_xianlin,486,25107790,10,base,hazard_only,259.611277567883,317.37537769690243,315.10730045648233,0.8238821417079051,10,6,"{""rwh"":4,""drainage"":2}"
nanjing_xianlin,486,25107790,10,base,random_feasible,44.649198120276196,59.00872583207456,57.28739113578558,0.7793896219579335,10,6,"{""rwh"":3,""drainage"":1,""restoration"":2}"
nanjing_xianlin,487,25117763,10,base,ourea_robust,334.8767544388611,382.4936695216784,388.0800955952127,0.8629062872324031,10,10,"{""rwh"":10}"
nanjing_xianlin,487,25117763,10,base,deterministic_central,297.8009192849822,348.05961700836633,352.88247118255276,0.8439096401898756,10,8,"{""rwh"":7,""drainage"":1}"
nanjing_xianlin,487,25117763,10,base,greedy_opportunity,172.06499360593625,215.23383857257977,214.64892547792806,0.8016112506634904,10,10,"{""rwh"":10}"
nanjing_xianlin,487,25117763,10,base,hazard_only,270.7459920474121,317.37537769690243,318.5488606218787,0.8499355217245331,10,6,"{""rwh"":4,""drainage"":2}"
nanjing_xianlin,487,25117763,10,base,random_feasible,43.57063004020711,59.00872583207456,58.045355912709056,0.7506307671836895,10,6,"{""rwh"":3,""drainage"":1,""restoration"":2}"
nanjing_xianlin,488,25127736,10,base,ourea_robust,323.3924963984973,382.4936695216784,379.083830042322,0.8530896618892788,10,10,"{""rwh"":10}"
nanjing_xianlin,488,25127736,10,base,deterministic_central,281.6830805070076,348.05961700836633,344.2957762135902,0.8181427132357858,10,8,"{""rwh"":7,""drainage"":1}"
nanjing_xianlin,488,25127736,10,base,greedy_opportunity,181.55066078683558,215.23383857257977,218.68076009665856,0.8302086599049171,10,10,"{""rwh"":10}"
nanjing_xianlin,488,25127736,10,base,hazard_only,262.38157802058777,317.37537769690243,316.7926719146453,0.8282438366859769,10,6,"{""rwh"":4,""drainage"":2}"
nanjing_xianlin,488,25127736,10,base,random_feasible,44.92194266988372,59.00872583207456,59.52459507219828,0.754678677198849,10,6,"{""rwh"":3,""drainage"":1,""restoration"":2}"
nanjing_xianlin,489,25137709,10,base,ourea_robust,326.5224449731795,382.4936695216784,386.9913973766852,0.8437460036233128,10,10,"{""rwh"":10}"
nanjing_xianlin,489,25137709,10,base,deterministic_central,299.4595023562033,348.05961700836633,355.3125745993748,0.842805810331516,10,8,"{""rwh"":7,""drainage"":1}"
nanjing_xianlin,489,25137709,10,base,greedy_opportunity,172.1303434527199,215.23383857257977,214.77091912327887,0.801460198407573,10,10,"{""rwh"":10}"
nanjing_xianlin,489,25137709,10,base,hazard_only,262.9034695856317,317.37537769690243,316.7460436717338,0.8300134282280004,10,6,"{""rwh"":4,""drainage"":2}"
nanjing_xianlin,489,25137709,10,base,random_feasible,46.06474199103468,59.00872583207456,60.11541382789619,0.7662717272963131,10,6,"{""rwh"":3,""drainage"":1,""restoration"":2}"
nanjing_xianlin,490,25147682,10,base,ourea_robust,323.68045603923565,382.4936695216784,379.116099220646,0.8537766048570078,10,10,"{""rwh"":10}"
nanjing_xianlin,490,25147682,10,base,deterministic_central,285.9880819113914,348.05961700836633,341.1769475425426,0.838239757906652,10,8,"{""rwh"":7,""drainage"":1}"
nanjing_xianlin,490,25147682,10,base,greedy_opportunity,178.59966959018857,215.23383857257977,219.7036925966022,0.8129115513689399,10,10,"{""rwh"":10}"
nanjing_xianlin,490,25147682,10,base,hazard_only,260.20200722193294,317.37537769690243,315.7735579003438,0.8240145531883043,10,6,"{""rwh"":4,""drainage"":2}"
nanjing_xianlin,490,25147682,10,base,random_feasible,44.8271188406361,59.00872583207456,60.494220795779256,0.7410148978026632,10,6,"{""rwh"":3,""drainage"":1,""restoration"":2}"
nanjing_xianlin,491,25157655,10,base,ourea_robust,329.0685668472979,382.4936695216784,389.0128102873987,0.8459067623099235,10,10,"{""rwh"":10}"
nanjing_xianlin,491,25157655,10,base,deterministic_central,304.6769712369187,348.05961700836633,350.8833317870958,0.868314176353599,10,8,"{""rwh"":7,""drainage"":1}"
nanjing_xianlin,491,25157655,10,base,greedy_opportunity,175.1555483963839,215.23383857257977,212.48657751735664,0.8243134716689414,10,10,"{""rwh"":10}"
nanjing_xianlin,491,25157655,10,base,hazard_only,266.7252019775533,317.37537769690243,315.2136492075424,0.8461727550444257,10,6,"{""rwh"":4,""drainage"":2}"
nanjing_xianlin,491,25157655,10,base,random_feasible,45.33413891525561,59.00872583207456,58.63368504498794,0.7731756733432672,10,6,"{""rwh"":3,""drainage"":1,""restoration"":2}"
nanjing_xianlin,492,25167628,10,base,ourea_robust,320.55303604910296,382.4936695216784,378.99959761280843,0.8457872727785444,10,10,"{""rwh"":10}"
nanjing_xianlin,492,25167628,10,base,deterministic_central,278.9814022595947,348.05961700836633,341.1284044034164,0.8178193274391568,10,8,"{""rwh"":7,""drainage"":1}"
nanjing_xianlin,492,25167628,10,base,greedy_opportunity,177.9487763029647,215.23383857257977,217.4839226478016,0.8182157749248389,10,10,"{""rwh"":10}"
nanjing_xianlin,492,25167628,10,base,hazard_only,265.5618588676807,317.37537769690243,319.8791995931624,0.830194208330629,10,6,"{""rwh"":4,""drainage"":2}"
nanjing_xianlin,492,25167628,10,base,random_feasible,45.136695486573444,59.00872583207456,58.7537031323227,0.7682357550283838,10,6,"{""rwh"":3,""drainage"":1,""restoration"":2}"
nanjing_xianlin,493,25177601,10,base,ourea_robust,323.55358573738704,382.4936695216784,388.3935666205289,0.8330559863611431,10,10,"{""rwh"":10}"
nanjing_xianlin,493,25177601,10,base,deterministic_central,297.8430519436679,348.05961700836633,355.4979076304662,0.8378194232672403,10,8,"{""rwh"":7,""drainage"":1}"
nanjing_xianlin,493,25177601,10,base,greedy_opportunity,171.50242094843998,215.23383857257977,211.7566244409427,0.809903451196497,10,10,"{""rwh"":10}"
nanjing_xianlin,493,25177601,10,base,hazard_only,259.6537729990596,317.37537769690243,320.91119385799357,0.8091141037416071,10,6,"{""rwh"":4,""drainage"":2}"
nanjing_xianlin,493,25177601,10,base,random_feasible,44.7886075994229,59.00872583207456,59.034155921443016,0.7586897263174777,10,6,"{""rwh"":3,""drainage"":1,""restoration"":2}"
nanjing_xianlin,494,25187574,10,base,ourea_robust,327.4872967975334,382.4936695216784,377.40528191608973,0.8677337400655277,10,10,"{""rwh"":10}"
nanjing_xianlin,494,25187574,10,base,deterministic_central,285.3983350304334,348.05961700836633,340.89744657656047,0.8371970453182529,10,8,"{""rwh"":7,""drainage"":1}"
nanjing_xianlin,494,25187574,10,base,greedy_opportunity,182.4796008186313,215.23383857257977,217.8735267907814,0.8375482946758465,10,10,"{""rwh"":10}"
nanjing_xianlin,494,25187574,10,base,hazard_only,259.35486460784705,317.37537769690243,312.36096056135284,0.8303049911927309,10,6,"{""rwh"":4,""drainage"":2}"
nanjing_xianlin,494,25187574,10,base,random_feasible,44.26276629109452,59.00872583207456,58.69251630225699,0.7541466796746014,10,6,"{""rwh"":3,""drainage"":1,""restoration"":2}"
nanjing_xianlin,495,25197547,10,base,ourea_robust,323.20853593755055,382.4936695216784,383.76583382271383,0.8422024772712347,10,10,"{""rwh"":10}"
nanjing_xianlin,495,25197547,10,base,deterministic_central,291.9633335328035,348.05961700836633,350.2781711336829,0.8335184935671494,10,8,"{""rwh"":7,""drainage"":1}"
nanjing_xianlin,495,25197547,10,base,greedy_opportunity,167.25664897342722,215.23383857257977,209.38506300432164,0.7987993344586146,10,10,"{""rwh"":10}"
nanjing_xianlin,495,25197547,10,base,hazard_only,259.89268112744685,317.37537769690243,312.5364862694114,0.8315594899963623,10,6,"{""rwh"":4,""drainage"":2}"
nanjing_xianlin,495,25197547,10,base,random_feasible,43.17497793803159,59.00872583207456,58.276243477075695,0.7408675536029611,10,6,"{""rwh"":3,""drainage"":1,""restoration"":2}"
nanjing_xianlin,496,25207520,10,base,ourea_robust,322.41523932770906,382.4936695216784,378.41844062372365,0.8520072087298177,10,10,"{""rwh"":10}"
nanjing_xianlin,496,25207520,10,base,deterministic_central,288.3910186952817,348.05961700836633,341.47402236719427,0.8445474613151354,10,8,"{""rwh"":7,""drainage"":1}"
nanjing_xianlin,496,25207520,10,base,greedy_opportunity,180.17966431807508,215.23383857257977,216.96727918687975,0.8304462543537797,10,10,"{""rwh"":10}"
nanjing_xianlin,496,25207520,10,base,hazard_only,256.2262870409468,317.37537769690243,321.04221545341716,0.7981077712134245,10,6,"{""rwh"":4,""drainage"":2}"
nanjing_xianlin,496,25207520,10,base,random_feasible,46.07443132601293,59.00872583207456,59.97164123727089,0.7682703086901482,10,6,"{""rwh"":3,""drainage"":1,""restoration"":2}"
nanjing_xianlin,497,25217493,10,base,ourea_robust,323.689694805822,382.4936695216784,382.719267208211,0.8457627366581596,10,10,"{""rwh"":10}"
nanjing_xianlin,497,25217493,10,base,deterministic_central,297.298141029185,348.05961700836633,353.9213411777364,0.8400119078433428,10,8,"{""rwh"":7,""drainage"":1}"
nanjing_xianlin,497,25217493,10,base,greedy_opportunity,170.60582440088183,215.23383857257977,206.7634130704664,0.8251257892649421,10,10,"{""rwh"":10}"
nanjing_xianlin,497,25217493,10,base,hazard_only,258.711448698652,317.37537769690243,316.2695076709024,0.8180094584643202,10,6,"{""rwh"":4,""drainage"":2}"
nanjing_xianlin,497,25217493,10,base,random_feasible,45.18298040575064,59.00872583207456,60.038832829870444,0.7525626045027188,10,6,"{""rwh"":3,""drainage"":1,""restoration"":2}"
nanjing_xianlin,498,25227466,10,base,ourea_robust,323.8022971357259,382.4936695216784,377.45432613043886,0.8578582220934139,10,10,"{""rwh"":10}"
nanjing_xianlin,498,25227466,10,base,deterministic_central,288.89870988164694,348.05961700836633,345.80289412763887,0.8354432967094021,10,8,"{""rwh"":7,""drainage"":1}"
nanjing_xianlin,498,25227466,10,base,greedy_opportunity,177.91567326397308,215.23383857257977,219.5322195759345,0.8104308042238575,10,10,"{""rwh"":10}"
nanjing_xianlin,498,25227466,10,base,hazard_only,258.37984803022846,317.37537769690243,317.9915903223591,0.8125367333403372,10,6,"{""rwh"":4,""drainage"":2}"
nanjing_xianlin,498,25227466,10,base,random_feasible,45.00912526813954,59.00872583207456,60.485186674861325,0.7441346839199903,10,6,"{""rwh"":3,""drainage"":1,""restoration"":2}"
nanjing_xianlin,499,25237439,10,base,ourea_robust,319.5528163375493,382.4936695216784,382.5731248743741,0.8352725153981507,10,10,"{""rwh"":10}"
nanjing_xianlin,499,25237439,10,base,deterministic_central,297.15305175836875,348.05961700836633,348.18470118925325,0.8534351186120994,10,8,"{""rwh"":7,""drainage"":1}"
nanjing_xianlin,499,25237439,10,base,greedy_opportunity,168.71707973412595,215.23383857257977,208.14274815202953,0.8105835117104023,10,10,"{""rwh"":10}"
nanjing_xianlin,499,25237439,10,base,hazard_only,258.83620264306774,317.37537769690243,308.0314286423127,0.8402915370808781,10,6,"{""rwh"":4,""drainage"":2}"
nanjing_xianlin,499,25237439,10,base,random_feasible,45.481381177174626,59.00872583207456,58.07155644321574,0.7831954912668443,10,6,"{""rwh"":3,""drainage"":1,""restoration"":2}"
