{
  "type": "FeatureCollection",
  "features": [
    {
      "type": "Feature",
      "geometry": {
        "type": "LineString",
        "coordinates": [
          [
            118.8924574,
            32.0765746
          ],
          [
            118.892553,
            32.0765474
          ],
          [
            118.8925812,
            32.0765156
          ],
          [
            118.8925934,
            32.0764712
          ],
          [
            118.8926223,
            32.0762779
          ],
          [
            118.8926256,
            32.0760029
          ],
          [
            118.892613,
            32.0757496
          ],
          [
            118.8925799,
            32.0754644
          ],
          [
            118.8925163,
            32.0751836
          ],
          [
            118.8924552,
            32.0749416
          ],
          [
            118.8923528,
            32.07467
          ],
          [
            118.8922419,
            32.0743565
          ],
          [
            118.8922495,
            32.0743018
          ],
          [
            118.8923703,
            32.0741825
          ],
          [
            118.8924229,
            32.0741531
          ],
          [
            118.8924963,
            32.0741507
          ],
          [
            118.8928329,
            32.0741529
          ],
          [
            118.8928963,
            32.0741281
          ],
          [
            118.8929375,
            32.0740745
          ],
          [
            118.8930139,
            32.0738188
          ],
          [
            118.8931762,
            32.0732551
          ],
          [
            118.8933157,
            32.0728029
          ],
          [
            118.8933654,
            32.0726824
          ],
          [
            118.8934431,
            32.07257
          ],
          [
            118.8935732,
            32.0724301
          ],
          [
            118.8937824,
            32.0722608
          ],
          [
            118.8941606,
            32.0719926
          ],
          [
            118.8944181,
            32.0718108
          ],
          [
            118.8945361,
            32.0717199
          ],
          [
            118.8950994,
            32.0713199
          ],
          [
            118.8958839,
            32.0707573
          ],
          [
            118.8964794,
            32.0703334
          ],
          [
            118.8973471,
            32.0697197
          ],
          [
            118.8980605,
            32.0692061
          ],
          [
            118.8988183,
            32.0686855
          ],
          [
            118.8989778,
            32.0685651
          ],
          [
            118.8993641,
            32.0682832
          ],
          [
            118.8996752,
            32.0680559
          ],
          [
            118.8998599,
            32.0679207
          ]
        ]
      },
      "properties": {
        "kind": "water",
        "name": "百水河",
        "natural": null,
        "waterway": "river",
        "source": "OpenStreetMap",
        "osm_id": "163949091"
      }
    },
    {
      "type": "Feature",
      "geometry": {
        "type": "LineString",
        "coordinates": [
          [
            118.8942891,
            32.0825052
          ],
          [
            118.8943789,
            32.0823565
          ],
          [
            118.8948783,
            32.0815589
          ],
          [
            118.8953793,
            32.0807816
          ],
          [
            118.8957978,
            32.0801203
          ],
          [
            118.8964999,
            32.0790357
          ],
          [
            118.8967392,
            32.0786385
          ],
          [
            118.8970477,
            32.0781771
          ],
          [
            118.8972505,
            32.0777294
          ],
          [
            118.8974007,
            32.0775203
          ],
          [
            118.897619,
            32.0772112
          ],
          [
            118.8978121,
            32.0769112
          ],
          [
            118.898016,
            32.0766203
          ],
          [
            118.8981447,
            32.0762658
          ],
          [
            118.8983663,
            32.0756612
          ],
          [
            118.8984414,
            32.0755976
          ],
          [
            118.8985111,
            32.0755816
          ],
          [
            118.8987203,
            32.0756203
          ],
          [
            118.8990905,
            32.0757044
          ],
          [
            118.899407,
            32.0757612
          ],
          [
            118.8994959,
            32.0757588
          ],
          [
            118.8995609,
            32.0756999
          ],
          [
            118.8996859,
            32.0753294
          ],
          [
            118.8997755,
            32.074793
          ],
          [
            118.8998495,
            32.0743634
          ],
          [
            118.8999434,
            32.0739293
          ],
          [
            118.9000131,
            32.0733907
          ],
          [
            118.900035,
            32.0730542
          ],
          [
            118.9000829,
            32.0729475
          ],
          [
            118.9002368,
            32.0728929
          ]
        ]
      },
      "properties": {
        "kind": "water",
        "name": null,
        "natural": null,
        "waterway": "river",
        "source": "OpenStreetMap",
        "osm_id": "582730488"
      }
    },
    {
      "type": "Feature",
      "geometry": {
        "type": "LineString",
        "coordinates": [
          [
            118.8974896,
            32.0848994
          ],
          [
            118.8975231,
            32.0848403
          ],
          [
            118.8975164,
            32.0847949
          ],
          [
            118.8974828,
            32.0847553
          ],
          [
            118.8973527,
            32.0846815
          ],
          [
            118.897157,
            32.0845747
          ],
          [
            118.896768,
            32.0843656
          ],
          [
            118.8964569,
            32.0842134
          ],
          [
            118.896194,
            32.0840724
          ],
          [
            118.8957153,
            32.083801
          ],
          [
            118.8957301,
            32.0837586
          ],
          [
            118.8957676,
            32.0836699
          ],
          [
            118.8960412,
            32.0832177
          ],
          [
            118.896583,
            32.0823518
          ],
          [
            118.8982728,
            32.0795588
          ],
          [
            118.8988709,
            32.0785724
          ],
          [
            118.9005167,
            32.0788072
          ],
          [
            118.9005614,
            32.0786797
          ]
        ]
      },
      "properties": {
        "kind": "water",
        "name": null,
        "natural": null,
        "waterway": "river",
        "source": "OpenStreetMap",
        "osm_id": "582730491"
      }
    },
    {
      "type": "Feature",
      "geometry": {
        "type": "LineString",
        "coordinates": [
          [
            118.8951802,
            32.0833998
          ],
          [
            118.8957153,
            32.083801
          ]
        ]
      },
      "properties": {
        "kind": "water",
        "name": null,
        "natural": null,
        "waterway": "river",
        "source": "OpenStreetMap",
        "osm_id": "839971928"
      }
    },
    {
      "type": "Feature",
      "geometry": {
        "type": "LineString",
        "coordinates": [
          [
            118.8888498,
            32.0857926
          ],
          [
            118.8890751,
            32.0857108
          ],
          [
            118.8895509,
            32.0855654
          ],
          [
            118.8900943,
            32.085429
          ],
          [
            118.8908303,
            32.0852972
          ],
          [
            118.8909591,
            32.0852427
          ],
          [
            118.8910369,
            32.0851495
          ],
          [
            118.8916286,
            32.0841473
          ],
          [
            118.8918314,
            32.0838311
          ],
          [
            118.8920049,
            32.0835447
          ],
          [
            118.892268,
            32.0831734
          ],
          [
            118.8925376,
            32.0828922
          ],
          [
            118.8928698,
            32.0825961
          ],
          [
            118.8932852,
            32.0822663
          ],
          [
            118.8934234,
            32.082195
          ],
          [
            118.8935809,
            32.0821892
          ],
          [
            118.8937257,
            32.082223
          ],
          [
            118.8938807,
            32.0822982
          ],
          [
            118.8942891,
            32.0825052
          ],
          [
            118.8949191,
            32.0829692
          ],
          [
            118.895204,
            32.0831837
          ],
          [
            118.8952325,
            32.083245
          ],
          [
            118.8952237,
            32.0833143
          ],
          [
            118.8951802,
            32.0833998
          ]
        ]
      },
      "properties": {
        "kind": "water",
        "name": null,
        "natural": null,
        "waterway": "river",
        "source": "OpenStreetMap",
        "osm_id": "839971929"
      }
    },
    {
      "type": "Feature",
      "geometry": {
        "type": "Polygon",
        "coordinates": [
          [
            [
              118.8810953,
              32.0914764
            ],
            [
              118.88111,
              32.0914969
            ],
            [
              118.8812086,
              32.0915349
            ],
            [
              118.8813018,
              32.0915582
            ],
            [
              118.8813588,
              32.091569
            ],
            [
              118.8814661,
              32.0915719
            ],
            [
              118.8815606,
              32.0915639
            ],
            [
              118.8816934,
              32.0915219
            ],
            [
              118.8817987,
              32.0914588
            ],
            [
              118.8819013,
              32.0913588
            ],
            [
              118.8820066,
              32.0912384
            ],
            [
              118.8820683,
              32.0910958
            ],
            [
              118.8820857,
              32.0909827
            ],
            [
              118.8820756,
              32.0908685
            ],
            [
              118.8820327,
              32.0907413
            ],
            [
              118.8819335,
              32.0906419
            ],
            [
              118.8818074,
              32.0905414
            ],
            [
              118.881688,
              32.0904936
            ],
            [
              118.8815164,
              32.0905039
            ],
            [
              118.8813924,
              32.0905499
            ],
            [
              118.8812998,
              32.090589
            ],
            [
              118.88122,
              32.0906169
            ],
            [
              118.8811804,
              32.090655
            ],
            [
              118.8811321,
              32.09073
            ],
            [
              118.8811341,
              32.0907805
            ],
            [
              118.8812019,
              32.0908237
            ],
            [
              118.8811442,
              32.0909117
            ],
            [
              118.881104,
              32.0910032
            ],
            [
              118.8810088,
              32.0909873
            ],
            [
              118.8809303,
              32.0911077
            ],
            [
              118.8809551,
              32.0911549
            ],
            [
              118.8810724,
              32.0913048
            ],
            [
              118.8810953,
              32.0914764
            ]
          ]
        ]
      },
      "properties": {
        "kind": "water",
        "name": null,
        "natural": "water",
        "waterway": null,
        "source": "OpenStreetMap",
        "osm_id": "1002238835"
      }
    },
    {
      "type": "Feature",
      "geometry": {
        "type": "LineString",
        "coordinates": [
          [
            118.8854183,
            32.0923064
          ],
          [
            118.8854505,
            32.0921394
          ],
          [
            118.8854492,
            32.0918213
          ],
          [
            118.8855135,
            32.0916486
          ],
          [
            118.8855632,
            32.0914304
          ],
          [
            118.8855296,
            32.0912873
          ],
          [
            118.8855323,
            32.0910702
          ],
          [
            118.8855766,
            32.0908316
          ],
          [
            118.8855685,
            32.0906146
          ],
          [
            118.8855524,
            32.0904533
          ],
          [
            118.8856007,
            32.0902033
          ],
          [
            118.8856517,
            32.0900022
          ]
        ]
      },
      "properties": {
        "kind": "water",
        "name": null,
        "natural": null,
        "waterway": "river",
        "source": "OpenStreetMap",
        "osm_id": "1002238836"
      }
    },
    {
      "type": "Feature",
      "geometry": {
        "type": "Polygon",
        "coordinates": [
          [
            [
              118.8892767,
              32.0728235
            ],
            [
              118.889502,
              32.0727383
            ],
            [
              118.8895033,
              32.0727019
            ],
            [
              118.8895731,
              32.0726746
            ],
            [
              118.8897206,
              32.0725485
            ],
            [
              118.8897729,
              32.0725973
            ],
            [
              118.8898359,
              32.0725769
            ],
            [
              118.8898681,
              32.072628
            ],
            [
              118.8900331,
              32.0725655
            ],
            [
              118.8900049,
              32.0724701
            ],
            [
              118.8900988,
              32.0724417
            ],
            [
              118.890658,
              32.0734951
            ],
            [
              118.8907063,
              32.073636
            ],
            [
              118.890709,
              32.0737497
            ],
            [
              118.8906741,
              32.0738531
            ],
            [
              118.8905548,
              32.0740281
            ],
            [
              118.890367,
              32.0743099
            ],
            [
              118.8903777,
              32.0743895
            ],
            [
              118.8904059,
              32.074436
            ],
            [
              118.890599,
              32.0745633
            ],
            [
              118.8906057,
              32.074602
            ],
            [
              118.8900036,
              32.0753997
            ],
            [
              118.8900948,
              32.0754202
            ],
            [
              118.8901511,
              32.0754497
            ],
            [
              118.8901913,
              32.0754883
            ],
            [
              118.8903764,
              32.0752202
            ],
            [
              118.8904072,
              32.0752292
            ],
            [
              118.8904495,
              32.0751736
            ],
            [
              118.8909826,
              32.0754486
            ],
            [
              118.8909598,
              32.0754883
            ],
            [
              118.891051,
              32.0755315
            ],
            [
              118.8911381,
              32.0753168
            ],
            [
              118.8911931,
              32.0752861
            ],
            [
              118.8914265,
              32.075194
            ],
            [
              118.8914452,
              32.0751497
            ],
            [
              118.8914037,
              32.0750258
            ],
            [
              118.8913567,
              32.074927
            ],
            [
              118.8912763,
              32.0748531
            ],
            [
              118.8912468,
              32.0747667
            ],
            [
              118.8912722,
              32.0746929
            ],
            [
              118.8912803,
              32.0745963
            ],
            [
              118.8896576,
              32.0712995
            ],
            [
              118.8894832,
              32.0714086
            ],
            [
              118.8894242,
              32.0714996
            ],
            [
              118.889333,
              32.0715768
            ],
            [
              118.8892311,
              32.0716268
            ],
            [
              118.8891292,
              32.0716223
            ],
            [
              118.8890782,
              32.0716609
            ],
            [
              118.8890152,
              32.0716848
            ],
            [
              118.8889092,
              32.0716871
            ],
            [
              118.8889186,
              32.0717155
            ],
            [
              118.8889427,
              32.0717075
            ],
            [
              118.8889736,
              32.0717723
            ],
            [
              118.8889977,
              32.0717666
            ],
            [
              118.8890353,
              32.0718393
            ],
            [
              118.8889347,
              32.071878
            ],
            [
              118.8889655,
              32.0719371
            ],
            [
              118.8889857,
              32.0719314
            ],
            [
              118.8890219,
              32.0719996
            ],
            [
              118.8889039,
              32.0720484
            ],
            [
              118.8889401,
              32.0721189
            ],
            [
              118.8890044,
              32.0720962
            ],
            [
              118.8891627,
              32.0723962
            ],
            [
              118.8890903,
              32.0724235
            ],
            [
              118.8892767,
              32.0728235
            ]
          ]
        ]
      },
      "properties": {
        "kind": "water",
        "name": null,
        "natural": "water",
        "waterway": null,
        "source": "OpenStreetMap",
        "osm_id": "1021396149"
      }
    },
    {
      "type": "Feature",
      "geometry": {
        "type": "LineString",
        "coordinates": [
          [
            118.9005614,
            32.0786797
          ],
          [
            118.9006653,
            32.0782474
          ]
        ]
      },
      "properties": {
        "kind": "water",
        "name": null,
        "natural": null,
        "waterway": "river",
        "source": "OpenStreetMap",
        "osm_id": "1021396203"
      }
    },
    {
      "type": "Feature",
      "geometry": {
        "type": "LineString",
        "coordinates": [
          [
            118.9006653,
            32.0782474
          ],
          [
            118.9006627,
            32.0781315
          ],
          [
            118.9006224,
            32.0781043
          ],
          [
            118.899276,
            32.0778929
          ],
          [
            118.8992625,
            32.0778588
          ],
          [
            118.8996568,
            32.077152
          ],
          [
            118.8998499,
            32.0767293
          ],
          [
            118.9000994,
            32.0760815
          ],
          [
            118.9003327,
            32.075377
          ],
          [
            118.9005017,
            32.0747497
          ],
          [
            118.9006761,
            32.0738838
          ],
          [
            118.9008446,
            32.0728566
          ]
        ]
      },
      "properties": {
        "kind": "water",
        "name": null,
        "natural": null,
        "waterway": "river",
        "source": "OpenStreetMap",
        "osm_id": "1021396204"
      }
    },
    {
      "type": "Feature",
      "geometry": {
        "type": "LineString",
        "coordinates": [
          [
            118.8918566,
            32.0769882
          ],
          [
            118.8924574,
            32.0765746
          ]
        ]
      },
      "properties": {
        "kind": "water",
        "name": "百水河",
        "natural": null,
        "waterway": "river",
        "source": "OpenStreetMap",
        "osm_id": "1021396205"
      }
    },
    {
      "type": "Feature",
      "geometry": {
        "type": "LineString",
        "coordinates": [
          [
            118.891511,
            32.0775134
          ],
          [
            118.8915914,
            32.0774656
          ],
          [
            118.8916317,
            32.0774088
          ],
          [
            118.891688,
            32.0770793
          ],
          [
            118.8917443,
            32.0770338
          ],
          [
            118.8918566,
            32.0769882
          ]
        ]
      },
      "properties": {
        "kind": "water",
        "name": "百水河",
        "natural": null,
        "waterway": "river",
        "source": "OpenStreetMap",
        "osm_id": "1021396206"
      }
    },
    {
      "type": "Feature",
      "geometry": {
        "type": "LineString",
        "coordinates": [
          [
            118.8851233,
            32.0875116
          ],
          [
            118.8851662,
            32.0874037
          ],
          [
            118.8852413,
            32.0873105
          ],
          [
            118.8870773,
            32.0868469
          ],
          [
            118.8881287,
            32.0865083
          ],
          [
            118.8888498,
            32.0857926
          ]
        ]
      },
      "properties": {
        "kind": "water",
        "name": null,
        "natural": null,
        "waterway": "river",
        "source": "OpenStreetMap",
        "osm_id": "1021396207"
      }
    },
    {
      "type": "Feature",
      "geometry": {
        "type": "Polygon",
        "coordinates": [
          [
            [
              118.8809296,
              32.0773236
            ],
            [
              118.8808552,
              32.0772969
            ],
            [
              118.8808177,
              32.0772622
            ],
            [
              118.8808063,
              32.0772162
            ],
            [
              118.8808197,
              32.0771662
            ],
            [
              118.8808586,
              32.0771264
            ],
            [
              118.8809196,
              32.077127
            ],
            [
              118.8810054,
              32.0771702
            ],
            [
              118.8810161,
              32.0772071
            ],
            [
              118.8809793,
              32.0773185
            ],
            [
              118.8809625,
              32.0773304
            ],
            [
              118.8809296,
              32.0773236
            ]
          ]
        ]
      },
      "properties": {
        "kind": "water",
        "name": null,
        "natural": "water",
        "waterway": null,
        "source": "OpenStreetMap",
        "osm_id": "1023504328"
      }
    },
    {
      "type": "Feature",
      "geometry": {
        "type": "Polygon",
        "coordinates": [
          [
            [
              118.8877626,
              32.0908441
            ],
            [
              118.8877814,
              32.0908598
            ],
            [
              118.8878048,
              32.0908714
            ],
            [
              118.887828,
              32.0908819
            ],
            [
              118.8878524,
              32.0908873
            ],
            [
              118.8878779,
              32.0908924
            ],
            [
              118.8879041,
              32.090893
            ],
            [
              118.8879312,
              32.0908927
            ],
            [
              118.8879497,
              32.0908833
            ],
            [
              118.8879537,
              32.0908626
            ],
            [
              118.887953,
              32.0908407
            ],
            [
              118.887952,
              32.0908189
            ],
            [
              118.8879466,
              32.0907981
            ],
            [
              118.8879396,
              32.0907785
            ],
            [
              118.8879285,
              32.0907598
            ],
            [
              118.8879155,
              32.0907413
            ],
            [
              118.8879007,
              32.0907254
            ],
            [
              118.8878873,
              32.090724
            ],
            [
              118.8878705,
              32.0907305
            ],
            [
              118.8878551,
              32.0907399
            ],
            [
              118.8878447,
              32.0907461
            ],
            [
              118.8878316,
              32.090753
            ],
            [
              118.8878189,
              32.0907623
            ],
            [
              118.8878095,
              32.0907711
            ],
            [
              118.8877917,
              32.0907879
            ],
            [
              118.8877787,
              32.0908058
            ],
            [
              118.8877679,
              32.0908248
            ],
            [
              118.8877626,
              32.0908441
            ]
          ]
        ]
      },
      "properties": {
        "kind": "water",
        "name": null,
        "natural": "water",
        "waterway": null,
        "source": "OpenStreetMap",
        "osm_id": "1367372697"
      }
    },
    {
      "type": "Feature",
      "geometry": {
        "type": "LineString",
        "coordinates": [
          [
            118.8858515,
            32.0896443
          ],
          [
            118.885138,
            32.0877298
          ],
          [
            118.8851126,
            32.0875753
          ],
          [
            118.8851233,
            32.0875116
          ]
        ]
      },
      "properties": {
        "kind": "water",
        "name": null,
        "natural": null,
        "waterway": "river",
        "source": "OpenStreetMap",
        "osm_id": "1367372703"
      }
    },
    {
      "type": "Feature",
      "geometry": {
        "type": "LineString",
        "coordinates": [
          [
            118.8856517,
            32.0900022
          ],
          [
            118.8858515,
            32.0896443
          ]
        ]
      },
      "properties": {
        "kind": "water",
        "name": null,
        "natural": null,
        "waterway": "river",
        "source": "OpenStreetMap",
        "osm_id": "1367372704"
      }
    },
    {
      "type": "Feature",
      "geometry": {
        "type": "Polygon",
        "coordinates": [
          [
            [
              118.8905346,
              32.0761526
            ],
            [
              118.8905408,
              32.0761695
            ],
            [
              118.8905361,
              32.0761867
            ],
            [
              118.8905219,
              32.0761997
            ],
            [
              118.8905019,
              32.0762049
            ],
            [
              118.8904816,
              32.076201
            ],
            [
              118.8904662,
              32.0761889
            ],
            [
              118.8904601,
              32.076172
            ],
            [
              118.8904648,
              32.0761547
            ],
            [
              118.890479,
              32.0761418
            ],
            [
              118.890499,
              32.0761366
            ],
            [
              118.8905193,
              32.0761405
            ],
            [
              118.8905346,
              32.0761526
            ]
          ]
        ]
      },
      "properties": {
        "kind": "water",
        "name": null,
        "natural": "water",
        "waterway": null,
        "source": "OpenStreetMap",
        "osm_id": "1418024684"
      }
    },
    {
      "type": "Feature",
      "geometry": {
        "type": "Polygon",
        "coordinates": [
          [
            [
              118.8904984,
              32.0760912
            ],
            [
              118.8904765,
              32.0760846
            ],
            [
              118.890459,
              32.0760717
            ],
            [
              118.8904484,
              32.0760541
            ],
            [
              118.8904463,
              32.0760345
            ],
            [
              118.8904528,
              32.0760156
            ],
            [
              118.8904656,
              32.0760013
            ],
            [
              118.8904834,
              32.0759915
            ],
            [
              118.890504,
              32.0759874
            ],
            [
              118.890525,
              32.0759895
            ],
            [
              118.890544,
              32.0759974
            ],
            [
              118.8905574,
              32.0759911
            ],
            [
              118.8905725,
              32.0759889
            ],
            [
              118.8905876,
              32.0759911
            ],
            [
              118.890601,
              32.0759974
            ],
            [
              118.8906101,
              32.0760059
            ],
            [
              118.8906159,
              32.0760162
            ],
            [
              118.8906178,
              32.0760276
            ],
            [
              118.8906122,
              32.0760411
            ],
            [
              118.8906144,
              32.0760554
            ],
            [
              118.8906231,
              32.0760666
            ],
            [
              118.8906366,
              32.0760736
            ],
            [
              118.890637,
              32.0760834
            ],
            [
              118.8906419,
              32.0760923
            ],
            [
              118.8906488,
              32.076098
            ],
            [
              118.8906573,
              32.0761014
            ],
            [
              118.8906637,
              32.0761128
            ],
            [
              118.8906744,
              32.0761216
            ],
            [
              118.8906865,
              32.0761262
            ],
            [
              118.8906996,
              32.0761273
            ],
            [
              118.8907074,
              32.0761367
            ],
            [
              118.8907187,
              32.0761429
            ],
            [
              118.8907314,
              32.0761451
            ],
            [
              118.8907442,
              32.0761432
            ],
            [
              118.8907538,
              32.0761566
            ],
            [
              118.8907559,
              32.0761722
            ],
            [
              118.8907514,
              32.0761853
            ],
            [
              118.8907416,
              32.0761961
            ],
            [
              118.8907278,
              32.0762031
            ],
            [
              118.8907152,
              32.0762002
            ],
            [
              118.8907023,
              32.0761994
            ],
            [
              118.890686,
              32.0762018
            ],
            [
              118.8906711,
              32.0762077
            ],
            [
              118.8906325,
              32.0761855
            ],
            [
              118.8906044,
              32.0762176
            ],
            [
              118.8905953,
              32.0762071
            ],
            [
              118.8905906,
              32.0761969
            ],
            [
              118.8905977,
              32.0761745
            ],
            [
              118.8905964,
              32.0761513
            ],
            [
              118.8905869,
              32.0761295
            ],
            [
              118.8905709,
              32.0761119
            ],
            [
              118.8905496,
              32.076099
            ],
            [
              118.8905247,
              32.0760919
            ],
            [
              118.8904984,
              32.0760912
            ]
          ]
        ]
      },
      "properties": {
        "kind": "water",
        "name": null,
        "natural": "water",
        "waterway": null,
        "source": "OpenStreetMap",
        "osm_id": "1418024685"
      }
    },
    {
      "type": "Feature",
      "geometry": {
        "type": "Polygon",
        "coordinates": [
          [
            [
              118.8833122,
              32.0360519
            ],
            [
              118.8833443,
              32.036132
            ],
            [
              118.8834014,
              32.0362038
            ],
            [
              118.8835283,
              32.0363131
            ],
            [
              118.8838052,
              32.0364911
            ],
            [
              118.8846527,
              32.037095
            ],
            [
              118.8864113,
              32.038389
            ],
            [
              118.8867259,
              32.0386257
            ],
            [
              118.8870317,
              32.038894
            ],
            [
              118.8870746,
              32.0390168
            ],
            [
              118.8871336,
              32.0391396
            ],
            [
              118.8872087,
              32.0392396
            ],
            [
              118.8877505,
              32.0396671
            ],
            [
              118.889633,
              32.040951
            ],
            [
              118.892276,
              32.042915
            ],
            [
              118.893023,
              32.043462
            ],
            [
              118.893478,
              32.043801
            ],
            [
              118.893958,
              32.044135
            ],
            [
              118.895286,
              32.045118
            ],
            [
              118.896121,
              32.045717
            ],
            [
              118.896468,
              32.045979
            ],
            [
              118.896575,
              32.046064
            ],
            [
              118.896629,
              32.046155
            ],
            [
              118.896694,
              32.04635
            ],
            [
              118.896733,
              32.04666
            ],
            [
              118.896739,
              32.046817
            ],
            [
              118.896766,
              32.047075
            ],
            [
              118.896824,
              32.047325
            ],
            [
              118.897015,
              32.047808
            ],
            [
              118.897158,
              32.048234
            ],
            [
              118.897312,
              32.048802
            ],
            [
              118.897484,
              32.04979
            ],
            [
              118.897586,
              32.050382
            ],
            [
              118.897697,
              32.051003
            ],
            [
              118.897786,
              32.051459
            ],
            [
              118.897846,
              32.051823
            ],
            [
              118.897896,
              32.052129
            ],
            [
              118.897888,
              32.052409
            ],
            [
              118.897864,
              32.052674
            ],
            [
              118.897858,
              32.052971
            ],
            [
              118.897879,
              32.053149
            ],
            [
              118.897914,
              32.053379
            ],
            [
              118.89799,
              32.053941
            ],
            [
              118.898066,
              32.054356
            ],
            [
              118.89852,
              32.05701
            ],
            [
              118.89927,
              32.060929
            ],
            [
              118.899921,
              32.064946
            ],
            [
              118.899945,
              32.065116
            ],
            [
              118.899975,
              32.065341
            ],
            [
              118.899993,
              32.065508
            ],
            [
              118.900585,
              32.06808
            ],
            [
              118.901069,
              32.070441
            ],
            [
              118.90119,
              32.070912
            ],
            [
              118.901223,
              32.071276
            ],
            [
              118.90119,
              32.071656
            ],
            [
              118.901084,
              32.07214
            ],
            [
              118.900906,
              32.072715
            ],
            [
              118.900767,
              32.073169
            ],
            [
              118.900691,
              32.073546
            ],
            [
              118.900646,
              32.074015
            ],
            [
              118.90057,
              32.074516
            ],
            [
              118.900435,
              32.07497
            ],
            [
              118.900268,
              32.075332
            ],
            [
              118.900116,
              32.075272
            ],
            [
              118.900329,
              32.074319
            ],
            [
              118.900435,
              32.073713
            ],
            [
              118.900524,
              32.073305
            ],
            [
              118.900752,
              32.072639
            ],
            [
              118.900917,
              32.072066
            ],
            [
              118.900993,
              32.07171
            ],
            [
              118.901008,
              32.071454
            ],
            [
              118.901008,
              32.071302
            ],
            [
              118.900958,
              32.071029
            ],
            [
              118.900867,
              32.070582
            ],
            [
              118.900661,
              32.069528
            ],
            [
              118.900344,
              32.067765
            ],
            [
              118.899856,
              32.065515
            ],
            [
              118.899836,
              32.065337
            ],
            [
              118.899806,
              32.065126
            ],
            [
              118.89978,
              32.064944
            ],
            [
              118.899452,
              32.063208
            ],
            [
              118.899094,
              32.061224
            ],
            [
              118.898918,
              32.060178
            ],
            [
              118.898636,
              32.058705
            ],
            [
              118.898261,
              32.056678
            ],
            [
              118.897929,
              32.054851
            ],
            [
              118.897778,
              32.05398
            ],
            [
              118.897717,
              32.053468
            ],
            [
              118.897682,
              32.053195
            ],
            [
              118.897686,
              32.052932
            ],
            [
              118.897723,
              32.052357
            ],
            [
              118.897725,
              32.052166
            ],
            [
              118.897686,
              32.051875
            ],
            [
              118.897499,
              32.050916
            ],
            [
              118.897312,
              32.04994
            ],
            [
              118.897202,
              32.049284
            ],
            [
              118.897128,
              32.04882
            ],
            [
              118.897076,
              32.048633
            ],
            [
              118.89703,
              32.048464
            ],
            [
              118.896881,
              32.048019
            ],
            [
              118.89669,
              32.047518
            ],
            [
              118.896603,
              32.047331
            ],
            [
              118.896538,
              32.047094
            ],
            [
              118.896512,
              32.046919
            ],
            [
              118.896483,
              32.046454
            ],
            [
              118.896453,
              32.046261
            ],
            [
              118.896401,
              32.046157
            ],
            [
              118.896355,
              32.046114
            ],
            [
              118.896286,
              32.046053
            ],
            [
              118.895772,
              32.045652
            ],
            [
              118.894984,
              32.045064
            ],
            [
              118.894713,
              32.044853
            ],
            [
              118.894618,
              32.044771
            ],
            [
              118.894314,
              32.044552
            ],
            [
              118.893984,
              32.044356
            ],
            [
              118.892897,
              32.043575
            ],
            [
              118.891731,
              32.042718
            ],
            [
              118.888754,
              32.040587
            ],
            [
              118.8872339,
              32.0394407
            ],
            [
              118.8870799,
              32.0392669
            ],
            [
              118.8870048,
              32.0391123
            ],
            [
              118.8854921,
              32.0380073
            ],
            [
              118.884281,
              32.0371185
            ],
            [
              118.8840314,
              32.0369365
            ],
            [
              118.8835828,
              32.0366098
            ],
            [
              118.8834295,
              32.036518
            ],
            [
              118.8833691,
              32.0365947
            ],
            [
              118.8833122,
              32.0360519
            ]
          ]
        ]
      },
      "properties": {
        "kind": "water",
        "name": "白水河",
        "natural": "water",
        "waterway": null,
        "source": "OpenStreetMap",
        "osm_id": "1525414526"
      }
    },
    {
      "type": "Feature",
      "geometry": {
        "type": "Polygon",
        "coordinates": [
          [
            [
              118.9208997,
              32.0836566
            ],
            [
              118.920857,
              32.083712
            ],
            [
              118.9209325,
              32.0838966
            ],
            [
              118.9209348,
              32.0847676
            ],
            [
              118.9209858,
              32.085138
            ],
            [
              118.9207953,
              32.0852971
            ],
            [
              118.9208677,
              32.0854789
            ],
            [
              118.9208704,
              32.085747
            ],
            [
              118.920747,
              32.0859879
            ],
            [
              118.9206988,
              32.0861266
            ],
            [
              118.9208242,
              32.0864805
            ],
            [
              118.9211279,
              32.0866447
            ],
            [
              118.9214089,
              32.0867305
            ],
            [
              118.9218977,
              32.0867197
            ],
            [
              118.9225093,
              32.0866697
            ],
            [
              118.9230558,
              32.086576
            ],
            [
              118.9231577,
              32.086251
            ],
            [
              118.9233857,
              32.085917
            ],
            [
              118.9233302,
              32.0854993
            ],
            [
              118.9231281,
              32.0856329
            ],
            [
              118.9227051,
              32.0855334
            ],
            [
              118.922589,
              32.0853989
            ],
            [
              118.9225307,
              32.0851744
            ],
            [
              118.9225173,
              32.0850755
            ],
            [
              118.9225233,
              32.0849517
            ],
            [
              118.9225448,
              32.0848806
            ],
            [
              118.922587,
              32.0847676
            ],
            [
              118.9226909,
              32.0845966
            ],
            [
              118.9226943,
              32.0845426
            ],
            [
              118.9226139,
              32.0842926
            ],
            [
              118.9225884,
              32.0841994
            ],
            [
              118.9225649,
              32.0841557
            ],
            [
              118.9225763,
              32.0841222
            ],
            [
              118.9225388,
              32.0837336
            ],
            [
              118.922514,
              32.0835194
            ],
            [
              118.9223919,
              32.0834765
            ],
            [
              118.9220526,
              32.0835126
            ],
            [
              118.9220157,
              32.0835654
            ],
            [
              118.9219514,
              32.0835949
            ],
            [
              118.9218883,
              32.0835313
            ],
            [
              118.9210562,
              32.0836256
            ],
            [
              118.9208997,
              32.0836566
            ]
          ]
        ]
      },
      "properties": {
        "kind": "water",
        "name": "大浦塘水库",
        "natural": "water",
        "waterway": null,
        "source": "OpenStreetMap",
        "osm_id": "89931234"
      }
    },
    {
      "type": "Feature",
      "geometry": {
        "type": "Polygon",
        "coordinates": [
          [
            [
              118.9045751,
              32.0809451
            ],
            [
              118.9044544,
              32.0809746
            ],
            [
              118.9043981,
              32.0810201
            ],
            [
              118.9043471,
              32.081036
            ],
            [
              118.9043256,
              32.0810837
            ],
            [
              118.9043417,
              32.0811791
            ],
            [
              118.9046395,
              32.081295
            ],
            [
              118.9046985,
              32.0812723
            ],
            [
              118.9047816,
              32.0812678
            ],
            [
              118.9048567,
              32.081295
            ],
            [
              118.9049238,
              32.0813428
            ],
            [
              118.9049855,
              32.0814269
            ],
            [
              118.9050364,
              32.0814996
            ],
            [
              118.9051089,
              32.0815087
            ],
            [
              118.9051035,
              32.0815473
            ],
            [
              118.9051866,
              32.0815905
            ],
            [
              118.9052805,
              32.08162
            ],
            [
              118.9053476,
              32.0816041
            ],
            [
              118.9054227,
              32.0815723
            ],
            [
              118.9054629,
              32.0815405
            ],
            [
              118.9054951,
              32.0814791
            ],
            [
              118.9055434,
              32.0814291
            ],
            [
              118.9056185,
              32.0813814
            ],
            [
              118.9057258,
              32.081345
            ],
            [
              118.9058465,
              32.0813428
            ],
            [
              118.9059698,
              32.0813678
            ],
            [
              118.9060691,
              32.0814178
            ],
            [
              118.9060825,
              32.081395
            ],
            [
              118.9061871,
              32.08142
            ],
            [
              118.9062917,
              32.0814246
            ],
            [
              118.9063936,
              32.0814064
            ],
            [
              118.9065653,
              32.0813291
            ],
            [
              118.9067584,
              32.0811951
            ],
            [
              118.9068416,
              32.0811291
            ],
            [
              118.9068818,
              32.0810678
            ],
            [
              118.9068845,
              32.0809951
            ],
            [
              118.9071071,
              32.0809155
            ],
            [
              118.9073163,
              32.0808496
            ],
            [
              118.9077423,
              32.0807383
            ],
            [
              118.908201,
              32.0806826
            ],
            [
              118.9089493,
              32.0808053
            ],
            [
              118.9091425,
              32.0809678
            ],
            [
              118.9093114,
              32.0810712
            ],
            [
              118.9094245,
              32.0810621
            ],
            [
              118.9095542,
              32.0810144
            ],
            [
              118.9096802,
              32.0809451
            ],
            [
              118.909813,
              32.080894
            ],
            [
              118.9101563,
              32.0809394
            ],
            [
              118.9103508,
              32.0809496
            ],
            [
              118.9104728,
              32.0808735
            ],
            [
              118.9106378,
              32.0807837
            ],
            [
              118.9105788,
              32.0806837
            ],
            [
              118.9102998,
              32.0806144
            ],
            [
              118.9100437,
              32.0806087
            ],
            [
              118.9100021,
              32.0806928
            ],
            [
              118.9098157,
              32.0807849
            ],
            [
              118.9096293,
              32.0808417
            ],
            [
              118.9092176,
              32.0808133
            ],
            [
              118.9089936,
              32.0807553
            ],
            [
              118.9083499,
              32.0806258
            ],
            [
              118.9078228,
              32.0806497
            ],
            [
              118.9078188,
              32.0805872
            ],
            [
              118.9073735,
              32.0805712
            ],
            [
              118.9073789,
              32.0806508
            ],
            [
              118.9075868,
              32.0806622
            ],
            [
              118.9074826,
              32.0807178
            ],
            [
              118.9073029,
              32.0807201
            ],
            [
              118.9069703,
              32.0806951
            ],
            [
              118.9069006,
              32.0806473
            ],
            [
              118.9066243,
              32.0806451
            ],
            [
              118.9065707,
              32.0805973
            ],
            [
              118.9063963,
              32.0805519
            ],
            [
              118.9063105,
              32.0805701
            ],
            [
              118.9062247,
              32.0806223
            ],
            [
              118.9061335,
              32.0807042
            ],
            [
              118.9060584,
              32.0807633
            ],
            [
              118.9059591,
              32.0807746
            ],
            [
              118.905876,
              32.0807496
            ],
            [
              118.9058277,
              32.0807064
            ],
            [
              118.9057821,
              32.0805723
            ],
            [
              118.9057392,
              32.0805246
            ],
            [
              118.9056641,
              32.0804951
            ],
            [
              118.9055541,
              32.0804974
            ],
            [
              118.9053744,
              32.080511
            ],
            [
              118.9052725,
              32.0805064
            ],
            [
              118.9051813,
              32.0804814
            ],
            [
              118.9050391,
              32.0804224
            ],
            [
              118.9049023,
              32.0804087
            ],
            [
              118.9047682,
              32.0804201
            ],
            [
              118.9047119,
              32.0804655
            ],
            [
              118.9046824,
              32.080536
            ],
            [
              118.9046851,
              32.0806246
            ],
            [
              118.904697,
              32.080659
            ],
            [
              118.9047119,
              32.0806569
            ],
            [
              118.9047183,
              32.0806266
            ],
            [
              118.9047128,
              32.0805947
            ],
            [
              118.9047207,
              32.0805717
            ],
            [
              118.9047716,
              32.0805231
            ],
            [
              118.9047861,
              32.0805374
            ],
            [
              118.9047639,
              32.0805545
            ],
            [
              118.9047484,
              32.0805889
            ],
            [
              118.9047445,
              32.0806314
            ],
            [
              118.9047555,
              32.0806842
            ],
            [
              118.9047548,
              32.0807539
            ],
            [
              118.9047356,
              32.0808631
            ],
            [
              118.9047585,
              32.0808235
            ],
            [
              118.9047805,
              32.0807342
            ],
            [
              118.9048086,
              32.0807098
            ],
            [
              118.9048192,
              32.080724
            ],
            [
              118.9048055,
              32.0807375
            ],
            [
              118.9047928,
              32.0807716
            ],
            [
              118.9047921,
              32.0808275
            ],
            [
              118.9047468,
              32.0809087
            ],
            [
              118.9046904,
              32.080936
            ],
            [
              118.9045751,
              32.0809451
            ]
          ]
        ]
      },
      "properties": {
        "kind": "water",
        "name": null,
        "natural": "water",
        "waterway": null,
        "source": "OpenStreetMap",
        "osm_id": "426994747"
      }
    },
    {
      "type": "Feature",
      "geometry": {
        "type": "Polygon",
        "coordinates": [
          [
            [
              118.914771,
              32.0786831
            ],
            [
              118.9148082,
              32.0787746
            ],
            [
              118.914837,
              32.0788011
            ],
            [
              118.9148635,
              32.0788021
            ],
            [
              118.9151635,
              32.0787024
            ],
            [
              118.9151803,
              32.0786872
            ],
            [
              118.9151827,
              32.0786689
            ],
            [
              118.9151335,
              32.07856
            ],
            [
              118.9151143,
              32.0785468
            ],
            [
              118.9150795,
              32.0785478
            ],
            [
              118.9147974,
              32.0786394
            ],
            [
              118.9147758,
              32.0786556
            ],
            [
              118.914771,
              32.0786831
            ]
          ]
        ]
      },
      "properties": {
        "kind": "water",
        "name": null,
        "natural": "water",
        "waterway": null,
        "source": "OpenStreetMap",
        "osm_id": "427816600"
      }
    },
    {
      "type": "Feature",
      "geometry": {
        "type": "Polygon",
        "coordinates": [
          [
            [
              118.9161682,
              32.0772846
            ],
            [
              118.9162678,
              32.0772968
            ],
            [
              118.9162846,
              32.0772918
            ],
            [
              118.9162966,
              32.0772806
            ],
            [
              118.9163543,
              32.0769653
            ],
            [
              118.9163495,
              32.0769541
            ],
            [
              118.9163386,
              32.076948
            ],
            [
              118.9162282,
              32.0769327
            ],
            [
              118.9162126,
              32.0769368
            ],
            [
              118.9162006,
              32.076948
            ],
            [
              118.9161442,
              32.0772572
            ],
            [
              118.9161514,
              32.0772755
            ],
            [
              118.9161682,
              32.0772846
            ]
          ]
        ]
      },
      "properties": {
        "kind": "water",
        "name": null,
        "natural": "water",
        "waterway": null,
        "source": "OpenStreetMap",
        "osm_id": "427816601"
      }
    },
    {
      "type": "Feature",
      "geometry": {
        "type": "Polygon",
        "coordinates": [
          [
            [
              118.9185584,
              32.0889194
            ],
            [
              118.9186951,
              32.0887126
            ],
            [
              118.9188239,
              32.088624
            ],
            [
              118.9189231,
              32.0886263
            ],
            [
              118.9189741,
              32.0886694
            ],
            [
              118.9189473,
              32.0887467
            ],
            [
              118.9188427,
              32.0888717
            ],
            [
              118.9187327,
              32.088974
            ],
            [
              118.9187032,
              32.0891285
            ],
            [
              118.9186469,
              32.0892148
            ],
            [
              118.9185503,
              32.0893398
            ],
            [
              118.9185128,
              32.0894421
            ],
            [
              118.9185101,
              32.0896148
            ],
            [
              118.9185637,
              32.0897375
            ],
            [
              118.9186603,
              32.0898352
            ],
            [
              118.9188749,
              32.0899147
            ],
            [
              118.9192665,
              32.0899897
            ],
            [
              118.9195561,
              32.0900215
            ],
            [
              118.9196876,
              32.0900147
            ],
            [
              118.9198405,
              32.0899965
            ],
            [
              118.919937,
              32.0900238
            ],
            [
              118.9199746,
              32.0900806
            ],
            [
              118.9199746,
              32.0901533
            ],
            [
              118.9199451,
              32.0901988
            ],
            [
              118.9198351,
              32.090242
            ],
            [
              118.9196983,
              32.0902715
            ],
            [
              118.9196554,
              32.0903033
            ],
            [
              118.9196339,
              32.0903851
            ],
            [
              118.9195883,
              32.0904442
            ],
            [
              118.9195213,
              32.090501
            ],
            [
              118.9182714,
              32.090167
            ],
            [
              118.9184403,
              32.089633
            ],
            [
              118.9183599,
              32.0896216
            ],
            [
              118.9183974,
              32.0893035
            ],
            [
              118.9185879,
              32.0889808
            ],
            [
              118.9185584,
              32.0889194
            ]
          ]
        ]
      },
      "properties": {
        "kind": "water",
        "name": null,
        "natural": "water",
        "waterway": null,
        "source": "OpenStreetMap",
        "osm_id": "921314619"
      }
    },
    {
      "type": "Feature",
      "geometry": {
        "type": "Polygon",
        "coordinates": [
          [
            [
              118.915748,
              32.088432
            ],
            [
              118.9157213,
              32.0884388
            ],
            [
              118.9157005,
              32.0884218
            ],
            [
              118.915669,
              32.0884246
            ],
            [
              118.9156173,
              32.088274
            ],
            [
              118.9156508,
              32.0882797
            ],
            [
              118.9156703,
              32.088332
            ],
            [
              118.9157031,
              32.0883235
            ],
            [
              118.9155704,
              32.0879116
            ],
            [
              118.9155348,
              32.0879195
            ],
            [
              118.9155805,
              32.0880621
            ],
            [
              118.9154356,
              32.0880707
            ],
            [
              118.9154007,
              32.0880485
            ],
            [
              118.9153464,
              32.08799
            ],
            [
              118.9152861,
              32.0879611
            ],
            [
              118.915223,
              32.0878752
            ],
            [
              118.9151748,
              32.087757
            ],
            [
              118.9150943,
              32.0875469
            ],
            [
              118.9150875,
              32.0874583
            ],
            [
              118.9151037,
              32.0874151
            ],
            [
              118.9151975,
              32.0873298
            ],
            [
              118.9151533,
              32.0872014
            ],
            [
              118.9155114,
              32.0871219
            ],
            [
              118.9155623,
              32.0871639
            ],
            [
              118.9156146,
              32.0872423
            ],
            [
              118.9157139,
              32.0872799
            ],
            [
              118.9158707,
              32.0872969
            ],
            [
              118.9159634,
              32.0873242
            ],
            [
              118.9160652,
              32.0874275
            ],
            [
              118.9161833,
              32.0874707
            ],
            [
              118.916255,
              32.0875538
            ],
            [
              118.9162919,
              32.0875605
            ],
            [
              118.9163375,
              32.0875673
            ],
            [
              118.9164192,
              32.0875809
            ],
            [
              118.9165306,
              32.0875707
            ],
            [
              118.9170576,
              32.087673
            ],
            [
              118.9171314,
              32.087698
            ],
            [
              118.917122,
              32.0877241
            ],
            [
              118.9170148,
              32.0877275
            ],
            [
              118.9164059,
              32.0876662
            ],
            [
              118.9163858,
              32.0877127
            ],
            [
              118.916367,
              32.0877014
            ],
            [
              118.9163804,
              32.0876628
            ],
            [
              118.9163469,
              32.0876468
            ],
            [
              118.9163094,
              32.087648
            ],
            [
              118.9162731,
              32.0876696
            ],
            [
              118.916135,
              32.0876559
            ],
            [
              118.9161256,
              32.0877468
            ],
            [
              118.9161511,
              32.0877809
            ],
            [
              118.9161967,
              32.0877991
            ],
            [
              118.9162691,
              32.0877786
            ],
            [
              118.916304,
              32.0877707
            ],
            [
              118.9163388,
              32.0877877
            ],
            [
              118.9162812,
              32.0878218
            ],
            [
              118.9162369,
              32.0878445
            ],
            [
              118.9161605,
              32.0878661
            ],
            [
              118.9161028,
              32.0878968
            ],
            [
              118.9160666,
              32.0879593
            ],
            [
              118.9160666,
              32.0880173
            ],
            [
              118.9161189,
              32.0881047
            ],
            [
              118.9161605,
              32.0882002
            ],
            [
              118.9161779,
              32.0883047
            ],
            [
              118.9161605,
              32.0883865
            ],
            [
              118.9160921,
              32.0884774
            ],
            [
              118.9159888,
              32.088582
            ],
            [
              118.9158882,
              32.0886501
            ],
            [
              118.9158212,
              32.0887104
            ],
            [
              118.9157756,
              32.0888035
            ],
            [
              118.9157179,
              32.0888694
            ],
            [
              118.9157031,
              32.0889353
            ],
            [
              118.9157112,
              32.0890001
            ],
            [
              118.9157072,
              32.0890592
            ],
            [
              118.915679,
              32.0890955
            ],
            [
              118.9156241,
              32.0891597
            ],
            [
              118.9156381,
              32.0892115
            ],
            [
              118.9157112,
              32.0892535
            ],
            [
              118.9156951,
              32.0893069
            ],
            [
              118.9156844,
              32.0893307
            ],
            [
              118.9156147,
              32.0893478
            ],
            [
              118.9155342,
              32.0893251
            ],
            [
              118.9154751,
              32.0892864
            ],
            [
              118.915443,
              32.0892092
            ],
            [
              118.9154886,
              32.0891273
            ],
            [
              118.9154858,
              32.0890955
            ],
            [
              118.9153552,
              32.088974
            ],
            [
              118.9153364,
              32.0889047
            ],
            [
              118.9153417,
              32.0888086
            ],
            [
              118.9153611,
              32.088791
            ],
            [
              118.915396,
              32.0887728
            ],
            [
              118.9154745,
              32.0887774
            ],
            [
              118.9154906,
              32.0887905
            ],
            [
              118.9155234,
              32.0887734
            ],
            [
              118.915512,
              32.088745
            ],
            [
              118.9155348,
              32.0887246
            ],
            [
              118.9156863,
              32.0887001
            ],
            [
              118.9156132,
              32.0885172
            ],
            [
              118.9156851,
              32.088503
            ],
            [
              118.9157413,
              32.0885224
            ],
            [
              118.915787,
              32.088528
            ],
            [
              118.9158547,
              32.088528
            ],
            [
              118.915877,
              32.088525
            ],
            [
              118.9158968,
              32.0885157
            ],
            [
              118.9159116,
              32.0885013
            ],
            [
              118.9159198,
              32.0884835
            ],
            [
              118.9159204,
              32.0884644
            ],
            [
              118.9159142,
              32.0884478
            ],
            [
              118.9159023,
              32.0884337
            ],
            [
              118.9158859,
              32.0884234
            ],
            [
              118.9158664,
              32.0884179
            ],
            [
              118.915846,
              32.0884178
            ],
            [
              118.915748,
              32.088432
            ]
          ]
        ]
      },
      "properties": {
        "kind": "water",
        "name": null,
        "natural": "water",
        "waterway": null,
        "source": "OpenStreetMap",
        "osm_id": "921314620"
      }
    },
    {
      "type": "Feature",
      "geometry": {
        "type": "LineString",
        "coordinates": [
          [
            118.9080128,
            32.0904815
          ],
          [
            118.9133722,
            32.0933235
          ],
          [
            118.9170026,
            32.0953266
          ]
        ]
      },
      "properties": {
        "kind": "water",
        "name": null,
        "natural": null,
        "waterway": "river",
        "source": "OpenStreetMap",
        "osm_id": "1267095149"
      }
    },
    {
      "type": "Feature",
      "geometry": {
        "type": "Polygon",
        "coordinates": [
          [
            [
              118.912771,
              32.0903992
            ],
            [
              118.9130637,
              32.0905117
            ],
            [
              118.9133022,
              32.0905473
            ],
            [
              118.9133306,
              32.0907941
            ],
            [
              118.9133062,
              32.0910054
            ],
            [
              118.9131396,
              32.0911202
            ],
            [
              118.913061,
              32.0911259
            ],
            [
              118.9129905,
              32.0910226
            ],
            [
              118.9128902,
              32.0910995
            ],
            [
              118.9127845,
              32.0910938
            ],
            [
              118.9125338,
              32.0909755
            ],
            [
              118.9123305,
              32.0908607
            ],
            [
              118.9125406,
              32.0908217
            ],
            [
              118.9126273,
              32.090754
            ],
            [
              118.9126436,
              32.0906483
            ],
            [
              118.912771,
              32.0903992
            ]
          ]
        ]
      },
      "properties": {
        "kind": "water",
        "name": "琴湖",
        "natural": "water",
        "waterway": null,
        "source": "OpenStreetMap",
        "osm_id": "1328307464"
      }
    },
    {
      "type": "Feature",
      "geometry": {
        "type": "Polygon",
        "coordinates": [
          [
            [
              118.9242862,
              32.0905618
            ],
            [
              118.924356,
              32.0905335
            ],
            [
              118.9243704,
              32.0905379
            ],
            [
              118.9243788,
              32.0905465
            ],
            [
              118.9244368,
              32.090522
            ],
            [
              118.9244321,
              32.0905135
            ],
            [
              118.924441,
              32.0905058
            ],
            [
              118.9244458,
              32.0904959
            ],
            [
              118.924446,
              32.090486
            ],
            [
              118.9244421,
              32.0904766
            ],
            [
              118.9244238,
              32.0904713
            ],
            [
              118.9244084,
              32.0904615
            ],
            [
              118.9243972,
              32.0904482
            ],
            [
              118.9243916,
              32.0904333
            ],
            [
              118.9243913,
              32.0904177
            ],
            [
              118.9243965,
              32.0904027
            ],
            [
              118.9243822,
              32.0904012
            ],
            [
              118.924369,
              32.0903962
            ],
            [
              118.9243582,
              32.0903883
            ],
            [
              118.9243504,
              32.090378
            ],
            [
              118.924298,
              32.0904017
            ],
            [
              118.924299,
              32.0904142
            ],
            [
              118.9242946,
              32.0904229
            ],
            [
              118.9242239,
              32.0904516
            ],
            [
              118.9242862,
              32.0905618
            ]
          ]
        ]
      },
      "properties": {
        "kind": "water",
        "name": null,
        "natural": "water",
        "waterway": null,
        "source": "OpenStreetMap",
        "osm_id": "1412144790"
      }
    },
    {
      "type": "Feature",
      "geometry": {
        "type": "LineString",
        "coordinates": [
          [
            118.9249908,
            32.0853899
          ],
          [
            118.9251512,
            32.0854255
          ],
          [
            118.9238637,
            32.0872286
          ]
        ]
      },
      "properties": {
        "kind": "water",
        "name": null,
        "natural": null,
        "waterway": "stream",
        "source": "OpenStreetMap",
        "osm_id": "1412172568"
      }
    },
    {
      "type": "Feature",
      "geometry": {
        "type": "LineString",
        "coordinates": [
          [
            118.9245222,
            32.0852858
          ],
          [
            118.9249908,
            32.0853899
          ]
        ]
      },
      "properties": {
        "kind": "water",
        "name": null,
        "natural": null,
        "waterway": "stream",
        "source": "OpenStreetMap",
        "osm_id": "1412172569"
      }
    },
    {
      "type": "Feature",
      "geometry": {
        "type": "LineString",
        "coordinates": [
          [
            118.9238637,
            32.0872286
          ],
          [
            118.9237917,
            32.0873293
          ]
        ]
      },
      "properties": {
        "kind": "water",
        "name": null,
        "natural": null,
        "waterway": "stream",
        "source": "OpenStreetMap",
        "osm_id": "1412172570"
      }
    },
    {
      "type": "Feature",
      "geometry": {
        "type": "LineString",
        "coordinates": [
          [
            118.9237917,
            32.0873293
          ],
          [
            118.9224834,
            32.0891614
          ]
        ]
      },
      "properties": {
        "kind": "water",
        "name": null,
        "natural": null,
        "waterway": "stream",
        "source": "OpenStreetMap",
        "osm_id": "1412172571"
      }
    },
    {
      "type": "Feature",
      "geometry": {
        "type": "LineString",
        "coordinates": [
          [
            118.9224834,
            32.0891614
          ],
          [
            118.9216168,
            32.0902557
          ]
        ]
      },
      "properties": {
        "kind": "water",
        "name": null,
        "natural": null,
        "waterway": "stream",
        "source": "OpenStreetMap",
        "osm_id": "1412172572"
      }
    },
    {
      "type": "Feature",
      "geometry": {
        "type": "LineString",
        "coordinates": [
          [
            118.9200947,
            32.0923358
          ],
          [
            118.9197691,
            32.0927806
          ]
        ]
      },
      "properties": {
        "kind": "water",
        "name": null,
        "natural": null,
        "waterway": "stream",
        "source": "OpenStreetMap",
        "osm_id": "1412172574"
      }
    },
    {
      "type": "Feature",
      "geometry": {
        "type": "LineString",
        "coordinates": [
          [
            118.9233302,
            32.0854993
          ],
          [
            118.9233997,
            32.0854516
          ],
          [
            118.9240918,
            32.0851903
          ],
          [
            118.9245222,
            32.0852858
          ]
        ]
      },
      "properties": {
        "kind": "water",
        "name": null,
        "natural": null,
        "waterway": "stream",
        "source": "OpenStreetMap",
        "osm_id": "1412172575"
      }
    },
    {
      "type": "Feature",
      "geometry": {
        "type": "LineString",
        "coordinates": [
          [
            118.9216168,
            32.0902557
          ],
          [
            118.9203673,
            32.0919632
          ],
          [
            118.9203011,
            32.0920513
          ],
          [
            118.9202964,
            32.0921593
          ],
          [
            118.9202147,
            32.0922664
          ],
          [
            118.9200947,
            32.0923358
          ]
        ]
      },
      "properties": {
        "kind": "water",
        "name": null,
        "natural": null,
        "waterway": "stream",
        "source": "OpenStreetMap",
        "osm_id": "1412172576"
      }
    },
    {
      "type": "Feature",
      "geometry": {
        "type": "Polygon",
        "coordinates": [
          [
            [
              118.9114954,
              32.0906908
            ],
            [
              118.9114411,
              32.0906624
            ],
            [
              118.9113942,
              32.0907268
            ],
            [
              118.9116014,
              32.0908407
            ],
            [
              118.911533,
              32.09093
            ],
            [
              118.9115456,
              32.0909369
            ],
            [
              118.9115362,
              32.0909492
            ],
            [
              118.9116412,
              32.0910069
            ],
            [
              118.9116736,
              32.0909903
            ],
            [
              118.9117087,
              32.0909782
            ],
            [
              118.9117455,
              32.0909708
            ],
            [
              118.911786,
              32.0909684
            ],
            [
              118.9118264,
              32.0909716
            ],
            [
              118.9118656,
              32.0909805
            ],
            [
              118.9119142,
              32.0909171
            ],
            [
              118.9118619,
              32.0908883
            ],
            [
              118.9118483,
              32.090906
            ],
            [
              118.9114842,
              32.0907054
            ],
            [
              118.9114954,
              32.0906908
            ]
          ]
        ]
      },
      "properties": {
        "kind": "water",
        "name": null,
        "natural": "water",
        "waterway": null,
        "source": "OpenStreetMap",
        "osm_id": "1412731645"
      }
    },
    {
      "type": "Feature",
      "geometry": {
        "type": "Polygon",
        "coordinates": [
          [
            [
              118.9116262,
              32.0912708
            ],
            [
              118.9116072,
              32.0912382
            ],
            [
              118.911596,
              32.0912032
            ],
            [
              118.9115929,
              32.0911748
            ],
            [
              118.911595,
              32.0911464
            ],
            [
              118.911602,
              32.0911185
            ],
            [
              118.9115243,
              32.0910788
            ],
            [
              118.9114204,
              32.0912246
            ],
            [
              118.9115954,
              32.091314
            ],
            [
              118.9116262,
              32.0912708
            ]
          ]
        ]
      },
      "properties": {
        "kind": "water",
        "name": null,
        "natural": "water",
        "waterway": null,
        "source": "OpenStreetMap",
        "osm_id": "1412731646"
      }
    },
    {
      "type": "Feature",
      "geometry": {
        "type": "Polygon",
        "coordinates": [
          [
            [
              118.9108423,
              32.0915276
            ],
            [
              118.9109375,
              32.0914009
            ],
            [
              118.9109817,
              32.0914131
            ],
            [
              118.9110281,
              32.0914162
            ],
            [
              118.9110595,
              32.091413
            ],
            [
              118.9110899,
              32.0914056
            ],
            [
              118.9111186,
              32.0913941
            ],
            [
              118.9111378,
              32.091396
            ],
            [
              118.911157,
              32.0913939
            ],
            [
              118.9111749,
              32.0913878
            ],
            [
              118.9111924,
              32.0913766
            ],
            [
              118.9112055,
              32.0913616
            ],
            [
              118.9112131,
              32.0913441
            ],
            [
              118.9112581,
              32.0912969
            ],
            [
              118.9114183,
              32.0913793
            ],
            [
              118.9113926,
              32.0913723
            ],
            [
              118.9113656,
              32.091373
            ],
            [
              118.9113405,
              32.0913816
            ],
            [
              118.9113248,
              32.0913924
            ],
            [
              118.9113129,
              32.0914064
            ],
            [
              118.9113057,
              32.0914225
            ],
            [
              118.9113095,
              32.0914493
            ],
            [
              118.9113065,
              32.0914762
            ],
            [
              118.9112969,
              32.091502
            ],
            [
              118.9112837,
              32.0915224
            ],
            [
              118.9112663,
              32.0915404
            ],
            [
              118.9112453,
              32.0915554
            ],
            [
              118.91121,
              32.0915644
            ],
            [
              118.9111771,
              32.0915784
            ],
            [
              118.9111474,
              32.0915969
            ],
            [
              118.9111204,
              32.0916209
            ],
            [
              118.9110989,
              32.0916487
            ],
            [
              118.9110837,
              32.0916792
            ],
            [
              118.9108919,
              32.0915827
            ],
            [
              118.9109075,
              32.0915604
            ],
            [
              118.9108423,
              32.0915276
            ]
          ]
        ]
      },
      "properties": {
        "kind": "water",
        "name": null,
        "natural": "water",
        "waterway": null,
        "source": "OpenStreetMap",
        "osm_id": "1412731647"
      }
    },
    {
      "type": "Feature",
      "geometry": {
        "type": "Polygon",
        "coordinates": [
          [
            [
              118.9117818,
              32.0843165
            ],
            [
              118.9119869,
              32.0838404
            ],
            [
              118.9124174,
              32.0839324
            ],
            [
              118.912463,
              32.0839495
            ],
            [
              118.9125126,
              32.0839878
            ],
            [
              118.9125569,
              32.0840305
            ],
            [
              118.9125955,
              32.084077
            ],
            [
              118.912628,
              32.0841267
            ],
            [
              118.9126544,
              32.0841804
            ],
            [
              118.9126737,
              32.0842363
            ],
            [
              118.9126855,
              32.0842936
            ],
            [
              118.9126897,
              32.0843517
            ],
            [
              118.9126751,
              32.0843894
            ],
            [
              118.9126562,
              32.0844256
            ],
            [
              118.912627,
              32.0844676
            ],
            [
              118.9125918,
              32.0845062
            ],
            [
              118.9125594,
              32.0845251
            ],
            [
              118.9125244,
              32.0845399
            ],
            [
              118.9124872,
              32.0845506
            ],
            [
              118.9124455,
              32.084557
            ],
            [
              118.9124032,
              32.0845582
            ],
            [
              118.9123611,
              32.084554
            ],
            [
              118.9118904,
              32.0844119
            ],
            [
              118.9118593,
              32.0844027
            ],
            [
              118.9118315,
              32.0843877
            ],
            [
              118.9118086,
              32.0843676
            ],
            [
              118.9117916,
              32.0843434
            ],
            [
              118.9117818,
              32.0843165
            ]
          ]
        ]
      },
      "properties": {
        "kind": "water",
        "name": null,
        "natural": "water",
        "waterway": null,
        "source": "OpenStreetMap",
        "osm_id": "1414051304"
      }
    },
    {
      "type": "Feature",
      "geometry": {
        "type": "Polygon",
        "coordinates": [
          [
            [
              118.9065582,
              32.0870282
            ],
            [
              118.906532,
              32.0869759
            ],
            [
              118.9065407,
              32.0869668
            ],
            [
              118.9066936,
              32.0869725
            ],
            [
              118.90677,
              32.0869918
            ],
            [
              118.9068854,
              32.0870765
            ],
            [
              118.90699,
              32.0871122
            ],
            [
              118.9070577,
              32.0871122
            ],
            [
              118.9071087,
              32.0870901
            ],
            [
              118.9071912,
              32.0870821
            ],
            [
              118.9072703,
              32.0871009
            ],
            [
              118.9073159,
              32.0871407
            ],
            [
              118.9072938,
              32.0871526
            ],
            [
              118.9072341,
              32.0871179
            ],
            [
              118.9071643,
              32.0871094
            ],
            [
              118.9070718,
              32.0871418
            ],
            [
              118.906986,
              32.0872083
            ],
            [
              118.9069236,
              32.0871458
            ],
            [
              118.9068264,
              32.0870958
            ],
            [
              118.906813,
              32.0870912
            ],
            [
              118.9067768,
              32.0871208
            ],
            [
              118.9067513,
              32.0870816
            ],
            [
              118.9065582,
              32.0870282
            ]
          ]
        ]
      },
      "properties": {
        "kind": "water",
        "name": null,
        "natural": "water",
        "waterway": null,
        "source": "OpenStreetMap",
        "osm_id": "1424823725"
      }
    },
    {
      "type": "Feature",
      "geometry": {
        "type": "Polygon",
        "coordinates": [
          [
            [
              118.941695,
              32.108485
            ],
            [
              118.941671,
              32.108618
            ],
            [
              118.941645,
              32.108609
            ],
            [
              118.941528,
              32.10857
            ],
            [
              118.941463,
              32.10857
            ],
            [
              118.941394,
              32.1086
            ],
            [
              118.941261,
              32.108537
            ],
            [
              118.941257,
              32.10849
            ],
            [
              118.941227,
              32.108427
            ],
            [
              118.941198,
              32.108397
            ],
            [
              118.941138,
              32.108347
            ],
            [
              118.938585,
              32.106982
            ],
            [
              118.935825,
              32.105543
            ],
            [
              118.93405,
              32.104395
            ],
            [
              118.933657,
              32.104113
            ],
            [
              118.931266,
              32.102804
            ],
            [
              118.928981,
              32.101565
            ],
            [
              118.927829,
              32.100938
            ],
            [
              118.927738,
              32.100897
            ],
            [
              118.927631,
              32.100884
            ],
            [
              118.927555,
              32.100921
            ],
            [
              118.927432,
              32.100851
            ],
            [
              118.927436,
              32.100777
            ],
            [
              118.92741,
              32.100699
            ],
            [
              118.927017,
              32.100456
            ],
            [
              118.92522,
              32.099443
            ],
            [
              118.924652,
              32.099273
            ],
            [
              118.922512,
              32.098351
            ],
            [
              118.918868,
              32.096469
            ],
            [
              118.915661,
              32.094649
            ],
            [
              118.91106,
              32.09216
            ],
            [
              118.909585,
              32.091363
            ],
            [
              118.908779,
              32.090931
            ],
            [
              118.908302,
              32.090691
            ],
            [
              118.908076,
              32.090578
            ],
            [
              118.9081269,
              32.0905012
            ],
            [
              118.9082617,
              32.0905596
            ],
            [
              118.9085329,
              32.0907137
            ],
            [
              118.9088651,
              32.0908838
            ],
            [
              118.9093575,
              32.0911253
            ],
            [
              118.9102753,
              32.0916438
            ],
            [
              118.9115502,
              32.0923183
            ],
            [
              118.9150777,
              32.0942025
            ],
            [
              118.91925,
              32.096428
            ],
            [
              118.922703,
              32.098238
            ],
            [
              118.923671,
              32.098629
            ],
            [
              118.925446,
              32.099326
            ],
            [
              118.926887,
              32.100124
            ],
            [
              118.929211,
              32.10142
            ],
            [
              118.931121,
              32.102474
            ],
            [
              118.932559,
              32.103271
            ],
            [
              118.933937,
              32.104035
            ],
            [
              118.935133,
              32.104927
            ],
            [
              118.936958,
              32.105983
            ],
            [
              118.938659,
              32.106875
            ],
            [
              118.940478,
              32.107867
            ],
            [
              118.941402,
              32.108386
            ],
            [
              118.94158,
              32.108474
            ],
            [
              118.941695,
              32.108485
            ]
          ]
        ]
      },
      "properties": {
        "kind": "water",
        "name": null,
        "natural": "water",
        "waterway": null,
        "source": "OpenStreetMap",
        "osm_id": "1525414404"
      }
    },
    {
      "type": "Feature",
      "geometry": {
        "type": "Polygon",
        "coordinates": [
          [
            [
              118.8853633,
              32.0945731
            ],
            [
              118.8854942,
              32.0946427
            ],
            [
              118.88561,
              32.0946504
            ],
            [
              118.8857281,
              32.0945527
            ],
            [
              118.8857307,
              32.0944322
            ],
            [
              118.8856851,
              32.0943209
            ],
            [
              118.8855966,
              32.0942118
            ],
            [
              118.885602,
              32.0940823
            ],
            [
              118.8856798,
              32.0939005
            ],
            [
              118.8856288,
              32.0938346
            ],
            [
              118.8854867,
              32.0939119
            ],
            [
              118.8852104,
              32.0936051
            ],
            [
              118.8854786,
              32.0934256
            ],
            [
              118.8855644,
              32.0929257
            ],
            [
              118.8854518,
              32.0928143
            ],
            [
              118.8854893,
              32.0926235
            ],
            [
              118.8851943,
              32.0925848
            ],
            [
              118.8851809,
              32.0926485
            ],
            [
              118.8851138,
              32.0926712
            ],
            [
              118.8850924,
              32.0927234
            ],
            [
              118.8850629,
              32.0927348
            ],
            [
              118.8850521,
              32.0927871
            ],
            [
              118.8850575,
              32.092912
            ],
            [
              118.8850012,
              32.0929484
            ],
            [
              118.8849046,
              32.0929234
            ],
            [
              118.884859,
              32.092887
            ],
            [
              118.8847652,
              32.0929052
            ],
            [
              118.884623,
              32.0929916
            ],
            [
              118.8845586,
              32.0929825
            ],
            [
              118.8845345,
              32.092937
            ],
            [
              118.8844701,
              32.092887
            ],
            [
              118.8843575,
              32.0928075
            ],
            [
              118.8843145,
              32.0926939
            ],
            [
              118.8843038,
              32.0926416
            ],
            [
              118.8842743,
              32.092603
            ],
            [
              118.884218,
              32.0926121
            ],
            [
              118.8841912,
              32.0926734
            ],
            [
              118.8842073,
              32.0927712
            ],
            [
              118.8842931,
              32.0929257
            ],
            [
              118.8843676,
              32.0930499
            ],
            [
              118.8843864,
              32.093168
            ],
            [
              118.8843623,
              32.0934134
            ],
            [
              118.8843145,
              32.0935256
            ],
            [
              118.8842528,
              32.0936278
            ],
            [
              118.8842207,
              32.0937437
            ],
            [
              118.8842979,
              32.093827
            ],
            [
              118.8843703,
              32.0938656
            ],
            [
              118.8844298,
              32.09388
            ],
            [
              118.8844621,
              32.0938619
            ],
            [
              118.8845157,
              32.0937346
            ],
            [
              118.884631,
              32.0936846
            ],
            [
              118.8847458,
              32.0937202
            ],
            [
              118.88477,
              32.0937838
            ],
            [
              118.8847759,
              32.0939096
            ],
            [
              118.8847584,
              32.0939595
            ],
            [
              118.8847746,
              32.0940038
            ],
            [
              118.8848504,
              32.0940451
            ],
            [
              118.8848872,
              32.0940799
            ],
            [
              118.8849422,
              32.0941345
            ],
            [
              118.8850704,
              32.094186
            ],
            [
              118.8851884,
              32.0942996
            ],
            [
              118.8852581,
              32.0943951
            ],
            [
              118.8853123,
              32.0945004
            ],
            [
              118.8853633,
              32.0945731
            ]
          ]
        ]
      },
      "properties": {
        "kind": "water",
        "name": "王庄水库",
        "natural": "water",
        "waterway": null,
        "source": "OpenStreetMap",
        "osm_id": "155394187"
      }
    },
    {
      "type": "Feature",
      "geometry": {
        "type": "Polygon",
        "coordinates": [
          [
            [
              118.9001716,
              32.1089361
            ],
            [
              118.8994723,
              32.1101999
            ],
            [
              118.8992284,
              32.1102516
            ],
            [
              118.8990495,
              32.1104754
            ],
            [
              118.898895,
              32.1104857
            ],
            [
              118.8988056,
              32.1104548
            ],
            [
              118.8987649,
              32.1103755
            ],
            [
              118.8987487,
              32.1102137
            ],
            [
              118.8988096,
              32.1101448
            ],
            [
              118.8987649,
              32.1100174
            ],
            [
              118.898708,
              32.10989
            ],
            [
              118.8987487,
              32.1097385
            ],
            [
              118.8987812,
              32.109618
            ],
            [
              118.899078,
              32.1096111
            ],
            [
              118.8992487,
              32.1094699
            ],
            [
              118.899452,
              32.1093046
            ],
            [
              118.8995577,
              32.1090498
            ],
            [
              118.8997081,
              32.1089017
            ],
            [
              118.899948,
              32.1087674
            ],
            [
              118.8999561,
              32.108881
            ],
            [
              118.900074,
              32.108881
            ],
            [
              118.9001716,
              32.1089361
            ]
          ]
        ]
      },
      "properties": {
        "kind": "water",
        "name": null,
        "natural": "water",
        "waterway": null,
        "source": "OpenStreetMap",
        "osm_id": "668446077"
      }
    },
    {
      "type": "Feature",
      "geometry": {
        "type": "Polygon",
        "coordinates": [
          [
            [
              118.8825738,
              32.0947991
            ],
            [
              118.8825873,
              32.0949718
            ],
            [
              118.8825873,
              32.0951105
            ],
            [
              118.8826047,
              32.0951457
            ],
            [
              118.8826945,
              32.0952604
            ],
            [
              118.8827053,
              32.0952991
            ],
            [
              118.882724,
              32.095332
            ],
            [
              118.8829091,
              32.0954002
            ],
            [
              118.8829775,
              32.0954058
            ],
            [
              118.883227,
              32.0953127
            ],
            [
              118.8833436,
              32.0952536
            ],
            [
              118.8833718,
              32.095182
            ],
            [
              118.8833624,
              32.095107
            ],
            [
              118.883247,
              32.0950196
            ],
            [
              118.882775,
              32.0947071
            ],
            [
              118.8826919,
              32.0946787
            ],
            [
              118.8826288,
              32.094706
            ],
            [
              118.8825899,
              32.0947446
            ],
            [
              118.8825738,
              32.0947991
            ]
          ]
        ]
      },
      "properties": {
        "kind": "water",
        "name": null,
        "natural": "water",
        "waterway": null,
        "source": "OpenStreetMap",
        "osm_id": "1021396208"
      }
    },
    {
      "type": "Feature",
      "geometry": {
        "type": "Polygon",
        "coordinates": [
          [
            [
              118.8972871,
              32.0949139
            ],
            [
              118.8972053,
              32.0948491
            ],
            [
              118.8971677,
              32.0947548
            ],
            [
              118.8971704,
              32.0946799
            ],
            [
              118.8972053,
              32.0945924
            ],
            [
              118.8972589,
              32.0945106
            ],
            [
              118.8973126,
              32.0944594
            ],
            [
              118.8973823,
              32.0944219
            ],
            [
              118.8974601,
              32.0944095
            ],
            [
              118.8976519,
              32.0944628
            ],
            [
              118.8977806,
              32.0945333
            ],
            [
              118.8978785,
              32.0946242
            ],
            [
              118.8979,
              32.0946662
            ],
            [
              118.8979,
              32.0946912
            ],
            [
              118.8978571,
              32.0947571
            ],
            [
              118.8976277,
              32.0948775
            ],
            [
              118.8975459,
              32.0949094
            ],
            [
              118.8974038,
              32.0949025
            ],
            [
              118.8972871,
              32.0949139
            ]
          ]
        ]
      },
      "properties": {
        "kind": "water",
        "name": null,
        "natural": "water",
        "waterway": null,
        "source": "OpenStreetMap",
        "osm_id": "1425041344"
      }
    },
    {
      "type": "Feature",
      "geometry": {
        "type": "Polygon",
        "coordinates": [
          [
            [
              118.9182043,
              32.1045346
            ],
            [
              118.9178422,
              32.1044151
            ],
            [
              118.9177108,
              32.104262
            ],
            [
              118.9180326,
              32.1039257
            ],
            [
              118.9183342,
              32.1035522
            ],
            [
              118.9183849,
              32.1034174
            ],
            [
              118.9185148,
              32.1032581
            ],
            [
              118.9185815,
              32.1031248
            ],
            [
              118.918667,
              32.1029637
            ],
            [
              118.9187277,
              32.102877
            ],
            [
              118.918783,
              32.1028098
            ],
            [
              118.9189145,
              32.1026634
            ],
            [
              118.9190397,
              32.1025866
            ],
            [
              118.9191735,
              32.1025236
            ],
            [
              118.9193171,
              32.1024774
            ],
            [
              118.9194799,
              32.1024441
            ],
            [
              118.9195296,
              32.1025185
            ],
            [
              118.9196794,
              32.102587
            ],
            [
              118.9198746,
              32.1026307
            ],
            [
              118.9200911,
              32.1026486
            ],
            [
              118.9201843,
              32.1026421
            ],
            [
              118.9202926,
              32.1026783
            ],
            [
              118.9204532,
              32.1027095
            ],
            [
              118.9206218,
              32.1026979
            ],
            [
              118.9206291,
              32.1026535
            ],
            [
              118.9208382,
              32.1026439
            ],
            [
              118.9209509,
              32.1027315
            ],
            [
              118.9210394,
              32.1028234
            ],
            [
              118.921085,
              32.1029802
            ],
            [
              118.921254,
              32.1029438
            ],
            [
              118.9212701,
              32.1031928
            ],
            [
              118.9212406,
              32.1033404
            ],
            [
              118.9211252,
              32.1033506
            ],
            [
              118.921085,
              32.1034255
            ],
            [
              118.9212084,
              32.103504
            ],
            [
              118.9210287,
              32.1038062
            ],
            [
              118.9210018,
              32.1037959
            ],
            [
              118.9208758,
              32.1039731
            ],
            [
              118.9209643,
              32.1040095
            ],
            [
              118.9208892,
              32.1042016
            ],
            [
              118.9206397,
              32.1042117
            ],
            [
              118.9206666,
              32.1046184
            ],
            [
              118.9205405,
              32.1049877
            ],
            [
              118.9204842,
              32.1049932
            ],
            [
              118.9203715,
              32.1049296
            ],
            [
              118.920275,
              32.1049046
            ],
            [
              118.9201569,
              32.1049069
            ],
            [
              118.9199798,
              32.1049008
            ],
            [
              118.9199585,
              32.1049001
            ],
            [
              118.9197573,
              32.1048501
            ],
            [
              118.9196124,
              32.1047979
            ],
            [
              118.9193442,
              32.1046865
            ],
            [
              118.9189553,
              32.1046547
            ],
            [
              118.9187917,
              32.1046502
            ],
            [
              118.9185959,
              32.1046479
            ],
            [
              118.9182526,
              32.1045797
            ],
            [
              118.9182043,
              32.1045346
            ]
          ]
        ]
      },
      "properties": {
        "kind": "water",
        "name": "仙林1号湖",
        "natural": "water",
        "waterway": null,
        "source": "OpenStreetMap",
        "osm_id": "155408664"
      }
    },
    {
      "type": "Feature",
      "geometry": {
        "type": "Polygon",
        "coordinates": [
          [
            [
              118.9114242,
              32.1037663
            ],
            [
              118.9115511,
              32.1035519
            ],
            [
              118.9105265,
              32.1032342
            ],
            [
              118.9104586,
              32.1035209
            ],
            [
              118.9114242,
              32.1037663
            ]
          ]
        ]
      },
      "properties": {
        "kind": "water",
        "name": null,
        "natural": "water",
        "waterway": null,
        "source": "OpenStreetMap",
        "osm_id": "155444855"
      }
    },
    {
      "type": "Feature",
      "geometry": {
        "type": "Polygon",
        "coordinates": [
          [
            [
              118.9034302,
              32.1029607
            ],
            [
              118.903929,
              32.1031152
            ],
            [
              118.9040819,
              32.1030789
            ],
            [
              118.9041463,
              32.1030425
            ],
            [
              118.904259,
              32.1027426
            ],
            [
              118.9042107,
              32.1027222
            ],
            [
              118.9041275,
              32.1027131
            ],
            [
              118.9040685,
              32.1027267
            ],
            [
              118.9040122,
              32.1027471
            ],
            [
              118.9039746,
              32.1027153
            ],
            [
              118.9039398,
              32.1026994
            ],
            [
              118.9038942,
              32.1026994
            ],
            [
              118.9038298,
              32.1027176
            ],
            [
              118.9037708,
              32.1027426
            ],
            [
              118.9037359,
              32.1027426
            ],
            [
              118.9036984,
              32.1027199
            ],
            [
              118.9036689,
              32.1026881
            ],
            [
              118.9036394,
              32.1026744
            ],
            [
              118.903575,
              32.1026835
            ],
            [
              118.9035374,
              32.1026972
            ],
            [
              118.9034302,
              32.1029607
            ]
          ]
        ]
      },
      "properties": {
        "kind": "water",
        "name": "月亮湾",
        "natural": "water",
        "waterway": null,
        "source": "OpenStreetMap",
        "osm_id": "156128803"
      }
    },
    {
      "type": "Feature",
      "geometry": {
        "type": "Polygon",
        "coordinates": [
          [
            [
              118.9070672,
              32.1032561
            ],
            [
              118.9073266,
              32.1033385
            ],
            [
              118.9071819,
              32.1036813
            ],
            [
              118.9069197,
              32.1035969
            ],
            [
              118.9070672,
              32.1032561
            ]
          ]
        ]
      },
      "properties": {
        "kind": "water",
        "name": null,
        "natural": "water",
        "waterway": null,
        "source": "OpenStreetMap",
        "osm_id": "156128804"
      }
    },
    {
      "type": "Feature",
      "geometry": {
        "type": "Polygon",
        "coordinates": [
          [
            [
              118.905246,
              32.1027971
            ],
            [
              118.9052058,
              32.1028153
            ],
            [
              118.9052004,
              32.1028517
            ],
            [
              118.9052326,
              32.1028698
            ],
            [
              118.9052567,
              32.1028698
            ],
            [
              118.9052943,
              32.1028698
            ],
            [
              118.9053238,
              32.1028948
            ],
            [
              118.9053533,
              32.1029357
            ],
            [
              118.9054043,
              32.1029539
            ],
            [
              118.9054499,
              32.1029494
            ],
            [
              118.9054713,
              32.1029153
            ],
            [
              118.905474,
              32.1028789
            ],
            [
              118.905482,
              32.1028335
            ],
            [
              118.9054391,
              32.1028085
            ],
            [
              118.9053935,
              32.1027926
            ],
            [
              118.9053882,
              32.1027608
            ],
            [
              118.905356,
              32.1027471
            ],
            [
              118.9052862,
              32.1027585
            ],
            [
              118.905246,
              32.1027971
            ]
          ]
        ]
      },
      "properties": {
        "kind": "water",
        "name": null,
        "natural": "water",
        "waterway": null,
        "source": "OpenStreetMap",
        "osm_id": "156128807"
      }
    },
    {
      "type": "Feature",
      "geometry": {
        "type": "Polygon",
        "coordinates": [
          [
            [
              118.9067546,
              32.1097433
            ],
            [
              118.9067861,
              32.1097558
            ],
            [
              118.9068612,
              32.109774
            ],
            [
              118.9069893,
              32.1098092
            ],
            [
              118.9071013,
              32.1098461
            ],
            [
              118.9072287,
              32.1098768
            ],
            [
              118.9072924,
              32.1099046
            ],
            [
              118.9074118,
              32.1099688
            ],
            [
              118.9075056,
              32.1100052
            ],
            [
              118.9075807,
              32.1100347
            ],
            [
              118.9076579,
              32.1100676
            ],
            [
              118.9077048,
              32.1100921
            ],
            [
              118.9077578,
              32.1101341
            ],
            [
              118.9078208,
              32.1101937
            ],
            [
              118.9078356,
              32.1102096
            ],
            [
              118.907861,
              32.1102528
            ],
            [
              118.9078919,
              32.1103079
            ],
            [
              118.9079234,
              32.1103562
            ],
            [
              118.9079677,
              32.1103959
            ],
            [
              118.9080052,
              32.1104198
            ],
            [
              118.9081179,
              32.1104783
            ],
            [
              118.9082003,
              32.1105283
            ],
            [
              118.9082821,
              32.1105652
            ],
            [
              118.9084049,
              32.1106061
            ],
            [
              118.9085155,
              32.1106458
            ],
            [
              118.9086107,
              32.1106742
            ],
            [
              118.9086811,
              32.1107191
            ],
            [
              118.9087214,
              32.1107464
            ],
            [
              118.9087562,
              32.110764
            ],
            [
              118.9087958,
              32.1107708
            ],
            [
              118.9088588,
              32.1107742
            ],
            [
              118.9089239,
              32.1107708
            ],
            [
              118.9089795,
              32.1107509
            ],
            [
              118.9090177,
              32.1107254
            ],
            [
              118.90907,
              32.1106595
            ],
            [
              118.9093444,
              32.1101652
            ],
            [
              118.9094523,
              32.1099222
            ],
            [
              118.9094804,
              32.1098603
            ],
            [
              118.9094791,
              32.1098331
            ],
            [
              118.9094737,
              32.1098075
            ],
            [
              118.9094616,
              32.1097961
            ],
            [
              118.9094388,
              32.109774
            ],
            [
              118.9093383,
              32.1097303
            ],
            [
              118.9091948,
              32.1097019
            ],
            [
              118.9089628,
              32.109653
            ],
            [
              118.9087911,
              32.109603
            ],
            [
              118.9086221,
              32.1095542
            ],
            [
              118.9085001,
              32.1095235
            ],
            [
              118.908425,
              32.1095178
            ],
            [
              118.908352,
              32.1095018
            ],
            [
              118.9082724,
              32.1094878
            ],
            [
              118.9081916,
              32.1094724
            ],
            [
              118.908083,
              32.109448
            ],
            [
              118.9079811,
              32.1094179
            ],
            [
              118.9078637,
              32.1093889
            ],
            [
              118.9077538,
              32.1093775
            ],
            [
              118.9076807,
              32.1093668
            ],
            [
              118.9075948,
              32.1093486
            ],
            [
              118.9074305,
              32.1093134
            ],
            [
              118.9073615,
              32.1092924
            ],
            [
              118.9073058,
              32.1092668
            ],
            [
              118.9072756,
              32.1092594
            ],
            [
              118.9072569,
              32.1092554
            ],
            [
              118.90723,
              32.1092495
            ],
            [
              118.9072136,
              32.1092515
            ],
            [
              118.9071868,
              32.1092586
            ],
            [
              118.90711,
              32.1093071
            ],
            [
              118.9070778,
              32.1093412
            ],
            [
              118.9070718,
              32.1093741
            ],
            [
              118.9070691,
              32.1093952
            ],
            [
              118.9070738,
              32.1094258
            ],
            [
              118.9070725,
              32.1094457
            ],
            [
              118.9070684,
              32.1094639
            ],
            [
              118.9070483,
              32.1094928
            ],
            [
              118.9069787,
              32.1095245
            ],
            [
              118.9069036,
              32.1095064
            ],
            [
              118.9068721,
              32.1095306
            ],
            [
              118.9068446,
              32.1095518
            ],
            [
              118.9067359,
              32.1096292
            ],
            [
              118.9067265,
              32.1096559
            ],
            [
              118.9067191,
              32.1096803
            ],
            [
              118.9067211,
              32.1097087
            ],
            [
              118.9067298,
              32.1097246
            ],
            [
              118.9067546,
              32.1097433
            ]
          ]
        ]
      },
      "properties": {
        "kind": "water",
        "name": "采月湖(情人湖)",
        "natural": "water",
        "waterway": null,
        "source": "OpenStreetMap",
        "osm_id": "156128816"
      }
    },
    {
      "type": "Feature",
      "geometry": {
        "type": "Polygon",
        "coordinates": [
          [
            [
              118.90858,
              32.1040104
            ],
            [
              118.9085854,
              32.1040672
            ],
            [
              118.9086095,
              32.1041172
            ],
            [
              118.9086685,
              32.1041354
            ],
            [
              118.9087168,
              32.1041354
            ],
            [
              118.908757,
              32.1041217
            ],
            [
              118.9087919,
              32.1041104
            ],
            [
              118.9088026,
              32.1040649
            ],
            [
              118.9088241,
              32.1040195
            ],
            [
              118.9088241,
              32.1039513
            ],
            [
              118.9088241,
              32.1039127
            ],
            [
              118.9088268,
              32.1038832
            ],
            [
              118.9088804,
              32.1038468
            ],
            [
              118.9088884,
              32.1038037
            ],
            [
              118.9088697,
              32.1037787
            ],
            [
              118.9088268,
              32.1037673
            ],
            [
              118.9087624,
              32.1037673
            ],
            [
              118.9087087,
              32.1037514
            ],
            [
              118.9086631,
              32.1037196
            ],
            [
              118.9086122,
              32.1036651
            ],
            [
              118.9085398,
              32.1036333
            ],
            [
              118.9085103,
              32.103631
            ],
            [
              118.9084459,
              32.1036628
            ],
            [
              118.9084378,
              32.1037082
            ],
            [
              118.9084727,
              32.1037469
            ],
            [
              118.9085183,
              32.1037673
            ],
            [
              118.9085934,
              32.1037809
            ],
            [
              118.9086444,
              32.1038082
            ],
            [
              118.9086873,
              32.1038468
            ],
            [
              118.9086792,
              32.1039059
            ],
            [
              118.9086283,
              32.1039536
            ],
            [
              118.90858,
              32.1040104
            ]
          ]
        ]
      },
      "properties": {
        "kind": "water",
        "name": null,
        "natural": "water",
        "waterway": null,
        "source": "OpenStreetMap",
        "osm_id": "156128821"
      }
    },
    {
      "type": "Feature",
      "geometry": {
        "type": "Polygon",
        "coordinates": [
          [
            [
              118.9058093,
              32.1091837
            ],
            [
              118.9057878,
              32.1091247
            ],
            [
              118.9057342,
              32.1091247
            ],
            [
              118.9056537,
              32.1091201
            ],
            [
              118.9056054,
              32.1090838
            ],
            [
              118.905584,
              32.1090156
            ],
            [
              118.9056322,
              32.1089702
            ],
            [
              118.9057181,
              32.1089611
            ],
            [
              118.9057932,
              32.1089429
            ],
            [
              118.9058039,
              32.1088975
            ],
            [
              118.9058683,
              32.1089157
            ],
            [
              118.905938,
              32.1089293
            ],
            [
              118.9059863,
              32.1088839
            ],
            [
              118.9060721,
              32.1089157
            ],
            [
              118.9060507,
              32.1090156
            ],
            [
              118.9060453,
              32.1091156
            ],
            [
              118.9060882,
              32.1092792
            ],
            [
              118.9060131,
              32.1092701
            ],
            [
              118.9059648,
              32.1092519
            ],
            [
              118.9058415,
              32.1092519
            ],
            [
              118.9058093,
              32.1091837
            ]
          ]
        ]
      },
      "properties": {
        "kind": "water",
        "name": "饮露池",
        "natural": "water",
        "waterway": null,
        "source": "OpenStreetMap",
        "osm_id": "156135218"
      }
    },
    {
      "type": "Feature",
      "geometry": {
        "type": "LineString",
        "coordinates": [
          [
            118.9170026,
            32.0953266
          ],
          [
            118.9176503,
            32.095676
          ],
          [
            118.9221475,
            32.098102
          ],
          [
            118.9226141,
            32.0983566
          ],
          [
            118.9246686,
            32.0994773
          ],
          [
            118.9268042,
            32.100534
          ],
          [
            118.9320664,
            32.1033848
          ],
          [
            118.9350294,
            32.1049735
          ],
          [
            118.9375556,
            32.1063346
          ],
          [
            118.9402694,
            32.1077896
          ],
          [
            118.9414093,
            32.1083629
          ],
          [
            118.9416953,
            32.1084474
          ]
        ]
      },
      "properties": {
        "kind": "water",
        "name": "仙林十里长沟",
        "natural": null,
        "waterway": "river",
        "source": "OpenStreetMap",
        "osm_id": "189244656"
      }
    },
    {
      "type": "Feature",
      "geometry": {
        "type": "Polygon",
        "coordinates": [
          [
            [
              118.9247387,
              32.1092232
            ],
            [
              118.9246851,
              32.1092118
            ],
            [
              118.9246422,
              32.1091982
            ],
            [
              118.9246073,
              32.1091846
            ],
            [
              118.9245805,
              32.1091664
            ],
            [
              118.9245671,
              32.1091391
            ],
            [
              118.9245698,
              32.109096
            ],
            [
              118.9245778,
              32.1090596
            ],
            [
              118.9245858,
              32.1090278
            ],
            [
              118.9245805,
              32.1090074
            ],
            [
              118.9245537,
              32.1089983
            ],
            [
              118.9245215,
              32.1089869
            ],
            [
              118.9244973,
              32.1089687
            ],
            [
              118.9244947,
              32.1089483
            ],
            [
              118.9245188,
              32.1089392
            ],
            [
              118.9245644,
              32.1089347
            ],
            [
              118.9245993,
              32.108946
            ],
            [
              118.9246127,
              32.1089756
            ],
            [
              118.9246368,
              32.1090074
            ],
            [
              118.9246609,
              32.1090346
            ],
            [
              118.924677,
              32.1090619
            ],
            [
              118.9246905,
              32.1090937
            ],
            [
              118.9246958,
              32.10913
            ],
            [
              118.9247092,
              32.1091573
            ],
            [
              118.924728,
              32.1091732
            ],
            [
              118.9247495,
              32.1091891
            ],
            [
              118.9247564,
              32.1092097
            ],
            [
              118.9247387,
              32.1092232
            ]
          ]
        ]
      },
      "properties": {
        "kind": "water",
        "name": null,
        "natural": "water",
        "waterway": null,
        "source": "OpenStreetMap",
        "osm_id": "223859836"
      }
    },
    {
      "type": "Feature",
      "geometry": {
        "type": "Polygon",
        "coordinates": [
          [
            [
              118.9157104,
              32.1070538
            ],
            [
              118.9155475,
              32.107058
            ],
            [
              118.9154142,
              32.1070831
            ],
            [
              118.9152908,
              32.1071186
            ],
            [
              118.9151921,
              32.1071813
            ],
            [
              118.9151896,
              32.107265
            ],
            [
              118.9152162,
              32.1073084
            ],
            [
              118.9153047,
              32.1073399
            ],
            [
              118.9154285,
              32.1073549
            ],
            [
              118.9155595,
              32.1073354
            ],
            [
              118.9156887,
              32.1073084
            ],
            [
              118.9157878,
              32.1073039
            ],
            [
              118.9158957,
              32.1073369
            ],
            [
              118.9159842,
              32.1073744
            ],
            [
              118.9160638,
              32.1073999
            ],
            [
              118.9161151,
              32.1074328
            ],
            [
              118.9161682,
              32.1074793
            ],
            [
              118.9162673,
              32.1075198
            ],
            [
              118.9163824,
              32.1075483
            ],
            [
              118.9165168,
              32.1075752
            ],
            [
              118.9166478,
              32.1075977
            ],
            [
              118.916754,
              32.1076232
            ],
            [
              118.9169009,
              32.1076562
            ],
            [
              118.9169869,
              32.1076754
            ],
            [
              118.9170757,
              32.1077151
            ],
            [
              118.9171029,
              32.1077485
            ],
            [
              118.9172781,
              32.1077611
            ],
            [
              118.917362,
              32.1077736
            ],
            [
              118.9173832,
              32.1077191
            ],
            [
              118.917569,
              32.1077648
            ],
            [
              118.9175465,
              32.1078194
            ],
            [
              118.9176724,
              32.107874
            ],
            [
              118.9177608,
              32.1079349
            ],
            [
              118.9178447,
              32.1080072
            ],
            [
              118.9179181,
              32.1081088
            ],
            [
              118.9179631,
              32.1081291
            ],
            [
              118.9180694,
              32.1081913
            ],
            [
              118.9180979,
              32.1082509
            ],
            [
              118.9181069,
              32.1083563
            ],
            [
              118.9180889,
              32.1084184
            ],
            [
              118.9180545,
              32.108473
            ],
            [
              118.917999,
              32.1085238
            ],
            [
              118.917978,
              32.1085555
            ],
            [
              118.9179676,
              32.108586
            ],
            [
              118.9179406,
              32.1086114
            ],
            [
              118.9178687,
              32.1086609
            ],
            [
              118.9178147,
              32.1087218
            ],
            [
              118.9177443,
              32.1088208
            ],
            [
              118.9177083,
              32.1088711
            ],
            [
              118.9176658,
              32.1089655
            ],
            [
              118.9176163,
              32.1090704
            ],
            [
              118.9176028,
              32.1091271
            ],
            [
              118.9175874,
              32.1091776
            ],
            [
              118.9175659,
              32.1092083
            ],
            [
              118.9175105,
              32.109272
            ],
            [
              118.9174698,
              32.109387
            ],
            [
              118.9174649,
              32.1095459
            ],
            [
              118.9174723,
              32.109617
            ],
            [
              118.9174723,
              32.1098448
            ],
            [
              118.9175044,
              32.109987
            ],
            [
              118.9175685,
              32.1100936
            ],
            [
              118.9176204,
              32.110263
            ],
            [
              118.9176747,
              32.1103403
            ],
            [
              118.9176969,
              32.1104302
            ],
            [
              118.9177046,
              32.1105176
            ],
            [
              118.9177185,
              32.1105692
            ],
            [
              118.9177414,
              32.1105961
            ],
            [
              118.9177883,
              32.1106186
            ],
            [
              118.9178213,
              32.1106681
            ],
            [
              118.917834,
              32.1107218
            ],
            [
              118.9178442,
              32.1107734
            ],
            [
              118.9179139,
              32.1108175
            ],
            [
              118.9179812,
              32.1108561
            ],
            [
              118.918056,
              32.1109196
            ],
            [
              118.918103,
              32.1109765
            ],
            [
              118.9181525,
              32.1110184
            ],
            [
              118.9182362,
              32.1110883
            ],
            [
              118.9182565,
              32.1111205
            ],
            [
              118.9183034,
              32.1111592
            ],
            [
              118.9183479,
              32.1112097
            ],
            [
              118.9183641,
              32.1112657
            ],
            [
              118.918354,
              32.1113409
            ],
            [
              118.9183261,
              32.1113968
            ],
            [
              118.918269,
              32.111457
            ],
            [
              118.9182246,
              32.1115171
            ],
            [
              118.9181967,
              32.1115881
            ],
            [
              118.9181865,
              32.1116612
            ],
            [
              118.9182157,
              32.1117278
            ],
            [
              118.9182639,
              32.1117783
            ],
            [
              118.9183274,
              32.1118062
            ],
            [
              118.9184377,
              32.1118342
            ],
            [
              118.9185265,
              32.1118632
            ],
            [
              118.9186154,
              32.1118987
            ],
            [
              118.9186991,
              32.1119363
            ],
            [
              118.9187968,
              32.1120018
            ],
            [
              118.918897,
              32.1120899
            ],
            [
              118.9190112,
              32.112221
            ],
            [
              118.9191102,
              32.1123242
            ],
            [
              118.9191609,
              32.1123618
            ],
            [
              118.91927,
              32.1123683
            ],
            [
              118.9193601,
              32.1123393
            ],
            [
              118.9194363,
              32.1122898
            ],
            [
              118.9194895,
              32.1122307
            ],
            [
              118.9195593,
              32.1121286
            ],
            [
              118.9196037,
              32.1120609
            ],
            [
              118.9196431,
              32.1119793
            ],
            [
              118.919671,
              32.1119223
            ],
            [
              118.9196735,
              32.1118825
            ],
            [
              118.919624,
              32.1118148
            ],
            [
              118.9194794,
              32.1117192
            ],
            [
              118.9193705,
              32.111666
            ],
            [
              118.9192742,
              32.1115962
            ],
            [
              118.9192064,
              32.1115297
            ],
            [
              118.9190632,
              32.1114494
            ],
            [
              118.9189103,
              32.1113448
            ],
            [
              118.9187276,
              32.1112654
            ],
            [
              118.9185721,
              32.1111901
            ],
            [
              118.9184907,
              32.1111358
            ],
            [
              118.9183846,
              32.1110814
            ],
            [
              118.9183094,
              32.1110268
            ],
            [
              118.9182015,
              32.1109355
            ],
            [
              118.918067,
              32.1108205
            ],
            [
              118.917982,
              32.110713
            ],
            [
              118.9178425,
              32.1105325
            ],
            [
              118.9177765,
              32.1103981
            ],
            [
              118.9177346,
              32.1102896
            ],
            [
              118.9176877,
              32.1101692
            ],
            [
              118.9176407,
              32.1100102
            ],
            [
              118.9176204,
              32.1098565
            ],
            [
              118.9175938,
              32.1097651
            ],
            [
              118.9175702,
              32.109715
            ],
            [
              118.9175604,
              32.109613
            ],
            [
              118.9175671,
              32.1095878
            ],
            [
              118.9175976,
              32.1095223
            ],
            [
              118.9176065,
              32.109447
            ],
            [
              118.9176293,
              32.1093922
            ],
            [
              118.9176598,
              32.1093697
            ],
            [
              118.9176858,
              32.1092646
            ],
            [
              118.9176888,
              32.109191
            ],
            [
              118.9177293,
              32.1091275
            ],
            [
              118.9177622,
              32.1090399
            ],
            [
              118.9177952,
              32.108979
            ],
            [
              118.9178521,
              32.1088965
            ],
            [
              118.9179271,
              32.1088026
            ],
            [
              118.917987,
              32.1087328
            ],
            [
              118.9180649,
              32.1086427
            ],
            [
              118.9180979,
              32.1085843
            ],
            [
              118.9181129,
              32.1085538
            ],
            [
              118.9181323,
              32.1084713
            ],
            [
              118.9181443,
              32.1083825
            ],
            [
              118.9181698,
              32.1082936
            ],
            [
              118.9181758,
              32.1082099
            ],
            [
              118.9181518,
              32.1081236
            ],
            [
              118.9181548,
              32.1080411
            ],
            [
              118.9181488,
              32.1079649
            ],
            [
              118.9180874,
              32.1078532
            ],
            [
              118.918014,
              32.107758
            ],
            [
              118.9179316,
              32.1076565
            ],
            [
              118.9178237,
              32.1075613
            ],
            [
              118.9177419,
              32.1075235
            ],
            [
              118.9175862,
              32.1075445
            ],
            [
              118.9174128,
              32.1075685
            ],
            [
              118.9172836,
              32.107618
            ],
            [
              118.9171739,
              32.107624
            ],
            [
              118.9170199,
              32.107555
            ],
            [
              118.916827,
              32.107507
            ],
            [
              118.9166271,
              32.1074711
            ],
            [
              118.9164165,
              32.1074231
            ],
            [
              118.9162502,
              32.1073751
            ],
            [
              118.9162112,
              32.1073332
            ],
            [
              118.916059,
              32.1072432
            ],
            [
              118.9160006,
              32.1071803
            ],
            [
              118.9159422,
              32.1071218
            ],
            [
              118.915829,
              32.1070753
            ],
            [
              118.9157104,
              32.1070538
            ]
          ]
        ]
      },
      "properties": {
        "kind": "water",
        "name": null,
        "natural": "water",
        "waterway": null,
        "source": "OpenStreetMap",
        "osm_id": "278199965"
      }
    },
    {
      "type": "Feature",
      "geometry": {
        "type": "Polygon",
        "coordinates": [
          [
            [
              118.9236327,
              32.1046416
            ],
            [
              118.9237804,
              32.1047042
            ],
            [
              118.923992,
              32.1047667
            ],
            [
              118.9243793,
              32.1048851
            ],
            [
              118.9244711,
              32.1049189
            ],
            [
              118.9244991,
              32.104951
            ],
            [
              118.9244971,
              32.1050085
            ],
            [
              118.9246608,
              32.1050525
            ],
            [
              118.9247007,
              32.1049477
            ],
            [
              118.9249263,
              32.1050153
            ],
            [
              118.9255271,
              32.1042205
            ],
            [
              118.9256569,
              32.1040278
            ],
            [
              118.9258106,
              32.1036913
            ],
            [
              118.9258905,
              32.1034731
            ],
            [
              118.9259284,
              32.1033243
            ],
            [
              118.9259244,
              32.103206
            ],
            [
              118.9259264,
              32.1031096
            ],
            [
              118.9258146,
              32.1030284
            ],
            [
              118.9251798,
              32.1028441
            ],
            [
              118.9251219,
              32.1028711
            ],
            [
              118.925064,
              32.102888
            ],
            [
              118.9250041,
              32.1028796
            ],
            [
              118.9249383,
              32.1028492
            ],
            [
              118.9249123,
              32.1028187
            ],
            [
              118.9248684,
              32.1027764
            ],
            [
              118.9248344,
              32.1027612
            ],
            [
              118.9243613,
              32.1027088
            ],
            [
              118.9241637,
              32.1026953
            ],
            [
              118.924035,
              32.1026993
            ],
            [
              118.9238603,
              32.1027003
            ],
            [
              118.9236906,
              32.102724
            ],
            [
              118.923501,
              32.1027934
            ],
            [
              118.9235329,
              32.1028221
            ],
            [
              118.9234191,
              32.1028745
            ],
            [
              118.9233133,
              32.1029675
            ],
            [
              118.9232774,
              32.1030402
            ],
            [
              118.9232435,
              32.1031755
            ],
            [
              118.9232215,
              32.1032719
            ],
            [
              118.9232494,
              32.1034072
            ],
            [
              118.9233093,
              32.103534
            ],
            [
              118.9234351,
              32.1037386
            ],
            [
              118.9235733,
              32.1039472
            ],
            [
              118.923639,
              32.1041004
            ],
            [
              118.9238064,
              32.1040971
            ],
            [
              118.9238503,
              32.1044015
            ],
            [
              118.9235149,
              32.1044099
            ],
            [
              118.9235349,
              32.1044962
            ],
            [
              118.9235569,
              32.1045604
            ],
            [
              118.9236327,
              32.1046416
            ]
          ]
        ]
      },
      "properties": {
        "kind": "water",
        "name": null,
        "natural": "water",
        "waterway": null,
        "source": "OpenStreetMap",
        "osm_id": "316493069"
      }
    },
    {
      "type": "Feature",
      "geometry": {
        "type": "Polygon",
        "coordinates": [
          [
            [
              118.9083184,
              32.1070605
            ],
            [
              118.9082003,
              32.1069878
            ],
            [
              118.908136,
              32.1068333
            ],
            [
              118.9081789,
              32.1066698
            ],
            [
              118.908372,
              32.1067425
            ],
            [
              118.9083935,
              32.1068424
            ],
            [
              118.9084686,
              32.1068879
            ],
            [
              118.9083184,
              32.1070605
            ]
          ]
        ]
      },
      "properties": {
        "kind": "water",
        "name": null,
        "natural": "water",
        "waterway": null,
        "source": "OpenStreetMap",
        "osm_id": "477392080"
      }
    },
    {
      "type": "Feature",
      "geometry": {
        "type": "Polygon",
        "coordinates": [
          [
            [
              118.9063763,
              32.1047491
            ],
            [
              118.9066458,
              32.1048308
            ],
            [
              118.9067947,
              32.1045264
            ],
            [
              118.9065117,
              32.1044332
            ],
            [
              118.9063763,
              32.1047491
            ]
          ]
        ]
      },
      "properties": {
        "kind": "water",
        "name": "喷泉",
        "natural": "water",
        "waterway": null,
        "source": "OpenStreetMap",
        "osm_id": "477394051"
      }
    },
    {
      "type": "Feature",
      "geometry": {
        "type": "Polygon",
        "coordinates": [
          [
            [
              118.9117109,
              32.1045606
            ],
            [
              118.9117861,
              32.1046708
            ],
            [
              118.9118898,
              32.1045933
            ],
            [
              118.9119995,
              32.1044796
            ],
            [
              118.9121804,
              32.1043264
            ],
            [
              118.9123898,
              32.1041731
            ],
            [
              118.9125911,
              32.1038804
            ],
            [
              118.9126561,
              32.1038546
            ],
            [
              118.9127638,
              32.1038804
            ],
            [
              118.912898,
              32.1039286
            ],
            [
              118.912898,
              32.1040216
            ],
            [
              118.9129,
              32.104087
            ],
            [
              118.9129569,
              32.1041318
            ],
            [
              118.9132504,
              32.1042133
            ],
            [
              118.9134689,
              32.1042781
            ],
            [
              118.9139168,
              32.1044053
            ],
            [
              118.9141462,
              32.1044496
            ],
            [
              118.9142025,
              32.1043883
            ],
            [
              118.9142628,
              32.1042929
            ],
            [
              118.9142467,
              32.1042542
            ],
            [
              118.9136566,
              32.1040895
            ],
            [
              118.9132718,
              32.1039623
            ],
            [
              118.9129217,
              32.1038589
            ],
            [
              118.9126548,
              32.1037805
            ],
            [
              118.912101,
              32.1036192
            ],
            [
              118.9120004,
              32.1037976
            ],
            [
              118.9120393,
              32.1038828
            ],
            [
              118.9120017,
              32.103968
            ],
            [
              118.9119159,
              32.1041406
            ],
            [
              118.9120138,
              32.1042917
            ],
            [
              118.911932,
              32.1043213
            ],
            [
              118.9119226,
              32.1043031
            ],
            [
              118.9118126,
              32.1043497
            ],
            [
              118.9118515,
              32.1044201
            ],
            [
              118.911873,
              32.1044144
            ],
            [
              118.9119159,
              32.1044928
            ],
            [
              118.9118381,
              32.1045178
            ],
            [
              118.911822,
              32.104503
            ],
            [
              118.9117109,
              32.1045606
            ]
          ]
        ]
      },
      "properties": {
        "kind": "water",
        "name": "南财小池塘",
        "natural": "water",
        "waterway": null,
        "source": "OpenStreetMap",
        "osm_id": "503322325"
      }
    },
    {
      "type": "Feature",
      "geometry": {
        "type": "Polygon",
        "coordinates": [
          [
            [
              118.914517,
              32.1044082
            ],
            [
              118.9150423,
              32.1045543
            ],
            [
              118.9153273,
              32.1047253
            ],
            [
              118.9154028,
              32.1048427
            ],
            [
              118.915318,
              32.1049615
            ],
            [
              118.9153642,
              32.1050437
            ],
            [
              118.9153042,
              32.1051259
            ],
            [
              118.9153658,
              32.1051872
            ],
            [
              118.9154305,
              32.1051924
            ],
            [
              118.9154336,
              32.1052446
            ],
            [
              118.9155876,
              32.1052877
            ],
            [
              118.9159312,
              32.1051924
            ],
            [
              118.9164226,
              32.1053425
            ],
            [
              118.9166691,
              32.1053673
            ],
            [
              118.9168324,
              32.1052511
            ],
            [
              118.9169664,
              32.1052107
            ],
            [
              118.917162,
              32.105242
            ],
            [
              118.9171266,
              32.1051676
            ],
            [
              118.9164765,
              32.104968
            ],
            [
              118.915449,
              32.1046313
            ],
            [
              118.914517,
              32.1043507
            ],
            [
              118.914517,
              32.1044082
            ]
          ]
        ]
      },
      "properties": {
        "kind": "water",
        "name": "南财无名小池塘",
        "natural": "water",
        "waterway": null,
        "source": "OpenStreetMap",
        "osm_id": "503323148"
      }
    },
    {
      "type": "Feature",
      "geometry": {
        "type": "Polygon",
        "coordinates": [
          [
            [
              118.9038711,
              32.0940505
            ],
            [
              118.9039071,
              32.0940407
            ],
            [
              118.9039449,
              32.0940414
            ],
            [
              118.9039804,
              32.0940525
            ],
            [
              118.9040097,
              32.0940727
            ],
            [
              118.9040297,
              32.0940998
            ],
            [
              118.9040382,
              32.0941311
            ],
            [
              118.9040342,
              32.0941629
            ],
            [
              118.9040183,
              32.0941919
            ],
            [
              118.9039921,
              32.094215
            ],
            [
              118.9039585,
              32.0942297
            ],
            [
              118.9039211,
              32.0942343
            ],
            [
              118.9038839,
              32.0942283
            ],
            [
              118.9038511,
              32.0942125
            ],
            [
              118.9038261,
              32.0941884
            ],
            [
              118.9038116,
              32.0941588
            ],
            [
              118.9038093,
              32.0941269
            ],
            [
              118.9038194,
              32.094096
            ],
            [
              118.9038408,
              32.0940696
            ],
            [
              118.9038711,
              32.0940505
            ]
          ]
        ]
      },
      "properties": {
        "kind": "water",
        "name": null,
        "natural": "water",
        "waterway": null,
        "source": "OpenStreetMap",
        "osm_id": "962602751"
      }
    },
    {
      "type": "Feature",
      "geometry": {
        "type": "LineString",
        "coordinates": [
          [
            118.9197691,
            32.0927806
          ],
          [
            118.9176503,
            32.095676
          ]
        ]
      },
      "properties": {
        "kind": "water",
        "name": null,
        "natural": null,
        "waterway": "stream",
        "source": "OpenStreetMap",
        "osm_id": "1412172573"
      }
    },
    {
      "type": "Feature",
      "geometry": {
        "type": "Polygon",
        "coordinates": [
          [
            [
              118.9099721,
              32.0951902
            ],
            [
              118.9101552,
              32.0951877
            ],
            [
              118.9101798,
              32.0951764
            ],
            [
              118.9101995,
              32.0951594
            ],
            [
              118.9102132,
              32.0951362
            ],
            [
              118.9102175,
              32.0951105
            ],
            [
              118.9102118,
              32.0950849
            ],
            [
              118.9100905,
              32.0951053
            ],
            [
              118.9100774,
              32.0950591
            ],
            [
              118.9101232,
              32.0950449
            ],
            [
              118.9101123,
              32.0950148
            ],
            [
              118.9100781,
              32.0950001
            ],
            [
              118.910041,
              32.0949918
            ],
            [
              118.9100026,
              32.0949902
            ],
            [
              118.9099691,
              32.0949944
            ],
            [
              118.909937,
              32.0950037
            ],
            [
              118.9099074,
              32.0950179
            ],
            [
              118.9098442,
              32.0950646
            ],
            [
              118.9098006,
              32.0951028
            ],
            [
              118.9098159,
              32.0951268
            ],
            [
              118.9099721,
              32.0951902
            ]
          ]
        ]
      },
      "properties": {
        "kind": "water",
        "name": null,
        "natural": "water",
        "waterway": null,
        "source": "OpenStreetMap",
        "osm_id": "1426056115"
      }
    },
    {
      "type": "Feature",
      "geometry": {
        "type": "Polygon",
        "coordinates": [
          [
            [
              118.927555,
              32.100921
            ],
            [
              118.927391,
              32.101185
            ],
            [
              118.926857,
              32.101908
            ],
            [
              118.926707,
              32.102056
            ],
            [
              118.926609,
              32.102082
            ],
            [
              118.926479,
              32.102082
            ],
            [
              118.926052,
              32.102049
            ],
            [
              118.925542,
              32.101982
            ],
            [
              118.923595,
              32.101769
            ],
            [
              118.921753,
              32.101589
            ],
            [
              118.919884,
              32.101393
            ],
            [
              118.918107,
              32.101228
            ],
            [
              118.918007,
              32.101196
            ],
            [
              118.918022,
              32.101116
            ],
            [
              118.918087,
              32.101081
            ],
            [
              118.918884,
              32.101163
            ],
            [
              118.919799,
              32.101274
            ],
            [
              118.920268,
              32.101309
            ],
            [
              118.921848,
              32.101504
            ],
            [
              118.922312,
              32.101535
            ],
            [
              118.922493,
              32.101548
            ],
            [
              118.923645,
              32.101635
            ],
            [
              118.923771,
              32.101661
            ],
            [
              118.923903,
              32.101695
            ],
            [
              118.92447,
              32.101771
            ],
            [
              118.925068,
              32.101826
            ],
            [
              118.925307,
              32.101802
            ],
            [
              118.925387,
              32.10181
            ],
            [
              118.925911,
              32.101871
            ],
            [
              118.926349,
              32.101919
            ],
            [
              118.926601,
              32.101945
            ],
            [
              118.926677,
              32.101915
            ],
            [
              118.926848,
              32.1017
            ],
            [
              118.927134,
              32.101296
            ],
            [
              118.927304,
              32.101072
            ],
            [
              118.927315,
              32.10104
            ],
            [
              118.927432,
              32.100851
            ],
            [
              118.927555,
              32.100921
            ]
          ]
        ]
      },
      "properties": {
        "kind": "water",
        "name": null,
        "natural": "water",
        "waterway": null,
        "source": "OpenStreetMap",
        "osm_id": "1525414397"
      }
    },
    {
      "type": "Feature",
      "geometry": {
        "type": "Polygon",
        "coordinates": [
          [
            [
              118.9426047,
              32.1142446
            ],
            [
              118.9424178,
              32.1141273
            ],
            [
              118.941289,
              32.1133057
            ],
            [
              118.9407895,
              32.1129576
            ],
            [
              118.9401363,
              32.1128143
            ],
            [
              118.9396633,
              32.112245
            ],
            [
              118.9388883,
              32.1112563
            ],
            [
              118.9379227,
              32.1101941
            ],
            [
              118.9372335,
              32.1098082
            ],
            [
              118.9365923,
              32.1095973
            ],
            [
              118.9355614,
              32.1090309
            ],
            [
              118.9344723,
              32.1087927
            ],
            [
              118.9335059,
              32.1085642
            ],
            [
              118.9330089,
              32.1083753
            ],
            [
              118.9330379,
              32.1080938
            ],
            [
              118.9335778,
              32.1079556
            ],
            [
              118.9338467,
              32.1076597
            ],
            [
              118.9341676,
              32.1075325
            ],
            [
              118.9351127,
              32.1066964
            ],
            [
              118.9403907,
              32.1094103
            ],
            [
              118.9403702,
              32.1095136
            ],
            [
              118.9403884,
              32.109612
            ],
            [
              118.9404457,
              32.1096926
            ],
            [
              118.9405167,
              32.1097515
            ],
            [
              118.9406239,
              32.109809
            ],
            [
              118.9416809,
              32.1101902
            ],
            [
              118.9435619,
              32.1107986
            ],
            [
              118.9435955,
              32.111038
            ],
            [
              118.9435378,
              32.1118272
            ],
            [
              118.9434581,
              32.1126772
            ],
            [
              118.9433005,
              32.1133137
            ],
            [
              118.9431392,
              32.1138406
            ],
            [
              118.9430383,
              32.1140441
            ],
            [
              118.942956,
              32.1141503
            ],
            [
              118.9428009,
              32.1142608
            ],
            [
              118.9426919,
              32.1142814
            ],
            [
              118.9426047,
              32.1142446
            ]
          ]
        ]
      },
      "properties": {
        "kind": "water",
        "name": "羊山湖",
        "natural": "water",
        "waterway": null,
        "source": "OpenStreetMap",
        "osm_id": "89911722"
      }
    },
    {
      "type": "Feature",
      "geometry": {
        "type": "LineString",
        "coordinates": [
          [
            118.9491653,
            32.0820513
          ],
          [
            118.9489112,
            32.0856843
          ],
          [
            118.9493189,
            32.0886294
          ],
          [
            118.9496193,
            32.0893384
          ],
          [
            118.9501548,
            32.0901852
          ],
          [
            118.9502996,
            32.0905965
          ],
          [
            118.9503918,
            32.0910631
          ],
          [
            118.9506698,
            32.0943004
          ],
          [
            118.9506738,
            32.0947094
          ],
          [
            118.9506778,
            32.0951225
          ],
          [
            118.9504202,
            32.0964282
          ],
          [
            118.9495516,
            32.1015264
          ],
          [
            118.9491937,
            32.1036272
          ],
          [
            118.9489978,
            32.1038778
          ],
          [
            118.9486514,
            32.1045348
          ],
          [
            118.948239,
            32.104992
          ],
          [
            118.9480147,
            32.1052899
          ],
          [
            118.9478663,
            32.1058248
          ],
          [
            118.9471766,
            32.1068041
          ],
          [
            118.9460499,
            32.1083746
          ],
          [
            118.9457172,
            32.1087849
          ],
          [
            118.9453222,
            32.1107112
          ],
          [
            118.9452996,
            32.1124097
          ],
          [
            118.9447336,
            32.1141021
          ],
          [
            118.9441747,
            32.1146946
          ],
          [
            118.9436346,
            32.1156626
          ],
          [
            118.9434043,
            32.1160841
          ],
          [
            118.9420876,
            32.1184571
          ],
          [
            118.9417528,
            32.1191052
          ],
          [
            118.941637,
            32.1193294
          ],
          [
            118.9412036,
            32.1205335
          ],
          [
            118.9409504,
            32.1212367
          ],
          [
            118.9409289,
            32.1218183
          ],
          [
            118.9410791,
            32.1230177
          ],
          [
            118.9412586,
            32.1244157
          ],
          [
            118.9412937,
            32.1246895
          ],
          [
            118.9419053,
            32.1287919
          ],
          [
            118.9420623,
            32.1303305
          ],
          [
            118.9422716,
            32.134275
          ],
          [
            118.9423939,
            32.1359223
          ],
          [
            118.9432249,
            32.1406253
          ],
          [
            118.943933,
            32.1453492
          ],
          [
            118.9440296,
            32.1456853
          ],
          [
            118.9442415,
            32.1460464
          ],
          [
            118.9444748,
            32.1462348
          ],
          [
            118.94676,
            32.1477973
          ],
          [
            118.9468626,
            32.1479589
          ],
          [
            118.9468848,
            32.1482068
          ],
          [
            118.9468325,
            32.1485844
          ],
          [
            118.9467536,
            32.1489665
          ],
          [
            118.9467762,
            32.1491917
          ],
          [
            118.9468512,
            32.1495005
          ],
          [
            118.9469746,
            32.1497458
          ],
          [
            118.9473676,
            32.1505718
          ],
          [
            118.9475164,
            32.1507688
          ],
          [
            118.9477606,
            32.1510652
          ],
          [
            118.9478871,
            32.1514261
          ],
          [
            118.9478714,
            32.1517667
          ],
          [
            118.9477972,
            32.1521253
          ],
          [
            118.9474279,
            32.1544464
          ],
          [
            118.947273,
            32.1555809
          ],
          [
            118.9469189,
            32.1569297
          ],
          [
            118.946729,
            32.1576724
          ],
          [
            118.9464771,
            32.1585934
          ],
          [
            118.9462347,
            32.160354
          ],
          [
            118.9461646,
            32.1609293
          ],
          [
            118.9461777,
            32.1618794
          ],
          [
            118.9460778,
            32.1644001
          ],
          [
            118.9459878,
            32.1646382
          ],
          [
            118.9458278,
            32.1648842
          ],
          [
            118.9457056,
            32.1652784
          ],
          [
            118.9456711,
            32.1657861
          ],
          [
            118.9457085,
            32.1662569
          ],
          [
            118.9457673,
            32.1669427
          ],
          [
            118.9458312,
            32.1675948
          ],
          [
            118.9459174,
            32.1684655
          ],
          [
            118.946014,
            32.1689196
          ],
          [
            118.9461261,
            32.1692646
          ],
          [
            118.9474342,
            32.1764492
          ]
        ]
      },
      "properties": {
        "kind": "water",
        "name": "九乡河",
        "natural": null,
        "waterway": "river",
        "source": "OpenStreetMap",
        "osm_id": "89931954"
      }
    },
    {
      "type": "Feature",
      "geometry": {
        "type": "Polygon",
        "coordinates": [
          [
            [
              118.9433015,
              32.1159813
            ],
            [
              118.9436096,
              32.1153643
            ],
            [
              118.9445546,
              32.1137222
            ],
            [
              118.9445882,
              32.1136473
            ],
            [
              118.9444665,
              32.1135579
            ],
            [
              118.9446482,
              32.1124166
            ],
            [
              118.9447113,
              32.1108258
            ],
            [
              118.9448736,
              32.1099903
            ],
            [
              118.9448922,
              32.1096282
            ],
            [
              118.9448801,
              32.1093578
            ],
            [
              118.9450255,
              32.1091997
            ],
            [
              118.9453407,
              32.1087937
            ],
            [
              118.9455444,
              32.1085314
            ],
            [
              118.9458378,
              32.1080521
            ],
            [
              118.9477495,
              32.1056837
            ],
            [
              118.9478546,
              32.1056621
            ],
            [
              118.9479608,
              32.1051883
            ],
            [
              118.9485537,
              32.1044198
            ],
            [
              118.9489978,
              32.1038778
            ],
            [
              118.949419,
              32.1039076
            ],
            [
              118.9490463,
              32.1043759
            ],
            [
              118.9482608,
              32.1053133
            ],
            [
              118.9481295,
              32.1060249
            ],
            [
              118.9475223,
              32.1068276
            ],
            [
              118.9471508,
              32.1073104
            ],
            [
              118.9467442,
              32.1077754
            ],
            [
              118.9465985,
              32.107972
            ],
            [
              118.9462659,
              32.1083327
            ],
            [
              118.946173,
              32.1085103
            ],
            [
              118.9460814,
              32.1085907
            ],
            [
              118.9459459,
              32.1089804
            ],
            [
              118.9459805,
              32.109205
            ],
            [
              118.9470951,
              32.1090997
            ],
            [
              118.9481106,
              32.1093965
            ],
            [
              118.9504684,
              32.1100259
            ],
            [
              118.9504488,
              32.1100627
            ],
            [
              118.950439,
              32.1100919
            ],
            [
              118.9489756,
              32.1096994
            ],
            [
              118.9481043,
              32.1094668
            ],
            [
              118.9470826,
              32.1091696
            ],
            [
              118.9461704,
              32.1092567
            ],
            [
              118.9460642,
              32.1092974
            ],
            [
              118.9460106,
              32.1093786
            ],
            [
              118.9460309,
              32.109546
            ],
            [
              118.9460309,
              32.1096704
            ],
            [
              118.9460292,
              32.1099026
            ],
            [
              118.9459806,
              32.1102253
            ],
            [
              118.9459522,
              32.1105
            ],
            [
              118.9458767,
              32.1108481
            ],
            [
              118.945646,
              32.1117704
            ],
            [
              118.9453195,
              32.113173
            ],
            [
              118.9451905,
              32.1135788
            ],
            [
              118.9451534,
              32.113874
            ],
            [
              118.9449963,
              32.1141984
            ],
            [
              118.9445994,
              32.1145192
            ],
            [
              118.9440667,
              32.1154295
            ],
            [
              118.9436686,
              32.116128
            ],
            [
              118.9425611,
              32.1180301
            ],
            [
              118.9421528,
              32.1187314
            ],
            [
              118.941724,
              32.1196607
            ],
            [
              118.9413501,
              32.1206866
            ],
            [
              118.9411806,
              32.1212842
            ],
            [
              118.9411151,
              32.1215789
            ],
            [
              118.9411267,
              32.1218329
            ],
            [
              118.9413077,
              32.1232065
            ],
            [
              118.941568,
              32.1249381
            ],
            [
              118.9417508,
              32.1264233
            ],
            [
              118.941882,
              32.1275984
            ],
            [
              118.9420009,
              32.1283225
            ],
            [
              118.9420933,
              32.1290466
            ],
            [
              118.942166,
              32.1295575
            ],
            [
              118.9421958,
              32.1303944
            ],
            [
              118.9422695,
              32.1320459
            ],
            [
              118.9423675,
              32.1334047
            ],
            [
              118.942518,
              32.1349746
            ],
            [
              118.9425906,
              32.1357308
            ],
            [
              118.9424733,
              32.1357868
            ],
            [
              118.942448,
              32.1358811
            ],
            [
              118.9424752,
              32.1359515
            ],
            [
              118.9426134,
              32.1363089
            ],
            [
              118.9427416,
              32.1367671
            ],
            [
              118.94243,
              32.1367502
            ],
            [
              118.9423677,
              32.1364398
            ],
            [
              118.9423117,
              32.1360752
            ],
            [
              118.9422108,
              32.1349829
            ],
            [
              118.9420475,
              32.1333029
            ],
            [
              118.9419581,
              32.1320431
            ],
            [
              118.941932,
              32.1308493
            ],
            [
              118.9418606,
              32.1297088
            ],
            [
              118.9417805,
              32.129006
            ],
            [
              118.9415861,
              32.1276158
            ],
            [
              118.9414759,
              32.1264646
            ],
            [
              118.9411981,
              32.1249797
            ],
            [
              118.9411097,
              32.1244292
            ],
            [
              118.9410786,
              32.1243833
            ],
            [
              118.9410269,
              32.1243612
            ],
            [
              118.9410211,
              32.1242372
            ],
            [
              118.9410613,
              32.1242052
            ],
            [
              118.9410852,
              32.1241584
            ],
            [
              118.9408146,
              32.12228
            ],
            [
              118.940753,
              32.1218136
            ],
            [
              118.9407645,
              32.121468
            ],
            [
              118.9408936,
              32.1209237
            ],
            [
              118.9413477,
              32.1196038
            ],
            [
              118.9417971,
              32.118663
            ],
            [
              118.9433015,
              32.1159813
            ]
          ]
        ]
      },
      "properties": {
        "kind": "water",
        "name": null,
        "natural": "water",
        "waterway": null,
        "source": "OpenStreetMap",
        "osm_id": "118862362"
      }
    },
    {
      "type": "Feature",
      "geometry": {
        "type": "Polygon",
        "coordinates": [
          [
            [
              118.9439643,
              32.1050652
            ],
            [
              118.9440493,
              32.1050727
            ],
            [
              118.9441366,
              32.1051153
            ],
            [
              118.9441502,
              32.1051461
            ],
            [
              118.9441507,
              32.1051965
            ],
            [
              118.944138,
              32.105276
            ],
            [
              118.944138,
              32.1053634
            ],
            [
              118.9441359,
              32.1054135
            ],
            [
              118.9441202,
              32.10547
            ],
            [
              118.9440644,
              32.1055374
            ],
            [
              118.943996,
              32.1055372
            ],
            [
              118.9438852,
              32.1054771
            ],
            [
              118.9438336,
              32.1054421
            ],
            [
              118.9437252,
              32.1053853
            ],
            [
              118.9436065,
              32.1053154
            ],
            [
              118.9435706,
              32.1052605
            ],
            [
              118.9435661,
              32.1051845
            ],
            [
              118.943583,
              32.1051303
            ],
            [
              118.9436113,
              32.1050951
            ],
            [
              118.9436732,
              32.1050734
            ],
            [
              118.9438587,
              32.105087
            ],
            [
              118.9439643,
              32.1050652
            ]
          ]
        ]
      },
      "properties": {
        "kind": "water",
        "name": null,
        "natural": "water",
        "waterway": null,
        "source": "OpenStreetMap",
        "osm_id": "118932324"
      }
    },
    {
      "type": "Feature",
      "geometry": {
        "type": "Polygon",
        "coordinates": [
          [
            [
              118.9415737,
              32.108515
            ],
            [
              118.9416953,
              32.1084474
            ],
            [
              118.9418961,
              32.1083358
            ],
            [
              118.942138,
              32.1081224
            ],
            [
              118.9425915,
              32.1077382
            ],
            [
              118.9429039,
              32.1075419
            ],
            [
              118.9432062,
              32.1076187
            ],
            [
              118.9434468,
              32.1076808
            ],
            [
              118.9435665,
              32.1077543
            ],
            [
              118.9437522,
              32.1079431
            ],
            [
              118.9438389,
              32.1080515
            ],
            [
              118.9440494,
              32.1081668
            ],
            [
              118.9442434,
              32.1082263
            ],
            [
              118.9444251,
              32.1082647
            ],
            [
              118.94452,
              32.1083172
            ],
            [
              118.9445778,
              32.1084291
            ],
            [
              118.9444911,
              32.108541
            ],
            [
              118.9442765,
              32.1088626
            ],
            [
              118.9441557,
              32.1090372
            ],
            [
              118.9440784,
              32.109211
            ],
            [
              118.9441181,
              32.1092334
            ],
            [
              118.9441181,
              32.1092725
            ],
            [
              118.9437647,
              32.109225
            ],
            [
              118.9432529,
              32.1090656
            ],
            [
              118.9424779,
              32.1088115
            ],
            [
              118.9415737,
              32.108515
            ]
          ]
        ]
      },
      "properties": {
        "kind": "water",
        "name": null,
        "natural": "water",
        "waterway": null,
        "source": "OpenStreetMap",
        "osm_id": "118932349"
      }
    },
    {
      "type": "Feature",
      "geometry": {
        "type": "LineString",
        "coordinates": [
          [
            118.9424429,
            32.1031945
          ],
          [
            118.9425597,
            32.1031835
          ],
          [
            118.942699,
            32.1031966
          ],
          [
            118.9429519,
            32.1032404
          ],
          [
            118.943375,
            32.103389
          ],
          [
            118.9435659,
            32.1034502
          ],
          [
            118.9441335,
            32.1034633
          ],
          [
            118.9444379,
            32.1034633
          ],
          [
            118.9448868,
            32.1034545
          ],
          [
            118.945217,
            32.1034152
          ],
          [
            118.9453873,
            32.1033715
          ],
          [
            118.9454905,
            32.1033278
          ],
          [
            118.9456195,
            32.103201
          ],
          [
            118.9457536,
            32.1031442
          ],
          [
            118.9459342,
            32.1032054
          ],
          [
            118.9461355,
            32.1032797
          ],
          [
            118.9464038,
            32.1032841
          ],
          [
            118.9465689,
            32.1033147
          ],
          [
            118.9467856,
            32.1034196
          ],
          [
            118.946894,
            32.103507
          ],
          [
            118.9469868,
            32.1036075
          ],
          [
            118.9470487,
            32.1037343
          ],
          [
            118.947121,
            32.1038741
          ],
          [
            118.9472397,
            32.1039747
          ],
          [
            118.9474512,
            32.104097
          ],
          [
            118.9477298,
            32.1041233
          ],
          [
            118.9479207,
            32.104167
          ],
          [
            118.9480989,
            32.1041941
          ]
        ]
      },
      "properties": {
        "kind": "water",
        "name": null,
        "natural": null,
        "waterway": "river",
        "source": "OpenStreetMap",
        "osm_id": "118942433"
      }
    },
    {
      "type": "Feature",
      "geometry": {
        "type": "Polygon",
        "coordinates": [
          [
            [
              118.9372277,
              32.1051498
            ],
            [
              118.9371568,
              32.1050897
            ],
            [
              118.937189,
              32.1049913
            ],
            [
              118.9373116,
              32.1049148
            ],
            [
              118.9373503,
              32.1048056
            ],
            [
              118.9374857,
              32.1046471
            ],
            [
              118.9376018,
              32.1046089
            ],
            [
              118.937716,
              32.1046285
            ],
            [
              118.9379145,
              32.1047399
            ],
            [
              118.938062,
              32.104841
            ],
            [
              118.9380662,
              32.1048985
            ],
            [
              118.9380855,
              32.1049913
            ],
            [
              118.9379823,
              32.1050733
            ],
            [
              118.9379114,
              32.1051443
            ],
            [
              118.9378528,
              32.1051909
            ],
            [
              118.9377718,
              32.1052265
            ],
            [
              118.9378045,
              32.1053158
            ],
            [
              118.9377522,
              32.1053885
            ],
            [
              118.937626,
              32.1053633
            ],
            [
              118.937438,
              32.1052873
            ],
            [
              118.9372977,
              32.10521
            ],
            [
              118.9373612,
              32.1051445
            ],
            [
              118.9372277,
              32.1051498
            ]
          ]
        ]
      },
      "properties": {
        "kind": "water",
        "name": null,
        "natural": "water",
        "waterway": null,
        "source": "OpenStreetMap",
        "osm_id": "118942508"
      }
    },
    {
      "type": "Feature",
      "geometry": {
        "type": "LineString",
        "coordinates": [
          [
            118.9409423,
            32.1017385
          ],
          [
            118.9406533,
            32.1018066
          ],
          [
            118.9404428,
            32.1018556
          ],
          [
            118.9402282,
            32.1018906
          ],
          [
            118.9400482,
            32.1018752
          ],
          [
            118.9399385,
            32.1017659
          ],
          [
            118.9397579,
            32.1015856
          ],
          [
            118.9395278,
            32.1013792
          ],
          [
            118.9393396,
            32.1013296
          ],
          [
            118.9384639,
            32.1013587
          ],
          [
            118.9383736,
            32.1013602
          ]
        ]
      },
      "properties": {
        "kind": "water",
        "name": null,
        "natural": null,
        "waterway": "river",
        "source": "OpenStreetMap",
        "osm_id": "118942517"
      }
    },
    {
      "type": "Feature",
      "geometry": {
        "type": "LineString",
        "coordinates": [
          [
            118.9414093,
            32.1083629
          ],
          [
            118.9410782,
            32.1088978
          ],
          [
            118.9406487,
            32.1095652
          ],
          [
            118.9407419,
            32.1096378
          ],
          [
            118.9416846,
            32.1100182
          ],
          [
            118.9423423,
            32.1102249
          ],
          [
            118.9435463,
            32.1106045
          ],
          [
            118.9437374,
            32.1106741
          ],
          [
            118.9437694,
            32.1107537
          ],
          [
            118.9437872,
            32.1111191
          ],
          [
            118.9437573,
            32.1113506
          ],
          [
            118.9436953,
            32.1121446
          ],
          [
            118.9436227,
            32.1127849
          ],
          [
            118.9434711,
            32.1133691
          ],
          [
            118.9431743,
            32.1141414
          ],
          [
            118.9430758,
            32.114378
          ],
          [
            118.9429271,
            32.114605
          ]
        ]
      },
      "properties": {
        "kind": "water",
        "name": "仙林十里长沟",
        "natural": null,
        "waterway": "river",
        "source": "OpenStreetMap",
        "osm_id": "189244655"
      }
    },
    {
      "type": "Feature",
      "geometry": {
        "type": "Polygon",
        "coordinates": [
          [
            [
              118.9271154,
              32.1089623
            ],
            [
              118.9271852,
              32.1089824
            ],
            [
              118.9272652,
              32.1087747
            ],
            [
              118.9271425,
              32.1087433
            ],
            [
              118.9270244,
              32.1087179
            ],
            [
              118.9270389,
              32.1086661
            ],
            [
              118.9270013,
              32.1086298
            ],
            [
              118.9269171,
              32.1086141
            ],
            [
              118.9268487,
              32.1085974
            ],
            [
              118.9268274,
              32.1085742
            ],
            [
              118.9268304,
              32.108252
            ],
            [
              118.9268705,
              32.1082901
            ],
            [
              118.9269423,
              32.108339
            ],
            [
              118.9270257,
              32.1083818
            ],
            [
              118.9271193,
              32.1084299
            ],
            [
              118.9272036,
              32.108452
            ],
            [
              118.9273446,
              32.1084889
            ],
            [
              118.9274573,
              32.1085162
            ],
            [
              118.9275581,
              32.1085184
            ],
            [
              118.9276611,
              32.1085207
            ],
            [
              118.9277631,
              32.1085389
            ],
            [
              118.9278509,
              32.1085608
            ],
            [
              118.9279347,
              32.1085844
            ],
            [
              118.9280366,
              32.1086162
            ],
            [
              118.9282026,
              32.1086738
            ],
            [
              118.9282852,
              32.1087025
            ],
            [
              118.9283639,
              32.1087298
            ],
            [
              118.9283961,
              32.1087752
            ],
            [
              118.9284336,
              32.1088388
            ],
            [
              118.9284443,
              32.1089206
            ],
            [
              118.9283853,
              32.1089842
            ],
            [
              118.9283478,
              32.1090387
            ],
            [
              118.9283531,
              32.1090978
            ],
            [
              118.9282941,
              32.1091251
            ],
            [
              118.9281761,
              32.1091205
            ],
            [
              118.9281117,
              32.109116
            ],
            [
              118.9280667,
              32.1091581
            ],
            [
              118.9278951,
              32.1090548
            ],
            [
              118.9278185,
              32.1090122
            ],
            [
              118.9276829,
              32.1091919
            ],
            [
              118.9278424,
              32.1092778
            ],
            [
              118.9278604,
              32.1093329
            ],
            [
              118.9279456,
              32.1094013
            ],
            [
              118.9279508,
              32.1094477
            ],
            [
              118.9279776,
              32.1094886
            ],
            [
              118.9280023,
              32.1095347
            ],
            [
              118.9280045,
              32.109584
            ],
            [
              118.9280098,
              32.1096431
            ],
            [
              118.9279999,
              32.1096897
            ],
            [
              118.9279776,
              32.1097385
            ],
            [
              118.9279508,
              32.109793
            ],
            [
              118.9279007,
              32.109853
            ],
            [
              118.9278221,
              32.1098839
            ],
            [
              118.927747,
              32.1099066
            ],
            [
              118.9276558,
              32.1099157
            ],
            [
              118.9275646,
              32.1099384
            ],
            [
              118.9274734,
              32.1099657
            ],
            [
              118.9273822,
              32.109993
            ],
            [
              118.9272964,
              32.1100202
            ],
            [
              118.9272052,
              32.1100566
            ],
            [
              118.9271408,
              32.1100929
            ],
            [
              118.9270603,
              32.1101384
            ],
            [
              118.9269799,
              32.1101611
            ],
            [
              118.9268833,
              32.1101656
            ],
            [
              118.9267921,
              32.1101474
            ],
            [
              118.9267063,
              32.1101156
            ],
            [
              118.9266687,
              32.1100838
            ],
            [
              118.9266365,
              32.1100475
            ],
            [
              118.9266204,
              32.109993
            ],
            [
              118.9266097,
              32.1099293
            ],
            [
              118.9266145,
              32.1094128
            ],
            [
              118.9266556,
              32.109402
            ],
            [
              118.9266747,
              32.1094028
            ],
            [
              118.9267401,
              32.109444
            ],
            [
              118.9267924,
              32.1094608
            ],
            [
              118.9268497,
              32.1094735
            ],
            [
              118.9269121,
              32.1094752
            ],
            [
              118.9269748,
              32.1094556
            ],
            [
              118.9270271,
              32.1094236
            ],
            [
              118.9270636,
              32.1093864
            ],
            [
              118.9270737,
              32.1093775
            ],
            [
              118.9270874,
              32.1093736
            ],
            [
              118.9272051,
              32.1093727
            ],
            [
              118.9272169,
              32.1093719
            ],
            [
              118.9272256,
              32.1093673
            ],
            [
              118.9272809,
              32.1092296
            ],
            [
              118.9272752,
              32.109193
            ],
            [
              118.9272574,
              32.1091515
            ],
            [
              118.9272202,
              32.1091174
            ],
            [
              118.9271847,
              32.1090967
            ],
            [
              118.9271393,
              32.1090836
            ],
            [
              118.9271084,
              32.1090406
            ],
            [
              118.9271031,
              32.1090065
            ],
            [
              118.9271154,
              32.1089623
            ]
          ]
        ]
      },
      "properties": {
        "kind": "water",
        "name": "中博湖",
        "natural": "water",
        "waterway": null,
        "source": "OpenStreetMap",
        "osm_id": "223859823"
      }
    },
    {
      "type": "Feature",
      "geometry": {
        "type": "Polygon",
        "coordinates": [
          [
            [
              118.9262152,
              32.1085496
            ],
            [
              118.9262149,
              32.1084797
            ],
            [
              118.9262148,
              32.1084533
            ],
            [
              118.9262144,
              32.1083563
            ],
            [
              118.9263825,
              32.1083559
            ],
            [
              118.9263829,
              32.1084526
            ],
            [
              118.926383,
              32.108479
            ],
            [
              118.9263836,
              32.1085486
            ],
            [
              118.9262152,
              32.1085496
            ]
          ]
        ]
      },
      "properties": {
        "kind": "water",
        "name": null,
        "natural": "water",
        "waterway": null,
        "source": "OpenStreetMap",
        "osm_id": "224938954"
      }
    },
    {
      "type": "Feature",
      "geometry": {
        "type": "LineString",
        "coordinates": [
          [
            118.952895,
            32.0958147
          ],
          [
            118.9529224,
            32.0954145
          ],
          [
            118.953035,
            32.0942266
          ],
          [
            118.9530879,
            32.0929515
          ],
          [
            118.9532017,
            32.0921917
          ],
          [
            118.9531926,
            32.0918463
          ],
          [
            118.9529758,
            32.0908294
          ],
          [
            118.9529107,
            32.090423
          ],
          [
            118.9530173,
            32.0898199
          ],
          [
            118.9529587,
            32.0887013
          ],
          [
            118.9529497,
            32.087935
          ],
          [
            118.9528973,
            32.0869564
          ]
        ]
      },
      "properties": {
        "kind": "water",
        "name": null,
        "natural": null,
        "waterway": "stream",
        "source": "OpenStreetMap",
        "osm_id": "288310960"
      }
    },
    {
      "type": "Feature",
      "geometry": {
        "type": "LineString",
        "coordinates": [
          [
            118.9524749,
            32.0811412
          ],
          [
            118.9529143,
            32.0748144
          ],
          [
            118.9531654,
            32.0714254
          ],
          [
            118.9530706,
            32.0712965
          ]
        ]
      },
      "properties": {
        "kind": "water",
        "name": null,
        "natural": null,
        "waterway": "canal",
        "source": "OpenStreetMap",
        "osm_id": "380216591"
      }
    },
    {
      "type": "Feature",
      "geometry": {
        "type": "LineString",
        "coordinates": [
          [
            118.9286099,
            32.095805
          ],
          [
            118.9284989,
            32.0960848
          ],
          [
            118.928359,
            32.0964321
          ],
          [
            118.9283457,
            32.0965119
          ],
          [
            118.9283537,
            32.096568
          ],
          [
            118.9283858,
            32.0966498
          ],
          [
            118.9284556,
            32.0967179
          ],
          [
            118.9285468,
            32.0967952
          ],
          [
            118.9288847,
            32.0970343
          ],
          [
            118.9293437,
            32.0973155
          ],
          [
            118.9297514,
            32.09752
          ],
          [
            118.9302932,
            32.09777
          ],
          [
            118.9308189,
            32.0980472
          ],
          [
            118.9313017,
            32.098288
          ],
          [
            118.9318167,
            32.0985425
          ],
          [
            118.9323287,
            32.0988084
          ],
          [
            118.9325784,
            32.0989242
          ],
          [
            118.9330084,
            32.0990861
          ],
          [
            118.9333604,
            32.0991974
          ],
          [
            118.9339517,
            32.0993287
          ],
          [
            118.9345152,
            32.0993941
          ],
          [
            118.9348977,
            32.0993998
          ],
          [
            118.9353272,
            32.0993802
          ],
          [
            118.9356086,
            32.0993915
          ],
          [
            118.9358685,
            32.0993593
          ],
          [
            118.9363335,
            32.0992605
          ],
          [
            118.9367298,
            32.0991547
          ],
          [
            118.937106,
            32.0990318
          ],
          [
            118.9374809,
            32.0988687
          ]
        ]
      },
      "properties": {
        "kind": "water",
        "name": null,
        "natural": null,
        "waterway": "stream",
        "source": "OpenStreetMap",
        "osm_id": "583443726"
      }
    },
    {
      "type": "Feature",
      "geometry": {
        "type": "Polygon",
        "coordinates": [
          [
            [
              118.928561,
              32.0957746
            ],
            [
              118.9286099,
              32.095805
            ],
            [
              118.9286829,
              32.0958226
            ],
            [
              118.9288049,
              32.0957572
            ],
            [
              118.9290854,
              32.0958846
            ],
            [
              118.9297277,
              32.0960258
            ],
            [
              118.9300082,
              32.0960362
            ],
            [
              118.9300855,
              32.095957
            ],
            [
              118.9300936,
              32.0957675
            ],
            [
              118.9298741,
              32.0954955
            ],
            [
              118.9298294,
              32.0953818
            ],
            [
              118.9298538,
              32.095213
            ],
            [
              118.9301505,
              32.0945104
            ],
            [
              118.9301261,
              32.094383
            ],
            [
              118.9297643,
              32.0942039
            ],
            [
              118.9295692,
              32.0942177
            ],
            [
              118.9294228,
              32.094352
            ],
            [
              118.929187,
              32.0948583
            ],
            [
              118.9289613,
              32.0951569
            ],
            [
              118.9288902,
              32.0952509
            ],
            [
              118.9286463,
              32.0954541
            ],
            [
              118.9285569,
              32.0956952
            ],
            [
              118.928561,
              32.0957746
            ]
          ]
        ]
      },
      "properties": {
        "kind": "water",
        "name": null,
        "natural": "water",
        "waterway": null,
        "source": "OpenStreetMap",
        "osm_id": "875398348"
      }
    },
    {
      "type": "Feature",
      "geometry": {
        "type": "LineString",
        "coordinates": [
          [
            118.9482802,
            32.1042932
          ],
          [
            118.9483851,
            32.1043505
          ],
          [
            118.9485537,
            32.1044198
          ],
          [
            118.9486514,
            32.1045348
          ]
        ]
      },
      "properties": {
        "kind": "water",
        "name": null,
        "natural": null,
        "waterway": "river",
        "source": "OpenStreetMap",
        "osm_id": "878591065"
      }
    },
    {
      "type": "Feature",
      "geometry": {
        "type": "LineString",
        "coordinates": [
          [
            118.9480989,
            32.1041941
          ],
          [
            118.9482802,
            32.1042932
          ]
        ]
      },
      "properties": {
        "kind": "water",
        "name": null,
        "natural": null,
        "waterway": "river",
        "source": "OpenStreetMap",
        "osm_id": "878591066"
      }
    },
    {
      "type": "Feature",
      "geometry": {
        "type": "Polygon",
        "coordinates": [
          [
            [
              118.9693474,
              32.0839337
            ],
            [
              118.9695668,
              32.0837418
            ],
            [
              118.9695456,
              32.0835619
            ],
            [
              118.9694536,
              32.083382
            ],
            [
              118.9694607,
              32.083226
            ],
            [
              118.969581,
              32.0831241
            ],
            [
              118.969765,
              32.0830041
            ],
            [
              118.9699632,
              32.0829262
            ],
            [
              118.9701827,
              32.0827702
            ],
            [
              118.9704658,
              32.0825124
            ],
            [
              118.9706286,
              32.0823804
            ],
            [
              118.9705861,
              32.0820446
            ],
            [
              118.9706074,
              32.0816787
            ],
            [
              118.9706144,
              32.0813609
            ],
            [
              118.9708126,
              32.0812709
            ],
            [
              118.9714143,
              32.0813069
            ],
            [
              118.9726176,
              32.080887
            ],
            [
              118.9727167,
              32.080947
            ],
            [
              118.9731556,
              32.0816787
            ],
            [
              118.9732264,
              32.0817987
            ],
            [
              118.9731839,
              32.0819906
            ],
            [
              118.973099,
              32.0824344
            ],
            [
              118.9728087,
              32.0828902
            ],
            [
              118.9725893,
              32.0830401
            ],
            [
              118.9721717,
              32.0830821
            ],
            [
              118.9718886,
              32.0831721
            ],
            [
              118.9711666,
              32.0844855
            ],
            [
              118.970841,
              32.0844195
            ],
            [
              118.9696659,
              32.0841017
            ],
            [
              118.969489,
              32.0840537
            ],
            [
              118.9693474,
              32.0839337
            ]
          ]
        ]
      },
      "properties": {
        "kind": "water",
        "name": null,
        "natural": "water",
        "waterway": null,
        "source": "OpenStreetMap",
        "osm_id": "884659987"
      }
    },
    {
      "type": "Feature",
      "geometry": {
        "type": "Polygon",
        "coordinates": [
          [
            [
              118.9493156,
              32.0817627
            ],
            [
              118.9489333,
              32.0817747
            ],
            [
              118.9490324,
              32.081043
            ],
            [
              118.9490324,
              32.0806471
            ],
            [
              118.9490041,
              32.0804612
            ],
            [
              118.9490678,
              32.0799214
            ],
            [
              118.9491032,
              32.0796875
            ],
            [
              118.9492094,
              32.0787459
            ],
            [
              118.9495067,
              32.0787579
            ],
            [
              118.9497544,
              32.0793937
            ],
            [
              118.9499668,
              32.0798495
            ],
            [
              118.9499809,
              32.0799394
            ],
            [
              118.9499385,
              32.0804012
            ],
            [
              118.9499314,
              32.0806471
            ],
            [
              118.9497827,
              32.081025
            ],
            [
              118.9496482,
              32.0812289
            ],
            [
              118.9493156,
              32.0817627
            ]
          ]
        ]
      },
      "properties": {
        "kind": "water",
        "name": null,
        "natural": "water",
        "waterway": null,
        "source": "OpenStreetMap",
        "osm_id": "884659988"
      }
    },
    {
      "type": "Feature",
      "geometry": {
        "type": "Polygon",
        "coordinates": [
          [
            [
              118.9562579,
              32.0956478
            ],
            [
              118.9564332,
              32.0956964
            ],
            [
              118.956655,
              32.095632
            ],
            [
              118.9568504,
              32.0954954
            ],
            [
              118.9572537,
              32.095067
            ],
            [
              118.9572677,
              32.094958
            ],
            [
              118.9573188,
              32.0949067
            ],
            [
              118.9574073,
              32.0948673
            ],
            [
              118.9575887,
              32.0946755
            ],
            [
              118.9577578,
              32.0945362
            ],
            [
              118.9580711,
              32.0942812
            ],
            [
              118.958676,
              32.0938266
            ],
            [
              118.9586946,
              32.0937346
            ],
            [
              118.9585799,
              32.0936453
            ],
            [
              118.9581828,
              32.094004
            ],
            [
              118.9575717,
              32.0944849
            ],
            [
              118.9572646,
              32.0947687
            ],
            [
              118.9572351,
              32.0948568
            ],
            [
              118.9571855,
              32.0949041
            ],
            [
              118.9570629,
              32.0949501
            ],
            [
              118.9565821,
              32.0953929
            ],
            [
              118.9563743,
              32.0955887
            ],
            [
              118.9562579,
              32.0956478
            ]
          ]
        ]
      },
      "properties": {
        "kind": "water",
        "name": null,
        "natural": "water",
        "waterway": null,
        "source": "OpenStreetMap",
        "osm_id": "891232148"
      }
    },
    {
      "type": "Feature",
      "geometry": {
        "type": "LineString",
        "coordinates": [
          [
            118.952926,
            32.0972908
          ],
          [
            118.9528676,
            32.0962149
          ]
        ]
      },
      "properties": {
        "kind": "water",
        "name": null,
        "natural": null,
        "waterway": "stream",
        "source": "OpenStreetMap",
        "osm_id": "964466835"
      }
    },
    {
      "type": "Feature",
      "geometry": {
        "type": "LineString",
        "coordinates": [
          [
            118.9528676,
            32.0962149
          ],
          [
            118.952895,
            32.0958147
          ]
        ]
      },
      "properties": {
        "kind": "water",
        "name": null,
        "natural": null,
        "waterway": "stream",
        "source": "OpenStreetMap",
        "osm_id": "964466836"
      }
    },
    {
      "type": "Feature",
      "geometry": {
        "type": "LineString",
        "coordinates": [
          [
            118.9423352,
            32.1032187
          ],
          [
            118.9423744,
            32.1032102
          ],
          [
            118.9424429,
            32.1031945
          ]
        ]
      },
      "properties": {
        "kind": "water",
        "name": null,
        "natural": null,
        "waterway": "river",
        "source": "OpenStreetMap",
        "osm_id": "976640135"
      }
    },
    {
      "type": "Feature",
      "geometry": {
        "type": "LineString",
        "coordinates": [
          [
            118.9420381,
            32.1030549
          ],
          [
            118.9420356,
            32.1029623
          ],
          [
            118.9420341,
            32.1028776
          ]
        ]
      },
      "properties": {
        "kind": "water",
        "name": null,
        "natural": null,
        "waterway": "river",
        "source": "OpenStreetMap",
        "osm_id": "976640136"
      }
    },
    {
      "type": "Feature",
      "geometry": {
        "type": "LineString",
        "coordinates": [
          [
            118.9410567,
            32.1017942
          ],
          [
            118.9409423,
            32.1017385
          ]
        ]
      },
      "properties": {
        "kind": "water",
        "name": null,
        "natural": null,
        "waterway": "river",
        "source": "OpenStreetMap",
        "osm_id": "976640137"
      }
    },
    {
      "type": "Feature",
      "geometry": {
        "type": "LineString",
        "coordinates": [
          [
            118.9420341,
            32.1028776
          ],
          [
            118.941999,
            32.1027333
          ],
          [
            118.9418545,
            32.1023626
          ],
          [
            118.9417769,
            32.1022576
          ],
          [
            118.9416365,
            32.1021337
          ],
          [
            118.9412312,
            32.1019011
          ],
          [
            118.9410567,
            32.1017942
          ]
        ]
      },
      "properties": {
        "kind": "water",
        "name": null,
        "natural": null,
        "waterway": "river",
        "source": "OpenStreetMap",
        "osm_id": "976640138"
      }
    },
    {
      "type": "Feature",
      "geometry": {
        "type": "LineString",
        "coordinates": [
          [
            118.9381209,
            32.1012983
          ],
          [
            118.9378488,
            32.1012414
          ],
          [
            118.9376489,
            32.1012141
          ],
          [
            118.9374683,
            32.1011376
          ],
          [
            118.9374102,
            32.101083
          ],
          [
            118.9374231,
            32.1009846
          ],
          [
            118.937436,
            32.1008535
          ],
          [
            118.9374167,
            32.1007224
          ],
          [
            118.9373651,
            32.1005366
          ],
          [
            118.9373264,
            32.1003508
          ],
          [
            118.9373264,
            32.1002033
          ],
          [
            118.937307,
            32.1000285
          ],
          [
            118.9372425,
            32.09987
          ],
          [
            118.9372103,
            32.0996897
          ],
          [
            118.9371815,
            32.0995974
          ],
          [
            118.9371412,
            32.0994787
          ]
        ]
      },
      "properties": {
        "kind": "water",
        "name": null,
        "natural": null,
        "waterway": "river",
        "source": "OpenStreetMap",
        "osm_id": "976640139"
      }
    },
    {
      "type": "Feature",
      "geometry": {
        "type": "LineString",
        "coordinates": [
          [
            118.9383736,
            32.1013602
          ],
          [
            118.9381209,
            32.1012983
          ]
        ]
      },
      "properties": {
        "kind": "water",
        "name": null,
        "natural": null,
        "waterway": "river",
        "source": "OpenStreetMap",
        "osm_id": "976640140"
      }
    },
    {
      "type": "Feature",
      "geometry": {
        "type": "LineString",
        "coordinates": [
          [
            118.9528973,
            32.0869564
          ],
          [
            118.952295,
            32.0834805
          ],
          [
            118.9522897,
            32.0831351
          ],
          [
            118.9524749,
            32.0811412
          ]
        ]
      },
      "properties": {
        "kind": "water",
        "name": null,
        "natural": null,
        "waterway": "stream",
        "source": "OpenStreetMap",
        "osm_id": "1093704479"
      }
    },
    {
      "type": "Feature",
      "geometry": {
        "type": "Polygon",
        "coordinates": [
          [
            [
              118.9496102,
              32.1094731
            ],
            [
              118.9497689,
              32.1095253
            ],
            [
              118.9498798,
              32.1095005
            ],
            [
              118.9500215,
              32.1095279
            ],
            [
              118.9501355,
              32.1095266
            ],
            [
              118.9501771,
              32.1094301
            ],
            [
              118.9501648,
              32.1093322
            ],
            [
              118.9500954,
              32.1092304
            ],
            [
              118.949966,
              32.1091547
            ],
            [
              118.9497966,
              32.1091156
            ],
            [
              118.9496826,
              32.1091247
            ],
            [
              118.9495717,
              32.1091834
            ],
            [
              118.9495378,
              32.1092552
            ],
            [
              118.9495609,
              32.1093648
            ],
            [
              118.949584,
              32.1094288
            ],
            [
              118.9496102,
              32.1094731
            ]
          ]
        ]
      },
      "properties": {
        "kind": "water",
        "name": null,
        "natural": "water",
        "waterway": null,
        "source": "OpenStreetMap",
        "osm_id": "1238183842"
      }
    },
    {
      "type": "Feature",
      "geometry": {
        "type": "Polygon",
        "coordinates": [
          [
            [
              118.9505358,
              32.1036246
            ],
            [
              118.950481,
              32.1036471
            ],
            [
              118.9504173,
              32.1037685
            ],
            [
              118.95035,
              32.1038555
            ],
            [
              118.9503766,
              32.1039169
            ],
            [
              118.9504244,
              32.1039094
            ],
            [
              118.9505066,
              32.1037445
            ],
            [
              118.9505558,
              32.1036568
            ],
            [
              118.9505358,
              32.1036246
            ]
          ]
        ]
      },
      "properties": {
        "kind": "water",
        "name": null,
        "natural": "water",
        "waterway": null,
        "source": "OpenStreetMap",
        "osm_id": "1268638776"
      }
    },
    {
      "type": "Feature",
      "geometry": {
        "type": "Polygon",
        "coordinates": [
          [
            [
              118.9299618,
              32.1046365
            ],
            [
              118.929958,
              32.1046245
            ],
            [
              118.9299596,
              32.1046122
            ],
            [
              118.9299665,
              32.1046013
            ],
            [
              118.9299802,
              32.104592
            ],
            [
              118.9299973,
              32.1045888
            ],
            [
              118.9313398,
              32.1053448
            ],
            [
              118.9313049,
              32.105384
            ],
            [
              118.9307369,
              32.1050773
            ],
            [
              118.9306692,
              32.1050835
            ],
            [
              118.9305626,
              32.1050472
            ],
            [
              118.9305056,
              32.1050665
            ],
            [
              118.9304714,
              32.1051125
            ],
            [
              118.9304144,
              32.1051153
            ],
            [
              118.930354,
              32.1050846
            ],
            [
              118.9303369,
              32.1050871
            ],
            [
              118.9303225,
              32.1050954
            ],
            [
              118.930313,
              32.1051097
            ],
            [
              118.9303125,
              32.1051261
            ],
            [
              118.9303071,
              32.1052159
            ],
            [
              118.9302736,
              32.105238
            ],
            [
              118.9302421,
              32.1053164
            ],
            [
              118.9302343,
              32.1053293
            ],
            [
              118.9302215,
              32.1053389
            ],
            [
              118.9302055,
              32.1053439
            ],
            [
              118.9301884,
              32.1053437
            ],
            [
              118.9301736,
              32.1053387
            ],
            [
              118.9301616,
              32.1053297
            ],
            [
              118.930154,
              32.1053178
            ],
            [
              118.9301515,
              32.1053045
            ],
            [
              118.9301515,
              32.1052261
            ],
            [
              118.9302072,
              32.1050744
            ],
            [
              118.9303098,
              32.1049052
            ],
            [
              118.9302689,
              32.1048097
            ],
            [
              118.9299618,
              32.1046365
            ]
          ]
        ]
      },
      "properties": {
        "kind": "water",
        "name": null,
        "natural": "water",
        "waterway": null,
        "source": "OpenStreetMap",
        "osm_id": "1390009922"
      }
    },
    {
      "type": "Feature",
      "geometry": {
        "type": "Polygon",
        "coordinates": [
          [
            [
              118.9287933,
              32.1038089
            ],
            [
              118.9288091,
              32.1038013
            ],
            [
              118.9288212,
              32.1037899
            ],
            [
              118.9288289,
              32.1037729
            ],
            [
              118.9288285,
              32.1037546
            ],
            [
              118.9288376,
              32.1037433
            ],
            [
              118.9288463,
              32.1037387
            ],
            [
              118.9288564,
              32.1037368
            ],
            [
              118.9288734,
              32.1037316
            ],
            [
              118.9288872,
              32.1037217
            ],
            [
              118.9288953,
              32.10371
            ],
            [
              118.9288986,
              32.1036968
            ],
            [
              118.9288969,
              32.1036834
            ],
            [
              118.9288892,
              32.1036672
            ],
            [
              118.9288731,
              32.1036516
            ],
            [
              118.9288597,
              32.1036484
            ],
            [
              118.9288305,
              32.1036578
            ],
            [
              118.9288098,
              32.1036737
            ],
            [
              118.9287823,
              32.1037007
            ],
            [
              118.9287427,
              32.1037368
            ],
            [
              118.9287316,
              32.103766
            ],
            [
              118.9287397,
              32.1037887
            ],
            [
              118.92876,
              32.103789
            ],
            [
              118.9287786,
              32.1037958
            ],
            [
              118.9287933,
              32.1038089
            ]
          ]
        ]
      },
      "properties": {
        "kind": "water",
        "name": null,
        "natural": "water",
        "waterway": null,
        "source": "OpenStreetMap",
        "osm_id": "1390009971"
      }
    },
    {
      "type": "Feature",
      "geometry": {
        "type": "Polygon",
        "coordinates": [
          [
            [
              118.9286871,
              32.1037379
            ],
            [
              118.9286588,
              32.1037399
            ],
            [
              118.9286314,
              32.1037338
            ],
            [
              118.9286079,
              32.1037203
            ],
            [
              118.9285941,
              32.1037055
            ],
            [
              118.9285854,
              32.1036883
            ],
            [
              118.9285823,
              32.1036696
            ],
            [
              118.9285851,
              32.103651
            ],
            [
              118.9285954,
              32.1036113
            ],
            [
              118.9286153,
              32.1035743
            ],
            [
              118.9286376,
              32.1035478
            ],
            [
              118.9286649,
              32.1035248
            ],
            [
              118.9286964,
              32.1035061
            ],
            [
              118.9287261,
              32.1034915
            ],
            [
              118.9287593,
              32.103484
            ],
            [
              118.9287937,
              32.103484
            ],
            [
              118.9288186,
              32.103489
            ],
            [
              118.9288419,
              32.103498
            ],
            [
              118.9288627,
              32.1035107
            ],
            [
              118.9288853,
              32.1035271
            ],
            [
              118.9288989,
              32.1035504
            ],
            [
              118.9288972,
              32.1035714
            ],
            [
              118.9288627,
              32.1036355
            ],
            [
              118.928846,
              32.1036322
            ],
            [
              118.9288024,
              32.1036493
            ],
            [
              118.9287873,
              32.1036547
            ],
            [
              118.9287803,
              32.103649
            ],
            [
              118.9287447,
              32.1036317
            ],
            [
              118.9287155,
              32.1036496
            ],
            [
              118.9287129,
              32.1036794
            ],
            [
              118.9287471,
              32.1036964
            ],
            [
              118.9287359,
              32.1037115
            ],
            [
              118.9287209,
              32.103724
            ],
            [
              118.9287048,
              32.1037324
            ],
            [
              118.9286871,
              32.1037379
            ]
          ]
        ]
      },
      "properties": {
        "kind": "water",
        "name": null,
        "natural": "water",
        "waterway": null,
        "source": "OpenStreetMap",
        "osm_id": "1390009972"
      }
    },
    {
      "type": "Feature",
      "geometry": {
        "type": "Polygon",
        "coordinates": [
          [
            [
              118.9422721,
              32.1033065
            ],
            [
              118.9422322,
              32.1033449
            ],
            [
              118.9421951,
              32.1033659
            ],
            [
              118.9421531,
              32.1033788
            ],
            [
              118.9421086,
              32.1033828
            ],
            [
              118.9420644,
              32.1033776
            ],
            [
              118.9420229,
              32.1033637
            ],
            [
              118.9419865,
              32.1033417
            ],
            [
              118.9419574,
              32.103313
            ],
            [
              118.9419372,
              32.1032792
            ],
            [
              118.9419272,
              32.1032423
            ],
            [
              118.9419279,
              32.1032045
            ],
            [
              118.9419393,
              32.1031679
            ],
            [
              118.941968,
              32.1031233
            ],
            [
              118.9419191,
              32.1030949
            ],
            [
              118.9419427,
              32.10307
            ],
            [
              118.9419837,
              32.1030437
            ],
            [
              118.9420303,
              32.1030253
            ],
            [
              118.9420803,
              32.1030155
            ],
            [
              118.9421317,
              32.1030147
            ],
            [
              118.9421822,
              32.1030229
            ],
            [
              118.9422295,
              32.1030399
            ],
            [
              118.9422716,
              32.1030648
            ],
            [
              118.9423067,
              32.1030967
            ],
            [
              118.9423332,
              32.1031339
            ],
            [
              118.94235,
              32.1031751
            ],
            [
              118.9423563,
              32.1032183
            ],
            [
              118.9423519,
              32.1032617
            ],
            [
              118.9423369,
              32.1033033
            ],
            [
              118.942319,
              32.1033354
            ],
            [
              118.9422721,
              32.1033065
            ]
          ]
        ]
      },
      "properties": {
        "kind": "water",
        "name": null,
        "natural": "water",
        "waterway": null,
        "source": "OpenStreetMap",
        "osm_id": "1411419724"
      }
    },
    {
      "type": "Feature",
      "geometry": {
        "type": "LineString",
        "coordinates": [
          [
            118.9406266,
            32.0966579
          ],
          [
            118.9418721,
            32.0958455
          ],
          [
            118.9441681,
            32.0950548
          ],
          [
            118.9506738,
            32.0947094
          ]
        ]
      },
      "properties": {
        "kind": "water",
        "name": null,
        "natural": null,
        "waterway": "stream",
        "source": "OpenStreetMap",
        "osm_id": "1411704463"
      }
    },
    {
      "type": "Feature",
      "geometry": {
        "type": "LineString",
        "coordinates": [
          [
            118.9377338,
            32.0987123
          ],
          [
            118.9380633,
            32.0985039
          ],
          [
            118.938428,
            32.0982494
          ],
          [
            118.9391874,
            32.0976927
          ],
          [
            118.9396645,
            32.0973395
          ],
          [
            118.9399462,
            32.0971315
          ],
          [
            118.9406266,
            32.0966579
          ]
        ]
      },
      "properties": {
        "kind": "water",
        "name": null,
        "natural": null,
        "waterway": "stream",
        "source": "OpenStreetMap",
        "osm_id": "1411704471"
      }
    },
    {
      "type": "Feature",
      "geometry": {
        "type": "LineString",
        "coordinates": [
          [
            118.9374809,
            32.0988687
          ],
          [
            118.9377338,
            32.0987123
          ]
        ]
      },
      "properties": {
        "kind": "water",
        "name": null,
        "natural": null,
        "waterway": "stream",
        "source": "OpenStreetMap",
        "osm_id": "1411704472"
      }
    },
    {
      "type": "Feature",
      "geometry": {
        "type": "Polygon",
        "coordinates": [
          [
            [
              118.9374116,
              32.0979542
            ],
            [
              118.9376778,
              32.0977639
            ],
            [
              118.9376599,
              32.0977459
            ],
            [
              118.9377766,
              32.0976625
            ],
            [
              118.9377913,
              32.0976773
            ],
            [
              118.9379563,
              32.0975594
            ],
            [
              118.9379685,
              32.0975716
            ],
            [
              118.9381306,
              32.0974557
            ],
            [
              118.9381175,
              32.0973938
            ],
            [
              118.9383223,
              32.0972473
            ],
            [
              118.9384503,
              32.0971975
            ],
            [
              118.9383692,
              32.0971163
            ],
            [
              118.9381476,
              32.0971502
            ],
            [
              118.9378611,
              32.0973555
            ],
            [
              118.9377784,
              32.097385
            ],
            [
              118.9377132,
              32.097343
            ],
            [
              118.9376021,
              32.0973559
            ],
            [
              118.9375216,
              32.0974259
            ],
            [
              118.937496,
              32.0975112
            ],
            [
              118.9374834,
              32.0975883
            ],
            [
              118.9374626,
              32.0977151
            ],
            [
              118.9372944,
              32.097823
            ],
            [
              118.9374116,
              32.0979542
            ]
          ]
        ]
      },
      "properties": {
        "kind": "water",
        "name": null,
        "natural": "water",
        "waterway": null,
        "source": "OpenStreetMap",
        "osm_id": "1411704474"
      }
    },
    {
      "type": "Feature",
      "geometry": {
        "type": "Polygon",
        "coordinates": [
          [
            [
              118.9264414,
              32.0902596
            ],
            [
              118.9267362,
              32.0901173
            ],
            [
              118.9266906,
              32.0900496
            ],
            [
              118.9263959,
              32.0901919
            ],
            [
              118.9264414,
              32.0902596
            ]
          ]
        ]
      },
      "properties": {
        "kind": "water",
        "name": null,
        "natural": "water",
        "waterway": null,
        "source": "OpenStreetMap",
        "osm_id": "1412144789"
      }
    },
    {
      "type": "Feature",
      "geometry": {
        "type": "LineString",
        "coordinates": [
          [
            118.928221,
            32.0950434
          ],
          [
            118.9285496,
            32.0950457
          ],
          [
            118.9289613,
            32.0951569
          ]
        ]
      },
      "properties": {
        "kind": "water",
        "name": null,
        "natural": null,
        "waterway": "stream",
        "source": "OpenStreetMap",
        "osm_id": "1412172566"
      }
    },
    {
      "type": "Feature",
      "geometry": {
        "type": "LineString",
        "coordinates": [
          [
            118.928221,
            32.0950434
          ],
          [
            118.9275518,
            32.0949423
          ],
          [
            118.9272742,
            32.0947673
          ],
          [
            118.9263435,
            32.0938448
          ],
          [
            118.9262757,
            32.0937584
          ],
          [
            118.9262905,
            32.0935539
          ],
          [
            118.9263857,
            32.0933097
          ],
          [
            118.9264387,
            32.0932148
          ],
          [
            118.9265607,
            32.0931267
          ],
          [
            118.9267753,
            32.0930131
          ],
          [
            118.9272507,
            32.092795
          ],
          [
            118.9275357,
            32.0922155
          ],
          [
            118.9276966,
            32.0918281
          ],
          [
            118.9279246,
            32.0911373
          ],
          [
            118.9279327,
            32.0909441
          ],
          [
            118.9279032,
            32.0907487
          ],
          [
            118.9278334,
            32.0905783
          ],
          [
            118.9264467,
            32.0884683
          ],
          [
            118.9262114,
            32.0881422
          ],
          [
            118.9259787,
            32.0879627
          ],
          [
            118.9253832,
            32.0875048
          ],
          [
            118.9251754,
            32.0873264
          ],
          [
            118.9256729,
            32.0856664
          ],
          [
            118.9256782,
            32.0856398
          ],
          [
            118.9256768,
            32.0856129
          ],
          [
            118.9256689,
            32.0855868
          ],
          [
            118.9256508,
            32.0855577
          ],
          [
            118.9256246,
            32.0855334
          ],
          [
            118.9251512,
            32.0854255
          ]
        ]
      },
      "properties": {
        "kind": "water",
        "name": null,
        "natural": null,
        "waterway": "stream",
        "source": "OpenStreetMap",
        "osm_id": "1412172567"
      }
    },
    {
      "type": "Feature",
      "geometry": {
        "type": "Polygon",
        "coordinates": [
          [
            [
              118.968925,
              32.086569
            ],
            [
              118.969006,
              32.086621
            ],
            [
              118.969097,
              32.086723
            ],
            [
              118.969203,
              32.086931
            ],
            [
              118.969244,
              32.086961
            ],
            [
              118.969322,
              32.086996
            ],
            [
              118.969394,
              32.087009
            ],
            [
              118.969466,
              32.087113
            ],
            [
              118.96949,
              32.087183
            ],
            [
              118.969494,
              32.087233
            ],
            [
              118.969409,
              32.087411
            ],
            [
              118.96934,
              32.087502
            ],
            [
              118.969253,
              32.08756
            ],
            [
              118.969157,
              32.08761
            ],
            [
              118.968945,
              32.087669
            ],
            [
              118.96883,
              32.087558
            ],
            [
              118.968658,
              32.087217
            ],
            [
              118.968513,
              32.086992
            ],
            [
              118.968448,
              32.086848
            ],
            [
              118.968448,
              32.086792
            ],
            [
              118.968483,
              32.086686
            ],
            [
              118.968604,
              32.086569
            ],
            [
              118.968789,
              32.086545
            ],
            [
              118.968925,
              32.086569
            ]
          ]
        ]
      },
      "properties": {
        "kind": "water",
        "name": null,
        "natural": "water",
        "waterway": null,
        "source": "OpenStreetMap",
        "osm_id": "1525414384"
      }
    },
    {
      "type": "Feature",
      "geometry": {
        "type": "Polygon",
        "coordinates": [
          [
            [
              118.96777,
              32.090678
            ],
            [
              118.967983,
              32.090765
            ],
            [
              118.968182,
              32.090967
            ],
            [
              118.968204,
              32.091108
            ],
            [
              118.968143,
              32.091186
            ],
            [
              118.967994,
              32.09121
            ],
            [
              118.967898,
              32.091091
            ],
            [
              118.967766,
              32.090924
            ],
            [
              118.967746,
              32.090889
            ],
            [
              118.967666,
              32.090819
            ],
            [
              118.96764,
              32.090754
            ],
            [
              118.967651,
              32.090678
            ],
            [
              118.96777,
              32.090678
            ]
          ]
        ]
      },
      "properties": {
        "kind": "water",
        "name": null,
        "natural": "water",
        "waterway": null,
        "source": "OpenStreetMap",
        "osm_id": "1525414388"
      }
    },
    {
      "type": "Feature",
      "geometry": {
        "type": "Polygon",
        "coordinates": [
          [
            [
              118.967883,
              32.093749
            ],
            [
              118.968037,
              32.09407
            ],
            [
              118.968128,
              32.094292
            ],
            [
              118.968037,
              32.094368
            ],
            [
              118.967822,
              32.094366
            ],
            [
              118.967711,
              32.094318
            ],
            [
              118.967636,
              32.094172
            ],
            [
              118.967631,
              32.093936
            ],
            [
              118.967705,
              32.093834
            ],
            [
              118.967781,
              32.093743
            ],
            [
              118.967883,
              32.093749
            ]
          ]
        ]
      },
      "properties": {
        "kind": "water",
        "name": null,
        "natural": "water",
        "waterway": null,
        "source": "OpenStreetMap",
        "osm_id": "1525414391"
      }
    },
    {
      "type": "Feature",
      "geometry": {
        "type": "Polygon",
        "coordinates": [
          [
            [
              118.969496,
              32.098808
            ],
            [
              118.969383,
              32.09884
            ],
            [
              118.969322,
              32.098845
            ],
            [
              118.969294,
              32.098849
            ],
            [
              118.969279,
              32.098927
            ],
            [
              118.969242,
              32.098971
            ],
            [
              118.969153,
              32.098999
            ],
            [
              118.969077,
              32.098966
            ],
            [
              118.969001,
              32.098925
            ],
            [
              118.96893,
              32.098853
            ],
            [
              118.968897,
              32.098806
            ],
            [
              118.968891,
              32.098758
            ],
            [
              118.968897,
              32.098704
            ],
            [
              118.968925,
              32.098662
            ],
            [
              118.969008,
              32.098667
            ],
            [
              118.969118,
              32.098721
            ],
            [
              118.969173,
              32.09876
            ],
            [
              118.969214,
              32.098749
            ],
            [
              118.969253,
              32.098695
            ],
            [
              118.969318,
              32.098654
            ],
            [
              118.96944,
              32.098699
            ],
            [
              118.969505,
              32.098758
            ],
            [
              118.969496,
              32.098808
            ]
          ]
        ]
      },
      "properties": {
        "kind": "water",
        "name": null,
        "natural": "water",
        "waterway": null,
        "source": "OpenStreetMap",
        "osm_id": "1525414394"
      }
    },
    {
      "type": "Feature",
      "geometry": {
        "type": "Polygon",
        "coordinates": [
          [
            [
              118.965386,
              32.100316
            ],
            [
              118.965967,
              32.10057
            ],
            [
              118.966599,
              32.100882
            ],
            [
              118.966835,
              32.10108
            ],
            [
              118.966896,
              32.101258
            ],
            [
              118.966818,
              32.101512
            ],
            [
              118.96651,
              32.102319
            ],
            [
              118.96646,
              32.10251
            ],
            [
              118.966399,
              32.102686
            ],
            [
              118.966354,
              32.102769
            ],
            [
              118.966239,
              32.102808
            ],
            [
              118.965881,
              32.102734
            ],
            [
              118.965358,
              32.102645
            ],
            [
              118.965134,
              32.102599
            ],
            [
              118.965056,
              32.102539
            ],
            [
              118.965056,
              32.102465
            ],
            [
              118.965149,
              32.102328
            ],
            [
              118.965342,
              32.102035
            ],
            [
              118.965386,
              32.101811
            ],
            [
              118.965401,
              32.101214
            ],
            [
              118.965358,
              32.100915
            ],
            [
              118.965119,
              32.100496
            ],
            [
              118.965069,
              32.100353
            ],
            [
              118.965197,
              32.100229
            ],
            [
              118.965386,
              32.100316
            ]
          ]
        ]
      },
      "properties": {
        "kind": "water",
        "name": null,
        "natural": "water",
        "waterway": null,
        "source": "OpenStreetMap",
        "osm_id": "1525414398"
      }
    },
    {
      "type": "Feature",
      "geometry": {
        "type": "Polygon",
        "coordinates": [
          [
            [
              118.943538,
              32.115616
            ],
            [
              118.943453,
              32.115773
            ],
            [
              118.943434,
              32.115727
            ],
            [
              118.943388,
              32.115668
            ],
            [
              118.94334,
              32.115629
            ],
            [
              118.942989,
              32.11531
            ],
            [
              118.942854,
              32.115195
            ],
            [
              118.941943,
              32.114503
            ],
            [
              118.941589,
              32.114232
            ],
            [
              118.94145,
              32.114102
            ],
            [
              118.941402,
              32.114032
            ],
            [
              118.941387,
              32.114002
            ],
            [
              118.941389,
              32.113926
            ],
            [
              118.941402,
              32.113891
            ],
            [
              118.941454,
              32.113776
            ],
            [
              118.94152,
              32.113661
            ],
            [
              118.941535,
              32.113589
            ],
            [
              118.941528,
              32.113507
            ],
            [
              118.941474,
              32.113433
            ],
            [
              118.941389,
              32.113357
            ],
            [
              118.940799,
              32.112817
            ],
            [
              118.94028,
              32.112313
            ],
            [
              118.939842,
              32.111884
            ],
            [
              118.939512,
              32.111621
            ],
            [
              118.939445,
              32.111541
            ],
            [
              118.939391,
              32.111452
            ],
            [
              118.939375,
              32.111413
            ],
            [
              118.939384,
              32.111374
            ],
            [
              118.939421,
              32.111287
            ],
            [
              118.939777,
              32.110764
            ],
            [
              118.940345,
              32.109957
            ],
            [
              118.940825,
              32.109253
            ],
            [
              118.941072,
              32.1089
            ],
            [
              118.941192,
              32.108737
            ],
            [
              118.941233,
              32.108674
            ],
            [
              118.941242,
              32.108657
            ],
            [
              118.941257,
              32.108585
            ],
            [
              118.941261,
              32.108537
            ],
            [
              118.941394,
              32.1086
            ],
            [
              118.941337,
              32.108674
            ],
            [
              118.941138,
              32.108986
            ],
            [
              118.940714,
              32.109651
            ],
            [
              118.939753,
              32.111037
            ],
            [
              118.939658,
              32.111178
            ],
            [
              118.939536,
              32.111337
            ],
            [
              118.939527,
              32.111398
            ],
            [
              118.939571,
              32.111471
            ],
            [
              118.939677,
              32.111578
            ],
            [
              118.940096,
              32.111947
            ],
            [
              118.941077,
              32.112886
            ],
            [
              118.941591,
              32.113351
            ],
            [
              118.941639,
              32.113424
            ],
            [
              118.941665,
              32.113485
            ],
            [
              118.941671,
              32.113555
            ],
            [
              118.941635,
              32.113676
            ],
            [
              118.941543,
              32.11388
            ],
            [
              118.941528,
              32.113967
            ],
            [
              118.941546,
              32.114054
            ],
            [
              118.941706,
              32.114182
            ],
            [
              118.942893,
              32.115074
            ],
            [
              118.943119,
              32.11526
            ],
            [
              118.943297,
              32.115436
            ],
            [
              118.943427,
              32.115562
            ],
            [
              118.943492,
              32.11561
            ],
            [
              118.943538,
              32.115616
            ]
          ]
        ]
      },
      "properties": {
        "kind": "water",
        "name": null,
        "natural": "water",
        "waterway": null,
        "source": "OpenStreetMap",
        "osm_id": "1525414405"
      }
    },
    {
      "type": "Feature",
      "geometry": {
        "type": "Polygon",
        "coordinates": [
          [
            [
              118.9690035,
              32.0754921
            ],
            [
              118.9688565,
              32.0757111
            ],
            [
              118.9686115,
              32.0757631
            ],
            [
              118.9684005,
              32.0756631
            ],
            [
              118.9682895,
              32.0754461
            ],
            [
              118.9681685,
              32.0754401
            ],
            [
              118.9678905,
              32.0754441
            ],
            [
              118.9678255,
              32.0754101
            ],
            [
              118.9677605,
              32.0753381
            ],
            [
              118.9678315,
              32.0750711
            ],
            [
              118.9680385,
              32.0748801
            ],
            [
              118.9690035,
              32.0749341
            ],
            [
              118.9690685,
              32.0752211
            ],
            [
              118.9690035,
              32.0754921
            ]
          ]
        ]
      },
      "properties": {
        "kind": "water",
        "name": null,
        "natural": "water",
        "waterway": null,
        "source": "OpenStreetMap",
        "osm_id": "1525414527"
      }
    },
    {
      "type": "Feature",
      "geometry": {
        "type": "Polygon",
        "coordinates": [
          [
            [
              118.958315,
              32.069616
            ],
            [
              118.958027,
              32.069729
            ],
            [
              118.957463,
              32.069957
            ],
            [
              118.957108,
              32.070126
            ],
            [
              118.957043,
              32.07015
            ],
            [
              118.956691,
              32.070241
            ],
            [
              118.956641,
              32.070252
            ],
            [
              118.956405,
              32.070341
            ],
            [
              118.956272,
              32.070435
            ],
            [
              118.956218,
              32.070491
            ],
            [
              118.956092,
              32.070652
            ],
            [
              118.956036,
              32.070758
            ],
            [
              118.955973,
              32.070827
            ],
            [
              118.955897,
              32.07086
            ],
            [
              118.955799,
              32.070866
            ],
            [
              118.955691,
              32.070866
            ],
            [
              118.955593,
              32.070849
            ],
            [
              118.955478,
              32.070814
            ],
            [
              118.955348,
              32.070749
            ],
            [
              118.955246,
              32.07073
            ],
            [
              118.955131,
              32.070769
            ],
            [
              118.954338,
              32.071031
            ],
            [
              118.953846,
              32.071227
            ],
            [
              118.95372,
              32.071281
            ],
            [
              118.953598,
              32.071348
            ],
            [
              118.953522,
              32.071405
            ],
            [
              118.953492,
              32.071439
            ],
            [
              118.953461,
              32.071498
            ],
            [
              118.953448,
              32.071563
            ],
            [
              118.953366,
              32.072353
            ],
            [
              118.952693,
              32.081216
            ],
            [
              118.952622,
              32.082041
            ],
            [
              118.952561,
              32.082138
            ],
            [
              118.952422,
              32.082112
            ],
            [
              118.95237,
              32.081941
            ],
            [
              118.95245,
              32.081027
            ],
            [
              118.9528,
              32.076871
            ],
            [
              118.95306,
              32.073657
            ],
            [
              118.953182,
              32.072199
            ],
            [
              118.953197,
              32.071858
            ],
            [
              118.953201,
              32.071656
            ],
            [
              118.953197,
              32.071533
            ],
            [
              118.953197,
              32.071509
            ],
            [
              118.953225,
              32.071431
            ],
            [
              118.953281,
              32.071379
            ],
            [
              118.953316,
              32.071361
            ],
            [
              118.953574,
              32.071242
            ],
            [
              118.95406,
              32.071038
            ],
            [
              118.954784,
              32.070777
            ],
            [
              118.9552,
              32.070617
            ],
            [
              118.955313,
              32.070586
            ],
            [
              118.955372,
              32.070578
            ],
            [
              118.955439,
              32.070584
            ],
            [
              118.955569,
              32.070675
            ],
            [
              118.955669,
              32.070706
            ],
            [
              118.955801,
              32.070706
            ],
            [
              118.955927,
              32.070665
            ],
            [
              118.956021,
              32.070565
            ],
            [
              118.956118,
              32.070461
            ],
            [
              118.95624,
              32.07033
            ],
            [
              118.956398,
              32.070226
            ],
            [
              118.956641,
              32.070102
            ],
            [
              118.956813,
              32.070037
            ],
            [
              118.957249,
              32.069912
            ],
            [
              118.957415,
              32.069827
            ],
            [
              118.95769,
              32.069746
            ],
            [
              118.958079,
              32.069616
            ],
            [
              118.958153,
              32.069588
            ],
            [
              118.958229,
              32.069536
            ],
            [
              118.958244,
              32.069501
            ],
            [
              118.958315,
              32.069616
            ]
          ]
        ]
      },
      "properties": {
        "kind": "water",
        "name": null,
        "natural": "water",
        "waterway": null,
        "source": "OpenStreetMap",
        "osm_id": "1525414534"
      }
    },
    {
      "type": "Feature",
      "geometry": {
        "type": "Polygon",
        "coordinates": [
          [
            [
              118.955586,
              32.085526
            ],
            [
              118.955692,
              32.08544
            ],
            [
              118.955779,
              32.08534
            ],
            [
              118.955814,
              32.085281
            ],
            [
              118.95584,
              32.085168
            ],
            [
              118.955764,
              32.084404
            ],
            [
              118.955749,
              32.084172
            ],
            [
              118.955708,
              32.083792
            ],
            [
              118.955636,
              32.083054
            ],
            [
              118.955582,
              32.082568
            ],
            [
              118.955551,
              32.082182
            ],
            [
              118.955543,
              32.081984
            ],
            [
              118.955493,
              32.081804
            ],
            [
              118.95546,
              32.081715
            ],
            [
              118.955386,
              32.081602
            ],
            [
              118.955261,
              32.081492
            ],
            [
              118.955115,
              32.081359
            ],
            [
              118.955048,
              32.081299
            ],
            [
              118.954983,
              32.081197
            ],
            [
              118.954959,
              32.081123
            ],
            [
              118.954959,
              32.080938
            ],
            [
              118.954974,
              32.080776
            ],
            [
              118.954942,
              32.080678
            ],
            [
              118.954826,
              32.080619
            ],
            [
              118.95444,
              32.080515
            ],
            [
              118.954032,
              32.080502
            ],
            [
              118.954045,
              32.08037
            ],
            [
              118.954154,
              32.080348
            ],
            [
              118.954343,
              32.080359
            ],
            [
              118.954605,
              32.080415
            ],
            [
              118.954892,
              32.08048
            ],
            [
              118.955067,
              32.080567
            ],
            [
              118.955109,
              32.080689
            ],
            [
              118.955089,
              32.080919
            ],
            [
              118.955089,
              32.081073
            ],
            [
              118.955124,
              32.081175
            ],
            [
              118.955178,
              32.081249
            ],
            [
              118.955384,
              32.081414
            ],
            [
              118.955491,
              32.081496
            ],
            [
              118.955567,
              32.081583
            ],
            [
              118.955616,
              32.081687
            ],
            [
              118.955682,
              32.082104
            ],
            [
              118.955792,
              32.083104
            ],
            [
              118.955979,
              32.08445
            ],
            [
              118.956031,
              32.084836
            ],
            [
              118.956031,
              32.085105
            ],
            [
              118.956024,
              32.085153
            ],
            [
              118.955966,
              32.085283
            ],
            [
              118.955909,
              32.085372
            ],
            [
              118.955768,
              32.085526
            ],
            [
              118.955586,
              32.085526
            ]
          ]
        ]
      },
      "properties": {
        "kind": "water",
        "name": null,
        "natural": "water",
        "waterway": null,
        "source": "OpenStreetMap",
        "osm_id": "1525414540"
      }
    },
    {
      "type": "Feature",
      "geometry": {
        "type": "Polygon",
        "coordinates": [
          [
            [
              118.9580039,
              32.0692016
            ],
            [
              118.9579579,
              32.0692684
            ],
            [
              118.9578669,
              32.0692684
            ],
            [
              118.9576719,
              32.0693384
            ],
            [
              118.9576349,
              32.0693554
            ],
            [
              118.9564198,
              32.0697739
            ],
            [
              118.9552935,
              32.0702618
            ],
            [
              118.9543069,
              32.0706275
            ],
            [
              118.9521539,
              32.0714995
            ],
            [
              118.9514139,
              32.0718555
            ],
            [
              118.9512269,
              32.0719625
            ],
            [
              118.9510279,
              32.0721295
            ],
            [
              118.9508859,
              32.0722875
            ],
            [
              118.9505329,
              32.0727155
            ],
            [
              118.9500809,
              32.0734555
            ],
            [
              118.9500469,
              32.0735245
            ],
            [
              118.9499839,
              32.0737135
            ],
            [
              118.9499689,
              32.0737715
            ],
            [
              118.9499599,
              32.0738695
            ],
            [
              118.9498839,
              32.0746575
            ],
            [
              118.9498799,
              32.0750115
            ],
            [
              118.9497949,
              32.0759835
            ],
            [
              118.9496929,
              32.0774725
            ],
            [
              118.9496669,
              32.0777715
            ],
            [
              118.9495909,
              32.0788025
            ],
            [
              118.9494949,
              32.0800505
            ],
            [
              118.9493799,
              32.0816415
            ],
            [
              118.9492889,
              32.0825115
            ],
            [
              118.9492239,
              32.0832975
            ],
            [
              118.9492089,
              32.0834835
            ],
            [
              118.9491349,
              32.0843435
            ],
            [
              118.9491049,
              32.0848595
            ],
            [
              118.9490899,
              32.0852355
            ],
            [
              118.9490869,
              32.0854715
            ],
            [
              118.9487269,
              32.0854715
            ],
            [
              118.9488159,
              32.0840225
            ],
            [
              118.9491029,
              32.0807555
            ],
            [
              118.9493539,
              32.0777455
            ],
            [
              118.9495519,
              32.0751915
            ],
            [
              118.9496169,
              32.0742145
            ],
            [
              118.9496579,
              32.0737875
            ],
            [
              118.9497339,
              32.0735465
            ],
            [
              118.9499029,
              32.0732485
            ],
            [
              118.9502159,
              32.0727065
            ],
            [
              118.9506089,
              32.0722225
            ],
            [
              118.9508559,
              32.0719815
            ],
            [
              118.9512269,
              32.0717425
            ],
            [
              118.9517959,
              32.0714455
            ],
            [
              118.9529809,
              32.0709595
            ],
            [
              118.9549059,
              32.0702125
            ],
            [
              118.9580229,
              32.0689254
            ],
            [
              118.9613159,
              32.0676974
            ],
            [
              118.9644819,
              32.0664534
            ],
            [
              118.9656839,
              32.0660114
            ],
            [
              118.9658449,
              32.0659524
            ],
            [
              118.9680819,
              32.0651254
            ],
            [
              118.9682429,
              32.0650714
            ],
            [
              118.9696089,
              32.0645564
            ],
            [
              118.9713449,
              32.0638714
            ],
            [
              118.9728859,
              32.0632724
            ],
            [
              118.9733069,
              32.0631074
            ],
            [
              118.9738879,
              32.0628824
            ],
            [
              118.9743349,
              32.0627064
            ],
            [
              118.9747979,
              32.0625284
            ],
            [
              118.9766659,
              32.0617794
            ],
            [
              118.9785079,
              32.0610894
            ],
            [
              118.9788639,
              32.0609314
            ],
            [
              118.9791119,
              32.0608404
            ],
            [
              118.9792329,
              32.0607904
            ],
            [
              118.9793739,
              32.0606774
            ],
            [
              118.9795739,
              32.0604304
            ],
            [
              118.9798019,
              32.0602134
            ],
            [
              118.9799429,
              32.0601064
            ],
            [
              118.9801299,
              32.0600264
            ],
            [
              118.9803619,
              32.0599674
            ],
            [
              118.9806609,
              32.0599524
            ],
            [
              118.9811669,
              32.0600004
            ],
            [
              118.9817639,
              32.0601174
            ],
            [
              118.9830329,
              32.0603884
            ],
            [
              118.9836169,
              32.0605184
            ],
            [
              118.9839849,
              32.0605944
            ],
            [
              118.9843259,
              32.0606414
            ],
            [
              118.9846469,
              32.0606414
            ],
            [
              118.9851729,
              32.0604944
            ],
            [
              118.9855049,
              32.0603224
            ],
            [
              118.9857949,
              32.0602444
            ],
            [
              118.9859359,
              32.0602054
            ],
            [
              118.9860019,
              32.0602944
            ],
            [
              118.9859579,
              32.0603594
            ],
            [
              118.9855739,
              32.0604594
            ],
            [
              118.9853029,
              32.0605594
            ],
            [
              118.9850879,
              32.0606574
            ],
            [
              118.9848249,
              32.0607304
            ],
            [
              118.9846129,
              32.0607784
            ],
            [
              118.9842369,
              32.0607634
            ],
            [
              118.9833259,
              32.0605924
            ],
            [
              118.9823379,
              32.0603924
            ],
            [
              118.9816329,
              32.0603014
            ],
            [
              118.9810559,
              32.0602134
            ],
            [
              118.9806129,
              32.0601694
            ],
            [
              118.9803659,
              32.0601804
            ],
            [
              118.9801249,
              32.0602134
            ],
            [
              118.9800319,
              32.0602864
            ],
            [
              118.9797629,
              32.0605344
            ],
            [
              118.9795499,
              32.0607814
            ],
            [
              118.9793589,
              32.0610424
            ],
            [
              118.9792179,
              32.0611414
            ],
            [
              118.9789899,
              32.0612414
            ],
            [
              118.9781569,
              32.0615544
            ],
            [
              118.9750949,
              32.0626394
            ],
            [
              118.9749189,
              32.0627104
            ],
            [
              118.9744919,
              32.0628864
            ],
            [
              118.9739729,
              32.0630994
            ],
            [
              118.9735449,
              32.0632754
            ],
            [
              118.9723859,
              32.0637504
            ],
            [
              118.9703529,
              32.0644904
            ],
            [
              118.9701509,
              32.0645644
            ],
            [
              118.9694149,
              32.0648974
            ],
            [
              118.9682559,
              32.0653714
            ],
            [
              118.9675979,
              32.0656184
            ],
            [
              118.9629949,
              32.0673084
            ],
            [
              118.9585129,
              32.0690337
            ],
            [
              118.9582773,
              32.0691324
            ],
            [
              118.9581165,
              32.0691873
            ],
            [
              118.9580039,
              32.0692016
            ]
          ]
        ]
      },
      "properties": {
        "kind": "water",
        "name": "九乡河",
        "natural": "water",
        "waterway": null,
        "source": "OpenStreetMap",
        "osm_id": "1525414541"
      }
    },
    {
      "type": "Feature",
      "geometry": {
        "type": "LineString",
        "coordinates": [
          [
            118.8930673,
            32.1215499
          ],
          [
            118.8932516,
            32.1216924
          ],
          [
            118.8933937,
            32.1218276
          ],
          [
            118.8935412,
            32.1219559
          ],
          [
            118.8935829,
            32.1220479
          ],
          [
            118.8936419,
            32.1222478
          ],
          [
            118.8937035,
            32.122609
          ],
          [
            118.8937478,
            32.1227725
          ],
          [
            118.8937384,
            32.1228736
          ],
          [
            118.8937223,
            32.1229168
          ]
        ]
      },
      "properties": {
        "kind": "water",
        "name": null,
        "natural": null,
        "waterway": "stream",
        "source": "OpenStreetMap",
        "osm_id": "466861260"
      }
    },
    {
      "type": "Feature",
      "geometry": {
        "type": "Polygon",
        "coordinates": [
          [
            [
              118.8909261,
              32.1182792
            ],
            [
              118.8913392,
              32.1188335
            ],
            [
              118.8916342,
              32.1186427
            ],
            [
              118.8911568,
              32.1181293
            ],
            [
              118.8909261,
              32.1182792
            ]
          ]
        ]
      },
      "properties": {
        "kind": "water",
        "name": null,
        "natural": "water",
        "waterway": null,
        "source": "OpenStreetMap",
        "osm_id": "466861267"
      }
    },
    {
      "type": "Feature",
      "geometry": {
        "type": "LineString",
        "coordinates": [
          [
            118.8921062,
            32.1227793
          ],
          [
            118.8924335,
            32.1227635
          ],
          [
            118.8929163,
            32.122768
          ],
          [
            118.893265,
            32.1228271
          ],
          [
            118.8935868,
            32.122868
          ],
          [
            118.8937223,
            32.1229168
          ],
          [
            118.8938719,
            32.1230117
          ],
          [
            118.8940912,
            32.1231245
          ],
          [
            118.8942574,
            32.1232235
          ],
          [
            118.8944064,
            32.1233312
          ],
          [
            118.8945444,
            32.1234154
          ],
          [
            118.8946799,
            32.1234699
          ],
          [
            118.8948677,
            32.1235266
          ],
          [
            118.8949851,
            32.1235819
          ],
          [
            118.8952767,
            32.1238096
          ],
          [
            118.8955475,
            32.1240287
          ],
          [
            118.8962422,
            32.124458
          ],
          [
            118.8968484,
            32.124826
          ],
          [
            118.8972776,
            32.1250986
          ],
          [
            118.8974433,
            32.1252106
          ],
          [
            118.8976799,
            32.125453
          ],
          [
            118.8978033,
            32.1255893
          ],
          [
            118.8979213,
            32.1257937
          ],
          [
            118.8980173,
            32.1258921
          ],
          [
            118.898152,
            32.1260163
          ],
          [
            118.8982324,
            32.1261163
          ],
          [
            118.8983236,
            32.1262117
          ],
          [
            118.898388,
            32.1263025
          ],
          [
            118.8983875,
            32.1264281
          ],
          [
            118.8981192,
            32.1267234
          ],
          [
            118.8979052,
            32.1269794
          ],
          [
            118.8976638,
            32.1272248
          ],
          [
            118.8973622,
            32.1277295
          ]
        ]
      },
      "properties": {
        "kind": "water",
        "name": null,
        "natural": null,
        "waterway": "river",
        "source": "OpenStreetMap",
        "osm_id": "466861268"
      }
    },
    {
      "type": "Feature",
      "geometry": {
        "type": "Polygon",
        "coordinates": [
          [
            [
              118.8928895,
              32.1205282
            ],
            [
              118.8930177,
              32.1206356
            ],
            [
              118.8932221,
              32.1207644
            ],
            [
              118.8933664,
              32.1208492
            ],
            [
              118.8935225,
              32.1209689
            ],
            [
              118.8936185,
              32.1211172
            ],
            [
              118.8937263,
              32.1212278
            ],
            [
              118.8938223,
              32.1213126
            ],
            [
              118.893898,
              32.1214187
            ],
            [
              118.8940106,
              32.1215004
            ],
            [
              118.8941281,
              32.1215034
            ],
            [
              118.8942252,
              32.1214732
            ],
            [
              118.8942574,
              32.1213869
            ],
            [
              118.8942306,
              32.1212324
            ],
            [
              118.8941716,
              32.1210825
            ],
            [
              118.894134,
              32.1209734
            ],
            [
              118.8940696,
              32.1209053
            ],
            [
              118.8938926,
              32.1208144
            ],
            [
              118.8938443,
              32.1207872
            ],
            [
              118.8937478,
              32.1207145
            ],
            [
              118.8936673,
              32.1206327
            ],
            [
              118.8934903,
              32.1205691
            ],
            [
              118.8932811,
              32.1204828
            ],
            [
              118.8930504,
              32.1204282
            ],
            [
              118.8929426,
              32.1203948
            ],
            [
              118.8928573,
              32.1204146
            ],
            [
              118.8928895,
              32.1205282
            ]
          ]
        ]
      },
      "properties": {
        "kind": "water",
        "name": null,
        "natural": "water",
        "waterway": null,
        "source": "OpenStreetMap",
        "osm_id": "466861271"
      }
    },
    {
      "type": "Feature",
      "geometry": {
        "type": "LineString",
        "coordinates": [
          [
            118.8914893,
            32.1193469
          ],
          [
            118.8916068,
            32.119209
          ],
          [
            118.8920312,
            32.1188926
          ],
          [
            118.8923208,
            32.1186245
          ],
          [
            118.8926105,
            32.1183837
          ],
          [
            118.8928948,
            32.1181566
          ],
          [
            118.8933025,
            32.1178385
          ],
          [
            118.8936244,
            32.1175614
          ],
          [
            118.8937478,
            32.1174705
          ],
          [
            118.8942655,
            32.1171138
          ],
          [
            118.8957112,
            32.115903
          ],
          [
            118.8958023,
            32.1158121
          ]
        ]
      },
      "properties": {
        "kind": "water",
        "name": null,
        "natural": null,
        "waterway": "stream",
        "source": "OpenStreetMap",
        "osm_id": "466861272"
      }
    },
    {
      "type": "Feature",
      "geometry": {
        "type": "LineString",
        "coordinates": [
          [
            118.9129619,
            32.1389306
          ],
          [
            118.9130589,
            32.1389985
          ],
          [
            118.9135546,
            32.1393034
          ],
          [
            118.914186,
            32.1396843
          ],
          [
            118.9149108,
            32.1401188
          ],
          [
            118.9154786,
            32.1405228
          ],
          [
            118.9157129,
            32.1406875
          ],
          [
            118.9160173,
            32.1408865
          ],
          [
            118.9166391,
            32.1412887
          ],
          [
            118.9171593,
            32.1416245
          ],
          [
            118.9180475,
            32.1421934
          ],
          [
            118.9185296,
            32.142509
          ],
          [
            118.9189014,
            32.1427769
          ],
          [
            118.9191406,
            32.1429491
          ],
          [
            118.9199672,
            32.1436786
          ],
          [
            118.9205174,
            32.1441727
          ],
          [
            118.9206715,
            32.1444046
          ],
          [
            118.9209397,
            32.144668
          ],
          [
            118.9211007,
            32.1448225
          ],
          [
            118.921231,
            32.1449496
          ],
          [
            118.9213045,
            32.1450587
          ],
          [
            118.9213812,
            32.1451858
          ],
          [
            118.9214547,
            32.1453584
          ],
          [
            118.9216478,
            32.1455583
          ],
          [
            118.9219069,
            32.14574
          ],
          [
            118.9221521,
            32.1458126
          ],
          [
            118.9223039,
            32.1459126
          ],
          [
            118.922592,
            32.146176
          ],
          [
            118.9230013,
            32.1465121
          ],
          [
            118.9236986,
            32.1470753
          ],
          [
            118.9243638,
            32.1476749
          ],
          [
            118.9249968,
            32.1482471
          ],
          [
            118.9253402,
            32.1485287
          ],
          [
            118.9276861,
            32.1507124
          ],
          [
            118.9294011,
            32.152232
          ],
          [
            118.9301681,
            32.152907
          ],
          [
            118.9311309,
            32.1537769
          ],
          [
            118.9313269,
            32.1540878
          ],
          [
            118.9313483,
            32.1547055
          ],
          [
            118.9313681,
            32.1553958
          ],
          [
            118.931343,
            32.1560861
          ],
          [
            118.931373,
            32.1564199
          ],
          [
            118.9315012,
            32.1567043
          ],
          [
            118.9316379,
            32.1569225
          ],
          [
            118.9318591,
            32.1572342
          ],
          [
            118.9320958,
            32.1577056
          ],
          [
            118.9322667,
            32.1581814
          ],
          [
            118.9322812,
            32.1584863
          ],
          [
            118.9321884,
            32.1588149
          ],
          [
            118.9320107,
            32.1591614
          ],
          [
            118.9318188,
            32.1594594
          ],
          [
            118.9316212,
            32.1597532
          ],
          [
            118.9312947,
            32.160237
          ],
          [
            118.9310663,
            32.1605519
          ],
          [
            118.9309292,
            32.1609577
          ],
          [
            118.9308436,
            32.1612897
          ],
          [
            118.9307203,
            32.1616737
          ],
          [
            118.9305771,
            32.1620217
          ],
          [
            118.9304235,
            32.1623351
          ],
          [
            118.9302397,
            32.1626219
          ],
          [
            118.9297348,
            32.1632463
          ],
          [
            118.9294789,
            32.1635668
          ],
          [
            118.9292345,
            32.1638651
          ],
          [
            118.9290097,
            32.164202
          ],
          [
            118.9288159,
            32.1646482
          ],
          [
            118.9287849,
            32.1649578
          ],
          [
            118.9287347,
            32.1654035
          ],
          [
            118.9289312,
            32.1657508
          ],
          [
            118.9292767,
            32.1663151
          ],
          [
            118.929609,
            32.1668204
          ],
          [
            118.9298742,
            32.1671521
          ],
          [
            118.9299469,
            32.1673563
          ],
          [
            118.9299365,
            32.1678193
          ],
          [
            118.9299472,
            32.1684308
          ],
          [
            118.9300189,
            32.1688144
          ],
          [
            118.9300208,
            32.169141
          ],
          [
            118.9300275,
            32.169394
          ],
          [
            118.9303919,
            32.1759742
          ]
        ]
      },
      "properties": {
        "kind": "water",
        "name": null,
        "natural": null,
        "waterway": "river",
        "source": "OpenStreetMap",
        "osm_id": "582179292"
      }
    },
    {
      "type": "Feature",
      "geometry": {
        "type": "LineString",
        "coordinates": [
          [
            118.9139824,
            32.1417699
          ],
          [
            118.9144383,
            32.1415701
          ],
          [
            118.9148085,
            32.1414202
          ],
          [
            118.9152698,
            32.1412385
          ],
          [
            118.9153235,
            32.1411976
          ],
          [
            118.915381,
            32.1411722
          ],
          [
            118.9156928,
            32.1410213
          ],
          [
            118.9160173,
            32.1408865
          ]
        ]
      },
      "properties": {
        "kind": "water",
        "name": null,
        "natural": null,
        "waterway": "stream",
        "source": "OpenStreetMap",
        "osm_id": "582737929"
      }
    },
    {
      "type": "Feature",
      "geometry": {
        "type": "LineString",
        "coordinates": [
          [
            118.8909864,
            32.1199432
          ],
          [
            118.8909906,
            32.1199897
          ],
          [
            118.8911837,
            32.120101
          ],
          [
            118.8916652,
            32.1204258
          ],
          [
            118.8924496,
            32.1210393
          ],
          [
            118.8929149,
            32.1214198
          ]
        ]
      },
      "properties": {
        "kind": "water",
        "name": null,
        "natural": null,
        "waterway": "stream",
        "source": "OpenStreetMap",
        "osm_id": "839248300"
      }
    },
    {
      "type": "Feature",
      "geometry": {
        "type": "LineString",
        "coordinates": [
          [
            118.8929149,
            32.1214198
          ],
          [
            118.8930673,
            32.1215499
          ]
        ]
      },
      "properties": {
        "kind": "water",
        "name": null,
        "natural": null,
        "waterway": "stream",
        "source": "OpenStreetMap",
        "osm_id": "839248301"
      }
    },
    {
      "type": "Feature",
      "geometry": {
        "type": "LineString",
        "coordinates": [
          [
            118.9076483,
            32.1413273
          ],
          [
            118.9082019,
            32.1414181
          ]
        ]
      },
      "properties": {
        "kind": "water",
        "name": null,
        "natural": null,
        "waterway": "stream",
        "source": "OpenStreetMap",
        "osm_id": "851048648"
      }
    },
    {
      "type": "Feature",
      "geometry": {
        "type": "LineString",
        "coordinates": [
          [
            118.9082019,
            32.1414181
          ],
          [
            118.9084948,
            32.1414155
          ],
          [
            118.9088313,
            32.1414817
          ],
          [
            118.9089577,
            32.1414656
          ],
          [
            118.9098719,
            32.1411569
          ],
          [
            118.9103788,
            32.1409752
          ],
          [
            118.9107044,
            32.1408344
          ],
          [
            118.9108653,
            32.1407254
          ],
          [
            118.910985,
            32.1406073
          ],
          [
            118.9111352,
            32.1404529
          ],
          [
            118.9111995,
            32.1403439
          ],
          [
            118.9112945,
            32.1402258
          ],
          [
            118.9115965,
            32.1400077
          ],
          [
            118.9117253,
            32.1398896
          ],
          [
            118.9118647,
            32.1397897
          ],
          [
            118.9119828,
            32.139717
          ],
          [
            118.9121008,
            32.1395989
          ],
          [
            118.9122081,
            32.1395081
          ],
          [
            118.9122601,
            32.1394536
          ]
        ]
      },
      "properties": {
        "kind": "water",
        "name": null,
        "natural": null,
        "waterway": "stream",
        "source": "OpenStreetMap",
        "osm_id": "851048649"
      }
    },
    {
      "type": "Feature",
      "geometry": {
        "type": "LineString",
        "coordinates": [
          [
            118.9125943,
            32.1391538
          ],
          [
            118.9126694,
            32.1390993
          ],
          [
            118.9127429,
            32.1390629
          ],
          [
            118.9127965,
            32.1390266
          ],
          [
            118.9129619,
            32.1389306
          ]
        ]
      },
      "properties": {
        "kind": "water",
        "name": null,
        "natural": null,
        "waterway": "stream",
        "source": "OpenStreetMap",
        "osm_id": "851048650"
      }
    },
    {
      "type": "Feature",
      "geometry": {
        "type": "LineString",
        "coordinates": [
          [
            118.9122601,
            32.1394536
          ],
          [
            118.9125943,
            32.1391538
          ]
        ]
      },
      "properties": {
        "kind": "water",
        "name": null,
        "natural": null,
        "waterway": "stream",
        "source": "OpenStreetMap",
        "osm_id": "851048651"
      }
    },
    {
      "type": "Feature",
      "geometry": {
        "type": "LineString",
        "coordinates": [
          [
            118.890724,
            32.12296
          ],
          [
            118.8916637,
            32.1228021
          ],
          [
            118.8919936,
            32.122785
          ]
        ]
      },
      "properties": {
        "kind": "water",
        "name": null,
        "natural": null,
        "waterway": "river",
        "source": "OpenStreetMap",
        "osm_id": "932922194"
      }
    },
    {
      "type": "Feature",
      "geometry": {
        "type": "LineString",
        "coordinates": [
          [
            118.8919936,
            32.122785
          ],
          [
            118.8921062,
            32.1227793
          ]
        ]
      },
      "properties": {
        "kind": "water",
        "name": null,
        "natural": null,
        "waterway": "river",
        "source": "OpenStreetMap",
        "osm_id": "932922195"
      }
    },
    {
      "type": "Feature",
      "geometry": {
        "type": "LineString",
        "coordinates": [
          [
            118.8973622,
            32.1277295
          ],
          [
            118.8967333,
            32.1284481
          ]
        ]
      },
      "properties": {
        "kind": "water",
        "name": null,
        "natural": null,
        "waterway": "river",
        "source": "OpenStreetMap",
        "osm_id": "934106075"
      }
    },
    {
      "type": "Feature",
      "geometry": {
        "type": "LineString",
        "coordinates": [
          [
            118.8967333,
            32.1284481
          ],
          [
            118.8964854,
            32.1287405
          ]
        ]
      },
      "properties": {
        "kind": "water",
        "name": null,
        "natural": null,
        "waterway": "river",
        "source": "OpenStreetMap",
        "osm_id": "934106076"
      }
    },
    {
      "type": "Feature",
      "geometry": {
        "type": "LineString",
        "coordinates": [
          [
            118.8964854,
            32.1287405
          ],
          [
            118.8962923,
            32.1289721
          ]
        ]
      },
      "properties": {
        "kind": "water",
        "name": null,
        "natural": null,
        "waterway": "river",
        "source": "OpenStreetMap",
        "osm_id": "934106077"
      }
    },
    {
      "type": "Feature",
      "geometry": {
        "type": "LineString",
        "coordinates": [
          [
            118.8962923,
            32.1289721
          ],
          [
            118.8962051,
            32.1290908
          ],
          [
            118.8961966,
            32.1291646
          ],
          [
            118.8962324,
            32.1292602
          ],
          [
            118.8965846,
            32.1294889
          ],
          [
            118.8975025,
            32.1300505
          ],
          [
            118.8980956,
            32.1303429
          ],
          [
            118.8985059,
            32.1304964
          ],
          [
            118.8989776,
            32.1307888
          ],
          [
            118.9008442,
            32.1319265
          ],
          [
            118.9014271,
            32.1322479
          ],
          [
            118.9021792,
            32.13274
          ],
          [
            118.9024835,
            32.1329745
          ],
          [
            118.902716,
            32.133222
          ],
          [
            118.9029125,
            32.1334174
          ],
          [
            118.9031091,
            32.1335202
          ],
          [
            118.9034698,
            32.1336302
          ],
          [
            118.9036886,
            32.1337171
          ],
          [
            118.9039843,
            32.1338951
          ],
          [
            118.9051056,
            32.1346695
          ],
          [
            118.9052902,
            32.1348229
          ],
          [
            118.905603,
            32.1351356
          ],
          [
            118.9059244,
            32.1353686
          ],
          [
            118.9064355,
            32.1356422
          ],
          [
            118.9073346,
            32.1360562
          ],
          [
            118.907897,
            32.1362791
          ],
          [
            118.9094689,
            32.1369423
          ],
          [
            118.9109464,
            32.1377164
          ],
          [
            118.9118284,
            32.1382172
          ],
          [
            118.9128454,
            32.1388336
          ],
          [
            118.9129619,
            32.1389306
          ]
        ]
      },
      "properties": {
        "kind": "water",
        "name": null,
        "natural": null,
        "waterway": "river",
        "source": "OpenStreetMap",
        "osm_id": "934106078"
      }
    },
    {
      "type": "Feature",
      "geometry": {
        "type": "Polygon",
        "coordinates": [
          [
            [
              118.9246348,
              32.1167044
            ],
            [
              118.9246494,
              32.1167148
            ],
            [
              118.9246656,
              32.1167845
            ],
            [
              118.9246702,
              32.1167949
            ],
            [
              118.9246805,
              32.1168019
            ],
            [
              118.9249028,
              32.1169214
            ],
            [
              118.9249099,
              32.1169292
            ],
            [
              118.9249134,
              32.1169378
            ],
            [
              118.9249357,
              32.1170425
            ],
            [
              118.924936,
              32.1170477
            ],
            [
              118.9249343,
              32.1170528
            ],
            [
              118.924932,
              32.1170553
            ],
            [
              118.9249283,
              32.117057
            ],
            [
              118.9249234,
              32.1170567
            ],
            [
              118.9249187,
              32.1170551
            ],
            [
              118.9245545,
              32.1168996
            ],
            [
              118.9245229,
              32.1168736
            ],
            [
              118.924503,
              32.1168431
            ],
            [
              118.9244886,
              32.1168026
            ],
            [
              118.9244958,
              32.1167613
            ],
            [
              118.9245121,
              32.1167345
            ],
            [
              118.9245373,
              32.1167139
            ],
            [
              118.9245788,
              32.1166979
            ],
            [
              118.9246131,
              32.1166963
            ],
            [
              118.9246253,
              32.1166994
            ],
            [
              118.9246348,
              32.1167044
            ]
          ]
        ]
      },
      "properties": {
        "kind": "water",
        "name": null,
        "natural": "water",
        "waterway": null,
        "source": "OpenStreetMap",
        "osm_id": "1173057057"
      }
    },
    {
      "type": "Feature",
      "geometry": {
        "type": "Polygon",
        "coordinates": [
          [
            [
              118.883872,
              32.1422765
            ],
            [
              118.8841724,
              32.1422924
            ],
            [
              118.8842154,
              32.1422469
            ],
            [
              118.8841805,
              32.1420857
            ],
            [
              118.8841537,
              32.1419767
            ],
            [
              118.8841456,
              32.141879
            ],
            [
              118.8841698,
              32.1417655
            ],
            [
              118.8841644,
              32.1416973
            ],
            [
              118.8841081,
              32.1416406
            ],
            [
              118.8840491,
              32.1416224
            ],
            [
              118.8840222,
              32.1416701
            ],
            [
              118.8837889,
              32.1416701
            ],
            [
              118.8838023,
              32.1421902
            ],
            [
              118.8838103,
              32.142256
            ],
            [
              118.883872,
              32.1422765
            ]
          ]
        ]
      },
      "properties": {
        "kind": "water",
        "name": null,
        "natural": "water",
        "waterway": null,
        "source": "OpenStreetMap",
        "osm_id": "1304587029"
      }
    },
    {
      "type": "Feature",
      "geometry": {
        "type": "Polygon",
        "coordinates": [
          [
            [
              118.8843131,
              32.125028
            ],
            [
              118.8842866,
              32.1249959
            ],
            [
              118.884131,
              32.1246313
            ],
            [
              118.8841045,
              32.1245461
            ],
            [
              118.88415,
              32.1244883
            ],
            [
              118.8842012,
              32.1244738
            ],
            [
              118.8842581,
              32.124469
            ],
            [
              118.8843511,
              32.1245011
            ],
            [
              118.8850338,
              32.124938
            ],
            [
              118.8850149,
              32.1249718
            ],
            [
              118.8849409,
              32.1249974
            ],
            [
              118.8847223,
              32.1250428
            ],
            [
              118.8846834,
              32.1250508
            ],
            [
              118.8843629,
              32.1250462
            ],
            [
              118.8843131,
              32.125028
            ]
          ]
        ]
      },
      "properties": {
        "kind": "water",
        "name": null,
        "natural": "water",
        "waterway": null,
        "source": "OpenStreetMap",
        "osm_id": "1305552459"
      }
    },
    {
      "type": "Feature",
      "geometry": {
        "type": "Polygon",
        "coordinates": [
          [
            [
              118.883746,
              32.1299083
            ],
            [
              118.8836829,
              32.1297255
            ],
            [
              118.8837043,
              32.1296925
            ],
            [
              118.8837513,
              32.1296732
            ],
            [
              118.8837996,
              32.1296437
            ],
            [
              118.8838492,
              32.1296448
            ],
            [
              118.883923,
              32.1296832
            ],
            [
              118.8839589,
              32.1297393
            ],
            [
              118.8839753,
              32.1298004
            ],
            [
              118.8839686,
              32.1298493
            ],
            [
              118.883926,
              32.1298978
            ],
            [
              118.8838753,
              32.1299163
            ],
            [
              118.8838375,
              32.1299126
            ],
            [
              118.8837835,
              32.1299117
            ],
            [
              118.883746,
              32.1299083
            ]
          ]
        ]
      },
      "properties": {
        "kind": "water",
        "name": null,
        "natural": "water",
        "waterway": null,
        "source": "OpenStreetMap",
        "osm_id": "1306121400"
      }
    },
    {
      "type": "Feature",
      "geometry": {
        "type": "Polygon",
        "coordinates": [
          [
            [
              118.9027823,
              32.1284187
            ],
            [
              118.9030355,
              32.1281344
            ],
            [
              118.9030734,
              32.1280982
            ],
            [
              118.9031009,
              32.1280862
            ],
            [
              118.9031426,
              32.1280974
            ],
            [
              118.903173,
              32.1281231
            ],
            [
              118.9032451,
              32.1281825
            ],
            [
              118.9032925,
              32.1282356
            ],
            [
              118.9033664,
              32.1283239
            ],
            [
              118.903394,
              32.128356
            ],
            [
              118.9034044,
              32.1284026
            ],
            [
              118.9033683,
              32.1284781
            ],
            [
              118.9033257,
              32.1285769
            ],
            [
              118.9032754,
              32.128658
            ],
            [
              118.9031939,
              32.1287166
            ],
            [
              118.9030213,
              32.1285929
            ],
            [
              118.9029947,
              32.1285977
            ],
            [
              118.9027823,
              32.1284187
            ]
          ]
        ]
      },
      "properties": {
        "kind": "water",
        "name": null,
        "natural": "water",
        "waterway": null,
        "source": "OpenStreetMap",
        "osm_id": "1306964532"
      }
    },
    {
      "type": "Feature",
      "geometry": {
        "type": "Polygon",
        "coordinates": [
          [
            [
              118.9141944,
              32.1319969
            ],
            [
              118.9143661,
              32.1319424
            ],
            [
              118.914822,
              32.1316789
            ],
            [
              118.9148033,
              32.131638
            ],
            [
              118.9145297,
              32.1314018
            ],
            [
              118.9143929,
              32.1314858
            ],
            [
              118.9142239,
              32.1315971
            ],
            [
              118.9140522,
              32.131747
            ],
            [
              118.9140227,
              32.1318015
            ],
            [
              118.9140925,
              32.1319151
            ],
            [
              118.9141944,
              32.1319969
            ]
          ]
        ]
      },
      "properties": {
        "kind": "water",
        "name": null,
        "natural": "water",
        "waterway": null,
        "source": "OpenStreetMap",
        "osm_id": "1307025940"
      }
    },
    {
      "type": "Feature",
      "geometry": {
        "type": "Polygon",
        "coordinates": [
          [
            [
              118.9145941,
              32.1313336
            ],
            [
              118.9148059,
              32.1310747
            ],
            [
              118.9152834,
              32.1313245
            ],
            [
              118.914932,
              32.1315971
            ],
            [
              118.914881,
              32.1315903
            ],
            [
              118.9148033,
              32.1315381
            ],
            [
              118.9146557,
              32.1314063
            ],
            [
              118.9145941,
              32.1313336
            ]
          ]
        ]
      },
      "properties": {
        "kind": "water",
        "name": null,
        "natural": "water",
        "waterway": null,
        "source": "OpenStreetMap",
        "osm_id": "1307025941"
      }
    },
    {
      "type": "Feature",
      "geometry": {
        "type": "Polygon",
        "coordinates": [
          [
            [
              118.9148542,
              32.1310111
            ],
            [
              118.914932,
              32.1308998
            ],
            [
              118.914983,
              32.1308044
            ],
            [
              118.9150152,
              32.1307181
            ],
            [
              118.9150554,
              32.1305636
            ],
            [
              118.9150339,
              32.130466
            ],
            [
              118.9153585,
              32.1301525
            ],
            [
              118.9156991,
              32.1301639
            ],
            [
              118.9159057,
              32.1302002
            ],
            [
              118.9160478,
              32.1303047
            ],
            [
              118.9157528,
              32.1307726
            ],
            [
              118.9155704,
              32.1309725
            ],
            [
              118.9153263,
              32.1312587
            ],
            [
              118.9152458,
              32.1312541
            ],
            [
              118.9148542,
              32.1310111
            ]
          ]
        ]
      },
      "properties": {
        "kind": "water",
        "name": null,
        "natural": "water",
        "waterway": null,
        "source": "OpenStreetMap",
        "osm_id": "1307025942"
      }
    },
    {
      "type": "Feature",
      "geometry": {
        "type": "Polygon",
        "coordinates": [
          [
            [
              118.9149991,
              32.1304092
            ],
            [
              118.9148998,
              32.1302797
            ],
            [
              118.9147979,
              32.1301866
            ],
            [
              118.9147469,
              32.1301162
            ],
            [
              118.9147174,
              32.1300457
            ],
            [
              118.9146504,
              32.1299867
            ],
            [
              118.9145538,
              32.1299208
            ],
            [
              118.9145082,
              32.1298777
            ],
            [
              118.9144841,
              32.129805
            ],
            [
              118.9145592,
              32.1297119
            ],
            [
              118.9146343,
              32.1297232
            ],
            [
              118.9153022,
              32.1301116
            ],
            [
              118.9153022,
              32.1301525
            ],
            [
              118.9150527,
              32.130391
            ],
            [
              118.9149991,
              32.1304092
            ]
          ]
        ]
      },
      "properties": {
        "kind": "water",
        "name": null,
        "natural": "water",
        "waterway": null,
        "source": "OpenStreetMap",
        "osm_id": "1307025943"
      }
    },
    {
      "type": "Feature",
      "geometry": {
        "type": "Polygon",
        "coordinates": [
          [
            [
              118.9113132,
              32.1292362
            ],
            [
              118.9112601,
              32.1291141
            ],
            [
              118.9111994,
              32.1287993
            ],
            [
              118.9118367,
              32.1286194
            ],
            [
              118.9120871,
              32.1285038
            ],
            [
              118.9123677,
              32.1282789
            ],
            [
              118.912463,
              32.1281752
            ],
            [
              118.9137355,
              32.1288985
            ],
            [
              118.9135158,
              32.1291008
            ],
            [
              118.9133415,
              32.1291826
            ],
            [
              118.9124536,
              32.1291122
            ],
            [
              118.91229,
              32.1291145
            ],
            [
              118.9121211,
              32.1291326
            ],
            [
              118.9113132,
              32.1292362
            ]
          ]
        ]
      },
      "properties": {
        "kind": "water",
        "name": null,
        "natural": "water",
        "waterway": null,
        "source": "OpenStreetMap",
        "osm_id": "1307025950"
      }
    },
    {
      "type": "Feature",
      "geometry": {
        "type": "Polygon",
        "coordinates": [
          [
            [
              118.9127717,
              32.1300874
            ],
            [
              118.9128267,
              32.1300103
            ],
            [
              118.9129329,
              32.1299059
            ],
            [
              118.913041,
              32.1298032
            ],
            [
              118.9130998,
              32.1297148
            ],
            [
              118.9131131,
              32.129612
            ],
            [
              118.9130809,
              32.1295253
            ],
            [
              118.9130259,
              32.1294594
            ],
            [
              118.9129083,
              32.1294193
            ],
            [
              118.9128248,
              32.1294145
            ],
            [
              118.9126845,
              32.1294337
            ],
            [
              118.9125081,
              32.1295012
            ],
            [
              118.9124588,
              32.1295815
            ],
            [
              118.9124853,
              32.1297309
            ],
            [
              118.9125062,
              32.1298658
            ],
            [
              118.9125252,
              32.129983
            ],
            [
              118.9124683,
              32.1300264
            ],
            [
              118.9124341,
              32.1300858
            ],
            [
              118.9124569,
              32.1301404
            ],
            [
              118.9125479,
              32.1301517
            ],
            [
              118.9127035,
              32.1301404
            ],
            [
              118.9127395,
              32.130126
            ],
            [
              118.9127717,
              32.1300874
            ]
          ]
        ]
      },
      "properties": {
        "kind": "water",
        "name": null,
        "natural": "water",
        "waterway": null,
        "source": "OpenStreetMap",
        "osm_id": "1307025953"
      }
    },
    {
      "type": "Feature",
      "geometry": {
        "type": "Polygon",
        "coordinates": [
          [
            [
              118.8855236,
              32.1349956
            ],
            [
              118.8855518,
              32.1346055
            ],
            [
              118.8855742,
              32.1346058
            ],
            [
              118.885594,
              32.1346061
            ],
            [
              118.885599,
              32.1346166
            ],
            [
              118.8856033,
              32.134623
            ],
            [
              118.8856085,
              32.1346266
            ],
            [
              118.8856151,
              32.1346311
            ],
            [
              118.8856218,
              32.1346359
            ],
            [
              118.8856303,
              32.1346383
            ],
            [
              118.8856412,
              32.1346387
            ],
            [
              118.8856521,
              32.1346371
            ],
            [
              118.8856578,
              32.1346319
            ],
            [
              118.8856645,
              32.1346258
            ],
            [
              118.8856701,
              32.1346202
            ],
            [
              118.8856758,
              32.134613
            ],
            [
              118.8856773,
              32.1346082
            ],
            [
              118.8856918,
              32.1346087
            ],
            [
              118.8857119,
              32.1346094
            ],
            [
              118.8856815,
              32.1350081
            ],
            [
              118.8856403,
              32.1350061
            ],
            [
              118.8856398,
              32.1349972
            ],
            [
              118.8856374,
              32.1349884
            ],
            [
              118.8856355,
              32.13498
            ],
            [
              118.8856289,
              32.1349764
            ],
            [
              118.8856208,
              32.1349707
            ],
            [
              118.8856109,
              32.1349699
            ],
            [
              118.8855881,
              32.1349691
            ],
            [
              118.8855782,
              32.1349723
            ],
            [
              118.8855729,
              32.1349804
            ],
            [
              118.8855692,
              32.1349892
            ],
            [
              118.8855673,
              32.134998
            ],
            [
              118.8855236,
              32.1349956
            ]
          ]
        ]
      },
      "properties": {
        "kind": "water",
        "name": null,
        "natural": "water",
        "waterway": null,
        "source": "OpenStreetMap",
        "osm_id": "1308594362"
      }
    },
    {
      "type": "Feature",
      "geometry": {
        "type": "Polygon",
        "coordinates": [
          [
            [
              118.8815761,
              32.1171285
            ],
            [
              118.8815868,
              32.1171107
            ],
            [
              118.8816047,
              32.1170978
            ],
            [
              118.881627,
              32.1170917
            ],
            [
              118.8816505,
              32.1170932
            ],
            [
              118.8816714,
              32.1171023
            ],
            [
              118.8816867,
              32.1171175
            ],
            [
              118.8816939,
              32.1171364
            ],
            [
              118.8816921,
              32.1171563
            ],
            [
              118.8816814,
              32.117174
            ],
            [
              118.8816635,
              32.1171869
            ],
            [
              118.8816411,
              32.1171931
            ],
            [
              118.8816176,
              32.1171915
            ],
            [
              118.8815967,
              32.1171824
            ],
            [
              118.8815814,
              32.1171673
            ],
            [
              118.8815742,
              32.1171483
            ],
            [
              118.8815761,
              32.1171285
            ]
          ]
        ]
      },
      "properties": {
        "kind": "water",
        "name": null,
        "natural": "water",
        "waterway": null,
        "source": "OpenStreetMap",
        "osm_id": "1343419128"
      }
    },
    {
      "type": "Feature",
      "geometry": {
        "type": "Polygon",
        "coordinates": [
          [
            [
              118.893425,
              32.12299
            ],
            [
              118.893909,
              32.123259
            ],
            [
              118.893863,
              32.123437
            ],
            [
              118.893657,
              32.1235
            ],
            [
              118.893264,
              32.123572
            ],
            [
              118.893099,
              32.12408
            ],
            [
              118.892984,
              32.124386
            ],
            [
              118.892832,
              32.124386
            ],
            [
              118.892635,
              32.124208
            ],
            [
              118.892294,
              32.123867
            ],
            [
              118.892108,
              32.123403
            ],
            [
              118.892082,
              32.122925
            ],
            [
              118.892826,
              32.122882
            ],
            [
              118.893425,
              32.12299
            ]
          ]
        ]
      },
      "properties": {
        "kind": "water",
        "name": null,
        "natural": "water",
        "waterway": null,
        "source": "OpenStreetMap",
        "osm_id": "1525414406"
      }
    },
    {
      "type": "Feature",
      "geometry": {
        "type": "Polygon",
        "coordinates": [
          [
            [
              118.893668,
              32.122891
            ],
            [
              118.893991,
              32.123053
            ],
            [
              118.894905,
              32.123472
            ],
            [
              118.895305,
              32.123749
            ],
            [
              118.895767,
              32.124039
            ],
            [
              118.897095,
              32.124858
            ],
            [
              118.897147,
              32.124888
            ],
            [
              118.897545,
              32.125157
            ],
            [
              118.897766,
              32.12535
            ],
            [
              118.897963,
              32.125589
            ],
            [
              118.898057,
              32.125741
            ],
            [
              118.898204,
              32.125945
            ],
            [
              118.898274,
              32.126019
            ],
            [
              118.898497,
              32.126255
            ],
            [
              118.898526,
              32.126301
            ],
            [
              118.898526,
              32.126403
            ],
            [
              118.898497,
              32.126448
            ],
            [
              118.898406,
              32.126565
            ],
            [
              118.898274,
              32.126707
            ],
            [
              118.897415,
              32.127613
            ],
            [
              118.897361,
              32.12768
            ],
            [
              118.897309,
              32.127737
            ],
            [
              118.897281,
              32.127687
            ],
            [
              118.89733,
              32.127572
            ],
            [
              118.89738,
              32.127498
            ],
            [
              118.898128,
              32.126641
            ],
            [
              118.89833,
              32.126411
            ],
            [
              118.89835,
              32.126316
            ],
            [
              118.898304,
              32.126214
            ],
            [
              118.898072,
              32.125966
            ],
            [
              118.898013,
              32.125919
            ],
            [
              118.897927,
              32.125819
            ],
            [
              118.897835,
              32.125647
            ],
            [
              118.897727,
              32.125498
            ],
            [
              118.897686,
              32.125452
            ],
            [
              118.897414,
              32.125229
            ],
            [
              118.897317,
              32.125159
            ],
            [
              118.896197,
              32.124437
            ],
            [
              118.895939,
              32.124295
            ],
            [
              118.895229,
              32.123816
            ],
            [
              118.894831,
              32.123548
            ],
            [
              118.894117,
              32.12322
            ],
            [
              118.89398,
              32.123142
            ],
            [
              118.893646,
              32.122977
            ],
            [
              118.893266,
              32.12283
            ],
            [
              118.893008,
              32.122789
            ],
            [
              118.892264,
              32.122797
            ],
            [
              118.891734,
              32.122852
            ],
            [
              118.890829,
              32.122971
            ],
            [
              118.890769,
              32.122967
            ],
            [
              118.890556,
              32.122919
            ],
            [
              118.890456,
              32.122886
            ],
            [
              118.890354,
              32.122782
            ],
            [
              118.890265,
              32.12265
            ],
            [
              118.890102,
              32.122404
            ],
            [
              118.890044,
              32.122302
            ],
            [
              118.890098,
              32.12227
            ],
            [
              118.890445,
              32.122747
            ],
            [
              118.890552,
              32.12283
            ],
            [
              118.890764,
              32.12288
            ],
            [
              118.891272,
              32.122791
            ],
            [
              118.891437,
              32.122778
            ],
            [
              118.892199,
              32.122708
            ],
            [
              118.892737,
              32.122671
            ],
            [
              118.893095,
              32.122695
            ],
            [
              118.893275,
              32.122717
            ],
            [
              118.893447,
              32.122778
            ],
            [
              118.893668,
              32.122891
            ]
          ]
        ]
      },
      "properties": {
        "kind": "water",
        "name": null,
        "natural": "water",
        "waterway": null,
        "source": "OpenStreetMap",
        "osm_id": "1525414408"
      }
    },
    {
      "type": "Feature",
      "geometry": {
        "type": "Polygon",
        "coordinates": [
          [
            [
              118.9510478,
              32.1162742
            ],
            [
              118.9512602,
              32.116334
            ],
            [
              118.9513324,
              32.1162903
            ],
            [
              118.9514044,
              32.1161782
            ],
            [
              118.9514727,
              32.1161247
            ],
            [
              118.9516458,
              32.1159303
            ],
            [
              118.9518291,
              32.1157405
            ],
            [
              118.9520727,
              32.1155631
            ],
            [
              118.9524502,
              32.1153891
            ],
            [
              118.9527445,
              32.1152867
            ],
            [
              118.9529016,
              32.115259
            ],
            [
              118.9530314,
              32.1152424
            ],
            [
              118.9531458,
              32.1152257
            ],
            [
              118.9532979,
              32.1152313
            ],
            [
              118.9536949,
              32.1152728
            ],
            [
              118.9554994,
              32.1155198
            ],
            [
              118.9557094,
              32.1155485
            ],
            [
              118.9564463,
              32.1156494
            ],
            [
              118.9564565,
              32.1158016
            ],
            [
              118.9565022,
              32.1159795
            ],
            [
              118.956509,
              32.1160494
            ],
            [
              118.9564771,
              32.1161096
            ],
            [
              118.9564237,
              32.1161752
            ],
            [
              118.9563608,
              32.1162495
            ],
            [
              118.9562901,
              32.1163593
            ],
            [
              118.9562529,
              32.1164544
            ],
            [
              118.9562322,
              32.1165071
            ],
            [
              118.9562472,
              32.1166248
            ],
            [
              118.9562271,
              32.1167128
            ],
            [
              118.9561867,
              32.1167843
            ],
            [
              118.9561466,
              32.1168245
            ],
            [
              118.9560532,
              32.1168197
            ],
            [
              118.9558711,
              32.1167867
            ],
            [
              118.9557202,
              32.1167519
            ],
            [
              118.9557509,
              32.1165679
            ],
            [
              118.9558824,
              32.1157792
            ],
            [
              118.9558846,
              32.1157662
            ],
            [
              118.9556903,
              32.1157326
            ],
            [
              118.955701,
              32.1156555
            ],
            [
              118.9535775,
              32.1153593
            ],
            [
              118.9532349,
              32.1153342
            ],
            [
              118.9530077,
              32.1153609
            ],
            [
              118.9528379,
              32.115387
            ],
            [
              118.9525527,
              32.1154738
            ],
            [
              118.9522853,
              32.1155947
            ],
            [
              118.9520857,
              32.1157304
            ],
            [
              118.9518775,
              32.1158753
            ],
            [
              118.9516553,
              32.116122
            ],
            [
              118.9516343,
              32.1162326
            ],
            [
              118.9516749,
              32.1163275
            ],
            [
              118.9515461,
              32.1165458
            ],
            [
              118.9511945,
              32.1164633
            ],
            [
              118.9509178,
              32.1163793
            ],
            [
              118.9508757,
              32.1164286
            ],
            [
              118.9508558,
              32.1164703
            ],
            [
              118.9507996,
              32.1165541
            ],
            [
              118.9507071,
              32.11668
            ],
            [
              118.9505944,
              32.1168935
            ],
            [
              118.9502326,
              32.1176205
            ],
            [
              118.9498084,
              32.1184418
            ],
            [
              118.9493781,
              32.1192787
            ],
            [
              118.9490788,
              32.119953
            ],
            [
              118.9490065,
              32.1201394
            ],
            [
              118.9488946,
              32.1205228
            ],
            [
              118.9487555,
              32.1210766
            ],
            [
              118.9486504,
              32.1214902
            ],
            [
              118.9486214,
              32.1216043
            ],
            [
              118.947992,
              32.1214764
            ],
            [
              118.9481559,
              32.1210594
            ],
            [
              118.948597,
              32.1211704
            ],
            [
              118.9487696,
              32.1204686
            ],
            [
              118.9489412,
              32.1199389
            ],
            [
              118.949238,
              32.1192542
            ],
            [
              118.9495261,
              32.1186668
            ],
            [
              118.9500852,
              32.1175411
            ],
            [
              118.9506197,
              32.1164807
            ],
            [
              118.9507222,
              32.1163297
            ],
            [
              118.9508095,
              32.1162382
            ],
            [
              118.9508797,
              32.1162079
            ],
            [
              118.9509191,
              32.1162037
            ],
            [
              118.9509596,
              32.1162457
            ],
            [
              118.9510478,
              32.1162742
            ]
          ]
        ]
      },
      "properties": {
        "kind": "water",
        "name": null,
        "natural": "water",
        "waterway": null,
        "source": "OpenStreetMap",
        "osm_id": "99814416"
      }
    },
    {
      "type": "Feature",
      "geometry": {
        "type": "Polygon",
        "coordinates": [
          [
            [
              118.9417278,
              32.1148559
            ],
            [
              118.9420951,
              32.1150919
            ],
            [
              118.9424877,
              32.1154191
            ],
            [
              118.9424624,
              32.1155532
            ],
            [
              118.9421268,
              32.1161647
            ],
            [
              118.9415914,
              32.1171164
            ],
            [
              118.9413737,
              32.1174516
            ],
            [
              118.9410175,
              32.1180718
            ],
            [
              118.9407998,
              32.1184154
            ],
            [
              118.9407009,
              32.1184489
            ],
            [
              118.9406217,
              32.1183987
            ],
            [
              118.9406019,
              32.1180467
            ],
            [
              118.940592,
              32.1171834
            ],
            [
              118.9405227,
              32.1165968
            ],
            [
              118.9404931,
              32.1163537
            ],
            [
              118.9406217,
              32.1161694
            ],
            [
              118.9408493,
              32.1159598
            ],
            [
              118.9411758,
              32.1156833
            ],
            [
              118.941344,
              32.1153732
            ],
            [
              118.9414727,
              32.1150882
            ],
            [
              118.9415617,
              32.1149038
            ],
            [
              118.941631,
              32.1148116
            ],
            [
              118.9417278,
              32.1148559
            ]
          ]
        ]
      },
      "properties": {
        "kind": "water",
        "name": null,
        "natural": "water",
        "waterway": null,
        "source": "OpenStreetMap",
        "osm_id": "118862359"
      }
    },
    {
      "type": "Feature",
      "geometry": {
        "type": "LineString",
        "coordinates": [
          [
            118.9579229,
            32.1325207
          ],
          [
            118.957601,
            32.1323026
          ],
          [
            118.9569358,
            32.1324117
          ],
          [
            118.9562921,
            32.1324843
          ],
          [
            118.955348,
            32.1324298
          ],
          [
            118.954554,
            32.1324298
          ],
          [
            118.9538459,
            32.1323572
          ],
          [
            118.9529662,
            32.1322845
          ],
          [
            118.952258,
            32.1321573
          ],
          [
            118.9515499,
            32.1319211
          ],
          [
            118.9508633,
            32.131703
          ],
          [
            118.9501917,
            32.131465
          ],
          [
            118.9497052,
            32.1313062
          ],
          [
            118.9493613,
            32.131176
          ],
          [
            118.9488184,
            32.1309017
          ],
          [
            118.948503,
            32.1307763
          ],
          [
            118.9481811,
            32.1310852
          ],
          [
            118.9476613,
            32.1315275
          ],
          [
            118.9473254,
            32.1318324
          ]
        ]
      },
      "properties": {
        "kind": "water",
        "name": null,
        "natural": null,
        "waterway": "canal",
        "source": "OpenStreetMap",
        "osm_id": "583452481"
      }
    },
    {
      "type": "Feature",
      "geometry": {
        "type": "Polygon",
        "coordinates": [
          [
            [
              118.9511945,
              32.1164633
            ],
            [
              118.9512602,
              32.116334
            ],
            [
              118.9513324,
              32.1162903
            ],
            [
              118.9514044,
              32.1161782
            ],
            [
              118.9514727,
              32.1161247
            ],
            [
              118.9516343,
              32.1162326
            ],
            [
              118.9516749,
              32.1163275
            ],
            [
              118.9515461,
              32.1165458
            ],
            [
              118.9511945,
              32.1164633
            ]
          ]
        ]
      },
      "properties": {
        "kind": "water",
        "name": "菜根潭",
        "natural": "water",
        "waterway": null,
        "source": "OpenStreetMap",
        "osm_id": "608727919"
      }
    },
    {
      "type": "Feature",
      "geometry": {
        "type": "Polygon",
        "coordinates": [
          [
            [
              118.9557202,
              32.1167519
            ],
            [
              118.9557509,
              32.1165679
            ],
            [
              118.9558824,
              32.1157792
            ],
            [
              118.9556903,
              32.1157326
            ],
            [
              118.955701,
              32.1156555
            ],
            [
              118.9557094,
              32.1155485
            ],
            [
              118.9564463,
              32.1156494
            ],
            [
              118.9564565,
              32.1158016
            ],
            [
              118.9565022,
              32.1159795
            ],
            [
              118.956509,
              32.1160494
            ],
            [
              118.9564771,
              32.1161096
            ],
            [
              118.9564237,
              32.1161752
            ],
            [
              118.9563608,
              32.1162495
            ],
            [
              118.9562901,
              32.1163593
            ],
            [
              118.9562529,
              32.1164544
            ],
            [
              118.9562322,
              32.1165071
            ],
            [
              118.9562472,
              32.1166248
            ],
            [
              118.9562271,
              32.1167128
            ],
            [
              118.9561867,
              32.1167843
            ],
            [
              118.9561466,
              32.1168245
            ],
            [
              118.9560532,
              32.1168197
            ],
            [
              118.9558711,
              32.1167867
            ],
            [
              118.9557202,
              32.1167519
            ]
          ]
        ]
      },
      "properties": {
        "kind": "water",
        "name": "藜照湖",
        "natural": "water",
        "waterway": null,
        "source": "OpenStreetMap",
        "osm_id": "608727939"
      }
    },
    {
      "type": "Feature",
      "geometry": {
        "type": "LineString",
        "coordinates": [
          [
            118.9559497,
            32.1156694
          ],
          [
            118.9558145,
            32.1156143
          ],
          [
            118.9549045,
            32.1154866
          ],
          [
            118.9533813,
            32.1152796
          ],
          [
            118.9530823,
            32.1152928
          ],
          [
            118.9528082,
            32.1153386
          ],
          [
            118.9524754,
            32.1154355
          ],
          [
            118.9519502,
            32.1157262
          ],
          [
            118.9517344,
            32.1159178
          ],
          [
            118.9515758,
            32.1161468
          ],
          [
            118.9514224,
            32.1163912
          ],
          [
            118.9513184,
            32.1164022
          ],
          [
            118.9512014,
            32.1163846
          ],
          [
            118.9509336,
            32.1163097
          ],
          [
            118.9508882,
            32.1163075
          ],
          [
            118.9508596,
            32.1163317
          ],
          [
            118.9508195,
            32.1163714
          ],
          [
            118.9505673,
            32.1167675
          ],
          [
            118.9490001,
            32.1199688
          ],
          [
            118.9488498,
            32.1204308
          ],
          [
            118.9487448,
            32.1208209
          ],
          [
            118.9486272,
            32.1212283
          ],
          [
            118.9483605,
            32.1213824
          ]
        ]
      },
      "properties": {
        "kind": "water",
        "name": "梦川",
        "natural": null,
        "waterway": "stream",
        "source": "OpenStreetMap",
        "osm_id": "609088108"
      }
    },
    {
      "type": "Feature",
      "geometry": {
        "type": "Polygon",
        "coordinates": [
          [
            [
              118.9403261,
              32.1358661
            ],
            [
              118.9404124,
              32.1359392
            ],
            [
              118.9407945,
              32.1359444
            ],
            [
              118.9408376,
              32.1359862
            ],
            [
              118.9411704,
              32.136007
            ],
            [
              118.9411704,
              32.1359079
            ],
            [
              118.94093,
              32.135887
            ],
            [
              118.9408561,
              32.1358453
            ],
            [
              118.9408314,
              32.1356418
            ],
            [
              118.94093,
              32.1353026
            ],
            [
              118.94093,
              32.1351617
            ],
            [
              118.9412258,
              32.1348121
            ],
            [
              118.9412998,
              32.1346764
            ],
            [
              118.9412751,
              32.134259
            ],
            [
              118.9411765,
              32.1338363
            ],
            [
              118.941232,
              32.1335598
            ],
            [
              118.94146,
              32.1332049
            ],
            [
              118.9415586,
              32.1328762
            ],
            [
              118.9413121,
              32.1323178
            ],
            [
              118.9410902,
              32.1320674
            ],
            [
              118.940776,
              32.13237
            ],
            [
              118.9407144,
              32.1327927
            ],
            [
              118.9410225,
              32.1330014
            ],
            [
              118.9411395,
              32.1334293
            ],
            [
              118.9410286,
              32.1338468
            ],
            [
              118.9408746,
              32.1339668
            ],
            [
              118.9406034,
              32.1340503
            ],
            [
              118.9405418,
              32.1341964
            ],
            [
              118.940511,
              32.1346243
            ],
            [
              118.9404623,
              32.1349512
            ],
            [
              118.9404309,
              32.1351617
            ],
            [
              118.9403261,
              32.1358661
            ]
          ]
        ]
      },
      "properties": {
        "kind": "water",
        "name": null,
        "natural": "water",
        "waterway": null,
        "source": "OpenStreetMap",
        "osm_id": "871590055"
      }
    },
    {
      "type": "Feature",
      "geometry": {
        "type": "LineString",
        "coordinates": [
          [
            118.9469094,
            32.1322569
          ],
          [
            118.9468228,
            32.1323553
          ],
          [
            118.946222,
            32.1328278
          ],
          [
            118.9457929,
            32.1331367
          ],
          [
            118.9451406,
            32.1335972
          ],
          [
            118.9445621,
            32.1340028
          ],
          [
            118.9443925,
            32.1340681
          ],
          [
            118.9438746,
            32.1341173
          ],
          [
            118.9430908,
            32.1341741
          ],
          [
            118.9422716,
            32.134275
          ]
        ]
      },
      "properties": {
        "kind": "water",
        "name": null,
        "natural": null,
        "waterway": "canal",
        "source": "OpenStreetMap",
        "osm_id": "871600908"
      }
    },
    {
      "type": "Feature",
      "geometry": {
        "type": "LineString",
        "coordinates": [
          [
            118.9473254,
            32.1318324
          ],
          [
            118.9469094,
            32.1322569
          ]
        ]
      },
      "properties": {
        "kind": "water",
        "name": null,
        "natural": null,
        "waterway": "canal",
        "source": "OpenStreetMap",
        "osm_id": "871600909"
      }
    },
    {
      "type": "Feature",
      "geometry": {
        "type": "Polygon",
        "coordinates": [
          [
            [
              118.9534965,
              32.1329394
            ],
            [
              118.9535412,
              32.1328912
            ],
            [
              118.9536063,
              32.1328843
            ],
            [
              118.9537161,
              32.1329153
            ],
            [
              118.9537364,
              32.1331012
            ],
            [
              118.9538218,
              32.1332905
            ],
            [
              118.9539884,
              32.133376
            ],
            [
              118.9542254,
              32.1335055
            ],
            [
              118.9544066,
              32.1337074
            ],
            [
              118.9546385,
              32.1338808
            ],
            [
              118.9548102,
              32.1339399
            ],
            [
              118.9548436,
              32.1340028
            ],
            [
              118.9551316,
              32.1341342
            ],
            [
              118.955226,
              32.1341682
            ],
            [
              118.9559035,
              32.1341817
            ],
            [
              118.9560429,
              32.1342916
            ],
            [
              118.9561529,
              32.1342836
            ],
            [
              118.9562543,
              32.1341223
            ],
            [
              118.9564046,
              32.1341266
            ],
            [
              118.9564847,
              32.1341249
            ],
            [
              118.9565385,
              32.1343606
            ],
            [
              118.9565375,
              32.1344404
            ],
            [
              118.9564156,
              32.1344652
            ],
            [
              118.9561847,
              32.1345008
            ],
            [
              118.9560293,
              32.1345299
            ],
            [
              118.9558382,
              32.1345299
            ],
            [
              118.9556512,
              32.1345884
            ],
            [
              118.9554886,
              32.1346228
            ],
            [
              118.9553138,
              32.1346056
            ],
            [
              118.9551512,
              32.1344748
            ],
            [
              118.9549357,
              32.1343922
            ],
            [
              118.9547365,
              32.1343818
            ],
            [
              118.9545861,
              32.1344266
            ],
            [
              118.9544275,
              32.1344576
            ],
            [
              118.9542649,
              32.1343922
            ],
            [
              118.9541389,
              32.1342992
            ],
            [
              118.954025,
              32.1342131
            ],
            [
              118.9538868,
              32.1341856
            ],
            [
              118.9537323,
              32.1341753
            ],
            [
              118.9534599,
              32.1341443
            ],
            [
              118.9533014,
              32.1340445
            ],
            [
              118.9532201,
              32.1338999
            ],
            [
              118.9532363,
              32.1337587
            ],
            [
              118.953349,
              32.1336218
            ],
            [
              118.9534074,
              32.1335627
            ],
            [
              118.9534518,
              32.1334454
            ],
            [
              118.9534274,
              32.1333353
            ],
            [
              118.9534965,
              32.1329394
            ]
          ]
        ]
      },
      "properties": {
        "kind": "water",
        "name": null,
        "natural": "water",
        "waterway": null,
        "source": "OpenStreetMap",
        "osm_id": "871600910"
      }
    },
    {
      "type": "Feature",
      "geometry": {
        "type": "Polygon",
        "coordinates": [
          [
            [
              118.9537831,
              32.1316239
            ],
            [
              118.9540259,
              32.1315646
            ],
            [
              118.9545302,
              32.131612
            ],
            [
              118.9550159,
              32.1315843
            ],
            [
              118.955539,
              32.1316199
            ],
            [
              118.9562441,
              32.131529
            ],
            [
              118.9562208,
              32.1313233
            ],
            [
              118.9560854,
              32.1312482
            ],
            [
              118.9560433,
              32.13109
            ],
            [
              118.9560947,
              32.1309911
            ],
            [
              118.9559733,
              32.1307776
            ],
            [
              118.9556884,
              32.1305245
            ],
            [
              118.9554876,
              32.1303663
            ],
            [
              118.9551934,
              32.1304058
            ],
            [
              118.9550253,
              32.1305561
            ],
            [
              118.9547404,
              32.1307657
            ],
            [
              118.9544042,
              32.1308725
            ],
            [
              118.9541753,
              32.1308844
            ],
            [
              118.9539372,
              32.1310781
            ],
            [
              118.9538391,
              32.1312205
            ],
            [
              118.9537457,
              32.131351
            ],
            [
              118.9537831,
              32.1316239
            ]
          ]
        ]
      },
      "properties": {
        "kind": "water",
        "name": null,
        "natural": "water",
        "waterway": null,
        "source": "OpenStreetMap",
        "osm_id": "871600911"
      }
    },
    {
      "type": "Feature",
      "geometry": {
        "type": "Polygon",
        "coordinates": [
          [
            [
              118.9510998,
              32.1234611
            ],
            [
              118.9510668,
              32.1234786
            ],
            [
              118.9510418,
              32.1235037
            ],
            [
              118.9510269,
              32.1235341
            ],
            [
              118.9510238,
              32.1235669
            ],
            [
              118.9510327,
              32.123599
            ],
            [
              118.9510527,
              32.1236272
            ],
            [
              118.951082,
              32.1236489
            ],
            [
              118.9511223,
              32.1236629
            ],
            [
              118.9511658,
              32.1236644
            ],
            [
              118.9512074,
              32.1236532
            ],
            [
              118.9512419,
              32.1236307
            ],
            [
              118.9512653,
              32.1235995
            ],
            [
              118.9512746,
              32.1235635
            ],
            [
              118.9512689,
              32.1235269
            ],
            [
              118.9512487,
              32.1234941
            ],
            [
              118.9512166,
              32.1234692
            ],
            [
              118.9511763,
              32.1234551
            ],
            [
              118.9511375,
              32.123453
            ],
            [
              118.9510998,
              32.1234611
            ]
          ]
        ]
      },
      "properties": {
        "kind": "water",
        "name": null,
        "natural": "water",
        "waterway": null,
        "source": "OpenStreetMap",
        "osm_id": "882820203"
      }
    },
    {
      "type": "Feature",
      "geometry": {
        "type": "Polygon",
        "coordinates": [
          [
            [
              118.9490482,
              32.1234187
            ],
            [
              118.9490509,
              32.1233331
            ],
            [
              118.9492019,
              32.1233365
            ],
            [
              118.9491992,
              32.1234221
            ],
            [
              118.9490482,
              32.1234187
            ]
          ]
        ]
      },
      "properties": {
        "kind": "water",
        "name": null,
        "natural": "water",
        "waterway": null,
        "source": "OpenStreetMap",
        "osm_id": "882820204"
      }
    },
    {
      "type": "Feature",
      "geometry": {
        "type": "LineString",
        "coordinates": [
          [
            118.9427225,
            32.1147917
          ],
          [
            118.9425928,
            32.1149006
          ]
        ]
      },
      "properties": {
        "kind": "water",
        "name": null,
        "natural": null,
        "waterway": "river",
        "source": "OpenStreetMap",
        "osm_id": "897362941"
      }
    },
    {
      "type": "Feature",
      "geometry": {
        "type": "LineString",
        "coordinates": [
          [
            118.9429271,
            32.114605
          ],
          [
            118.9427225,
            32.1147917
          ]
        ]
      },
      "properties": {
        "kind": "water",
        "name": null,
        "natural": null,
        "waterway": "river",
        "source": "OpenStreetMap",
        "osm_id": "897362942"
      }
    },
    {
      "type": "Feature",
      "geometry": {
        "type": "Polygon",
        "coordinates": [
          [
            [
              118.94243,
              32.1367502
            ],
            [
              118.9425616,
              32.1372713
            ],
            [
              118.9425849,
              32.1374115
            ],
            [
              118.942603,
              32.13767
            ],
            [
              118.9427017,
              32.1383383
            ],
            [
              118.9429149,
              32.1394107
            ],
            [
              118.9430909,
              32.1405718
            ],
            [
              118.943321,
              32.1422193
            ],
            [
              118.9435705,
              32.1442575
            ],
            [
              118.9436452,
              32.1447463
            ],
            [
              118.9437625,
              32.1451487
            ],
            [
              118.9439296,
              32.1456722
            ],
            [
              118.944077,
              32.1459808
            ],
            [
              118.9442059,
              32.1461674
            ],
            [
              118.944449,
              32.1463184
            ],
            [
              118.9449224,
              32.1466536
            ],
            [
              118.9449905,
              32.1467364
            ],
            [
              118.9455683,
              32.147128
            ],
            [
              118.9458978,
              32.1473439
            ],
            [
              118.9460466,
              32.1475311
            ],
            [
              118.9461415,
              32.1475803
            ],
            [
              118.9462941,
              32.14763
            ],
            [
              118.9464686,
              32.1476684
            ],
            [
              118.9466622,
              32.1478685
            ],
            [
              118.9467485,
              32.1480096
            ],
            [
              118.9467332,
              32.1481997
            ],
            [
              118.9466165,
              32.1486967
            ],
            [
              118.9465963,
              32.1492477
            ],
            [
              118.9467025,
              32.1495068
            ],
            [
              118.9470708,
              32.1502677
            ],
            [
              118.9471636,
              32.1505501
            ],
            [
              118.9472937,
              32.1507322
            ],
            [
              118.9475612,
              32.1510391
            ],
            [
              118.9476502,
              32.1511601
            ],
            [
              118.9477285,
              32.1513746
            ],
            [
              118.9477194,
              32.1516055
            ],
            [
              118.9475492,
              32.1522804
            ],
            [
              118.9474132,
              32.1530665
            ],
            [
              118.9473136,
              32.1537363
            ],
            [
              118.9472089,
              32.1543709
            ],
            [
              118.9471053,
              32.1552983
            ],
            [
              118.9471475,
              32.1553055
            ],
            [
              118.947124,
              32.1555209
            ],
            [
              118.9470831,
              32.1555191
            ],
            [
              118.9470099,
              32.1559195
            ],
            [
              118.946937,
              32.1563917
            ],
            [
              118.9467742,
              32.1571144
            ],
            [
              118.946731,
              32.1573447
            ],
            [
              118.9464248,
              32.1583797
            ],
            [
              118.9463754,
              32.1585333
            ],
            [
              118.9463455,
              32.1588138
            ],
            [
              118.9463161,
              32.1590241
            ],
            [
              118.9462315,
              32.159414
            ],
            [
              118.9460443,
              32.1605266
            ],
            [
              118.9460156,
              32.1610795
            ],
            [
              118.9459813,
              32.1612266
            ],
            [
              118.9459889,
              32.1613624
            ],
            [
              118.9460612,
              32.1616012
            ],
            [
              118.9460401,
              32.162979
            ],
            [
              118.9460048,
              32.163418
            ],
            [
              118.9460006,
              32.1637869
            ],
            [
              118.9459922,
              32.1641261
            ],
            [
              118.9459782,
              32.1644528
            ],
            [
              118.9459557,
              32.1645044
            ],
            [
              118.9458918,
              32.1645973
            ],
            [
              118.9457564,
              32.1647795
            ],
            [
              118.9456831,
              32.1649485
            ],
            [
              118.9455801,
              32.1653574
            ],
            [
              118.9456139,
              32.1658596
            ],
            [
              118.9456097,
              32.1662487
            ],
            [
              118.9455621,
              32.1662956
            ],
            [
              118.9455978,
              32.1666826
            ],
            [
              118.9455743,
              32.1669856
            ],
            [
              118.9455011,
              32.1670431
            ],
            [
              118.9455318,
              32.167339
            ],
            [
              118.9456245,
              32.1673327
            ],
            [
              118.9456885,
              32.1679071
            ],
            [
              118.9455725,
              32.1679231
            ],
            [
              118.9456698,
              32.1683548
            ],
            [
              118.945733,
              32.1683606
            ],
            [
              118.9458014,
              32.1684058
            ],
            [
              118.9458244,
              32.168505
            ],
            [
              118.9457673,
              32.1688276
            ],
            [
              118.945932,
              32.1692871
            ],
            [
              118.9461261,
              32.1692646
            ],
            [
              118.9463413,
              32.1692474
            ],
            [
              118.9462198,
              32.1688745
            ],
            [
              118.9461344,
              32.1687591
            ],
            [
              118.9461137,
              32.1686464
            ],
            [
              118.9459697,
              32.1673645
            ],
            [
              118.9460082,
              32.1672836
            ],
            [
              118.945935,
              32.1668677
            ],
            [
              118.9458663,
              32.1666404
            ],
            [
              118.9457866,
              32.1661122
            ],
            [
              118.9457628,
              32.1654932
            ],
            [
              118.9458237,
              32.1652669
            ],
            [
              118.9459797,
              32.1648889
            ],
            [
              118.9461018,
              32.164697
            ],
            [
              118.9461648,
              32.1645277
            ],
            [
              118.9462184,
              32.1641847
            ],
            [
              118.9462726,
              32.162999
            ],
            [
              118.9462823,
              32.1615892
            ],
            [
              118.9463016,
              32.1615071
            ],
            [
              118.9462678,
              32.161137
            ],
            [
              118.9463181,
              32.1605726
            ],
            [
              118.9464729,
              32.1595586
            ],
            [
              118.9466002,
              32.1585643
            ],
            [
              118.9468326,
              32.1577371
            ],
            [
              118.9469531,
              32.1573348
            ],
            [
              118.9474348,
              32.1555993
            ],
            [
              118.9474685,
              32.1551229
            ],
            [
              118.9475723,
              32.154811
            ],
            [
              118.9476315,
              32.154359
            ],
            [
              118.9476934,
              32.1543617
            ],
            [
              118.9477207,
              32.1540911
            ],
            [
              118.947663,
              32.1540855
            ],
            [
              118.9477586,
              32.1530944
            ],
            [
              118.9478904,
              32.1522702
            ],
            [
              118.9479474,
              32.1521767
            ],
            [
              118.9480466,
              32.1517102
            ],
            [
              118.9480694,
              32.151558
            ],
            [
              118.948068,
              32.1514104
            ],
            [
              118.9480348,
              32.1512331
            ],
            [
              118.9479669,
              32.1510333
            ],
            [
              118.9478687,
              32.1508924
            ],
            [
              118.9476871,
              32.150715
            ],
            [
              118.9475052,
              32.1504119
            ],
            [
              118.9473602,
              32.1501066
            ],
            [
              118.9471055,
              32.1495502
            ],
            [
              118.9469016,
              32.1490065
            ],
            [
              118.9468503,
              32.1487236
            ],
            [
              118.9469306,
              32.1482615
            ],
            [
              118.9469296,
              32.1480339
            ],
            [
              118.9469121,
              32.1479435
            ],
            [
              118.9468327,
              32.1478196
            ],
            [
              118.9467304,
              32.1476867
            ],
            [
              118.946613,
              32.1475657
            ],
            [
              118.9461679,
              32.1472464
            ],
            [
              118.9452687,
              32.1466181
            ],
            [
              118.9445778,
              32.1461725
            ],
            [
              118.9444254,
              32.1460851
            ],
            [
              118.9443239,
              32.1459474
            ],
            [
              118.9440457,
              32.1453747
            ],
            [
              118.9438525,
              32.1442539
            ],
            [
              118.9437997,
              32.1437885
            ],
            [
              118.9437724,
              32.1433015
            ],
            [
              118.9436073,
              32.1421979
            ],
            [
              118.9433913,
              32.1405769
            ],
            [
              118.9431791,
              32.1393666
            ],
            [
              118.9429955,
              32.1383513
            ],
            [
              118.942965,
              32.1381514
            ],
            [
              118.9428934,
              32.1379515
            ],
            [
              118.9427867,
              32.1376678
            ],
            [
              118.942779,
              32.137578
            ],
            [
              118.9428074,
              32.1375298
            ],
            [
              118.9427996,
              32.1374663
            ],
            [
              118.9428281,
              32.1373699
            ],
            [
              118.9427416,
              32.1367671
            ],
            [
              118.94243,
              32.1367502
            ]
          ]
        ]
      },
      "properties": {
        "kind": "water",
        "name": null,
        "natural": "water",
        "waterway": null,
        "source": "OpenStreetMap",
        "osm_id": "914592828"
      }
    },
    {
      "type": "Feature",
      "geometry": {
        "type": "Polygon",
        "coordinates": [
          [
            [
              118.9601218,
              32.1161574
            ],
            [
              118.9599812,
              32.1164428
            ],
            [
              118.9600369,
              32.1165147
            ],
            [
              118.9601834,
              32.116604
            ],
            [
              118.9603913,
              32.1165991
            ],
            [
              118.9605612,
              32.1165445
            ],
            [
              118.960652,
              32.1165594
            ],
            [
              118.9608776,
              32.1166636
            ],
            [
              118.9611617,
              32.1167157
            ],
            [
              118.9616334,
              32.1157853
            ],
            [
              118.9617271,
              32.1155347
            ],
            [
              118.9619907,
              32.1155149
            ],
            [
              118.9621929,
              32.1154727
            ],
            [
              118.9622807,
              32.1153511
            ],
            [
              118.9624448,
              32.1154007
            ],
            [
              118.9626293,
              32.1153858
            ],
            [
              118.9627377,
              32.1153164
            ],
            [
              118.9628256,
              32.1151849
            ],
            [
              118.9628139,
              32.1150931
            ],
            [
              118.9626938,
              32.1150286
            ],
            [
              118.9625327,
              32.1149938
            ],
            [
              118.9624507,
              32.1149219
            ],
            [
              118.9623686,
              32.1148871
            ],
            [
              118.9622075,
              32.1148326
            ],
            [
              118.9620698,
              32.1146514
            ],
            [
              118.961982,
              32.1145125
            ],
            [
              118.9618501,
              32.1144331
            ],
            [
              118.9616714,
              32.1143711
            ],
            [
              118.9615162,
              32.1143537
            ],
            [
              118.9613785,
              32.1143537
            ],
            [
              118.9612408,
              32.1143909
            ],
            [
              118.9611705,
              32.114443
            ],
            [
              118.9610124,
              32.114773
            ],
            [
              118.9612115,
              32.1148326
            ],
            [
              118.961194,
              32.1149492
            ],
            [
              118.9612408,
              32.114969
            ],
            [
              118.9611632,
              32.1151839
            ],
            [
              118.9613461,
              32.1152941
            ],
            [
              118.9612381,
              32.1155103
            ],
            [
              118.9610711,
              32.1154438
            ],
            [
              118.960914,
              32.1157193
            ],
            [
              118.9606047,
              32.1157328
            ],
            [
              118.9603607,
              32.1161699
            ],
            [
              118.9601218,
              32.1161574
            ]
          ]
        ]
      },
      "properties": {
        "kind": "water",
        "name": null,
        "natural": "water",
        "waterway": null,
        "source": "OpenStreetMap",
        "osm_id": "914592829"
      }
    },
    {
      "type": "Feature",
      "geometry": {
        "type": "Polygon",
        "coordinates": [
          [
            [
              118.935754,
              32.1315075
            ],
            [
              118.9360531,
              32.1315996
            ],
            [
              118.9362,
              32.1316285
            ],
            [
              118.9363299,
              32.13163
            ],
            [
              118.9364359,
              32.1316169
            ],
            [
              118.9364996,
              32.1314399
            ],
            [
              118.9361106,
              32.1314909
            ],
            [
              118.9359871,
              32.1314464
            ],
            [
              118.9359035,
              32.1314469
            ],
            [
              118.9357986,
              32.1313628
            ],
            [
              118.9357519,
              32.131323
            ],
            [
              118.9356716,
              32.1312286
            ],
            [
              118.935581,
              32.1311077
            ],
            [
              118.935533,
              32.1309364
            ],
            [
              118.9355701,
              32.1307679
            ],
            [
              118.9358005,
              32.1304996
            ],
            [
              118.9364022,
              32.1302821
            ],
            [
              118.9364431,
              32.1300242
            ],
            [
              118.9366894,
              32.1300412
            ],
            [
              118.9368914,
              32.1287391
            ],
            [
              118.9365704,
              32.1286757
            ],
            [
              118.9365267,
              32.1286542
            ],
            [
              118.9365666,
              32.1284453
            ],
            [
              118.93646,
              32.1284279
            ],
            [
              118.9364452,
              32.1285263
            ],
            [
              118.9363341,
              32.1285112
            ],
            [
              118.9362743,
              32.1285856
            ],
            [
              118.9363421,
              32.1287774
            ],
            [
              118.9365027,
              32.128825
            ],
            [
              118.9365758,
              32.1289159
            ],
            [
              118.9365423,
              32.1290183
            ],
            [
              118.9365017,
              32.1290496
            ],
            [
              118.9363312,
              32.1292406
            ],
            [
              118.9362455,
              32.129456
            ],
            [
              118.9363158,
              32.1297888
            ],
            [
              118.9362075,
              32.1299504
            ],
            [
              118.9360436,
              32.1300622
            ],
            [
              118.9354042,
              32.1301684
            ],
            [
              118.9354395,
              32.1302846
            ],
            [
              118.9353927,
              32.1303784
            ],
            [
              118.935275,
              32.1304337
            ],
            [
              118.9351966,
              32.1307804
            ],
            [
              118.9353132,
              32.1310456
            ],
            [
              118.9354274,
              32.1312751
            ],
            [
              118.935754,
              32.1315075
            ]
          ]
        ]
      },
      "properties": {
        "kind": "water",
        "name": null,
        "natural": "water",
        "waterway": null,
        "source": "OpenStreetMap",
        "osm_id": "1069958888"
      }
    },
    {
      "type": "Feature",
      "geometry": {
        "type": "Polygon",
        "coordinates": [
          [
            [
              118.9370309,
              32.1316218
            ],
            [
              118.9370937,
              32.1312337
            ],
            [
              118.9380251,
              32.1313401
            ],
            [
              118.9390636,
              32.1314653
            ],
            [
              118.9390488,
              32.1315749
            ],
            [
              118.9381027,
              32.1314716
            ],
            [
              118.9377035,
              32.1314152
            ],
            [
              118.9375446,
              32.1314027
            ],
            [
              118.937345,
              32.1315342
            ],
            [
              118.9371861,
              32.1315999
            ],
            [
              118.9370309,
              32.1316218
            ]
          ]
        ]
      },
      "properties": {
        "kind": "water",
        "name": null,
        "natural": "water",
        "waterway": null,
        "source": "OpenStreetMap",
        "osm_id": "1069958889"
      }
    },
    {
      "type": "Feature",
      "geometry": {
        "type": "Polygon",
        "coordinates": [
          [
            [
              118.9510443,
              32.1102076
            ],
            [
              118.9510512,
              32.1101738
            ],
            [
              118.9510577,
              32.1101417
            ],
            [
              118.9524377,
              32.1103155
            ],
            [
              118.952431,
              32.1103882
            ],
            [
              118.9510443,
              32.1102076
            ]
          ]
        ]
      },
      "properties": {
        "kind": "water",
        "name": "和园北沟",
        "natural": "water",
        "waterway": null,
        "source": "OpenStreetMap",
        "osm_id": "1229006908"
      }
    },
    {
      "type": "Feature",
      "geometry": {
        "type": "Polygon",
        "coordinates": [
          [
            [
              118.9476128,
              32.1131955
            ],
            [
              118.9476082,
              32.113059
            ],
            [
              118.9477436,
              32.1128662
            ],
            [
              118.9480063,
              32.1128078
            ],
            [
              118.9481137,
              32.112795
            ],
            [
              118.9480647,
              32.1127287
            ],
            [
              118.948088,
              32.1126753
            ],
            [
              118.9482281,
              32.1126674
            ],
            [
              118.9482865,
              32.1126288
            ],
            [
              118.948283,
              32.1125092
            ],
            [
              118.9482561,
              32.1124083
            ],
            [
              118.9482526,
              32.1122738
            ],
            [
              118.948353,
              32.1122017
            ],
            [
              118.9484873,
              32.1122046
            ],
            [
              118.9485398,
              32.112257
            ],
            [
              118.9485679,
              32.1123263
            ],
            [
              118.9485165,
              32.1124637
            ],
            [
              118.9484313,
              32.1125754
            ],
            [
              118.9485305,
              32.1127169
            ],
            [
              118.9483677,
              32.1127954
            ],
            [
              118.9483259,
              32.1128322
            ],
            [
              118.9482894,
              32.112944
            ],
            [
              118.948325,
              32.113058
            ],
            [
              118.9484067,
              32.113238
            ],
            [
              118.9483332,
              32.1133112
            ],
            [
              118.9482001,
              32.1133675
            ],
            [
              118.9479292,
              32.1133319
            ],
            [
              118.9476128,
              32.1131955
            ]
          ]
        ]
      },
      "properties": {
        "kind": "water",
        "name": null,
        "natural": "water",
        "waterway": null,
        "source": "OpenStreetMap",
        "osm_id": "1262763397"
      }
    },
    {
      "type": "Feature",
      "geometry": {
        "type": "Polygon",
        "coordinates": [
          [
            [
              118.9447656,
              32.1165067
            ],
            [
              118.9448776,
              32.1165353
            ],
            [
              118.9450154,
              32.1164711
            ],
            [
              118.9450808,
              32.1162555
            ],
            [
              118.9452874,
              32.116119
            ],
            [
              118.9452221,
              32.1158639
            ],
            [
              118.9450726,
              32.1157363
            ],
            [
              118.9449243,
              32.1157443
            ],
            [
              118.9448239,
              32.1158688
            ],
            [
              118.9448893,
              32.1160735
            ],
            [
              118.9448963,
              32.1161339
            ],
            [
              118.9446838,
              32.1162456
            ],
            [
              118.9446582,
              32.1163554
            ],
            [
              118.9446652,
              32.1164315
            ],
            [
              118.9447656,
              32.1165067
            ]
          ]
        ]
      },
      "properties": {
        "kind": "water",
        "name": null,
        "natural": "water",
        "waterway": null,
        "source": "OpenStreetMap",
        "osm_id": "1262763398"
      }
    },
    {
      "type": "Feature",
      "geometry": {
        "type": "Polygon",
        "coordinates": [
          [
            [
              118.959678,
              32.1358683
            ],
            [
              118.959643,
              32.1358528
            ],
            [
              118.9596122,
              32.1358318
            ],
            [
              118.9595869,
              32.1358061
            ],
            [
              118.959568,
              32.1357768
            ],
            [
              118.9595562,
              32.1357449
            ],
            [
              118.9595519,
              32.1357116
            ],
            [
              118.9595565,
              32.1356737
            ],
            [
              118.9595708,
              32.1356377
            ],
            [
              118.9595942,
              32.1356052
            ],
            [
              118.9596255,
              32.1355779
            ],
            [
              118.9596632,
              32.1355572
            ],
            [
              118.9597973,
              32.1354958
            ],
            [
              118.9599033,
              32.1354538
            ],
            [
              118.9600199,
              32.1354152
            ],
            [
              118.9600563,
              32.1354027
            ],
            [
              118.9600893,
              32.1353847
            ],
            [
              118.9601178,
              32.1353618
            ],
            [
              118.9601427,
              32.1353321
            ],
            [
              118.96016,
              32.1352987
            ],
            [
              118.9601688,
              32.135263
            ],
            [
              118.9601755,
              32.1352153
            ],
            [
              118.9601916,
              32.135154
            ],
            [
              118.9601947,
              32.1351265
            ],
            [
              118.9602052,
              32.1351003
            ],
            [
              118.9602225,
              32.1350768
            ],
            [
              118.9602488,
              32.1350552
            ],
            [
              118.9602808,
              32.1350401
            ],
            [
              118.9603163,
              32.1350325
            ],
            [
              118.96037,
              32.13502
            ],
            [
              118.9604571,
              32.1350098
            ],
            [
              118.9605094,
              32.1350007
            ],
            [
              118.9605229,
              32.1349768
            ],
            [
              118.9605202,
              32.1349428
            ],
            [
              118.9605027,
              32.1349053
            ],
            [
              118.9604907,
              32.1348474
            ],
            [
              118.9604934,
              32.1347917
            ],
            [
              118.9605001,
              32.134752
            ],
            [
              118.9605483,
              32.1346407
            ],
            [
              118.9605597,
              32.1346316
            ],
            [
              118.9605892,
              32.1346231
            ],
            [
              118.9606261,
              32.1346248
            ],
            [
              118.9606757,
              32.1346685
            ],
            [
              118.9606965,
              32.1347015
            ],
            [
              118.960718,
              32.1347543
            ],
            [
              118.9607374,
              32.134798
            ],
            [
              118.960771,
              32.1348462
            ],
            [
              118.9607985,
              32.1348769
            ],
            [
              118.9607985,
              32.1349019
            ],
            [
              118.9608018,
              32.1349331
            ],
            [
              118.9608213,
              32.1349547
            ],
            [
              118.9608541,
              32.1349678
            ],
            [
              118.960885,
              32.1349798
            ],
            [
              118.9609131,
              32.1349958
            ],
            [
              118.9609379,
              32.1350155
            ],
            [
              118.9609646,
              32.1350463
            ],
            [
              118.9609829,
              32.1350813
            ],
            [
              118.9610405,
              32.1352284
            ],
            [
              118.9610613,
              32.1352909
            ],
            [
              118.9610657,
              32.1353207
            ],
            [
              118.9610639,
              32.1353507
            ],
            [
              118.9610559,
              32.13538
            ],
            [
              118.9610439,
              32.1354048
            ],
            [
              118.9610274,
              32.1354277
            ],
            [
              118.961007,
              32.1354481
            ],
            [
              118.9609306,
              32.1355168
            ],
            [
              118.9609084,
              32.1355322
            ],
            [
              118.9608736,
              32.1355458
            ],
            [
              118.9608447,
              32.1355549
            ],
            [
              118.9608139,
              32.1355634
            ],
            [
              118.9607802,
              32.135581
            ],
            [
              118.96075,
              32.1356028
            ],
            [
              118.960724,
              32.1356281
            ],
            [
              118.960701,
              32.1356597
            ],
            [
              118.9606845,
              32.1356941
            ],
            [
              118.9606751,
              32.1357303
            ],
            [
              118.9606714,
              32.1357635
            ],
            [
              118.960676,
              32.1357965
            ],
            [
              118.9606885,
              32.135828
            ],
            [
              118.9607072,
              32.1358552
            ],
            [
              118.9607319,
              32.1358788
            ],
            [
              118.9607616,
              32.1358978
            ],
            [
              118.9607874,
              32.1359097
            ],
            [
              118.9608155,
              32.1359172
            ],
            [
              118.9608447,
              32.13592
            ],
            [
              118.9608756,
              32.1359177
            ],
            [
              118.9609053,
              32.1359103
            ],
            [
              118.9609326,
              32.1358978
            ],
            [
              118.9609595,
              32.135887
            ],
            [
              118.9609889,
              32.1358825
            ],
            [
              118.9610138,
              32.135884
            ],
            [
              118.9610377,
              32.1358902
            ],
            [
              118.9610593,
              32.1359007
            ],
            [
              118.9611787,
              32.1359847
            ],
            [
              118.961064,
              32.1361085
            ],
            [
              118.9610445,
              32.1361281
            ],
            [
              118.9610184,
              32.1361409
            ],
            [
              118.9609966,
              32.1361451
            ],
            [
              118.9609742,
              32.1361445
            ],
            [
              118.9609527,
              32.1361392
            ],
            [
              118.9609432,
              32.136139
            ],
            [
              118.9609339,
              32.1361409
            ],
            [
              118.9609245,
              32.1361455
            ],
            [
              118.9609171,
              32.1361522
            ],
            [
              118.9608556,
              32.1361678
            ],
            [
              118.9607931,
              32.1361806
            ],
            [
              118.9607297,
              32.1361906
            ],
            [
              118.9606657,
              32.1361977
            ],
            [
              118.9605801,
              32.1362051
            ],
            [
              118.960494,
              32.1362033
            ],
            [
              118.9604318,
              32.1361963
            ],
            [
              118.9603706,
              32.1361846
            ],
            [
              118.960311,
              32.1361681
            ],
            [
              118.9603022,
              32.136188
            ],
            [
              118.9602334,
              32.1361633
            ],
            [
              118.9601675,
              32.1361335
            ],
            [
              118.9601222,
              32.1361091
            ],
            [
              118.960079,
              32.1360824
            ],
            [
              118.9600072,
              32.1360341
            ],
            [
              118.9599656,
              32.1360086
            ],
            [
              118.9599214,
              32.1359853
            ],
            [
              118.9598758,
              32.1359592
            ],
            [
              118.959859,
              32.1359467
            ],
            [
              118.9598583,
              32.1359257
            ],
            [
              118.9598436,
              32.1359132
            ],
            [
              118.9598161,
              32.1359035
            ],
            [
              118.9597745,
              32.1358956
            ],
            [
              118.9597457,
              32.1358876
            ],
            [
              118.9597034,
              32.135874
            ],
            [
              118.959678,
              32.1358683
            ]
          ]
        ]
      },
      "properties": {
        "kind": "water",
        "name": null,
        "natural": "water",
        "waterway": null,
        "source": "OpenStreetMap",
        "osm_id": "1388589555"
      }
    },
    {
      "type": "Feature",
      "geometry": {
        "type": "Polygon",
        "coordinates": [
          [
            [
              118.9612863,
              32.1373338
            ],
            [
              118.9616396,
              32.1374061
            ],
            [
              118.9617049,
              32.1371772
            ],
            [
              118.9613517,
              32.1371049
            ],
            [
              118.9613207,
              32.1372136
            ],
            [
              118.9611652,
              32.1371818
            ],
            [
              118.9611644,
              32.1371728
            ],
            [
              118.9611541,
              32.1371626
            ],
            [
              118.9611386,
              32.1371594
            ],
            [
              118.9611239,
              32.1371645
            ],
            [
              118.9611156,
              32.137176
            ],
            [
              118.9611169,
              32.1371894
            ],
            [
              118.9611271,
              32.1371996
            ],
            [
              118.9611426,
              32.1372028
            ],
            [
              118.9611573,
              32.1371977
            ],
            [
              118.9611618,
              32.1371915
            ],
            [
              118.9613178,
              32.1372234
            ],
            [
              118.9612863,
              32.1373338
            ]
          ]
        ]
      },
      "properties": {
        "kind": "water",
        "name": null,
        "natural": "water",
        "waterway": null,
        "source": "OpenStreetMap",
        "osm_id": "1388589571"
      }
    },
    {
      "type": "Feature",
      "geometry": {
        "type": "Polygon",
        "coordinates": [
          [
            [
              118.9493233,
              32.129621
            ],
            [
              118.949275,
              32.1294529
            ],
            [
              118.9492375,
              32.1292326
            ],
            [
              118.9492401,
              32.1289691
            ],
            [
              118.9492938,
              32.1286625
            ],
            [
              118.9494118,
              32.1283036
            ],
            [
              118.9495003,
              32.128349
            ],
            [
              118.9494708,
              32.1284194
            ],
            [
              118.9495379,
              32.1284353
            ],
            [
              118.949621,
              32.1283944
            ],
            [
              118.9499295,
              32.1285239
            ],
            [
              118.9498946,
              32.1286034
            ],
            [
              118.9498597,
              32.1286625
            ],
            [
              118.9499536,
              32.1287147
            ],
            [
              118.9500234,
              32.1287351
            ],
            [
              118.9500877,
              32.1287397
            ],
            [
              118.9501038,
              32.1287942
            ],
            [
              118.9502192,
              32.1288646
            ],
            [
              118.9502513,
              32.1289418
            ],
            [
              118.9502889,
              32.1289736
            ],
            [
              118.950195,
              32.1290327
            ],
            [
              118.9501709,
              32.1291145
            ],
            [
              118.9501762,
              32.1292485
            ],
            [
              118.9502218,
              32.1293348
            ],
            [
              118.9502567,
              32.1294098
            ],
            [
              118.9503935,
              32.1294529
            ],
            [
              118.9502996,
              32.129537
            ],
            [
              118.950372,
              32.1295847
            ],
            [
              118.9503881,
              32.1297005
            ],
            [
              118.9503264,
              32.1298163
            ],
            [
              118.950128,
              32.1298981
            ],
            [
              118.9500555,
              32.1298936
            ],
            [
              118.9493233,
              32.129621
            ]
          ]
        ]
      },
      "properties": {
        "kind": "water",
        "name": null,
        "natural": "water",
        "waterway": null,
        "source": "OpenStreetMap",
        "osm_id": "1388745344"
      }
    },
    {
      "type": "Feature",
      "geometry": {
        "type": "Polygon",
        "coordinates": [
          [
            [
              118.9263173,
              32.1388663
            ],
            [
              118.9263928,
              32.1385047
            ],
            [
              118.9265124,
              32.1385288
            ],
            [
              118.9265091,
              32.1385396
            ],
            [
              118.9265507,
              32.1385492
            ],
            [
              118.9265644,
              32.13851
            ],
            [
              118.9265225,
              32.1384995
            ],
            [
              118.9265192,
              32.1385095
            ],
            [
              118.9263964,
              32.1384839
            ],
            [
              118.9264427,
              32.1382929
            ],
            [
              118.9264548,
              32.1382077
            ],
            [
              118.9264709,
              32.1381418
            ],
            [
              118.9264709,
              32.1381021
            ],
            [
              118.9264856,
              32.138076
            ],
            [
              118.9265192,
              32.138051
            ],
            [
              118.9265755,
              32.1380339
            ],
            [
              118.9266399,
              32.1380351
            ],
            [
              118.9267096,
              32.1380487
            ],
            [
              118.9267954,
              32.138076
            ],
            [
              118.9268732,
              32.1381157
            ],
            [
              118.9269644,
              32.1381748
            ],
            [
              118.927002,
              32.1382281
            ],
            [
              118.9270449,
              32.138319
            ],
            [
              118.927065,
              32.1384098
            ],
            [
              118.9270596,
              32.1385313
            ],
            [
              118.9270154,
              32.1385745
            ],
            [
              118.926947,
              32.1386256
            ],
            [
              118.9269,
              32.1386676
            ],
            [
              118.9268759,
              32.1387233
            ],
            [
              118.9268585,
              32.1388096
            ],
            [
              118.9268544,
              32.1388845
            ],
            [
              118.926841,
              32.1389538
            ],
            [
              118.9268035,
              32.1390231
            ],
            [
              118.9263247,
              32.1388856
            ],
            [
              118.9263173,
              32.1388663
            ]
          ]
        ]
      },
      "properties": {
        "kind": "water",
        "name": null,
        "natural": "water",
        "waterway": null,
        "source": "OpenStreetMap",
        "osm_id": "1525413911"
      }
    },
    {
      "type": "Feature",
      "geometry": {
        "type": "Polygon",
        "coordinates": [
          [
            [
              118.9256233,
              32.1385245
            ],
            [
              118.9256997,
              32.138076
            ],
            [
              118.9257172,
              32.138051
            ],
            [
              118.9257547,
              32.1380305
            ],
            [
              118.9257856,
              32.1380226
            ],
            [
              118.9258486,
              32.1380226
            ],
            [
              118.9263032,
              32.1381009
            ],
            [
              118.9263368,
              32.1381146
            ],
            [
              118.9263703,
              32.1381373
            ],
            [
              118.9263904,
              32.1381645
            ],
            [
              118.9263985,
              32.1381918
            ],
            [
              118.9264038,
              32.1382315
            ],
            [
              118.9262912,
              32.1386176
            ],
            [
              118.9256233,
              32.1385245
            ]
          ]
        ]
      },
      "properties": {
        "kind": "water",
        "name": null,
        "natural": "water",
        "waterway": null,
        "source": "OpenStreetMap",
        "osm_id": "1525413912"
      }
    },
    {
      "type": "Feature",
      "geometry": {
        "type": "Polygon",
        "coordinates": [
          [
            [
              118.925579,
              32.1387323
            ],
            [
              118.9255938,
              32.1386006
            ],
            [
              118.925921,
              32.1386517
            ],
            [
              118.9258929,
              32.13878
            ],
            [
              118.925579,
              32.1387323
            ]
          ]
        ]
      },
      "properties": {
        "kind": "water",
        "name": null,
        "natural": "water",
        "waterway": null,
        "source": "OpenStreetMap",
        "osm_id": "1525413913"
      }
    },
    {
      "type": "Feature",
      "geometry": {
        "type": "Polygon",
        "coordinates": [
          [
            [
              118.9258674,
              32.1389526
            ],
            [
              118.9259398,
              32.1386529
            ],
            [
              118.926259,
              32.1387028
            ],
            [
              118.9261731,
              32.139006
            ],
            [
              118.9258674,
              32.1389526
            ]
          ]
        ]
      },
      "properties": {
        "kind": "water",
        "name": null,
        "natural": "water",
        "waterway": null,
        "source": "OpenStreetMap",
        "osm_id": "1525413914"
      }
    },
    {
      "type": "Feature",
      "geometry": {
        "type": "Polygon",
        "coordinates": [
          [
            [
              118.9258513,
              32.138947
            ],
            [
              118.9258821,
              32.1388175
            ],
            [
              118.9255737,
              32.1387619
            ],
            [
              118.9255495,
              32.1389004
            ],
            [
              118.9258513,
              32.138947
            ]
          ]
        ]
      },
      "properties": {
        "kind": "water",
        "name": null,
        "natural": "water",
        "waterway": null,
        "source": "OpenStreetMap",
        "osm_id": "1525413915"
      }
    },
    {
      "type": "Feature",
      "geometry": {
        "type": "Polygon",
        "coordinates": [
          [
            [
              118.9258593,
              32.1389958
            ],
            [
              118.9261638,
              32.139048
            ],
            [
              118.9261088,
              32.1392524
            ],
            [
              118.9258097,
              32.1392241
            ],
            [
              118.9258593,
              32.1389958
            ]
          ]
        ]
      },
      "properties": {
        "kind": "water",
        "name": null,
        "natural": "water",
        "waterway": null,
        "source": "OpenStreetMap",
        "osm_id": "1525413916"
      }
    },
    {
      "type": "Feature",
      "geometry": {
        "type": "Polygon",
        "coordinates": [
          [
            [
              118.9255026,
              32.1391695
            ],
            [
              118.9255401,
              32.1389402
            ],
            [
              118.9258446,
              32.1389901
            ],
            [
              118.9257923,
              32.1392172
            ],
            [
              118.9255173,
              32.1391877
            ],
            [
              118.9255026,
              32.1391695
            ]
          ]
        ]
      },
      "properties": {
        "kind": "water",
        "name": null,
        "natural": "water",
        "waterway": null,
        "source": "OpenStreetMap",
        "osm_id": "1525413917"
      }
    },
    {
      "type": "Feature",
      "geometry": {
        "type": "Polygon",
        "coordinates": [
          [
            [
              118.9285201,
              32.1404051
            ],
            [
              118.9282921,
              32.1399963
            ],
            [
              118.9283028,
              32.1399645
            ],
            [
              118.9283431,
              32.1399349
            ],
            [
              118.9283887,
              32.1399031
            ],
            [
              118.9284396,
              32.1398986
            ],
            [
              118.9284772,
              32.1399236
            ],
            [
              118.9285281,
              32.1400053
            ],
            [
              118.928571,
              32.1400848
            ],
            [
              118.9286569,
              32.140187
            ],
            [
              118.9287561,
              32.1403142
            ],
            [
              118.9285201,
              32.1404051
            ]
          ]
        ]
      },
      "properties": {
        "kind": "water",
        "name": null,
        "natural": "water",
        "waterway": null,
        "source": "OpenStreetMap",
        "osm_id": "1525413918"
      }
    },
    {
      "type": "Feature",
      "geometry": {
        "type": "Polygon",
        "coordinates": [
          [
            [
              118.9286891,
              32.1407094
            ],
            [
              118.9285389,
              32.1404255
            ],
            [
              118.9287588,
              32.1403392
            ],
            [
              118.92885,
              32.1405799
            ],
            [
              118.9288715,
              32.1406322
            ],
            [
              118.9288715,
              32.1406662
            ],
            [
              118.9288419,
              32.1406912
            ],
            [
              118.9287749,
              32.1407253
            ],
            [
              118.92874,
              32.1407344
            ],
            [
              118.9287052,
              32.1407321
            ],
            [
              118.9286891,
              32.1407094
            ]
          ]
        ]
      },
      "properties": {
        "kind": "water",
        "name": null,
        "natural": "water",
        "waterway": null,
        "source": "OpenStreetMap",
        "osm_id": "1525413919"
      }
    },
    {
      "type": "Feature",
      "geometry": {
        "type": "Polygon",
        "coordinates": [
          [
            [
              118.9261913,
              32.1368679
            ],
            [
              118.9257446,
              32.136472
            ],
            [
              118.9255937,
              32.1364997
            ],
            [
              118.925457,
              32.136413
            ],
            [
              118.9257,
              32.1361
            ],
            [
              118.925824,
              32.135952
            ],
            [
              118.925871,
              32.135952
            ],
            [
              118.926132,
              32.13613
            ],
            [
              118.926308,
              32.136447
            ],
            [
              118.926544,
              32.136643
            ],
            [
              118.9261913,
              32.1368679
            ]
          ]
        ]
      },
      "properties": {
        "kind": "water",
        "name": null,
        "natural": "water",
        "waterway": null,
        "source": "OpenStreetMap",
        "osm_id": "1525414410"
      }
    },
    {
      "type": "Feature",
      "geometry": {
        "type": "Polygon",
        "coordinates": [
          [
            [
              118.931944,
              32.142024
            ],
            [
              118.932987,
              32.142894
            ],
            [
              118.933425,
              32.143169
            ],
            [
              118.933722,
              32.143375
            ],
            [
              118.933677,
              32.143529
            ],
            [
              118.933505,
              32.143788
            ],
            [
              118.933371,
              32.143887
            ],
            [
              118.933132,
              32.143681
            ],
            [
              118.932544,
              32.143262
            ],
            [
              118.93164,
              32.142465
            ],
            [
              118.931076,
              32.141936
            ],
            [
              118.931137,
              32.141883
            ],
            [
              118.931343,
              32.14174
            ],
            [
              118.931488,
              32.141677
            ],
            [
              118.931944,
              32.142024
            ]
          ]
        ]
      },
      "properties": {
        "kind": "water",
        "name": null,
        "natural": "water",
        "waterway": null,
        "source": "OpenStreetMap",
        "osm_id": "1525414411"
      }
    },
    {
      "type": "Feature",
      "geometry": {
        "type": "Polygon",
        "coordinates": [
          [
            [
              118.935469,
              32.145374
            ],
            [
              118.935202,
              32.145463
            ],
            [
              118.93515,
              32.145439
            ],
            [
              118.935096,
              32.145368
            ],
            [
              118.93507,
              32.145216
            ],
            [
              118.935137,
              32.145144
            ],
            [
              118.935283,
              32.145144
            ],
            [
              118.935534,
              32.145027
            ],
            [
              118.935855,
              32.144792
            ],
            [
              118.936133,
              32.14458
            ],
            [
              118.936214,
              32.144614
            ],
            [
              118.936313,
              32.144688
            ],
            [
              118.936159,
              32.144832
            ],
            [
              118.935795,
              32.145127
            ],
            [
              118.935469,
              32.145374
            ]
          ]
        ]
      },
      "properties": {
        "kind": "water",
        "name": null,
        "natural": "water",
        "waterway": null,
        "source": "OpenStreetMap",
        "osm_id": "1525414412"
      }
    }
  ]
}
