{
  "type": "FeatureCollection",
  "name": "nanjing_xianlin_planning_cells",
  "crs": {
    "type": "name",
    "properties": {
      "name": "urn:ogc:def:crs:OGC:1.3:CRS84"
    }
  },
  "features": [
    {
      "type": "Feature",
      "properties": {
        "cell_id": 0,
        "buildings": 10,
        "population_proxy": 815.02,
        "households_proxy": 262.91,
        "high_hazard_buildings": 2,
        "stratum1_buildings": 0,
        "mean_slope_deg": 1.49,
        "mean_elevation_m": 26.5,
        "relative_elevation_m": 2.4,
        "baseline_stress": 0.2228,
        "roof_footprint_m2": 56.2,
        "vehicular_access_m": 7.9,
        "pedestrian_access_m": 11.9,
        "open_space_proxy": 0.9339,
        "built_up_share": 0.0661,
        "vegetated_share": 0.9339,
        "water_presence": 0.0,
        "runoff_pressure_proxy": 0.1988,
        "rwh_opportunity": 0.2496,
        "drainage_corridor_proxy": 0.306,
        "restoration_opportunity": 0.8224,
        "hazard_max": "Baja",
        "drainage_stress_proxy": 0.2228,
        "population_label": "WorldPop 2026 population estimate",
        "building_metric": "worldcover_built_up_proxy",
        "land_cover_source": "ESA WorldCover 2021 v200",
        "note": "terrain-derived screening proxy; not hydraulic flood simulation",
        "built_up_fraction": 0.0661,
        "tree_cover_fraction": 0.9091,
        "grass_vegetation_fraction": 0.0248,
        "cropland_fraction": 0.0,
        "surface_water_fraction": 0.0,
        "bare_sparse_fraction": 0.0,
        "worldcover_pixels": 121
      },
      "geometry": {
        "type": "Polygon",
        "coordinates": [
          [
            [
              118.88,
              32.075
            ],
            [
              118.89,
              32.075
            ],
            [
              118.89,
              32.085
            ],
            [
              118.88,
              32.085
            ],
            [
              118.88,
              32.075
            ]
          ]
        ]
      }
    },
    {
      "type": "Feature",
      "properties": {
        "cell_id": 1,
        "buildings": 29,
        "population_proxy": 1312.17,
        "households_proxy": 423.28,
        "high_hazard_buildings": 14,
        "stratum1_buildings": 0,
        "mean_slope_deg": 2.23,
        "mean_elevation_m": 17.5,
        "relative_elevation_m": 11.4,
        "baseline_stress": 0.496,
        "roof_footprint_m2": 1568.6,
        "vehicular_access_m": 76.4,
        "pedestrian_access_m": 114.5,
        "open_space_proxy": 0.3636,
        "built_up_share": 0.6364,
        "vegetated_share": 0.2645,
        "water_presence": 0.0,
        "runoff_pressure_proxy": 0.6318,
        "rwh_opportunity": 0.6773,
        "drainage_corridor_proxy": 0.4972,
        "restoration_opportunity": 0.2443,
        "hazard_max": "Media",
        "drainage_stress_proxy": 0.496,
        "population_label": "WorldPop 2026 population estimate",
        "building_metric": "worldcover_built_up_proxy",
        "land_cover_source": "ESA WorldCover 2021 v200",
        "note": "terrain-derived screening proxy; not hydraulic flood simulation",
        "built_up_fraction": 0.6364,
        "tree_cover_fraction": 0.2645,
        "grass_vegetation_fraction": 0.0,
        "cropland_fraction": 0.0165,
        "surface_water_fraction": 0.0,
        "bare_sparse_fraction": 0.0826,
        "worldcover_pixels": 121
      },
      "geometry": {
        "type": "Polygon",
        "coordinates": [
          [
            [
              118.89,
              32.075
            ],
            [
              118.9,
              32.075
            ],
            [
              118.9,
              32.085
            ],
            [
              118.89,
              32.085
            ],
            [
              118.89,
              32.075
            ]
          ]
        ]
      }
    },
    {
      "type": "Feature",
      "properties": {
        "cell_id": 2,
        "buildings": 15,
        "population_proxy": 587.6,
        "households_proxy": 189.55,
        "high_hazard_buildings": 7,
        "stratum1_buildings": 0,
        "mean_slope_deg": 3.7,
        "mean_elevation_m": 26.0,
        "relative_elevation_m": 2.9,
        "baseline_stress": 0.4738,
        "roof_footprint_m2": 1032.6,
        "vehicular_access_m": 97.2,
        "pedestrian_access_m": 145.8,
        "open_space_proxy": 0.1901,
        "built_up_share": 0.8099,
        "vegetated_share": 0.1736,
        "water_presence": 0.0,
        "runoff_pressure_proxy": 0.7202,
        "rwh_opportunity": 0.8074,
        "drainage_corridor_proxy": 0.4816,
        "restoration_opportunity": 0.1826,
        "hazard_max": "Media",
        "drainage_stress_proxy": 0.4738,
        "population_label": "WorldPop 2026 population estimate",
        "building_metric": "worldcover_built_up_proxy",
        "land_cover_source": "ESA WorldCover 2021 v200",
        "note": "terrain-derived screening proxy; not hydraulic flood simulation",
        "built_up_fraction": 0.8099,
        "tree_cover_fraction": 0.1736,
        "grass_vegetation_fraction": 0.0,
        "cropland_fraction": 0.0165,
        "surface_water_fraction": 0.0,
        "bare_sparse_fraction": 0.0,
        "worldcover_pixels": 121
      },
      "geometry": {
        "type": "Polygon",
        "coordinates": [
          [
            [
              118.9,
              32.075
            ],
            [
              118.91000000000001,
              32.075
            ],
            [
              118.91000000000001,
              32.085
            ],
            [
              118.9,
              32.085
            ],
            [
              118.9,
              32.075
            ]
          ]
        ]
      }
    },
    {
      "type": "Feature",
      "properties": {
        "cell_id": 3,
        "buildings": 5,
        "population_proxy": 308.89,
        "households_proxy": 99.64,
        "high_hazard_buildings": 2,
        "stratum1_buildings": 0,
        "mean_slope_deg": 3.53,
        "mean_elevation_m": 31.75,
        "relative_elevation_m": -2.85,
        "baseline_stress": 0.3118,
        "roof_footprint_m2": 130.0,
        "vehicular_access_m": 36.7,
        "pedestrian_access_m": 55.0,
        "open_space_proxy": 0.6942,
        "built_up_share": 0.3058,
        "vegetated_share": 0.4215,
        "water_presence": 0.0,
        "runoff_pressure_proxy": 0.4285,
        "rwh_opportunity": 0.4293,
        "drainage_corridor_proxy": 0.3682,
        "restoration_opportunity": 0.3856,
        "hazard_max": "Baja",
        "drainage_stress_proxy": 0.3118,
        "population_label": "WorldPop 2026 population estimate",
        "building_metric": "worldcover_built_up_proxy",
        "land_cover_source": "ESA WorldCover 2021 v200",
        "note": "terrain-derived screening proxy; not hydraulic flood simulation",
        "built_up_fraction": 0.3058,
        "tree_cover_fraction": 0.3223,
        "grass_vegetation_fraction": 0.0992,
        "cropland_fraction": 0.2727,
        "surface_water_fraction": 0.0,
        "bare_sparse_fraction": 0.0,
        "worldcover_pixels": 121
      },
      "geometry": {
        "type": "Polygon",
        "coordinates": [
          [
            [
              118.91000000000001,
              32.075
            ],
            [
              118.92000000000002,
              32.075
            ],
            [
              118.92000000000002,
              32.085
            ],
            [
              118.91000000000001,
              32.085
            ],
            [
              118.91000000000001,
              32.075
            ]
          ]
        ]
      }
    },
    {
      "type": "Feature",
      "properties": {
        "cell_id": 4,
        "buildings": 4,
        "population_proxy": 152.77,
        "households_proxy": 49.28,
        "high_hazard_buildings": 2,
        "stratum1_buildings": 0,
        "mean_slope_deg": 3.89,
        "mean_elevation_m": 35.0,
        "relative_elevation_m": -6.1,
        "baseline_stress": 0.4696,
        "roof_footprint_m2": 306.3,
        "vehicular_access_m": 108.1,
        "pedestrian_access_m": 162.1,
        "open_space_proxy": 0.0992,
        "built_up_share": 0.9008,
        "vegetated_share": 0.0992,
        "water_presence": 0.0,
        "runoff_pressure_proxy": 0.7897,
        "rwh_opportunity": 0.8756,
        "drainage_corridor_proxy": 0.4787,
        "restoration_opportunity": 0.1436,
        "hazard_max": "Media",
        "drainage_stress_proxy": 0.4696,
        "population_label": "WorldPop 2026 population estimate",
        "building_metric": "worldcover_built_up_proxy",
        "land_cover_source": "ESA WorldCover 2021 v200",
        "note": "terrain-derived screening proxy; not hydraulic flood simulation",
        "built_up_fraction": 0.9008,
        "tree_cover_fraction": 0.0083,
        "grass_vegetation_fraction": 0.0909,
        "cropland_fraction": 0.0,
        "surface_water_fraction": 0.0,
        "bare_sparse_fraction": 0.0,
        "worldcover_pixels": 121
      },
      "geometry": {
        "type": "Polygon",
        "coordinates": [
          [
            [
              118.92000000000002,
              32.075
            ],
            [
              118.93000000000002,
              32.075
            ],
            [
              118.93000000000002,
              32.085
            ],
            [
              118.92000000000002,
              32.085
            ],
            [
              118.92000000000002,
              32.075
            ]
          ]
        ]
      }
    },
    {
      "type": "Feature",
      "properties": {
        "cell_id": 5,
        "buildings": 5,
        "population_proxy": 175.58,
        "households_proxy": 56.64,
        "high_hazard_buildings": 2,
        "stratum1_buildings": 0,
        "mean_slope_deg": 1.49,
        "mean_elevation_m": 34.0,
        "relative_elevation_m": -5.1,
        "baseline_stress": 0.4781,
        "roof_footprint_m2": 411.0,
        "vehicular_access_m": 116.0,
        "pedestrian_access_m": 174.0,
        "open_space_proxy": 0.0331,
        "built_up_share": 0.9669,
        "vegetated_share": 0.0,
        "water_presence": 0.0,
        "runoff_pressure_proxy": 0.8335,
        "rwh_opportunity": 0.9252,
        "drainage_corridor_proxy": 0.4847,
        "restoration_opportunity": 0.1,
        "hazard_max": "Media",
        "drainage_stress_proxy": 0.4781,
        "population_label": "WorldPop 2026 population estimate",
        "building_metric": "worldcover_built_up_proxy",
        "land_cover_source": "ESA WorldCover 2021 v200",
        "note": "terrain-derived screening proxy; not hydraulic flood simulation",
        "built_up_fraction": 0.9669,
        "tree_cover_fraction": 0.0,
        "grass_vegetation_fraction": 0.0,
        "cropland_fraction": 0.0331,
        "surface_water_fraction": 0.0,
        "bare_sparse_fraction": 0.0,
        "worldcover_pixels": 121
      },
      "geometry": {
        "type": "Polygon",
        "coordinates": [
          [
            [
              118.93000000000002,
              32.075
            ],
            [
              118.94000000000003,
              32.075
            ],
            [
              118.94000000000003,
              32.085
            ],
            [
              118.93000000000002,
              32.085
            ],
            [
              118.93000000000002,
              32.075
            ]
          ]
        ]
      }
    },
    {
      "type": "Feature",
      "properties": {
        "cell_id": 6,
        "buildings": 16,
        "population_proxy": 587.96,
        "households_proxy": 189.66,
        "high_hazard_buildings": 10,
        "stratum1_buildings": 0,
        "mean_slope_deg": 2.38,
        "mean_elevation_m": 11.75,
        "relative_elevation_m": 17.15,
        "baseline_stress": 0.6168,
        "roof_footprint_m2": 1213.9,
        "vehicular_access_m": 107.1,
        "pedestrian_access_m": 160.7,
        "open_space_proxy": 0.1074,
        "built_up_share": 0.8926,
        "vegetated_share": 0.0165,
        "water_presence": 0.0,
        "runoff_pressure_proxy": 0.793,
        "rwh_opportunity": 0.8694,
        "drainage_corridor_proxy": 0.5817,
        "restoration_opportunity": 0.1073,
        "hazard_max": "Media",
        "drainage_stress_proxy": 0.6168,
        "population_label": "WorldPop 2026 population estimate",
        "building_metric": "worldcover_built_up_proxy",
        "land_cover_source": "ESA WorldCover 2021 v200",
        "note": "terrain-derived screening proxy; not hydraulic flood simulation",
        "built_up_fraction": 0.8926,
        "tree_cover_fraction": 0.0165,
        "grass_vegetation_fraction": 0.0,
        "cropland_fraction": 0.0909,
        "surface_water_fraction": 0.0,
        "bare_sparse_fraction": 0.0,
        "worldcover_pixels": 121
      },
      "geometry": {
        "type": "Polygon",
        "coordinates": [
          [
            [
              118.94000000000003,
              32.075
            ],
            [
              118.95000000000003,
              32.075
            ],
            [
              118.95000000000003,
              32.085
            ],
            [
              118.94000000000003,
              32.085
            ],
            [
              118.94000000000003,
              32.075
            ]
          ]
        ]
      }
    },
    {
      "type": "Feature",
      "properties": {
        "cell_id": 7,
        "buildings": 2,
        "population_proxy": 139.4,
        "households_proxy": 44.97,
        "high_hazard_buildings": 1,
        "stratum1_buildings": 0,
        "mean_slope_deg": 1.85,
        "mean_elevation_m": 10.25,
        "relative_elevation_m": 18.65,
        "baseline_stress": 0.4128,
        "roof_footprint_m2": 0.0,
        "vehicular_access_m": 0.0,
        "pedestrian_access_m": 0.0,
        "open_space_proxy": 1.0,
        "built_up_share": 0.0,
        "vegetated_share": 0.2727,
        "water_presence": 0.0,
        "runoff_pressure_proxy": 0.3186,
        "rwh_opportunity": 0.2,
        "drainage_corridor_proxy": 0.439,
        "restoration_opportunity": 0.3182,
        "hazard_max": "Media",
        "drainage_stress_proxy": 0.4128,
        "population_label": "WorldPop 2026 population estimate",
        "building_metric": "worldcover_built_up_proxy",
        "land_cover_source": "ESA WorldCover 2021 v200",
        "note": "terrain-derived screening proxy; not hydraulic flood simulation",
        "built_up_fraction": 0.0,
        "tree_cover_fraction": 0.0413,
        "grass_vegetation_fraction": 0.2314,
        "cropland_fraction": 0.7273,
        "surface_water_fraction": 0.0,
        "bare_sparse_fraction": 0.0,
        "worldcover_pixels": 121
      },
      "geometry": {
        "type": "Polygon",
        "coordinates": [
          [
            [
              118.95000000000003,
              32.075
            ],
            [
              118.96000000000004,
              32.075
            ],
            [
              118.96000000000004,
              32.085
            ],
            [
              118.95000000000003,
              32.085
            ],
            [
              118.95000000000003,
              32.075
            ]
          ]
        ]
      }
    },
    {
      "type": "Feature",
      "properties": {
        "cell_id": 8,
        "buildings": 0,
        "population_proxy": 28.96,
        "households_proxy": 9.34,
        "high_hazard_buildings": 0,
        "stratum1_buildings": 0,
        "mean_slope_deg": 9.49,
        "mean_elevation_m": 39.75,
        "relative_elevation_m": -10.85,
        "baseline_stress": 0.2027,
        "roof_footprint_m2": 0.0,
        "vehicular_access_m": 0.0,
        "pedestrian_access_m": 0.0,
        "open_space_proxy": 1.0,
        "built_up_share": 0.0,
        "vegetated_share": 1.0,
        "water_presence": 0.0,
        "runoff_pressure_proxy": 0.15,
        "rwh_opportunity": 0.2,
        "drainage_corridor_proxy": 0.2919,
        "restoration_opportunity": 0.9,
        "hazard_max": "Baja",
        "drainage_stress_proxy": 0.2027,
        "population_label": "WorldPop 2026 population estimate",
        "building_metric": "worldcover_built_up_proxy",
        "land_cover_source": "ESA WorldCover 2021 v200",
        "note": "terrain-derived screening proxy; not hydraulic flood simulation",
        "built_up_fraction": 0.0,
        "tree_cover_fraction": 1.0,
        "grass_vegetation_fraction": 0.0,
        "cropland_fraction": 0.0,
        "surface_water_fraction": 0.0,
        "bare_sparse_fraction": 0.0,
        "worldcover_pixels": 121
      },
      "geometry": {
        "type": "Polygon",
        "coordinates": [
          [
            [
              118.96000000000004,
              32.075
            ],
            [
              118.97000000000004,
              32.075
            ],
            [
              118.97000000000004,
              32.085
            ],
            [
              118.96000000000004,
              32.085
            ],
            [
              118.96000000000004,
              32.075
            ]
          ]
        ]
      }
    },
    {
      "type": "Feature",
      "properties": {
        "cell_id": 9,
        "buildings": 0,
        "population_proxy": 0.0,
        "households_proxy": 0.0,
        "high_hazard_buildings": 0,
        "stratum1_buildings": 0,
        "mean_slope_deg": 1.39,
        "mean_elevation_m": 29.0,
        "relative_elevation_m": -0.1,
        "baseline_stress": 0.1803,
        "roof_footprint_m2": 0.0,
        "vehicular_access_m": 0.0,
        "pedestrian_access_m": 0.0,
        "open_space_proxy": 1.0,
        "built_up_share": 0.0,
        "vegetated_share": 1.0,
        "water_presence": 0.0,
        "runoff_pressure_proxy": 0.15,
        "rwh_opportunity": 0.2,
        "drainage_corridor_proxy": 0.2762,
        "restoration_opportunity": 0.9,
        "hazard_max": "Baja",
        "drainage_stress_proxy": 0.1803,
        "population_label": "WorldPop 2026 population estimate",
        "building_metric": "worldcover_built_up_proxy",
        "land_cover_source": "ESA WorldCover 2021 v200",
        "note": "terrain-derived screening proxy; not hydraulic flood simulation",
        "built_up_fraction": 0.0,
        "tree_cover_fraction": 1.0,
        "grass_vegetation_fraction": 0.0,
        "cropland_fraction": 0.0,
        "surface_water_fraction": 0.0,
        "bare_sparse_fraction": 0.0,
        "worldcover_pixels": 66
      },
      "geometry": {
        "type": "Polygon",
        "coordinates": [
          [
            [
              118.97000000000004,
              32.075
            ],
            [
              118.98000000000005,
              32.075
            ],
            [
              118.98000000000005,
              32.085
            ],
            [
              118.97000000000004,
              32.085
            ],
            [
              118.97000000000004,
              32.075
            ]
          ]
        ]
      }
    },
    {
      "type": "Feature",
      "properties": {
        "cell_id": 10,
        "buildings": 74,
        "population_proxy": 3098.76,
        "households_proxy": 999.6,
        "high_hazard_buildings": 30,
        "stratum1_buildings": 0,
        "mean_slope_deg": 1.19,
        "mean_elevation_m": 32.5,
        "relative_elevation_m": -3.6,
        "baseline_stress": 0.4011,
        "roof_footprint_m2": 4574.5,
        "vehicular_access_m": 87.3,
        "pedestrian_access_m": 130.9,
        "open_space_proxy": 0.2727,
        "built_up_share": 0.7273,
        "vegetated_share": 0.2727,
        "water_presence": 0.0,
        "runoff_pressure_proxy": 0.6591,
        "rwh_opportunity": 0.7455,
        "drainage_corridor_proxy": 0.4308,
        "restoration_opportunity": 0.2388,
        "hazard_max": "Media",
        "drainage_stress_proxy": 0.4011,
        "population_label": "WorldPop 2026 population estimate",
        "building_metric": "worldcover_built_up_proxy",
        "land_cover_source": "ESA WorldCover 2021 v200",
        "note": "terrain-derived screening proxy; not hydraulic flood simulation",
        "built_up_fraction": 0.7273,
        "tree_cover_fraction": 0.2727,
        "grass_vegetation_fraction": 0.0,
        "cropland_fraction": 0.0,
        "surface_water_fraction": 0.0,
        "bare_sparse_fraction": 0.0,
        "worldcover_pixels": 121
      },
      "geometry": {
        "type": "Polygon",
        "coordinates": [
          [
            [
              118.88,
              32.085
            ],
            [
              118.89,
              32.085
            ],
            [
              118.89,
              32.095
            ],
            [
              118.88,
              32.095
            ],
            [
              118.88,
              32.085
            ]
          ]
        ]
      }
    },
    {
      "type": "Feature",
      "properties": {
        "cell_id": 11,
        "buildings": 80,
        "population_proxy": 2976.02,
        "households_proxy": 960.01,
        "high_hazard_buildings": 37,
        "stratum1_buildings": 0,
        "mean_slope_deg": 0.55,
        "mean_elevation_m": 28.0,
        "relative_elevation_m": 0.9,
        "baseline_stress": 0.4671,
        "roof_footprint_m2": 6125.6,
        "vehicular_access_m": 108.1,
        "pedestrian_access_m": 162.1,
        "open_space_proxy": 0.0992,
        "built_up_share": 0.9008,
        "vegetated_share": 0.0992,
        "water_presence": 0.0,
        "runoff_pressure_proxy": 0.7806,
        "rwh_opportunity": 0.8756,
        "drainage_corridor_proxy": 0.4769,
        "restoration_opportunity": 0.1436,
        "hazard_max": "Media",
        "drainage_stress_proxy": 0.4671,
        "population_label": "WorldPop 2026 population estimate",
        "building_metric": "worldcover_built_up_proxy",
        "land_cover_source": "ESA WorldCover 2021 v200",
        "note": "terrain-derived screening proxy; not hydraulic flood simulation",
        "built_up_fraction": 0.9008,
        "tree_cover_fraction": 0.0992,
        "grass_vegetation_fraction": 0.0,
        "cropland_fraction": 0.0,
        "surface_water_fraction": 0.0,
        "bare_sparse_fraction": 0.0,
        "worldcover_pixels": 121
      },
      "geometry": {
        "type": "Polygon",
        "coordinates": [
          [
            [
              118.89,
              32.085
            ],
            [
              118.9,
              32.085
            ],
            [
              118.9,
              32.095
            ],
            [
              118.89,
              32.095
            ],
            [
              118.89,
              32.085
            ]
          ]
        ]
      }
    },
    {
      "type": "Feature",
      "properties": {
        "cell_id": 12,
        "buildings": 44,
        "population_proxy": 1927.97,
        "households_proxy": 621.93,
        "high_hazard_buildings": 19,
        "stratum1_buildings": 0,
        "mean_slope_deg": 2.38,
        "mean_elevation_m": 24.0,
        "relative_elevation_m": 4.9,
        "baseline_stress": 0.4376,
        "roof_footprint_m2": 2503.6,
        "vehicular_access_m": 80.3,
        "pedestrian_access_m": 120.5,
        "open_space_proxy": 0.3306,
        "built_up_share": 0.6694,
        "vegetated_share": 0.3306,
        "water_presence": 0.0,
        "runoff_pressure_proxy": 0.6194,
        "rwh_opportunity": 0.7021,
        "drainage_corridor_proxy": 0.4563,
        "restoration_opportunity": 0.2759,
        "hazard_max": "Media",
        "drainage_stress_proxy": 0.4376,
        "population_label": "WorldPop 2026 population estimate",
        "building_metric": "worldcover_built_up_proxy",
        "land_cover_source": "ESA WorldCover 2021 v200",
        "note": "terrain-derived screening proxy; not hydraulic flood simulation",
        "built_up_fraction": 0.6694,
        "tree_cover_fraction": 0.3223,
        "grass_vegetation_fraction": 0.0083,
        "cropland_fraction": 0.0,
        "surface_water_fraction": 0.0,
        "bare_sparse_fraction": 0.0,
        "worldcover_pixels": 121
      },
      "geometry": {
        "type": "Polygon",
        "coordinates": [
          [
            [
              118.9,
              32.085
            ],
            [
              118.91000000000001,
              32.085
            ],
            [
              118.91000000000001,
              32.095
            ],
            [
              118.9,
              32.095
            ],
            [
              118.9,
              32.085
            ]
          ]
        ]
      }
    },
    {
      "type": "Feature",
      "properties": {
        "cell_id": 13,
        "buildings": 28,
        "population_proxy": 1104.56,
        "households_proxy": 356.31,
        "high_hazard_buildings": 15,
        "stratum1_buildings": 0,
        "mean_slope_deg": 1.43,
        "mean_elevation_m": 21.75,
        "relative_elevation_m": 7.15,
        "baseline_stress": 0.5187,
        "roof_footprint_m2": 1927.6,
        "vehicular_access_m": 97.2,
        "pedestrian_access_m": 145.8,
        "open_space_proxy": 0.1901,
        "built_up_share": 0.8099,
        "vegetated_share": 0.0579,
        "water_presence": 0.0,
        "runoff_pressure_proxy": 0.7698,
        "rwh_opportunity": 0.8074,
        "drainage_corridor_proxy": 0.5131,
        "restoration_opportunity": 0.1275,
        "hazard_max": "Media",
        "drainage_stress_proxy": 0.5187,
        "population_label": "WorldPop 2026 population estimate",
        "building_metric": "worldcover_built_up_proxy",
        "land_cover_source": "ESA WorldCover 2021 v200",
        "note": "terrain-derived screening proxy; not hydraulic flood simulation",
        "built_up_fraction": 0.8099,
        "tree_cover_fraction": 0.0579,
        "grass_vegetation_fraction": 0.0,
        "cropland_fraction": 0.0,
        "surface_water_fraction": 0.0,
        "bare_sparse_fraction": 0.1322,
        "worldcover_pixels": 121
      },
      "geometry": {
        "type": "Polygon",
        "coordinates": [
          [
            [
              118.91000000000001,
              32.085
            ],
            [
              118.92000000000002,
              32.085
            ],
            [
              118.92000000000002,
              32.095
            ],
            [
              118.91000000000001,
              32.095
            ],
            [
              118.91000000000001,
              32.085
            ]
          ]
        ]
      }
    },
    {
      "type": "Feature",
      "properties": {
        "cell_id": 14,
        "buildings": 48,
        "population_proxy": 1989.29,
        "households_proxy": 641.71,
        "high_hazard_buildings": 22,
        "stratum1_buildings": 0,
        "mean_slope_deg": 3.4,
        "mean_elevation_m": 25.5,
        "relative_elevation_m": 3.4,
        "baseline_stress": 0.4513,
        "roof_footprint_m2": 3001.0,
        "vehicular_access_m": 88.3,
        "pedestrian_access_m": 132.4,
        "open_space_proxy": 0.2645,
        "built_up_share": 0.7355,
        "vegetated_share": 0.2645,
        "water_presence": 0.0,
        "runoff_pressure_proxy": 0.6649,
        "rwh_opportunity": 0.7517,
        "drainage_corridor_proxy": 0.4659,
        "restoration_opportunity": 0.2338,
        "hazard_max": "Media",
        "drainage_stress_proxy": 0.4513,
        "population_label": "WorldPop 2026 population estimate",
        "building_metric": "worldcover_built_up_proxy",
        "land_cover_source": "ESA WorldCover 2021 v200",
        "note": "terrain-derived screening proxy; not hydraulic flood simulation",
        "built_up_fraction": 0.7355,
        "tree_cover_fraction": 0.2645,
        "grass_vegetation_fraction": 0.0,
        "cropland_fraction": 0.0,
        "surface_water_fraction": 0.0,
        "bare_sparse_fraction": 0.0,
        "worldcover_pixels": 121
      },
      "geometry": {
        "type": "Polygon",
        "coordinates": [
          [
            [
              118.92000000000002,
              32.085
            ],
            [
              118.93000000000002,
              32.085
            ],
            [
              118.93000000000002,
              32.095
            ],
            [
              118.92000000000002,
              32.095
            ],
            [
              118.92000000000002,
              32.085
            ]
          ]
        ]
      }
    },
    {
      "type": "Feature",
      "properties": {
        "cell_id": 15,
        "buildings": 0,
        "population_proxy": 25.24,
        "households_proxy": 8.14,
        "high_hazard_buildings": 0,
        "stratum1_buildings": 0,
        "mean_slope_deg": 4.23,
        "mean_elevation_m": 67.0,
        "relative_elevation_m": -38.1,
        "baseline_stress": 0.1589,
        "roof_footprint_m2": 0.0,
        "vehicular_access_m": 6.9,
        "pedestrian_access_m": 10.4,
        "open_space_proxy": 0.9421,
        "built_up_share": 0.0579,
        "vegetated_share": 0.7355,
        "water_presence": 0.0,
        "runoff_pressure_proxy": 0.2417,
        "rwh_opportunity": 0.2434,
        "drainage_corridor_proxy": 0.2612,
        "restoration_opportunity": 0.6714,
        "hazard_max": "Baja",
        "drainage_stress_proxy": 0.1589,
        "population_label": "WorldPop 2026 population estimate",
        "building_metric": "worldcover_built_up_proxy",
        "land_cover_source": "ESA WorldCover 2021 v200",
        "note": "terrain-derived screening proxy; not hydraulic flood simulation",
        "built_up_fraction": 0.0579,
        "tree_cover_fraction": 0.6364,
        "grass_vegetation_fraction": 0.0992,
        "cropland_fraction": 0.2066,
        "surface_water_fraction": 0.0,
        "bare_sparse_fraction": 0.0,
        "worldcover_pixels": 121
      },
      "geometry": {
        "type": "Polygon",
        "coordinates": [
          [
            [
              118.93000000000002,
              32.085
            ],
            [
              118.94000000000003,
              32.085
            ],
            [
              118.94000000000003,
              32.095
            ],
            [
              118.93000000000002,
              32.095
            ],
            [
              118.93000000000002,
              32.085
            ]
          ]
        ]
      }
    },
    {
      "type": "Feature",
      "properties": {
        "cell_id": 16,
        "buildings": 1,
        "population_proxy": 68.88,
        "households_proxy": 22.22,
        "high_hazard_buildings": 0,
        "stratum1_buildings": 0,
        "mean_slope_deg": 13.64,
        "mean_elevation_m": 39.0,
        "relative_elevation_m": -10.1,
        "baseline_stress": 0.2602,
        "roof_footprint_m2": 0.0,
        "vehicular_access_m": 0.0,
        "pedestrian_access_m": 0.0,
        "open_space_proxy": 1.0,
        "built_up_share": 0.0,
        "vegetated_share": 0.843,
        "water_presence": 0.0,
        "runoff_pressure_proxy": 0.2236,
        "rwh_opportunity": 0.2,
        "drainage_corridor_proxy": 0.3321,
        "restoration_opportunity": 0.7744,
        "hazard_max": "Baja",
        "drainage_stress_proxy": 0.2602,
        "population_label": "WorldPop 2026 population estimate",
        "building_metric": "worldcover_built_up_proxy",
        "land_cover_source": "ESA WorldCover 2021 v200",
        "note": "terrain-derived screening proxy; not hydraulic flood simulation",
        "built_up_fraction": 0.0,
        "tree_cover_fraction": 0.4215,
        "grass_vegetation_fraction": 0.4215,
        "cropland_fraction": 0.157,
        "surface_water_fraction": 0.0,
        "bare_sparse_fraction": 0.0,
        "worldcover_pixels": 121
      },
      "geometry": {
        "type": "Polygon",
        "coordinates": [
          [
            [
              118.94000000000003,
              32.085
            ],
            [
              118.95000000000003,
              32.085
            ],
            [
              118.95000000000003,
              32.095
            ],
            [
              118.94000000000003,
              32.095
            ],
            [
              118.94000000000003,
              32.085
            ]
          ]
        ]
      }
    },
    {
      "type": "Feature",
      "properties": {
        "cell_id": 17,
        "buildings": 8,
        "population_proxy": 399.39,
        "households_proxy": 128.84,
        "high_hazard_buildings": 4,
        "stratum1_buildings": 0,
        "mean_slope_deg": 5.71,
        "mean_elevation_m": 14.5,
        "relative_elevation_m": 14.4,
        "baseline_stress": 0.5128,
        "roof_footprint_m2": 303.5,
        "vehicular_access_m": 53.6,
        "pedestrian_access_m": 80.3,
        "open_space_proxy": 0.5537,
        "built_up_share": 0.4463,
        "vegetated_share": 0.0909,
        "water_presence": 0.0,
        "runoff_pressure_proxy": 0.5715,
        "rwh_opportunity": 0.5347,
        "drainage_corridor_proxy": 0.5089,
        "restoration_opportunity": 0.1565,
        "hazard_max": "Media",
        "drainage_stress_proxy": 0.5128,
        "population_label": "WorldPop 2026 population estimate",
        "building_metric": "worldcover_built_up_proxy",
        "land_cover_source": "ESA WorldCover 2021 v200",
        "note": "terrain-derived screening proxy; not hydraulic flood simulation",
        "built_up_fraction": 0.4463,
        "tree_cover_fraction": 0.0909,
        "grass_vegetation_fraction": 0.0,
        "cropland_fraction": 0.3802,
        "surface_water_fraction": 0.0,
        "bare_sparse_fraction": 0.0826,
        "worldcover_pixels": 121
      },
      "geometry": {
        "type": "Polygon",
        "coordinates": [
          [
            [
              118.95000000000003,
              32.085
            ],
            [
              118.96000000000004,
              32.085
            ],
            [
              118.96000000000004,
              32.095
            ],
            [
              118.95000000000003,
              32.095
            ],
            [
              118.95000000000003,
              32.085
            ]
          ]
        ]
      }
    },
    {
      "type": "Feature",
      "properties": {
        "cell_id": 18,
        "buildings": 1,
        "population_proxy": 119.94,
        "households_proxy": 38.69,
        "high_hazard_buildings": 0,
        "stratum1_buildings": 0,
        "mean_slope_deg": 2.19,
        "mean_elevation_m": 13.5,
        "relative_elevation_m": 15.4,
        "baseline_stress": 0.3934,
        "roof_footprint_m2": 3.5,
        "vehicular_access_m": 5.0,
        "pedestrian_access_m": 7.4,
        "open_space_proxy": 0.9587,
        "built_up_share": 0.0413,
        "vegetated_share": 0.7107,
        "water_presence": 0.0,
        "runoff_pressure_proxy": 0.331,
        "rwh_opportunity": 0.231,
        "drainage_corridor_proxy": 0.4254,
        "restoration_opportunity": 0.6568,
        "hazard_max": "Baja",
        "drainage_stress_proxy": 0.3934,
        "population_label": "WorldPop 2026 population estimate",
        "building_metric": "worldcover_built_up_proxy",
        "land_cover_source": "ESA WorldCover 2021 v200",
        "note": "terrain-derived screening proxy; not hydraulic flood simulation",
        "built_up_fraction": 0.0413,
        "tree_cover_fraction": 0.0496,
        "grass_vegetation_fraction": 0.6612,
        "cropland_fraction": 0.0661,
        "surface_water_fraction": 0.0,
        "bare_sparse_fraction": 0.1818,
        "worldcover_pixels": 121
      },
      "geometry": {
        "type": "Polygon",
        "coordinates": [
          [
            [
              118.96000000000004,
              32.085
            ],
            [
              118.97000000000004,
              32.085
            ],
            [
              118.97000000000004,
              32.095
            ],
            [
              118.96000000000004,
              32.095
            ],
            [
              118.96000000000004,
              32.085
            ]
          ]
        ]
      }
    },
    {
      "type": "Feature",
      "properties": {
        "cell_id": 19,
        "buildings": 1,
        "population_proxy": 43.24,
        "households_proxy": 13.95,
        "high_hazard_buildings": 0,
        "stratum1_buildings": 0,
        "mean_slope_deg": 6.72,
        "mean_elevation_m": 51.5,
        "relative_elevation_m": -22.6,
        "baseline_stress": 0.1912,
        "roof_footprint_m2": 5.2,
        "vehicular_access_m": 7.3,
        "pedestrian_access_m": 10.9,
        "open_space_proxy": 0.9394,
        "built_up_share": 0.0606,
        "vegetated_share": 0.8636,
        "water_presence": 0.0,
        "runoff_pressure_proxy": 0.2121,
        "rwh_opportunity": 0.2455,
        "drainage_corridor_proxy": 0.2838,
        "restoration_opportunity": 0.77,
        "hazard_max": "Baja",
        "drainage_stress_proxy": 0.1912,
        "population_label": "WorldPop 2026 population estimate",
        "building_metric": "worldcover_built_up_proxy",
        "land_cover_source": "ESA WorldCover 2021 v200",
        "note": "terrain-derived screening proxy; not hydraulic flood simulation",
        "built_up_fraction": 0.0606,
        "tree_cover_fraction": 0.8182,
        "grass_vegetation_fraction": 0.0455,
        "cropland_fraction": 0.0758,
        "surface_water_fraction": 0.0,
        "bare_sparse_fraction": 0.0,
        "worldcover_pixels": 66
      },
      "geometry": {
        "type": "Polygon",
        "coordinates": [
          [
            [
              118.97000000000004,
              32.085
            ],
            [
              118.98000000000005,
              32.085
            ],
            [
              118.98000000000005,
              32.095
            ],
            [
              118.97000000000004,
              32.095
            ],
            [
              118.97000000000004,
              32.085
            ]
          ]
        ]
      }
    },
    {
      "type": "Feature",
      "properties": {
        "cell_id": 20,
        "buildings": 17,
        "population_proxy": 1156.81,
        "households_proxy": 373.16,
        "high_hazard_buildings": 5,
        "stratum1_buildings": 0,
        "mean_slope_deg": 1.08,
        "mean_elevation_m": 30.25,
        "relative_elevation_m": -1.35,
        "baseline_stress": 0.279,
        "roof_footprint_m2": 274.7,
        "vehicular_access_m": 22.8,
        "pedestrian_access_m": 34.2,
        "open_space_proxy": 0.8099,
        "built_up_share": 0.1901,
        "vegetated_share": 0.6529,
        "water_presence": 0.0,
        "runoff_pressure_proxy": 0.3789,
        "rwh_opportunity": 0.3426,
        "drainage_corridor_proxy": 0.3453,
        "restoration_opportunity": 0.5727,
        "hazard_max": "Baja",
        "drainage_stress_proxy": 0.279,
        "population_label": "WorldPop 2026 population estimate",
        "building_metric": "worldcover_built_up_proxy",
        "land_cover_source": "ESA WorldCover 2021 v200",
        "note": "terrain-derived screening proxy; not hydraulic flood simulation",
        "built_up_fraction": 0.1901,
        "tree_cover_fraction": 0.1074,
        "grass_vegetation_fraction": 0.5455,
        "cropland_fraction": 0.1074,
        "surface_water_fraction": 0.0,
        "bare_sparse_fraction": 0.0496,
        "worldcover_pixels": 121
      },
      "geometry": {
        "type": "Polygon",
        "coordinates": [
          [
            [
              118.88,
              32.095
            ],
            [
              118.89,
              32.095
            ],
            [
              118.89,
              32.105
            ],
            [
              118.88,
              32.105
            ],
            [
              118.88,
              32.095
            ]
          ]
        ]
      }
    },
    {
      "type": "Feature",
      "properties": {
        "cell_id": 21,
        "buildings": 41,
        "population_proxy": 1729.92,
        "households_proxy": 558.04,
        "high_hazard_buildings": 18,
        "stratum1_buildings": 0,
        "mean_slope_deg": 3.28,
        "mean_elevation_m": 24.25,
        "relative_elevation_m": 4.65,
        "baseline_stress": 0.4506,
        "roof_footprint_m2": 2448.1,
        "vehicular_access_m": 84.3,
        "pedestrian_access_m": 126.4,
        "open_space_proxy": 0.2975,
        "built_up_share": 0.7025,
        "vegetated_share": 0.2975,
        "water_presence": 0.0,
        "runoff_pressure_proxy": 0.6417,
        "rwh_opportunity": 0.7269,
        "drainage_corridor_proxy": 0.4654,
        "restoration_opportunity": 0.2544,
        "hazard_max": "Media",
        "drainage_stress_proxy": 0.4506,
        "population_label": "WorldPop 2026 population estimate",
        "building_metric": "worldcover_built_up_proxy",
        "land_cover_source": "ESA WorldCover 2021 v200",
        "note": "terrain-derived screening proxy; not hydraulic flood simulation",
        "built_up_fraction": 0.7025,
        "tree_cover_fraction": 0.2975,
        "grass_vegetation_fraction": 0.0,
        "cropland_fraction": 0.0,
        "surface_water_fraction": 0.0,
        "bare_sparse_fraction": 0.0,
        "worldcover_pixels": 121
      },
      "geometry": {
        "type": "Polygon",
        "coordinates": [
          [
            [
              118.89,
              32.095
            ],
            [
              118.9,
              32.095
            ],
            [
              118.9,
              32.105
            ],
            [
              118.89,
              32.105
            ],
            [
              118.89,
              32.095
            ]
          ]
        ]
      }
    },
    {
      "type": "Feature",
      "properties": {
        "cell_id": 22,
        "buildings": 61,
        "population_proxy": 2314.72,
        "households_proxy": 746.68,
        "high_hazard_buildings": 32,
        "stratum1_buildings": 0,
        "mean_slope_deg": 1.19,
        "mean_elevation_m": 20.25,
        "relative_elevation_m": 8.65,
        "baseline_stress": 0.5215,
        "roof_footprint_m2": 4456.5,
        "vehicular_access_m": 103.1,
        "pedestrian_access_m": 154.7,
        "open_space_proxy": 0.1405,
        "built_up_share": 0.8595,
        "vegetated_share": 0.1405,
        "water_presence": 0.0,
        "runoff_pressure_proxy": 0.7517,
        "rwh_opportunity": 0.8446,
        "drainage_corridor_proxy": 0.5151,
        "restoration_opportunity": 0.1641,
        "hazard_max": "Media",
        "drainage_stress_proxy": 0.5215,
        "population_label": "WorldPop 2026 population estimate",
        "building_metric": "worldcover_built_up_proxy",
        "land_cover_source": "ESA WorldCover 2021 v200",
        "note": "terrain-derived screening proxy; not hydraulic flood simulation",
        "built_up_fraction": 0.8595,
        "tree_cover_fraction": 0.1405,
        "grass_vegetation_fraction": 0.0,
        "cropland_fraction": 0.0,
        "surface_water_fraction": 0.0,
        "bare_sparse_fraction": 0.0,
        "worldcover_pixels": 121
      },
      "geometry": {
        "type": "Polygon",
        "coordinates": [
          [
            [
              118.9,
              32.095
            ],
            [
              118.91000000000001,
              32.095
            ],
            [
              118.91000000000001,
              32.105
            ],
            [
              118.9,
              32.105
            ],
            [
              118.9,
              32.095
            ]
          ]
        ]
      }
    },
    {
      "type": "Feature",
      "properties": {
        "cell_id": 23,
        "buildings": 80,
        "population_proxy": 3045.78,
        "households_proxy": 982.51,
        "high_hazard_buildings": 47,
        "stratum1_buildings": 0,
        "mean_slope_deg": 4.01,
        "mean_elevation_m": 14.5,
        "relative_elevation_m": 14.4,
        "baseline_stress": 0.5845,
        "roof_footprint_m2": 5844.6,
        "vehicular_access_m": 103.1,
        "pedestrian_access_m": 154.7,
        "open_space_proxy": 0.1405,
        "built_up_share": 0.8595,
        "vegetated_share": 0.1405,
        "water_presence": 0.0,
        "runoff_pressure_proxy": 0.7517,
        "rwh_opportunity": 0.8446,
        "drainage_corridor_proxy": 0.5591,
        "restoration_opportunity": 0.1641,
        "hazard_max": "Media",
        "drainage_stress_proxy": 0.5845,
        "population_label": "WorldPop 2026 population estimate",
        "building_metric": "worldcover_built_up_proxy",
        "land_cover_source": "ESA WorldCover 2021 v200",
        "note": "terrain-derived screening proxy; not hydraulic flood simulation",
        "built_up_fraction": 0.8595,
        "tree_cover_fraction": 0.1405,
        "grass_vegetation_fraction": 0.0,
        "cropland_fraction": 0.0,
        "surface_water_fraction": 0.0,
        "bare_sparse_fraction": 0.0,
        "worldcover_pixels": 121
      },
      "geometry": {
        "type": "Polygon",
        "coordinates": [
          [
            [
              118.91000000000001,
              32.095
            ],
            [
              118.92000000000002,
              32.095
            ],
            [
              118.92000000000002,
              32.105
            ],
            [
              118.91000000000001,
              32.105
            ],
            [
              118.91000000000001,
              32.095
            ]
          ]
        ]
      }
    },
    {
      "type": "Feature",
      "properties": {
        "cell_id": 24,
        "buildings": 18,
        "population_proxy": 792.59,
        "households_proxy": 255.67,
        "high_hazard_buildings": 10,
        "stratum1_buildings": 0,
        "mean_slope_deg": 2.98,
        "mean_elevation_m": 10.75,
        "relative_elevation_m": 18.15,
        "baseline_stress": 0.5544,
        "roof_footprint_m2": 986.3,
        "vehicular_access_m": 77.4,
        "pedestrian_access_m": 116.0,
        "open_space_proxy": 0.3554,
        "built_up_share": 0.6446,
        "vegetated_share": 0.3554,
        "water_presence": 0.0,
        "runoff_pressure_proxy": 0.6285,
        "rwh_opportunity": 0.6835,
        "drainage_corridor_proxy": 0.538,
        "restoration_opportunity": 0.2927,
        "hazard_max": "Media",
        "drainage_stress_proxy": 0.5544,
        "population_label": "WorldPop 2026 population estimate",
        "building_metric": "worldcover_built_up_proxy",
        "land_cover_source": "ESA WorldCover 2021 v200",
        "note": "terrain-derived screening proxy; not hydraulic flood simulation",
        "built_up_fraction": 0.6446,
        "tree_cover_fraction": 0.0826,
        "grass_vegetation_fraction": 0.2727,
        "cropland_fraction": 0.0,
        "surface_water_fraction": 0.0,
        "bare_sparse_fraction": 0.0,
        "worldcover_pixels": 121
      },
      "geometry": {
        "type": "Polygon",
        "coordinates": [
          [
            [
              118.92000000000002,
              32.095
            ],
            [
              118.93000000000002,
              32.095
            ],
            [
              118.93000000000002,
              32.105
            ],
            [
              118.92000000000002,
              32.105
            ],
            [
              118.92000000000002,
              32.095
            ]
          ]
        ]
      }
    },
    {
      "type": "Feature",
      "properties": {
        "cell_id": 25,
        "buildings": 39,
        "population_proxy": 1426.05,
        "households_proxy": 460.01,
        "high_hazard_buildings": 24,
        "stratum1_buildings": 0,
        "mean_slope_deg": 3.89,
        "mean_elevation_m": 15.5,
        "relative_elevation_m": 13.4,
        "baseline_stress": 0.6038,
        "roof_footprint_m2": 3123.2,
        "vehicular_access_m": 113.1,
        "pedestrian_access_m": 169.6,
        "open_space_proxy": 0.0579,
        "built_up_share": 0.9421,
        "vegetated_share": 0.0579,
        "water_presence": 0.0,
        "runoff_pressure_proxy": 0.8145,
        "rwh_opportunity": 0.9066,
        "drainage_corridor_proxy": 0.5727,
        "restoration_opportunity": 0.1245,
        "hazard_max": "Media",
        "drainage_stress_proxy": 0.6038,
        "population_label": "WorldPop 2026 population estimate",
        "building_metric": "worldcover_built_up_proxy",
        "land_cover_source": "ESA WorldCover 2021 v200",
        "note": "terrain-derived screening proxy; not hydraulic flood simulation",
        "built_up_fraction": 0.9421,
        "tree_cover_fraction": 0.0083,
        "grass_vegetation_fraction": 0.0496,
        "cropland_fraction": 0.0,
        "surface_water_fraction": 0.0,
        "bare_sparse_fraction": 0.0,
        "worldcover_pixels": 121
      },
      "geometry": {
        "type": "Polygon",
        "coordinates": [
          [
            [
              118.93000000000002,
              32.095
            ],
            [
              118.94000000000003,
              32.095
            ],
            [
              118.94000000000003,
              32.105
            ],
            [
              118.93000000000002,
              32.105
            ],
            [
              118.93000000000002,
              32.095
            ]
          ]
        ]
      }
    },
    {
      "type": "Feature",
      "properties": {
        "cell_id": 26,
        "buildings": 0,
        "population_proxy": 21.23,
        "households_proxy": 6.85,
        "high_hazard_buildings": 0,
        "stratum1_buildings": 0,
        "mean_slope_deg": 14.01,
        "mean_elevation_m": 90.0,
        "relative_elevation_m": -61.1,
        "baseline_stress": 0.1446,
        "roof_footprint_m2": 0.0,
        "vehicular_access_m": 0.0,
        "pedestrian_access_m": 0.0,
        "open_space_proxy": 1.0,
        "built_up_share": 0.0,
        "vegetated_share": 1.0,
        "water_presence": 0.0,
        "runoff_pressure_proxy": 0.15,
        "rwh_opportunity": 0.2,
        "drainage_corridor_proxy": 0.2512,
        "restoration_opportunity": 0.9,
        "hazard_max": "Baja",
        "drainage_stress_proxy": 0.1446,
        "population_label": "WorldPop 2026 population estimate",
        "building_metric": "worldcover_built_up_proxy",
        "land_cover_source": "ESA WorldCover 2021 v200",
        "note": "terrain-derived screening proxy; not hydraulic flood simulation",
        "built_up_fraction": 0.0,
        "tree_cover_fraction": 1.0,
        "grass_vegetation_fraction": 0.0,
        "cropland_fraction": 0.0,
        "surface_water_fraction": 0.0,
        "bare_sparse_fraction": 0.0,
        "worldcover_pixels": 121
      },
      "geometry": {
        "type": "Polygon",
        "coordinates": [
          [
            [
              118.94000000000003,
              32.095
            ],
            [
              118.95000000000003,
              32.095
            ],
            [
              118.95000000000003,
              32.105
            ],
            [
              118.94000000000003,
              32.105
            ],
            [
              118.94000000000003,
              32.095
            ]
          ]
        ]
      }
    },
    {
      "type": "Feature",
      "properties": {
        "cell_id": 27,
        "buildings": 2,
        "population_proxy": 138.4,
        "households_proxy": 44.65,
        "high_hazard_buildings": 1,
        "stratum1_buildings": 0,
        "mean_slope_deg": 0.46,
        "mean_elevation_m": 13.25,
        "relative_elevation_m": 15.65,
        "baseline_stress": 0.3536,
        "roof_footprint_m2": 0.0,
        "vehicular_access_m": 0.0,
        "pedestrian_access_m": 0.0,
        "open_space_proxy": 1.0,
        "built_up_share": 0.0,
        "vegetated_share": 0.5124,
        "water_presence": 0.0,
        "runoff_pressure_proxy": 0.2591,
        "rwh_opportunity": 0.2,
        "drainage_corridor_proxy": 0.3975,
        "restoration_opportunity": 0.5099,
        "hazard_max": "Baja",
        "drainage_stress_proxy": 0.3536,
        "population_label": "WorldPop 2026 population estimate",
        "building_metric": "worldcover_built_up_proxy",
        "land_cover_source": "ESA WorldCover 2021 v200",
        "note": "terrain-derived screening proxy; not hydraulic flood simulation",
        "built_up_fraction": 0.0,
        "tree_cover_fraction": 0.3967,
        "grass_vegetation_fraction": 0.1157,
        "cropland_fraction": 0.4876,
        "surface_water_fraction": 0.0,
        "bare_sparse_fraction": 0.0,
        "worldcover_pixels": 121
      },
      "geometry": {
        "type": "Polygon",
        "coordinates": [
          [
            [
              118.95000000000003,
              32.095
            ],
            [
              118.96000000000004,
              32.095
            ],
            [
              118.96000000000004,
              32.105
            ],
            [
              118.95000000000003,
              32.105
            ],
            [
              118.95000000000003,
              32.095
            ]
          ]
        ]
      }
    },
    {
      "type": "Feature",
      "properties": {
        "cell_id": 28,
        "buildings": 0,
        "population_proxy": 42.86,
        "households_proxy": 13.83,
        "high_hazard_buildings": 0,
        "stratum1_buildings": 0,
        "mean_slope_deg": 4.93,
        "mean_elevation_m": 25.25,
        "relative_elevation_m": 3.65,
        "baseline_stress": 0.2305,
        "roof_footprint_m2": 0.0,
        "vehicular_access_m": 0.0,
        "pedestrian_access_m": 0.0,
        "open_space_proxy": 1.0,
        "built_up_share": 0.0,
        "vegetated_share": 1.0,
        "water_presence": 0.0,
        "runoff_pressure_proxy": 0.1508,
        "rwh_opportunity": 0.2,
        "drainage_corridor_proxy": 0.3113,
        "restoration_opportunity": 0.9,
        "hazard_max": "Baja",
        "drainage_stress_proxy": 0.2305,
        "population_label": "WorldPop 2026 population estimate",
        "building_metric": "worldcover_built_up_proxy",
        "land_cover_source": "ESA WorldCover 2021 v200",
        "note": "terrain-derived screening proxy; not hydraulic flood simulation",
        "built_up_fraction": 0.0,
        "tree_cover_fraction": 0.9917,
        "grass_vegetation_fraction": 0.0083,
        "cropland_fraction": 0.0,
        "surface_water_fraction": 0.0,
        "bare_sparse_fraction": 0.0,
        "worldcover_pixels": 121
      },
      "geometry": {
        "type": "Polygon",
        "coordinates": [
          [
            [
              118.96000000000004,
              32.095
            ],
            [
              118.97000000000004,
              32.095
            ],
            [
              118.97000000000004,
              32.105
            ],
            [
              118.96000000000004,
              32.105
            ],
            [
              118.96000000000004,
              32.095
            ]
          ]
        ]
      }
    },
    {
      "type": "Feature",
      "properties": {
        "cell_id": 29,
        "buildings": 2,
        "population_proxy": 133.26,
        "households_proxy": 42.99,
        "high_hazard_buildings": 1,
        "stratum1_buildings": 0,
        "mean_slope_deg": 4.47,
        "mean_elevation_m": 24.25,
        "relative_elevation_m": 4.65,
        "baseline_stress": 0.3047,
        "roof_footprint_m2": 5.2,
        "vehicular_access_m": 3.6,
        "pedestrian_access_m": 5.5,
        "open_space_proxy": 0.9697,
        "built_up_share": 0.0303,
        "vegetated_share": 0.6212,
        "water_presence": 0.0,
        "runoff_pressure_proxy": 0.303,
        "rwh_opportunity": 0.2227,
        "drainage_corridor_proxy": 0.3633,
        "restoration_opportunity": 0.5894,
        "hazard_max": "Baja",
        "drainage_stress_proxy": 0.3047,
        "population_label": "WorldPop 2026 population estimate",
        "building_metric": "worldcover_built_up_proxy",
        "land_cover_source": "ESA WorldCover 2021 v200",
        "note": "terrain-derived screening proxy; not hydraulic flood simulation",
        "built_up_fraction": 0.0303,
        "tree_cover_fraction": 0.0,
        "grass_vegetation_fraction": 0.6212,
        "cropland_fraction": 0.3485,
        "surface_water_fraction": 0.0,
        "bare_sparse_fraction": 0.0,
        "worldcover_pixels": 66
      },
      "geometry": {
        "type": "Polygon",
        "coordinates": [
          [
            [
              118.97000000000004,
              32.095
            ],
            [
              118.98000000000005,
              32.095
            ],
            [
              118.98000000000005,
              32.105
            ],
            [
              118.97000000000004,
              32.105
            ],
            [
              118.97000000000004,
              32.095
            ]
          ]
        ]
      }
    },
    {
      "type": "Feature",
      "properties": {
        "cell_id": 30,
        "buildings": 9,
        "population_proxy": 399.43,
        "households_proxy": 128.85,
        "high_hazard_buildings": 4,
        "stratum1_buildings": 0,
        "mean_slope_deg": 3.86,
        "mean_elevation_m": 28.5,
        "relative_elevation_m": 0.4,
        "baseline_stress": 0.4094,
        "roof_footprint_m2": 486.8,
        "vehicular_access_m": 76.4,
        "pedestrian_access_m": 114.5,
        "open_space_proxy": 0.3636,
        "built_up_share": 0.6364,
        "vegetated_share": 0.314,
        "water_presence": 0.0,
        "runoff_pressure_proxy": 0.6211,
        "rwh_opportunity": 0.6773,
        "drainage_corridor_proxy": 0.4366,
        "restoration_opportunity": 0.2713,
        "hazard_max": "Media",
        "drainage_stress_proxy": 0.4094,
        "population_label": "WorldPop 2026 population estimate",
        "building_metric": "worldcover_built_up_proxy",
        "land_cover_source": "ESA WorldCover 2021 v200",
        "note": "terrain-derived screening proxy; not hydraulic flood simulation",
        "built_up_fraction": 0.6364,
        "tree_cover_fraction": 0.2562,
        "grass_vegetation_fraction": 0.0579,
        "cropland_fraction": 0.0,
        "surface_water_fraction": 0.0,
        "bare_sparse_fraction": 0.0496,
        "worldcover_pixels": 121
      },
      "geometry": {
        "type": "Polygon",
        "coordinates": [
          [
            [
              118.88,
              32.105
            ],
            [
              118.89,
              32.105
            ],
            [
              118.89,
              32.114999999999995
            ],
            [
              118.88,
              32.114999999999995
            ],
            [
              118.88,
              32.105
            ]
          ]
        ]
      }
    },
    {
      "type": "Feature",
      "properties": {
        "cell_id": 31,
        "buildings": 10,
        "population_proxy": 717.15,
        "households_proxy": 231.34,
        "high_hazard_buildings": 3,
        "stratum1_buildings": 0,
        "mean_slope_deg": 0.93,
        "mean_elevation_m": 26.0,
        "relative_elevation_m": 2.9,
        "baseline_stress": 0.2967,
        "roof_footprint_m2": 91.3,
        "vehicular_access_m": 12.9,
        "pedestrian_access_m": 19.3,
        "open_space_proxy": 0.8926,
        "built_up_share": 0.1074,
        "vegetated_share": 0.5702,
        "water_presence": 0.0,
        "runoff_pressure_proxy": 0.3607,
        "rwh_opportunity": 0.2806,
        "drainage_corridor_proxy": 0.3577,
        "restoration_opportunity": 0.5317,
        "hazard_max": "Baja",
        "drainage_stress_proxy": 0.2967,
        "population_label": "WorldPop 2026 population estimate",
        "building_metric": "worldcover_built_up_proxy",
        "land_cover_source": "ESA WorldCover 2021 v200",
        "note": "terrain-derived screening proxy; not hydraulic flood simulation",
        "built_up_fraction": 0.1074,
        "tree_cover_fraction": 0.0083,
        "grass_vegetation_fraction": 0.562,
        "cropland_fraction": 0.2479,
        "surface_water_fraction": 0.0,
        "bare_sparse_fraction": 0.0744,
        "worldcover_pixels": 121
      },
      "geometry": {
        "type": "Polygon",
        "coordinates": [
          [
            [
              118.89,
              32.105
            ],
            [
              118.9,
              32.105
            ],
            [
              118.9,
              32.114999999999995
            ],
            [
              118.89,
              32.114999999999995
            ],
            [
              118.89,
              32.105
            ]
          ]
        ]
      }
    },
    {
      "type": "Feature",
      "properties": {
        "cell_id": 32,
        "buildings": 1,
        "population_proxy": 60.03,
        "households_proxy": 19.36,
        "high_hazard_buildings": 0,
        "stratum1_buildings": 0,
        "mean_slope_deg": 10.77,
        "mean_elevation_m": 44.5,
        "relative_elevation_m": -15.6,
        "baseline_stress": 0.2007,
        "roof_footprint_m2": 0.0,
        "vehicular_access_m": 0.0,
        "pedestrian_access_m": 0.0,
        "open_space_proxy": 1.0,
        "built_up_share": 0.0,
        "vegetated_share": 0.9917,
        "water_presence": 0.0,
        "runoff_pressure_proxy": 0.1517,
        "rwh_opportunity": 0.2,
        "drainage_corridor_proxy": 0.2905,
        "restoration_opportunity": 0.8934,
        "hazard_max": "Baja",
        "drainage_stress_proxy": 0.2007,
        "population_label": "WorldPop 2026 population estimate",
        "building_metric": "worldcover_built_up_proxy",
        "land_cover_source": "ESA WorldCover 2021 v200",
        "note": "terrain-derived screening proxy; not hydraulic flood simulation",
        "built_up_fraction": 0.0,
        "tree_cover_fraction": 0.9917,
        "grass_vegetation_fraction": 0.0,
        "cropland_fraction": 0.0083,
        "surface_water_fraction": 0.0,
        "bare_sparse_fraction": 0.0,
        "worldcover_pixels": 121
      },
      "geometry": {
        "type": "Polygon",
        "coordinates": [
          [
            [
              118.9,
              32.105
            ],
            [
              118.91000000000001,
              32.105
            ],
            [
              118.91000000000001,
              32.114999999999995
            ],
            [
              118.9,
              32.114999999999995
            ],
            [
              118.9,
              32.105
            ]
          ]
        ]
      }
    },
    {
      "type": "Feature",
      "properties": {
        "cell_id": 33,
        "buildings": 35,
        "population_proxy": 1352.43,
        "households_proxy": 436.27,
        "high_hazard_buildings": 17,
        "stratum1_buildings": 0,
        "mean_slope_deg": 3.56,
        "mean_elevation_m": 25.75,
        "relative_elevation_m": 3.15,
        "baseline_stress": 0.4881,
        "roof_footprint_m2": 2532.4,
        "vehicular_access_m": 102.1,
        "pedestrian_access_m": 153.2,
        "open_space_proxy": 0.1488,
        "built_up_share": 0.8512,
        "vegetated_share": 0.1405,
        "water_presence": 0.0,
        "runoff_pressure_proxy": 0.7492,
        "rwh_opportunity": 0.8384,
        "drainage_corridor_proxy": 0.4916,
        "restoration_opportunity": 0.1646,
        "hazard_max": "Media",
        "drainage_stress_proxy": 0.4881,
        "population_label": "WorldPop 2026 population estimate",
        "building_metric": "worldcover_built_up_proxy",
        "land_cover_source": "ESA WorldCover 2021 v200",
        "note": "terrain-derived screening proxy; not hydraulic flood simulation",
        "built_up_fraction": 0.8512,
        "tree_cover_fraction": 0.1405,
        "grass_vegetation_fraction": 0.0,
        "cropland_fraction": 0.0,
        "surface_water_fraction": 0.0,
        "bare_sparse_fraction": 0.0083,
        "worldcover_pixels": 121
      },
      "geometry": {
        "type": "Polygon",
        "coordinates": [
          [
            [
              118.91000000000001,
              32.105
            ],
            [
              118.92000000000002,
              32.105
            ],
            [
              118.92000000000002,
              32.114999999999995
            ],
            [
              118.91000000000001,
              32.114999999999995
            ],
            [
              118.91000000000001,
              32.105
            ]
          ]
        ]
      }
    },
    {
      "type": "Feature",
      "properties": {
        "cell_id": 34,
        "buildings": 39,
        "population_proxy": 1381.83,
        "households_proxy": 445.75,
        "high_hazard_buildings": 24,
        "stratum1_buildings": 0,
        "mean_slope_deg": 5.42,
        "mean_elevation_m": 18.0,
        "relative_elevation_m": 10.9,
        "baseline_stress": 0.6039,
        "roof_footprint_m2": 3260.2,
        "vehicular_access_m": 118.0,
        "pedestrian_access_m": 177.0,
        "open_space_proxy": 0.0165,
        "built_up_share": 0.9835,
        "vegetated_share": 0.0,
        "water_presence": 0.0,
        "runoff_pressure_proxy": 0.8417,
        "rwh_opportunity": 0.9376,
        "drainage_corridor_proxy": 0.5727,
        "restoration_opportunity": 0.1,
        "hazard_max": "Media",
        "drainage_stress_proxy": 0.6039,
        "population_label": "WorldPop 2026 population estimate",
        "building_metric": "worldcover_built_up_proxy",
        "land_cover_source": "ESA WorldCover 2021 v200",
        "note": "terrain-derived screening proxy; not hydraulic flood simulation",
        "built_up_fraction": 0.9835,
        "tree_cover_fraction": 0.0,
        "grass_vegetation_fraction": 0.0,
        "cropland_fraction": 0.0165,
        "surface_water_fraction": 0.0,
        "bare_sparse_fraction": 0.0,
        "worldcover_pixels": 121
      },
      "geometry": {
        "type": "Polygon",
        "coordinates": [
          [
            [
              118.92000000000002,
              32.105
            ],
            [
              118.93000000000002,
              32.105
            ],
            [
              118.93000000000002,
              32.114999999999995
            ],
            [
              118.92000000000002,
              32.114999999999995
            ],
            [
              118.92000000000002,
              32.105
            ]
          ]
        ]
      }
    },
    {
      "type": "Feature",
      "properties": {
        "cell_id": 35,
        "buildings": 1,
        "population_proxy": 52.53,
        "households_proxy": 16.95,
        "high_hazard_buildings": 0,
        "stratum1_buildings": 0,
        "mean_slope_deg": 7.84,
        "mean_elevation_m": 21.0,
        "relative_elevation_m": 7.9,
        "baseline_stress": 0.2812,
        "roof_footprint_m2": 0.0,
        "vehicular_access_m": 0.0,
        "pedestrian_access_m": 0.0,
        "open_space_proxy": 1.0,
        "built_up_share": 0.0,
        "vegetated_share": 1.0,
        "water_presence": 0.0,
        "runoff_pressure_proxy": 0.15,
        "rwh_opportunity": 0.2,
        "drainage_corridor_proxy": 0.3468,
        "restoration_opportunity": 0.9,
        "hazard_max": "Baja",
        "drainage_stress_proxy": 0.2812,
        "population_label": "WorldPop 2026 population estimate",
        "building_metric": "worldcover_built_up_proxy",
        "land_cover_source": "ESA WorldCover 2021 v200",
        "note": "terrain-derived screening proxy; not hydraulic flood simulation",
        "built_up_fraction": 0.0,
        "tree_cover_fraction": 1.0,
        "grass_vegetation_fraction": 0.0,
        "cropland_fraction": 0.0,
        "surface_water_fraction": 0.0,
        "bare_sparse_fraction": 0.0,
        "worldcover_pixels": 121
      },
      "geometry": {
        "type": "Polygon",
        "coordinates": [
          [
            [
              118.93000000000002,
              32.105
            ],
            [
              118.94000000000003,
              32.105
            ],
            [
              118.94000000000003,
              32.114999999999995
            ],
            [
              118.93000000000002,
              32.114999999999995
            ],
            [
              118.93000000000002,
              32.105
            ]
          ]
        ]
      }
    },
    {
      "type": "Feature",
      "properties": {
        "cell_id": 36,
        "buildings": 2,
        "population_proxy": 80.28,
        "households_proxy": 25.9,
        "high_hazard_buildings": 1,
        "stratum1_buildings": 0,
        "mean_slope_deg": 0.55,
        "mean_elevation_m": 7.0,
        "relative_elevation_m": 21.9,
        "baseline_stress": 0.5455,
        "roof_footprint_m2": 95.5,
        "vehicular_access_m": 67.4,
        "pedestrian_access_m": 101.2,
        "open_space_proxy": 0.438,
        "built_up_share": 0.562,
        "vegetated_share": 0.3388,
        "water_presence": 0.0496,
        "runoff_pressure_proxy": 0.5698,
        "rwh_opportunity": 0.6215,
        "drainage_corridor_proxy": 0.5393,
        "restoration_opportunity": 0.2949,
        "hazard_max": "Media",
        "drainage_stress_proxy": 0.5455,
        "population_label": "WorldPop 2026 population estimate",
        "building_metric": "worldcover_built_up_proxy",
        "land_cover_source": "ESA WorldCover 2021 v200",
        "note": "terrain-derived screening proxy; not hydraulic flood simulation",
        "built_up_fraction": 0.562,
        "tree_cover_fraction": 0.2231,
        "grass_vegetation_fraction": 0.1157,
        "cropland_fraction": 0.0,
        "surface_water_fraction": 0.0496,
        "bare_sparse_fraction": 0.0496,
        "worldcover_pixels": 121
      },
      "geometry": {
        "type": "Polygon",
        "coordinates": [
          [
            [
              118.94000000000003,
              32.105
            ],
            [
              118.95000000000003,
              32.105
            ],
            [
              118.95000000000003,
              32.114999999999995
            ],
            [
              118.94000000000003,
              32.114999999999995
            ],
            [
              118.94000000000003,
              32.105
            ]
          ]
        ]
      }
    },
    {
      "type": "Feature",
      "properties": {
        "cell_id": 37,
        "buildings": 54,
        "population_proxy": 1880.16,
        "households_proxy": 606.5,
        "high_hazard_buildings": 34,
        "stratum1_buildings": 0,
        "mean_slope_deg": 0.55,
        "mean_elevation_m": 11.0,
        "relative_elevation_m": 17.9,
        "baseline_stress": 0.6386,
        "roof_footprint_m2": 4590.0,
        "vehicular_access_m": 120.0,
        "pedestrian_access_m": 180.0,
        "open_space_proxy": 0.0,
        "built_up_share": 1.0,
        "vegetated_share": 0.0,
        "water_presence": 0.0,
        "runoff_pressure_proxy": 0.85,
        "rwh_opportunity": 0.95,
        "drainage_corridor_proxy": 0.597,
        "restoration_opportunity": 0.1,
        "hazard_max": "Media",
        "drainage_stress_proxy": 0.6386,
        "population_label": "WorldPop 2026 population estimate",
        "building_metric": "worldcover_built_up_proxy",
        "land_cover_source": "ESA WorldCover 2021 v200",
        "note": "terrain-derived screening proxy; not hydraulic flood simulation",
        "built_up_fraction": 1.0,
        "tree_cover_fraction": 0.0,
        "grass_vegetation_fraction": 0.0,
        "cropland_fraction": 0.0,
        "surface_water_fraction": 0.0,
        "bare_sparse_fraction": 0.0,
        "worldcover_pixels": 121
      },
      "geometry": {
        "type": "Polygon",
        "coordinates": [
          [
            [
              118.95000000000003,
              32.105
            ],
            [
              118.96000000000004,
              32.105
            ],
            [
              118.96000000000004,
              32.114999999999995
            ],
            [
              118.95000000000003,
              32.114999999999995
            ],
            [
              118.95000000000003,
              32.105
            ]
          ]
        ]
      }
    },
    {
      "type": "Feature",
      "properties": {
        "cell_id": 38,
        "buildings": 1,
        "population_proxy": 75.23,
        "households_proxy": 24.27,
        "high_hazard_buildings": 0,
        "stratum1_buildings": 0,
        "mean_slope_deg": 16.32,
        "mean_elevation_m": 95.75,
        "relative_elevation_m": -66.85,
        "baseline_stress": 0.1573,
        "roof_footprint_m2": 0.0,
        "vehicular_access_m": 0.0,
        "pedestrian_access_m": 0.0,
        "open_space_proxy": 1.0,
        "built_up_share": 0.0,
        "vegetated_share": 1.0,
        "water_presence": 0.0,
        "runoff_pressure_proxy": 0.15,
        "rwh_opportunity": 0.2,
        "drainage_corridor_proxy": 0.2601,
        "restoration_opportunity": 0.9,
        "hazard_max": "Baja",
        "drainage_stress_proxy": 0.1573,
        "population_label": "WorldPop 2026 population estimate",
        "building_metric": "worldcover_built_up_proxy",
        "land_cover_source": "ESA WorldCover 2021 v200",
        "note": "terrain-derived screening proxy; not hydraulic flood simulation",
        "built_up_fraction": 0.0,
        "tree_cover_fraction": 1.0,
        "grass_vegetation_fraction": 0.0,
        "cropland_fraction": 0.0,
        "surface_water_fraction": 0.0,
        "bare_sparse_fraction": 0.0,
        "worldcover_pixels": 121
      },
      "geometry": {
        "type": "Polygon",
        "coordinates": [
          [
            [
              118.96000000000004,
              32.105
            ],
            [
              118.97000000000004,
              32.105
            ],
            [
              118.97000000000004,
              32.114999999999995
            ],
            [
              118.96000000000004,
              32.114999999999995
            ],
            [
              118.96000000000004,
              32.105
            ]
          ]
        ]
      }
    },
    {
      "type": "Feature",
      "properties": {
        "cell_id": 39,
        "buildings": 0,
        "population_proxy": 0.0,
        "households_proxy": 0.0,
        "high_hazard_buildings": 0,
        "stratum1_buildings": 0,
        "mean_slope_deg": 4.75,
        "mean_elevation_m": 80.5,
        "relative_elevation_m": -51.6,
        "baseline_stress": 0.0936,
        "roof_footprint_m2": 0.0,
        "vehicular_access_m": 0.0,
        "pedestrian_access_m": 0.0,
        "open_space_proxy": 1.0,
        "built_up_share": 0.0,
        "vegetated_share": 1.0,
        "water_presence": 0.0,
        "runoff_pressure_proxy": 0.15,
        "rwh_opportunity": 0.2,
        "drainage_corridor_proxy": 0.2155,
        "restoration_opportunity": 0.9,
        "hazard_max": "Baja",
        "drainage_stress_proxy": 0.0936,
        "population_label": "WorldPop 2026 population estimate",
        "building_metric": "worldcover_built_up_proxy",
        "land_cover_source": "ESA WorldCover 2021 v200",
        "note": "terrain-derived screening proxy; not hydraulic flood simulation",
        "built_up_fraction": 0.0,
        "tree_cover_fraction": 1.0,
        "grass_vegetation_fraction": 0.0,
        "cropland_fraction": 0.0,
        "surface_water_fraction": 0.0,
        "bare_sparse_fraction": 0.0,
        "worldcover_pixels": 66
      },
      "geometry": {
        "type": "Polygon",
        "coordinates": [
          [
            [
              118.97000000000004,
              32.105
            ],
            [
              118.98000000000005,
              32.105
            ],
            [
              118.98000000000005,
              32.114999999999995
            ],
            [
              118.97000000000004,
              32.114999999999995
            ],
            [
              118.97000000000004,
              32.105
            ]
          ]
        ]
      }
    },
    {
      "type": "Feature",
      "properties": {
        "cell_id": 40,
        "buildings": 43,
        "population_proxy": 1509.38,
        "households_proxy": 486.9,
        "high_hazard_buildings": 23,
        "stratum1_buildings": 0,
        "mean_slope_deg": 0.0,
        "mean_elevation_m": 23.0,
        "relative_elevation_m": 5.9,
        "baseline_stress": 0.5365,
        "roof_footprint_m2": 3655.0,
        "vehicular_access_m": 120.0,
        "pedestrian_access_m": 180.0,
        "open_space_proxy": 0.0,
        "built_up_share": 1.0,
        "vegetated_share": 0.0,
        "water_presence": 0.0,
        "runoff_pressure_proxy": 0.85,
        "rwh_opportunity": 0.95,
        "drainage_corridor_proxy": 0.5256,
        "restoration_opportunity": 0.1,
        "hazard_max": "Media",
        "drainage_stress_proxy": 0.5365,
        "population_label": "WorldPop 2026 population estimate",
        "building_metric": "worldcover_built_up_proxy",
        "land_cover_source": "ESA WorldCover 2021 v200",
        "note": "terrain-derived screening proxy; not hydraulic flood simulation",
        "built_up_fraction": 1.0,
        "tree_cover_fraction": 0.0,
        "grass_vegetation_fraction": 0.0,
        "cropland_fraction": 0.0,
        "surface_water_fraction": 0.0,
        "bare_sparse_fraction": 0.0,
        "worldcover_pixels": 121
      },
      "geometry": {
        "type": "Polygon",
        "coordinates": [
          [
            [
              118.88,
              32.114999999999995
            ],
            [
              118.89,
              32.114999999999995
            ],
            [
              118.89,
              32.12499999999999
            ],
            [
              118.88,
              32.12499999999999
            ],
            [
              118.88,
              32.114999999999995
            ]
          ]
        ]
      }
    },
    {
      "type": "Feature",
      "properties": {
        "cell_id": 41,
        "buildings": 14,
        "population_proxy": 807.48,
        "households_proxy": 260.48,
        "high_hazard_buildings": 5,
        "stratum1_buildings": 0,
        "mean_slope_deg": 3.3,
        "mean_elevation_m": 24.5,
        "relative_elevation_m": 4.4,
        "baseline_stress": 0.359,
        "roof_footprint_m2": 383.6,
        "vehicular_access_m": 38.7,
        "pedestrian_access_m": 58.0,
        "open_space_proxy": 0.6777,
        "built_up_share": 0.3223,
        "vegetated_share": 0.3719,
        "water_presence": 0.0,
        "runoff_pressure_proxy": 0.4426,
        "rwh_opportunity": 0.4417,
        "drainage_corridor_proxy": 0.4013,
        "restoration_opportunity": 0.3496,
        "hazard_max": "Baja",
        "drainage_stress_proxy": 0.359,
        "population_label": "WorldPop 2026 population estimate",
        "building_metric": "worldcover_built_up_proxy",
        "land_cover_source": "ESA WorldCover 2021 v200",
        "note": "terrain-derived screening proxy; not hydraulic flood simulation",
        "built_up_fraction": 0.3223,
        "tree_cover_fraction": 0.314,
        "grass_vegetation_fraction": 0.0579,
        "cropland_fraction": 0.3058,
        "surface_water_fraction": 0.0,
        "bare_sparse_fraction": 0.0,
        "worldcover_pixels": 121
      },
      "geometry": {
        "type": "Polygon",
        "coordinates": [
          [
            [
              118.89,
              32.114999999999995
            ],
            [
              118.9,
              32.114999999999995
            ],
            [
              118.9,
              32.12499999999999
            ],
            [
              118.89,
              32.12499999999999
            ],
            [
              118.89,
              32.114999999999995
            ]
          ]
        ]
      }
    },
    {
      "type": "Feature",
      "properties": {
        "cell_id": 42,
        "buildings": 13,
        "population_proxy": 683.1,
        "households_proxy": 220.36,
        "high_hazard_buildings": 5,
        "stratum1_buildings": 0,
        "mean_slope_deg": 8.42,
        "mean_elevation_m": 38.75,
        "relative_elevation_m": -9.85,
        "baseline_stress": 0.3525,
        "roof_footprint_m2": 520.5,
        "vehicular_access_m": 56.5,
        "pedestrian_access_m": 84.8,
        "open_space_proxy": 0.5289,
        "built_up_share": 0.4711,
        "vegetated_share": 0.4711,
        "water_presence": 0.0,
        "runoff_pressure_proxy": 0.4913,
        "rwh_opportunity": 0.5533,
        "drainage_corridor_proxy": 0.3968,
        "restoration_opportunity": 0.3881,
        "hazard_max": "Baja",
        "drainage_stress_proxy": 0.3525,
        "population_label": "WorldPop 2026 population estimate",
        "building_metric": "worldcover_built_up_proxy",
        "land_cover_source": "ESA WorldCover 2021 v200",
        "note": "terrain-derived screening proxy; not hydraulic flood simulation",
        "built_up_fraction": 0.4711,
        "tree_cover_fraction": 0.4711,
        "grass_vegetation_fraction": 0.0,
        "cropland_fraction": 0.0579,
        "surface_water_fraction": 0.0,
        "bare_sparse_fraction": 0.0,
        "worldcover_pixels": 121
      },
      "geometry": {
        "type": "Polygon",
        "coordinates": [
          [
            [
              118.9,
              32.114999999999995
            ],
            [
              118.91000000000001,
              32.114999999999995
            ],
            [
              118.91000000000001,
              32.12499999999999
            ],
            [
              118.9,
              32.12499999999999
            ],
            [
              118.9,
              32.114999999999995
            ]
          ]
        ]
      }
    },
    {
      "type": "Feature",
      "properties": {
        "cell_id": 43,
        "buildings": 6,
        "population_proxy": 486.32,
        "households_proxy": 156.88,
        "high_hazard_buildings": 2,
        "stratum1_buildings": 0,
        "mean_slope_deg": 4.3,
        "mean_elevation_m": 23.75,
        "relative_elevation_m": 5.15,
        "baseline_stress": 0.3365,
        "roof_footprint_m2": 21.1,
        "vehicular_access_m": 5.0,
        "pedestrian_access_m": 7.4,
        "open_space_proxy": 0.9587,
        "built_up_share": 0.0413,
        "vegetated_share": 0.0413,
        "water_presence": 0.0,
        "runoff_pressure_proxy": 0.3665,
        "rwh_opportunity": 0.231,
        "drainage_corridor_proxy": 0.3855,
        "restoration_opportunity": 0.1324,
        "hazard_max": "Baja",
        "drainage_stress_proxy": 0.3365,
        "population_label": "WorldPop 2026 population estimate",
        "building_metric": "worldcover_built_up_proxy",
        "land_cover_source": "ESA WorldCover 2021 v200",
        "note": "terrain-derived screening proxy; not hydraulic flood simulation",
        "built_up_fraction": 0.0413,
        "tree_cover_fraction": 0.0,
        "grass_vegetation_fraction": 0.0413,
        "cropland_fraction": 0.9174,
        "surface_water_fraction": 0.0,
        "bare_sparse_fraction": 0.0,
        "worldcover_pixels": 121
      },
      "geometry": {
        "type": "Polygon",
        "coordinates": [
          [
            [
              118.91000000000001,
              32.114999999999995
            ],
            [
              118.92000000000002,
              32.114999999999995
            ],
            [
              118.92000000000002,
              32.12499999999999
            ],
            [
              118.91000000000001,
              32.12499999999999
            ],
            [
              118.91000000000001,
              32.114999999999995
            ]
          ]
        ]
      }
    },
    {
      "type": "Feature",
      "properties": {
        "cell_id": 44,
        "buildings": 20,
        "population_proxy": 995.46,
        "households_proxy": 321.11,
        "high_hazard_buildings": 10,
        "stratum1_buildings": 0,
        "mean_slope_deg": 2.15,
        "mean_elevation_m": 12.5,
        "relative_elevation_m": 16.4,
        "baseline_stress": 0.5138,
        "roof_footprint_m2": 857.0,
        "vehicular_access_m": 60.5,
        "pedestrian_access_m": 90.7,
        "open_space_proxy": 0.4959,
        "built_up_share": 0.5041,
        "vegetated_share": 0.2149,
        "water_presence": 0.0,
        "runoff_pressure_proxy": 0.5806,
        "rwh_opportunity": 0.5781,
        "drainage_corridor_proxy": 0.5096,
        "restoration_opportunity": 0.2286,
        "hazard_max": "Media",
        "drainage_stress_proxy": 0.5138,
        "population_label": "WorldPop 2026 population estimate",
        "building_metric": "worldcover_built_up_proxy",
        "land_cover_source": "ESA WorldCover 2021 v200",
        "note": "terrain-derived screening proxy; not hydraulic flood simulation",
        "built_up_fraction": 0.5041,
        "tree_cover_fraction": 0.0,
        "grass_vegetation_fraction": 0.2149,
        "cropland_fraction": 0.281,
        "surface_water_fraction": 0.0,
        "bare_sparse_fraction": 0.0,
        "worldcover_pixels": 121
      },
      "geometry": {
        "type": "Polygon",
        "coordinates": [
          [
            [
              118.92000000000002,
              32.114999999999995
            ],
            [
              118.93000000000002,
              32.114999999999995
            ],
            [
              118.93000000000002,
              32.12499999999999
            ],
            [
              118.92000000000002,
              32.12499999999999
            ],
            [
              118.92000000000002,
              32.114999999999995
            ]
          ]
        ]
      }
    },
    {
      "type": "Feature",
      "properties": {
        "cell_id": 45,
        "buildings": 13,
        "population_proxy": 679.39,
        "households_proxy": 219.16,
        "high_hazard_buildings": 6,
        "stratum1_buildings": 0,
        "mean_slope_deg": 1.43,
        "mean_elevation_m": 16.5,
        "relative_elevation_m": 12.4,
        "baseline_stress": 0.4474,
        "roof_footprint_m2": 474.9,
        "vehicular_access_m": 51.6,
        "pedestrian_access_m": 77.4,
        "open_space_proxy": 0.5702,
        "built_up_share": 0.4298,
        "vegetated_share": 0.2645,
        "water_presence": 0.0,
        "runoff_pressure_proxy": 0.5153,
        "rwh_opportunity": 0.5223,
        "drainage_corridor_proxy": 0.4632,
        "restoration_opportunity": 0.2661,
        "hazard_max": "Media",
        "drainage_stress_proxy": 0.4474,
        "population_label": "WorldPop 2026 population estimate",
        "building_metric": "worldcover_built_up_proxy",
        "land_cover_source": "ESA WorldCover 2021 v200",
        "note": "terrain-derived screening proxy; not hydraulic flood simulation",
        "built_up_fraction": 0.4298,
        "tree_cover_fraction": 0.2314,
        "grass_vegetation_fraction": 0.0331,
        "cropland_fraction": 0.3058,
        "surface_water_fraction": 0.0,
        "bare_sparse_fraction": 0.0,
        "worldcover_pixels": 121
      },
      "geometry": {
        "type": "Polygon",
        "coordinates": [
          [
            [
              118.93000000000002,
              32.114999999999995
            ],
            [
              118.94000000000003,
              32.114999999999995
            ],
            [
              118.94000000000003,
              32.12499999999999
            ],
            [
              118.93000000000002,
              32.12499999999999
            ],
            [
              118.93000000000002,
              32.114999999999995
            ]
          ]
        ]
      }
    },
    {
      "type": "Feature",
      "properties": {
        "cell_id": 46,
        "buildings": 4,
        "population_proxy": 196.6,
        "households_proxy": 63.42,
        "high_hazard_buildings": 2,
        "stratum1_buildings": 0,
        "mean_slope_deg": 1.09,
        "mean_elevation_m": 9.25,
        "relative_elevation_m": 19.65,
        "baseline_stress": 0.5333,
        "roof_footprint_m2": 179.8,
        "vehicular_access_m": 63.5,
        "pedestrian_access_m": 95.2,
        "open_space_proxy": 0.4711,
        "built_up_share": 0.5289,
        "vegetated_share": 0.3471,
        "water_presence": 0.0,
        "runoff_pressure_proxy": 0.5773,
        "rwh_opportunity": 0.5967,
        "drainage_corridor_proxy": 0.5233,
        "restoration_opportunity": 0.3042,
        "hazard_max": "Media",
        "drainage_stress_proxy": 0.5333,
        "population_label": "WorldPop 2026 population estimate",
        "building_metric": "worldcover_built_up_proxy",
        "land_cover_source": "ESA WorldCover 2021 v200",
        "note": "terrain-derived screening proxy; not hydraulic flood simulation",
        "built_up_fraction": 0.5289,
        "tree_cover_fraction": 0.0248,
        "grass_vegetation_fraction": 0.3223,
        "cropland_fraction": 0.124,
        "surface_water_fraction": 0.0,
        "bare_sparse_fraction": 0.0,
        "worldcover_pixels": 121
      },
      "geometry": {
        "type": "Polygon",
        "coordinates": [
          [
            [
              118.94000000000003,
              32.114999999999995
            ],
            [
              118.95000000000003,
              32.114999999999995
            ],
            [
              118.95000000000003,
              32.12499999999999
            ],
            [
              118.94000000000003,
              32.12499999999999
            ],
            [
              118.94000000000003,
              32.114999999999995
            ]
          ]
        ]
      }
    },
    {
      "type": "Feature",
      "properties": {
        "cell_id": 47,
        "buildings": 14,
        "population_proxy": 553.11,
        "households_proxy": 178.42,
        "high_hazard_buildings": 7,
        "stratum1_buildings": 0,
        "mean_slope_deg": 8.75,
        "mean_elevation_m": 26.75,
        "relative_elevation_m": 2.15,
        "baseline_stress": 0.5017,
        "roof_footprint_m2": 993.3,
        "vehicular_access_m": 100.2,
        "pedestrian_access_m": 150.2,
        "open_space_proxy": 0.1653,
        "built_up_share": 0.8347,
        "vegetated_share": 0.1653,
        "water_presence": 0.0,
        "runoff_pressure_proxy": 0.7343,
        "rwh_opportunity": 0.826,
        "drainage_corridor_proxy": 0.5012,
        "restoration_opportunity": 0.177,
        "hazard_max": "Media",
        "drainage_stress_proxy": 0.5017,
        "population_label": "WorldPop 2026 population estimate",
        "building_metric": "worldcover_built_up_proxy",
        "land_cover_source": "ESA WorldCover 2021 v200",
        "note": "terrain-derived screening proxy; not hydraulic flood simulation",
        "built_up_fraction": 0.8347,
        "tree_cover_fraction": 0.1653,
        "grass_vegetation_fraction": 0.0,
        "cropland_fraction": 0.0,
        "surface_water_fraction": 0.0,
        "bare_sparse_fraction": 0.0,
        "worldcover_pixels": 121
      },
      "geometry": {
        "type": "Polygon",
        "coordinates": [
          [
            [
              118.95000000000003,
              32.114999999999995
            ],
            [
              118.96000000000004,
              32.114999999999995
            ],
            [
              118.96000000000004,
              32.12499999999999
            ],
            [
              118.95000000000003,
              32.12499999999999
            ],
            [
              118.95000000000003,
              32.114999999999995
            ]
          ]
        ]
      }
    },
    {
      "type": "Feature",
      "properties": {
        "cell_id": 48,
        "buildings": 9,
        "population_proxy": 394.68,
        "households_proxy": 127.32,
        "high_hazard_buildings": 4,
        "stratum1_buildings": 0,
        "mean_slope_deg": 3.76,
        "mean_elevation_m": 26.0,
        "relative_elevation_m": 2.9,
        "baseline_stress": 0.4258,
        "roof_footprint_m2": 505.8,
        "vehicular_access_m": 79.3,
        "pedestrian_access_m": 119.0,
        "open_space_proxy": 0.3388,
        "built_up_share": 0.6612,
        "vegetated_share": 0.3388,
        "water_presence": 0.0,
        "runoff_pressure_proxy": 0.6128,
        "rwh_opportunity": 0.6959,
        "drainage_corridor_proxy": 0.448,
        "restoration_opportunity": 0.2815,
        "hazard_max": "Media",
        "drainage_stress_proxy": 0.4258,
        "population_label": "WorldPop 2026 population estimate",
        "building_metric": "worldcover_built_up_proxy",
        "land_cover_source": "ESA WorldCover 2021 v200",
        "note": "terrain-derived screening proxy; not hydraulic flood simulation",
        "built_up_fraction": 0.6612,
        "tree_cover_fraction": 0.3388,
        "grass_vegetation_fraction": 0.0,
        "cropland_fraction": 0.0,
        "surface_water_fraction": 0.0,
        "bare_sparse_fraction": 0.0,
        "worldcover_pixels": 121
      },
      "geometry": {
        "type": "Polygon",
        "coordinates": [
          [
            [
              118.96000000000004,
              32.114999999999995
            ],
            [
              118.97000000000004,
              32.114999999999995
            ],
            [
              118.97000000000004,
              32.12499999999999
            ],
            [
              118.96000000000004,
              32.12499999999999
            ],
            [
              118.96000000000004,
              32.114999999999995
            ]
          ]
        ]
      }
    },
    {
      "type": "Feature",
      "properties": {
        "cell_id": 49,
        "buildings": 7,
        "population_proxy": 510.45,
        "households_proxy": 164.66,
        "high_hazard_buildings": 2,
        "stratum1_buildings": 0,
        "mean_slope_deg": 0.72,
        "mean_elevation_m": 18.5,
        "relative_elevation_m": 10.4,
        "baseline_stress": 0.3328,
        "roof_footprint_m2": 72.1,
        "vehicular_access_m": 14.5,
        "pedestrian_access_m": 21.8,
        "open_space_proxy": 0.8788,
        "built_up_share": 0.1212,
        "vegetated_share": 0.5758,
        "water_presence": 0.0,
        "runoff_pressure_proxy": 0.3061,
        "rwh_opportunity": 0.2909,
        "drainage_corridor_proxy": 0.383,
        "restoration_opportunity": 0.5327,
        "hazard_max": "Baja",
        "drainage_stress_proxy": 0.3328,
        "population_label": "WorldPop 2026 population estimate",
        "building_metric": "worldcover_built_up_proxy",
        "land_cover_source": "ESA WorldCover 2021 v200",
        "note": "terrain-derived screening proxy; not hydraulic flood simulation",
        "built_up_fraction": 0.1212,
        "tree_cover_fraction": 0.4697,
        "grass_vegetation_fraction": 0.1061,
        "cropland_fraction": 0.303,
        "surface_water_fraction": 0.0,
        "bare_sparse_fraction": 0.0,
        "worldcover_pixels": 66
      },
      "geometry": {
        "type": "Polygon",
        "coordinates": [
          [
            [
              118.97000000000004,
              32.114999999999995
            ],
            [
              118.98000000000005,
              32.114999999999995
            ],
            [
              118.98000000000005,
              32.12499999999999
            ],
            [
              118.97000000000004,
              32.12499999999999
            ],
            [
              118.97000000000004,
              32.114999999999995
            ]
          ]
        ]
      }
    },
    {
      "type": "Feature",
      "properties": {
        "cell_id": 50,
        "buildings": 56,
        "population_proxy": 2534.34,
        "households_proxy": 817.53,
        "high_hazard_buildings": 23,
        "stratum1_buildings": 0,
        "mean_slope_deg": 3.06,
        "mean_elevation_m": 34.75,
        "relative_elevation_m": -5.85,
        "baseline_stress": 0.4105,
        "roof_footprint_m2": 2911.1,
        "vehicular_access_m": 73.4,
        "pedestrian_access_m": 110.1,
        "open_space_proxy": 0.3884,
        "built_up_share": 0.6116,
        "vegetated_share": 0.1074,
        "water_presence": 0.0,
        "runoff_pressure_proxy": 0.6674,
        "rwh_opportunity": 0.6587,
        "drainage_corridor_proxy": 0.4373,
        "restoration_opportunity": 0.1597,
        "hazard_max": "Media",
        "drainage_stress_proxy": 0.4105,
        "population_label": "WorldPop 2026 population estimate",
        "building_metric": "worldcover_built_up_proxy",
        "land_cover_source": "ESA WorldCover 2021 v200",
        "note": "terrain-derived screening proxy; not hydraulic flood simulation",
        "built_up_fraction": 0.6116,
        "tree_cover_fraction": 0.1074,
        "grass_vegetation_fraction": 0.0,
        "cropland_fraction": 0.1157,
        "surface_water_fraction": 0.0,
        "bare_sparse_fraction": 0.1653,
        "worldcover_pixels": 121
      },
      "geometry": {
        "type": "Polygon",
        "coordinates": [
          [
            [
              118.88,
              32.12499999999999
            ],
            [
              118.89,
              32.12499999999999
            ],
            [
              118.89,
              32.13499999999999
            ],
            [
              118.88,
              32.13499999999999
            ],
            [
              118.88,
              32.12499999999999
            ]
          ]
        ]
      }
    },
    {
      "type": "Feature",
      "properties": {
        "cell_id": 51,
        "buildings": 6,
        "population_proxy": 482.25,
        "households_proxy": 155.57,
        "high_hazard_buildings": 2,
        "stratum1_buildings": 0,
        "mean_slope_deg": 2.59,
        "mean_elevation_m": 19.0,
        "relative_elevation_m": 9.9,
        "baseline_stress": 0.3759,
        "roof_footprint_m2": 42.1,
        "vehicular_access_m": 9.9,
        "pedestrian_access_m": 14.9,
        "open_space_proxy": 0.9174,
        "built_up_share": 0.0826,
        "vegetated_share": 0.0248,
        "water_presence": 0.0,
        "runoff_pressure_proxy": 0.388,
        "rwh_opportunity": 0.262,
        "drainage_corridor_proxy": 0.4131,
        "restoration_opportunity": 0.119,
        "hazard_max": "Baja",
        "drainage_stress_proxy": 0.3759,
        "population_label": "WorldPop 2026 population estimate",
        "building_metric": "worldcover_built_up_proxy",
        "land_cover_source": "ESA WorldCover 2021 v200",
        "note": "terrain-derived screening proxy; not hydraulic flood simulation",
        "built_up_fraction": 0.0826,
        "tree_cover_fraction": 0.0083,
        "grass_vegetation_fraction": 0.0165,
        "cropland_fraction": 0.8926,
        "surface_water_fraction": 0.0,
        "bare_sparse_fraction": 0.0,
        "worldcover_pixels": 121
      },
      "geometry": {
        "type": "Polygon",
        "coordinates": [
          [
            [
              118.89,
              32.12499999999999
            ],
            [
              118.9,
              32.12499999999999
            ],
            [
              118.9,
              32.13499999999999
            ],
            [
              118.89,
              32.13499999999999
            ],
            [
              118.89,
              32.12499999999999
            ]
          ]
        ]
      }
    },
    {
      "type": "Feature",
      "properties": {
        "cell_id": 52,
        "buildings": 22,
        "population_proxy": 803.67,
        "households_proxy": 259.25,
        "high_hazard_buildings": 11,
        "stratum1_buildings": 0,
        "mean_slope_deg": 3.63,
        "mean_elevation_m": 27.25,
        "relative_elevation_m": 1.65,
        "baseline_stress": 0.5058,
        "roof_footprint_m2": 1777.3,
        "vehicular_access_m": 114.0,
        "pedestrian_access_m": 171.1,
        "open_space_proxy": 0.0496,
        "built_up_share": 0.9504,
        "vegetated_share": 0.0496,
        "water_presence": 0.0,
        "runoff_pressure_proxy": 0.8153,
        "rwh_opportunity": 0.9128,
        "drainage_corridor_proxy": 0.5041,
        "restoration_opportunity": 0.1208,
        "hazard_max": "Media",
        "drainage_stress_proxy": 0.5058,
        "population_label": "WorldPop 2026 population estimate",
        "building_metric": "worldcover_built_up_proxy",
        "land_cover_source": "ESA WorldCover 2021 v200",
        "note": "terrain-derived screening proxy; not hydraulic flood simulation",
        "built_up_fraction": 0.9504,
        "tree_cover_fraction": 0.0496,
        "grass_vegetation_fraction": 0.0,
        "cropland_fraction": 0.0,
        "surface_water_fraction": 0.0,
        "bare_sparse_fraction": 0.0,
        "worldcover_pixels": 121
      },
      "geometry": {
        "type": "Polygon",
        "coordinates": [
          [
            [
              118.9,
              32.12499999999999
            ],
            [
              118.91000000000001,
              32.12499999999999
            ],
            [
              118.91000000000001,
              32.13499999999999
            ],
            [
              118.9,
              32.13499999999999
            ],
            [
              118.9,
              32.12499999999999
            ]
          ]
        ]
      }
    },
    {
      "type": "Feature",
      "properties": {
        "cell_id": 53,
        "buildings": 2,
        "population_proxy": 125.48,
        "households_proxy": 40.48,
        "high_hazard_buildings": 0,
        "stratum1_buildings": 0,
        "mean_slope_deg": 3.74,
        "mean_elevation_m": 29.5,
        "relative_elevation_m": -0.6,
        "baseline_stress": 0.222,
        "roof_footprint_m2": 9.8,
        "vehicular_access_m": 6.9,
        "pedestrian_access_m": 10.4,
        "open_space_proxy": 0.9421,
        "built_up_share": 0.0579,
        "vegetated_share": 0.7273,
        "water_presence": 0.1074,
        "runoff_pressure_proxy": 0.2161,
        "rwh_opportunity": 0.2434,
        "drainage_corridor_proxy": 0.3215,
        "restoration_opportunity": 0.665,
        "hazard_max": "Baja",
        "drainage_stress_proxy": 0.222,
        "population_label": "WorldPop 2026 population estimate",
        "building_metric": "worldcover_built_up_proxy",
        "land_cover_source": "ESA WorldCover 2021 v200",
        "note": "terrain-derived screening proxy; not hydraulic flood simulation",
        "built_up_fraction": 0.0579,
        "tree_cover_fraction": 0.7273,
        "grass_vegetation_fraction": 0.0,
        "cropland_fraction": 0.0331,
        "surface_water_fraction": 0.1074,
        "bare_sparse_fraction": 0.0744,
        "worldcover_pixels": 121
      },
      "geometry": {
        "type": "Polygon",
        "coordinates": [
          [
            [
              118.91000000000001,
              32.12499999999999
            ],
            [
              118.92000000000002,
              32.12499999999999
            ],
            [
              118.92000000000002,
              32.13499999999999
            ],
            [
              118.91000000000001,
              32.13499999999999
            ],
            [
              118.91000000000001,
              32.12499999999999
            ]
          ]
        ]
      }
    },
    {
      "type": "Feature",
      "properties": {
        "cell_id": 54,
        "buildings": 5,
        "population_proxy": 427.41,
        "households_proxy": 137.87,
        "high_hazard_buildings": 1,
        "stratum1_buildings": 0,
        "mean_slope_deg": 1.08,
        "mean_elevation_m": 21.25,
        "relative_elevation_m": 7.65,
        "baseline_stress": 0.2735,
        "roof_footprint_m2": 35.1,
        "vehicular_access_m": 9.9,
        "pedestrian_access_m": 14.9,
        "open_space_proxy": 0.9174,
        "built_up_share": 0.0826,
        "vegetated_share": 0.876,
        "water_presence": 0.0,
        "runoff_pressure_proxy": 0.2202,
        "rwh_opportunity": 0.262,
        "drainage_corridor_proxy": 0.3415,
        "restoration_opportunity": 0.7719,
        "hazard_max": "Baja",
        "drainage_stress_proxy": 0.2735,
        "population_label": "WorldPop 2026 population estimate",
        "building_metric": "worldcover_built_up_proxy",
        "land_cover_source": "ESA WorldCover 2021 v200",
        "note": "terrain-derived screening proxy; not hydraulic flood simulation",
        "built_up_fraction": 0.0826,
        "tree_cover_fraction": 0.8347,
        "grass_vegetation_fraction": 0.0413,
        "cropland_fraction": 0.0413,
        "surface_water_fraction": 0.0,
        "bare_sparse_fraction": 0.0,
        "worldcover_pixels": 121
      },
      "geometry": {
        "type": "Polygon",
        "coordinates": [
          [
            [
              118.92000000000002,
              32.12499999999999
            ],
            [
              118.93000000000002,
              32.12499999999999
            ],
            [
              118.93000000000002,
              32.13499999999999
            ],
            [
              118.92000000000002,
              32.13499999999999
            ],
            [
              118.92000000000002,
              32.12499999999999
            ]
          ]
        ]
      }
    },
    {
      "type": "Feature",
      "properties": {
        "cell_id": 55,
        "buildings": 25,
        "population_proxy": 1101.84,
        "households_proxy": 355.43,
        "high_hazard_buildings": 14,
        "stratum1_buildings": 0,
        "mean_slope_deg": 0.72,
        "mean_elevation_m": 8.5,
        "relative_elevation_m": 20.4,
        "baseline_stress": 0.5541,
        "roof_footprint_m2": 1369.8,
        "vehicular_access_m": 77.4,
        "pedestrian_access_m": 116.0,
        "open_space_proxy": 0.3554,
        "built_up_share": 0.6446,
        "vegetated_share": 0.2893,
        "water_presence": 0.0,
        "runoff_pressure_proxy": 0.6145,
        "rwh_opportunity": 0.6835,
        "drainage_corridor_proxy": 0.5379,
        "restoration_opportunity": 0.2568,
        "hazard_max": "Media",
        "drainage_stress_proxy": 0.5541,
        "population_label": "WorldPop 2026 population estimate",
        "building_metric": "worldcover_built_up_proxy",
        "land_cover_source": "ESA WorldCover 2021 v200",
        "note": "terrain-derived screening proxy; not hydraulic flood simulation",
        "built_up_fraction": 0.6446,
        "tree_cover_fraction": 0.2893,
        "grass_vegetation_fraction": 0.0,
        "cropland_fraction": 0.0661,
        "surface_water_fraction": 0.0,
        "bare_sparse_fraction": 0.0,
        "worldcover_pixels": 121
      },
      "geometry": {
        "type": "Polygon",
        "coordinates": [
          [
            [
              118.93000000000002,
              32.12499999999999
            ],
            [
              118.94000000000003,
              32.12499999999999
            ],
            [
              118.94000000000003,
              32.13499999999999
            ],
            [
              118.93000000000002,
              32.13499999999999
            ],
            [
              118.93000000000002,
              32.12499999999999
            ]
          ]
        ]
      }
    },
    {
      "type": "Feature",
      "properties": {
        "cell_id": 56,
        "buildings": 1,
        "population_proxy": 46.69,
        "households_proxy": 15.06,
        "high_hazard_buildings": 0,
        "stratum1_buildings": 0,
        "mean_slope_deg": 10.02,
        "mean_elevation_m": 19.0,
        "relative_elevation_m": 9.9,
        "baseline_stress": 0.3621,
        "roof_footprint_m2": 1.4,
        "vehicular_access_m": 2.0,
        "pedestrian_access_m": 3.0,
        "open_space_proxy": 0.9835,
        "built_up_share": 0.0165,
        "vegetated_share": 0.719,
        "water_presence": 0.0,
        "runoff_pressure_proxy": 0.2665,
        "rwh_opportunity": 0.2124,
        "drainage_corridor_proxy": 0.4035,
        "restoration_opportunity": 0.6705,
        "hazard_max": "Baja",
        "drainage_stress_proxy": 0.3621,
        "population_label": "WorldPop 2026 population estimate",
        "building_metric": "worldcover_built_up_proxy",
        "land_cover_source": "ESA WorldCover 2021 v200",
        "note": "terrain-derived screening proxy; not hydraulic flood simulation",
        "built_up_fraction": 0.0165,
        "tree_cover_fraction": 0.1983,
        "grass_vegetation_fraction": 0.5207,
        "cropland_fraction": 0.2645,
        "surface_water_fraction": 0.0,
        "bare_sparse_fraction": 0.0,
        "worldcover_pixels": 121
      },
      "geometry": {
        "type": "Polygon",
        "coordinates": [
          [
            [
              118.94000000000003,
              32.12499999999999
            ],
            [
              118.95000000000003,
              32.12499999999999
            ],
            [
              118.95000000000003,
              32.13499999999999
            ],
            [
              118.94000000000003,
              32.13499999999999
            ],
            [
              118.94000000000003,
              32.12499999999999
            ]
          ]
        ]
      }
    },
    {
      "type": "Feature",
      "properties": {
        "cell_id": 57,
        "buildings": 7,
        "population_proxy": 375.26,
        "households_proxy": 121.05,
        "high_hazard_buildings": 3,
        "stratum1_buildings": 0,
        "mean_slope_deg": 11.81,
        "mean_elevation_m": 27.25,
        "relative_elevation_m": 1.65,
        "baseline_stress": 0.4069,
        "roof_footprint_m2": 295.0,
        "vehicular_access_m": 59.5,
        "pedestrian_access_m": 89.3,
        "open_space_proxy": 0.5041,
        "built_up_share": 0.4959,
        "vegetated_share": 0.4876,
        "water_presence": 0.0165,
        "runoff_pressure_proxy": 0.4955,
        "rwh_opportunity": 0.5719,
        "drainage_corridor_proxy": 0.4373,
        "restoration_opportunity": 0.3934,
        "hazard_max": "Media",
        "drainage_stress_proxy": 0.4069,
        "population_label": "WorldPop 2026 population estimate",
        "building_metric": "worldcover_built_up_proxy",
        "land_cover_source": "ESA WorldCover 2021 v200",
        "note": "terrain-derived screening proxy; not hydraulic flood simulation",
        "built_up_fraction": 0.4959,
        "tree_cover_fraction": 0.4876,
        "grass_vegetation_fraction": 0.0,
        "cropland_fraction": 0.0,
        "surface_water_fraction": 0.0165,
        "bare_sparse_fraction": 0.0,
        "worldcover_pixels": 121
      },
      "geometry": {
        "type": "Polygon",
        "coordinates": [
          [
            [
              118.95000000000003,
              32.12499999999999
            ],
            [
              118.96000000000004,
              32.12499999999999
            ],
            [
              118.96000000000004,
              32.13499999999999
            ],
            [
              118.95000000000003,
              32.13499999999999
            ],
            [
              118.95000000000003,
              32.12499999999999
            ]
          ]
        ]
      }
    },
    {
      "type": "Feature",
      "properties": {
        "cell_id": 58,
        "buildings": 2,
        "population_proxy": 96.39,
        "households_proxy": 31.09,
        "high_hazard_buildings": 1,
        "stratum1_buildings": 0,
        "mean_slope_deg": 2.19,
        "mean_elevation_m": 28.0,
        "relative_elevation_m": 0.9,
        "baseline_stress": 0.3032,
        "roof_footprint_m2": 42.1,
        "vehicular_access_m": 29.8,
        "pedestrian_access_m": 44.6,
        "open_space_proxy": 0.7521,
        "built_up_share": 0.2479,
        "vegetated_share": 0.595,
        "water_presence": 0.0,
        "runoff_pressure_proxy": 0.3963,
        "rwh_opportunity": 0.386,
        "drainage_corridor_proxy": 0.3622,
        "restoration_opportunity": 0.517,
        "hazard_max": "Baja",
        "drainage_stress_proxy": 0.3032,
        "population_label": "WorldPop 2026 population estimate",
        "building_metric": "worldcover_built_up_proxy",
        "land_cover_source": "ESA WorldCover 2021 v200",
        "note": "terrain-derived screening proxy; not hydraulic flood simulation",
        "built_up_fraction": 0.2479,
        "tree_cover_fraction": 0.1818,
        "grass_vegetation_fraction": 0.4132,
        "cropland_fraction": 0.157,
        "surface_water_fraction": 0.0,
        "bare_sparse_fraction": 0.0,
        "worldcover_pixels": 121
      },
      "geometry": {
        "type": "Polygon",
        "coordinates": [
          [
            [
              118.96000000000004,
              32.12499999999999
            ],
            [
              118.97000000000004,
              32.12499999999999
            ],
            [
              118.97000000000004,
              32.13499999999999
            ],
            [
              118.96000000000004,
              32.13499999999999
            ],
            [
              118.96000000000004,
              32.12499999999999
            ]
          ]
        ]
      }
    },
    {
      "type": "Feature",
      "properties": {
        "cell_id": 59,
        "buildings": 26,
        "population_proxy": 1084.86,
        "households_proxy": 349.96,
        "high_hazard_buildings": 14,
        "stratum1_buildings": 0,
        "mean_slope_deg": 1.19,
        "mean_elevation_m": 12.75,
        "relative_elevation_m": 16.15,
        "baseline_stress": 0.5533,
        "roof_footprint_m2": 1573.8,
        "vehicular_access_m": 85.5,
        "pedestrian_access_m": 128.2,
        "open_space_proxy": 0.2879,
        "built_up_share": 0.7121,
        "vegetated_share": 0.2273,
        "water_presence": 0.0,
        "runoff_pressure_proxy": 0.6848,
        "rwh_opportunity": 0.7341,
        "drainage_corridor_proxy": 0.5373,
        "restoration_opportunity": 0.2171,
        "hazard_max": "Media",
        "drainage_stress_proxy": 0.5533,
        "population_label": "WorldPop 2026 population estimate",
        "building_metric": "worldcover_built_up_proxy",
        "land_cover_source": "ESA WorldCover 2021 v200",
        "note": "terrain-derived screening proxy; not hydraulic flood simulation",
        "built_up_fraction": 0.7121,
        "tree_cover_fraction": 0.0758,
        "grass_vegetation_fraction": 0.1515,
        "cropland_fraction": 0.0152,
        "surface_water_fraction": 0.0,
        "bare_sparse_fraction": 0.0455,
        "worldcover_pixels": 66
      },
      "geometry": {
        "type": "Polygon",
        "coordinates": [
          [
            [
              118.97000000000004,
              32.12499999999999
            ],
            [
              118.98000000000005,
              32.12499999999999
            ],
            [
              118.98000000000005,
              32.13499999999999
            ],
            [
              118.97000000000004,
              32.13499999999999
            ],
            [
              118.97000000000004,
              32.12499999999999
            ]
          ]
        ]
      }
    },
    {
      "type": "Feature",
      "properties": {
        "cell_id": 60,
        "buildings": 5,
        "population_proxy": 263.81,
        "households_proxy": 85.1,
        "high_hazard_buildings": 2,
        "stratum1_buildings": 0,
        "mean_slope_deg": 6.79,
        "mean_elevation_m": 28.0,
        "relative_elevation_m": 0.9,
        "baseline_stress": 0.4155,
        "roof_footprint_m2": 228.3,
        "vehicular_access_m": 64.5,
        "pedestrian_access_m": 96.7,
        "open_space_proxy": 0.4628,
        "built_up_share": 0.5372,
        "vegetated_share": 0.2975,
        "water_presence": 0.0,
        "runoff_pressure_proxy": 0.5897,
        "rwh_opportunity": 0.6029,
        "drainage_corridor_proxy": 0.4408,
        "restoration_opportunity": 0.2741,
        "hazard_max": "Media",
        "drainage_stress_proxy": 0.4155,
        "population_label": "WorldPop 2026 population estimate",
        "building_metric": "worldcover_built_up_proxy",
        "land_cover_source": "ESA WorldCover 2021 v200",
        "note": "terrain-derived screening proxy; not hydraulic flood simulation",
        "built_up_fraction": 0.5372,
        "tree_cover_fraction": 0.0248,
        "grass_vegetation_fraction": 0.2727,
        "cropland_fraction": 0.1488,
        "surface_water_fraction": 0.0,
        "bare_sparse_fraction": 0.0165,
        "worldcover_pixels": 121
      },
      "geometry": {
        "type": "Polygon",
        "coordinates": [
          [
            [
              118.88,
              32.13499999999999
            ],
            [
              118.89,
              32.13499999999999
            ],
            [
              118.89,
              32.14499999999999
            ],
            [
              118.88,
              32.14499999999999
            ],
            [
              118.88,
              32.13499999999999
            ]
          ]
        ]
      }
    },
    {
      "type": "Feature",
      "properties": {
        "cell_id": 61,
        "buildings": 11,
        "population_proxy": 424.71,
        "households_proxy": 137.0,
        "high_hazard_buildings": 6,
        "stratum1_buildings": 0,
        "mean_slope_deg": 5.99,
        "mean_elevation_m": 24.0,
        "relative_elevation_m": 4.9,
        "baseline_stress": 0.5404,
        "roof_footprint_m2": 850.0,
        "vehicular_access_m": 109.1,
        "pedestrian_access_m": 163.6,
        "open_space_proxy": 0.0909,
        "built_up_share": 0.9091,
        "vegetated_share": 0.0579,
        "water_presence": 0.0,
        "runoff_pressure_proxy": 0.8037,
        "rwh_opportunity": 0.8818,
        "drainage_corridor_proxy": 0.5283,
        "restoration_opportunity": 0.1252,
        "hazard_max": "Media",
        "drainage_stress_proxy": 0.5404,
        "population_label": "WorldPop 2026 population estimate",
        "building_metric": "worldcover_built_up_proxy",
        "land_cover_source": "ESA WorldCover 2021 v200",
        "note": "terrain-derived screening proxy; not hydraulic flood simulation",
        "built_up_fraction": 0.9091,
        "tree_cover_fraction": 0.0165,
        "grass_vegetation_fraction": 0.0413,
        "cropland_fraction": 0.0,
        "surface_water_fraction": 0.0,
        "bare_sparse_fraction": 0.0331,
        "worldcover_pixels": 121
      },
      "geometry": {
        "type": "Polygon",
        "coordinates": [
          [
            [
              118.89,
              32.13499999999999
            ],
            [
              118.9,
              32.13499999999999
            ],
            [
              118.9,
              32.14499999999999
            ],
            [
              118.89,
              32.14499999999999
            ],
            [
              118.89,
              32.13499999999999
            ]
          ]
        ]
      }
    },
    {
      "type": "Feature",
      "properties": {
        "cell_id": 62,
        "buildings": 6,
        "population_proxy": 358.5,
        "households_proxy": 115.65,
        "high_hazard_buildings": 3,
        "stratum1_buildings": 0,
        "mean_slope_deg": 2.15,
        "mean_elevation_m": 23.25,
        "relative_elevation_m": 5.65,
        "baseline_stress": 0.4589,
        "roof_footprint_m2": 185.5,
        "vehicular_access_m": 43.6,
        "pedestrian_access_m": 65.5,
        "open_space_proxy": 0.6364,
        "built_up_share": 0.3636,
        "vegetated_share": 0.0,
        "water_presence": 0.0,
        "runoff_pressure_proxy": 0.6558,
        "rwh_opportunity": 0.4727,
        "drainage_corridor_proxy": 0.4712,
        "restoration_opportunity": 0.1,
        "hazard_max": "Media",
        "drainage_stress_proxy": 0.4589,
        "population_label": "WorldPop 2026 population estimate",
        "building_metric": "worldcover_built_up_proxy",
        "land_cover_source": "ESA WorldCover 2021 v200",
        "note": "terrain-derived screening proxy; not hydraulic flood simulation",
        "built_up_fraction": 0.3636,
        "tree_cover_fraction": 0.0,
        "grass_vegetation_fraction": 0.0,
        "cropland_fraction": 0.0165,
        "surface_water_fraction": 0.0,
        "bare_sparse_fraction": 0.6198,
        "worldcover_pixels": 121
      },
      "geometry": {
        "type": "Polygon",
        "coordinates": [
          [
            [
              118.9,
              32.13499999999999
            ],
            [
              118.91000000000001,
              32.13499999999999
            ],
            [
              118.91000000000001,
              32.14499999999999
            ],
            [
              118.9,
              32.14499999999999
            ],
            [
              118.9,
              32.13499999999999
            ]
          ]
        ]
      }
    },
    {
      "type": "Feature",
      "properties": {
        "cell_id": 63,
        "buildings": 12,
        "population_proxy": 618.78,
        "households_proxy": 199.61,
        "high_hazard_buildings": 5,
        "stratum1_buildings": 0,
        "mean_slope_deg": 3.18,
        "mean_elevation_m": 15.75,
        "relative_elevation_m": 13.15,
        "baseline_stress": 0.4569,
        "roof_footprint_m2": 446.8,
        "vehicular_access_m": 52.6,
        "pedestrian_access_m": 78.8,
        "open_space_proxy": 0.562,
        "built_up_share": 0.438,
        "vegetated_share": 0.3967,
        "water_presence": 0.0,
        "runoff_pressure_proxy": 0.5012,
        "rwh_opportunity": 0.5285,
        "drainage_corridor_proxy": 0.4698,
        "restoration_opportunity": 0.3479,
        "hazard_max": "Media",
        "drainage_stress_proxy": 0.4569,
        "population_label": "WorldPop 2026 population estimate",
        "building_metric": "worldcover_built_up_proxy",
        "land_cover_source": "ESA WorldCover 2021 v200",
        "note": "terrain-derived screening proxy; not hydraulic flood simulation",
        "built_up_fraction": 0.438,
        "tree_cover_fraction": 0.281,
        "grass_vegetation_fraction": 0.1157,
        "cropland_fraction": 0.1653,
        "surface_water_fraction": 0.0,
        "bare_sparse_fraction": 0.0,
        "worldcover_pixels": 121
      },
      "geometry": {
        "type": "Polygon",
        "coordinates": [
          [
            [
              118.91000000000001,
              32.13499999999999
            ],
            [
              118.92000000000002,
              32.13499999999999
            ],
            [
              118.92000000000002,
              32.14499999999999
            ],
            [
              118.91000000000001,
              32.14499999999999
            ],
            [
              118.91000000000001,
              32.13499999999999
            ]
          ]
        ]
      }
    },
    {
      "type": "Feature",
      "properties": {
        "cell_id": 64,
        "buildings": 8,
        "population_proxy": 312.4,
        "households_proxy": 100.78,
        "high_hazard_buildings": 4,
        "stratum1_buildings": 0,
        "mean_slope_deg": 1.7,
        "mean_elevation_m": 38.25,
        "relative_elevation_m": -9.35,
        "baseline_stress": 0.4441,
        "roof_footprint_m2": 606.9,
        "vehicular_access_m": 107.1,
        "pedestrian_access_m": 160.7,
        "open_space_proxy": 0.1074,
        "built_up_share": 0.8926,
        "vegetated_share": 0.1074,
        "water_presence": 0.0,
        "runoff_pressure_proxy": 0.7748,
        "rwh_opportunity": 0.8694,
        "drainage_corridor_proxy": 0.4609,
        "restoration_opportunity": 0.1476,
        "hazard_max": "Media",
        "drainage_stress_proxy": 0.4441,
        "population_label": "WorldPop 2026 population estimate",
        "building_metric": "worldcover_built_up_proxy",
        "land_cover_source": "ESA WorldCover 2021 v200",
        "note": "terrain-derived screening proxy; not hydraulic flood simulation",
        "built_up_fraction": 0.8926,
        "tree_cover_fraction": 0.1074,
        "grass_vegetation_fraction": 0.0,
        "cropland_fraction": 0.0,
        "surface_water_fraction": 0.0,
        "bare_sparse_fraction": 0.0,
        "worldcover_pixels": 121
      },
      "geometry": {
        "type": "Polygon",
        "coordinates": [
          [
            [
              118.92000000000002,
              32.13499999999999
            ],
            [
              118.93000000000002,
              32.13499999999999
            ],
            [
              118.93000000000002,
              32.14499999999999
            ],
            [
              118.92000000000002,
              32.14499999999999
            ],
            [
              118.92000000000002,
              32.13499999999999
            ]
          ]
        ]
      }
    },
    {
      "type": "Feature",
      "properties": {
        "cell_id": 65,
        "buildings": 1,
        "population_proxy": 72.18,
        "households_proxy": 23.28,
        "high_hazard_buildings": 0,
        "stratum1_buildings": 0,
        "mean_slope_deg": 16.56,
        "mean_elevation_m": 71.0,
        "relative_elevation_m": -42.1,
        "baseline_stress": 0.1771,
        "roof_footprint_m2": 0.0,
        "vehicular_access_m": 0.0,
        "pedestrian_access_m": 0.0,
        "open_space_proxy": 1.0,
        "built_up_share": 0.0,
        "vegetated_share": 1.0,
        "water_presence": 0.0,
        "runoff_pressure_proxy": 0.15,
        "rwh_opportunity": 0.2,
        "drainage_corridor_proxy": 0.274,
        "restoration_opportunity": 0.9,
        "hazard_max": "Baja",
        "drainage_stress_proxy": 0.1771,
        "population_label": "WorldPop 2026 population estimate",
        "building_metric": "worldcover_built_up_proxy",
        "land_cover_source": "ESA WorldCover 2021 v200",
        "note": "terrain-derived screening proxy; not hydraulic flood simulation",
        "built_up_fraction": 0.0,
        "tree_cover_fraction": 1.0,
        "grass_vegetation_fraction": 0.0,
        "cropland_fraction": 0.0,
        "surface_water_fraction": 0.0,
        "bare_sparse_fraction": 0.0,
        "worldcover_pixels": 121
      },
      "geometry": {
        "type": "Polygon",
        "coordinates": [
          [
            [
              118.93000000000002,
              32.13499999999999
            ],
            [
              118.94000000000003,
              32.13499999999999
            ],
            [
              118.94000000000003,
              32.14499999999999
            ],
            [
              118.93000000000002,
              32.14499999999999
            ],
            [
              118.93000000000002,
              32.13499999999999
            ]
          ]
        ]
      }
    },
    {
      "type": "Feature",
      "properties": {
        "cell_id": 66,
        "buildings": 8,
        "population_proxy": 287.6,
        "households_proxy": 92.78,
        "high_hazard_buildings": 5,
        "stratum1_buildings": 0,
        "mean_slope_deg": 6.58,
        "mean_elevation_m": 13.75,
        "relative_elevation_m": 15.15,
        "baseline_stress": 0.6345,
        "roof_footprint_m2": 606.9,
        "vehicular_access_m": 107.1,
        "pedestrian_access_m": 160.7,
        "open_space_proxy": 0.1074,
        "built_up_share": 0.8926,
        "vegetated_share": 0.0,
        "water_presence": 0.0,
        "runoff_pressure_proxy": 0.8178,
        "rwh_opportunity": 0.8694,
        "drainage_corridor_proxy": 0.5942,
        "restoration_opportunity": 0.1,
        "hazard_max": "Media",
        "drainage_stress_proxy": 0.6345,
        "population_label": "WorldPop 2026 population estimate",
        "building_metric": "worldcover_built_up_proxy",
        "land_cover_source": "ESA WorldCover 2021 v200",
        "note": "terrain-derived screening proxy; not hydraulic flood simulation",
        "built_up_fraction": 0.8926,
        "tree_cover_fraction": 0.0,
        "grass_vegetation_fraction": 0.0,
        "cropland_fraction": 0.0,
        "surface_water_fraction": 0.0,
        "bare_sparse_fraction": 0.1074,
        "worldcover_pixels": 121
      },
      "geometry": {
        "type": "Polygon",
        "coordinates": [
          [
            [
              118.94000000000003,
              32.13499999999999
            ],
            [
              118.95000000000003,
              32.13499999999999
            ],
            [
              118.95000000000003,
              32.14499999999999
            ],
            [
              118.94000000000003,
              32.14499999999999
            ],
            [
              118.94000000000003,
              32.13499999999999
            ]
          ]
        ]
      }
    },
    {
      "type": "Feature",
      "properties": {
        "cell_id": 67,
        "buildings": 0,
        "population_proxy": 26.25,
        "households_proxy": 8.47,
        "high_hazard_buildings": 0,
        "stratum1_buildings": 0,
        "mean_slope_deg": 8.93,
        "mean_elevation_m": 29.25,
        "relative_elevation_m": -0.35,
        "baseline_stress": 0.2213,
        "roof_footprint_m2": 0.0,
        "vehicular_access_m": 0.0,
        "pedestrian_access_m": 0.0,
        "open_space_proxy": 1.0,
        "built_up_share": 0.0,
        "vegetated_share": 1.0,
        "water_presence": 0.0,
        "runoff_pressure_proxy": 0.15,
        "rwh_opportunity": 0.2,
        "drainage_corridor_proxy": 0.3049,
        "restoration_opportunity": 0.9,
        "hazard_max": "Baja",
        "drainage_stress_proxy": 0.2213,
        "population_label": "WorldPop 2026 population estimate",
        "building_metric": "worldcover_built_up_proxy",
        "land_cover_source": "ESA WorldCover 2021 v200",
        "note": "terrain-derived screening proxy; not hydraulic flood simulation",
        "built_up_fraction": 0.0,
        "tree_cover_fraction": 1.0,
        "grass_vegetation_fraction": 0.0,
        "cropland_fraction": 0.0,
        "surface_water_fraction": 0.0,
        "bare_sparse_fraction": 0.0,
        "worldcover_pixels": 121
      },
      "geometry": {
        "type": "Polygon",
        "coordinates": [
          [
            [
              118.95000000000003,
              32.13499999999999
            ],
            [
              118.96000000000004,
              32.13499999999999
            ],
            [
              118.96000000000004,
              32.14499999999999
            ],
            [
              118.95000000000003,
              32.14499999999999
            ],
            [
              118.95000000000003,
              32.13499999999999
            ]
          ]
        ]
      }
    },
    {
      "type": "Feature",
      "properties": {
        "cell_id": 68,
        "buildings": 4,
        "population_proxy": 162.54,
        "households_proxy": 52.43,
        "high_hazard_buildings": 2,
        "stratum1_buildings": 0,
        "mean_slope_deg": 4.2,
        "mean_elevation_m": 24.0,
        "relative_elevation_m": 4.9,
        "baseline_stress": 0.4465,
        "roof_footprint_m2": 222.0,
        "vehicular_access_m": 78.3,
        "pedestrian_access_m": 117.5,
        "open_space_proxy": 0.3471,
        "built_up_share": 0.6529,
        "vegetated_share": 0.314,
        "water_presence": 0.0,
        "runoff_pressure_proxy": 0.6169,
        "rwh_opportunity": 0.6897,
        "drainage_corridor_proxy": 0.4626,
        "restoration_opportunity": 0.2692,
        "hazard_max": "Media",
        "drainage_stress_proxy": 0.4465,
        "population_label": "WorldPop 2026 population estimate",
        "building_metric": "worldcover_built_up_proxy",
        "land_cover_source": "ESA WorldCover 2021 v200",
        "note": "terrain-derived screening proxy; not hydraulic flood simulation",
        "built_up_fraction": 0.6529,
        "tree_cover_fraction": 0.281,
        "grass_vegetation_fraction": 0.0331,
        "cropland_fraction": 0.0331,
        "surface_water_fraction": 0.0,
        "bare_sparse_fraction": 0.0,
        "worldcover_pixels": 121
      },
      "geometry": {
        "type": "Polygon",
        "coordinates": [
          [
            [
              118.96000000000004,
              32.13499999999999
            ],
            [
              118.97000000000004,
              32.13499999999999
            ],
            [
              118.97000000000004,
              32.14499999999999
            ],
            [
              118.96000000000004,
              32.14499999999999
            ],
            [
              118.96000000000004,
              32.13499999999999
            ]
          ]
        ]
      }
    },
    {
      "type": "Feature",
      "properties": {
        "cell_id": 69,
        "buildings": 0,
        "population_proxy": 16.02,
        "households_proxy": 5.17,
        "high_hazard_buildings": 0,
        "stratum1_buildings": 0,
        "mean_slope_deg": 14.23,
        "mean_elevation_m": 61.25,
        "relative_elevation_m": -32.35,
        "baseline_stress": 0.2669,
        "roof_footprint_m2": 0.0,
        "vehicular_access_m": 20.0,
        "pedestrian_access_m": 30.0,
        "open_space_proxy": 0.8333,
        "built_up_share": 0.1667,
        "vegetated_share": 0.5455,
        "water_presence": 0.0,
        "runoff_pressure_proxy": 0.3333,
        "rwh_opportunity": 0.325,
        "drainage_corridor_proxy": 0.3368,
        "restoration_opportunity": 0.5,
        "hazard_max": "Baja",
        "drainage_stress_proxy": 0.2669,
        "population_label": "WorldPop 2026 population estimate",
        "building_metric": "worldcover_built_up_proxy",
        "land_cover_source": "ESA WorldCover 2021 v200",
        "note": "terrain-derived screening proxy; not hydraulic flood simulation",
        "built_up_fraction": 0.1667,
        "tree_cover_fraction": 0.4545,
        "grass_vegetation_fraction": 0.0909,
        "cropland_fraction": 0.2879,
        "surface_water_fraction": 0.0,
        "bare_sparse_fraction": 0.0,
        "worldcover_pixels": 66
      },
      "geometry": {
        "type": "Polygon",
        "coordinates": [
          [
            [
              118.97000000000004,
              32.13499999999999
            ],
            [
              118.98000000000005,
              32.13499999999999
            ],
            [
              118.98000000000005,
              32.14499999999999
            ],
            [
              118.97000000000004,
              32.14499999999999
            ],
            [
              118.97000000000004,
              32.13499999999999
            ]
          ]
        ]
      }
    },
    {
      "type": "Feature",
      "properties": {
        "cell_id": 70,
        "buildings": 4,
        "population_proxy": 185.78,
        "households_proxy": 59.93,
        "high_hazard_buildings": 2,
        "stratum1_buildings": 0,
        "mean_slope_deg": 1.85,
        "mean_elevation_m": 38.75,
        "relative_elevation_m": -9.85,
        "baseline_stress": 0.4062,
        "roof_footprint_m2": 231.8,
        "vehicular_access_m": 81.8,
        "pedestrian_access_m": 122.7,
        "open_space_proxy": 0.3182,
        "built_up_share": 0.6818,
        "vegetated_share": 0.0,
        "water_presence": 0.0,
        "runoff_pressure_proxy": 0.6909,
        "rwh_opportunity": 0.7114,
        "drainage_corridor_proxy": 0.4343,
        "restoration_opportunity": 0.1,
        "hazard_max": "Media",
        "drainage_stress_proxy": 0.4062,
        "population_label": "WorldPop 2026 population estimate",
        "building_metric": "worldcover_built_up_proxy",
        "land_cover_source": "ESA WorldCover 2021 v200",
        "note": "terrain-derived screening proxy; not hydraulic flood simulation",
        "built_up_fraction": 0.6818,
        "tree_cover_fraction": 0.0,
        "grass_vegetation_fraction": 0.0,
        "cropland_fraction": 0.3182,
        "surface_water_fraction": 0.0,
        "bare_sparse_fraction": 0.0,
        "worldcover_pixels": 66
      },
      "geometry": {
        "type": "Polygon",
        "coordinates": [
          [
            [
              118.88,
              32.14499999999999
            ],
            [
              118.89,
              32.14499999999999
            ],
            [
              118.89,
              32.15499999999999
            ],
            [
              118.88,
              32.15499999999999
            ],
            [
              118.88,
              32.14499999999999
            ]
          ]
        ]
      }
    },
    {
      "type": "Feature",
      "properties": {
        "cell_id": 71,
        "buildings": 5,
        "population_proxy": 215.11,
        "households_proxy": 69.39,
        "high_hazard_buildings": 2,
        "stratum1_buildings": 0,
        "mean_slope_deg": 1.19,
        "mean_elevation_m": 23.5,
        "relative_elevation_m": 5.4,
        "baseline_stress": 0.4824,
        "roof_footprint_m2": 328.4,
        "vehicular_access_m": 92.7,
        "pedestrian_access_m": 139.1,
        "open_space_proxy": 0.2273,
        "built_up_share": 0.7727,
        "vegetated_share": 0.1364,
        "water_presence": 0.0,
        "runoff_pressure_proxy": 0.7242,
        "rwh_opportunity": 0.7795,
        "drainage_corridor_proxy": 0.4877,
        "restoration_opportunity": 0.1669,
        "hazard_max": "Media",
        "drainage_stress_proxy": 0.4824,
        "population_label": "WorldPop 2026 population estimate",
        "building_metric": "worldcover_built_up_proxy",
        "land_cover_source": "ESA WorldCover 2021 v200",
        "note": "terrain-derived screening proxy; not hydraulic flood simulation",
        "built_up_fraction": 0.7727,
        "tree_cover_fraction": 0.0758,
        "grass_vegetation_fraction": 0.0606,
        "cropland_fraction": 0.0455,
        "surface_water_fraction": 0.0,
        "bare_sparse_fraction": 0.0455,
        "worldcover_pixels": 66
      },
      "geometry": {
        "type": "Polygon",
        "coordinates": [
          [
            [
              118.89,
              32.14499999999999
            ],
            [
              118.9,
              32.14499999999999
            ],
            [
              118.9,
              32.15499999999999
            ],
            [
              118.89,
              32.15499999999999
            ],
            [
              118.89,
              32.14499999999999
            ]
          ]
        ]
      }
    },
    {
      "type": "Feature",
      "properties": {
        "cell_id": 72,
        "buildings": 9,
        "population_proxy": 391.03,
        "households_proxy": 126.14,
        "high_hazard_buildings": 4,
        "stratum1_buildings": 0,
        "mean_slope_deg": 3.42,
        "mean_elevation_m": 27.0,
        "relative_elevation_m": 1.9,
        "baseline_stress": 0.4242,
        "roof_footprint_m2": 486.8,
        "vehicular_access_m": 76.4,
        "pedestrian_access_m": 114.5,
        "open_space_proxy": 0.3636,
        "built_up_share": 0.6364,
        "vegetated_share": 0.3636,
        "water_presence": 0.0,
        "runoff_pressure_proxy": 0.6318,
        "rwh_opportunity": 0.6773,
        "drainage_corridor_proxy": 0.4469,
        "restoration_opportunity": 0.2983,
        "hazard_max": "Media",
        "drainage_stress_proxy": 0.4242,
        "population_label": "WorldPop 2026 population estimate",
        "building_metric": "worldcover_built_up_proxy",
        "land_cover_source": "ESA WorldCover 2021 v200",
        "note": "terrain-derived screening proxy; not hydraulic flood simulation",
        "built_up_fraction": 0.6364,
        "tree_cover_fraction": 0.0,
        "grass_vegetation_fraction": 0.3636,
        "cropland_fraction": 0.0,
        "surface_water_fraction": 0.0,
        "bare_sparse_fraction": 0.0,
        "worldcover_pixels": 66
      },
      "geometry": {
        "type": "Polygon",
        "coordinates": [
          [
            [
              118.9,
              32.14499999999999
            ],
            [
              118.91000000000001,
              32.14499999999999
            ],
            [
              118.91000000000001,
              32.15499999999999
            ],
            [
              118.9,
              32.15499999999999
            ],
            [
              118.9,
              32.14499999999999
            ]
          ]
        ]
      }
    },
    {
      "type": "Feature",
      "properties": {
        "cell_id": 73,
        "buildings": 18,
        "population_proxy": 621.04,
        "households_proxy": 200.34,
        "high_hazard_buildings": 9,
        "stratum1_buildings": 0,
        "mean_slope_deg": 1.88,
        "mean_elevation_m": 24.75,
        "relative_elevation_m": 4.15,
        "baseline_stress": 0.5277,
        "roof_footprint_m2": 1506.8,
        "vehicular_access_m": 118.2,
        "pedestrian_access_m": 177.3,
        "open_space_proxy": 0.0152,
        "built_up_share": 0.9848,
        "vegetated_share": 0.0152,
        "water_presence": 0.0,
        "runoff_pressure_proxy": 0.8394,
        "rwh_opportunity": 0.9386,
        "drainage_corridor_proxy": 0.5194,
        "restoration_opportunity": 0.1062,
        "hazard_max": "Media",
        "drainage_stress_proxy": 0.5277,
        "population_label": "WorldPop 2026 population estimate",
        "building_metric": "worldcover_built_up_proxy",
        "land_cover_source": "ESA WorldCover 2021 v200",
        "note": "terrain-derived screening proxy; not hydraulic flood simulation",
        "built_up_fraction": 0.9848,
        "tree_cover_fraction": 0.0152,
        "grass_vegetation_fraction": 0.0,
        "cropland_fraction": 0.0,
        "surface_water_fraction": 0.0,
        "bare_sparse_fraction": 0.0,
        "worldcover_pixels": 66
      },
      "geometry": {
        "type": "Polygon",
        "coordinates": [
          [
            [
              118.91000000000001,
              32.14499999999999
            ],
            [
              118.92000000000002,
              32.14499999999999
            ],
            [
              118.92000000000002,
              32.15499999999999
            ],
            [
              118.91000000000001,
              32.15499999999999
            ],
            [
              118.91000000000001,
              32.14499999999999
            ]
          ]
        ]
      }
    },
    {
      "type": "Feature",
      "properties": {
        "cell_id": 74,
        "buildings": 7,
        "population_proxy": 291.18,
        "households_proxy": 93.93,
        "high_hazard_buildings": 3,
        "stratum1_buildings": 0,
        "mean_slope_deg": 2.38,
        "mean_elevation_m": 18.0,
        "relative_elevation_m": 10.9,
        "baseline_stress": 0.4954,
        "roof_footprint_m2": 414.7,
        "vehicular_access_m": 83.6,
        "pedestrian_access_m": 125.5,
        "open_space_proxy": 0.303,
        "built_up_share": 0.697,
        "vegetated_share": 0.303,
        "water_presence": 0.0,
        "runoff_pressure_proxy": 0.6379,
        "rwh_opportunity": 0.7227,
        "drainage_corridor_proxy": 0.4968,
        "restoration_opportunity": 0.2579,
        "hazard_max": "Media",
        "drainage_stress_proxy": 0.4954,
        "population_label": "WorldPop 2026 population estimate",
        "building_metric": "worldcover_built_up_proxy",
        "land_cover_source": "ESA WorldCover 2021 v200",
        "note": "terrain-derived screening proxy; not hydraulic flood simulation",
        "built_up_fraction": 0.697,
        "tree_cover_fraction": 0.303,
        "grass_vegetation_fraction": 0.0,
        "cropland_fraction": 0.0,
        "surface_water_fraction": 0.0,
        "bare_sparse_fraction": 0.0,
        "worldcover_pixels": 66
      },
      "geometry": {
        "type": "Polygon",
        "coordinates": [
          [
            [
              118.92000000000002,
              32.14499999999999
            ],
            [
              118.93000000000002,
              32.14499999999999
            ],
            [
              118.93000000000002,
              32.15499999999999
            ],
            [
              118.92000000000002,
              32.15499999999999
            ],
            [
              118.92000000000002,
              32.14499999999999
            ]
          ]
        ]
      }
    },
    {
      "type": "Feature",
      "properties": {
        "cell_id": 75,
        "buildings": 2,
        "population_proxy": 182.34,
        "households_proxy": 58.82,
        "high_hazard_buildings": 1,
        "stratum1_buildings": 0,
        "mean_slope_deg": 3.91,
        "mean_elevation_m": 28.5,
        "relative_elevation_m": 0.4,
        "baseline_stress": 0.2781,
        "roof_footprint_m2": 2.6,
        "vehicular_access_m": 1.8,
        "pedestrian_access_m": 2.7,
        "open_space_proxy": 0.9848,
        "built_up_share": 0.0152,
        "vegetated_share": 0.197,
        "water_presence": 0.0,
        "runoff_pressure_proxy": 0.3288,
        "rwh_opportunity": 0.2114,
        "drainage_corridor_proxy": 0.3447,
        "restoration_opportunity": 0.2564,
        "hazard_max": "Baja",
        "drainage_stress_proxy": 0.2781,
        "population_label": "WorldPop 2026 population estimate",
        "building_metric": "worldcover_built_up_proxy",
        "land_cover_source": "ESA WorldCover 2021 v200",
        "note": "terrain-derived screening proxy; not hydraulic flood simulation",
        "built_up_fraction": 0.0152,
        "tree_cover_fraction": 0.0909,
        "grass_vegetation_fraction": 0.1061,
        "cropland_fraction": 0.7879,
        "surface_water_fraction": 0.0,
        "bare_sparse_fraction": 0.0,
        "worldcover_pixels": 66
      },
      "geometry": {
        "type": "Polygon",
        "coordinates": [
          [
            [
              118.93000000000002,
              32.14499999999999
            ],
            [
              118.94000000000003,
              32.14499999999999
            ],
            [
              118.94000000000003,
              32.15499999999999
            ],
            [
              118.93000000000002,
              32.15499999999999
            ],
            [
              118.93000000000002,
              32.14499999999999
            ]
          ]
        ]
      }
    },
    {
      "type": "Feature",
      "properties": {
        "cell_id": 76,
        "buildings": 4,
        "population_proxy": 165.71,
        "households_proxy": 53.45,
        "high_hazard_buildings": 2,
        "stratum1_buildings": 0,
        "mean_slope_deg": 2.15,
        "mean_elevation_m": 8.25,
        "relative_elevation_m": 20.65,
        "baseline_stress": 0.6019,
        "roof_footprint_m2": 242.1,
        "vehicular_access_m": 85.5,
        "pedestrian_access_m": 128.2,
        "open_space_proxy": 0.2879,
        "built_up_share": 0.7121,
        "vegetated_share": 0.0758,
        "water_presence": 0.0,
        "runoff_pressure_proxy": 0.6985,
        "rwh_opportunity": 0.7341,
        "drainage_corridor_proxy": 0.5713,
        "restoration_opportunity": 0.139,
        "hazard_max": "Media",
        "drainage_stress_proxy": 0.6019,
        "population_label": "WorldPop 2026 population estimate",
        "building_metric": "worldcover_built_up_proxy",
        "land_cover_source": "ESA WorldCover 2021 v200",
        "note": "terrain-derived screening proxy; not hydraulic flood simulation",
        "built_up_fraction": 0.7121,
        "tree_cover_fraction": 0.0,
        "grass_vegetation_fraction": 0.0758,
        "cropland_fraction": 0.2121,
        "surface_water_fraction": 0.0,
        "bare_sparse_fraction": 0.0,
        "worldcover_pixels": 66
      },
      "geometry": {
        "type": "Polygon",
        "coordinates": [
          [
            [
              118.94000000000003,
              32.14499999999999
            ],
            [
              118.95000000000003,
              32.14499999999999
            ],
            [
              118.95000000000003,
              32.15499999999999
            ],
            [
              118.94000000000003,
              32.15499999999999
            ],
            [
              118.94000000000003,
              32.14499999999999
            ]
          ]
        ]
      }
    },
    {
      "type": "Feature",
      "properties": {
        "cell_id": 77,
        "buildings": 0,
        "population_proxy": 12.92,
        "households_proxy": 4.17,
        "high_hazard_buildings": 0,
        "stratum1_buildings": 0,
        "mean_slope_deg": 8.45,
        "mean_elevation_m": 51.5,
        "relative_elevation_m": -22.6,
        "baseline_stress": 0.1727,
        "roof_footprint_m2": 0.0,
        "vehicular_access_m": 0.0,
        "pedestrian_access_m": 0.0,
        "open_space_proxy": 1.0,
        "built_up_share": 0.0,
        "vegetated_share": 1.0,
        "water_presence": 0.0,
        "runoff_pressure_proxy": 0.15,
        "rwh_opportunity": 0.2,
        "drainage_corridor_proxy": 0.2709,
        "restoration_opportunity": 0.9,
        "hazard_max": "Baja",
        "drainage_stress_proxy": 0.1727,
        "population_label": "WorldPop 2026 population estimate",
        "building_metric": "worldcover_built_up_proxy",
        "land_cover_source": "ESA WorldCover 2021 v200",
        "note": "terrain-derived screening proxy; not hydraulic flood simulation",
        "built_up_fraction": 0.0,
        "tree_cover_fraction": 1.0,
        "grass_vegetation_fraction": 0.0,
        "cropland_fraction": 0.0,
        "surface_water_fraction": 0.0,
        "bare_sparse_fraction": 0.0,
        "worldcover_pixels": 66
      },
      "geometry": {
        "type": "Polygon",
        "coordinates": [
          [
            [
              118.95000000000003,
              32.14499999999999
            ],
            [
              118.96000000000004,
              32.14499999999999
            ],
            [
              118.96000000000004,
              32.15499999999999
            ],
            [
              118.95000000000003,
              32.15499999999999
            ],
            [
              118.95000000000003,
              32.14499999999999
            ]
          ]
        ]
      }
    },
    {
      "type": "Feature",
      "properties": {
        "cell_id": 78,
        "buildings": 2,
        "population_proxy": 162.45,
        "households_proxy": 52.4,
        "high_hazard_buildings": 0,
        "stratum1_buildings": 0,
        "mean_slope_deg": 14.68,
        "mean_elevation_m": 70.0,
        "relative_elevation_m": -41.1,
        "baseline_stress": 0.1982,
        "roof_footprint_m2": 2.6,
        "vehicular_access_m": 1.8,
        "pedestrian_access_m": 2.7,
        "open_space_proxy": 0.9848,
        "built_up_share": 0.0152,
        "vegetated_share": 0.7121,
        "water_presence": 0.0,
        "runoff_pressure_proxy": 0.2152,
        "rwh_opportunity": 0.2114,
        "drainage_corridor_proxy": 0.2887,
        "restoration_opportunity": 0.6654,
        "hazard_max": "Baja",
        "drainage_stress_proxy": 0.1982,
        "population_label": "WorldPop 2026 population estimate",
        "building_metric": "worldcover_built_up_proxy",
        "land_cover_source": "ESA WorldCover 2021 v200",
        "note": "terrain-derived screening proxy; not hydraulic flood simulation",
        "built_up_fraction": 0.0152,
        "tree_cover_fraction": 0.7121,
        "grass_vegetation_fraction": 0.0,
        "cropland_fraction": 0.2727,
        "surface_water_fraction": 0.0,
        "bare_sparse_fraction": 0.0,
        "worldcover_pixels": 66
      },
      "geometry": {
        "type": "Polygon",
        "coordinates": [
          [
            [
              118.96000000000004,
              32.14499999999999
            ],
            [
              118.97000000000004,
              32.14499999999999
            ],
            [
              118.97000000000004,
              32.15499999999999
            ],
            [
              118.96000000000004,
              32.15499999999999
            ],
            [
              118.96000000000004,
              32.14499999999999
            ]
          ]
        ]
      }
    },
    {
      "type": "Feature",
      "properties": {
        "cell_id": 79,
        "buildings": 0,
        "population_proxy": 33.79,
        "households_proxy": 10.9,
        "high_hazard_buildings": 0,
        "stratum1_buildings": 0,
        "mean_slope_deg": 4.97,
        "mean_elevation_m": 29.25,
        "relative_elevation_m": -0.35,
        "baseline_stress": 0.2345,
        "roof_footprint_m2": 0.0,
        "vehicular_access_m": 13.3,
        "pedestrian_access_m": 20.0,
        "open_space_proxy": 0.8889,
        "built_up_share": 0.1111,
        "vegetated_share": 0.8889,
        "water_presence": 0.0,
        "runoff_pressure_proxy": 0.2278,
        "rwh_opportunity": 0.2833,
        "drainage_corridor_proxy": 0.3142,
        "restoration_opportunity": 0.7716,
        "hazard_max": "Baja",
        "drainage_stress_proxy": 0.2345,
        "population_label": "WorldPop 2026 population estimate",
        "building_metric": "worldcover_built_up_proxy",
        "land_cover_source": "ESA WorldCover 2021 v200",
        "note": "terrain-derived screening proxy; not hydraulic flood simulation",
        "built_up_fraction": 0.1111,
        "tree_cover_fraction": 0.8889,
        "grass_vegetation_fraction": 0.0,
        "cropland_fraction": 0.0,
        "surface_water_fraction": 0.0,
        "bare_sparse_fraction": 0.0,
        "worldcover_pixels": 36
      },
      "geometry": {
        "type": "Polygon",
        "coordinates": [
          [
            [
              118.97000000000004,
              32.14499999999999
            ],
            [
              118.98000000000005,
              32.14499999999999
            ],
            [
              118.98000000000005,
              32.15499999999999
            ],
            [
              118.97000000000004,
              32.15499999999999
            ],
            [
              118.97000000000004,
              32.14499999999999
            ]
          ]
        ]
      }
    }
  ]
}
