{
  "type": "FeatureCollection",
  "features": [
    {
      "type": "Feature",
      "geometry": {
        "type": "LineString",
        "coordinates": [
          [
            118.8724551,
            32.0906525
          ],
          [
            118.873208,
            32.088534
          ],
          [
            118.8738039,
            32.0871674
          ],
          [
            118.8744058,
            32.0859555
          ],
          [
            118.875497,
            32.0839084
          ],
          [
            118.8769922,
            32.0816641
          ],
          [
            118.8788407,
            32.0791924
          ],
          [
            118.8798665,
            32.077852
          ],
          [
            118.8805149,
            32.077011
          ],
          [
            118.8841219,
            32.0722675
          ],
          [
            118.8850193,
            32.0711006
          ],
          [
            118.8856549,
            32.0702704
          ],
          [
            118.8863456,
            32.06933
          ],
          [
            118.8875849,
            32.0677217
          ]
        ]
      },
      "properties": {
        "kind": "road",
        "highway": "motorway",
        "name": "宁洛高速",
        "source": "OpenStreetMap",
        "osm_id": "49513618"
      }
    },
    {
      "type": "Feature",
      "geometry": {
        "type": "LineString",
        "coordinates": [
          [
            118.8896065,
            32.070106
          ],
          [
            118.8897799,
            32.07042
          ],
          [
            118.8909641,
            32.0726113
          ],
          [
            118.8910056,
            32.0726772
          ],
          [
            118.8913006,
            32.0732259
          ],
          [
            118.8916146,
            32.0738428
          ],
          [
            118.8916792,
            32.0739697
          ],
          [
            118.8917933,
            32.074213
          ],
          [
            118.8919121,
            32.0745121
          ],
          [
            118.8920232,
            32.0748231
          ],
          [
            118.8921176,
            32.0751986
          ],
          [
            118.8921495,
            32.0753685
          ],
          [
            118.8921775,
            32.0756084
          ],
          [
            118.892215,
            32.076015
          ],
          [
            118.8922286,
            32.076311
          ],
          [
            118.8922284,
            32.0765681
          ],
          [
            118.8922009,
            32.0768445
          ],
          [
            118.8921957,
            32.0768775
          ],
          [
            118.8921893,
            32.0769182
          ],
          [
            118.8921536,
            32.0771456
          ],
          [
            118.8921263,
            32.0772997
          ],
          [
            118.892033,
            32.0775854
          ],
          [
            118.8918514,
            32.0780958
          ],
          [
            118.8918354,
            32.0781327
          ],
          [
            118.8917926,
            32.0782317
          ],
          [
            118.8916286,
            32.078547
          ],
          [
            118.8913964,
            32.0791162
          ],
          [
            118.8912462,
            32.0795034
          ],
          [
            118.8911732,
            32.0797477
          ],
          [
            118.8911338,
            32.0800049
          ],
          [
            118.8911201,
            32.0802034
          ],
          [
            118.8911218,
            32.0803528
          ],
          [
            118.8911427,
            32.0806603
          ],
          [
            118.8911503,
            32.0807344
          ],
          [
            118.8911795,
            32.0808233
          ],
          [
            118.8912499,
            32.081067
          ],
          [
            118.8913376,
            32.0813162
          ]
        ]
      },
      "properties": {
        "kind": "road",
        "highway": "primary",
        "name": "仙林大道",
        "source": "OpenStreetMap",
        "osm_id": "89909978"
      }
    },
    {
      "type": "Feature",
      "geometry": {
        "type": "LineString",
        "coordinates": [
          [
            118.8856274,
            32.084331
          ],
          [
            118.8856989,
            32.0844873
          ],
          [
            118.8858086,
            32.0847096
          ],
          [
            118.8860938,
            32.0854915
          ],
          [
            118.886526,
            32.0865928
          ]
        ]
      },
      "properties": {
        "kind": "road",
        "highway": "tertiary",
        "name": "东来路",
        "source": "OpenStreetMap",
        "osm_id": "89909981"
      }
    },
    {
      "type": "Feature",
      "geometry": {
        "type": "LineString",
        "coordinates": [
          [
            118.8899853,
            32.0812122
          ],
          [
            118.8900782,
            32.0811282
          ],
          [
            118.890113,
            32.0811031
          ],
          [
            118.8901755,
            32.0810645
          ],
          [
            118.8902431,
            32.0810307
          ],
          [
            118.8903936,
            32.080979
          ],
          [
            118.8905325,
            32.0809555
          ],
          [
            118.8906518,
            32.0809518
          ],
          [
            118.8907649,
            32.0809622
          ],
          [
            118.8908745,
            32.0809857
          ],
          [
            118.8909596,
            32.081014
          ],
          [
            118.891058,
            32.0810594
          ],
          [
            118.891111,
            32.0810907
          ],
          [
            118.8911812,
            32.0811414
          ],
          [
            118.8912283,
            32.0811828
          ],
          [
            118.8912964,
            32.0812576
          ],
          [
            118.8913376,
            32.0813162
          ]
        ]
      },
      "properties": {
        "kind": "road",
        "highway": "primary",
        "name": null,
        "source": "OpenStreetMap",
        "osm_id": "89909983"
      }
    },
    {
      "type": "Feature",
      "geometry": {
        "type": "LineString",
        "coordinates": [
          [
            118.8948258,
            32.0820727
          ],
          [
            118.8952081,
            32.0814967
          ],
          [
            118.8959363,
            32.0803445
          ],
          [
            118.8966356,
            32.0792379
          ],
          [
            118.8967525,
            32.079053
          ],
          [
            118.8973091,
            32.0782
          ],
          [
            118.8973832,
            32.078051
          ],
          [
            118.8974451,
            32.0779355
          ],
          [
            118.89759,
            32.077662
          ],
          [
            118.8978378,
            32.0773
          ],
          [
            118.8980654,
            32.0769338
          ],
          [
            118.8982166,
            32.0766642
          ],
          [
            118.8983516,
            32.0763947
          ],
          [
            118.8984828,
            32.0760976
          ],
          [
            118.8986282,
            32.0756954
          ]
        ]
      },
      "properties": {
        "kind": "road",
        "highway": "tertiary",
        "name": "天马路",
        "source": "OpenStreetMap",
        "osm_id": "90798632"
      }
    },
    {
      "type": "Feature",
      "geometry": {
        "type": "LineString",
        "coordinates": [
          [
            118.8972847,
            32.0779078
          ],
          [
            118.8974451,
            32.0779355
          ],
          [
            118.8975601,
            32.0779521
          ],
          [
            118.8986791,
            32.0781133
          ]
        ]
      },
      "properties": {
        "kind": "road",
        "highway": "primary",
        "name": "奔马路",
        "source": "OpenStreetMap",
        "osm_id": "90798695"
      }
    },
    {
      "type": "Feature",
      "geometry": {
        "type": "LineString",
        "coordinates": [
          [
            118.8838451,
            32.0894046
          ],
          [
            118.8837232,
            32.0894057
          ],
          [
            118.8834474,
            32.0894064
          ],
          [
            118.8832195,
            32.0894313
          ],
          [
            118.8831411,
            32.0894398
          ],
          [
            118.8828501,
            32.089508
          ],
          [
            118.8825765,
            32.0896057
          ],
          [
            118.8823189,
            32.0897307
          ],
          [
            118.8820207,
            32.0898878
          ],
          [
            118.8819985,
            32.0899024
          ],
          [
            118.8817373,
            32.090034
          ],
          [
            118.8816069,
            32.0900954
          ],
          [
            118.8814036,
            32.0901734
          ],
          [
            118.881163,
            32.0902636
          ],
          [
            118.8808953,
            32.0903404
          ],
          [
            118.8806641,
            32.0903885
          ],
          [
            118.880467,
            32.090426
          ],
          [
            118.8802926,
            32.0904499
          ],
          [
            118.880125,
            32.0904635
          ],
          [
            118.8798856,
            32.0904794
          ],
          [
            118.8796167,
            32.090476
          ],
          [
            118.8793507,
            32.0904626
          ],
          [
            118.8792489,
            32.0904655
          ],
          [
            118.8790624,
            32.0904782
          ],
          [
            118.8789701,
            32.0904849
          ],
          [
            118.8787061,
            32.0905215
          ],
          [
            118.878414,
            32.0906056
          ],
          [
            118.8782099,
            32.0906896
          ],
          [
            118.8779926,
            32.0908101
          ],
          [
            118.8778094,
            32.0909392
          ],
          [
            118.8776118,
            32.0911055
          ],
          [
            118.8774535,
            32.0912907
          ],
          [
            118.8773307,
            32.0914812
          ],
          [
            118.8772523,
            32.091627
          ],
          [
            118.877192,
            32.0917758
          ],
          [
            118.8771544,
            32.0919178
          ],
          [
            118.8771282,
            32.0920209
          ],
          [
            118.8771209,
            32.092128
          ],
          [
            118.8771169,
            32.0923507
          ],
          [
            118.877134,
            32.0924862
          ],
          [
            118.8771443,
            32.0925673
          ],
          [
            118.8771974,
            32.0927802
          ],
          [
            118.8773074,
            32.0930333
          ],
          [
            118.8773938,
            32.0931657
          ],
          [
            118.877424,
            32.0932119
          ],
          [
            118.8775615,
            32.093385
          ],
          [
            118.877715,
            32.0935392
          ],
          [
            118.8779138,
            32.0936813
          ],
          [
            118.8780955,
            32.0937787
          ],
          [
            118.8784043,
            32.0939198
          ],
          [
            118.8787017,
            32.0940152
          ],
          [
            118.8788657,
            32.0940527
          ],
          [
            118.8790749,
            32.0940777
          ],
          [
            118.8792776,
            32.0940897
          ],
          [
            118.8795403,
            32.0940607
          ],
          [
            118.8797683,
            32.0940175
          ],
          [
            118.8800083,
            32.0939539
          ],
          [
            118.8802759,
            32.0938677
          ],
          [
            118.8804898,
            32.0938255
          ],
          [
            118.8807338,
            32.093805
          ],
          [
            118.8807703,
            32.0938038
          ],
          [
            118.8809519,
            32.0937979
          ],
          [
            118.881226,
            32.0938141
          ],
          [
            118.8812819,
            32.0938237
          ],
          [
            118.8814741,
            32.0938618
          ],
          [
            118.8816852,
            32.0939353
          ],
          [
            118.8819955,
            32.0940773
          ]
        ]
      },
      "properties": {
        "kind": "road",
        "highway": "tertiary",
        "name": "环园西路",
        "source": "OpenStreetMap",
        "osm_id": "92630254"
      }
    },
    {
      "type": "Feature",
      "geometry": {
        "type": "LineString",
        "coordinates": [
          [
            118.8845619,
            32.0895427
          ],
          [
            118.8845292,
            32.0896898
          ],
          [
            118.8844956,
            32.0900238
          ],
          [
            118.8844787,
            32.0901068
          ],
          [
            118.8844565,
            32.0902158
          ],
          [
            118.8843723,
            32.0904465
          ],
          [
            118.8842684,
            32.0906453
          ],
          [
            118.8841389,
            32.0908555
          ],
          [
            118.8839632,
            32.0910657
          ],
          [
            118.8837618,
            32.0912554
          ],
          [
            118.88353,
            32.091452
          ],
          [
            118.8833919,
            32.0916133
          ],
          [
            118.8832066,
            32.091828
          ],
          [
            118.883047,
            32.0921019
          ],
          [
            118.8829477,
            32.0922893
          ],
          [
            118.8828458,
            32.0926188
          ],
          [
            118.8827951,
            32.0928472
          ],
          [
            118.8827173,
            32.0930711
          ],
          [
            118.8826261,
            32.093279
          ],
          [
            118.8824837,
            32.0935027
          ],
          [
            118.8823834,
            32.0936403
          ],
          [
            118.8822654,
            32.0937846
          ],
          [
            118.8821065,
            32.0939349
          ],
          [
            118.8819955,
            32.0940773
          ]
        ]
      },
      "properties": {
        "kind": "road",
        "highway": "residential",
        "name": "环园中路",
        "source": "OpenStreetMap",
        "osm_id": "96779413"
      }
    },
    {
      "type": "Feature",
      "geometry": {
        "type": "LineString",
        "coordinates": [
          [
            118.8876838,
            32.0678441
          ],
          [
            118.8874255,
            32.0681911
          ],
          [
            118.8868258,
            32.0689774
          ],
          [
            118.8864741,
            32.0694178
          ],
          [
            118.8859332,
            32.0701134
          ],
          [
            118.8858948,
            32.0701628
          ],
          [
            118.88557,
            32.070612
          ],
          [
            118.8848434,
            32.0715779
          ],
          [
            118.8838228,
            32.0728872
          ],
          [
            118.8813129,
            32.0761716
          ],
          [
            118.879097,
            32.0790674
          ],
          [
            118.8779044,
            32.0806294
          ],
          [
            118.8770972,
            32.0817262
          ],
          [
            118.8770811,
            32.0817756
          ],
          [
            118.8760691,
            32.0832982
          ],
          [
            118.875389,
            32.0844434
          ],
          [
            118.8748974,
            32.085282
          ],
          [
            118.8745294,
            32.0860015
          ],
          [
            118.8742471,
            32.0865434
          ],
          [
            118.8739156,
            32.087288
          ],
          [
            118.8735368,
            32.0882015
          ],
          [
            118.8731316,
            32.0892536
          ],
          [
            118.872623,
            32.0906944
          ]
        ]
      },
      "properties": {
        "kind": "road",
        "highway": "motorway",
        "name": "宁洛高速",
        "source": "OpenStreetMap",
        "osm_id": "167234939"
      }
    },
    {
      "type": "Feature",
      "geometry": {
        "type": "LineString",
        "coordinates": [
          [
            118.8986852,
            32.0863223
          ],
          [
            118.8982551,
            32.0860982
          ],
          [
            118.8975601,
            32.0857044
          ],
          [
            118.8973583,
            32.0855615
          ],
          [
            118.897167,
            32.0854286
          ],
          [
            118.8969662,
            32.0853093
          ],
          [
            118.8964895,
            32.0850408
          ],
          [
            118.8960251,
            32.0848011
          ],
          [
            118.8952894,
            32.0844391
          ],
          [
            118.8932985,
            32.0834186
          ],
          [
            118.8925392,
            32.0830369
          ]
        ]
      },
      "properties": {
        "kind": "road",
        "highway": "primary",
        "name": "仙林大道",
        "source": "OpenStreetMap",
        "osm_id": "191556307"
      }
    },
    {
      "type": "Feature",
      "geometry": {
        "type": "LineString",
        "coordinates": [
          [
            118.8928092,
            32.0828116
          ],
          [
            118.8931151,
            32.0829885
          ],
          [
            118.8935007,
            32.0832116
          ],
          [
            118.8942079,
            32.0835938
          ],
          [
            118.894927,
            32.0839773
          ],
          [
            118.8961844,
            32.084624
          ],
          [
            118.8971082,
            32.0850938
          ],
          [
            118.8976191,
            32.0853805
          ],
          [
            118.8984318,
            32.0858055
          ],
          [
            118.898834,
            32.0860196
          ],
          [
            118.898958,
            32.0860815
          ]
        ]
      },
      "properties": {
        "kind": "road",
        "highway": "primary",
        "name": "仙林大道",
        "source": "OpenStreetMap",
        "osm_id": "191556310"
      }
    },
    {
      "type": "Feature",
      "geometry": {
        "type": "LineString",
        "coordinates": [
          [
            118.8899853,
            32.0812122
          ],
          [
            118.8901057,
            32.0810166
          ],
          [
            118.89039,
            32.0806699
          ],
          [
            118.890586,
            32.0803527
          ],
          [
            118.8907488,
            32.080068
          ],
          [
            118.8910955,
            32.0793118
          ],
          [
            118.8911366,
            32.079213
          ],
          [
            118.8915236,
            32.0782928
          ],
          [
            118.8915788,
            32.0781615
          ],
          [
            118.8916204,
            32.0780679
          ],
          [
            118.8917299,
            32.077822
          ],
          [
            118.891846,
            32.0774746
          ],
          [
            118.8918565,
            32.0774432
          ],
          [
            118.8919069,
            32.0772561
          ],
          [
            118.8919337,
            32.0771133
          ],
          [
            118.8919617,
            32.0768951
          ],
          [
            118.8919752,
            32.0767895
          ],
          [
            118.8920026,
            32.0763554
          ],
          [
            118.8920029,
            32.0759582
          ],
          [
            118.8919788,
            32.0757146
          ],
          [
            118.8919316,
            32.0753942
          ],
          [
            118.8919088,
            32.0752977
          ],
          [
            118.8918921,
            32.0752269
          ],
          [
            118.8918799,
            32.0751752
          ],
          [
            118.8917863,
            32.0748075
          ],
          [
            118.8917162,
            32.0745744
          ],
          [
            118.8917037,
            32.074533
          ],
          [
            118.8915587,
            32.0742209
          ],
          [
            118.8914762,
            32.0740405
          ],
          [
            118.8913541,
            32.0737901
          ],
          [
            118.890799,
            32.0727541
          ],
          [
            118.8907623,
            32.0726878
          ],
          [
            118.8902394,
            32.0717242
          ],
          [
            118.889553,
            32.0704106
          ],
          [
            118.8894247,
            32.0701706
          ]
        ]
      },
      "properties": {
        "kind": "road",
        "highway": "primary",
        "name": "仙林大道",
        "source": "OpenStreetMap",
        "osm_id": "191556312"
      }
    },
    {
      "type": "Feature",
      "geometry": {
        "type": "LineString",
        "coordinates": [
          [
            118.8792554,
            32.0858371
          ],
          [
            118.8796704,
            32.0858857
          ],
          [
            118.8802902,
            32.0859039
          ],
          [
            118.8807566,
            32.0859004
          ],
          [
            118.8811785,
            32.0858669
          ],
          [
            118.8816056,
            32.0858334
          ],
          [
            118.8820402,
            32.0857694
          ],
          [
            118.8826229,
            32.0856421
          ],
          [
            118.8830473,
            32.0855221
          ],
          [
            118.8835003,
            32.0853758
          ],
          [
            118.8840288,
            32.0851568
          ],
          [
            118.8845506,
            32.0849494
          ],
          [
            118.8849081,
            32.0847625
          ],
          [
            118.8854831,
            32.0844372
          ],
          [
            118.8856274,
            32.084331
          ],
          [
            118.8858386,
            32.0841802
          ],
          [
            118.886101,
            32.0840195
          ],
          [
            118.887211,
            32.0833395
          ],
          [
            118.8875886,
            32.0831082
          ],
          [
            118.8886648,
            32.0824132
          ],
          [
            118.8890286,
            32.0821337
          ],
          [
            118.8893863,
            32.0817836
          ],
          [
            118.8894854,
            32.0816995
          ],
          [
            118.8897147,
            32.0814831
          ],
          [
            118.8899233,
            32.0812887
          ]
        ]
      },
      "properties": {
        "kind": "road",
        "highway": "primary",
        "name": "紫气路",
        "source": "OpenStreetMap",
        "osm_id": "191556345"
      }
    },
    {
      "type": "Feature",
      "geometry": {
        "type": "LineString",
        "coordinates": [
          [
            118.8904146,
            32.082303
          ],
          [
            118.8901169,
            32.0822876
          ],
          [
            118.8898363,
            32.0823548
          ],
          [
            118.8896724,
            32.0823843
          ],
          [
            118.8893123,
            32.082441
          ],
          [
            118.8890188,
            32.0825347
          ],
          [
            118.8886885,
            32.082681
          ],
          [
            118.888357,
            32.0828599
          ],
          [
            118.8873553,
            32.0834971
          ],
          [
            118.8872945,
            32.083534
          ],
          [
            118.8862427,
            32.0841511
          ],
          [
            118.8859635,
            32.0843207
          ],
          [
            118.8856989,
            32.0844873
          ],
          [
            118.8855765,
            32.084568
          ],
          [
            118.8852189,
            32.0847787
          ],
          [
            118.8850078,
            32.0848919
          ],
          [
            118.8845439,
            32.0851406
          ],
          [
            118.8841443,
            32.0853164
          ],
          [
            118.8837815,
            32.085453
          ],
          [
            118.8831446,
            32.0856574
          ],
          [
            118.8826698,
            32.0857998
          ],
          [
            118.8820684,
            32.0859235
          ],
          [
            118.8816237,
            32.0859951
          ],
          [
            118.8812046,
            32.0860402
          ],
          [
            118.8807636,
            32.0860718
          ],
          [
            118.8802819,
            32.0860686
          ],
          [
            118.8796725,
            32.0860437
          ],
          [
            118.8792348,
            32.0860121
          ]
        ]
      },
      "properties": {
        "kind": "road",
        "highway": "primary",
        "name": "紫气路",
        "source": "OpenStreetMap",
        "osm_id": "191556346"
      }
    },
    {
      "type": "Feature",
      "geometry": {
        "type": "LineString",
        "coordinates": [
          [
            118.9032382,
            32.079268
          ],
          [
            118.9031871,
            32.0793708
          ],
          [
            118.9026906,
            32.0803691
          ],
          [
            118.9026003,
            32.0805541
          ],
          [
            118.902348,
            32.0810871
          ],
          [
            118.9020587,
            32.0816357
          ],
          [
            118.9016986,
            32.0823363
          ],
          [
            118.9016224,
            32.0824544
          ],
          [
            118.9013459,
            32.0828391
          ],
          [
            118.9007098,
            32.0836967
          ],
          [
            118.8995927,
            32.085206
          ],
          [
            118.898958,
            32.0860815
          ]
        ]
      },
      "properties": {
        "kind": "road",
        "highway": "secondary",
        "name": "紫东路",
        "source": "OpenStreetMap",
        "osm_id": "224045325"
      }
    },
    {
      "type": "Feature",
      "geometry": {
        "type": "LineString",
        "coordinates": [
          [
            118.9003855,
            32.0904912
          ],
          [
            118.8999648,
            32.0908984
          ]
        ]
      },
      "properties": {
        "kind": "road",
        "highway": "residential",
        "name": null,
        "source": "OpenStreetMap",
        "osm_id": "255219170"
      }
    },
    {
      "type": "Feature",
      "geometry": {
        "type": "LineString",
        "coordinates": [
          [
            118.8883206,
            32.0861208
          ],
          [
            118.8883822,
            32.0863027
          ],
          [
            118.8886031,
            32.0869096
          ],
          [
            118.8888861,
            32.0876789
          ],
          [
            118.8889295,
            32.0877968
          ],
          [
            118.888972,
            32.0879207
          ],
          [
            118.8891152,
            32.0883381
          ],
          [
            118.8891426,
            32.0884763
          ],
          [
            118.8891438,
            32.088614
          ],
          [
            118.8891305,
            32.0887558
          ],
          [
            118.8890754,
            32.0888967
          ],
          [
            118.8888905,
            32.0892057
          ],
          [
            118.888819,
            32.0893406
          ]
        ]
      },
      "properties": {
        "kind": "road",
        "highway": "residential",
        "name": "苏中路",
        "source": "OpenStreetMap",
        "osm_id": "281485659"
      }
    },
    {
      "type": "Feature",
      "geometry": {
        "type": "LineString",
        "coordinates": [
          [
            118.8913892,
            32.0814174
          ],
          [
            118.8913982,
            32.0814411
          ],
          [
            118.8914211,
            32.0815243
          ],
          [
            118.8914322,
            32.0816228
          ],
          [
            118.8914286,
            32.0817046
          ],
          [
            118.8914172,
            32.081771
          ],
          [
            118.8913925,
            32.0818515
          ],
          [
            118.8913569,
            32.081928
          ],
          [
            118.8913002,
            32.0820145
          ],
          [
            118.89126,
            32.0820621
          ],
          [
            118.891223,
            32.0820993
          ],
          [
            118.8911557,
            32.0821554
          ],
          [
            118.8910862,
            32.0822016
          ],
          [
            118.8909823,
            32.0822539
          ],
          [
            118.8909218,
            32.0822768
          ],
          [
            118.8908616,
            32.0822949
          ],
          [
            118.8907816,
            32.0823121
          ],
          [
            118.890698,
            32.0823226
          ],
          [
            118.8906323,
            32.0823256
          ],
          [
            118.8905467,
            32.0823228
          ]
        ]
      },
      "properties": {
        "kind": "road",
        "highway": "primary",
        "name": null,
        "source": "OpenStreetMap",
        "osm_id": "309228494"
      }
    },
    {
      "type": "Feature",
      "geometry": {
        "type": "LineString",
        "coordinates": [
          [
            118.8913376,
            32.0813162
          ],
          [
            118.8913728,
            32.08138
          ],
          [
            118.8913892,
            32.0814174
          ]
        ]
      },
      "properties": {
        "kind": "road",
        "highway": "primary",
        "name": null,
        "source": "OpenStreetMap",
        "osm_id": "309228496"
      }
    },
    {
      "type": "Feature",
      "geometry": {
        "type": "LineString",
        "coordinates": [
          [
            118.8899233,
            32.0812887
          ],
          [
            118.8899853,
            32.0812122
          ]
        ]
      },
      "properties": {
        "kind": "road",
        "highway": "primary",
        "name": null,
        "source": "OpenStreetMap",
        "osm_id": "309228498"
      }
    },
    {
      "type": "Feature",
      "geometry": {
        "type": "LineString",
        "coordinates": [
          [
            118.8904146,
            32.082303
          ],
          [
            118.8903009,
            32.0822698
          ],
          [
            118.8902306,
            32.0822407
          ],
          [
            118.8901495,
            32.0821974
          ],
          [
            118.8900377,
            32.0821156
          ],
          [
            118.8899978,
            32.0820779
          ],
          [
            118.8899002,
            32.0819529
          ],
          [
            118.8898584,
            32.0818716
          ],
          [
            118.8898367,
            32.0818124
          ],
          [
            118.8898175,
            32.0817295
          ],
          [
            118.8898109,
            32.081613
          ],
          [
            118.8898318,
            32.0814817
          ],
          [
            118.8898641,
            32.0813925
          ],
          [
            118.8899233,
            32.0812887
          ]
        ]
      },
      "properties": {
        "kind": "road",
        "highway": "primary",
        "name": null,
        "source": "OpenStreetMap",
        "osm_id": "309228500"
      }
    },
    {
      "type": "Feature",
      "geometry": {
        "type": "LineString",
        "coordinates": [
          [
            118.8905467,
            32.0823228
          ],
          [
            118.8904146,
            32.082303
          ]
        ]
      },
      "properties": {
        "kind": "road",
        "highway": "primary",
        "name": null,
        "source": "OpenStreetMap",
        "osm_id": "309228501"
      }
    },
    {
      "type": "Feature",
      "geometry": {
        "type": "LineString",
        "coordinates": [
          [
            118.8838451,
            32.0894046
          ],
          [
            118.8838155,
            32.0892506
          ],
          [
            118.8835131,
            32.0883507
          ],
          [
            118.8834842,
            32.0882649
          ],
          [
            118.8832572,
            32.0875949
          ],
          [
            118.883211,
            32.087452
          ],
          [
            118.883166,
            32.0873142
          ],
          [
            118.8826698,
            32.0857998
          ],
          [
            118.8826229,
            32.0856421
          ]
        ]
      },
      "properties": {
        "kind": "road",
        "highway": "residential",
        "name": "苏园路",
        "source": "OpenStreetMap",
        "osm_id": "369692796"
      }
    },
    {
      "type": "Feature",
      "geometry": {
        "type": "LineString",
        "coordinates": [
          [
            118.8827757,
            32.0944794
          ],
          [
            118.8835502,
            32.094241
          ],
          [
            118.8838337,
            32.093886
          ],
          [
            118.8840925,
            32.0932909
          ],
          [
            118.8840309,
            32.0927166
          ],
          [
            118.8840721,
            32.0925772
          ],
          [
            118.8841273,
            32.09239
          ],
          [
            118.8842216,
            32.0922261
          ],
          [
            118.8843414,
            32.0920757
          ],
          [
            118.884449,
            32.0919406
          ],
          [
            118.8848812,
            32.0915577
          ],
          [
            118.885201,
            32.0911239
          ],
          [
            118.8853472,
            32.0906976
          ],
          [
            118.8853804,
            32.0902743
          ],
          [
            118.8853419,
            32.089959
          ],
          [
            118.8853679,
            32.0897818
          ]
        ]
      },
      "properties": {
        "kind": "road",
        "highway": "residential",
        "name": null,
        "source": "OpenStreetMap",
        "osm_id": "369692806"
      }
    },
    {
      "type": "Feature",
      "geometry": {
        "type": "LineString",
        "coordinates": [
          [
            118.8883206,
            32.0861208
          ],
          [
            118.8874706,
            32.0837751
          ],
          [
            118.8873553,
            32.0834971
          ]
        ]
      },
      "properties": {
        "kind": "road",
        "highway": "residential",
        "name": "苏中路",
        "source": "OpenStreetMap",
        "osm_id": "369692808"
      }
    },
    {
      "type": "Feature",
      "geometry": {
        "type": "LineString",
        "coordinates": [
          [
            118.8986852,
            32.0863223
          ],
          [
            118.8969149,
            32.0887106
          ],
          [
            118.8968954,
            32.0887356
          ],
          [
            118.8956305,
            32.0903601
          ],
          [
            118.8953331,
            32.0907214
          ],
          [
            118.8951775,
            32.0909919
          ],
          [
            118.8949788,
            32.0914644
          ],
          [
            118.8948905,
            32.0917508
          ],
          [
            118.8948503,
            32.0919803
          ],
          [
            118.8947884,
            32.0923007
          ],
          [
            118.8947323,
            32.0924553
          ],
          [
            118.8946572,
            32.0926234
          ],
          [
            118.8944694,
            32.0929302
          ],
          [
            118.8943514,
            32.0930665
          ],
          [
            118.894209,
            32.0932142
          ],
          [
            118.8937452,
            32.0935869
          ],
          [
            118.8935494,
            32.0937391
          ],
          [
            118.8934314,
            32.0938618
          ],
          [
            118.8933382,
            32.0939821
          ],
          [
            118.8932383,
            32.0941572
          ],
          [
            118.8931793,
            32.0943276
          ],
          [
            118.8931337,
            32.0945458
          ],
          [
            118.8931295,
            32.0947033
          ],
          [
            118.893229,
            32.095009
          ],
          [
            118.8932975,
            32.095079
          ],
          [
            118.8933436,
            32.0951032
          ],
          [
            118.8934287,
            32.0951479
          ],
          [
            118.8935691,
            32.09515
          ],
          [
            118.8938217,
            32.09509
          ],
          [
            118.8940819,
            32.0950071
          ],
          [
            118.8943872,
            32.0948926
          ],
          [
            118.8944869,
            32.0948844
          ],
          [
            118.8945834,
            32.0949116
          ],
          [
            118.894692,
            32.0949496
          ]
        ]
      },
      "properties": {
        "kind": "road",
        "highway": "residential",
        "name": null,
        "source": "OpenStreetMap",
        "osm_id": "424892367"
      }
    },
    {
      "type": "Feature",
      "geometry": {
        "type": "LineString",
        "coordinates": [
          [
            118.898958,
            32.0860815
          ],
          [
            118.8995918,
            32.0863505
          ],
          [
            118.9001399,
            32.0865945
          ],
          [
            118.9006341,
            32.0868315
          ],
          [
            118.900982,
            32.0870162
          ],
          [
            118.9014017,
            32.0872734
          ],
          [
            118.9017766,
            32.0875135
          ],
          [
            118.9022473,
            32.0878151
          ],
          [
            118.9028632,
            32.088153
          ]
        ]
      },
      "properties": {
        "kind": "road",
        "highway": "primary",
        "name": "仙林大道",
        "source": "OpenStreetMap",
        "osm_id": "424892368"
      }
    },
    {
      "type": "Feature",
      "geometry": {
        "type": "LineString",
        "coordinates": [
          [
            118.8986852,
            32.0863223
          ],
          [
            118.898834,
            32.0860196
          ],
          [
            118.8991883,
            32.0855067
          ],
          [
            118.8999006,
            32.0845207
          ],
          [
            118.9006827,
            32.0834689
          ],
          [
            118.9011725,
            32.0828106
          ],
          [
            118.9014748,
            32.0823833
          ],
          [
            118.9015455,
            32.0822745
          ],
          [
            118.9017171,
            32.0819563
          ],
          [
            118.9020437,
            32.0813617
          ],
          [
            118.9024747,
            32.0805098
          ],
          [
            118.9025601,
            32.0803206
          ],
          [
            118.9030525,
            32.0793242
          ],
          [
            118.9031133,
            32.0792012
          ]
        ]
      },
      "properties": {
        "kind": "road",
        "highway": "secondary",
        "name": "紫东路",
        "source": "OpenStreetMap",
        "osm_id": "424892370"
      }
    },
    {
      "type": "Feature",
      "geometry": {
        "type": "LineString",
        "coordinates": [
          [
            118.8883206,
            32.0861208
          ],
          [
            118.8882057,
            32.0861557
          ],
          [
            118.886526,
            32.0865928
          ]
        ]
      },
      "properties": {
        "kind": "road",
        "highway": "tertiary",
        "name": "苏宁大道",
        "source": "OpenStreetMap",
        "osm_id": "582730492"
      }
    },
    {
      "type": "Feature",
      "geometry": {
        "type": "LineString",
        "coordinates": [
          [
            118.8999648,
            32.0908984
          ],
          [
            118.8998913,
            32.0909609
          ],
          [
            118.899458,
            32.0913469
          ],
          [
            118.89876,
            32.0920407
          ],
          [
            118.8985271,
            32.0922722
          ],
          [
            118.8983722,
            32.0924183
          ],
          [
            118.8980015,
            32.0926954
          ],
          [
            118.8976259,
            32.092963
          ],
          [
            118.8970683,
            32.0933604
          ],
          [
            118.895952,
            32.0941029
          ],
          [
            118.8950607,
            32.0946783
          ],
          [
            118.894692,
            32.0949496
          ],
          [
            118.8943798,
            32.0951441
          ],
          [
            118.8938123,
            32.0955109
          ],
          [
            118.8919229,
            32.0967884
          ],
          [
            118.8879768,
            32.0994564
          ],
          [
            118.886891,
            32.1001697
          ],
          [
            118.8866508,
            32.1003096
          ],
          [
            118.886361,
            32.1004156
          ],
          [
            118.8861331,
            32.1004672
          ],
          [
            118.8859615,
            32.100549
          ],
          [
            118.8858863,
            32.1006644
          ],
          [
            118.8856575,
            32.1021197
          ]
        ]
      },
      "properties": {
        "kind": "road",
        "highway": "residential",
        "name": "燕西线",
        "source": "OpenStreetMap",
        "osm_id": "777281481"
      }
    },
    {
      "type": "Feature",
      "geometry": {
        "type": "LineString",
        "coordinates": [
          [
            118.9023131,
            32.0887476
          ],
          [
            118.9010387,
            32.0898426
          ],
          [
            118.9005556,
            32.0903348
          ],
          [
            118.9003855,
            32.0904912
          ]
        ]
      },
      "properties": {
        "kind": "road",
        "highway": "secondary",
        "name": "燕西线",
        "source": "OpenStreetMap",
        "osm_id": "777281486"
      }
    },
    {
      "type": "Feature",
      "geometry": {
        "type": "LineString",
        "coordinates": [
          [
            118.886526,
            32.0865928
          ],
          [
            118.8867838,
            32.0872441
          ],
          [
            118.8874,
            32.0889437
          ],
          [
            118.8875163,
            32.0892644
          ]
        ]
      },
      "properties": {
        "kind": "road",
        "highway": "tertiary",
        "name": "东来路",
        "source": "OpenStreetMap",
        "osm_id": "836099146"
      }
    },
    {
      "type": "Feature",
      "geometry": {
        "type": "LineString",
        "coordinates": [
          [
            118.886526,
            32.0865928
          ],
          [
            118.8863828,
            32.0866273
          ],
          [
            118.8833099,
            32.0874262
          ],
          [
            118.883211,
            32.087452
          ],
          [
            118.8830504,
            32.0874928
          ],
          [
            118.8780403,
            32.0888018
          ],
          [
            118.8770293,
            32.089066
          ],
          [
            118.8765246,
            32.0892405
          ],
          [
            118.8764118,
            32.0892902
          ],
          [
            118.8761781,
            32.0893932
          ],
          [
            118.875863,
            32.0895773
          ],
          [
            118.8755403,
            32.0897905
          ],
          [
            118.8752246,
            32.0900545
          ],
          [
            118.8749637,
            32.0903291
          ],
          [
            118.8747659,
            32.0905805
          ],
          [
            118.8746519,
            32.0907544
          ],
          [
            118.8744742,
            32.0910653
          ],
          [
            118.8743127,
            32.091452
          ],
          [
            118.8740612,
            32.0921876
          ],
          [
            118.8738433,
            32.0927961
          ],
          [
            118.8737588,
            32.0930517
          ],
          [
            118.8736977,
            32.0932991
          ],
          [
            118.8736716,
            32.0934687
          ],
          [
            118.8736716,
            32.0936471
          ],
          [
            118.8736813,
            32.0937848
          ],
          [
            118.873693,
            32.0939504
          ],
          [
            118.8737293,
            32.0942674
          ],
          [
            118.8737728,
            32.0945802
          ],
          [
            118.8737976,
            32.0946835
          ],
          [
            118.8738539,
            32.0949181
          ]
        ]
      },
      "properties": {
        "kind": "road",
        "highway": "tertiary",
        "name": "苏宁大道",
        "source": "OpenStreetMap",
        "osm_id": "836099147"
      }
    },
    {
      "type": "Feature",
      "geometry": {
        "type": "LineString",
        "coordinates": [
          [
            118.8986157,
            32.078216
          ],
          [
            118.8975089,
            32.0780678
          ],
          [
            118.8973832,
            32.078051
          ],
          [
            118.8972182,
            32.0780291
          ]
        ]
      },
      "properties": {
        "kind": "road",
        "highway": "primary",
        "name": "奔马路",
        "source": "OpenStreetMap",
        "osm_id": "894146204"
      }
    },
    {
      "type": "Feature",
      "geometry": {
        "type": "LineString",
        "coordinates": [
          [
            118.8970454,
            32.0780007
          ],
          [
            118.8955217,
            32.077787
          ],
          [
            118.8937784,
            32.0775316
          ],
          [
            118.8924019,
            32.0773384
          ],
          [
            118.892317,
            32.0773265
          ],
          [
            118.8921263,
            32.0772997
          ],
          [
            118.8919069,
            32.0772561
          ]
        ]
      },
      "properties": {
        "kind": "road",
        "highway": "primary",
        "name": "奔马路",
        "source": "OpenStreetMap",
        "osm_id": "894146212"
      }
    },
    {
      "type": "Feature",
      "geometry": {
        "type": "LineString",
        "coordinates": [
          [
            118.8972182,
            32.0780291
          ],
          [
            118.8970454,
            32.0780007
          ]
        ]
      },
      "properties": {
        "kind": "road",
        "highway": "primary",
        "name": "奔马路",
        "source": "OpenStreetMap",
        "osm_id": "894146213"
      }
    },
    {
      "type": "Feature",
      "geometry": {
        "type": "LineString",
        "coordinates": [
          [
            118.8919337,
            32.0771133
          ],
          [
            118.8921536,
            32.0771456
          ],
          [
            118.8923351,
            32.0771731
          ],
          [
            118.8939562,
            32.0774183
          ],
          [
            118.8960054,
            32.0777282
          ],
          [
            118.8970974,
            32.0778823
          ]
        ]
      },
      "properties": {
        "kind": "road",
        "highway": "primary",
        "name": "奔马路",
        "source": "OpenStreetMap",
        "osm_id": "894146214"
      }
    },
    {
      "type": "Feature",
      "geometry": {
        "type": "LineString",
        "coordinates": [
          [
            118.8970974,
            32.0778823
          ],
          [
            118.8972847,
            32.0779078
          ]
        ]
      },
      "properties": {
        "kind": "road",
        "highway": "primary",
        "name": "奔马路",
        "source": "OpenStreetMap",
        "osm_id": "894146215"
      }
    },
    {
      "type": "Feature",
      "geometry": {
        "type": "LineString",
        "coordinates": [
          [
            118.9081708,
            32.0848594
          ],
          [
            118.90757,
            32.0846346
          ],
          [
            118.9042054,
            32.0834012
          ],
          [
            118.9039199,
            32.0833054
          ],
          [
            118.9016224,
            32.0824544
          ],
          [
            118.9014748,
            32.0823833
          ]
        ]
      },
      "properties": {
        "kind": "road",
        "highway": "secondary",
        "name": "灵山北路",
        "source": "OpenStreetMap",
        "osm_id": "914592844"
      }
    },
    {
      "type": "Feature",
      "geometry": {
        "type": "LineString",
        "coordinates": [
          [
            118.9015455,
            32.0822745
          ],
          [
            118.9016986,
            32.0823363
          ],
          [
            118.9030765,
            32.082871
          ],
          [
            118.9040529,
            32.0832232
          ],
          [
            118.9041517,
            32.0832588
          ],
          [
            118.9043618,
            32.0833346
          ],
          [
            118.9076818,
            32.0845684
          ],
          [
            118.9079426,
            32.0846599
          ],
          [
            118.9082152,
            32.0847473
          ]
        ]
      },
      "properties": {
        "kind": "road",
        "highway": "secondary",
        "name": "灵山北路",
        "source": "OpenStreetMap",
        "osm_id": "914592845"
      }
    },
    {
      "type": "Feature",
      "geometry": {
        "type": "LineString",
        "coordinates": [
          [
            118.8986829,
            32.0755184
          ],
          [
            118.8988914,
            32.0748073
          ],
          [
            118.8990388,
            32.074297
          ],
          [
            118.8990877,
            32.0739891
          ],
          [
            118.8991133,
            32.0736748
          ],
          [
            118.8991478,
            32.0733362
          ],
          [
            118.8991472,
            32.0730536
          ],
          [
            118.8991132,
            32.0725453
          ],
          [
            118.8990338,
            32.0714128
          ],
          [
            118.8990373,
            32.0707767
          ],
          [
            118.899057,
            32.0701364
          ],
          [
            118.8990903,
            32.0697067
          ],
          [
            118.8991664,
            32.0690791
          ],
          [
            118.8991919,
            32.068745
          ],
          [
            118.8991795,
            32.0684555
          ]
        ]
      },
      "properties": {
        "kind": "road",
        "highway": "tertiary",
        "name": "天马路",
        "source": "OpenStreetMap",
        "osm_id": "932922202"
      }
    },
    {
      "type": "Feature",
      "geometry": {
        "type": "LineString",
        "coordinates": [
          [
            118.8986282,
            32.0756954
          ],
          [
            118.8986829,
            32.0755184
          ]
        ]
      },
      "properties": {
        "kind": "road",
        "highway": "tertiary",
        "name": "天马路",
        "source": "OpenStreetMap",
        "osm_id": "932922203"
      }
    },
    {
      "type": "Feature",
      "geometry": {
        "type": "LineString",
        "coordinates": [
          [
            118.8913892,
            32.0814174
          ],
          [
            118.8914486,
            32.0815102
          ],
          [
            118.891562,
            32.0817264
          ],
          [
            118.8916888,
            32.0819401
          ],
          [
            118.891778,
            32.0820386
          ],
          [
            118.8919887,
            32.0822459
          ],
          [
            118.8922898,
            32.0824909
          ],
          [
            118.8925883,
            32.0826871
          ]
        ]
      },
      "properties": {
        "kind": "road",
        "highway": "primary",
        "name": "仙林大道",
        "source": "OpenStreetMap",
        "osm_id": "932922206"
      }
    },
    {
      "type": "Feature",
      "geometry": {
        "type": "LineString",
        "coordinates": [
          [
            118.8925883,
            32.0826871
          ],
          [
            118.8928092,
            32.0828116
          ]
        ]
      },
      "properties": {
        "kind": "road",
        "highway": "primary",
        "name": "仙林大道",
        "source": "OpenStreetMap",
        "osm_id": "932922207"
      }
    },
    {
      "type": "Feature",
      "geometry": {
        "type": "LineString",
        "coordinates": [
          [
            118.8923411,
            32.0829425
          ],
          [
            118.8917887,
            32.0827034
          ],
          [
            118.8914509,
            32.0825677
          ],
          [
            118.8912338,
            32.0824815
          ],
          [
            118.8909608,
            32.0824022
          ],
          [
            118.8905467,
            32.0823228
          ]
        ]
      },
      "properties": {
        "kind": "road",
        "highway": "primary",
        "name": "仙林大道",
        "source": "OpenStreetMap",
        "osm_id": "932922208"
      }
    },
    {
      "type": "Feature",
      "geometry": {
        "type": "LineString",
        "coordinates": [
          [
            118.8925392,
            32.0830369
          ],
          [
            118.8923411,
            32.0829425
          ]
        ]
      },
      "properties": {
        "kind": "road",
        "highway": "primary",
        "name": "仙林大道",
        "source": "OpenStreetMap",
        "osm_id": "932922209"
      }
    },
    {
      "type": "Feature",
      "geometry": {
        "type": "LineString",
        "coordinates": [
          [
            118.9026319,
            32.0883378
          ],
          [
            118.9019233,
            32.0880491
          ],
          [
            118.9014727,
            32.0878385
          ],
          [
            118.9011106,
            32.0876423
          ],
          [
            118.9005479,
            32.0873206
          ],
          [
            118.9002138,
            32.087121
          ],
          [
            118.8998328,
            32.0868887
          ],
          [
            118.8996269,
            32.0867583
          ],
          [
            118.8992871,
            32.0865938
          ],
          [
            118.8986852,
            32.0863223
          ]
        ]
      },
      "properties": {
        "kind": "road",
        "highway": "primary",
        "name": "仙林大道",
        "source": "OpenStreetMap",
        "osm_id": "949265205"
      }
    },
    {
      "type": "Feature",
      "geometry": {
        "type": "LineString",
        "coordinates": [
          [
            118.898958,
            32.0860815
          ],
          [
            118.8986852,
            32.0863223
          ]
        ]
      },
      "properties": {
        "kind": "road",
        "highway": "secondary",
        "name": "紫东路",
        "source": "OpenStreetMap",
        "osm_id": "949265206"
      }
    },
    {
      "type": "Feature",
      "geometry": {
        "type": "LineString",
        "coordinates": [
          [
            118.8863828,
            32.0866273
          ],
          [
            118.8859867,
            32.08552
          ],
          [
            118.8856933,
            32.0847608
          ],
          [
            118.8855765,
            32.084568
          ],
          [
            118.8854831,
            32.0844372
          ]
        ]
      },
      "properties": {
        "kind": "road",
        "highway": "tertiary",
        "name": "东来路",
        "source": "OpenStreetMap",
        "osm_id": "1002182017"
      }
    },
    {
      "type": "Feature",
      "geometry": {
        "type": "LineString",
        "coordinates": [
          [
            118.8873542,
            32.0893066
          ],
          [
            118.8872379,
            32.0889859
          ],
          [
            118.8866232,
            32.0872905
          ],
          [
            118.8863828,
            32.0866273
          ]
        ]
      },
      "properties": {
        "kind": "road",
        "highway": "tertiary",
        "name": "东来路",
        "source": "OpenStreetMap",
        "osm_id": "1002182018"
      }
    },
    {
      "type": "Feature",
      "geometry": {
        "type": "LineString",
        "coordinates": [
          [
            118.9147138,
            32.0796817
          ],
          [
            118.9125837,
            32.0820734
          ],
          [
            118.9124188,
            32.082245
          ],
          [
            118.9122847,
            32.0823814
          ],
          [
            118.9121263,
            32.0825199
          ],
          [
            118.911999,
            32.0826177
          ],
          [
            118.9116289,
            32.0828598
          ],
          [
            118.9107428,
            32.083397
          ],
          [
            118.910142,
            32.0837927
          ],
          [
            118.9090083,
            32.0845584
          ],
          [
            118.9086927,
            32.0847707
          ],
          [
            118.908115,
            32.0851364
          ],
          [
            118.9079302,
            32.0852293
          ],
          [
            118.9070697,
            32.0857146
          ],
          [
            118.906515,
            32.0860364
          ],
          [
            118.9047537,
            32.087024
          ],
          [
            118.9037405,
            32.0876679
          ],
          [
            118.9023131,
            32.0887476
          ]
        ]
      },
      "properties": {
        "kind": "road",
        "highway": "secondary",
        "name": "燕西线",
        "source": "OpenStreetMap",
        "osm_id": "1063919187"
      }
    },
    {
      "type": "Feature",
      "geometry": {
        "type": "LineString",
        "coordinates": [
          [
            118.903013,
            32.0789082
          ],
          [
            118.9029515,
            32.0788946
          ],
          [
            118.9027432,
            32.0788605
          ],
          [
            118.9020181,
            32.0787683
          ],
          [
            118.9013578,
            32.0786297
          ],
          [
            118.9006761,
            32.0785282
          ]
        ]
      },
      "properties": {
        "kind": "road",
        "highway": "primary",
        "name": "奔马路",
        "source": "OpenStreetMap",
        "osm_id": "1070137178"
      }
    },
    {
      "type": "Feature",
      "geometry": {
        "type": "LineString",
        "coordinates": [
          [
            118.9006761,
            32.0785282
          ],
          [
            118.9005468,
            32.0785089
          ]
        ]
      },
      "properties": {
        "kind": "road",
        "highway": "primary",
        "name": "奔马路",
        "source": "OpenStreetMap",
        "osm_id": "1070137179"
      }
    },
    {
      "type": "Feature",
      "geometry": {
        "type": "LineString",
        "coordinates": [
          [
            118.9007094,
            32.0784063
          ],
          [
            118.9028589,
            32.0787035
          ],
          [
            118.9030102,
            32.0787223
          ],
          [
            118.9031393,
            32.0787383
          ]
        ]
      },
      "properties": {
        "kind": "road",
        "highway": "primary",
        "name": "奔马路",
        "source": "OpenStreetMap",
        "osm_id": "1070137180"
      }
    },
    {
      "type": "Feature",
      "geometry": {
        "type": "LineString",
        "coordinates": [
          [
            118.9005682,
            32.0783854
          ],
          [
            118.9007094,
            32.0784063
          ]
        ]
      },
      "properties": {
        "kind": "road",
        "highway": "primary",
        "name": "奔马路",
        "source": "OpenStreetMap",
        "osm_id": "1070137181"
      }
    },
    {
      "type": "Feature",
      "geometry": {
        "type": "LineString",
        "coordinates": [
          [
            118.9005468,
            32.0785089
          ],
          [
            118.8989689,
            32.0782696
          ]
        ]
      },
      "properties": {
        "kind": "road",
        "highway": "primary",
        "name": "奔马路",
        "source": "OpenStreetMap",
        "osm_id": "1070192083"
      }
    },
    {
      "type": "Feature",
      "geometry": {
        "type": "LineString",
        "coordinates": [
          [
            118.8989689,
            32.0782696
          ],
          [
            118.8986157,
            32.078216
          ]
        ]
      },
      "properties": {
        "kind": "road",
        "highway": "primary",
        "name": "麒麟隧道",
        "source": "OpenStreetMap",
        "osm_id": "1070192084"
      }
    },
    {
      "type": "Feature",
      "geometry": {
        "type": "LineString",
        "coordinates": [
          [
            118.8990297,
            32.0781643
          ],
          [
            118.9005682,
            32.0783854
          ]
        ]
      },
      "properties": {
        "kind": "road",
        "highway": "primary",
        "name": "奔马路",
        "source": "OpenStreetMap",
        "osm_id": "1070192085"
      }
    },
    {
      "type": "Feature",
      "geometry": {
        "type": "LineString",
        "coordinates": [
          [
            118.8986791,
            32.0781133
          ],
          [
            118.8990297,
            32.0781643
          ]
        ]
      },
      "properties": {
        "kind": "road",
        "highway": "primary",
        "name": "麒麟隧道",
        "source": "OpenStreetMap",
        "osm_id": "1070192086"
      }
    },
    {
      "type": "Feature",
      "geometry": {
        "type": "LineString",
        "coordinates": [
          [
            118.895081,
            32.088007
          ],
          [
            118.8966595,
            32.088649
          ],
          [
            118.8968954,
            32.0887356
          ],
          [
            118.897161,
            32.0888331
          ],
          [
            118.8980556,
            32.0891773
          ],
          [
            118.8982609,
            32.0892646
          ],
          [
            118.8984404,
            32.089341
          ],
          [
            118.8987462,
            32.0894818
          ],
          [
            118.8989823,
            32.0896136
          ],
          [
            118.8991365,
            32.0897045
          ],
          [
            118.8992491,
            32.0897841
          ],
          [
            118.8993765,
            32.089875
          ],
          [
            118.89952,
            32.089992
          ],
          [
            118.8996609,
            32.0901113
          ],
          [
            118.8997976,
            32.0902317
          ],
          [
            118.8998996,
            32.0903397
          ],
          [
            118.9000216,
            32.0904783
          ],
          [
            118.9001423,
            32.0906362
          ],
          [
            118.9003086,
            32.0908635
          ],
          [
            118.900546,
            32.0911998
          ],
          [
            118.9007069,
            32.0914418
          ],
          [
            118.9008316,
            32.0916531
          ],
          [
            118.9009067,
            32.0917735
          ],
          [
            118.9010462,
            32.0920303
          ],
          [
            118.9011402,
            32.0921809
          ],
          [
            118.9012071,
            32.0924075
          ],
          [
            118.9012742,
            32.0925757
          ],
          [
            118.9013882,
            32.092929
          ],
          [
            118.9014767,
            32.0932699
          ],
          [
            118.9015934,
            32.0938141
          ],
          [
            118.9017087,
            32.0944526
          ],
          [
            118.901765,
            32.0946776
          ],
          [
            118.9018375,
            32.0949434
          ],
          [
            118.9019796,
            32.0952934
          ],
          [
            118.902154,
            32.0956592
          ],
          [
            118.9023392,
            32.0960164
          ]
        ]
      },
      "properties": {
        "kind": "road",
        "highway": "tertiary",
        "name": "文枢西路",
        "source": "OpenStreetMap",
        "osm_id": "1342311755"
      }
    },
    {
      "type": "Feature",
      "geometry": {
        "type": "LineString",
        "coordinates": [
          [
            118.8819955,
            32.0940773
          ],
          [
            118.8823321,
            32.0942752
          ],
          [
            118.8827757,
            32.0944794
          ],
          [
            118.8832417,
            32.0947128
          ],
          [
            118.8835381,
            32.094881
          ],
          [
            118.8837373,
            32.0950067
          ],
          [
            118.8840249,
            32.0952022
          ],
          [
            118.8843361,
            32.0954138
          ],
          [
            118.8846499,
            32.0956331
          ],
          [
            118.8848704,
            32.0957815
          ],
          [
            118.8851244,
            32.0959285
          ],
          [
            118.8854089,
            32.0960932
          ],
          [
            118.8856641,
            32.096211
          ],
          [
            118.8859454,
            32.0963227
          ],
          [
            118.8860996,
            32.0963704
          ],
          [
            118.8862688,
            32.0963965
          ],
          [
            118.8864388,
            32.0964001
          ],
          [
            118.8866119,
            32.0963818
          ],
          [
            118.8867742,
            32.0963397
          ],
          [
            118.8869298,
            32.0962703
          ],
          [
            118.8870706,
            32.0961807
          ],
          [
            118.8871725,
            32.0960853
          ],
          [
            118.887269,
            32.0959682
          ],
          [
            118.8874177,
            32.0957351
          ],
          [
            118.887729,
            32.0952184
          ],
          [
            118.8880357,
            32.0946979
          ],
          [
            118.8880518,
            32.0946706
          ],
          [
            118.8884391,
            32.0940397
          ],
          [
            118.8887269,
            32.0935642
          ],
          [
            118.8895008,
            32.0922855
          ],
          [
            118.8896032,
            32.0921163
          ],
          [
            118.8902651,
            32.0910362
          ],
          [
            118.8903022,
            32.090961
          ],
          [
            118.8903756,
            32.090812
          ],
          [
            118.8904138,
            32.0906706
          ],
          [
            118.8904167,
            32.0905631
          ],
          [
            118.8903952,
            32.0904022
          ],
          [
            118.8903579,
            32.0902783
          ],
          [
            118.8902886,
            32.0901296
          ],
          [
            118.8901655,
            32.0899832
          ],
          [
            118.8900089,
            32.0898568
          ],
          [
            118.8898164,
            32.0897587
          ],
          [
            118.8893815,
            32.0895653
          ],
          [
            118.888819,
            32.0893406
          ],
          [
            118.8886765,
            32.0892956
          ],
          [
            118.8884452,
            32.0892376
          ],
          [
            118.888236,
            32.0892114
          ],
          [
            118.8880697,
            32.0892112
          ],
          [
            118.8879577,
            32.0892175
          ],
          [
            118.8877599,
            32.0892285
          ],
          [
            118.8875163,
            32.0892644
          ],
          [
            118.8873542,
            32.0893066
          ],
          [
            118.8872181,
            32.0893546
          ],
          [
            118.8869566,
            32.0894603
          ],
          [
            118.8868644,
            32.0895061
          ],
          [
            118.8867232,
            32.0895761
          ],
          [
            118.8863858,
            32.0897018
          ],
          [
            118.8862807,
            32.0897352
          ],
          [
            118.8860768,
            32.0897795
          ],
          [
            118.8857871,
            32.0898045
          ],
          [
            118.8855234,
            32.0897993
          ],
          [
            118.8853679,
            32.0897818
          ],
          [
            118.8851399,
            32.0897367
          ],
          [
            118.8848913,
            32.0896614
          ],
          [
            118.8846772,
            32.0895772
          ],
          [
            118.8845619,
            32.0895427
          ],
          [
            118.8844487,
            32.0895125
          ],
          [
            118.8842154,
            32.089458
          ],
          [
            118.8839758,
            32.089419
          ],
          [
            118.8838451,
            32.0894046
          ]
        ]
      },
      "properties": {
        "kind": "road",
        "highway": "tertiary",
        "name": "环园东路",
        "source": "OpenStreetMap",
        "osm_id": "1367670413"
      }
    },
    {
      "type": "Feature",
      "geometry": {
        "type": "LineString",
        "coordinates": [
          [
            118.892046,
            32.0868168
          ],
          [
            118.895081,
            32.088007
          ]
        ]
      },
      "properties": {
        "kind": "road",
        "highway": "tertiary",
        "name": "文枢西路",
        "source": "OpenStreetMap",
        "osm_id": "1367926101"
      }
    },
    {
      "type": "Feature",
      "geometry": {
        "type": "LineString",
        "coordinates": [
          [
            118.8883206,
            32.0861208
          ],
          [
            118.8886772,
            32.0860413
          ],
          [
            118.8888341,
            32.0860232
          ],
          [
            118.8889468,
            32.0860163
          ],
          [
            118.8890822,
            32.0860152
          ],
          [
            118.8893115,
            32.0860198
          ],
          [
            118.8896535,
            32.0860539
          ],
          [
            118.8897822,
            32.0860723
          ],
          [
            118.8901686,
            32.0861274
          ],
          [
            118.8902342,
            32.0861368
          ],
          [
            118.8919547,
            32.0867825
          ],
          [
            118.892046,
            32.0868168
          ]
        ]
      },
      "properties": {
        "kind": "road",
        "highway": "tertiary",
        "name": null,
        "source": "OpenStreetMap",
        "osm_id": "1367926102"
      }
    },
    {
      "type": "Feature",
      "geometry": {
        "type": "LineString",
        "coordinates": [
          [
            118.9073037,
            32.0907837
          ],
          [
            118.906956,
            32.0906558
          ],
          [
            118.9065518,
            32.090491
          ],
          [
            118.9060298,
            32.090258
          ],
          [
            118.9054011,
            32.0899323
          ],
          [
            118.904629,
            32.0894687
          ],
          [
            118.9041331,
            32.0891402
          ],
          [
            118.9029127,
            32.0884631
          ]
        ]
      },
      "properties": {
        "kind": "road",
        "highway": "primary",
        "name": "仙林大道",
        "source": "OpenStreetMap",
        "osm_id": "89909979"
      }
    },
    {
      "type": "Feature",
      "geometry": {
        "type": "LineString",
        "coordinates": [
          [
            118.9178137,
            32.087498
          ],
          [
            118.9170889,
            32.0884756
          ],
          [
            118.9166328,
            32.0890907
          ],
          [
            118.9159496,
            32.0900121
          ],
          [
            118.9153826,
            32.0907768
          ],
          [
            118.914611,
            32.0918174
          ],
          [
            118.9145448,
            32.0919068
          ],
          [
            118.9134956,
            32.0933344
          ]
        ]
      },
      "properties": {
        "kind": "road",
        "highway": "tertiary",
        "name": "学则路",
        "source": "OpenStreetMap",
        "osm_id": "89909980"
      }
    },
    {
      "type": "Feature",
      "geometry": {
        "type": "LineString",
        "coordinates": [
          [
            118.9219884,
            32.0893335
          ],
          [
            118.9195724,
            32.0925001
          ],
          [
            118.9195183,
            32.092569
          ],
          [
            118.9174586,
            32.0953057
          ]
        ]
      },
      "properties": {
        "kind": "road",
        "highway": "primary",
        "name": "汇通路",
        "source": "OpenStreetMap",
        "osm_id": "89909982"
      }
    },
    {
      "type": "Feature",
      "geometry": {
        "type": "LineString",
        "coordinates": [
          [
            118.9088097,
            32.0849366
          ],
          [
            118.9112728,
            32.0856124
          ],
          [
            118.9123133,
            32.0858975
          ],
          [
            118.9152236,
            32.0866948
          ],
          [
            118.9178594,
            32.0874246
          ]
        ]
      },
      "properties": {
        "kind": "road",
        "highway": "secondary",
        "name": "灵山北路",
        "source": "OpenStreetMap",
        "osm_id": "89910183"
      }
    },
    {
      "type": "Feature",
      "geometry": {
        "type": "LineString",
        "coordinates": [
          [
            118.9188076,
            32.0682767
          ],
          [
            118.9187407,
            32.0688772
          ],
          [
            118.9185785,
            32.0703494
          ],
          [
            118.9184087,
            32.0720118
          ],
          [
            118.9183639,
            32.0733859
          ],
          [
            118.9182673,
            32.0743314
          ],
          [
            118.9181003,
            32.0751392
          ],
          [
            118.9178782,
            32.0755812
          ],
          [
            118.9170344,
            32.076891
          ],
          [
            118.9169024,
            32.0771011
          ],
          [
            118.9167398,
            32.077352
          ],
          [
            118.9166043,
            32.0775439
          ],
          [
            118.9164743,
            32.0777168
          ],
          [
            118.9163375,
            32.0778815
          ],
          [
            118.9161323,
            32.0781179
          ],
          [
            118.9157139,
            32.0785587
          ],
          [
            118.9150802,
            32.0792642
          ]
        ]
      },
      "properties": {
        "kind": "road",
        "highway": "secondary",
        "name": "燕西线",
        "source": "OpenStreetMap",
        "osm_id": "97051870"
      }
    },
    {
      "type": "Feature",
      "geometry": {
        "type": "LineString",
        "coordinates": [
          [
            118.9130418,
            32.0939158
          ],
          [
            118.9126275,
            32.0937526
          ],
          [
            118.9118973,
            32.0934492
          ],
          [
            118.9111703,
            32.0930881
          ],
          [
            118.9107122,
            32.0928273
          ],
          [
            118.9104458,
            32.0926756
          ],
          [
            118.9097847,
            32.0922218
          ],
          [
            118.9093113,
            32.0918823
          ],
          [
            118.9084602,
            32.0913526
          ],
          [
            118.9082861,
            32.0912263
          ],
          [
            118.9080768,
            32.0911163
          ],
          [
            118.907823,
            32.0909956
          ],
          [
            118.9077168,
            32.0909451
          ],
          [
            118.9074399,
            32.0908367
          ],
          [
            118.9073037,
            32.0907837
          ]
        ]
      },
      "properties": {
        "kind": "road",
        "highway": "primary",
        "name": "仙林大道",
        "source": "OpenStreetMap",
        "osm_id": "140811042"
      }
    },
    {
      "type": "Feature",
      "geometry": {
        "type": "LineString",
        "coordinates": [
          [
            118.9260717,
            32.0806567
          ],
          [
            118.9260469,
            32.0814556
          ],
          [
            118.9259969,
            32.0819813
          ],
          [
            118.9259196,
            32.0824932
          ],
          [
            118.9258141,
            32.0830616
          ],
          [
            118.9257354,
            32.0834253
          ],
          [
            118.925597,
            32.0838722
          ],
          [
            118.9254017,
            32.0843438
          ],
          [
            118.9251781,
            32.0848054
          ],
          [
            118.9249462,
            32.0852304
          ],
          [
            118.9244897,
            32.0859209
          ],
          [
            118.9235724,
            32.0871769
          ],
          [
            118.922051,
            32.0892433
          ]
        ]
      },
      "properties": {
        "kind": "road",
        "highway": "primary",
        "name": "汇通路",
        "source": "OpenStreetMap",
        "osm_id": "156596041"
      }
    },
    {
      "type": "Feature",
      "geometry": {
        "type": "LineString",
        "coordinates": [
          [
            118.9028632,
            32.088153
          ],
          [
            118.9031524,
            32.0882866
          ]
        ]
      },
      "properties": {
        "kind": "road",
        "highway": "primary",
        "name": "仙林大道",
        "source": "OpenStreetMap",
        "osm_id": "191556308"
      }
    },
    {
      "type": "Feature",
      "geometry": {
        "type": "LineString",
        "coordinates": [
          [
            118.9029127,
            32.0884631
          ],
          [
            118.9026319,
            32.0883378
          ]
        ]
      },
      "properties": {
        "kind": "road",
        "highway": "primary",
        "name": "仙林大道",
        "source": "OpenStreetMap",
        "osm_id": "191556309"
      }
    },
    {
      "type": "Feature",
      "geometry": {
        "type": "LineString",
        "coordinates": [
          [
            118.9036987,
            32.078846
          ],
          [
            118.9039452,
            32.0788794
          ],
          [
            118.9046085,
            32.0789693
          ],
          [
            118.9053396,
            32.0790857
          ],
          [
            118.9060469,
            32.0791697
          ],
          [
            118.9063052,
            32.079189
          ],
          [
            118.9067236,
            32.0791872
          ],
          [
            118.9072171,
            32.0791744
          ],
          [
            118.9077104,
            32.0791392
          ],
          [
            118.908333,
            32.0790622
          ],
          [
            118.9093168,
            32.0789222
          ],
          [
            118.9097445,
            32.0788544
          ],
          [
            118.910253,
            32.0787896
          ],
          [
            118.9107736,
            32.0787384
          ],
          [
            118.9112702,
            32.0787139
          ],
          [
            118.9116854,
            32.0787116
          ],
          [
            118.9122071,
            32.078752
          ],
          [
            118.9126548,
            32.0788072
          ],
          [
            118.9130543,
            32.0788895
          ],
          [
            118.9135346,
            32.0790207
          ],
          [
            118.9148239,
            32.0793446
          ]
        ]
      },
      "properties": {
        "kind": "road",
        "highway": "primary",
        "name": "奔马路",
        "source": "OpenStreetMap",
        "osm_id": "224045264"
      }
    },
    {
      "type": "Feature",
      "geometry": {
        "type": "LineString",
        "coordinates": [
          [
            118.9073037,
            32.0907837
          ],
          [
            118.9074574,
            32.0905773
          ],
          [
            118.9083348,
            32.0894494
          ],
          [
            118.9086845,
            32.0891032
          ]
        ]
      },
      "properties": {
        "kind": "road",
        "highway": "tertiary",
        "name": "仙隐南路",
        "source": "OpenStreetMap",
        "osm_id": "319521197"
      }
    },
    {
      "type": "Feature",
      "geometry": {
        "type": "LineString",
        "coordinates": [
          [
            118.9074399,
            32.0908367
          ],
          [
            118.9051312,
            32.0939696
          ]
        ]
      },
      "properties": {
        "kind": "road",
        "highway": "primary",
        "name": "仙隐北路",
        "source": "OpenStreetMap",
        "osm_id": "423022861"
      }
    },
    {
      "type": "Feature",
      "geometry": {
        "type": "LineString",
        "coordinates": [
          [
            118.9084687,
            32.0895087
          ],
          [
            118.9075865,
            32.0906371
          ],
          [
            118.9074399,
            32.0908367
          ]
        ]
      },
      "properties": {
        "kind": "road",
        "highway": "tertiary",
        "name": "仙隐南路",
        "source": "OpenStreetMap",
        "osm_id": "424680357"
      }
    },
    {
      "type": "Feature",
      "geometry": {
        "type": "LineString",
        "coordinates": [
          [
            118.9086845,
            32.0891032
          ],
          [
            118.9084687,
            32.0895087
          ]
        ]
      },
      "properties": {
        "kind": "road",
        "highway": "tertiary",
        "name": "仙隐南路",
        "source": "OpenStreetMap",
        "osm_id": "424680359"
      }
    },
    {
      "type": "Feature",
      "geometry": {
        "type": "LineString",
        "coordinates": [
          [
            118.9086845,
            32.0891032
          ],
          [
            118.9091376,
            32.0884628
          ],
          [
            118.9094123,
            32.0880996
          ],
          [
            118.90949,
            32.0879968
          ],
          [
            118.9104682,
            32.0867035
          ],
          [
            118.9106132,
            32.0865118
          ],
          [
            118.9112248,
            32.0857031
          ],
          [
            118.9112728,
            32.0856124
          ]
        ]
      },
      "properties": {
        "kind": "road",
        "highway": "tertiary",
        "name": "仙隐南路",
        "source": "OpenStreetMap",
        "osm_id": "424680361"
      }
    },
    {
      "type": "Feature",
      "geometry": {
        "type": "LineString",
        "coordinates": [
          [
            118.9033544,
            32.0768206
          ],
          [
            118.9034125,
            32.0765883
          ],
          [
            118.9034766,
            32.0751575
          ]
        ]
      },
      "properties": {
        "kind": "road",
        "highway": "secondary",
        "name": "石狮路",
        "source": "OpenStreetMap",
        "osm_id": "424712827"
      }
    },
    {
      "type": "Feature",
      "geometry": {
        "type": "LineString",
        "coordinates": [
          [
            118.9031133,
            32.0792012
          ],
          [
            118.9030421,
            32.0791204
          ],
          [
            118.9030052,
            32.0790246
          ],
          [
            118.9030065,
            32.0789238
          ],
          [
            118.903013,
            32.0789082
          ],
          [
            118.903046,
            32.0788286
          ],
          [
            118.9031051,
            32.0787609
          ],
          [
            118.9031393,
            32.0787383
          ],
          [
            118.9031835,
            32.0787092
          ],
          [
            118.9032754,
            32.0786773
          ]
        ]
      },
      "properties": {
        "kind": "road",
        "highway": "primary",
        "name": null,
        "source": "OpenStreetMap",
        "osm_id": "424892369"
      }
    },
    {
      "type": "Feature",
      "geometry": {
        "type": "LineString",
        "coordinates": [
          [
            118.9036907,
            32.0729983
          ],
          [
            118.9035655,
            32.0751556
          ]
        ]
      },
      "properties": {
        "kind": "road",
        "highway": "secondary",
        "name": "石狮路隧道",
        "source": "OpenStreetMap",
        "osm_id": "426994740"
      }
    },
    {
      "type": "Feature",
      "geometry": {
        "type": "LineString",
        "coordinates": [
          [
            118.9034766,
            32.0751575
          ],
          [
            118.9036026,
            32.0729898
          ]
        ]
      },
      "properties": {
        "kind": "road",
        "highway": "secondary",
        "name": "石狮路隧道",
        "source": "OpenStreetMap",
        "osm_id": "426994742"
      }
    },
    {
      "type": "Feature",
      "geometry": {
        "type": "LineString",
        "coordinates": [
          [
            118.9035655,
            32.0751556
          ],
          [
            118.9035209,
            32.0765896
          ],
          [
            118.9035425,
            32.0767882
          ]
        ]
      },
      "properties": {
        "kind": "road",
        "highway": "secondary",
        "name": "石狮路",
        "source": "OpenStreetMap",
        "osm_id": "426994743"
      }
    },
    {
      "type": "Feature",
      "geometry": {
        "type": "LineString",
        "coordinates": [
          [
            118.9033544,
            32.0768206
          ],
          [
            118.9033133,
            32.076573
          ],
          [
            118.9033808,
            32.0750673
          ],
          [
            118.9033872,
            32.074924
          ],
          [
            118.903446,
            32.0736979
          ],
          [
            118.9034698,
            32.0731862
          ],
          [
            118.9035744,
            32.0715736
          ],
          [
            118.903634,
            32.0713667
          ]
        ]
      },
      "properties": {
        "kind": "road",
        "highway": "tertiary",
        "name": "石狮路",
        "source": "OpenStreetMap",
        "osm_id": "426994744"
      }
    },
    {
      "type": "Feature",
      "geometry": {
        "type": "LineString",
        "coordinates": [
          [
            118.9038162,
            32.0713768
          ],
          [
            118.9038612,
            32.0715862
          ],
          [
            118.9037716,
            32.073196
          ],
          [
            118.903701,
            32.0747471
          ],
          [
            118.9036878,
            32.0749292
          ],
          [
            118.903679,
            32.0750704
          ],
          [
            118.9036759,
            32.0751205
          ],
          [
            118.9036387,
            32.0756153
          ],
          [
            118.9036163,
            32.0760906
          ],
          [
            118.9035988,
            32.0765881
          ],
          [
            118.9035425,
            32.0767882
          ]
        ]
      },
      "properties": {
        "kind": "road",
        "highway": "tertiary",
        "name": "石狮路",
        "source": "OpenStreetMap",
        "osm_id": "426994745"
      }
    },
    {
      "type": "Feature",
      "geometry": {
        "type": "LineString",
        "coordinates": [
          [
            118.9218475,
            32.0891419
          ],
          [
            118.9231862,
            32.0874038
          ],
          [
            118.9233758,
            32.0871419
          ],
          [
            118.9243205,
            32.0858595
          ],
          [
            118.9247793,
            32.0851657
          ],
          [
            118.9247949,
            32.0851386
          ],
          [
            118.9248348,
            32.0850692
          ],
          [
            118.9250635,
            32.0846715
          ],
          [
            118.9252044,
            32.0843655
          ],
          [
            118.9253616,
            32.084016
          ],
          [
            118.9254718,
            32.0837297
          ],
          [
            118.9255749,
            32.0834077
          ],
          [
            118.9256542,
            32.0830219
          ],
          [
            118.925717,
            32.0826074
          ],
          [
            118.9258004,
            32.0820708
          ],
          [
            118.9258452,
            32.0815227
          ],
          [
            118.9258813,
            32.0806623
          ]
        ]
      },
      "properties": {
        "kind": "road",
        "highway": "primary",
        "name": "汇通路",
        "source": "OpenStreetMap",
        "osm_id": "489234871"
      }
    },
    {
      "type": "Feature",
      "geometry": {
        "type": "LineString",
        "coordinates": [
          [
            118.9173133,
            32.0952274
          ],
          [
            118.9179291,
            32.0944134
          ],
          [
            118.9180369,
            32.0942709
          ],
          [
            118.9194319,
            32.0924269
          ],
          [
            118.9201642,
            32.0914339
          ],
          [
            118.920207,
            32.0913757
          ],
          [
            118.9217903,
            32.0892286
          ]
        ]
      },
      "properties": {
        "kind": "road",
        "highway": "primary",
        "name": "汇通路",
        "source": "OpenStreetMap",
        "osm_id": "489234873"
      }
    },
    {
      "type": "Feature",
      "geometry": {
        "type": "LineString",
        "coordinates": [
          [
            118.9178137,
            32.087498
          ],
          [
            118.9151988,
            32.0867619
          ],
          [
            118.9129337,
            32.0861584
          ],
          [
            118.9112248,
            32.0857031
          ],
          [
            118.9087679,
            32.0850407
          ]
        ]
      },
      "properties": {
        "kind": "road",
        "highway": "secondary",
        "name": "灵山北路",
        "source": "OpenStreetMap",
        "osm_id": "489234878"
      }
    },
    {
      "type": "Feature",
      "geometry": {
        "type": "LineString",
        "coordinates": [
          [
            118.9151988,
            32.0867619
          ],
          [
            118.9152236,
            32.0866948
          ],
          [
            118.9152848,
            32.0865349
          ],
          [
            118.9153389,
            32.0863059
          ],
          [
            118.9153716,
            32.0861288
          ],
          [
            118.9153873,
            32.0858796
          ],
          [
            118.9153741,
            32.0857241
          ],
          [
            118.9152852,
            32.0853543
          ],
          [
            118.9151537,
            32.0848733
          ],
          [
            118.915027,
            32.084404
          ],
          [
            118.9149373,
            32.0840563
          ],
          [
            118.9147979,
            32.0835245
          ],
          [
            118.9146933,
            32.08317
          ],
          [
            118.9146343,
            32.0830132
          ],
          [
            118.914531,
            32.0828416
          ],
          [
            118.9144105,
            32.0826948
          ],
          [
            118.9143324,
            32.0826155
          ],
          [
            118.9142542,
            32.0825497
          ],
          [
            118.9141757,
            32.0824837
          ],
          [
            118.914138,
            32.0824079
          ],
          [
            118.9141418,
            32.0823383
          ],
          [
            118.9141722,
            32.0822694
          ],
          [
            118.9145732,
            32.0817775
          ],
          [
            118.9149954,
            32.0812533
          ],
          [
            118.915048,
            32.0812018
          ],
          [
            118.9151501,
            32.0811545
          ],
          [
            118.9152522,
            32.0811746
          ],
          [
            118.9156445,
            32.081395
          ],
          [
            118.9158511,
            32.081521
          ],
          [
            118.9160624,
            32.0816668
          ],
          [
            118.9162168,
            32.0817908
          ],
          [
            118.9163916,
            32.0819671
          ],
          [
            118.9165337,
            32.0821514
          ],
          [
            118.9166591,
            32.0823822
          ],
          [
            118.9167331,
            32.082609
          ],
          [
            118.9167851,
            32.0828687
          ],
          [
            118.9167971,
            32.0832232
          ],
          [
            118.9168392,
            32.0837881
          ],
          [
            118.9168604,
            32.0840654
          ]
        ]
      },
      "properties": {
        "kind": "road",
        "highway": "residential",
        "name": null,
        "source": "OpenStreetMap",
        "osm_id": "672251991"
      }
    },
    {
      "type": "Feature",
      "geometry": {
        "type": "LineString",
        "coordinates": [
          [
            118.915027,
            32.084404
          ],
          [
            118.9156572,
            32.0842815
          ],
          [
            118.9168604,
            32.0840654
          ]
        ]
      },
      "properties": {
        "kind": "road",
        "highway": "residential",
        "name": null,
        "source": "OpenStreetMap",
        "osm_id": "690696011"
      }
    },
    {
      "type": "Feature",
      "geometry": {
        "type": "LineString",
        "coordinates": [
          [
            118.9258554,
            32.0803044
          ],
          [
            118.9255688,
            32.0803138
          ],
          [
            118.9248809,
            32.0803365
          ],
          [
            118.9231754,
            32.0803821
          ],
          [
            118.9224245,
            32.08041
          ],
          [
            118.9223479,
            32.0804129
          ],
          [
            118.9223096,
            32.0804148
          ],
          [
            118.9207547,
            32.0804904
          ],
          [
            118.9201254,
            32.0804857
          ],
          [
            118.9192339,
            32.0804364
          ],
          [
            118.9187753,
            32.0804066
          ],
          [
            118.918159,
            32.0803118
          ],
          [
            118.9175578,
            32.0802002
          ],
          [
            118.9167443,
            32.0800261
          ],
          [
            118.9158552,
            32.0797987
          ],
          [
            118.9149718,
            32.0795665
          ]
        ]
      },
      "properties": {
        "kind": "road",
        "highway": "primary",
        "name": "奔马路",
        "source": "OpenStreetMap",
        "osm_id": "836098539"
      }
    },
    {
      "type": "Feature",
      "geometry": {
        "type": "LineString",
        "coordinates": [
          [
            118.9168604,
            32.0840654
          ],
          [
            118.9170191,
            32.0844409
          ],
          [
            118.9174581,
            32.0854142
          ],
          [
            118.9175772,
            32.0856318
          ],
          [
            118.9177243,
            32.0858336
          ],
          [
            118.9178782,
            32.08598
          ],
          [
            118.9181207,
            32.0861445
          ],
          [
            118.9183501,
            32.086257
          ],
          [
            118.9186884,
            32.0863794
          ],
          [
            118.9191486,
            32.0865102
          ],
          [
            118.920092,
            32.0867713
          ],
          [
            118.9204216,
            32.0868312
          ],
          [
            118.9207691,
            32.08689
          ],
          [
            118.9212438,
            32.0869365
          ],
          [
            118.9216208,
            32.0869455
          ],
          [
            118.9219735,
            32.0869407
          ],
          [
            118.9223076,
            32.0869546
          ],
          [
            118.9226337,
            32.0869961
          ],
          [
            118.9229232,
            32.0870515
          ],
          [
            118.9233758,
            32.0871419
          ]
        ]
      },
      "properties": {
        "kind": "road",
        "highway": "residential",
        "name": null,
        "source": "OpenStreetMap",
        "osm_id": "836098545"
      }
    },
    {
      "type": "Feature",
      "geometry": {
        "type": "LineString",
        "coordinates": [
          [
            118.9196557,
            32.0881002
          ],
          [
            118.9196996,
            32.0880322
          ],
          [
            118.9203535,
            32.0869573
          ],
          [
            118.9204216,
            32.0868312
          ],
          [
            118.9204843,
            32.0864904
          ],
          [
            118.9206384,
            32.0853549
          ],
          [
            118.920629,
            32.0852124
          ],
          [
            118.9205823,
            32.0850344
          ],
          [
            118.9204889,
            32.0848959
          ],
          [
            118.9203862,
            32.0847337
          ],
          [
            118.9201107,
            32.0845675
          ],
          [
            118.9197044,
            32.0843855
          ],
          [
            118.9194942,
            32.0842589
          ],
          [
            118.9193588,
            32.0841599
          ],
          [
            118.9192514,
            32.0840254
          ],
          [
            118.9191813,
            32.0839027
          ],
          [
            118.9190786,
            32.0835189
          ],
          [
            118.9189712,
            32.0832736
          ],
          [
            118.9188077,
            32.0829531
          ],
          [
            118.9185509,
            32.0824031
          ],
          [
            118.9184341,
            32.0821934
          ],
          [
            118.9184113,
            32.0821221
          ],
          [
            118.9183734,
            32.0820035
          ],
          [
            118.9183641,
            32.0818294
          ],
          [
            118.9184295,
            32.081501
          ],
          [
            118.9186443,
            32.0809233
          ],
          [
            118.918761,
            32.0805988
          ],
          [
            118.9187753,
            32.0804066
          ]
        ]
      },
      "properties": {
        "kind": "road",
        "highway": "residential",
        "name": null,
        "source": "OpenStreetMap",
        "osm_id": "836098546"
      }
    },
    {
      "type": "Feature",
      "geometry": {
        "type": "LineString",
        "coordinates": [
          [
            118.9184113,
            32.0821221
          ],
          [
            118.9185089,
            32.0820787
          ],
          [
            118.9186676,
            32.0820549
          ],
          [
            118.9188591,
            32.0820628
          ],
          [
            118.9190412,
            32.0821024
          ],
          [
            118.9195876,
            32.0820984
          ],
          [
            118.9198818,
            32.0820351
          ],
          [
            118.920134,
            32.081956
          ],
          [
            118.9205637,
            32.0818452
          ],
          [
            118.9208952,
            32.0817819
          ],
          [
            118.9214743,
            32.0817859
          ],
          [
            118.9222665,
            32.0817723
          ]
        ]
      },
      "properties": {
        "kind": "road",
        "highway": "residential",
        "name": "大浦塘南路",
        "source": "OpenStreetMap",
        "osm_id": "836098547"
      }
    },
    {
      "type": "Feature",
      "geometry": {
        "type": "LineString",
        "coordinates": [
          [
            118.9235724,
            32.0871769
          ],
          [
            118.924543,
            32.0874444
          ],
          [
            118.9248768,
            32.0875369
          ],
          [
            118.925174,
            32.0876399
          ],
          [
            118.9254041,
            32.0877618
          ],
          [
            118.9256245,
            32.0879219
          ],
          [
            118.9258001,
            32.0880613
          ],
          [
            118.9259765,
            32.0882296
          ],
          [
            118.9261161,
            32.0883816
          ],
          [
            118.9262355,
            32.0885405
          ],
          [
            118.9269207,
            32.0895679
          ],
          [
            118.9276306,
            32.0905887
          ],
          [
            118.927696,
            32.0907984
          ],
          [
            118.9277006,
            32.0910278
          ],
          [
            118.9276633,
            32.0912098
          ],
          [
            118.9275325,
            32.0914235
          ],
          [
            118.9273864,
            32.0915773
          ],
          [
            118.9272769,
            32.0916564
          ],
          [
            118.9271309,
            32.091736
          ],
          [
            118.9270566,
            32.0917707
          ],
          [
            118.9250436,
            32.0926026
          ]
        ]
      },
      "properties": {
        "kind": "road",
        "highway": "residential",
        "name": "灵山根路",
        "source": "OpenStreetMap",
        "osm_id": "836098548"
      }
    },
    {
      "type": "Feature",
      "geometry": {
        "type": "LineString",
        "coordinates": [
          [
            118.9151028,
            32.079421
          ],
          [
            118.9161561,
            32.0796901
          ],
          [
            118.9169388,
            32.0798966
          ],
          [
            118.9176583,
            32.0800413
          ],
          [
            118.9185119,
            32.0801938
          ],
          [
            118.9194677,
            32.080283
          ],
          [
            118.9201194,
            32.0803257
          ],
          [
            118.9223422,
            32.0802453
          ]
        ]
      },
      "properties": {
        "kind": "road",
        "highway": "primary",
        "name": "奔马路",
        "source": "OpenStreetMap",
        "osm_id": "858423939"
      }
    },
    {
      "type": "Feature",
      "geometry": {
        "type": "LineString",
        "coordinates": [
          [
            118.9146928,
            32.0794838
          ],
          [
            118.9134611,
            32.0791351
          ],
          [
            118.9130454,
            32.0790223
          ],
          [
            118.9126515,
            32.0789539
          ],
          [
            118.9120333,
            32.0788805
          ],
          [
            118.9115994,
            32.078849
          ],
          [
            118.9112208,
            32.0788507
          ],
          [
            118.9107426,
            32.0788809
          ],
          [
            118.9101701,
            32.0789441
          ],
          [
            118.9095917,
            32.0790126
          ],
          [
            118.9081643,
            32.0792181
          ],
          [
            118.9077556,
            32.0792673
          ],
          [
            118.9073302,
            32.0793
          ],
          [
            118.9067947,
            32.0793181
          ],
          [
            118.9062852,
            32.0793126
          ],
          [
            118.9060257,
            32.0793127
          ],
          [
            118.9055247,
            32.0792526
          ],
          [
            118.9050359,
            32.0791786
          ],
          [
            118.904304,
            32.0790678
          ],
          [
            118.9039511,
            32.0790146
          ],
          [
            118.9039274,
            32.0790151
          ],
          [
            118.9037308,
            32.079019
          ]
        ]
      },
      "properties": {
        "kind": "road",
        "highway": "primary",
        "name": "奔马路",
        "source": "OpenStreetMap",
        "osm_id": "894146201"
      }
    },
    {
      "type": "Feature",
      "geometry": {
        "type": "LineString",
        "coordinates": [
          [
            118.9149718,
            32.0795665
          ],
          [
            118.9146928,
            32.0794838
          ]
        ]
      },
      "properties": {
        "kind": "road",
        "highway": "primary",
        "name": "奔马路",
        "source": "OpenStreetMap",
        "osm_id": "894146202"
      }
    },
    {
      "type": "Feature",
      "geometry": {
        "type": "LineString",
        "coordinates": [
          [
            118.9148239,
            32.0793446
          ],
          [
            118.9151028,
            32.079421
          ]
        ]
      },
      "properties": {
        "kind": "road",
        "highway": "primary",
        "name": "奔马路",
        "source": "OpenStreetMap",
        "osm_id": "894146203"
      }
    },
    {
      "type": "Feature",
      "geometry": {
        "type": "LineString",
        "coordinates": [
          [
            118.9087679,
            32.0850407
          ],
          [
            118.9081708,
            32.0848594
          ]
        ]
      },
      "properties": {
        "kind": "road",
        "highway": "secondary",
        "name": "灵山北路",
        "source": "OpenStreetMap",
        "osm_id": "914592843"
      }
    },
    {
      "type": "Feature",
      "geometry": {
        "type": "LineString",
        "coordinates": [
          [
            118.9082152,
            32.0847473
          ],
          [
            118.9088097,
            32.0849366
          ]
        ]
      },
      "properties": {
        "kind": "road",
        "highway": "secondary",
        "name": "灵山北路",
        "source": "OpenStreetMap",
        "osm_id": "914592846"
      }
    },
    {
      "type": "Feature",
      "geometry": {
        "type": "LineString",
        "coordinates": [
          [
            118.9223479,
            32.0804129
          ],
          [
            118.9223422,
            32.0802453
          ],
          [
            118.922345,
            32.0782506
          ],
          [
            118.9223146,
            32.0759342
          ],
          [
            118.9223128,
            32.0758111
          ],
          [
            118.9223158,
            32.0750656
          ],
          [
            118.9223204,
            32.0739053
          ],
          [
            118.9223173,
            32.072749
          ],
          [
            118.9223172,
            32.0727034
          ],
          [
            118.9223164,
            32.0723963
          ]
        ]
      },
      "properties": {
        "kind": "road",
        "highway": "tertiary",
        "name": "凌通路",
        "source": "OpenStreetMap",
        "osm_id": "931647239"
      }
    },
    {
      "type": "Feature",
      "geometry": {
        "type": "LineString",
        "coordinates": [
          [
            118.9193557,
            32.0758152
          ],
          [
            118.9223128,
            32.0758111
          ],
          [
            118.9247141,
            32.075816
          ],
          [
            118.925892,
            32.0758097
          ],
          [
            118.9261041,
            32.075809
          ]
        ]
      },
      "properties": {
        "kind": "road",
        "highway": "tertiary",
        "name": "纬七路",
        "source": "OpenStreetMap",
        "osm_id": "931647240"
      }
    },
    {
      "type": "Feature",
      "geometry": {
        "type": "LineString",
        "coordinates": [
          [
            118.9031524,
            32.0882866
          ],
          [
            118.9034914,
            32.088435
          ],
          [
            118.9040829,
            32.0887236
          ],
          [
            118.9043907,
            32.0888774
          ],
          [
            118.9048732,
            32.0891514
          ],
          [
            118.9056777,
            32.0896117
          ],
          [
            118.9063721,
            32.0900139
          ],
          [
            118.9066868,
            32.0902156
          ],
          [
            118.9071147,
            32.090423
          ],
          [
            118.9074574,
            32.0905773
          ],
          [
            118.9075865,
            32.0906371
          ],
          [
            118.9079182,
            32.0907765
          ],
          [
            118.9079574,
            32.0907969
          ],
          [
            118.9085087,
            32.091084
          ],
          [
            118.9090695,
            32.0914246
          ],
          [
            118.9096257,
            32.0917697
          ],
          [
            118.9096678,
            32.0917959
          ],
          [
            118.910517,
            32.0923572
          ],
          [
            118.9106464,
            32.0924427
          ],
          [
            118.9112737,
            32.0928176
          ],
          [
            118.9116148,
            32.0930122
          ],
          [
            118.9120578,
            32.0932424
          ],
          [
            118.9127161,
            32.0935605
          ],
          [
            118.9131926,
            32.0937304
          ]
        ]
      },
      "properties": {
        "kind": "road",
        "highway": "primary",
        "name": "仙林大道",
        "source": "OpenStreetMap",
        "osm_id": "949265204"
      }
    },
    {
      "type": "Feature",
      "geometry": {
        "type": "LineString",
        "coordinates": [
          [
            118.9034728,
            32.0786806
          ],
          [
            118.9035655,
            32.0787169
          ],
          [
            118.9036428,
            32.0787735
          ],
          [
            118.9036987,
            32.078846
          ],
          [
            118.9037287,
            32.0789287
          ],
          [
            118.9037308,
            32.079019
          ],
          [
            118.9036815,
            32.0791366
          ],
          [
            118.9035987,
            32.0792179
          ],
          [
            118.903488,
            32.0792705
          ],
          [
            118.9033629,
            32.0792878
          ],
          [
            118.9032382,
            32.079268
          ]
        ]
      },
      "properties": {
        "kind": "road",
        "highway": "primary",
        "name": null,
        "source": "OpenStreetMap",
        "osm_id": "949265207"
      }
    },
    {
      "type": "Feature",
      "geometry": {
        "type": "LineString",
        "coordinates": [
          [
            118.9032754,
            32.0786773
          ],
          [
            118.9033744,
            32.0786674
          ],
          [
            118.9034728,
            32.0786806
          ]
        ]
      },
      "properties": {
        "kind": "road",
        "highway": "primary",
        "name": null,
        "source": "OpenStreetMap",
        "osm_id": "949265208"
      }
    },
    {
      "type": "Feature",
      "geometry": {
        "type": "LineString",
        "coordinates": [
          [
            118.9032382,
            32.079268
          ],
          [
            118.9031717,
            32.07924
          ],
          [
            118.9031133,
            32.0792012
          ]
        ]
      },
      "properties": {
        "kind": "road",
        "highway": "primary",
        "name": null,
        "source": "OpenStreetMap",
        "osm_id": "949265209"
      }
    },
    {
      "type": "Feature",
      "geometry": {
        "type": "LineString",
        "coordinates": [
          [
            118.9032754,
            32.0786773
          ],
          [
            118.9032808,
            32.0785568
          ],
          [
            118.9033299,
            32.0774692
          ],
          [
            118.9033544,
            32.0768206
          ]
        ]
      },
      "properties": {
        "kind": "road",
        "highway": "secondary",
        "name": "石狮路",
        "source": "OpenStreetMap",
        "osm_id": "949265210"
      }
    },
    {
      "type": "Feature",
      "geometry": {
        "type": "LineString",
        "coordinates": [
          [
            118.9035425,
            32.0767882
          ],
          [
            118.9035306,
            32.07741
          ],
          [
            118.9035291,
            32.0774862
          ],
          [
            118.9034745,
            32.0785161
          ],
          [
            118.903474,
            32.0785677
          ],
          [
            118.9034728,
            32.0786806
          ]
        ]
      },
      "properties": {
        "kind": "road",
        "highway": "secondary",
        "name": "石狮路",
        "source": "OpenStreetMap",
        "osm_id": "949265211"
      }
    },
    {
      "type": "Feature",
      "geometry": {
        "type": "LineString",
        "coordinates": [
          [
            118.9272682,
            32.0962848
          ],
          [
            118.9270654,
            32.0960765
          ],
          [
            118.9268513,
            32.0958403
          ],
          [
            118.9263402,
            32.0951477
          ],
          [
            118.9249512,
            32.0926459
          ],
          [
            118.9249233,
            32.0925991
          ],
          [
            118.9238021,
            32.0907033
          ],
          [
            118.9234748,
            32.0902783
          ],
          [
            118.9229706,
            32.0898875
          ],
          [
            118.9219884,
            32.0893335
          ]
        ]
      },
      "properties": {
        "kind": "road",
        "highway": "secondary",
        "name": "灵山北路",
        "source": "OpenStreetMap",
        "osm_id": "965539216"
      }
    },
    {
      "type": "Feature",
      "geometry": {
        "type": "LineString",
        "coordinates": [
          [
            118.9217903,
            32.0892286
          ],
          [
            118.9218475,
            32.0891419
          ]
        ]
      },
      "properties": {
        "kind": "road",
        "highway": "primary",
        "name": "汇通路",
        "source": "OpenStreetMap",
        "osm_id": "965539217"
      }
    },
    {
      "type": "Feature",
      "geometry": {
        "type": "LineString",
        "coordinates": [
          [
            118.922051,
            32.0892433
          ],
          [
            118.9230524,
            32.0898068
          ],
          [
            118.9235647,
            32.0902465
          ],
          [
            118.9238986,
            32.0906896
          ],
          [
            118.9250265,
            32.0925726
          ],
          [
            118.9250436,
            32.0926026
          ],
          [
            118.9264789,
            32.09509
          ],
          [
            118.9269608,
            32.095767
          ],
          [
            118.9271797,
            32.096021
          ]
        ]
      },
      "properties": {
        "kind": "road",
        "highway": "secondary",
        "name": "灵山北路",
        "source": "OpenStreetMap",
        "osm_id": "965539218"
      }
    },
    {
      "type": "Feature",
      "geometry": {
        "type": "LineString",
        "coordinates": [
          [
            118.922051,
            32.0892433
          ],
          [
            118.9219884,
            32.0893335
          ]
        ]
      },
      "properties": {
        "kind": "road",
        "highway": "primary",
        "name": "汇通路",
        "source": "OpenStreetMap",
        "osm_id": "965539219"
      }
    },
    {
      "type": "Feature",
      "geometry": {
        "type": "LineString",
        "coordinates": [
          [
            118.9219884,
            32.0893335
          ],
          [
            118.9217903,
            32.0892286
          ]
        ]
      },
      "properties": {
        "kind": "road",
        "highway": "secondary",
        "name": "灵山北路",
        "source": "OpenStreetMap",
        "osm_id": "965539220"
      }
    },
    {
      "type": "Feature",
      "geometry": {
        "type": "LineString",
        "coordinates": [
          [
            118.9218475,
            32.0891419
          ],
          [
            118.922051,
            32.0892433
          ]
        ]
      },
      "properties": {
        "kind": "road",
        "highway": "secondary",
        "name": "灵山北路",
        "source": "OpenStreetMap",
        "osm_id": "965539221"
      }
    },
    {
      "type": "Feature",
      "geometry": {
        "type": "LineString",
        "coordinates": [
          [
            118.9186884,
            32.0863794
          ],
          [
            118.9178594,
            32.0874246
          ]
        ]
      },
      "properties": {
        "kind": "road",
        "highway": "residential",
        "name": "学则路",
        "source": "OpenStreetMap",
        "osm_id": "965539225"
      }
    },
    {
      "type": "Feature",
      "geometry": {
        "type": "LineString",
        "coordinates": [
          [
            118.9217903,
            32.0892286
          ],
          [
            118.9196557,
            32.0881002
          ],
          [
            118.9194117,
            32.0879815
          ],
          [
            118.9191606,
            32.0878787
          ],
          [
            118.918946,
            32.087809
          ],
          [
            118.9178137,
            32.087498
          ]
        ]
      },
      "properties": {
        "kind": "road",
        "highway": "secondary",
        "name": "灵山北路",
        "source": "OpenStreetMap",
        "osm_id": "965539226"
      }
    },
    {
      "type": "Feature",
      "geometry": {
        "type": "LineString",
        "coordinates": [
          [
            118.9178594,
            32.0874246
          ],
          [
            118.9190412,
            32.0877577
          ],
          [
            118.919248,
            32.0878293
          ],
          [
            118.919436,
            32.0879088
          ],
          [
            118.9196996,
            32.0880322
          ],
          [
            118.9218475,
            32.0891419
          ]
        ]
      },
      "properties": {
        "kind": "road",
        "highway": "secondary",
        "name": "灵山北路",
        "source": "OpenStreetMap",
        "osm_id": "965539227"
      }
    },
    {
      "type": "Feature",
      "geometry": {
        "type": "LineString",
        "coordinates": [
          [
            118.9178594,
            32.0874246
          ],
          [
            118.9178137,
            32.087498
          ]
        ]
      },
      "properties": {
        "kind": "road",
        "highway": "tertiary",
        "name": "学则路",
        "source": "OpenStreetMap",
        "osm_id": "965539228"
      }
    },
    {
      "type": "Feature",
      "geometry": {
        "type": "LineString",
        "coordinates": [
          [
            118.9050113,
            32.0938948
          ],
          [
            118.9073037,
            32.0907837
          ]
        ]
      },
      "properties": {
        "kind": "road",
        "highway": "primary",
        "name": "仙隐北路",
        "source": "OpenStreetMap",
        "osm_id": "965539231"
      }
    },
    {
      "type": "Feature",
      "geometry": {
        "type": "LineString",
        "coordinates": [
          [
            118.9150802,
            32.0792642
          ],
          [
            118.9147138,
            32.0796817
          ]
        ]
      },
      "properties": {
        "kind": "road",
        "highway": "secondary",
        "name": "燕西线",
        "source": "OpenStreetMap",
        "osm_id": "1063919186"
      }
    },
    {
      "type": "Feature",
      "geometry": {
        "type": "LineString",
        "coordinates": [
          [
            118.9223422,
            32.0802453
          ],
          [
            118.9246521,
            32.0801756
          ],
          [
            118.9255166,
            32.0801464
          ],
          [
            118.9255639,
            32.0801446
          ],
          [
            118.9258477,
            32.0801339
          ]
        ]
      },
      "properties": {
        "kind": "road",
        "highway": "primary",
        "name": "奔马路",
        "source": "OpenStreetMap",
        "osm_id": "1271088018"
      }
    },
    {
      "type": "Feature",
      "geometry": {
        "type": "LineString",
        "coordinates": [
          [
            118.9261044,
            32.0759364
          ],
          [
            118.9258917,
            32.0759344
          ],
          [
            118.9247078,
            32.0759368
          ],
          [
            118.9223146,
            32.0759342
          ],
          [
            118.9193282,
            32.0759401
          ]
        ]
      },
      "properties": {
        "kind": "road",
        "highway": "tertiary",
        "name": "纬七路",
        "source": "OpenStreetMap",
        "osm_id": "1271088020"
      }
    },
    {
      "type": "Feature",
      "geometry": {
        "type": "LineString",
        "coordinates": [
          [
            118.9194319,
            32.0924269
          ],
          [
            118.9195724,
            32.0925001
          ],
          [
            118.921102,
            32.0933147
          ],
          [
            118.9213749,
            32.0934662
          ],
          [
            118.9227402,
            32.0941958
          ]
        ]
      },
      "properties": {
        "kind": "road",
        "highway": "residential",
        "name": "尚东路",
        "source": "OpenStreetMap",
        "osm_id": "1412144916"
      }
    },
    {
      "type": "Feature",
      "geometry": {
        "type": "LineString",
        "coordinates": [
          [
            118.9224245,
            32.08041
          ],
          [
            118.9224006,
            32.0807724
          ],
          [
            118.9223376,
            32.0814133
          ],
          [
            118.9223644,
            32.0817735
          ],
          [
            118.9225361,
            32.0824416
          ],
          [
            118.9226367,
            32.0827416
          ],
          [
            118.9227238,
            32.0830791
          ],
          [
            118.9228794,
            32.0835665
          ],
          [
            118.9230202,
            32.0840426
          ],
          [
            118.9230568,
            32.08413
          ],
          [
            118.9231006,
            32.0842149
          ],
          [
            118.9231516,
            32.0842969
          ],
          [
            118.9232094,
            32.0843756
          ],
          [
            118.9232737,
            32.0844506
          ],
          [
            118.9233577,
            32.0845339
          ],
          [
            118.9234497,
            32.0846108
          ],
          [
            118.9235491,
            32.0846809
          ],
          [
            118.9236552,
            32.0847435
          ],
          [
            118.9237672,
            32.0847983
          ],
          [
            118.9240435,
            32.0848892
          ],
          [
            118.9248348,
            32.0850692
          ]
        ]
      },
      "properties": {
        "kind": "road",
        "highway": "tertiary",
        "name": "大浦塘东路",
        "source": "OpenStreetMap",
        "osm_id": "1412172542"
      }
    },
    {
      "type": "Feature",
      "geometry": {
        "type": "LineString",
        "coordinates": [
          [
            118.9247949,
            32.0851386
          ],
          [
            118.9238557,
            32.0849187
          ],
          [
            118.9237458,
            32.0848736
          ],
          [
            118.9236397,
            32.0848224
          ],
          [
            118.9235379,
            32.0847653
          ],
          [
            118.9234575,
            32.084714
          ],
          [
            118.9233805,
            32.084659
          ],
          [
            118.9233072,
            32.0846006
          ],
          [
            118.9232369,
            32.084536
          ],
          [
            118.9231711,
            32.0844682
          ],
          [
            118.9231101,
            32.0843972
          ],
          [
            118.9230504,
            32.0843181
          ],
          [
            118.9229966,
            32.084236
          ],
          [
            118.9229489,
            32.0841513
          ],
          [
            118.9229156,
            32.0840642
          ],
          [
            118.9228177,
            32.0837449
          ],
          [
            118.922701,
            32.0833404
          ],
          [
            118.922638,
            32.0830961
          ],
          [
            118.9225548,
            32.0827518
          ],
          [
            118.9224288,
            32.0823859
          ],
          [
            118.9222665,
            32.0817723
          ],
          [
            118.9222343,
            32.0813905
          ],
          [
            118.9223096,
            32.0804148
          ]
        ]
      },
      "properties": {
        "kind": "road",
        "highway": "tertiary",
        "name": "大浦塘东路",
        "source": "OpenStreetMap",
        "osm_id": "1412172563"
      }
    },
    {
      "type": "Feature",
      "geometry": {
        "type": "LineString",
        "coordinates": [
          [
            118.8828992,
            32.1006829
          ],
          [
            118.8824641,
            32.1004477
          ],
          [
            118.8817585,
            32.1001245
          ],
          [
            118.8811446,
            32.0998701
          ]
        ]
      },
      "properties": {
        "kind": "road",
        "highway": "trunk",
        "name": "玄武大道",
        "source": "OpenStreetMap",
        "osm_id": "76168247"
      }
    },
    {
      "type": "Feature",
      "geometry": {
        "type": "LineString",
        "coordinates": [
          [
            118.887825,
            32.1051403
          ],
          [
            118.8881258,
            32.1049343
          ],
          [
            118.888303,
            32.1048069
          ],
          [
            118.8887035,
            32.1044321
          ],
          [
            118.8888393,
            32.1042931
          ],
          [
            118.8889987,
            32.1040503
          ],
          [
            118.8891452,
            32.1038003
          ],
          [
            118.8892338,
            32.1035959
          ],
          [
            118.8893006,
            32.1034212
          ],
          [
            118.8893504,
            32.1032233
          ],
          [
            118.8893979,
            32.1028996
          ],
          [
            118.889443,
            32.1026973
          ],
          [
            118.8894859,
            32.1025314
          ],
          [
            118.8895443,
            32.1023632
          ],
          [
            118.8896273,
            32.1021747
          ],
          [
            118.889727,
            32.1019995
          ],
          [
            118.8898735,
            32.1017607
          ],
          [
            118.8900438,
            32.1015408
          ],
          [
            118.8901964,
            32.1013773
          ],
          [
            118.89034,
            32.101241
          ],
          [
            118.8905011,
            32.1011091
          ],
          [
            118.8907078,
            32.1009749
          ],
          [
            118.890886,
            32.1008807
          ],
          [
            118.891146,
            32.1007484
          ],
          [
            118.8917349,
            32.1004922
          ],
          [
            118.8919336,
            32.1004188
          ],
          [
            118.8921574,
            32.100357
          ],
          [
            118.8925813,
            32.1002597
          ],
          [
            118.8929168,
            32.100199
          ],
          [
            118.893304,
            32.1001559
          ],
          [
            118.8936869,
            32.1001357
          ],
          [
            118.8943676,
            32.1001238
          ],
          [
            118.894911,
            32.1001209
          ],
          [
            118.8952717,
            32.1001082
          ],
          [
            118.8955919,
            32.1000764
          ],
          [
            118.8960417,
            32.099987
          ],
          [
            118.8965334,
            32.0998813
          ],
          [
            118.8969317,
            32.0997492
          ],
          [
            118.8973255,
            32.0995815
          ],
          [
            118.8977645,
            32.0993686
          ],
          [
            118.8981186,
            32.0991531
          ],
          [
            118.8983205,
            32.0990104
          ],
          [
            118.8985533,
            32.0988462
          ],
          [
            118.9023392,
            32.0960164
          ],
          [
            118.9037982,
            32.0949821
          ],
          [
            118.9041308,
            32.0947071
          ],
          [
            118.9044588,
            32.0944537
          ],
          [
            118.9050113,
            32.0938948
          ]
        ]
      },
      "properties": {
        "kind": "road",
        "highway": "primary",
        "name": "仙隐北路",
        "source": "OpenStreetMap",
        "osm_id": "89909977"
      }
    },
    {
      "type": "Feature",
      "geometry": {
        "type": "LineString",
        "coordinates": [
          [
            118.8949066,
            32.0981147
          ],
          [
            118.8981186,
            32.0991531
          ]
        ]
      },
      "properties": {
        "kind": "road",
        "highway": "residential",
        "name": "文苑路",
        "source": "OpenStreetMap",
        "osm_id": "89910181"
      }
    },
    {
      "type": "Feature",
      "geometry": {
        "type": "LineString",
        "coordinates": [
          [
            118.9075377,
            32.0951404
          ],
          [
            118.9063011,
            32.0960478
          ],
          [
            118.9051603,
            32.0968849
          ],
          [
            118.9043301,
            32.0974941
          ],
          [
            118.9026472,
            32.098735
          ],
          [
            118.9024855,
            32.0988988
          ],
          [
            118.9023627,
            32.0991226
          ],
          [
            118.9023303,
            32.0991794
          ],
          [
            118.9023041,
            32.0992196
          ],
          [
            118.9021831,
            32.0994709
          ],
          [
            118.9020532,
            32.0997568
          ],
          [
            118.9019595,
            32.0999889
          ]
        ]
      },
      "properties": {
        "kind": "road",
        "highway": "tertiary",
        "name": "学思路",
        "source": "OpenStreetMap",
        "osm_id": "89911322"
      }
    },
    {
      "type": "Feature",
      "geometry": {
        "type": "LineString",
        "coordinates": [
          [
            118.9023392,
            32.0960164
          ],
          [
            118.9024433,
            32.0961102
          ]
        ]
      },
      "properties": {
        "kind": "road",
        "highway": "tertiary",
        "name": "文枢东路",
        "source": "OpenStreetMap",
        "osm_id": "118932361"
      }
    },
    {
      "type": "Feature",
      "geometry": {
        "type": "LineString",
        "coordinates": [
          [
            118.8815827,
            32.1071478
          ],
          [
            118.8820495,
            32.1071652
          ],
          [
            118.8825403,
            32.1071743
          ],
          [
            118.8827736,
            32.1071626
          ],
          [
            118.8830546,
            32.1071485
          ],
          [
            118.8834903,
            32.1070849
          ]
        ]
      },
      "properties": {
        "kind": "road",
        "highway": "primary",
        "name": "尧新大道",
        "source": "OpenStreetMap",
        "osm_id": "162045122"
      }
    },
    {
      "type": "Feature",
      "geometry": {
        "type": "LineString",
        "coordinates": [
          [
            118.8689039,
            32.1108043
          ],
          [
            118.8690594,
            32.1103442
          ],
          [
            118.8693883,
            32.1097156
          ],
          [
            118.8699405,
            32.1088659
          ],
          [
            118.8706757,
            32.1082299
          ],
          [
            118.8712266,
            32.1077533
          ],
          [
            118.8720533,
            32.1073027
          ],
          [
            118.8727823,
            32.1070262
          ],
          [
            118.8731204,
            32.1069484
          ],
          [
            118.8732935,
            32.1069085
          ],
          [
            118.8733949,
            32.1068852
          ],
          [
            118.8737177,
            32.1068147
          ],
          [
            118.8741242,
            32.1067259
          ],
          [
            118.8753805,
            32.1066677
          ],
          [
            118.8757157,
            32.1066937
          ],
          [
            118.8768215,
            32.1067795
          ],
          [
            118.8774674,
            32.1068171
          ],
          [
            118.8797021,
            32.1070076
          ],
          [
            118.8809309,
            32.1070992
          ]
        ]
      },
      "properties": {
        "kind": "road",
        "highway": "primary",
        "name": "尧新大道",
        "source": "OpenStreetMap",
        "osm_id": "162045123"
      }
    },
    {
      "type": "Feature",
      "geometry": {
        "type": "LineString",
        "coordinates": [
          [
            118.8919336,
            32.1004188
          ],
          [
            118.8920132,
            32.1005459
          ],
          [
            118.8921147,
            32.100727
          ],
          [
            118.8922767,
            32.1010773
          ],
          [
            118.8923238,
            32.1012484
          ],
          [
            118.8922985,
            32.1013374
          ],
          [
            118.8922702,
            32.101437
          ],
          [
            118.8921587,
            32.1016703
          ],
          [
            118.8921158,
            32.1018339
          ],
          [
            118.8921047,
            32.1020042
          ],
          [
            118.8921306,
            32.1021633
          ],
          [
            118.8922012,
            32.1023657
          ],
          [
            118.8923796,
            32.1025575
          ],
          [
            118.8926398,
            32.102712
          ],
          [
            118.8932358,
            32.10289
          ],
          [
            118.8935974,
            32.1029755
          ],
          [
            118.8945415,
            32.1030641
          ],
          [
            118.8950994,
            32.1030959
          ],
          [
            118.8958558,
            32.1031709
          ],
          [
            118.8964164,
            32.1032209
          ],
          [
            118.8970681,
            32.1034072
          ],
          [
            118.8979908,
            32.1036526
          ],
          [
            118.8983236,
            32.1037436
          ],
          [
            118.8986882,
            32.1038434
          ],
          [
            118.8994606,
            32.1040706
          ],
          [
            118.9001714,
            32.1042887
          ],
          [
            118.9006033,
            32.1044319
          ]
        ]
      },
      "properties": {
        "kind": "road",
        "highway": "residential",
        "name": null,
        "source": "OpenStreetMap",
        "osm_id": "191738594"
      }
    },
    {
      "type": "Feature",
      "geometry": {
        "type": "LineString",
        "coordinates": [
          [
            118.8923796,
            32.1025575
          ],
          [
            118.8923264,
            32.1026507
          ],
          [
            118.8920503,
            32.102731
          ],
          [
            118.8915755,
            32.1028196
          ],
          [
            118.8910198,
            32.102913
          ],
          [
            118.8903618,
            32.1030161
          ],
          [
            118.8901419,
            32.1030389
          ],
          [
            118.890107,
            32.1031979
          ],
          [
            118.8900755,
            32.1032082
          ],
          [
            118.8900478,
            32.1032246
          ],
          [
            118.8900256,
            32.1032461
          ],
          [
            118.8900101,
            32.1032716
          ],
          [
            118.8900022,
            32.1032994
          ],
          [
            118.8900032,
            32.1033322
          ],
          [
            118.8900147,
            32.1033636
          ],
          [
            118.890036,
            32.1033911
          ],
          [
            118.8900654,
            32.1034126
          ],
          [
            118.8899581,
            32.1037671
          ],
          [
            118.8898401,
            32.1040306
          ],
          [
            118.8898079,
            32.1043033
          ]
        ]
      },
      "properties": {
        "kind": "road",
        "highway": "residential",
        "name": null,
        "source": "OpenStreetMap",
        "osm_id": "191738595"
      }
    },
    {
      "type": "Feature",
      "geometry": {
        "type": "LineString",
        "coordinates": [
          [
            118.8856132,
            32.1023046
          ],
          [
            118.8858036,
            32.1024059
          ],
          [
            118.8861762,
            32.102691
          ],
          [
            118.8864975,
            32.1029936
          ],
          [
            118.8869646,
            32.1034799
          ],
          [
            118.8870425,
            32.1035727
          ],
          [
            118.8874943,
            32.1041108
          ],
          [
            118.8881258,
            32.1049343
          ],
          [
            118.8882093,
            32.1050501
          ],
          [
            118.8884163,
            32.1053404
          ],
          [
            118.8893556,
            32.106586
          ],
          [
            118.8899968,
            32.1074467
          ],
          [
            118.890411,
            32.1079492
          ],
          [
            118.8916074,
            32.1095027
          ],
          [
            118.8919901,
            32.1100189
          ],
          [
            118.8920473,
            32.1100975
          ],
          [
            118.8923,
            32.1104443
          ],
          [
            118.8926561,
            32.110933
          ],
          [
            118.8928137,
            32.1111494
          ],
          [
            118.8933618,
            32.1118467
          ],
          [
            118.8938369,
            32.1122973
          ],
          [
            118.894469,
            32.1130058
          ],
          [
            118.8946652,
            32.113204
          ],
          [
            118.894794,
            32.1132892
          ],
          [
            118.89492,
            32.1133244
          ],
          [
            118.8950837,
            32.1133289
          ],
          [
            118.895262,
            32.113338
          ],
          [
            118.8955061,
            32.1133619
          ],
          [
            118.895857,
            32.1137312
          ],
          [
            118.8959462,
            32.1138105
          ]
        ]
      },
      "properties": {
        "kind": "road",
        "highway": "primary",
        "name": null,
        "source": "OpenStreetMap",
        "osm_id": "194788023"
      }
    },
    {
      "type": "Feature",
      "geometry": {
        "type": "LineString",
        "coordinates": [
          [
            118.8828992,
            32.1006829
          ],
          [
            118.8824261,
            32.1004827
          ],
          [
            118.8817323,
            32.1001978
          ],
          [
            118.8806,
            32.0997688
          ],
          [
            118.8799761,
            32.0995555
          ],
          [
            118.8784719,
            32.0991388
          ],
          [
            118.8782414,
            32.0990787
          ],
          [
            118.8769819,
            32.0987676
          ],
          [
            118.8756441,
            32.098413
          ],
          [
            118.8750407,
            32.0982426
          ],
          [
            118.8747065,
            32.0981044
          ],
          [
            118.8746213,
            32.0980692
          ]
        ]
      },
      "properties": {
        "kind": "road",
        "highway": "tertiary",
        "name": null,
        "source": "OpenStreetMap",
        "osm_id": "194788031"
      }
    },
    {
      "type": "Feature",
      "geometry": {
        "type": "LineString",
        "coordinates": [
          [
            118.8747773,
            32.0979852
          ],
          [
            118.8754205,
            32.0980463
          ],
          [
            118.8763243,
            32.0982573
          ],
          [
            118.8783457,
            32.0987996
          ],
          [
            118.8798366,
            32.0991985
          ],
          [
            118.8807208,
            32.099482
          ],
          [
            118.8814053,
            32.0997255
          ],
          [
            118.8823793,
            32.1001666
          ],
          [
            118.8830879,
            32.1005942
          ]
        ]
      },
      "properties": {
        "kind": "road",
        "highway": "tertiary",
        "name": null,
        "source": "OpenStreetMap",
        "osm_id": "194788032"
      }
    },
    {
      "type": "Feature",
      "geometry": {
        "type": "LineString",
        "coordinates": [
          [
            118.8974563,
            32.1168611
          ],
          [
            118.8973049,
            32.1167172
          ],
          [
            118.8972549,
            32.1166423
          ],
          [
            118.8972281,
            32.1165469
          ],
          [
            118.8967788,
            32.1161209
          ],
          [
            118.8962999,
            32.115573
          ],
          [
            118.8956874,
            32.1149676
          ],
          [
            118.8946497,
            32.1138932
          ],
          [
            118.8940854,
            32.113211
          ],
          [
            118.8931832,
            32.1122151
          ],
          [
            118.8930786,
            32.1120886
          ],
          [
            118.8926279,
            32.1115436
          ],
          [
            118.8923345,
            32.1111888
          ],
          [
            118.8922565,
            32.1110918
          ],
          [
            118.8919161,
            32.1106657
          ],
          [
            118.8918172,
            32.1105436
          ],
          [
            118.8916347,
            32.1103185
          ],
          [
            118.8910097,
            32.1094823
          ],
          [
            118.8901113,
            32.1082756
          ],
          [
            118.8898213,
            32.107797
          ],
          [
            118.888721,
            32.1062514
          ],
          [
            118.8882232,
            32.1056341
          ],
          [
            118.8879121,
            32.1052484
          ],
          [
            118.887825,
            32.1051403
          ],
          [
            118.8875897,
            32.1048127
          ],
          [
            118.8870409,
            32.1040911
          ],
          [
            118.886937,
            32.1039698
          ],
          [
            118.8863946,
            32.103391
          ],
          [
            118.8858001,
            32.1027894
          ],
          [
            118.8855129,
            32.1024752
          ]
        ]
      },
      "properties": {
        "kind": "road",
        "highway": "primary",
        "name": null,
        "source": "OpenStreetMap",
        "osm_id": "194788034"
      }
    },
    {
      "type": "Feature",
      "geometry": {
        "type": "LineString",
        "coordinates": [
          [
            118.8903053,
            32.1082733
          ],
          [
            118.8899266,
            32.1077652
          ]
        ]
      },
      "properties": {
        "kind": "road",
        "highway": "trunk",
        "name": "智谷大道",
        "source": "OpenStreetMap",
        "osm_id": "194788037"
      }
    },
    {
      "type": "Feature",
      "geometry": {
        "type": "LineString",
        "coordinates": [
          [
            118.8900312,
            32.107692
          ],
          [
            118.890444,
            32.1082093
          ]
        ]
      },
      "properties": {
        "kind": "road",
        "highway": "trunk",
        "name": "智谷大道",
        "source": "OpenStreetMap",
        "osm_id": "194788039"
      }
    },
    {
      "type": "Feature",
      "geometry": {
        "type": "LineString",
        "coordinates": [
          [
            118.8899266,
            32.1077652
          ],
          [
            118.8894216,
            32.1070729
          ],
          [
            118.8870947,
            32.1039851
          ],
          [
            118.8866005,
            32.1034492
          ]
        ]
      },
      "properties": {
        "kind": "road",
        "highway": "trunk",
        "name": "智谷大道",
        "source": "OpenStreetMap",
        "osm_id": "194788040"
      }
    },
    {
      "type": "Feature",
      "geometry": {
        "type": "LineString",
        "coordinates": [
          [
            118.8867044,
            32.1033501
          ],
          [
            118.8872118,
            32.1039092
          ],
          [
            118.8900312,
            32.107692
          ]
        ]
      },
      "properties": {
        "kind": "road",
        "highway": "trunk",
        "name": "智谷大道",
        "source": "OpenStreetMap",
        "osm_id": "194788041"
      }
    },
    {
      "type": "Feature",
      "geometry": {
        "type": "LineString",
        "coordinates": [
          [
            118.8830879,
            32.1005942
          ],
          [
            118.8835039,
            32.1008319
          ]
        ]
      },
      "properties": {
        "kind": "road",
        "highway": "trunk",
        "name": "玄武大道",
        "source": "OpenStreetMap",
        "osm_id": "194788042"
      }
    },
    {
      "type": "Feature",
      "geometry": {
        "type": "LineString",
        "coordinates": [
          [
            118.8866005,
            32.1034492
          ],
          [
            118.8861497,
            32.1029967
          ],
          [
            118.8855129,
            32.1024752
          ]
        ]
      },
      "properties": {
        "kind": "road",
        "highway": "trunk",
        "name": "智谷大道",
        "source": "OpenStreetMap",
        "osm_id": "194788043"
      }
    },
    {
      "type": "Feature",
      "geometry": {
        "type": "LineString",
        "coordinates": [
          [
            118.8757183,
            32.0982344
          ],
          [
            118.8773014,
            32.0986295
          ],
          [
            118.8796011,
            32.0992222
          ],
          [
            118.8802656,
            32.0994222
          ],
          [
            118.881213,
            32.0997592
          ]
        ]
      },
      "properties": {
        "kind": "road",
        "highway": "trunk",
        "name": "玄武大道",
        "source": "OpenStreetMap",
        "osm_id": "194788045"
      }
    },
    {
      "type": "Feature",
      "geometry": {
        "type": "LineString",
        "coordinates": [
          [
            118.9010485,
            32.1079063
          ],
          [
            118.9020773,
            32.1081931
          ],
          [
            118.9022654,
            32.1082465
          ],
          [
            118.9033735,
            32.1085563
          ],
          [
            118.9033497,
            32.1086353
          ],
          [
            118.9032989,
            32.1088042
          ],
          [
            118.9032579,
            32.1089402
          ],
          [
            118.9032132,
            32.1090887
          ],
          [
            118.9019808,
            32.1088381
          ]
        ]
      },
      "properties": {
        "kind": "road",
        "highway": "residential",
        "name": null,
        "source": "OpenStreetMap",
        "osm_id": "369653616"
      }
    },
    {
      "type": "Feature",
      "geometry": {
        "type": "LineString",
        "coordinates": [
          [
            118.8919336,
            32.1004188
          ],
          [
            118.8918436,
            32.1002854
          ],
          [
            118.8912753,
            32.0994733
          ],
          [
            118.8918218,
            32.0991162
          ],
          [
            118.8920313,
            32.0989926
          ],
          [
            118.8925463,
            32.0987358
          ],
          [
            118.8932104,
            32.0985506
          ],
          [
            118.894429,
            32.0983581
          ],
          [
            118.8949066,
            32.0981147
          ]
        ]
      },
      "properties": {
        "kind": "road",
        "highway": "residential",
        "name": null,
        "source": "OpenStreetMap",
        "osm_id": "369653622"
      }
    },
    {
      "type": "Feature",
      "geometry": {
        "type": "LineString",
        "coordinates": [
          [
            118.8832545,
            32.0975333
          ],
          [
            118.8837939,
            32.0969001
          ],
          [
            118.8841537,
            32.0970686
          ],
          [
            118.8844786,
            32.0972207
          ],
          [
            118.884838,
            32.097389
          ],
          [
            118.8850047,
            32.0974671
          ],
          [
            118.8850783,
            32.0974835
          ],
          [
            118.8851454,
            32.0974685
          ],
          [
            118.8853226,
            32.0973976
          ],
          [
            118.8856178,
            32.0970994
          ],
          [
            118.8859676,
            32.0967463
          ],
          [
            118.886207,
            32.0965045
          ],
          [
            118.8862688,
            32.0963965
          ]
        ]
      },
      "properties": {
        "kind": "road",
        "highway": "residential",
        "name": null,
        "source": "OpenStreetMap",
        "osm_id": "369692804"
      }
    },
    {
      "type": "Feature",
      "geometry": {
        "type": "LineString",
        "coordinates": [
          [
            118.8923238,
            32.1012484
          ],
          [
            118.8932408,
            32.1016355
          ]
        ]
      },
      "properties": {
        "kind": "road",
        "highway": "residential",
        "name": null,
        "source": "OpenStreetMap",
        "osm_id": "414199031"
      }
    },
    {
      "type": "Feature",
      "geometry": {
        "type": "LineString",
        "coordinates": [
          [
            118.9006033,
            32.1044319
          ],
          [
            118.9010656,
            32.1045935
          ],
          [
            118.9013392,
            32.1046912
          ],
          [
            118.901479,
            32.1047475
          ]
        ]
      },
      "properties": {
        "kind": "road",
        "highway": "residential",
        "name": null,
        "source": "OpenStreetMap",
        "osm_id": "414220037"
      }
    },
    {
      "type": "Feature",
      "geometry": {
        "type": "LineString",
        "coordinates": [
          [
            118.9011681,
            32.1054523
          ],
          [
            118.9025638,
            32.1058971
          ],
          [
            118.902592,
            32.1059289
          ],
          [
            118.9026362,
            32.1058812
          ],
          [
            118.9027139,
            32.1056807
          ],
          [
            118.9028374,
            32.105362
          ],
          [
            118.9028411,
            32.1053146
          ],
          [
            118.9028427,
            32.1052939
          ],
          [
            118.9028776,
            32.1052143
          ],
          [
            118.9021761,
            32.1049821
          ],
          [
            118.9020617,
            32.1049436
          ],
          [
            118.901479,
            32.1047475
          ]
        ]
      },
      "properties": {
        "kind": "road",
        "highway": "residential",
        "name": null,
        "source": "OpenStreetMap",
        "osm_id": "414220038"
      }
    },
    {
      "type": "Feature",
      "geometry": {
        "type": "LineString",
        "coordinates": [
          [
            118.8985533,
            32.0988462
          ],
          [
            118.8987169,
            32.0989068
          ],
          [
            118.9019595,
            32.0999889
          ],
          [
            118.905896,
            32.1012866
          ],
          [
            118.906548,
            32.10149
          ],
          [
            118.9069779,
            32.101628
          ],
          [
            118.9074263,
            32.1017619
          ],
          [
            118.9076661,
            32.1018248
          ],
          [
            118.9077748,
            32.1018592
          ]
        ]
      },
      "properties": {
        "kind": "road",
        "highway": "secondary",
        "name": "文苑路",
        "source": "OpenStreetMap",
        "osm_id": "423022844"
      }
    },
    {
      "type": "Feature",
      "geometry": {
        "type": "LineString",
        "coordinates": [
          [
            118.8809209,
            32.1072294
          ],
          [
            118.8796922,
            32.1071188
          ],
          [
            118.8773776,
            32.1069285
          ],
          [
            118.8771881,
            32.1069103
          ],
          [
            118.8752706,
            32.1067805
          ],
          [
            118.8742031,
            32.1068406
          ],
          [
            118.8733545,
            32.1070782
          ],
          [
            118.8731922,
            32.1071237
          ],
          [
            118.8729488,
            32.1071918
          ],
          [
            118.8722735,
            32.1073895
          ],
          [
            118.8713677,
            32.1078385
          ],
          [
            118.8701006,
            32.1089342
          ],
          [
            118.8695972,
            32.1096433
          ],
          [
            118.8693464,
            32.1100996
          ],
          [
            118.8693062,
            32.1102055
          ],
          [
            118.8691891,
            32.1105137
          ],
          [
            118.8691383,
            32.1106511
          ],
          [
            118.8690658,
            32.110847
          ]
        ]
      },
      "properties": {
        "kind": "road",
        "highway": "primary",
        "name": "尧新大道",
        "source": "OpenStreetMap",
        "osm_id": "423022848"
      }
    },
    {
      "type": "Feature",
      "geometry": {
        "type": "LineString",
        "coordinates": [
          [
            118.9077226,
            32.1020041
          ],
          [
            118.9018936,
            32.1001577
          ],
          [
            118.8984658,
            32.0990808
          ],
          [
            118.8983205,
            32.0990104
          ]
        ]
      },
      "properties": {
        "kind": "road",
        "highway": "secondary",
        "name": "文苑路",
        "source": "OpenStreetMap",
        "osm_id": "423022858"
      }
    },
    {
      "type": "Feature",
      "geometry": {
        "type": "LineString",
        "coordinates": [
          [
            118.8809309,
            32.1070992
          ],
          [
            118.8815827,
            32.1071478
          ]
        ]
      },
      "properties": {
        "kind": "road",
        "highway": "primary",
        "name": "尧新大道",
        "source": "OpenStreetMap",
        "osm_id": "423022864"
      }
    },
    {
      "type": "Feature",
      "geometry": {
        "type": "LineString",
        "coordinates": [
          [
            118.8879121,
            32.1052484
          ],
          [
            118.8874422,
            32.1055701
          ],
          [
            118.8869002,
            32.1059179
          ],
          [
            118.8864081,
            32.1062133
          ],
          [
            118.8861251,
            32.1063644
          ],
          [
            118.8857508,
            32.106557
          ],
          [
            118.885554,
            32.1066484
          ],
          [
            118.8853504,
            32.1067259
          ],
          [
            118.8848403,
            32.1068926
          ],
          [
            118.8842906,
            32.1070524
          ]
        ]
      },
      "properties": {
        "kind": "road",
        "highway": "primary",
        "name": "尧新大道",
        "source": "OpenStreetMap",
        "osm_id": "423022867"
      }
    },
    {
      "type": "Feature",
      "geometry": {
        "type": "LineString",
        "coordinates": [
          [
            118.8814736,
            32.1072629
          ],
          [
            118.8809209,
            32.1072294
          ]
        ]
      },
      "properties": {
        "kind": "road",
        "highway": "primary",
        "name": "尧新大道",
        "source": "OpenStreetMap",
        "osm_id": "423022868"
      }
    },
    {
      "type": "Feature",
      "geometry": {
        "type": "LineString",
        "coordinates": [
          [
            118.8882093,
            32.1050501
          ],
          [
            118.8879121,
            32.1052484
          ]
        ]
      },
      "properties": {
        "kind": "road",
        "highway": "primary",
        "name": null,
        "source": "OpenStreetMap",
        "osm_id": "424857491"
      }
    },
    {
      "type": "Feature",
      "geometry": {
        "type": "LineString",
        "coordinates": [
          [
            118.893229,
            32.095009
          ],
          [
            118.8930016,
            32.0950426
          ]
        ]
      },
      "properties": {
        "kind": "road",
        "highway": "residential",
        "name": null,
        "source": "OpenStreetMap",
        "osm_id": "424859033"
      }
    },
    {
      "type": "Feature",
      "geometry": {
        "type": "LineString",
        "coordinates": [
          [
            118.9019595,
            32.0999889
          ],
          [
            118.9018936,
            32.1001577
          ]
        ]
      },
      "properties": {
        "kind": "road",
        "highway": "tertiary",
        "name": null,
        "source": "OpenStreetMap",
        "osm_id": "424861695"
      }
    },
    {
      "type": "Feature",
      "geometry": {
        "type": "LineString",
        "coordinates": [
          [
            118.9024433,
            32.0961102
          ],
          [
            118.8987169,
            32.0989068
          ],
          [
            118.8986525,
            32.0989471
          ],
          [
            118.8984658,
            32.0990808
          ],
          [
            118.8984187,
            32.0991121
          ],
          [
            118.8982071,
            32.0992615
          ],
          [
            118.8978222,
            32.0994822
          ],
          [
            118.8973953,
            32.0996927
          ],
          [
            118.8969746,
            32.0998673
          ],
          [
            118.89656,
            32.0999919
          ],
          [
            118.8960787,
            32.1001145
          ],
          [
            118.8956134,
            32.1002014
          ],
          [
            118.8953882,
            32.1002312
          ],
          [
            118.8949136,
            32.1002593
          ],
          [
            118.894363,
            32.1002461
          ],
          [
            118.8936962,
            32.1002419
          ],
          [
            118.8933107,
            32.1002672
          ],
          [
            118.8929425,
            32.1003083
          ],
          [
            118.8926121,
            32.1003697
          ],
          [
            118.8922083,
            32.1004763
          ],
          [
            118.8920132,
            32.1005459
          ],
          [
            118.8918315,
            32.1006206
          ],
          [
            118.8912317,
            32.1008733
          ],
          [
            118.8909839,
            32.1009989
          ],
          [
            118.8908064,
            32.1010885
          ],
          [
            118.8905977,
            32.1012113
          ],
          [
            118.8904431,
            32.1013339
          ],
          [
            118.8903948,
            32.101384
          ],
          [
            118.8903523,
            32.1014281
          ],
          [
            118.8903199,
            32.1014617
          ],
          [
            118.8901564,
            32.1016396
          ],
          [
            118.8899865,
            32.1018599
          ],
          [
            118.8898525,
            32.1020644
          ],
          [
            118.8897573,
            32.1022348
          ],
          [
            118.889689,
            32.102399
          ],
          [
            118.8896307,
            32.10257
          ],
          [
            118.8895861,
            32.1027393
          ],
          [
            118.8895462,
            32.1029066
          ],
          [
            118.8895114,
            32.103171
          ],
          [
            118.8894597,
            32.1033995
          ],
          [
            118.8893692,
            32.1036584
          ],
          [
            118.8892919,
            32.1038503
          ],
          [
            118.8891421,
            32.1041131
          ],
          [
            118.8889579,
            32.1043709
          ],
          [
            118.8888084,
            32.1045326
          ],
          [
            118.8885659,
            32.1047762
          ],
          [
            118.8883678,
            32.1049432
          ],
          [
            118.8882093,
            32.1050501
          ]
        ]
      },
      "properties": {
        "kind": "road",
        "highway": "primary",
        "name": "仙隐北路",
        "source": "OpenStreetMap",
        "osm_id": "432517664"
      }
    },
    {
      "type": "Feature",
      "geometry": {
        "type": "LineString",
        "coordinates": [
          [
            118.9024433,
            32.0961102
          ],
          [
            118.9031199,
            32.096757
          ],
          [
            118.9034786,
            32.0970197
          ],
          [
            118.903742,
            32.0971884
          ],
          [
            118.9043301,
            32.0974941
          ],
          [
            118.9052273,
            32.0977571
          ],
          [
            118.9074726,
            32.0983002
          ],
          [
            118.9084338,
            32.0987098
          ],
          [
            118.9092509,
            32.0990888
          ],
          [
            118.91118,
            32.0999404
          ],
          [
            118.9111978,
            32.0999483
          ],
          [
            118.9120934,
            32.1003518
          ],
          [
            118.913238,
            32.1008675
          ]
        ]
      },
      "properties": {
        "kind": "road",
        "highway": "tertiary",
        "name": "文枢东路",
        "source": "OpenStreetMap",
        "osm_id": "432517665"
      }
    },
    {
      "type": "Feature",
      "geometry": {
        "type": "LineString",
        "coordinates": [
          [
            118.8911831,
            32.0993771
          ],
          [
            118.8911992,
            32.09933
          ],
          [
            118.8910811,
            32.0992033
          ],
          [
            118.891006,
            32.0991948
          ],
          [
            118.8909953,
            32.0992573
          ],
          [
            118.891118,
            32.0993873
          ],
          [
            118.8911831,
            32.0993771
          ],
          [
            118.8912753,
            32.0994733
          ],
          [
            118.8889932,
            32.1010116
          ]
        ]
      },
      "properties": {
        "kind": "road",
        "highway": "residential",
        "name": null,
        "source": "OpenStreetMap",
        "osm_id": "444010468"
      }
    },
    {
      "type": "Feature",
      "geometry": {
        "type": "LineString",
        "coordinates": [
          [
            118.902054,
            32.1084849
          ],
          [
            118.9032989,
            32.1088042
          ]
        ]
      },
      "properties": {
        "kind": "road",
        "highway": "residential",
        "name": null,
        "source": "OpenStreetMap",
        "osm_id": "673044231"
      }
    },
    {
      "type": "Feature",
      "geometry": {
        "type": "LineString",
        "coordinates": [
          [
            118.9008347,
            32.1085458
          ],
          [
            118.9008725,
            32.1084329
          ],
          [
            118.9010485,
            32.1079063
          ]
        ]
      },
      "properties": {
        "kind": "road",
        "highway": "residential",
        "name": null,
        "source": "OpenStreetMap",
        "osm_id": "673044232"
      }
    },
    {
      "type": "Feature",
      "geometry": {
        "type": "LineString",
        "coordinates": [
          [
            118.9020773,
            32.1081931
          ],
          [
            118.902054,
            32.1084849
          ],
          [
            118.9020203,
            32.1086474
          ],
          [
            118.9019808,
            32.1088381
          ],
          [
            118.9016298,
            32.1087486
          ],
          [
            118.9008347,
            32.1085458
          ]
        ]
      },
      "properties": {
        "kind": "road",
        "highway": "residential",
        "name": null,
        "source": "OpenStreetMap",
        "osm_id": "673044233"
      }
    },
    {
      "type": "Feature",
      "geometry": {
        "type": "LineString",
        "coordinates": [
          [
            118.901479,
            32.1047475
          ],
          [
            118.9014433,
            32.1048285
          ],
          [
            118.9012888,
            32.1051787
          ],
          [
            118.9011681,
            32.1054523
          ],
          [
            118.9003047,
            32.1076689
          ],
          [
            118.9010485,
            32.1079063
          ]
        ]
      },
      "properties": {
        "kind": "road",
        "highway": "residential",
        "name": null,
        "source": "OpenStreetMap",
        "osm_id": "673044234"
      }
    },
    {
      "type": "Feature",
      "geometry": {
        "type": "LineString",
        "coordinates": [
          [
            118.8811446,
            32.0998701
          ],
          [
            118.8807068,
            32.0997022
          ],
          [
            118.8802029,
            32.0995225
          ],
          [
            118.8794411,
            32.0993015
          ],
          [
            118.8785071,
            32.0990569
          ],
          [
            118.8772561,
            32.0987198
          ],
          [
            118.8757693,
            32.0983436
          ]
        ]
      },
      "properties": {
        "kind": "road",
        "highway": "trunk",
        "name": "玄武大道",
        "source": "OpenStreetMap",
        "osm_id": "837258571"
      }
    },
    {
      "type": "Feature",
      "geometry": {
        "type": "LineString",
        "coordinates": [
          [
            118.881213,
            32.0997592
          ],
          [
            118.881816,
            32.0999997
          ],
          [
            118.8826823,
            32.1003903
          ],
          [
            118.8830879,
            32.1005942
          ]
        ]
      },
      "properties": {
        "kind": "road",
        "highway": "trunk",
        "name": "玄武大道",
        "source": "OpenStreetMap",
        "osm_id": "837258572"
      }
    },
    {
      "type": "Feature",
      "geometry": {
        "type": "LineString",
        "coordinates": [
          [
            118.8835039,
            32.1008319
          ],
          [
            118.8845467,
            32.1014727
          ],
          [
            118.8856132,
            32.1023046
          ]
        ]
      },
      "properties": {
        "kind": "road",
        "highway": "trunk",
        "name": "玄武大道",
        "source": "OpenStreetMap",
        "osm_id": "837258573"
      }
    },
    {
      "type": "Feature",
      "geometry": {
        "type": "LineString",
        "coordinates": [
          [
            118.8833927,
            32.1009701
          ],
          [
            118.883052,
            32.1007717
          ],
          [
            118.8828992,
            32.1006829
          ]
        ]
      },
      "properties": {
        "kind": "road",
        "highway": "trunk",
        "name": "玄武大道",
        "source": "OpenStreetMap",
        "osm_id": "837258574"
      }
    },
    {
      "type": "Feature",
      "geometry": {
        "type": "LineString",
        "coordinates": [
          [
            118.8856132,
            32.1023046
          ],
          [
            118.885816,
            32.1025124
          ],
          [
            118.8862919,
            32.1029314
          ],
          [
            118.8867044,
            32.1033501
          ]
        ]
      },
      "properties": {
        "kind": "road",
        "highway": "trunk",
        "name": "智谷大道",
        "source": "OpenStreetMap",
        "osm_id": "837258575"
      }
    },
    {
      "type": "Feature",
      "geometry": {
        "type": "LineString",
        "coordinates": [
          [
            118.8855129,
            32.1024752
          ],
          [
            118.884422,
            32.101601
          ],
          [
            118.8833927,
            32.1009701
          ]
        ]
      },
      "properties": {
        "kind": "road",
        "highway": "trunk",
        "name": "玄武大道",
        "source": "OpenStreetMap",
        "osm_id": "837258576"
      }
    },
    {
      "type": "Feature",
      "geometry": {
        "type": "LineString",
        "coordinates": [
          [
            118.8834811,
            32.1072187
          ],
          [
            118.8830532,
            32.1072601
          ],
          [
            118.8825282,
            32.1072857
          ],
          [
            118.8820267,
            32.1072879
          ],
          [
            118.8815949,
            32.1072649
          ],
          [
            118.8815674,
            32.1072634
          ],
          [
            118.8814736,
            32.1072629
          ]
        ]
      },
      "properties": {
        "kind": "road",
        "highway": "primary",
        "name": "尧新大道",
        "source": "OpenStreetMap",
        "osm_id": "839966893"
      }
    },
    {
      "type": "Feature",
      "geometry": {
        "type": "LineString",
        "coordinates": [
          [
            118.8834903,
            32.1070849
          ],
          [
            118.8838135,
            32.1070319
          ],
          [
            118.884039,
            32.1069829
          ],
          [
            118.884301,
            32.1069216
          ]
        ]
      },
      "properties": {
        "kind": "road",
        "highway": "primary",
        "name": "尧新大道",
        "source": "OpenStreetMap",
        "osm_id": "839966894"
      }
    },
    {
      "type": "Feature",
      "geometry": {
        "type": "LineString",
        "coordinates": [
          [
            118.8842906,
            32.1070524
          ],
          [
            118.8840859,
            32.1071033
          ],
          [
            118.8838178,
            32.1071611
          ],
          [
            118.8834811,
            32.1072187
          ]
        ]
      },
      "properties": {
        "kind": "road",
        "highway": "primary",
        "name": "尧新大道",
        "source": "OpenStreetMap",
        "osm_id": "839966895"
      }
    },
    {
      "type": "Feature",
      "geometry": {
        "type": "LineString",
        "coordinates": [
          [
            118.884301,
            32.1069216
          ],
          [
            118.8848148,
            32.106779
          ],
          [
            118.8852875,
            32.1066188
          ],
          [
            118.8855015,
            32.1065315
          ],
          [
            118.8856897,
            32.1064547
          ],
          [
            118.8860781,
            32.1062655
          ],
          [
            118.8863678,
            32.1061099
          ],
          [
            118.8868667,
            32.1057941
          ],
          [
            118.8873284,
            32.1054846
          ],
          [
            118.887825,
            32.1051403
          ]
        ]
      },
      "properties": {
        "kind": "road",
        "highway": "primary",
        "name": "尧新大道",
        "source": "OpenStreetMap",
        "osm_id": "839966896"
      }
    },
    {
      "type": "Feature",
      "geometry": {
        "type": "LineString",
        "coordinates": [
          [
            118.878901,
            32.0972696
          ],
          [
            118.8789985,
            32.0972884
          ],
          [
            118.8837123,
            32.0990564
          ],
          [
            118.8850533,
            32.0995622
          ]
        ]
      },
      "properties": {
        "kind": "road",
        "highway": "residential",
        "name": null,
        "source": "OpenStreetMap",
        "osm_id": "884063611"
      }
    },
    {
      "type": "Feature",
      "geometry": {
        "type": "LineString",
        "coordinates": [
          [
            118.8917099,
            32.1101647
          ],
          [
            118.8903053,
            32.1082733
          ]
        ]
      },
      "properties": {
        "kind": "road",
        "highway": "trunk",
        "name": "智谷大道",
        "source": "OpenStreetMap",
        "osm_id": "964329537"
      }
    },
    {
      "type": "Feature",
      "geometry": {
        "type": "LineString",
        "coordinates": [
          [
            118.890444,
            32.1082093
          ],
          [
            118.8918527,
            32.1100878
          ]
        ]
      },
      "properties": {
        "kind": "road",
        "highway": "trunk",
        "name": "智谷大道",
        "source": "OpenStreetMap",
        "osm_id": "964329538"
      }
    },
    {
      "type": "Feature",
      "geometry": {
        "type": "LineString",
        "coordinates": [
          [
            118.9051312,
            32.0939696
          ],
          [
            118.9045519,
            32.0945344
          ],
          [
            118.9042461,
            32.094798
          ],
          [
            118.9038733,
            32.0950631
          ],
          [
            118.9024433,
            32.0961102
          ]
        ]
      },
      "properties": {
        "kind": "road",
        "highway": "primary",
        "name": "仙隐北路",
        "source": "OpenStreetMap",
        "osm_id": "965539229"
      }
    },
    {
      "type": "Feature",
      "geometry": {
        "type": "LineString",
        "coordinates": [
          [
            118.8851244,
            32.0959285
          ],
          [
            118.8848595,
            32.0963102
          ],
          [
            118.884746,
            32.0964233
          ],
          [
            118.8844225,
            32.0966102
          ],
          [
            118.8839854,
            32.0967676
          ],
          [
            118.8837939,
            32.0969001
          ]
        ]
      },
      "properties": {
        "kind": "road",
        "highway": "residential",
        "name": null,
        "source": "OpenStreetMap",
        "osm_id": "1002182019"
      }
    },
    {
      "type": "Feature",
      "geometry": {
        "type": "LineString",
        "coordinates": [
          [
            118.897562,
            32.1004615
          ],
          [
            118.8971891,
            32.1006905
          ],
          [
            118.8967794,
            32.100901
          ],
          [
            118.8963604,
            32.1010717
          ],
          [
            118.8960627,
            32.1011557
          ],
          [
            118.8957046,
            32.1012109
          ],
          [
            118.895486,
            32.1012215
          ],
          [
            118.8943699,
            32.1011763
          ],
          [
            118.8939665,
            32.1011625
          ],
          [
            118.8938964,
            32.1011716
          ],
          [
            118.8938279,
            32.1011874
          ],
          [
            118.893762,
            32.1012099
          ],
          [
            118.8936996,
            32.1012386
          ],
          [
            118.8936393,
            32.1012747
          ],
          [
            118.8935844,
            32.1013167
          ],
          [
            118.8935359,
            32.101364
          ],
          [
            118.8934918,
            32.1014107
          ],
          [
            118.8932408,
            32.1016355
          ]
        ]
      },
      "properties": {
        "kind": "road",
        "highway": "residential",
        "name": null,
        "source": "OpenStreetMap",
        "osm_id": "1296566455"
      }
    },
    {
      "type": "Feature",
      "geometry": {
        "type": "LineString",
        "coordinates": [
          [
            118.8841537,
            32.0970686
          ],
          [
            118.8842906,
            32.09689
          ],
          [
            118.8844438,
            32.0967421
          ],
          [
            118.884754,
            32.0965889
          ],
          [
            118.8850315,
            32.0965059
          ],
          [
            118.8853367,
            32.0964985
          ],
          [
            118.8856331,
            32.0965591
          ],
          [
            118.8858428,
            32.0966421
          ],
          [
            118.8859676,
            32.0967463
          ]
        ]
      },
      "properties": {
        "kind": "road",
        "highway": "residential",
        "name": null,
        "source": "OpenStreetMap",
        "osm_id": "1425153720"
      }
    },
    {
      "type": "Feature",
      "geometry": {
        "type": "LineString",
        "coordinates": [
          [
            118.8844786,
            32.0972207
          ],
          [
            118.8839716,
            32.0977315
          ],
          [
            118.8841047,
            32.097757
          ],
          [
            118.8843672,
            32.0977879
          ],
          [
            118.8846661,
            32.0979155
          ],
          [
            118.8850783,
            32.0974835
          ]
        ]
      },
      "properties": {
        "kind": "road",
        "highway": "residential",
        "name": null,
        "source": "OpenStreetMap",
        "osm_id": "1425153721"
      }
    },
    {
      "type": "Feature",
      "geometry": {
        "type": "LineString",
        "coordinates": [
          [
            118.884838,
            32.097389
          ],
          [
            118.8848636,
            32.09733
          ],
          [
            118.8848984,
            32.0972744
          ],
          [
            118.8849415,
            32.0972233
          ],
          [
            118.8849923,
            32.0971774
          ],
          [
            118.8850499,
            32.0971377
          ],
          [
            118.8851132,
            32.0971049
          ],
          [
            118.8851816,
            32.0970793
          ],
          [
            118.8852534,
            32.0970617
          ],
          [
            118.8853274,
            32.0970524
          ],
          [
            118.8854021,
            32.0970516
          ],
          [
            118.8854764,
            32.0970593
          ],
          [
            118.8855487,
            32.0970753
          ],
          [
            118.8856178,
            32.0970994
          ]
        ]
      },
      "properties": {
        "kind": "road",
        "highway": "residential",
        "name": null,
        "source": "OpenStreetMap",
        "osm_id": "1425153722"
      }
    },
    {
      "type": "Feature",
      "geometry": {
        "type": "LineString",
        "coordinates": [
          [
            118.8957046,
            32.1012109
          ],
          [
            118.8957489,
            32.1016635
          ],
          [
            118.8957607,
            32.1016996
          ],
          [
            118.8957802,
            32.1017333
          ],
          [
            118.8958065,
            32.1017634
          ],
          [
            118.8958405,
            32.1017901
          ],
          [
            118.8958799,
            32.1018108
          ],
          [
            118.8959232,
            32.1018248
          ],
          [
            118.8970672,
            32.1021633
          ],
          [
            118.8971179,
            32.1021732
          ],
          [
            118.8971699,
            32.1021747
          ],
          [
            118.8972214,
            32.1021679
          ],
          [
            118.897271,
            32.1021527
          ],
          [
            118.8973163,
            32.1021297
          ],
          [
            118.8973555,
            32.1020997
          ],
          [
            118.8977337,
            32.1018452
          ],
          [
            118.8988428,
            32.1010148
          ],
          [
            118.8988743,
            32.1009951
          ],
          [
            118.8989004,
            32.1009705
          ],
          [
            118.89892,
            32.1009423
          ],
          [
            118.8989326,
            32.1009114
          ],
          [
            118.8990453,
            32.1006194
          ],
          [
            118.8990469,
            32.1005878
          ],
          [
            118.8990405,
            32.1005567
          ],
          [
            118.8990265,
            32.1005274
          ],
          [
            118.8990099,
            32.1005059
          ],
          [
            118.8989891,
            32.1004871
          ],
          [
            118.8989648,
            32.1004717
          ],
          [
            118.8986816,
            32.1003643
          ],
          [
            118.8983439,
            32.1002638
          ],
          [
            118.898187,
            32.1002491
          ],
          [
            118.8980596,
            32.1002559
          ]
        ]
      },
      "properties": {
        "kind": "road",
        "highway": "residential",
        "name": null,
        "source": "OpenStreetMap",
        "osm_id": "1426230754"
      }
    },
    {
      "type": "Feature",
      "geometry": {
        "type": "LineString",
        "coordinates": [
          [
            118.8932408,
            32.1016355
          ],
          [
            118.8931686,
            32.101701
          ],
          [
            118.8922985,
            32.1013374
          ]
        ]
      },
      "properties": {
        "kind": "road",
        "highway": "residential",
        "name": null,
        "source": "OpenStreetMap",
        "osm_id": "1426230755"
      }
    },
    {
      "type": "Feature",
      "geometry": {
        "type": "LineString",
        "coordinates": [
          [
            118.9109071,
            32.0968201
          ],
          [
            118.9101402,
            32.0978707
          ],
          [
            118.9092509,
            32.0990888
          ],
          [
            118.9085855,
            32.1003377
          ],
          [
            118.9083523,
            32.1007753
          ],
          [
            118.9083395,
            32.1007994
          ],
          [
            118.9077748,
            32.1018592
          ]
        ]
      },
      "properties": {
        "kind": "road",
        "highway": "tertiary",
        "name": "学衡路",
        "source": "OpenStreetMap",
        "osm_id": "89910178"
      }
    },
    {
      "type": "Feature",
      "geometry": {
        "type": "LineString",
        "coordinates": [
          [
            118.9272682,
            32.0962848
          ],
          [
            118.9262424,
            32.0976657
          ],
          [
            118.9256475,
            32.0984666
          ],
          [
            118.9248951,
            32.0994793
          ]
        ]
      },
      "properties": {
        "kind": "road",
        "highway": "secondary",
        "name": "学子路",
        "source": "OpenStreetMap",
        "osm_id": "89910186"
      }
    },
    {
      "type": "Feature",
      "geometry": {
        "type": "LineString",
        "coordinates": [
          [
            118.9134213,
            32.1009325
          ],
          [
            118.9122015,
            32.1031733
          ]
        ]
      },
      "properties": {
        "kind": "road",
        "highway": "primary",
        "name": "文澜路",
        "source": "OpenStreetMap",
        "osm_id": "89910188"
      }
    },
    {
      "type": "Feature",
      "geometry": {
        "type": "LineString",
        "coordinates": [
          [
            118.9109071,
            32.0968201
          ],
          [
            118.9127363,
            32.0977322
          ],
          [
            118.9136607,
            32.0981934
          ],
          [
            118.9137867,
            32.0982568
          ],
          [
            118.9147344,
            32.098735
          ]
        ]
      },
      "properties": {
        "kind": "road",
        "highway": "tertiary",
        "name": "文范路",
        "source": "OpenStreetMap",
        "osm_id": "89911325"
      }
    },
    {
      "type": "Feature",
      "geometry": {
        "type": "LineString",
        "coordinates": [
          [
            118.920384,
            32.0975491
          ],
          [
            118.9202244,
            32.0977417
          ],
          [
            118.9186773,
            32.0998349
          ],
          [
            118.9179098,
            32.1008425
          ],
          [
            118.9177979,
            32.1010205
          ],
          [
            118.9176454,
            32.1013147
          ],
          [
            118.9169803,
            32.1030428
          ],
          [
            118.9168415,
            32.1034034
          ],
          [
            118.9163999,
            32.1044924
          ],
          [
            118.9163577,
            32.1045998
          ]
        ]
      },
      "properties": {
        "kind": "road",
        "highway": "tertiary",
        "name": "学津路",
        "source": "OpenStreetMap",
        "osm_id": "89911327"
      }
    },
    {
      "type": "Feature",
      "geometry": {
        "type": "LineString",
        "coordinates": [
          [
            118.9134213,
            32.1009325
          ],
          [
            118.9136628,
            32.1009578
          ],
          [
            118.9154299,
            32.1011073
          ],
          [
            118.9176454,
            32.1013147
          ],
          [
            118.9198961,
            32.1015713
          ],
          [
            118.9226404,
            32.1018816
          ],
          [
            118.922829,
            32.1018821
          ]
        ]
      },
      "properties": {
        "kind": "road",
        "highway": "tertiary",
        "name": "杉湖西路",
        "source": "OpenStreetMap",
        "osm_id": "118932332"
      }
    },
    {
      "type": "Feature",
      "geometry": {
        "type": "LineString",
        "coordinates": [
          [
            118.9231374,
            32.1019231
          ],
          [
            118.92307,
            32.1020434
          ],
          [
            118.9229969,
            32.1021896
          ],
          [
            118.9229073,
            32.1024146
          ],
          [
            118.92282,
            32.102737
          ],
          [
            118.9227518,
            32.1030886
          ],
          [
            118.9227114,
            32.1034718
          ],
          [
            118.9227155,
            32.1040312
          ],
          [
            118.9227655,
            32.1051202
          ],
          [
            118.9227676,
            32.1051809
          ],
          [
            118.9228618,
            32.1064926
          ],
          [
            118.9228596,
            32.1066207
          ],
          [
            118.9229745,
            32.1102776
          ],
          [
            118.9230198,
            32.1120112
          ],
          [
            118.9230247,
            32.112206
          ],
          [
            118.9229963,
            32.1126816
          ],
          [
            118.9229323,
            32.1132235
          ],
          [
            118.9228044,
            32.1136569
          ],
          [
            118.9226627,
            32.1139545
          ],
          [
            118.9224632,
            32.1143733
          ],
          [
            118.9219586,
            32.1151921
          ],
          [
            118.9213331,
            32.1162456
          ],
          [
            118.9206365,
            32.1174196
          ],
          [
            118.9191511,
            32.1199102
          ]
        ]
      },
      "properties": {
        "kind": "road",
        "highway": "secondary",
        "name": "学海路",
        "source": "OpenStreetMap",
        "osm_id": "118942534"
      }
    },
    {
      "type": "Feature",
      "geometry": {
        "type": "LineString",
        "coordinates": [
          [
            118.9220563,
            32.0988954
          ],
          [
            118.9209174,
            32.0981428
          ],
          [
            118.9202244,
            32.0977417
          ],
          [
            118.9199334,
            32.0975743
          ],
          [
            118.9193085,
            32.0972206
          ],
          [
            118.9185467,
            32.0968258
          ],
          [
            118.9176764,
            32.0964278
          ],
          [
            118.917257,
            32.096218
          ],
          [
            118.9169071,
            32.096052
          ],
          [
            118.9167706,
            32.0959692
          ],
          [
            118.9164658,
            32.0957909
          ],
          [
            118.9159793,
            32.0955089
          ],
          [
            118.9154874,
            32.0951791
          ],
          [
            118.9150397,
            32.0948807
          ],
          [
            118.9139991,
            32.0943216
          ],
          [
            118.9134908,
            32.0940968
          ],
          [
            118.9130418,
            32.0939158
          ]
        ]
      },
      "properties": {
        "kind": "road",
        "highway": "primary",
        "name": "仙林大道",
        "source": "OpenStreetMap",
        "osm_id": "140811041"
      }
    },
    {
      "type": "Feature",
      "geometry": {
        "type": "LineString",
        "coordinates": [
          [
            118.9077748,
            32.1018592
          ],
          [
            118.9119682,
            32.1031142
          ],
          [
            118.9122015,
            32.1031733
          ]
        ]
      },
      "properties": {
        "kind": "road",
        "highway": "secondary",
        "name": "文苑路",
        "source": "OpenStreetMap",
        "osm_id": "140811048"
      }
    },
    {
      "type": "Feature",
      "geometry": {
        "type": "LineString",
        "coordinates": [
          [
            118.9122015,
            32.1031733
          ],
          [
            118.9145199,
            32.1039146
          ],
          [
            118.9163999,
            32.1044924
          ],
          [
            118.9186255,
            32.1051877
          ],
          [
            118.9209454,
            32.1059091
          ],
          [
            118.9225188,
            32.1063983
          ],
          [
            118.9228618,
            32.1064926
          ],
          [
            118.9262503,
            32.1075391
          ]
        ]
      },
      "properties": {
        "kind": "road",
        "highway": "secondary",
        "name": "文苑路",
        "source": "OpenStreetMap",
        "osm_id": "140811049"
      }
    },
    {
      "type": "Feature",
      "geometry": {
        "type": "LineString",
        "coordinates": [
          [
            118.9264583,
            32.1059428
          ],
          [
            118.9261775,
            32.1059198
          ],
          [
            118.9258344,
            32.1059051
          ],
          [
            118.9256658,
            32.1058868
          ],
          [
            118.925526,
            32.1058612
          ],
          [
            118.9254438,
            32.1058331
          ],
          [
            118.9236088,
            32.1052653
          ],
          [
            118.9234012,
            32.1052092
          ],
          [
            118.9231865,
            32.1051823
          ],
          [
            118.922953,
            32.1051737
          ],
          [
            118.922863,
            32.1051598
          ],
          [
            118.9227676,
            32.1051809
          ],
          [
            118.9224708,
            32.1051994
          ]
        ]
      },
      "properties": {
        "kind": "road",
        "highway": "tertiary",
        "name": "元和路",
        "source": "OpenStreetMap",
        "osm_id": "155406361"
      }
    },
    {
      "type": "Feature",
      "geometry": {
        "type": "LineString",
        "coordinates": [
          [
            118.9188534,
            32.1197511
          ],
          [
            118.9189751,
            32.1195578
          ],
          [
            118.9205936,
            32.1168492
          ],
          [
            118.9212761,
            32.1157179
          ],
          [
            118.9221785,
            32.1142377
          ],
          [
            118.9223907,
            32.113853
          ],
          [
            118.9225179,
            32.1135381
          ],
          [
            118.9226128,
            32.1132125
          ],
          [
            118.9226485,
            32.1129873
          ],
          [
            118.9226851,
            32.1126119
          ],
          [
            118.9226966,
            32.1120127
          ],
          [
            118.9226035,
            32.1090473
          ],
          [
            118.9225533,
            32.1076289
          ],
          [
            118.9225226,
            32.1065255
          ],
          [
            118.9225188,
            32.1063983
          ],
          [
            118.9224708,
            32.1051994
          ],
          [
            118.9224712,
            32.1051373
          ],
          [
            118.9224671,
            32.1049806
          ],
          [
            118.9224388,
            32.1041698
          ],
          [
            118.9224356,
            32.1031254
          ],
          [
            118.9224605,
            32.1029473
          ],
          [
            118.9225135,
            32.1026986
          ],
          [
            118.9225951,
            32.1024239
          ],
          [
            118.9227684,
            32.1020148
          ],
          [
            118.922829,
            32.1018821
          ]
        ]
      },
      "properties": {
        "kind": "road",
        "highway": "secondary",
        "name": "学海路",
        "source": "OpenStreetMap",
        "osm_id": "155413438"
      }
    },
    {
      "type": "Feature",
      "geometry": {
        "type": "LineString",
        "coordinates": [
          [
            118.9250436,
            32.0926026
          ],
          [
            118.9249512,
            32.0926459
          ],
          [
            118.9247967,
            32.0927122
          ],
          [
            118.9242078,
            32.092962
          ],
          [
            118.9239403,
            32.0930777
          ],
          [
            118.9237841,
            32.0931619
          ],
          [
            118.9236693,
            32.0932256
          ],
          [
            118.9234196,
            32.0933968
          ],
          [
            118.9233032,
            32.0934846
          ],
          [
            118.9231898,
            32.093616
          ],
          [
            118.9227402,
            32.0941958
          ],
          [
            118.9227138,
            32.0942286
          ],
          [
            118.9226764,
            32.0942739
          ],
          [
            118.9222058,
            32.094897
          ],
          [
            118.9221365,
            32.095048
          ],
          [
            118.922128,
            32.0951913
          ],
          [
            118.9221565,
            32.0953297
          ],
          [
            118.9222219,
            32.0954481
          ],
          [
            118.9222933,
            32.0955297
          ],
          [
            118.9223841,
            32.0955935
          ],
          [
            118.9224356,
            32.0956218
          ],
          [
            118.9236399,
            32.0962736
          ],
          [
            118.9237561,
            32.0963365
          ],
          [
            118.9238621,
            32.0963935
          ],
          [
            118.9244465,
            32.0967078
          ],
          [
            118.9245603,
            32.096769
          ],
          [
            118.9248102,
            32.0969034
          ],
          [
            118.9258267,
            32.0974501
          ],
          [
            118.9259361,
            32.0975068
          ],
          [
            118.9262424,
            32.0976657
          ]
        ]
      },
      "properties": {
        "kind": "road",
        "highway": "residential",
        "name": "风华路",
        "source": "OpenStreetMap",
        "osm_id": "156596345"
      }
    },
    {
      "type": "Feature",
      "geometry": {
        "type": "LineString",
        "coordinates": [
          [
            118.9240405,
            32.100052
          ],
          [
            118.9243657,
            32.099604
          ]
        ]
      },
      "properties": {
        "kind": "road",
        "highway": "secondary",
        "name": "学子路",
        "source": "OpenStreetMap",
        "osm_id": "189244653"
      }
    },
    {
      "type": "Feature",
      "geometry": {
        "type": "LineString",
        "coordinates": [
          [
            118.9247125,
            32.1017017
          ],
          [
            118.9259164,
            32.1018096
          ],
          [
            118.9263398,
            32.1018475
          ],
          [
            118.9264932,
            32.1017376
          ],
          [
            118.9267259,
            32.101397
          ]
        ]
      },
      "properties": {
        "kind": "road",
        "highway": "residential",
        "name": null,
        "source": "OpenStreetMap",
        "osm_id": "189247057"
      }
    },
    {
      "type": "Feature",
      "geometry": {
        "type": "LineString",
        "coordinates": [
          [
            118.9246524,
            32.1020616
          ],
          [
            118.9247125,
            32.1017017
          ],
          [
            118.9247494,
            32.1014679
          ],
          [
            118.9247214,
            32.1014278
          ],
          [
            118.9246761,
            32.1013916
          ],
          [
            118.9246137,
            32.1013788
          ],
          [
            118.9240178,
            32.1013108
          ]
        ]
      },
      "properties": {
        "kind": "road",
        "highway": "residential",
        "name": null,
        "source": "OpenStreetMap",
        "osm_id": "189247059"
      }
    },
    {
      "type": "Feature",
      "geometry": {
        "type": "LineString",
        "coordinates": [
          [
            118.9131926,
            32.0937304
          ],
          [
            118.9136356,
            32.093886
          ],
          [
            118.9140186,
            32.0940577
          ],
          [
            118.9146893,
            32.094386
          ],
          [
            118.9154319,
            32.0947752
          ],
          [
            118.9162583,
            32.095285
          ],
          [
            118.9166609,
            32.0955244
          ],
          [
            118.9169447,
            32.0957065
          ],
          [
            118.9170959,
            32.0957877
          ],
          [
            118.9174339,
            32.0959577
          ],
          [
            118.9179307,
            32.0962196
          ],
          [
            118.9190012,
            32.0967461
          ],
          [
            118.9200348,
            32.0973131
          ],
          [
            118.9200934,
            32.097346
          ],
          [
            118.920384,
            32.0975491
          ],
          [
            118.9210953,
            32.0979559
          ],
          [
            118.9213343,
            32.0981092
          ],
          [
            118.9222066,
            32.0985863
          ],
          [
            118.9228766,
            32.098901
          ],
          [
            118.9240042,
            32.0994236
          ],
          [
            118.9240509,
            32.0994469
          ],
          [
            118.9242062,
            32.0995244
          ],
          [
            118.9243657,
            32.099604
          ]
        ]
      },
      "properties": {
        "kind": "road",
        "highway": "primary",
        "name": "仙林大道",
        "source": "OpenStreetMap",
        "osm_id": "191556313"
      }
    },
    {
      "type": "Feature",
      "geometry": {
        "type": "LineString",
        "coordinates": [
          [
            118.9248951,
            32.0994793
          ],
          [
            118.9247826,
            32.0996308
          ]
        ]
      },
      "properties": {
        "kind": "road",
        "highway": "secondary",
        "name": "学子路",
        "source": "OpenStreetMap",
        "osm_id": "316493112"
      }
    },
    {
      "type": "Feature",
      "geometry": {
        "type": "LineString",
        "coordinates": [
          [
            118.9244709,
            32.0994629
          ],
          [
            118.9245867,
            32.0993078
          ]
        ]
      },
      "properties": {
        "kind": "road",
        "highway": "secondary",
        "name": "学子路",
        "source": "OpenStreetMap",
        "osm_id": "316493113"
      }
    },
    {
      "type": "Feature",
      "geometry": {
        "type": "LineString",
        "coordinates": [
          [
            118.9245867,
            32.0993078
          ],
          [
            118.9248685,
            32.0989301
          ],
          [
            118.9259361,
            32.0975068
          ],
          [
            118.9269457,
            32.0961757
          ],
          [
            118.9270654,
            32.0960765
          ],
          [
            118.9271797,
            32.096021
          ]
        ]
      },
      "properties": {
        "kind": "road",
        "highway": "secondary",
        "name": "学子路",
        "source": "OpenStreetMap",
        "osm_id": "316493114"
      }
    },
    {
      "type": "Feature",
      "geometry": {
        "type": "LineString",
        "coordinates": [
          [
            118.9247826,
            32.0996308
          ],
          [
            118.9247499,
            32.0996749
          ],
          [
            118.9246844,
            32.099763
          ],
          [
            118.9243506,
            32.1002123
          ]
        ]
      },
      "properties": {
        "kind": "road",
        "highway": "secondary",
        "name": "学子路",
        "source": "OpenStreetMap",
        "osm_id": "316493115"
      }
    },
    {
      "type": "Feature",
      "geometry": {
        "type": "LineString",
        "coordinates": [
          [
            118.9227138,
            32.0942286
          ],
          [
            118.9242903,
            32.0950699
          ],
          [
            118.9243479,
            32.0951229
          ],
          [
            118.9243841,
            32.0951743
          ],
          [
            118.9244029,
            32.09524
          ],
          [
            118.9244136,
            32.0953062
          ],
          [
            118.9244015,
            32.0954175
          ],
          [
            118.9243439,
            32.0955323
          ],
          [
            118.9237561,
            32.0963365
          ]
        ]
      },
      "properties": {
        "kind": "road",
        "highway": "residential",
        "name": "尚东路",
        "source": "OpenStreetMap",
        "osm_id": "319654180"
      }
    },
    {
      "type": "Feature",
      "geometry": {
        "type": "LineString",
        "coordinates": [
          [
            118.9246835,
            32.1003821
          ],
          [
            118.9246668,
            32.1002307
          ],
          [
            118.9248111,
            32.1000344
          ],
          [
            118.9250212,
            32.099931
          ]
        ]
      },
      "properties": {
        "kind": "road",
        "highway": "secondary",
        "name": null,
        "source": "OpenStreetMap",
        "osm_id": "386350093"
      }
    },
    {
      "type": "Feature",
      "geometry": {
        "type": "LineString",
        "coordinates": [
          [
            118.9240509,
            32.0994469
          ],
          [
            118.9240082,
            32.0996607
          ],
          [
            118.9238842,
            32.0998433
          ],
          [
            118.923745,
            32.0998865
          ]
        ]
      },
      "properties": {
        "kind": "road",
        "highway": "secondary",
        "name": null,
        "source": "OpenStreetMap",
        "osm_id": "386350094"
      }
    },
    {
      "type": "Feature",
      "geometry": {
        "type": "LineString",
        "coordinates": [
          [
            118.9118756,
            32.1032767
          ],
          [
            118.9077226,
            32.1020041
          ]
        ]
      },
      "properties": {
        "kind": "road",
        "highway": "secondary",
        "name": "文苑路",
        "source": "OpenStreetMap",
        "osm_id": "423022845"
      }
    },
    {
      "type": "Feature",
      "geometry": {
        "type": "LineString",
        "coordinates": [
          [
            118.9261944,
            32.1076403
          ],
          [
            118.9228596,
            32.1066207
          ],
          [
            118.9225226,
            32.1065255
          ],
          [
            118.9163577,
            32.1045998
          ],
          [
            118.9121063,
            32.103346
          ]
        ]
      },
      "properties": {
        "kind": "road",
        "highway": "secondary",
        "name": "文苑路",
        "source": "OpenStreetMap",
        "osm_id": "423022850"
      }
    },
    {
      "type": "Feature",
      "geometry": {
        "type": "LineString",
        "coordinates": [
          [
            118.9119682,
            32.1031142
          ],
          [
            118.9127466,
            32.1017369
          ],
          [
            118.913238,
            32.1008675
          ]
        ]
      },
      "properties": {
        "kind": "road",
        "highway": "primary",
        "name": "文澜路",
        "source": "OpenStreetMap",
        "osm_id": "423022856"
      }
    },
    {
      "type": "Feature",
      "geometry": {
        "type": "LineString",
        "coordinates": [
          [
            118.9077748,
            32.1018592
          ],
          [
            118.9077226,
            32.1020041
          ]
        ]
      },
      "properties": {
        "kind": "road",
        "highway": "tertiary",
        "name": null,
        "source": "OpenStreetMap",
        "osm_id": "424680539"
      }
    },
    {
      "type": "Feature",
      "geometry": {
        "type": "LineString",
        "coordinates": [
          [
            118.9154299,
            32.1011073
          ],
          [
            118.9153377,
            32.101759
          ],
          [
            118.9153262,
            32.1019026
          ],
          [
            118.9153036,
            32.1021843
          ],
          [
            118.9152808,
            32.1024684
          ],
          [
            118.9153662,
            32.1027129
          ],
          [
            118.9153743,
            32.1029161
          ],
          [
            118.9153138,
            32.1030444
          ],
          [
            118.915049,
            32.1030642
          ],
          [
            118.9149353,
            32.1032407
          ],
          [
            118.9148056,
            32.1034418
          ],
          [
            118.9146907,
            32.10362
          ],
          [
            118.9145199,
            32.1039146
          ]
        ]
      },
      "properties": {
        "kind": "road",
        "highway": "residential",
        "name": null,
        "source": "OpenStreetMap",
        "osm_id": "502642753"
      }
    },
    {
      "type": "Feature",
      "geometry": {
        "type": "LineString",
        "coordinates": [
          [
            118.9132928,
            32.1028782
          ],
          [
            118.9134778,
            32.1025164
          ],
          [
            118.9135164,
            32.1024409
          ],
          [
            118.9136826,
            32.1021495
          ],
          [
            118.913896,
            32.1017753
          ],
          [
            118.913927,
            32.1017211
          ],
          [
            118.9141221,
            32.1014422
          ],
          [
            118.9146074,
            32.1014756
          ],
          [
            118.9149718,
            32.1015007
          ]
        ]
      },
      "properties": {
        "kind": "road",
        "highway": "residential",
        "name": null,
        "source": "OpenStreetMap",
        "osm_id": "502642754"
      }
    },
    {
      "type": "Feature",
      "geometry": {
        "type": "LineString",
        "coordinates": [
          [
            118.9169886,
            32.102021
          ],
          [
            118.9163463,
            32.1019792
          ],
          [
            118.9153262,
            32.1019026
          ],
          [
            118.914578,
            32.101836
          ],
          [
            118.913896,
            32.1017753
          ]
        ]
      },
      "properties": {
        "kind": "road",
        "highway": "residential",
        "name": null,
        "source": "OpenStreetMap",
        "osm_id": "502642755"
      }
    },
    {
      "type": "Feature",
      "geometry": {
        "type": "LineString",
        "coordinates": [
          [
            118.913896,
            32.1017753
          ],
          [
            118.9135515,
            32.1015582
          ]
        ]
      },
      "properties": {
        "kind": "road",
        "highway": "residential",
        "name": null,
        "source": "OpenStreetMap",
        "osm_id": "502642756"
      }
    },
    {
      "type": "Feature",
      "geometry": {
        "type": "LineString",
        "coordinates": [
          [
            118.9133553,
            32.1019735
          ],
          [
            118.9136826,
            32.1021495
          ],
          [
            118.91451,
            32.1022109
          ],
          [
            118.9146162,
            32.1022188
          ],
          [
            118.9147638,
            32.1022114
          ],
          [
            118.9153036,
            32.1021843
          ],
          [
            118.916343,
            32.1022856
          ],
          [
            118.9169419,
            32.1023217
          ]
        ]
      },
      "properties": {
        "kind": "road",
        "highway": "residential",
        "name": null,
        "source": "OpenStreetMap",
        "osm_id": "502642757"
      }
    },
    {
      "type": "Feature",
      "geometry": {
        "type": "LineString",
        "coordinates": [
          [
            118.9130658,
            32.1023731
          ],
          [
            118.9134778,
            32.1025164
          ],
          [
            118.9142685,
            32.1025923
          ],
          [
            118.9146174,
            32.1026258
          ],
          [
            118.914801,
            32.1026434
          ],
          [
            118.9149525,
            32.1026579
          ],
          [
            118.9153662,
            32.1027129
          ],
          [
            118.9161444,
            32.1027895
          ],
          [
            118.9167364,
            32.1028478
          ]
        ]
      },
      "properties": {
        "kind": "road",
        "highway": "residential",
        "name": null,
        "source": "OpenStreetMap",
        "osm_id": "502642758"
      }
    },
    {
      "type": "Feature",
      "geometry": {
        "type": "LineString",
        "coordinates": [
          [
            118.9128445,
            32.1027328
          ],
          [
            118.9132928,
            32.1028782
          ],
          [
            118.9136383,
            32.1030126
          ],
          [
            118.9140637,
            32.1031654
          ],
          [
            118.9148056,
            32.1034418
          ],
          [
            118.9156549,
            32.1036444
          ],
          [
            118.9161007,
            32.1037507
          ]
        ]
      },
      "properties": {
        "kind": "road",
        "highway": "residential",
        "name": null,
        "source": "OpenStreetMap",
        "osm_id": "502642759"
      }
    },
    {
      "type": "Feature",
      "geometry": {
        "type": "LineString",
        "coordinates": [
          [
            118.9153138,
            32.1030444
          ],
          [
            118.9160501,
            32.1031785
          ],
          [
            118.9165138,
            32.1033008
          ]
        ]
      },
      "properties": {
        "kind": "road",
        "highway": "residential",
        "name": null,
        "source": "OpenStreetMap",
        "osm_id": "502642760"
      }
    },
    {
      "type": "Feature",
      "geometry": {
        "type": "LineString",
        "coordinates": [
          [
            118.9140637,
            32.1031654
          ],
          [
            118.9142285,
            32.1027464
          ],
          [
            118.9142685,
            32.1025923
          ]
        ]
      },
      "properties": {
        "kind": "road",
        "highway": "residential",
        "name": null,
        "source": "OpenStreetMap",
        "osm_id": "502642761"
      }
    },
    {
      "type": "Feature",
      "geometry": {
        "type": "LineString",
        "coordinates": [
          [
            118.9146174,
            32.1026258
          ],
          [
            118.9147638,
            32.1022114
          ]
        ]
      },
      "properties": {
        "kind": "road",
        "highway": "residential",
        "name": null,
        "source": "OpenStreetMap",
        "osm_id": "502642762"
      }
    },
    {
      "type": "Feature",
      "geometry": {
        "type": "LineString",
        "coordinates": [
          [
            118.91451,
            32.1022109
          ],
          [
            118.914578,
            32.101836
          ],
          [
            118.9146074,
            32.1014756
          ]
        ]
      },
      "properties": {
        "kind": "road",
        "highway": "residential",
        "name": null,
        "source": "OpenStreetMap",
        "osm_id": "502642763"
      }
    },
    {
      "type": "Feature",
      "geometry": {
        "type": "LineString",
        "coordinates": [
          [
            118.9156549,
            32.1036444
          ],
          [
            118.9159281,
            32.1034888
          ],
          [
            118.9160501,
            32.1031785
          ],
          [
            118.9161444,
            32.1027895
          ]
        ]
      },
      "properties": {
        "kind": "road",
        "highway": "residential",
        "name": null,
        "source": "OpenStreetMap",
        "osm_id": "502642764"
      }
    },
    {
      "type": "Feature",
      "geometry": {
        "type": "LineString",
        "coordinates": [
          [
            118.9161444,
            32.1027895
          ],
          [
            118.916343,
            32.1022856
          ]
        ]
      },
      "properties": {
        "kind": "road",
        "highway": "residential",
        "name": null,
        "source": "OpenStreetMap",
        "osm_id": "502642765"
      }
    },
    {
      "type": "Feature",
      "geometry": {
        "type": "LineString",
        "coordinates": [
          [
            118.916343,
            32.1022856
          ],
          [
            118.9163463,
            32.1019792
          ]
        ]
      },
      "properties": {
        "kind": "road",
        "highway": "residential",
        "name": null,
        "source": "OpenStreetMap",
        "osm_id": "502642766"
      }
    },
    {
      "type": "Feature",
      "geometry": {
        "type": "LineString",
        "coordinates": [
          [
            118.9163463,
            32.1019792
          ],
          [
            118.9164224,
            32.1017143
          ]
        ]
      },
      "properties": {
        "kind": "road",
        "highway": "residential",
        "name": null,
        "source": "OpenStreetMap",
        "osm_id": "502642767"
      }
    },
    {
      "type": "Feature",
      "geometry": {
        "type": "LineString",
        "coordinates": [
          [
            118.9157219,
            32.1016273
          ],
          [
            118.9164224,
            32.1017143
          ],
          [
            118.9171509,
            32.101746
          ]
        ]
      },
      "properties": {
        "kind": "road",
        "highway": "residential",
        "name": null,
        "source": "OpenStreetMap",
        "osm_id": "502642768"
      }
    },
    {
      "type": "Feature",
      "geometry": {
        "type": "LineString",
        "coordinates": [
          [
            118.915049,
            32.1030642
          ],
          [
            118.9147926,
            32.1029367
          ],
          [
            118.914801,
            32.1026434
          ]
        ]
      },
      "properties": {
        "kind": "road",
        "highway": "residential",
        "name": null,
        "source": "OpenStreetMap",
        "osm_id": "502642769"
      }
    },
    {
      "type": "Feature",
      "geometry": {
        "type": "LineString",
        "coordinates": [
          [
            118.9135322,
            32.1032724
          ],
          [
            118.9136383,
            32.1030126
          ]
        ]
      },
      "properties": {
        "kind": "road",
        "highway": "residential",
        "name": null,
        "source": "OpenStreetMap",
        "osm_id": "673044236"
      }
    },
    {
      "type": "Feature",
      "geometry": {
        "type": "LineString",
        "coordinates": [
          [
            118.9122015,
            32.1031733
          ],
          [
            118.9121063,
            32.103346
          ]
        ]
      },
      "properties": {
        "kind": "road",
        "highway": "primary",
        "name": "文澜路",
        "source": "OpenStreetMap",
        "osm_id": "888809177"
      }
    },
    {
      "type": "Feature",
      "geometry": {
        "type": "LineString",
        "coordinates": [
          [
            118.9120165,
            32.1035095
          ],
          [
            118.9118597,
            32.1037952
          ]
        ]
      },
      "properties": {
        "kind": "road",
        "highway": "primary",
        "name": "文澜路",
        "source": "OpenStreetMap",
        "osm_id": "888809178"
      }
    },
    {
      "type": "Feature",
      "geometry": {
        "type": "LineString",
        "coordinates": [
          [
            118.9118756,
            32.1032767
          ],
          [
            118.9118926,
            32.1032469
          ],
          [
            118.9119682,
            32.1031142
          ]
        ]
      },
      "properties": {
        "kind": "road",
        "highway": "primary",
        "name": "文澜路",
        "source": "OpenStreetMap",
        "osm_id": "888809179"
      }
    },
    {
      "type": "Feature",
      "geometry": {
        "type": "LineString",
        "coordinates": [
          [
            118.9116417,
            32.1037199
          ],
          [
            118.9117952,
            32.103429
          ]
        ]
      },
      "properties": {
        "kind": "road",
        "highway": "primary",
        "name": "文澜路",
        "source": "OpenStreetMap",
        "osm_id": "888809180"
      }
    },
    {
      "type": "Feature",
      "geometry": {
        "type": "LineString",
        "coordinates": [
          [
            118.9118597,
            32.1037952
          ],
          [
            118.9106076,
            32.1060756
          ],
          [
            118.9104293,
            32.1064768
          ],
          [
            118.9102852,
            32.1071769
          ],
          [
            118.9101364,
            32.1092927
          ],
          [
            118.9100772,
            32.1105936
          ],
          [
            118.9100868,
            32.1110119
          ],
          [
            118.9101098,
            32.1112571
          ],
          [
            118.9101228,
            32.1114365
          ],
          [
            118.9104366,
            32.1129336
          ],
          [
            118.9104822,
            32.1130563
          ]
        ]
      },
      "properties": {
        "kind": "road",
        "highway": "primary",
        "name": "文澜路",
        "source": "OpenStreetMap",
        "osm_id": "925513197"
      }
    },
    {
      "type": "Feature",
      "geometry": {
        "type": "LineString",
        "coordinates": [
          [
            118.9102841,
            32.112961
          ],
          [
            118.9100182,
            32.1117432
          ],
          [
            118.9099519,
            32.1112785
          ],
          [
            118.9099216,
            32.1109866
          ],
          [
            118.9099002,
            32.1106095
          ],
          [
            118.9099377,
            32.1093123
          ],
          [
            118.9101362,
            32.1071857
          ],
          [
            118.9102837,
            32.1064291
          ],
          [
            118.9104205,
            32.1060338
          ],
          [
            118.9116417,
            32.1037199
          ]
        ]
      },
      "properties": {
        "kind": "road",
        "highway": "primary",
        "name": "文澜路",
        "source": "OpenStreetMap",
        "osm_id": "925513198"
      }
    },
    {
      "type": "Feature",
      "geometry": {
        "type": "LineString",
        "coordinates": [
          [
            118.9240405,
            32.100052
          ],
          [
            118.9238789,
            32.0999615
          ],
          [
            118.923745,
            32.0998865
          ],
          [
            118.9229716,
            32.0994535
          ],
          [
            118.9220563,
            32.0988954
          ]
        ]
      },
      "properties": {
        "kind": "road",
        "highway": "primary",
        "name": "仙林大道",
        "source": "OpenStreetMap",
        "osm_id": "944164703"
      }
    },
    {
      "type": "Feature",
      "geometry": {
        "type": "LineString",
        "coordinates": [
          [
            118.9243506,
            32.1002123
          ],
          [
            118.9242433,
            32.1003606
          ],
          [
            118.923849,
            32.1009057
          ],
          [
            118.9234694,
            32.1014046
          ],
          [
            118.9232284,
            32.1017715
          ],
          [
            118.9231374,
            32.1019231
          ]
        ]
      },
      "properties": {
        "kind": "road",
        "highway": "secondary",
        "name": "学海路",
        "source": "OpenStreetMap",
        "osm_id": "944164704"
      }
    },
    {
      "type": "Feature",
      "geometry": {
        "type": "LineString",
        "coordinates": [
          [
            118.9231374,
            32.1019231
          ],
          [
            118.9233472,
            32.1019401
          ],
          [
            118.9246524,
            32.1020616
          ]
        ]
      },
      "properties": {
        "kind": "road",
        "highway": "tertiary",
        "name": "杉湖东路",
        "source": "OpenStreetMap",
        "osm_id": "944164706"
      }
    },
    {
      "type": "Feature",
      "geometry": {
        "type": "LineString",
        "coordinates": [
          [
            118.9246524,
            32.1020616
          ],
          [
            118.9255916,
            32.1021662
          ]
        ]
      },
      "properties": {
        "kind": "road",
        "highway": "tertiary",
        "name": "杉湖东路",
        "source": "OpenStreetMap",
        "osm_id": "944164707"
      }
    },
    {
      "type": "Feature",
      "geometry": {
        "type": "LineString",
        "coordinates": [
          [
            118.9289375,
            32.1023393
          ],
          [
            118.9267259,
            32.101397
          ],
          [
            118.9255143,
            32.1008058
          ],
          [
            118.9246835,
            32.1003821
          ],
          [
            118.9245061,
            32.1002916
          ],
          [
            118.9243506,
            32.1002123
          ]
        ]
      },
      "properties": {
        "kind": "road",
        "highway": "primary",
        "name": "仙林大道",
        "source": "OpenStreetMap",
        "osm_id": "944164709"
      }
    },
    {
      "type": "Feature",
      "geometry": {
        "type": "LineString",
        "coordinates": [
          [
            118.9121063,
            32.103346
          ],
          [
            118.9118756,
            32.1032767
          ]
        ]
      },
      "properties": {
        "kind": "road",
        "highway": "secondary",
        "name": "文苑路",
        "source": "OpenStreetMap",
        "osm_id": "949265201"
      }
    },
    {
      "type": "Feature",
      "geometry": {
        "type": "LineString",
        "coordinates": [
          [
            118.9117952,
            32.103429
          ],
          [
            118.9118756,
            32.1032767
          ]
        ]
      },
      "properties": {
        "kind": "road",
        "highway": "primary",
        "name": "文澜路",
        "source": "OpenStreetMap",
        "osm_id": "949265202"
      }
    },
    {
      "type": "Feature",
      "geometry": {
        "type": "LineString",
        "coordinates": [
          [
            118.9131926,
            32.0937304
          ],
          [
            118.9130418,
            32.0939158
          ]
        ]
      },
      "properties": {
        "kind": "road",
        "highway": "tertiary",
        "name": "学则路",
        "source": "OpenStreetMap",
        "osm_id": "949265203"
      }
    },
    {
      "type": "Feature",
      "geometry": {
        "type": "LineString",
        "coordinates": [
          [
            118.922829,
            32.1018821
          ],
          [
            118.9228961,
            32.1017401
          ],
          [
            118.923205,
            32.1012451
          ],
          [
            118.9239389,
            32.1001971
          ],
          [
            118.9240405,
            32.100052
          ]
        ]
      },
      "properties": {
        "kind": "road",
        "highway": "secondary",
        "name": "学海路",
        "source": "OpenStreetMap",
        "osm_id": "964850653"
      }
    },
    {
      "type": "Feature",
      "geometry": {
        "type": "LineString",
        "coordinates": [
          [
            118.922829,
            32.1018821
          ],
          [
            118.9231374,
            32.1019231
          ]
        ]
      },
      "properties": {
        "kind": "road",
        "highway": "tertiary",
        "name": null,
        "source": "OpenStreetMap",
        "osm_id": "964850654"
      }
    },
    {
      "type": "Feature",
      "geometry": {
        "type": "LineString",
        "coordinates": [
          [
            118.9243657,
            32.099604
          ],
          [
            118.9246844,
            32.099763
          ],
          [
            118.9248374,
            32.0998393
          ],
          [
            118.9250212,
            32.099931
          ],
          [
            118.9252468,
            32.1000435
          ],
          [
            118.9261555,
            32.1005324
          ],
          [
            118.9271681,
            32.1011523
          ],
          [
            118.9273472,
            32.1012647
          ],
          [
            118.9279132,
            32.1016
          ],
          [
            118.9287932,
            32.102042
          ],
          [
            118.9290435,
            32.1021705
          ],
          [
            118.9298187,
            32.102554
          ],
          [
            118.9308583,
            32.1031826
          ],
          [
            118.931672,
            32.103692
          ],
          [
            118.932333,
            32.104091
          ],
          [
            118.9329344,
            32.1044318
          ],
          [
            118.9330303,
            32.1044845
          ],
          [
            118.9330787,
            32.1045111
          ],
          [
            118.9334822,
            32.104733
          ],
          [
            118.9338745,
            32.1049466
          ],
          [
            118.934017,
            32.1050118
          ]
        ]
      },
      "properties": {
        "kind": "road",
        "highway": "primary",
        "name": "仙林大道",
        "source": "OpenStreetMap",
        "osm_id": "964850655"
      }
    },
    {
      "type": "Feature",
      "geometry": {
        "type": "LineString",
        "coordinates": [
          [
            118.9243657,
            32.099604
          ],
          [
            118.9244324,
            32.0995146
          ],
          [
            118.9244709,
            32.0994629
          ]
        ]
      },
      "properties": {
        "kind": "road",
        "highway": "secondary",
        "name": "学子路",
        "source": "OpenStreetMap",
        "osm_id": "964850656"
      }
    },
    {
      "type": "Feature",
      "geometry": {
        "type": "LineString",
        "coordinates": [
          [
            118.9243506,
            32.1002123
          ],
          [
            118.9240405,
            32.100052
          ]
        ]
      },
      "properties": {
        "kind": "road",
        "highway": "primary",
        "name": "仙林大道",
        "source": "OpenStreetMap",
        "osm_id": "964850657"
      }
    },
    {
      "type": "Feature",
      "geometry": {
        "type": "LineString",
        "coordinates": [
          [
            118.9051312,
            32.0939696
          ],
          [
            118.9063346,
            32.0945551
          ],
          [
            118.9075377,
            32.0951404
          ],
          [
            118.9088588,
            32.0958025
          ],
          [
            118.9089557,
            32.0958506
          ],
          [
            118.9092073,
            32.0959756
          ],
          [
            118.9094333,
            32.0960879
          ],
          [
            118.9107497,
            32.0967419
          ],
          [
            118.9109071,
            32.0968201
          ]
        ]
      },
      "properties": {
        "kind": "road",
        "highway": "tertiary",
        "name": "文范路",
        "source": "OpenStreetMap",
        "osm_id": "965539200"
      }
    },
    {
      "type": "Feature",
      "geometry": {
        "type": "LineString",
        "coordinates": [
          [
            118.9130418,
            32.0939158
          ],
          [
            118.912153,
            32.0951364
          ],
          [
            118.9119947,
            32.0953538
          ],
          [
            118.9119819,
            32.0953714
          ],
          [
            118.9119655,
            32.0953926
          ],
          [
            118.911949,
            32.0954139
          ],
          [
            118.9119401,
            32.095426
          ],
          [
            118.9109071,
            32.0968201
          ]
        ]
      },
      "properties": {
        "kind": "road",
        "highway": "tertiary",
        "name": "学衡路",
        "source": "OpenStreetMap",
        "osm_id": "965539201"
      }
    },
    {
      "type": "Feature",
      "geometry": {
        "type": "LineString",
        "coordinates": [
          [
            118.9149027,
            32.0988123
          ],
          [
            118.9158866,
            32.0992849
          ],
          [
            118.9162074,
            32.0994186
          ],
          [
            118.9165923,
            32.0995345
          ],
          [
            118.9170416,
            32.0996038
          ],
          [
            118.9177963,
            32.0996984
          ],
          [
            118.9185538,
            32.0997875
          ],
          [
            118.9186773,
            32.0998349
          ]
        ]
      },
      "properties": {
        "kind": "road",
        "highway": "tertiary",
        "name": "文范路",
        "source": "OpenStreetMap",
        "osm_id": "965539202"
      }
    },
    {
      "type": "Feature",
      "geometry": {
        "type": "LineString",
        "coordinates": [
          [
            118.9147344,
            32.098735
          ],
          [
            118.9167706,
            32.0959692
          ]
        ]
      },
      "properties": {
        "kind": "road",
        "highway": "primary",
        "name": "文澜路",
        "source": "OpenStreetMap",
        "osm_id": "965539203"
      }
    },
    {
      "type": "Feature",
      "geometry": {
        "type": "LineString",
        "coordinates": [
          [
            118.9169071,
            32.096052
          ],
          [
            118.9157082,
            32.0977487
          ],
          [
            118.9149027,
            32.0988123
          ]
        ]
      },
      "properties": {
        "kind": "road",
        "highway": "primary",
        "name": "文澜路",
        "source": "OpenStreetMap",
        "osm_id": "965539204"
      }
    },
    {
      "type": "Feature",
      "geometry": {
        "type": "LineString",
        "coordinates": [
          [
            118.9147344,
            32.098735
          ],
          [
            118.9149027,
            32.0988123
          ]
        ]
      },
      "properties": {
        "kind": "road",
        "highway": "tertiary",
        "name": "文范路",
        "source": "OpenStreetMap",
        "osm_id": "965539205"
      }
    },
    {
      "type": "Feature",
      "geometry": {
        "type": "LineString",
        "coordinates": [
          [
            118.9149027,
            32.0988123
          ],
          [
            118.9142001,
            32.0997593
          ],
          [
            118.9134213,
            32.1009325
          ]
        ]
      },
      "properties": {
        "kind": "road",
        "highway": "primary",
        "name": "文澜路",
        "source": "OpenStreetMap",
        "osm_id": "965539206"
      }
    },
    {
      "type": "Feature",
      "geometry": {
        "type": "LineString",
        "coordinates": [
          [
            118.913238,
            32.1008675
          ],
          [
            118.913899,
            32.0998636
          ],
          [
            118.9140464,
            32.0996605
          ],
          [
            118.9140814,
            32.0996135
          ],
          [
            118.9147344,
            32.098735
          ]
        ]
      },
      "properties": {
        "kind": "road",
        "highway": "primary",
        "name": "文澜路",
        "source": "OpenStreetMap",
        "osm_id": "965539207"
      }
    },
    {
      "type": "Feature",
      "geometry": {
        "type": "LineString",
        "coordinates": [
          [
            118.913238,
            32.1008675
          ],
          [
            118.9134213,
            32.1009325
          ]
        ]
      },
      "properties": {
        "kind": "road",
        "highway": "tertiary",
        "name": "文枢东路",
        "source": "OpenStreetMap",
        "osm_id": "965539208"
      }
    },
    {
      "type": "Feature",
      "geometry": {
        "type": "LineString",
        "coordinates": [
          [
            118.9050113,
            32.0938948
          ],
          [
            118.9051312,
            32.0939696
          ]
        ]
      },
      "properties": {
        "kind": "road",
        "highway": "tertiary",
        "name": "文范路",
        "source": "OpenStreetMap",
        "osm_id": "965539230"
      }
    },
    {
      "type": "Feature",
      "geometry": {
        "type": "LineString",
        "coordinates": [
          [
            118.9133901,
            32.0934663
          ],
          [
            118.9131926,
            32.0937304
          ]
        ]
      },
      "properties": {
        "kind": "road",
        "highway": "tertiary",
        "name": "学则路",
        "source": "OpenStreetMap",
        "osm_id": "1267095150"
      }
    },
    {
      "type": "Feature",
      "geometry": {
        "type": "LineString",
        "coordinates": [
          [
            118.9134956,
            32.0933344
          ],
          [
            118.9133901,
            32.0934663
          ]
        ]
      },
      "properties": {
        "kind": "road",
        "highway": "tertiary",
        "name": "学则路",
        "source": "OpenStreetMap",
        "osm_id": "1267095151"
      }
    },
    {
      "type": "Feature",
      "geometry": {
        "type": "LineString",
        "coordinates": [
          [
            118.9170231,
            32.0956045
          ],
          [
            118.9173133,
            32.0952274
          ]
        ]
      },
      "properties": {
        "kind": "road",
        "highway": "primary",
        "name": "汇通路",
        "source": "OpenStreetMap",
        "osm_id": "1267095152"
      }
    },
    {
      "type": "Feature",
      "geometry": {
        "type": "LineString",
        "coordinates": [
          [
            118.9167706,
            32.0959692
          ],
          [
            118.9169447,
            32.0957065
          ],
          [
            118.9170231,
            32.0956045
          ]
        ]
      },
      "properties": {
        "kind": "road",
        "highway": "primary",
        "name": "汇通路",
        "source": "OpenStreetMap",
        "osm_id": "1267095153"
      }
    },
    {
      "type": "Feature",
      "geometry": {
        "type": "LineString",
        "coordinates": [
          [
            118.9171729,
            32.0956854
          ],
          [
            118.9170959,
            32.0957877
          ],
          [
            118.9169071,
            32.096052
          ]
        ]
      },
      "properties": {
        "kind": "road",
        "highway": "primary",
        "name": "汇通路",
        "source": "OpenStreetMap",
        "osm_id": "1267095154"
      }
    },
    {
      "type": "Feature",
      "geometry": {
        "type": "LineString",
        "coordinates": [
          [
            118.9174586,
            32.0953057
          ],
          [
            118.9171729,
            32.0956854
          ]
        ]
      },
      "properties": {
        "kind": "road",
        "highway": "primary",
        "name": "汇通路",
        "source": "OpenStreetMap",
        "osm_id": "1267095155"
      }
    },
    {
      "type": "Feature",
      "geometry": {
        "type": "LineString",
        "coordinates": [
          [
            118.9226764,
            32.0942739
          ],
          [
            118.9214198,
            32.0935956
          ],
          [
            118.9213608,
            32.0935637
          ],
          [
            118.9195183,
            32.092569
          ]
        ]
      },
      "properties": {
        "kind": "road",
        "highway": "residential",
        "name": "尚东路",
        "source": "OpenStreetMap",
        "osm_id": "1412144917"
      }
    },
    {
      "type": "Feature",
      "geometry": {
        "type": "LineString",
        "coordinates": [
          [
            118.9126325,
            32.0978869
          ],
          [
            118.9127363,
            32.0977322
          ]
        ]
      },
      "properties": {
        "kind": "road",
        "highway": "residential",
        "name": null,
        "source": "OpenStreetMap",
        "osm_id": "1425548122"
      }
    },
    {
      "type": "Feature",
      "geometry": {
        "type": "LineString",
        "coordinates": [
          [
            118.9113107,
            32.0997432
          ],
          [
            118.91118,
            32.0999404
          ]
        ]
      },
      "properties": {
        "kind": "road",
        "highway": "residential",
        "name": null,
        "source": "OpenStreetMap",
        "osm_id": "1425548125"
      }
    },
    {
      "type": "Feature",
      "geometry": {
        "type": "LineString",
        "coordinates": [
          [
            118.912153,
            32.0951364
          ],
          [
            118.9110633,
            32.0945409
          ],
          [
            118.9115116,
            32.0939051
          ],
          [
            118.9115358,
            32.0939042
          ],
          [
            118.9115592,
            32.0938985
          ],
          [
            118.9115803,
            32.0938883
          ],
          [
            118.911598,
            32.0938743
          ],
          [
            118.9116144,
            32.0938516
          ],
          [
            118.911622,
            32.0938258
          ],
          [
            118.9116201,
            32.0937993
          ],
          [
            118.9116088,
            32.0937745
          ],
          [
            118.9115893,
            32.0937537
          ],
          [
            118.9115646,
            32.0937309
          ],
          [
            118.9114949,
            32.0936903
          ],
          [
            118.9107974,
            32.0933191
          ],
          [
            118.9107342,
            32.0932582
          ],
          [
            118.9106928,
            32.0931917
          ],
          [
            118.9106681,
            32.0931345
          ],
          [
            118.910647,
            32.0930656
          ],
          [
            118.9107122,
            32.0928273
          ]
        ]
      },
      "properties": {
        "kind": "road",
        "highway": "residential",
        "name": null,
        "source": "OpenStreetMap",
        "osm_id": "1426056114"
      }
    },
    {
      "type": "Feature",
      "geometry": {
        "type": "LineString",
        "coordinates": [
          [
            118.9121063,
            32.103346
          ],
          [
            118.9120165,
            32.1035095
          ]
        ]
      },
      "properties": {
        "kind": "road",
        "highway": "primary",
        "name": "文澜路",
        "source": "OpenStreetMap",
        "osm_id": "1524272497"
      }
    },
    {
      "type": "Feature",
      "geometry": {
        "type": "LineString",
        "coordinates": [
          [
            118.9338745,
            32.1049466
          ],
          [
            118.9340715,
            32.1046319
          ]
        ]
      },
      "properties": {
        "kind": "road",
        "highway": "tertiary",
        "name": "学原路",
        "source": "OpenStreetMap",
        "osm_id": "89910182"
      }
    },
    {
      "type": "Feature",
      "geometry": {
        "type": "LineString",
        "coordinates": [
          [
            118.9279457,
            32.1036228
          ],
          [
            118.9269216,
            32.1050092
          ],
          [
            118.92683,
            32.1051333
          ],
          [
            118.9267234,
            32.1053242
          ],
          [
            118.9266081,
            32.1055307
          ],
          [
            118.9264583,
            32.1059428
          ],
          [
            118.9263413,
            32.1063656
          ],
          [
            118.9262613,
            32.1069652
          ],
          [
            118.9262655,
            32.1072752
          ],
          [
            118.9262503,
            32.1075391
          ]
        ]
      },
      "properties": {
        "kind": "road",
        "highway": "tertiary",
        "name": "学典路",
        "source": "OpenStreetMap",
        "osm_id": "89911411"
      }
    },
    {
      "type": "Feature",
      "geometry": {
        "type": "LineString",
        "coordinates": [
          [
            118.9593708,
            32.104119
          ],
          [
            118.9584857,
            32.1042934
          ],
          [
            118.9579506,
            32.104332
          ],
          [
            118.9575952,
            32.1043638
          ],
          [
            118.9572304,
            32.1043775
          ],
          [
            118.9571749,
            32.1043777
          ],
          [
            118.9570733,
            32.104378
          ],
          [
            118.9568536,
            32.1043786
          ],
          [
            118.9562649,
            32.1043343
          ],
          [
            118.9558491,
            32.1042798
          ],
          [
            118.955369,
            32.1042389
          ],
          [
            118.9550679,
            32.1042155
          ],
          [
            118.9546277,
            32.1041789
          ],
          [
            118.9538971,
            32.1041113
          ],
          [
            118.9529337,
            32.104051
          ],
          [
            118.952715,
            32.1040608
          ],
          [
            118.952668,
            32.1040508
          ],
          [
            118.9526384,
            32.1040445
          ]
        ]
      },
      "properties": {
        "kind": "road",
        "highway": "tertiary",
        "name": null,
        "source": "OpenStreetMap",
        "osm_id": "99661758"
      }
    },
    {
      "type": "Feature",
      "geometry": {
        "type": "LineString",
        "coordinates": [
          [
            118.9279457,
            32.1036228
          ],
          [
            118.9288766,
            32.1048677
          ],
          [
            118.9296283,
            32.1054399
          ],
          [
            118.9324401,
            32.1069749
          ]
        ]
      },
      "properties": {
        "kind": "road",
        "highway": "tertiary",
        "name": "杉湖东路",
        "source": "OpenStreetMap",
        "osm_id": "118932309"
      }
    },
    {
      "type": "Feature",
      "geometry": {
        "type": "LineString",
        "coordinates": [
          [
            118.9448588,
            32.1098484
          ],
          [
            118.9460589,
            32.1099767
          ]
        ]
      },
      "properties": {
        "kind": "road",
        "highway": "primary",
        "name": "仙林大道",
        "source": "OpenStreetMap",
        "osm_id": "118932333"
      }
    },
    {
      "type": "Feature",
      "geometry": {
        "type": "LineString",
        "coordinates": [
          [
            118.9354769,
            32.0996615
          ],
          [
            118.9359278,
            32.0995753
          ],
          [
            118.9362722,
            32.0994934
          ],
          [
            118.9365905,
            32.0994154
          ],
          [
            118.9369579,
            32.0992865
          ],
          [
            118.9373177,
            32.09913
          ],
          [
            118.9376533,
            32.0989644
          ],
          [
            118.9377833,
            32.0988812
          ],
          [
            118.9377959,
            32.0988729
          ],
          [
            118.9384277,
            32.0984563
          ],
          [
            118.9398977,
            32.097375
          ],
          [
            118.9404197,
            32.0969896
          ],
          [
            118.9409166,
            32.0966689
          ],
          [
            118.9414392,
            32.0963899
          ],
          [
            118.9417501,
            32.096242
          ],
          [
            118.9420694,
            32.0961082
          ]
        ]
      },
      "properties": {
        "kind": "road",
        "highway": "secondary",
        "name": "灵山北路",
        "source": "OpenStreetMap",
        "osm_id": "118942472"
      }
    },
    {
      "type": "Feature",
      "geometry": {
        "type": "LineString",
        "coordinates": [
          [
            118.9354111,
            32.0993035
          ],
          [
            118.9354091,
            32.0987855
          ],
          [
            118.9355049,
            32.0985209
          ],
          [
            118.9356075,
            32.0983781
          ],
          [
            118.9358519,
            32.09817
          ],
          [
            118.936616,
            32.0976294
          ],
          [
            118.9371793,
            32.0972352
          ],
          [
            118.9373818,
            32.0970795
          ],
          [
            118.9374824,
            32.0969535
          ],
          [
            118.9375417,
            32.0968203
          ],
          [
            118.9375699,
            32.0966783
          ],
          [
            118.9375306,
            32.0964683
          ],
          [
            118.9374179,
            32.0962127
          ],
          [
            118.9371605,
            32.0956344
          ],
          [
            118.9371099,
            32.095433
          ],
          [
            118.9371055,
            32.0953175
          ],
          [
            118.9371568,
            32.0949423
          ],
          [
            118.9372197,
            32.0945607
          ],
          [
            118.9372854,
            32.0941039
          ],
          [
            118.9373258,
            32.0938346
          ],
          [
            118.9373514,
            32.0936272
          ],
          [
            118.937358,
            32.0935142
          ],
          [
            118.9373617,
            32.0933144
          ],
          [
            118.9373352,
            32.0931233
          ],
          [
            118.9372235,
            32.0927498
          ],
          [
            118.937045,
            32.0921614
          ],
          [
            118.9369202,
            32.0917197
          ],
          [
            118.9368666,
            32.0915741
          ],
          [
            118.9367411,
            32.0913747
          ],
          [
            118.9365577,
            32.0911879
          ],
          [
            118.9362828,
            32.0909927
          ],
          [
            118.9359955,
            32.0908007
          ],
          [
            118.9358448,
            32.0906697
          ],
          [
            118.9357419,
            32.0905669
          ],
          [
            118.9356333,
            32.0903465
          ],
          [
            118.9355221,
            32.0900535
          ],
          [
            118.9352355,
            32.08923
          ]
        ]
      },
      "properties": {
        "kind": "road",
        "highway": "tertiary",
        "name": null,
        "source": "OpenStreetMap",
        "osm_id": "156596400"
      }
    },
    {
      "type": "Feature",
      "geometry": {
        "type": "LineString",
        "coordinates": [
          [
            118.9548483,
            32.1060487
          ],
          [
            118.9549339,
            32.1060183
          ],
          [
            118.9550139,
            32.1059872
          ],
          [
            118.9551828,
            32.1059656
          ],
          [
            118.9553472,
            32.1059788
          ],
          [
            118.9555438,
            32.1060089
          ],
          [
            118.9556905,
            32.1061039
          ],
          [
            118.9558082,
            32.1062846
          ],
          [
            118.9558384,
            32.1063505
          ],
          [
            118.9559891,
            32.106679
          ],
          [
            118.956046,
            32.1068032
          ],
          [
            118.9560833,
            32.10701
          ],
          [
            118.9560993,
            32.1070986
          ],
          [
            118.9561172,
            32.1073565
          ],
          [
            118.9561328,
            32.1075819
          ],
          [
            118.9561216,
            32.1077027
          ],
          [
            118.9561058,
            32.10788
          ],
          [
            118.9560999,
            32.1079463
          ],
          [
            118.9561216,
            32.1080611
          ]
        ]
      },
      "properties": {
        "kind": "road",
        "highway": "residential",
        "name": null,
        "source": "OpenStreetMap",
        "osm_id": "188156412"
      }
    },
    {
      "type": "Feature",
      "geometry": {
        "type": "LineString",
        "coordinates": [
          [
            118.9528653,
            32.1078769
          ],
          [
            118.9528807,
            32.1078235
          ],
          [
            118.9529103,
            32.107667
          ],
          [
            118.9529526,
            32.1074563
          ],
          [
            118.9529699,
            32.107386
          ],
          [
            118.9530211,
            32.107178
          ],
          [
            118.953056,
            32.1070361
          ],
          [
            118.9531012,
            32.106861
          ],
          [
            118.9531299,
            32.1067498
          ],
          [
            118.9531824,
            32.1065464
          ],
          [
            118.9532132,
            32.1064269
          ],
          [
            118.9532651,
            32.1062258
          ],
          [
            118.9532696,
            32.1062083
          ],
          [
            118.9533124,
            32.1061219
          ],
          [
            118.9533639,
            32.106018
          ],
          [
            118.9534199,
            32.1059293
          ],
          [
            118.9534618,
            32.1058629
          ],
          [
            118.9535557,
            32.1057857
          ],
          [
            118.953682,
            32.1057181
          ],
          [
            118.9538642,
            32.1056843
          ],
          [
            118.9543275,
            32.1057021
          ],
          [
            118.9544797,
            32.1057313
          ],
          [
            118.9545874,
            32.1057859
          ],
          [
            118.9547012,
            32.1058786
          ],
          [
            118.9547341,
            32.1059054
          ],
          [
            118.9548483,
            32.1060487
          ],
          [
            118.9548899,
            32.1061091
          ],
          [
            118.954963,
            32.1062979
          ],
          [
            118.9549742,
            32.1063919
          ],
          [
            118.954985,
            32.1064831
          ],
          [
            118.9549941,
            32.1065595
          ],
          [
            118.9549872,
            32.1067224
          ],
          [
            118.9549824,
            32.1068357
          ],
          [
            118.9549737,
            32.107039
          ],
          [
            118.9549699,
            32.1071287
          ],
          [
            118.9549685,
            32.1071618
          ],
          [
            118.9549974,
            32.1073528
          ],
          [
            118.9550133,
            32.1074579
          ],
          [
            118.955048,
            32.1076877
          ],
          [
            118.9550544,
            32.1077225
          ],
          [
            118.9551021,
            32.1079914
          ],
          [
            118.9551144,
            32.1080982
          ]
        ]
      },
      "properties": {
        "kind": "road",
        "highway": "residential",
        "name": null,
        "source": "OpenStreetMap",
        "osm_id": "188156414"
      }
    },
    {
      "type": "Feature",
      "geometry": {
        "type": "LineString",
        "coordinates": [
          [
            118.9567313,
            32.1081112
          ],
          [
            118.9567174,
            32.1081884
          ],
          [
            118.9566544,
            32.1085394
          ],
          [
            118.9566102,
            32.1087854
          ],
          [
            118.9565995,
            32.1088451
          ],
          [
            118.9565743,
            32.1089851
          ],
          [
            118.9565584,
            32.1090738
          ],
          [
            118.9565547,
            32.1090946
          ],
          [
            118.9565005,
            32.1093958
          ],
          [
            118.9564924,
            32.1094408
          ],
          [
            118.9564881,
            32.1094648
          ],
          [
            118.9564388,
            32.1097402
          ],
          [
            118.9564111,
            32.1099001
          ],
          [
            118.9563879,
            32.1100343
          ],
          [
            118.9563741,
            32.1101082
          ],
          [
            118.9563378,
            32.1103021
          ]
        ]
      },
      "properties": {
        "kind": "road",
        "highway": "residential",
        "name": null,
        "source": "OpenStreetMap",
        "osm_id": "188156416"
      }
    },
    {
      "type": "Feature",
      "geometry": {
        "type": "LineString",
        "coordinates": [
          [
            118.9558844,
            32.1102448
          ],
          [
            118.955923,
            32.1100336
          ],
          [
            118.9559798,
            32.109723
          ],
          [
            118.956038,
            32.1094045
          ],
          [
            118.95609,
            32.1091203
          ],
          [
            118.9561245,
            32.1089317
          ],
          [
            118.9561513,
            32.1087848
          ],
          [
            118.9562054,
            32.108489
          ],
          [
            118.9562692,
            32.1081399
          ],
          [
            118.9562835,
            32.108062
          ]
        ]
      },
      "properties": {
        "kind": "road",
        "highway": "residential",
        "name": null,
        "source": "OpenStreetMap",
        "osm_id": "188156417"
      }
    },
    {
      "type": "Feature",
      "geometry": {
        "type": "LineString",
        "coordinates": [
          [
            118.9575756,
            32.1083279
          ],
          [
            118.9573047,
            32.1082019
          ],
          [
            118.9569681,
            32.1081356
          ],
          [
            118.9568363,
            32.1081221
          ],
          [
            118.9567313,
            32.1081112
          ],
          [
            118.956309,
            32.1080621
          ],
          [
            118.9562835,
            32.108062
          ],
          [
            118.9562515,
            32.1080618
          ],
          [
            118.9561216,
            32.1080611
          ],
          [
            118.9554369,
            32.1080588
          ],
          [
            118.9551144,
            32.1080982
          ],
          [
            118.9547155,
            32.1081434
          ],
          [
            118.9540253,
            32.1081594
          ],
          [
            118.9539616,
            32.1081586
          ],
          [
            118.9535345,
            32.1081107
          ],
          [
            118.9528814,
            32.107953
          ],
          [
            118.9528653,
            32.1078769
          ],
          [
            118.9519578,
            32.1076358
          ],
          [
            118.951849,
            32.1076097
          ],
          [
            118.9518163,
            32.1076026
          ],
          [
            118.9515976,
            32.1075393
          ],
          [
            118.9514922,
            32.107519
          ]
        ]
      },
      "properties": {
        "kind": "road",
        "highway": "residential",
        "name": null,
        "source": "OpenStreetMap",
        "osm_id": "188156421"
      }
    },
    {
      "type": "Feature",
      "geometry": {
        "type": "LineString",
        "coordinates": [
          [
            118.9535856,
            32.1102574
          ],
          [
            118.9536202,
            32.1100906
          ],
          [
            118.9536469,
            32.109962
          ],
          [
            118.9536899,
            32.1097276
          ],
          [
            118.9537454,
            32.1094256
          ],
          [
            118.9538053,
            32.1090994
          ],
          [
            118.9538606,
            32.108798
          ],
          [
            118.9539224,
            32.1084616
          ],
          [
            118.9539533,
            32.1082931
          ],
          [
            118.9539591,
            32.1082388
          ],
          [
            118.9539616,
            32.1081586
          ]
        ]
      },
      "properties": {
        "kind": "road",
        "highway": "residential",
        "name": null,
        "source": "OpenStreetMap",
        "osm_id": "188156424"
      }
    },
    {
      "type": "Feature",
      "geometry": {
        "type": "LineString",
        "coordinates": [
          [
            118.9589351,
            32.1106274
          ],
          [
            118.9588843,
            32.1106211
          ],
          [
            118.9579855,
            32.1105098
          ],
          [
            118.9571406,
            32.1104036
          ],
          [
            118.9563378,
            32.1103021
          ],
          [
            118.95615,
            32.1102784
          ],
          [
            118.9558844,
            32.1102448
          ],
          [
            118.9550797,
            32.1101431
          ],
          [
            118.9542741,
            32.1100413
          ],
          [
            118.9536469,
            32.109962
          ]
        ]
      },
      "properties": {
        "kind": "road",
        "highway": "residential",
        "name": null,
        "source": "OpenStreetMap",
        "osm_id": "188156429"
      }
    },
    {
      "type": "Feature",
      "geometry": {
        "type": "LineString",
        "coordinates": [
          [
            118.9511907,
            32.1099964
          ],
          [
            118.9511529,
            32.1099682
          ],
          [
            118.9511407,
            32.1099202
          ],
          [
            118.9511852,
            32.1097704
          ],
          [
            118.9513158,
            32.1093305
          ],
          [
            118.9514085,
            32.1090183
          ],
          [
            118.9514974,
            32.1087187
          ],
          [
            118.9516002,
            32.1083722
          ],
          [
            118.951701,
            32.1080327
          ],
          [
            118.9518225,
            32.1077558
          ],
          [
            118.9518662,
            32.1077226
          ],
          [
            118.951925,
            32.1077151
          ],
          [
            118.9519572,
            32.107698
          ],
          [
            118.9519747,
            32.1076696
          ],
          [
            118.9519578,
            32.1076358
          ]
        ]
      },
      "properties": {
        "kind": "road",
        "highway": "residential",
        "name": null,
        "source": "OpenStreetMap",
        "osm_id": "188156430"
      }
    },
    {
      "type": "Feature",
      "geometry": {
        "type": "LineString",
        "coordinates": [
          [
            118.9354902,
            32.0997244
          ],
          [
            118.9355042,
            32.1000691
          ],
          [
            118.9355212,
            32.1016426
          ],
          [
            118.9354696,
            32.1020273
          ],
          [
            118.9354339,
            32.1022428
          ],
          [
            118.9353295,
            32.1026864
          ],
          [
            118.9352112,
            32.1030458
          ],
          [
            118.9350042,
            32.1035135
          ],
          [
            118.9347819,
            32.1038644
          ],
          [
            118.9346103,
            32.1041109
          ],
          [
            118.9343223,
            32.1045448
          ]
        ]
      },
      "properties": {
        "kind": "road",
        "highway": "tertiary",
        "name": "学原路",
        "source": "OpenStreetMap",
        "osm_id": "189245741"
      }
    },
    {
      "type": "Feature",
      "geometry": {
        "type": "LineString",
        "coordinates": [
          [
            118.933696,
            32.1051816
          ],
          [
            118.9333132,
            32.1049864
          ],
          [
            118.9328096,
            32.104734
          ],
          [
            118.9322427,
            32.1043933
          ],
          [
            118.9312913,
            32.1037567
          ],
          [
            118.9303144,
            32.1031102
          ],
          [
            118.9296193,
            32.1027039
          ],
          [
            118.9289375,
            32.1023393
          ]
        ]
      },
      "properties": {
        "kind": "road",
        "highway": "primary",
        "name": "仙林大道",
        "source": "OpenStreetMap",
        "osm_id": "191556311"
      }
    },
    {
      "type": "Feature",
      "geometry": {
        "type": "LineString",
        "coordinates": [
          [
            118.9455186,
            32.0685936
          ],
          [
            118.9472805,
            32.0717773
          ],
          [
            118.9482679,
            32.0737188
          ],
          [
            118.9485356,
            32.0741736
          ],
          [
            118.9490286,
            32.0751886
          ],
          [
            118.9493275,
            32.0759616
          ],
          [
            118.9500212,
            32.0779317
          ],
          [
            118.950826,
            32.080644
          ],
          [
            118.9515112,
            32.0834688
          ],
          [
            118.9519317,
            32.0857048
          ],
          [
            118.9520956,
            32.0869362
          ],
          [
            118.9522362,
            32.0881613
          ],
          [
            118.9523416,
            32.0894559
          ],
          [
            118.9524092,
            32.0907539
          ],
          [
            118.9524215,
            32.0930466
          ],
          [
            118.9523474,
            32.0947256
          ],
          [
            118.9522898,
            32.0953888
          ],
          [
            118.9521041,
            32.0973741
          ],
          [
            118.9518432,
            32.0997636
          ],
          [
            118.9513956,
            32.101926
          ],
          [
            118.9510363,
            32.10325
          ],
          [
            118.9506273,
            32.1047845
          ],
          [
            118.9500475,
            32.1065432
          ],
          [
            118.949487,
            32.1079785
          ],
          [
            118.9488829,
            32.1096182
          ],
          [
            118.9481177,
            32.1113515
          ],
          [
            118.9474568,
            32.1129015
          ],
          [
            118.946734,
            32.114475
          ],
          [
            118.9456337,
            32.1175385
          ],
          [
            118.9452991,
            32.1188102
          ],
          [
            118.9449216,
            32.1206774
          ]
        ]
      },
      "properties": {
        "kind": "road",
        "highway": "motorway",
        "name": "南京绕城高速",
        "source": "OpenStreetMap",
        "osm_id": "236076306"
      }
    },
    {
      "type": "Feature",
      "geometry": {
        "type": "LineString",
        "coordinates": [
          [
            118.9341737,
            32.1044742
          ],
          [
            118.9344791,
            32.1040429
          ],
          [
            118.9346478,
            32.1038005
          ],
          [
            118.9348657,
            32.1034568
          ],
          [
            118.9350663,
            32.1030048
          ],
          [
            118.9351892,
            32.1026233
          ],
          [
            118.9352785,
            32.102224
          ],
          [
            118.935309,
            32.102018
          ],
          [
            118.9353256,
            32.1018596
          ],
          [
            118.9353351,
            32.1016516
          ],
          [
            118.9353329,
            32.1010511
          ],
          [
            118.9353101,
            32.1007012
          ],
          [
            118.9352979,
            32.1000571
          ],
          [
            118.9352898,
            32.0997475
          ]
        ]
      },
      "properties": {
        "kind": "road",
        "highway": "tertiary",
        "name": "学原路",
        "source": "OpenStreetMap",
        "osm_id": "316493108"
      }
    },
    {
      "type": "Feature",
      "geometry": {
        "type": "LineString",
        "coordinates": [
          [
            118.9340715,
            32.1046319
          ],
          [
            118.9341737,
            32.1044742
          ]
        ]
      },
      "properties": {
        "kind": "road",
        "highway": "tertiary",
        "name": "学原路",
        "source": "OpenStreetMap",
        "osm_id": "316493109"
      }
    },
    {
      "type": "Feature",
      "geometry": {
        "type": "LineString",
        "coordinates": [
          [
            118.9343223,
            32.1045448
          ],
          [
            118.9342164,
            32.1047043
          ]
        ]
      },
      "properties": {
        "kind": "road",
        "highway": "tertiary",
        "name": "学原路",
        "source": "OpenStreetMap",
        "osm_id": "316493110"
      }
    },
    {
      "type": "Feature",
      "geometry": {
        "type": "LineString",
        "coordinates": [
          [
            118.9342164,
            32.1047043
          ],
          [
            118.934017,
            32.1050118
          ]
        ]
      },
      "properties": {
        "kind": "road",
        "highway": "tertiary",
        "name": "学原路",
        "source": "OpenStreetMap",
        "osm_id": "316493111"
      }
    },
    {
      "type": "Feature",
      "geometry": {
        "type": "LineString",
        "coordinates": [
          [
            118.9447148,
            32.120639
          ],
          [
            118.9450942,
            32.1187618
          ],
          [
            118.9454326,
            32.1174756
          ],
          [
            118.946539,
            32.1143955
          ],
          [
            118.9472643,
            32.1128165
          ],
          [
            118.9479245,
            32.111268
          ],
          [
            118.9486877,
            32.1095394
          ],
          [
            118.9492902,
            32.1079039
          ],
          [
            118.9498494,
            32.1064719
          ],
          [
            118.9504257,
            32.104724
          ],
          [
            118.9508333,
            32.1031945
          ],
          [
            118.9511911,
            32.101876
          ],
          [
            118.9514439,
            32.1006547
          ],
          [
            118.9516365,
            32.0997242
          ],
          [
            118.9519398,
            32.0973543
          ],
          [
            118.9521518,
            32.0953587
          ],
          [
            118.952187,
            32.0947417
          ],
          [
            118.9522531,
            32.0930548
          ],
          [
            118.9522317,
            32.0907584
          ],
          [
            118.9521673,
            32.0894725
          ],
          [
            118.9520728,
            32.0881747
          ],
          [
            118.951933,
            32.0869517
          ],
          [
            118.9517617,
            32.0857202
          ],
          [
            118.9513563,
            32.083491
          ],
          [
            118.950667,
            32.0806901
          ],
          [
            118.9498228,
            32.0779933
          ],
          [
            118.9490705,
            32.0760327
          ],
          [
            118.9487748,
            32.075268
          ],
          [
            118.9483224,
            32.0743562
          ],
          [
            118.9479597,
            32.0737128
          ],
          [
            118.9471669,
            32.071978
          ],
          [
            118.9449433,
            32.0678331
          ],
          [
            118.9441755,
            32.0664559
          ],
          [
            118.9428739,
            32.0640431
          ]
        ]
      },
      "properties": {
        "kind": "road",
        "highway": "motorway",
        "name": "南京绕城高速",
        "source": "OpenStreetMap",
        "osm_id": "364612730"
      }
    },
    {
      "type": "Feature",
      "geometry": {
        "type": "LineString",
        "coordinates": [
          [
            118.9673172,
            32.0699328
          ],
          [
            118.9653789,
            32.0706914
          ],
          [
            118.9652232,
            32.0711113
          ],
          [
            118.9645295,
            32.0712912
          ],
          [
            118.9641473,
            32.0718551
          ],
          [
            118.9635668,
            32.0725268
          ],
          [
            118.9645578,
            32.0741823
          ],
          [
            118.9645578,
            32.0746381
          ],
          [
            118.9643089,
            32.0747278
          ],
          [
            118.9642904,
            32.0748323
          ],
          [
            118.9644876,
            32.0754432
          ],
          [
            118.9654427,
            32.0771453
          ],
          [
            118.9655105,
            32.0773803
          ],
          [
            118.9654612,
            32.077657
          ],
          [
            118.965264,
            32.077751
          ],
          [
            118.9648451,
            32.077863
          ],
          [
            118.9644506,
            32.077939
          ],
          [
            118.9641364,
            32.0780277
          ],
          [
            118.9633701,
            32.0784322
          ],
          [
            118.9631049,
            32.0784906
          ],
          [
            118.9625897,
            32.0784663
          ],
          [
            118.9618317,
            32.0785499
          ],
          [
            118.9611857,
            32.0785477
          ]
        ]
      },
      "properties": {
        "kind": "road",
        "highway": "residential",
        "name": null,
        "source": "OpenStreetMap",
        "osm_id": "369698656"
      }
    },
    {
      "type": "Feature",
      "geometry": {
        "type": "LineString",
        "coordinates": [
          [
            118.9663827,
            32.10316
          ],
          [
            118.9664357,
            32.1031165
          ],
          [
            118.9672009,
            32.1024891
          ],
          [
            118.9677912,
            32.1019447
          ],
          [
            118.9686393,
            32.1013497
          ],
          [
            118.9688896,
            32.1012105
          ],
          [
            118.9691324,
            32.1010079
          ],
          [
            118.9692557,
            32.100837
          ],
          [
            118.9698348,
            32.0996913
          ],
          [
            118.9699618,
            32.0995457
          ],
          [
            118.970186,
            32.0994349
          ],
          [
            118.9708473,
            32.0991817
          ],
          [
            118.9710378,
            32.0991659
          ],
          [
            118.9712172,
            32.0991912
          ],
          [
            118.9715273,
            32.0992482
          ],
          [
            118.9717477,
            32.0992197
          ],
          [
            118.972013,
            32.0991501
          ],
          [
            118.9724127,
            32.0989602
          ],
          [
            118.972678,
            32.0987703
          ],
          [
            118.9728386,
            32.0985677
          ],
          [
            118.9731263,
            32.0980455
          ],
          [
            118.9732832,
            32.097843
          ],
          [
            118.9741891,
            32.0970113
          ]
        ]
      },
      "properties": {
        "kind": "road",
        "highway": "residential",
        "name": null,
        "source": "OpenStreetMap",
        "osm_id": "380216607"
      }
    },
    {
      "type": "Feature",
      "geometry": {
        "type": "LineString",
        "coordinates": [
          [
            118.9264932,
            32.1017376
          ],
          [
            118.9261408,
            32.1015466
          ],
          [
            118.9259164,
            32.1018096
          ]
        ]
      },
      "properties": {
        "kind": "road",
        "highway": "residential",
        "name": null,
        "source": "OpenStreetMap",
        "osm_id": "425472436"
      }
    },
    {
      "type": "Feature",
      "geometry": {
        "type": "LineString",
        "coordinates": [
          [
            118.9511907,
            32.1099964
          ],
          [
            118.9518766,
            32.1100864
          ],
          [
            118.9526848,
            32.1101924
          ],
          [
            118.9535755,
            32.110311
          ],
          [
            118.9535856,
            32.1102574
          ]
        ]
      },
      "properties": {
        "kind": "road",
        "highway": "residential",
        "name": null,
        "source": "OpenStreetMap",
        "osm_id": "476032404"
      }
    },
    {
      "type": "Feature",
      "geometry": {
        "type": "LineString",
        "coordinates": [
          [
            118.9529526,
            32.1074563
          ],
          [
            118.9519692,
            32.1072324
          ],
          [
            118.9519103,
            32.1072154
          ],
          [
            118.9520053,
            32.1069335
          ],
          [
            118.9521068,
            32.1066323
          ],
          [
            118.9522101,
            32.1063257
          ],
          [
            118.9523129,
            32.1060205
          ],
          [
            118.9524169,
            32.1057119
          ],
          [
            118.9525031,
            32.1054559
          ],
          [
            118.9525386,
            32.1054258
          ],
          [
            118.9534489,
            32.1056289
          ],
          [
            118.9535377,
            32.1057041
          ],
          [
            118.9535557,
            32.1057857
          ]
        ]
      },
      "properties": {
        "kind": "road",
        "highway": "residential",
        "name": null,
        "source": "OpenStreetMap",
        "osm_id": "476453398"
      }
    },
    {
      "type": "Feature",
      "geometry": {
        "type": "LineString",
        "coordinates": [
          [
            118.9569681,
            32.1081356
          ],
          [
            118.9570073,
            32.1078414
          ],
          [
            118.9570175,
            32.1077646
          ],
          [
            118.9571131,
            32.1073432
          ],
          [
            118.9572578,
            32.1070703
          ],
          [
            118.9573668,
            32.1069078
          ],
          [
            118.9575209,
            32.1066778
          ],
          [
            118.9576113,
            32.1065586
          ],
          [
            118.9577188,
            32.1064481
          ],
          [
            118.9578125,
            32.1063723
          ],
          [
            118.9578909,
            32.1063125
          ],
          [
            118.9579721,
            32.1062633
          ],
          [
            118.9580318,
            32.1062336
          ],
          [
            118.958781,
            32.1065341
          ],
          [
            118.9594813,
            32.1068114
          ],
          [
            118.959635,
            32.1068834
          ],
          [
            118.9594374,
            32.1072059
          ],
          [
            118.9593293,
            32.1073436
          ],
          [
            118.9592063,
            32.1074695
          ],
          [
            118.9591335,
            32.1075276
          ],
          [
            118.9590641,
            32.107592
          ],
          [
            118.9589967,
            32.1076685
          ],
          [
            118.9589402,
            32.1077463
          ],
          [
            118.9588881,
            32.1078207
          ],
          [
            118.958836,
            32.1079114
          ],
          [
            118.9587794,
            32.1079945
          ],
          [
            118.9587084,
            32.1080805
          ],
          [
            118.9586252,
            32.1081501
          ],
          [
            118.9585305,
            32.1082066
          ],
          [
            118.9584213,
            32.1082603
          ],
          [
            118.9583193,
            32.108319
          ],
          [
            118.9582618,
            32.1083864
          ],
          [
            118.9582215,
            32.1084546
          ],
          [
            118.9581607,
            32.1085789
          ],
          [
            118.9580576,
            32.108652
          ]
        ]
      },
      "properties": {
        "kind": "road",
        "highway": "residential",
        "name": null,
        "source": "OpenStreetMap",
        "osm_id": "476453729"
      }
    },
    {
      "type": "Feature",
      "geometry": {
        "type": "LineString",
        "coordinates": [
          [
            118.9420694,
            32.0961082
          ],
          [
            118.9427353,
            32.095863
          ],
          [
            118.943177,
            32.0957353
          ],
          [
            118.9436132,
            32.0956296
          ],
          [
            118.9439589,
            32.0955592
          ],
          [
            118.9443328,
            32.095496
          ],
          [
            118.9448319,
            32.0954354
          ],
          [
            118.9453304,
            32.0954041
          ],
          [
            118.9456554,
            32.095399
          ],
          [
            118.9459999,
            32.0954004
          ],
          [
            118.9465306,
            32.0954299
          ],
          [
            118.9470197,
            32.0954786
          ],
          [
            118.9474736,
            32.0955458
          ],
          [
            118.9486607,
            32.0957273
          ],
          [
            118.9493678,
            32.0958424
          ],
          [
            118.9497371,
            32.0958662
          ],
          [
            118.9501538,
            32.0958563
          ]
        ]
      },
      "properties": {
        "kind": "road",
        "highway": "secondary",
        "name": null,
        "source": "OpenStreetMap",
        "osm_id": "583443900"
      }
    },
    {
      "type": "Feature",
      "geometry": {
        "type": "LineString",
        "coordinates": [
          [
            118.9314558,
            32.098796
          ],
          [
            118.9315023,
            32.0987277
          ],
          [
            118.9316191,
            32.0985561
          ]
        ]
      },
      "properties": {
        "kind": "road",
        "highway": "residential",
        "name": null,
        "source": "OpenStreetMap",
        "osm_id": "673044224"
      }
    },
    {
      "type": "Feature",
      "geometry": {
        "type": "LineString",
        "coordinates": [
          [
            118.9329826,
            32.098886
          ],
          [
            118.9328089,
            32.0992107
          ]
        ]
      },
      "properties": {
        "kind": "road",
        "highway": "residential",
        "name": null,
        "source": "OpenStreetMap",
        "osm_id": "673044225"
      }
    },
    {
      "type": "Feature",
      "geometry": {
        "type": "LineString",
        "coordinates": [
          [
            118.93155,
            32.0982238
          ],
          [
            118.9317709,
            32.0983332
          ],
          [
            118.9326869,
            32.0987699
          ],
          [
            118.9329826,
            32.098886
          ]
        ]
      },
      "properties": {
        "kind": "road",
        "highway": "residential",
        "name": null,
        "source": "OpenStreetMap",
        "osm_id": "673044227"
      }
    },
    {
      "type": "Feature",
      "geometry": {
        "type": "LineString",
        "coordinates": [
          [
            118.9312358,
            32.0986847
          ],
          [
            118.9312827,
            32.0986159
          ],
          [
            118.9314008,
            32.0984426
          ]
        ]
      },
      "properties": {
        "kind": "road",
        "highway": "residential",
        "name": null,
        "source": "OpenStreetMap",
        "osm_id": "673044230"
      }
    },
    {
      "type": "Feature",
      "geometry": {
        "type": "LineString",
        "coordinates": [
          [
            118.9563308,
            32.0799571
          ],
          [
            118.957437,
            32.0798497
          ],
          [
            118.9575684,
            32.0797497
          ],
          [
            118.9577867,
            32.079705
          ],
          [
            118.9579614,
            32.0796693
          ],
          [
            118.9580458,
            32.079652
          ],
          [
            118.9582057,
            32.079641
          ],
          [
            118.9601326,
            32.0795088
          ]
        ]
      },
      "properties": {
        "kind": "road",
        "highway": "residential",
        "name": null,
        "source": "OpenStreetMap",
        "osm_id": "763486323"
      }
    },
    {
      "type": "Feature",
      "geometry": {
        "type": "LineString",
        "coordinates": [
          [
            118.9352355,
            32.08923
          ],
          [
            118.9331584,
            32.0900283
          ],
          [
            118.9324637,
            32.0903509
          ],
          [
            118.9317342,
            32.0907326
          ],
          [
            118.931144,
            32.0911121
          ],
          [
            118.9306318,
            32.0915439
          ],
          [
            118.9304593,
            32.0917463
          ],
          [
            118.9304276,
            32.0917959
          ],
          [
            118.9303314,
            32.0919461
          ],
          [
            118.9302018,
            32.0921576
          ],
          [
            118.9301302,
            32.0923801
          ],
          [
            118.9300355,
            32.0927666
          ],
          [
            118.9299558,
            32.0930186
          ],
          [
            118.9298352,
            32.0932754
          ],
          [
            118.9297339,
            32.0934455
          ],
          [
            118.9296859,
            32.093526
          ],
          [
            118.9295428,
            32.0937662
          ],
          [
            118.9291826,
            32.0943504
          ],
          [
            118.9288822,
            32.0947753
          ],
          [
            118.928596,
            32.0950933
          ],
          [
            118.9280823,
            32.095492
          ]
        ]
      },
      "properties": {
        "kind": "road",
        "highway": "residential",
        "name": null,
        "source": "OpenStreetMap",
        "osm_id": "836098549"
      }
    },
    {
      "type": "Feature",
      "geometry": {
        "type": "LineString",
        "coordinates": [
          [
            118.9524445,
            32.0958544
          ],
          [
            118.9524715,
            32.0956013
          ],
          [
            118.9526021,
            32.0932185
          ],
          [
            118.9530347,
            32.0931633
          ]
        ]
      },
      "properties": {
        "kind": "road",
        "highway": "residential",
        "name": null,
        "source": "OpenStreetMap",
        "osm_id": "852008627"
      }
    },
    {
      "type": "Feature",
      "geometry": {
        "type": "LineString",
        "coordinates": [
          [
            118.9500294,
            32.0970592
          ],
          [
            118.9506288,
            32.0971279
          ]
        ]
      },
      "properties": {
        "kind": "road",
        "highway": "residential",
        "name": null,
        "source": "OpenStreetMap",
        "osm_id": "852008628"
      }
    },
    {
      "type": "Feature",
      "geometry": {
        "type": "LineString",
        "coordinates": [
          [
            118.9534907,
            32.0960051
          ],
          [
            118.9533838,
            32.0970492
          ],
          [
            118.9533638,
            32.0972353
          ],
          [
            118.9533173,
            32.0974736
          ],
          [
            118.9532708,
            32.0977117
          ],
          [
            118.9531368,
            32.0982582
          ],
          [
            118.9529775,
            32.098807
          ],
          [
            118.9528111,
            32.0993195
          ],
          [
            118.9525764,
            32.1000482
          ],
          [
            118.9524226,
            32.1005055
          ],
          [
            118.9523137,
            32.1009352
          ],
          [
            118.9522801,
            32.1013119
          ],
          [
            118.9522934,
            32.1017827
          ],
          [
            118.9524047,
            32.1023294
          ],
          [
            118.9524872,
            32.1027656
          ],
          [
            118.952607,
            32.1033522
          ],
          [
            118.952715,
            32.1040608
          ],
          [
            118.9525636,
            32.1045607
          ],
          [
            118.9515976,
            32.1075393
          ],
          [
            118.951564,
            32.1076588
          ],
          [
            118.950898,
            32.1097963
          ],
          [
            118.9506473,
            32.1105219
          ],
          [
            118.9506115,
            32.1106256
          ]
        ]
      },
      "properties": {
        "kind": "road",
        "highway": "secondary",
        "name": "九乡河东路",
        "source": "OpenStreetMap",
        "osm_id": "852008630"
      }
    },
    {
      "type": "Feature",
      "geometry": {
        "type": "LineString",
        "coordinates": [
          [
            118.9530347,
            32.0931633
          ],
          [
            118.9532239,
            32.0931552
          ]
        ]
      },
      "properties": {
        "kind": "road",
        "highway": "residential",
        "name": null,
        "source": "OpenStreetMap",
        "osm_id": "852008631"
      }
    },
    {
      "type": "Feature",
      "geometry": {
        "type": "LineString",
        "coordinates": [
          [
            118.9504853,
            32.1105984
          ],
          [
            118.9505158,
            32.1105051
          ],
          [
            118.9507189,
            32.1098839
          ],
          [
            118.9514537,
            32.1076329
          ],
          [
            118.9514922,
            32.107519
          ],
          [
            118.95167,
            32.1069866
          ],
          [
            118.9526384,
            32.1040445
          ],
          [
            118.9523826,
            32.1026908
          ],
          [
            118.9522159,
            32.1018574
          ],
          [
            118.9521671,
            32.1014958
          ],
          [
            118.9521915,
            32.1010894
          ],
          [
            118.9522809,
            32.1006762
          ],
          [
            118.9527851,
            32.09903
          ],
          [
            118.9530046,
            32.0983412
          ],
          [
            118.9532119,
            32.0973562
          ],
          [
            118.9532969,
            32.0960054
          ],
          [
            118.9533065,
            32.0958633
          ]
        ]
      },
      "properties": {
        "kind": "road",
        "highway": "secondary",
        "name": "九乡河东路",
        "source": "OpenStreetMap",
        "osm_id": "852008632"
      }
    },
    {
      "type": "Feature",
      "geometry": {
        "type": "LineString",
        "coordinates": [
          [
            118.9532239,
            32.0931552
          ],
          [
            118.9534026,
            32.0931471
          ],
          [
            118.9534925,
            32.0931471
          ]
        ]
      },
      "properties": {
        "kind": "road",
        "highway": "residential",
        "name": null,
        "source": "OpenStreetMap",
        "osm_id": "852008633"
      }
    },
    {
      "type": "Feature",
      "geometry": {
        "type": "LineString",
        "coordinates": [
          [
            118.9501538,
            32.0958563
          ],
          [
            118.9511974,
            32.0958576
          ]
        ]
      },
      "properties": {
        "kind": "road",
        "highway": "secondary",
        "name": "灵山北路",
        "source": "OpenStreetMap",
        "osm_id": "852008635"
      }
    },
    {
      "type": "Feature",
      "geometry": {
        "type": "LineString",
        "coordinates": [
          [
            118.9533065,
            32.0958633
          ],
          [
            118.9535,
            32.0958615
          ],
          [
            118.9548933,
            32.0958623
          ],
          [
            118.9594011,
            32.0958974
          ]
        ]
      },
      "properties": {
        "kind": "road",
        "highway": "secondary",
        "name": "龙王山大道",
        "source": "OpenStreetMap",
        "osm_id": "852008637"
      }
    },
    {
      "type": "Feature",
      "geometry": {
        "type": "LineString",
        "coordinates": [
          [
            118.9533589,
            32.0885276
          ],
          [
            118.9534859,
            32.0885276
          ],
          [
            118.9549747,
            32.0885231
          ],
          [
            118.9589836,
            32.0885387
          ],
          [
            118.9591152,
            32.0885392
          ],
          [
            118.9596628,
            32.0885414
          ],
          [
            118.9601139,
            32.0885394
          ],
          [
            118.9606286,
            32.0885216
          ],
          [
            118.9613233,
            32.0884564
          ],
          [
            118.9615451,
            32.0884224
          ],
          [
            118.9632034,
            32.0882005
          ]
        ]
      },
      "properties": {
        "kind": "road",
        "highway": "tertiary",
        "name": "四望路",
        "source": "OpenStreetMap",
        "osm_id": "852008640"
      }
    },
    {
      "type": "Feature",
      "geometry": {
        "type": "LineString",
        "coordinates": [
          [
            118.9534925,
            32.0931471
          ],
          [
            118.9536351,
            32.0931538
          ],
          [
            118.9549378,
            32.0931711
          ],
          [
            118.9585939,
            32.0932125
          ],
          [
            118.9589473,
            32.0932209
          ],
          [
            118.9590998,
            32.0932246
          ],
          [
            118.9597485,
            32.0932401
          ],
          [
            118.9623788,
            32.0932711
          ],
          [
            118.9637895,
            32.0923859
          ]
        ]
      },
      "properties": {
        "kind": "road",
        "highway": "tertiary",
        "name": "二象路",
        "source": "OpenStreetMap",
        "osm_id": "852008641"
      }
    },
    {
      "type": "Feature",
      "geometry": {
        "type": "LineString",
        "coordinates": [
          [
            118.9534826,
            32.0908545
          ],
          [
            118.9536294,
            32.0908517
          ],
          [
            118.9549651,
            32.0908605
          ],
          [
            118.9585186,
            32.0908665
          ],
          [
            118.95886,
            32.0908521
          ],
          [
            118.9590223,
            32.0908453
          ],
          [
            118.9592932,
            32.0908339
          ]
        ]
      },
      "properties": {
        "kind": "road",
        "highway": "secondary",
        "name": "三阳路",
        "source": "OpenStreetMap",
        "osm_id": "852008646"
      }
    },
    {
      "type": "Feature",
      "geometry": {
        "type": "LineString",
        "coordinates": [
          [
            118.9642032,
            32.0896655
          ],
          [
            118.9638557,
            32.089841
          ],
          [
            118.9635409,
            32.0899981
          ],
          [
            118.9631892,
            32.0901552
          ],
          [
            118.9627656,
            32.0903148
          ],
          [
            118.9622152,
            32.0905056
          ],
          [
            118.9618808,
            32.0906056
          ],
          [
            118.9615915,
            32.0906841
          ],
          [
            118.961505,
            32.0907075
          ],
          [
            118.9611057,
            32.0907975
          ],
          [
            118.9605782,
            32.0908924
          ],
          [
            118.9601851,
            32.0909488
          ],
          [
            118.9598108,
            32.0909813
          ],
          [
            118.9595707,
            32.0909931
          ]
        ]
      },
      "properties": {
        "kind": "road",
        "highway": "secondary",
        "name": "三阳路",
        "source": "OpenStreetMap",
        "osm_id": "852008647"
      }
    },
    {
      "type": "Feature",
      "geometry": {
        "type": "LineString",
        "coordinates": [
          [
            118.9595874,
            32.0908215
          ],
          [
            118.9598332,
            32.0908084
          ],
          [
            118.9601813,
            32.0907784
          ],
          [
            118.9605529,
            32.0907365
          ],
          [
            118.9609952,
            32.0906626
          ],
          [
            118.961388,
            32.0905815
          ],
          [
            118.9615113,
            32.0905495
          ],
          [
            118.9618843,
            32.0904527
          ],
          [
            118.9621362,
            32.0903755
          ],
          [
            118.9624708,
            32.0902731
          ],
          [
            118.9626957,
            32.0901962
          ],
          [
            118.9630614,
            32.0900459
          ],
          [
            118.9634254,
            32.0898792
          ],
          [
            118.9637566,
            32.0897091
          ],
          [
            118.9641044,
            32.0895174
          ]
        ]
      },
      "properties": {
        "kind": "road",
        "highway": "secondary",
        "name": "三阳路",
        "source": "OpenStreetMap",
        "osm_id": "852008648"
      }
    },
    {
      "type": "Feature",
      "geometry": {
        "type": "LineString",
        "coordinates": [
          [
            118.9592932,
            32.0908339
          ],
          [
            118.9595874,
            32.0908215
          ]
        ]
      },
      "properties": {
        "kind": "road",
        "highway": "secondary",
        "name": "三阳路",
        "source": "OpenStreetMap",
        "osm_id": "852008649"
      }
    },
    {
      "type": "Feature",
      "geometry": {
        "type": "LineString",
        "coordinates": [
          [
            118.9588551,
            32.0910058
          ],
          [
            118.9584336,
            32.0910014
          ],
          [
            118.9568304,
            32.0910014
          ],
          [
            118.9549645,
            32.0909943
          ]
        ]
      },
      "properties": {
        "kind": "road",
        "highway": "secondary",
        "name": "三阳路",
        "source": "OpenStreetMap",
        "osm_id": "852008650"
      }
    },
    {
      "type": "Feature",
      "geometry": {
        "type": "LineString",
        "coordinates": [
          [
            118.9595707,
            32.0909931
          ],
          [
            118.9593007,
            32.0910004
          ]
        ]
      },
      "properties": {
        "kind": "road",
        "highway": "secondary",
        "name": "三阳路",
        "source": "OpenStreetMap",
        "osm_id": "852008651"
      }
    },
    {
      "type": "Feature",
      "geometry": {
        "type": "LineString",
        "coordinates": [
          [
            118.9592443,
            32.0862856
          ],
          [
            118.9592381,
            32.0864099
          ],
          [
            118.959241,
            32.0868118
          ],
          [
            118.9591272,
            32.0882889
          ],
          [
            118.9591152,
            32.0885392
          ],
          [
            118.9590175,
            32.0905794
          ],
          [
            118.9590223,
            32.0908453
          ],
          [
            118.9590252,
            32.0910076
          ],
          [
            118.9590371,
            32.0916687
          ],
          [
            118.95905,
            32.092391
          ],
          [
            118.9590998,
            32.0932246
          ],
          [
            118.959176,
            32.0944989
          ],
          [
            118.9592145,
            32.0947585
          ],
          [
            118.9592813,
            32.0950101
          ],
          [
            118.9593617,
            32.0952935
          ],
          [
            118.9594609,
            32.0955769
          ],
          [
            118.959611,
            32.0958899
          ],
          [
            118.9596781,
            32.096014
          ],
          [
            118.9599207,
            32.0964629
          ]
        ]
      },
      "properties": {
        "kind": "road",
        "highway": "secondary",
        "name": "东流路",
        "source": "OpenStreetMap",
        "osm_id": "852008653"
      }
    },
    {
      "type": "Feature",
      "geometry": {
        "type": "LineString",
        "coordinates": [
          [
            118.9594011,
            32.0958974
          ],
          [
            118.9591477,
            32.0951737
          ],
          [
            118.9590901,
            32.094976
          ],
          [
            118.9590528,
            32.094747
          ],
          [
            118.9590297,
            32.0944563
          ],
          [
            118.9589473,
            32.0932209
          ],
          [
            118.9589275,
            32.0929027
          ],
          [
            118.9588462,
            32.0912907
          ],
          [
            118.9588551,
            32.0910058
          ]
        ]
      },
      "properties": {
        "kind": "road",
        "highway": "secondary",
        "name": "东流路",
        "source": "OpenStreetMap",
        "osm_id": "852008654"
      }
    },
    {
      "type": "Feature",
      "geometry": {
        "type": "LineString",
        "coordinates": [
          [
            118.9615202,
            32.0862256
          ],
          [
            118.9615024,
            32.086391
          ],
          [
            118.9615408,
            32.0882171
          ],
          [
            118.9615451,
            32.0884224
          ],
          [
            118.9615734,
            32.088658
          ],
          [
            118.9616564,
            32.0891313
          ],
          [
            118.9617475,
            32.089455
          ],
          [
            118.9618126,
            32.0896575
          ],
          [
            118.9618541,
            32.0897866
          ],
          [
            118.9619514,
            32.0900323
          ]
        ]
      },
      "properties": {
        "kind": "road",
        "highway": "tertiary",
        "name": "福宁路",
        "source": "OpenStreetMap",
        "osm_id": "852008656"
      }
    },
    {
      "type": "Feature",
      "geometry": {
        "type": "LineString",
        "coordinates": [
          [
            118.9620693,
            32.090263
          ],
          [
            118.9621362,
            32.0903755
          ],
          [
            118.9622152,
            32.0905056
          ],
          [
            118.9623173,
            32.0906798
          ],
          [
            118.9626019,
            32.0910931
          ],
          [
            118.9630003,
            32.0915753
          ],
          [
            118.9636589,
            32.0922607
          ],
          [
            118.9637895,
            32.0923859
          ]
        ]
      },
      "properties": {
        "kind": "road",
        "highway": "tertiary",
        "name": "福宁路",
        "source": "OpenStreetMap",
        "osm_id": "852008657"
      }
    },
    {
      "type": "Feature",
      "geometry": {
        "type": "LineString",
        "coordinates": [
          [
            118.9619514,
            32.0900323
          ],
          [
            118.9620693,
            32.090263
          ]
        ]
      },
      "properties": {
        "kind": "road",
        "highway": "tertiary",
        "name": "福宁路",
        "source": "OpenStreetMap",
        "osm_id": "852008658"
      }
    },
    {
      "type": "Feature",
      "geometry": {
        "type": "LineString",
        "coordinates": [
          [
            118.9631497,
            32.0964521
          ],
          [
            118.963195,
            32.0963428
          ],
          [
            118.9637999,
            32.0949663
          ],
          [
            118.9623788,
            32.0932711
          ]
        ]
      },
      "properties": {
        "kind": "road",
        "highway": "tertiary",
        "name": "美华路",
        "source": "OpenStreetMap",
        "osm_id": "852008660"
      }
    },
    {
      "type": "Feature",
      "geometry": {
        "type": "LineString",
        "coordinates": [
          [
            118.957437,
            32.0798497
          ],
          [
            118.9574211,
            32.0796396
          ],
          [
            118.957295,
            32.0790816
          ],
          [
            118.9570714,
            32.077497
          ],
          [
            118.9569576,
            32.0766427
          ],
          [
            118.9570308,
            32.0761673
          ],
          [
            118.9572097,
            32.0759951
          ],
          [
            118.9573723,
            32.0756816
          ],
          [
            118.9573113,
            32.0751855
          ],
          [
            118.9570592,
            32.073532
          ],
          [
            118.9569739,
            32.0731427
          ],
          [
            118.9569535,
            32.0723951
          ],
          [
            118.9570064,
            32.0720954
          ],
          [
            118.9570023,
            32.0716476
          ],
          [
            118.9570552,
            32.0712686
          ],
          [
            118.9575268,
            32.0697907
          ],
          [
            118.9575349,
            32.0695357
          ]
        ]
      },
      "properties": {
        "kind": "road",
        "highway": "residential",
        "name": null,
        "source": "OpenStreetMap",
        "osm_id": "852008663"
      }
    },
    {
      "type": "Feature",
      "geometry": {
        "type": "LineString",
        "coordinates": [
          [
            118.9354129,
            32.0995168
          ],
          [
            118.9354111,
            32.0993035
          ]
        ]
      },
      "properties": {
        "kind": "road",
        "highway": "tertiary",
        "name": "学原路",
        "source": "OpenStreetMap",
        "osm_id": "875398345"
      }
    },
    {
      "type": "Feature",
      "geometry": {
        "type": "LineString",
        "coordinates": [
          [
            118.9328089,
            32.0992107
          ],
          [
            118.9327821,
            32.0993152
          ]
        ]
      },
      "properties": {
        "kind": "road",
        "highway": "residential",
        "name": null,
        "source": "OpenStreetMap",
        "osm_id": "875398352"
      }
    },
    {
      "type": "Feature",
      "geometry": {
        "type": "LineString",
        "coordinates": [
          [
            118.9314008,
            32.0984426
          ],
          [
            118.93155,
            32.0982238
          ]
        ]
      },
      "properties": {
        "kind": "road",
        "highway": "residential",
        "name": null,
        "source": "OpenStreetMap",
        "osm_id": "875398353"
      }
    },
    {
      "type": "Feature",
      "geometry": {
        "type": "LineString",
        "coordinates": [
          [
            118.9316191,
            32.0985561
          ],
          [
            118.9317709,
            32.0983332
          ]
        ]
      },
      "properties": {
        "kind": "road",
        "highway": "residential",
        "name": null,
        "source": "OpenStreetMap",
        "osm_id": "875398354"
      }
    },
    {
      "type": "Feature",
      "geometry": {
        "type": "LineString",
        "coordinates": [
          [
            118.933696,
            32.1051816
          ],
          [
            118.9338745,
            32.1049466
          ]
        ]
      },
      "properties": {
        "kind": "road",
        "highway": "tertiary",
        "name": null,
        "source": "OpenStreetMap",
        "osm_id": "876594625"
      }
    },
    {
      "type": "Feature",
      "geometry": {
        "type": "LineString",
        "coordinates": [
          [
            118.9338307,
            32.1052454
          ],
          [
            118.9326069,
            32.107066
          ],
          [
            118.9311949,
            32.109084
          ]
        ]
      },
      "properties": {
        "kind": "road",
        "highway": "secondary",
        "name": "仙境路",
        "source": "OpenStreetMap",
        "osm_id": "876594627"
      }
    },
    {
      "type": "Feature",
      "geometry": {
        "type": "LineString",
        "coordinates": [
          [
            118.9309981,
            32.1093754
          ],
          [
            118.9308649,
            32.1095737
          ]
        ]
      },
      "properties": {
        "kind": "road",
        "highway": "secondary",
        "name": "仙境路",
        "source": "OpenStreetMap",
        "osm_id": "876594628"
      }
    },
    {
      "type": "Feature",
      "geometry": {
        "type": "LineString",
        "coordinates": [
          [
            118.9310719,
            32.1089559
          ],
          [
            118.9319664,
            32.1076933
          ],
          [
            118.9324401,
            32.1069749
          ],
          [
            118.933696,
            32.1051816
          ]
        ]
      },
      "properties": {
        "kind": "road",
        "highway": "secondary",
        "name": "仙境路",
        "source": "OpenStreetMap",
        "osm_id": "876594629"
      }
    },
    {
      "type": "Feature",
      "geometry": {
        "type": "LineString",
        "coordinates": [
          [
            118.9306999,
            32.1095147
          ],
          [
            118.9308481,
            32.109291
          ]
        ]
      },
      "properties": {
        "kind": "road",
        "highway": "secondary",
        "name": "仙境路",
        "source": "OpenStreetMap",
        "osm_id": "876594630"
      }
    },
    {
      "type": "Feature",
      "geometry": {
        "type": "LineString",
        "coordinates": [
          [
            118.9302574,
            32.1161567
          ],
          [
            118.9301755,
            32.1158635
          ],
          [
            118.9298743,
            32.114847
          ],
          [
            118.9295217,
            32.1137375
          ],
          [
            118.9294516,
            32.1134428
          ],
          [
            118.9293979,
            32.1130967
          ],
          [
            118.9293816,
            32.112717
          ],
          [
            118.9293839,
            32.1124638
          ],
          [
            118.9294003,
            32.1122027
          ],
          [
            118.9294341,
            32.1119614
          ],
          [
            118.9294913,
            32.1117202
          ],
          [
            118.9296314,
            32.111289
          ],
          [
            118.9298299,
            32.1108915
          ],
          [
            118.9301311,
            32.1103733
          ],
          [
            118.9306999,
            32.1095147
          ]
        ]
      },
      "properties": {
        "kind": "road",
        "highway": "secondary",
        "name": "仙境路",
        "source": "OpenStreetMap",
        "osm_id": "876594631"
      }
    },
    {
      "type": "Feature",
      "geometry": {
        "type": "LineString",
        "coordinates": [
          [
            118.9308649,
            32.1095737
          ],
          [
            118.9302648,
            32.1104823
          ],
          [
            118.9300837,
            32.110827
          ],
          [
            118.9299173,
            32.1111396
          ],
          [
            118.929786,
            32.1115287
          ],
          [
            118.9297053,
            32.1117946
          ],
          [
            118.9296418,
            32.1120797
          ],
          [
            118.9296056,
            32.1125286
          ],
          [
            118.9296169,
            32.1131058
          ],
          [
            118.9296423,
            32.1134063
          ],
          [
            118.929677,
            32.1136634
          ],
          [
            118.9299026,
            32.1144049
          ],
          [
            118.930448,
            32.1161231
          ]
        ]
      },
      "properties": {
        "kind": "road",
        "highway": "secondary",
        "name": "仙境路",
        "source": "OpenStreetMap",
        "osm_id": "876594633"
      }
    },
    {
      "type": "Feature",
      "geometry": {
        "type": "LineString",
        "coordinates": [
          [
            118.9431408,
            32.1149941
          ],
          [
            118.9438301,
            32.1135788
          ],
          [
            118.9440957,
            32.1124929
          ],
          [
            118.9443043,
            32.1101443
          ],
          [
            118.9443199,
            32.1100398
          ],
          [
            118.9443478,
            32.1098052
          ],
          [
            118.9444289,
            32.1095409
          ],
          [
            118.944583,
            32.1091469
          ],
          [
            118.9448458,
            32.1085758
          ],
          [
            118.9454046,
            32.1077128
          ],
          [
            118.9460202,
            32.1068795
          ],
          [
            118.9466223,
            32.1061315
          ],
          [
            118.9474297,
            32.1050909
          ],
          [
            118.9479473,
            32.1044093
          ],
          [
            118.9482034,
            32.1041708
          ]
        ]
      },
      "properties": {
        "kind": "road",
        "highway": "secondary",
        "name": "九乡河西路",
        "source": "OpenStreetMap",
        "osm_id": "878591060"
      }
    },
    {
      "type": "Feature",
      "geometry": {
        "type": "LineString",
        "coordinates": [
          [
            118.9482034,
            32.1041708
          ],
          [
            118.9481083,
            32.1043252
          ],
          [
            118.9474565,
            32.1051909
          ],
          [
            118.9467618,
            32.1060747
          ],
          [
            118.94611,
            32.1069267
          ],
          [
            118.9454716,
            32.1077491
          ],
          [
            118.9449325,
            32.1085829
          ],
          [
            118.9447361,
            32.1091481
          ],
          [
            118.9445748,
            32.1095659
          ],
          [
            118.9445168,
            32.10982
          ],
          [
            118.9444886,
            32.1100543
          ],
          [
            118.9442164,
            32.1125201
          ],
          [
            118.9439567,
            32.1136069
          ],
          [
            118.9439455,
            32.1136538
          ],
          [
            118.9432427,
            32.1150532
          ]
        ]
      },
      "properties": {
        "kind": "road",
        "highway": "secondary",
        "name": "九乡河西路",
        "source": "OpenStreetMap",
        "osm_id": "878591063"
      }
    },
    {
      "type": "Feature",
      "geometry": {
        "type": "LineString",
        "coordinates": [
          [
            118.965648,
            32.0912434
          ],
          [
            118.9644763,
            32.0900128
          ],
          [
            118.9642276,
            32.0897021
          ],
          [
            118.9642032,
            32.0896655
          ],
          [
            118.9641044,
            32.0895174
          ],
          [
            118.9640256,
            32.0893993
          ]
        ]
      },
      "properties": {
        "kind": "road",
        "highway": "tertiary",
        "name": null,
        "source": "OpenStreetMap",
        "osm_id": "894146186"
      }
    },
    {
      "type": "Feature",
      "geometry": {
        "type": "LineString",
        "coordinates": [
          [
            118.9637895,
            32.0923859
          ],
          [
            118.965648,
            32.0912434
          ],
          [
            118.9667577,
            32.0905237
          ],
          [
            118.9669105,
            32.0904828
          ],
          [
            118.9672368,
            32.0904555
          ]
        ]
      },
      "properties": {
        "kind": "road",
        "highway": "tertiary",
        "name": null,
        "source": "OpenStreetMap",
        "osm_id": "894146187"
      }
    },
    {
      "type": "Feature",
      "geometry": {
        "type": "LineString",
        "coordinates": [
          [
            118.9549645,
            32.0909943
          ],
          [
            118.9549651,
            32.0908605
          ],
          [
            118.9549747,
            32.0885231
          ],
          [
            118.9549761,
            32.0881768
          ],
          [
            118.9549761,
            32.0866158
          ],
          [
            118.9549748,
            32.0864758
          ],
          [
            118.9549711,
            32.0862986
          ],
          [
            118.954968,
            32.0861491
          ],
          [
            118.9548928,
            32.0854346
          ],
          [
            118.9548686,
            32.0852603
          ],
          [
            118.9545488,
            32.0829607
          ],
          [
            118.9544095,
            32.0823229
          ],
          [
            118.9541431,
            32.0810366
          ],
          [
            118.9539389,
            32.0799787
          ]
        ]
      },
      "properties": {
        "kind": "road",
        "highway": "tertiary",
        "name": "河清路",
        "source": "OpenStreetMap",
        "osm_id": "894146188"
      }
    },
    {
      "type": "Feature",
      "geometry": {
        "type": "LineString",
        "coordinates": [
          [
            118.9571115,
            32.0864391
          ],
          [
            118.9571233,
            32.0862291
          ],
          [
            118.957131,
            32.0852301
          ],
          [
            118.9571119,
            32.0829684
          ],
          [
            118.9569727,
            32.0819703
          ],
          [
            118.9566263,
            32.0808411
          ],
          [
            118.9563308,
            32.0799571
          ]
        ]
      },
      "properties": {
        "kind": "road",
        "highway": "residential",
        "name": null,
        "source": "OpenStreetMap",
        "osm_id": "894146192"
      }
    },
    {
      "type": "Feature",
      "geometry": {
        "type": "LineString",
        "coordinates": [
          [
            118.9316428,
            32.0799106
          ],
          [
            118.9316568,
            32.0800946
          ]
        ]
      },
      "properties": {
        "kind": "road",
        "highway": "primary",
        "name": null,
        "source": "OpenStreetMap",
        "osm_id": "894146195"
      }
    },
    {
      "type": "Feature",
      "geometry": {
        "type": "LineString",
        "coordinates": [
          [
            118.9256542,
            32.0830219
          ],
          [
            118.9258141,
            32.0830616
          ],
          [
            118.9269654,
            32.0833231
          ],
          [
            118.9271896,
            32.0833607
          ],
          [
            118.9275889,
            32.0833844
          ],
          [
            118.928789,
            32.0833488
          ],
          [
            118.9293238,
            32.083337
          ]
        ]
      },
      "properties": {
        "kind": "road",
        "highway": "residential",
        "name": null,
        "source": "OpenStreetMap",
        "osm_id": "894146211"
      }
    },
    {
      "type": "Feature",
      "geometry": {
        "type": "LineString",
        "coordinates": [
          [
            118.9629075,
            32.0829856
          ],
          [
            118.960747,
            32.0829792
          ],
          [
            118.958985,
            32.0829739
          ],
          [
            118.958883,
            32.0829736
          ],
          [
            118.9588157,
            32.0829734
          ],
          [
            118.9571119,
            32.0829684
          ],
          [
            118.9545488,
            32.0829607
          ],
          [
            118.9525821,
            32.0829549
          ],
          [
            118.9524245,
            32.0829544
          ]
        ]
      },
      "properties": {
        "kind": "road",
        "highway": "residential",
        "name": null,
        "source": "OpenStreetMap",
        "osm_id": "914592831"
      }
    },
    {
      "type": "Feature",
      "geometry": {
        "type": "LineString",
        "coordinates": [
          [
            118.9528752,
            32.0852869
          ],
          [
            118.9530432,
            32.0852847
          ],
          [
            118.9548686,
            32.0852603
          ],
          [
            118.957131,
            32.0852301
          ],
          [
            118.9591145,
            32.0852037
          ],
          [
            118.9592476,
            32.0852019
          ],
          [
            118.9613445,
            32.0851739
          ],
          [
            118.9628691,
            32.0851536
          ],
          [
            118.9635799,
            32.0851441
          ]
        ]
      },
      "properties": {
        "kind": "road",
        "highway": "residential",
        "name": null,
        "source": "OpenStreetMap",
        "osm_id": "914592832"
      }
    },
    {
      "type": "Feature",
      "geometry": {
        "type": "LineString",
        "coordinates": [
          [
            118.9260005,
            32.0716512
          ],
          [
            118.9260795,
            32.0722597
          ],
          [
            118.9261351,
            32.0738796
          ],
          [
            118.9261041,
            32.075809
          ],
          [
            118.9261044,
            32.0759364
          ],
          [
            118.9261107,
            32.0782495
          ]
        ]
      },
      "properties": {
        "kind": "road",
        "highway": "primary",
        "name": "汇通路",
        "source": "OpenStreetMap",
        "osm_id": "931647238"
      }
    },
    {
      "type": "Feature",
      "geometry": {
        "type": "LineString",
        "coordinates": [
          [
            118.9615024,
            32.086391
          ],
          [
            118.9592381,
            32.0864099
          ],
          [
            118.9590942,
            32.0864051
          ],
          [
            118.9571115,
            32.0864391
          ],
          [
            118.9549748,
            32.0864758
          ],
          [
            118.953271,
            32.0864799
          ],
          [
            118.9531192,
            32.0864806
          ]
        ]
      },
      "properties": {
        "kind": "road",
        "highway": "secondary",
        "name": null,
        "source": "OpenStreetMap",
        "osm_id": "931647272"
      }
    },
    {
      "type": "Feature",
      "geometry": {
        "type": "LineString",
        "coordinates": [
          [
            118.9532352,
            32.0862923
          ],
          [
            118.9549711,
            32.0862986
          ],
          [
            118.9571233,
            32.0862291
          ],
          [
            118.9590979,
            32.0862844
          ],
          [
            118.9592443,
            32.0862856
          ],
          [
            118.9615202,
            32.0862256
          ]
        ]
      },
      "properties": {
        "kind": "road",
        "highway": "secondary",
        "name": null,
        "source": "OpenStreetMap",
        "osm_id": "931647273"
      }
    },
    {
      "type": "Feature",
      "geometry": {
        "type": "LineString",
        "coordinates": [
          [
            118.9448386,
            32.1100881
          ],
          [
            118.9446522,
            32.1100714
          ],
          [
            118.9444886,
            32.1100543
          ],
          [
            118.9443199,
            32.1100398
          ],
          [
            118.9440319,
            32.1100034
          ],
          [
            118.9434735,
            32.1099037
          ],
          [
            118.9429057,
            32.1097759
          ],
          [
            118.9422413,
            32.1095924
          ],
          [
            118.9416974,
            32.1094022
          ],
          [
            118.9411057,
            32.1091444
          ]
        ]
      },
      "properties": {
        "kind": "road",
        "highway": "primary",
        "name": "仙林大道",
        "source": "OpenStreetMap",
        "osm_id": "932922210"
      }
    },
    {
      "type": "Feature",
      "geometry": {
        "type": "LineString",
        "coordinates": [
          [
            118.9411057,
            32.1091444
          ],
          [
            118.940871,
            32.1090438
          ]
        ]
      },
      "properties": {
        "kind": "road",
        "highway": "primary",
        "name": "仙林大道",
        "source": "OpenStreetMap",
        "osm_id": "932922211"
      }
    },
    {
      "type": "Feature",
      "geometry": {
        "type": "LineString",
        "coordinates": [
          [
            118.94126,
            32.1088315
          ],
          [
            118.9416835,
            32.1090174
          ],
          [
            118.9425405,
            32.109313
          ],
          [
            118.9434146,
            32.1095784
          ],
          [
            118.9440766,
            32.109756
          ],
          [
            118.9443478,
            32.1098052
          ],
          [
            118.9445168,
            32.10982
          ],
          [
            118.9446428,
            32.109828
          ],
          [
            118.9448588,
            32.1098484
          ]
        ]
      },
      "properties": {
        "kind": "road",
        "highway": "primary",
        "name": "仙林大道",
        "source": "OpenStreetMap",
        "osm_id": "932922212"
      }
    },
    {
      "type": "Feature",
      "geometry": {
        "type": "LineString",
        "coordinates": [
          [
            118.9410641,
            32.1087455
          ],
          [
            118.94126,
            32.1088315
          ]
        ]
      },
      "properties": {
        "kind": "road",
        "highway": "primary",
        "name": "仙林大道",
        "source": "OpenStreetMap",
        "osm_id": "932922213"
      }
    },
    {
      "type": "Feature",
      "geometry": {
        "type": "LineString",
        "coordinates": [
          [
            118.940871,
            32.1090438
          ],
          [
            118.9405824,
            32.1089171
          ],
          [
            118.9404954,
            32.1088711
          ],
          [
            118.9401065,
            32.1086657
          ],
          [
            118.9397003,
            32.1084219
          ],
          [
            118.939157,
            32.1080809
          ]
        ]
      },
      "properties": {
        "kind": "road",
        "highway": "primary",
        "name": "仙林大道",
        "source": "OpenStreetMap",
        "osm_id": "944164692"
      }
    },
    {
      "type": "Feature",
      "geometry": {
        "type": "LineString",
        "coordinates": [
          [
            118.939157,
            32.1080809
          ],
          [
            118.9387037,
            32.1077429
          ],
          [
            118.9378962,
            32.1072291
          ]
        ]
      },
      "properties": {
        "kind": "road",
        "highway": "primary",
        "name": "仙林大道",
        "source": "OpenStreetMap",
        "osm_id": "944164693"
      }
    },
    {
      "type": "Feature",
      "geometry": {
        "type": "LineString",
        "coordinates": [
          [
            118.934017,
            32.1050118
          ],
          [
            118.9343553,
            32.1051794
          ],
          [
            118.934596,
            32.1052986
          ],
          [
            118.9347024,
            32.1053463
          ],
          [
            118.9355674,
            32.1057555
          ],
          [
            118.9361068,
            32.1060067
          ],
          [
            118.9369591,
            32.106426
          ],
          [
            118.9377412,
            32.1068553
          ],
          [
            118.9380677,
            32.1070554
          ],
          [
            118.9382364,
            32.1071587
          ],
          [
            118.9387737,
            32.1074921
          ],
          [
            118.9391994,
            32.1077626
          ],
          [
            118.9396094,
            32.1080231
          ],
          [
            118.9400075,
            32.1082526
          ],
          [
            118.9405173,
            32.1085065
          ],
          [
            118.9410641,
            32.1087455
          ]
        ]
      },
      "properties": {
        "kind": "road",
        "highway": "primary",
        "name": "仙林大道",
        "source": "OpenStreetMap",
        "osm_id": "944164694"
      }
    },
    {
      "type": "Feature",
      "geometry": {
        "type": "LineString",
        "coordinates": [
          [
            118.934017,
            32.1050118
          ],
          [
            118.9338307,
            32.1052454
          ]
        ]
      },
      "properties": {
        "kind": "road",
        "highway": "tertiary",
        "name": "学原路",
        "source": "OpenStreetMap",
        "osm_id": "944164695"
      }
    },
    {
      "type": "Feature",
      "geometry": {
        "type": "LineString",
        "coordinates": [
          [
            118.9378962,
            32.1072291
          ],
          [
            118.9374508,
            32.1069458
          ],
          [
            118.9365318,
            32.1064953
          ],
          [
            118.9351564,
            32.1058683
          ],
          [
            118.934548,
            32.1055778
          ],
          [
            118.9341912,
            32.1054088
          ],
          [
            118.9338307,
            32.1052454
          ]
        ]
      },
      "properties": {
        "kind": "road",
        "highway": "primary",
        "name": "仙林大道",
        "source": "OpenStreetMap",
        "osm_id": "944164696"
      }
    },
    {
      "type": "Feature",
      "geometry": {
        "type": "LineString",
        "coordinates": [
          [
            118.9352898,
            32.0997475
          ],
          [
            118.9353167,
            32.0996668
          ],
          [
            118.9354129,
            32.0995168
          ]
        ]
      },
      "properties": {
        "kind": "road",
        "highway": "tertiary",
        "name": "学原路",
        "source": "OpenStreetMap",
        "osm_id": "944164697"
      }
    },
    {
      "type": "Feature",
      "geometry": {
        "type": "LineString",
        "coordinates": [
          [
            118.9354129,
            32.0995168
          ],
          [
            118.9354769,
            32.0996615
          ]
        ]
      },
      "properties": {
        "kind": "road",
        "highway": "tertiary",
        "name": "学原路",
        "source": "OpenStreetMap",
        "osm_id": "944164699"
      }
    },
    {
      "type": "Feature",
      "geometry": {
        "type": "LineString",
        "coordinates": [
          [
            118.9352898,
            32.0997475
          ],
          [
            118.9347626,
            32.0997605
          ],
          [
            118.9344095,
            32.0997372
          ],
          [
            118.9340604,
            32.0997033
          ],
          [
            118.9335988,
            32.0996254
          ],
          [
            118.9331683,
            32.0995242
          ],
          [
            118.9327418,
            32.0994004
          ],
          [
            118.9326775,
            32.0993766
          ],
          [
            118.9325729,
            32.0993334
          ],
          [
            118.9319104,
            32.0990221
          ],
          [
            118.9314558,
            32.098796
          ],
          [
            118.9312358,
            32.0986847
          ],
          [
            118.9292641,
            32.0976812
          ],
          [
            118.9288059,
            32.0974033
          ],
          [
            118.9279388,
            32.0968249
          ],
          [
            118.9272682,
            32.0962848
          ]
        ]
      },
      "properties": {
        "kind": "road",
        "highway": "secondary",
        "name": "灵山北路",
        "source": "OpenStreetMap",
        "osm_id": "944164700"
      }
    },
    {
      "type": "Feature",
      "geometry": {
        "type": "LineString",
        "coordinates": [
          [
            118.9273296,
            32.0961864
          ],
          [
            118.9272682,
            32.0962848
          ]
        ]
      },
      "properties": {
        "kind": "road",
        "highway": "secondary",
        "name": "学子路",
        "source": "OpenStreetMap",
        "osm_id": "944164701"
      }
    },
    {
      "type": "Feature",
      "geometry": {
        "type": "LineString",
        "coordinates": [
          [
            118.9271797,
            32.096021
          ],
          [
            118.9273296,
            32.0961864
          ],
          [
            118.9280266,
            32.0967976
          ],
          [
            118.9288475,
            32.0973538
          ],
          [
            118.9293087,
            32.0976232
          ],
          [
            118.9312827,
            32.0986159
          ],
          [
            118.9315023,
            32.0987277
          ],
          [
            118.931956,
            32.0989562
          ],
          [
            118.9326011,
            32.0992539
          ],
          [
            118.9327821,
            32.0993152
          ],
          [
            118.9331804,
            32.099455
          ],
          [
            118.933627,
            32.0995617
          ],
          [
            118.9341075,
            32.0996389
          ],
          [
            118.9344576,
            32.099671
          ],
          [
            118.9347644,
            32.0996837
          ],
          [
            118.935058,
            32.0996753
          ],
          [
            118.9353167,
            32.0996668
          ],
          [
            118.9354769,
            32.0996615
          ]
        ]
      },
      "properties": {
        "kind": "road",
        "highway": "secondary",
        "name": "灵山北路",
        "source": "OpenStreetMap",
        "osm_id": "944164702"
      }
    },
    {
      "type": "Feature",
      "geometry": {
        "type": "LineString",
        "coordinates": [
          [
            118.9255916,
            32.1021662
          ],
          [
            118.9259413,
            32.1022293
          ],
          [
            118.9264461,
            32.1023947
          ],
          [
            118.9268276,
            32.1025758
          ],
          [
            118.9268829,
            32.1026119
          ],
          [
            118.9270645,
            32.1027304
          ],
          [
            118.9273648,
            32.1029626
          ],
          [
            118.9277838,
            32.1033999
          ],
          [
            118.9279457,
            32.1036228
          ]
        ]
      },
      "properties": {
        "kind": "road",
        "highway": "tertiary",
        "name": "杉湖东路",
        "source": "OpenStreetMap",
        "osm_id": "944164705"
      }
    },
    {
      "type": "Feature",
      "geometry": {
        "type": "LineString",
        "coordinates": [
          [
            118.9289375,
            32.1023393
          ],
          [
            118.9279457,
            32.1036228
          ]
        ]
      },
      "properties": {
        "kind": "road",
        "highway": "tertiary",
        "name": "学典路",
        "source": "OpenStreetMap",
        "osm_id": "944164708"
      }
    },
    {
      "type": "Feature",
      "geometry": {
        "type": "LineString",
        "coordinates": [
          [
            118.9290435,
            32.1021705
          ],
          [
            118.9289375,
            32.1023393
          ]
        ]
      },
      "properties": {
        "kind": "road",
        "highway": "tertiary",
        "name": "学典路",
        "source": "OpenStreetMap",
        "osm_id": "944164710"
      }
    },
    {
      "type": "Feature",
      "geometry": {
        "type": "LineString",
        "coordinates": [
          [
            118.9460589,
            32.1099767
          ],
          [
            118.9497262,
            32.1104578
          ],
          [
            118.9499786,
            32.1105031
          ],
          [
            118.9501716,
            32.1105378
          ],
          [
            118.9504853,
            32.1105984
          ]
        ]
      },
      "properties": {
        "kind": "road",
        "highway": "primary",
        "name": "仙林大道",
        "source": "OpenStreetMap",
        "osm_id": "947821617"
      }
    },
    {
      "type": "Feature",
      "geometry": {
        "type": "LineString",
        "coordinates": [
          [
            118.9631497,
            32.0964521
          ],
          [
            118.9627137,
            32.0963185
          ],
          [
            118.9622345,
            32.096194
          ],
          [
            118.9616158,
            32.0960774
          ],
          [
            118.9611231,
            32.0960415
          ],
          [
            118.9605021,
            32.0960177
          ],
          [
            118.9596781,
            32.096014
          ],
          [
            118.9594635,
            32.0960155
          ],
          [
            118.9548904,
            32.0960086
          ]
        ]
      },
      "properties": {
        "kind": "road",
        "highway": "secondary",
        "name": "龙王山大道",
        "source": "OpenStreetMap",
        "osm_id": "964466837"
      }
    },
    {
      "type": "Feature",
      "geometry": {
        "type": "LineString",
        "coordinates": [
          [
            118.9510114,
            32.0960083
          ],
          [
            118.9501651,
            32.0960132
          ]
        ]
      },
      "properties": {
        "kind": "road",
        "highway": "secondary",
        "name": null,
        "source": "OpenStreetMap",
        "osm_id": "964466838"
      }
    },
    {
      "type": "Feature",
      "geometry": {
        "type": "LineString",
        "coordinates": [
          [
            118.9506288,
            32.0971279
          ],
          [
            118.9523099,
            32.0973383
          ],
          [
            118.9524248,
            32.0960027
          ]
        ]
      },
      "properties": {
        "kind": "road",
        "highway": "residential",
        "name": null,
        "source": "OpenStreetMap",
        "osm_id": "964466839"
      }
    },
    {
      "type": "Feature",
      "geometry": {
        "type": "LineString",
        "coordinates": [
          [
            118.9311949,
            32.109084
          ],
          [
            118.930976,
            32.109098
          ]
        ]
      },
      "properties": {
        "kind": "road",
        "highway": "secondary",
        "name": "文苑路",
        "source": "OpenStreetMap",
        "osm_id": "964850647"
      }
    },
    {
      "type": "Feature",
      "geometry": {
        "type": "LineString",
        "coordinates": [
          [
            118.9308481,
            32.109291
          ],
          [
            118.930976,
            32.109098
          ]
        ]
      },
      "properties": {
        "kind": "road",
        "highway": "secondary",
        "name": "仙境路",
        "source": "OpenStreetMap",
        "osm_id": "964850648"
      }
    },
    {
      "type": "Feature",
      "geometry": {
        "type": "LineString",
        "coordinates": [
          [
            118.9311949,
            32.109084
          ],
          [
            118.9311493,
            32.1091506
          ],
          [
            118.9309981,
            32.1093754
          ]
        ]
      },
      "properties": {
        "kind": "road",
        "highway": "secondary",
        "name": "仙境路",
        "source": "OpenStreetMap",
        "osm_id": "964850649"
      }
    },
    {
      "type": "Feature",
      "geometry": {
        "type": "LineString",
        "coordinates": [
          [
            118.930976,
            32.109098
          ],
          [
            118.9264155,
            32.1077114
          ],
          [
            118.9262778,
            32.1076677
          ],
          [
            118.9261944,
            32.1076403
          ]
        ]
      },
      "properties": {
        "kind": "road",
        "highway": "secondary",
        "name": "文苑路",
        "source": "OpenStreetMap",
        "osm_id": "964850650"
      }
    },
    {
      "type": "Feature",
      "geometry": {
        "type": "LineString",
        "coordinates": [
          [
            118.9262503,
            32.1075391
          ],
          [
            118.9310719,
            32.1089559
          ]
        ]
      },
      "properties": {
        "kind": "road",
        "highway": "secondary",
        "name": "文苑路",
        "source": "OpenStreetMap",
        "osm_id": "964850652"
      }
    },
    {
      "type": "Feature",
      "geometry": {
        "type": "LineString",
        "coordinates": [
          [
            118.9533065,
            32.0958633
          ],
          [
            118.9534315,
            32.094749
          ],
          [
            118.9534925,
            32.0931471
          ],
          [
            118.9535128,
            32.0926136
          ],
          [
            118.9534894,
            32.0910127
          ],
          [
            118.9534826,
            32.0908545
          ],
          [
            118.9534714,
            32.090262
          ],
          [
            118.9534518,
            32.0896067
          ],
          [
            118.9533589,
            32.0885276
          ],
          [
            118.9532648,
            32.0875952
          ],
          [
            118.9531875,
            32.0869098
          ],
          [
            118.9531192,
            32.0864806
          ]
        ]
      },
      "properties": {
        "kind": "road",
        "highway": "secondary",
        "name": "九乡河东路",
        "source": "OpenStreetMap",
        "osm_id": "964850676"
      }
    },
    {
      "type": "Feature",
      "geometry": {
        "type": "LineString",
        "coordinates": [
          [
            118.9511974,
            32.0958576
          ],
          [
            118.9512653,
            32.0958535
          ],
          [
            118.9524445,
            32.0958544
          ],
          [
            118.9533065,
            32.0958633
          ]
        ]
      },
      "properties": {
        "kind": "road",
        "highway": "secondary",
        "name": "龙王山大道",
        "source": "OpenStreetMap",
        "osm_id": "964850677"
      }
    },
    {
      "type": "Feature",
      "geometry": {
        "type": "LineString",
        "coordinates": [
          [
            118.9532352,
            32.0862923
          ],
          [
            118.953271,
            32.0864799
          ],
          [
            118.9533322,
            32.0868784
          ],
          [
            118.9534859,
            32.0885276
          ],
          [
            118.9535049,
            32.0887659
          ],
          [
            118.9536229,
            32.0905884
          ],
          [
            118.9536294,
            32.0908517
          ],
          [
            118.9536332,
            32.0910074
          ],
          [
            118.9536604,
            32.0921154
          ],
          [
            118.9536351,
            32.0931538
          ],
          [
            118.9536283,
            32.0934334
          ],
          [
            118.9535208,
            32.0955921
          ],
          [
            118.9535,
            32.0958615
          ],
          [
            118.9534907,
            32.0960051
          ]
        ]
      },
      "properties": {
        "kind": "road",
        "highway": "secondary",
        "name": "九乡河东路",
        "source": "OpenStreetMap",
        "osm_id": "964850678"
      }
    },
    {
      "type": "Feature",
      "geometry": {
        "type": "LineString",
        "coordinates": [
          [
            118.9534907,
            32.0960051
          ],
          [
            118.9532969,
            32.0960054
          ],
          [
            118.9524248,
            32.0960027
          ],
          [
            118.9512518,
            32.0960045
          ],
          [
            118.9510114,
            32.0960083
          ]
        ]
      },
      "properties": {
        "kind": "road",
        "highway": "secondary",
        "name": "龙王山大道",
        "source": "OpenStreetMap",
        "osm_id": "964850679"
      }
    },
    {
      "type": "Feature",
      "geometry": {
        "type": "LineString",
        "coordinates": [
          [
            118.9594011,
            32.0958974
          ],
          [
            118.959611,
            32.0958899
          ],
          [
            118.960495,
            32.0958942
          ],
          [
            118.961116,
            32.095918
          ],
          [
            118.9616087,
            32.0959539
          ],
          [
            118.9622274,
            32.0960705
          ],
          [
            118.9627066,
            32.096195
          ],
          [
            118.963195,
            32.0963428
          ]
        ]
      },
      "properties": {
        "kind": "road",
        "highway": "secondary",
        "name": "龙王山大道",
        "source": "OpenStreetMap",
        "osm_id": "964850680"
      }
    },
    {
      "type": "Feature",
      "geometry": {
        "type": "LineString",
        "coordinates": [
          [
            118.9597377,
            32.0965197
          ],
          [
            118.9595211,
            32.0961246
          ],
          [
            118.9594635,
            32.0960155
          ],
          [
            118.9594011,
            32.0958974
          ]
        ]
      },
      "properties": {
        "kind": "road",
        "highway": "secondary",
        "name": "东流路",
        "source": "OpenStreetMap",
        "osm_id": "964850681"
      }
    },
    {
      "type": "Feature",
      "geometry": {
        "type": "LineString",
        "coordinates": [
          [
            118.9548904,
            32.0960086
          ],
          [
            118.9534907,
            32.0960051
          ]
        ]
      },
      "properties": {
        "kind": "road",
        "highway": "secondary",
        "name": "龙王山大道",
        "source": "OpenStreetMap",
        "osm_id": "964850682"
      }
    },
    {
      "type": "Feature",
      "geometry": {
        "type": "LineString",
        "coordinates": [
          [
            118.9588551,
            32.0910058
          ],
          [
            118.95886,
            32.0908521
          ],
          [
            118.9588746,
            32.0903883
          ],
          [
            118.9589836,
            32.0885387
          ],
          [
            118.9590088,
            32.0881116
          ],
          [
            118.9590884,
            32.0868058
          ],
          [
            118.9590942,
            32.0864051
          ],
          [
            118.9590979,
            32.0862844
          ]
        ]
      },
      "properties": {
        "kind": "road",
        "highway": "secondary",
        "name": "东流路",
        "source": "OpenStreetMap",
        "osm_id": "964850683"
      }
    },
    {
      "type": "Feature",
      "geometry": {
        "type": "LineString",
        "coordinates": [
          [
            118.9593007,
            32.0910004
          ],
          [
            118.9590252,
            32.0910076
          ],
          [
            118.9588551,
            32.0910058
          ]
        ]
      },
      "properties": {
        "kind": "road",
        "highway": "secondary",
        "name": "三阳路",
        "source": "OpenStreetMap",
        "osm_id": "964850684"
      }
    },
    {
      "type": "Feature",
      "geometry": {
        "type": "LineString",
        "coordinates": [
          [
            118.9548904,
            32.0960086
          ],
          [
            118.9548933,
            32.0958623
          ],
          [
            118.9549378,
            32.0931711
          ],
          [
            118.9549638,
            32.0911891
          ],
          [
            118.9549645,
            32.0909943
          ]
        ]
      },
      "properties": {
        "kind": "road",
        "highway": "tertiary",
        "name": "河清路",
        "source": "OpenStreetMap",
        "osm_id": "964850685"
      }
    },
    {
      "type": "Feature",
      "geometry": {
        "type": "LineString",
        "coordinates": [
          [
            118.9549645,
            32.0909943
          ],
          [
            118.9544697,
            32.0909924
          ],
          [
            118.9536332,
            32.0910074
          ],
          [
            118.9534894,
            32.0910127
          ]
        ]
      },
      "properties": {
        "kind": "road",
        "highway": "secondary",
        "name": "三阳路",
        "source": "OpenStreetMap",
        "osm_id": "964850686"
      }
    },
    {
      "type": "Feature",
      "geometry": {
        "type": "LineString",
        "coordinates": [
          [
            118.9672368,
            32.0904555
          ],
          [
            118.9668917,
            32.0900461
          ],
          [
            118.9662694,
            32.0892189
          ],
          [
            118.9661407,
            32.0889917
          ],
          [
            118.9659054,
            32.0884812
          ],
          [
            118.9656213,
            32.087826
          ],
          [
            118.9652473,
            32.0869556
          ],
          [
            118.9649173,
            32.0863513
          ],
          [
            118.9647415,
            32.086176
          ],
          [
            118.964632,
            32.0860668
          ]
        ]
      },
      "properties": {
        "kind": "road",
        "highway": "residential",
        "name": "其东线",
        "source": "OpenStreetMap",
        "osm_id": "965539158"
      }
    },
    {
      "type": "Feature",
      "geometry": {
        "type": "LineString",
        "coordinates": [
          [
            118.964632,
            32.0860668
          ],
          [
            118.9644753,
            32.0859063
          ]
        ]
      },
      "properties": {
        "kind": "road",
        "highway": "residential",
        "name": "其东线",
        "source": "OpenStreetMap",
        "osm_id": "965539159"
      }
    },
    {
      "type": "Feature",
      "geometry": {
        "type": "LineString",
        "coordinates": [
          [
            118.9531192,
            32.0864806
          ],
          [
            118.9530892,
            32.0862919
          ],
          [
            118.9530802,
            32.0862352
          ],
          [
            118.9528752,
            32.0852869
          ],
          [
            118.9524245,
            32.0829544
          ],
          [
            118.9522807,
            32.0823276
          ]
        ]
      },
      "properties": {
        "kind": "road",
        "highway": "secondary",
        "name": "九乡河东路",
        "source": "OpenStreetMap",
        "osm_id": "965539160"
      }
    },
    {
      "type": "Feature",
      "geometry": {
        "type": "LineString",
        "coordinates": [
          [
            118.9530892,
            32.0862919
          ],
          [
            118.9532352,
            32.0862923
          ]
        ]
      },
      "properties": {
        "kind": "road",
        "highway": "secondary",
        "name": null,
        "source": "OpenStreetMap",
        "osm_id": "965539161"
      }
    },
    {
      "type": "Feature",
      "geometry": {
        "type": "LineString",
        "coordinates": [
          [
            118.9524206,
            32.082334
          ],
          [
            118.9525821,
            32.0829549
          ],
          [
            118.9530432,
            32.0852847
          ],
          [
            118.9532352,
            32.0862923
          ]
        ]
      },
      "properties": {
        "kind": "road",
        "highway": "secondary",
        "name": "九乡河东路",
        "source": "OpenStreetMap",
        "osm_id": "965539162"
      }
    },
    {
      "type": "Feature",
      "geometry": {
        "type": "LineString",
        "coordinates": [
          [
            118.9524206,
            32.082334
          ],
          [
            118.9522807,
            32.0823276
          ]
        ]
      },
      "properties": {
        "kind": "road",
        "highway": "residential",
        "name": "其东线",
        "source": "OpenStreetMap",
        "osm_id": "965539164"
      }
    },
    {
      "type": "Feature",
      "geometry": {
        "type": "LineString",
        "coordinates": [
          [
            118.9501651,
            32.0960132
          ],
          [
            118.9497289,
            32.0959629
          ],
          [
            118.9494068,
            32.0959388
          ],
          [
            118.9486747,
            32.0958252
          ],
          [
            118.9478414,
            32.0956785
          ],
          [
            118.9469985,
            32.0955475
          ],
          [
            118.9464512,
            32.0954944
          ],
          [
            118.9459702,
            32.0954681
          ],
          [
            118.9456755,
            32.0954649
          ],
          [
            118.9453864,
            32.0954727
          ],
          [
            118.944903,
            32.0955001
          ],
          [
            118.9443083,
            32.0955701
          ],
          [
            118.9439629,
            32.0956297
          ],
          [
            118.9436135,
            32.0957005
          ],
          [
            118.9432159,
            32.0958001
          ],
          [
            118.942819,
            32.0959119
          ],
          [
            118.9426619,
            32.095967
          ],
          [
            118.9422248,
            32.0961239
          ],
          [
            118.9418436,
            32.0962873
          ]
        ]
      },
      "properties": {
        "kind": "road",
        "highway": "secondary",
        "name": "灵山北路",
        "source": "OpenStreetMap",
        "osm_id": "965539210"
      }
    },
    {
      "type": "Feature",
      "geometry": {
        "type": "LineString",
        "coordinates": [
          [
            118.9258813,
            32.0806623
          ],
          [
            118.9258652,
            32.0804405
          ],
          [
            118.9258554,
            32.0803044
          ],
          [
            118.9258477,
            32.0801339
          ],
          [
            118.9258526,
            32.0799545
          ],
          [
            118.9258537,
            32.0799157
          ],
          [
            118.9258818,
            32.0788909
          ],
          [
            118.9258881,
            32.0782477
          ]
        ]
      },
      "properties": {
        "kind": "road",
        "highway": "primary",
        "name": "汇通路",
        "source": "OpenStreetMap",
        "osm_id": "965539223"
      }
    },
    {
      "type": "Feature",
      "geometry": {
        "type": "LineString",
        "coordinates": [
          [
            118.9261107,
            32.0782495
          ],
          [
            118.9261071,
            32.0785975
          ],
          [
            118.9260931,
            32.0792696
          ],
          [
            118.9260817,
            32.0798082
          ],
          [
            118.9260803,
            32.0799585
          ],
          [
            118.9260788,
            32.0801102
          ],
          [
            118.9260766,
            32.0802845
          ],
          [
            118.9260746,
            32.080433
          ],
          [
            118.9260717,
            32.0806567
          ]
        ]
      },
      "properties": {
        "kind": "road",
        "highway": "primary",
        "name": "汇通路",
        "source": "OpenStreetMap",
        "osm_id": "965539224"
      }
    },
    {
      "type": "Feature",
      "geometry": {
        "type": "LineString",
        "coordinates": [
          [
            118.9590979,
            32.0862844
          ],
          [
            118.9591145,
            32.0852037
          ],
          [
            118.9590807,
            32.0841238
          ],
          [
            118.9588157,
            32.0829734
          ],
          [
            118.9581055,
            32.0807146
          ],
          [
            118.9577867,
            32.079705
          ]
        ]
      },
      "properties": {
        "kind": "road",
        "highway": "residential",
        "name": null,
        "source": "OpenStreetMap",
        "osm_id": "988336424"
      }
    },
    {
      "type": "Feature",
      "geometry": {
        "type": "LineString",
        "coordinates": [
          [
            118.9579614,
            32.0796693
          ],
          [
            118.9582806,
            32.0806997
          ],
          [
            118.958985,
            32.0829739
          ],
          [
            118.9592666,
            32.0842066
          ],
          [
            118.9592476,
            32.0852019
          ],
          [
            118.9592443,
            32.0862856
          ]
        ]
      },
      "properties": {
        "kind": "road",
        "highway": "residential",
        "name": null,
        "source": "OpenStreetMap",
        "osm_id": "988336428"
      }
    },
    {
      "type": "Feature",
      "geometry": {
        "type": "LineString",
        "coordinates": [
          [
            118.9544095,
            32.0823229
          ],
          [
            118.9524206,
            32.082334
          ]
        ]
      },
      "properties": {
        "kind": "road",
        "highway": "residential",
        "name": "麒东线",
        "source": "OpenStreetMap",
        "osm_id": "1027366260"
      }
    },
    {
      "type": "Feature",
      "geometry": {
        "type": "LineString",
        "coordinates": [
          [
            118.9644753,
            32.0859063
          ],
          [
            118.9641129,
            32.0855739
          ],
          [
            118.9635799,
            32.0851441
          ]
        ]
      },
      "properties": {
        "kind": "road",
        "highway": "residential",
        "name": "其东线",
        "source": "OpenStreetMap",
        "osm_id": "1027366261"
      }
    },
    {
      "type": "Feature",
      "geometry": {
        "type": "LineString",
        "coordinates": [
          [
            118.9724523,
            32.0956724
          ],
          [
            118.9706575,
            32.0942636
          ],
          [
            118.9699709,
            32.0937728
          ],
          [
            118.9696168,
            32.0933637
          ],
          [
            118.9683401,
            32.0918004
          ],
          [
            118.9675354,
            32.0908096
          ],
          [
            118.9672368,
            32.0904555
          ]
        ]
      },
      "properties": {
        "kind": "road",
        "highway": "residential",
        "name": "其东线",
        "source": "OpenStreetMap",
        "osm_id": "1027366262"
      }
    },
    {
      "type": "Feature",
      "geometry": {
        "type": "LineString",
        "coordinates": [
          [
            118.9544797,
            32.1057313
          ],
          [
            118.9545745,
            32.1054533
          ],
          [
            118.9546202,
            32.1053194
          ],
          [
            118.9546495,
            32.1050683
          ],
          [
            118.9546871,
            32.1047457
          ],
          [
            118.954695,
            32.1046785
          ],
          [
            118.9547123,
            32.1043913
          ]
        ]
      },
      "properties": {
        "kind": "road",
        "highway": "residential",
        "name": null,
        "source": "OpenStreetMap",
        "osm_id": "1039001288"
      }
    },
    {
      "type": "Feature",
      "geometry": {
        "type": "LineString",
        "coordinates": [
          [
            118.9534489,
            32.1056289
          ],
          [
            118.9535036,
            32.1053961
          ],
          [
            118.9535468,
            32.1052126
          ],
          [
            118.953585,
            32.1050501
          ],
          [
            118.953605,
            32.1049882
          ],
          [
            118.9536248,
            32.1049269
          ],
          [
            118.9536809,
            32.1047737
          ],
          [
            118.9537987,
            32.1046596
          ],
          [
            118.9538238,
            32.1045502
          ],
          [
            118.953872,
            32.1043079
          ],
          [
            118.9538795,
            32.1042705
          ],
          [
            118.9538971,
            32.1041113
          ]
        ]
      },
      "properties": {
        "kind": "road",
        "highway": "residential",
        "name": null,
        "source": "OpenStreetMap",
        "osm_id": "1039001289"
      }
    },
    {
      "type": "Feature",
      "geometry": {
        "type": "LineString",
        "coordinates": [
          [
            118.953605,
            32.1049882
          ],
          [
            118.9546495,
            32.1050683
          ]
        ]
      },
      "properties": {
        "kind": "road",
        "highway": "residential",
        "name": null,
        "source": "OpenStreetMap",
        "osm_id": "1039001290"
      }
    },
    {
      "type": "Feature",
      "geometry": {
        "type": "LineString",
        "coordinates": [
          [
            118.9258477,
            32.0801339
          ],
          [
            118.9260788,
            32.0801102
          ],
          [
            118.9262592,
            32.0801094
          ],
          [
            118.9265626,
            32.080108
          ],
          [
            118.9281282,
            32.0800473
          ],
          [
            118.9282844,
            32.0800412
          ],
          [
            118.9300336,
            32.0799734
          ],
          [
            118.9316428,
            32.0799106
          ]
        ]
      },
      "properties": {
        "kind": "road",
        "highway": "primary",
        "name": "灵山南路",
        "source": "OpenStreetMap",
        "osm_id": "1049832294"
      }
    },
    {
      "type": "Feature",
      "geometry": {
        "type": "LineString",
        "coordinates": [
          [
            118.9316568,
            32.0800946
          ],
          [
            118.9311142,
            32.080112
          ],
          [
            118.9282891,
            32.0802108
          ],
          [
            118.928137,
            32.0802161
          ],
          [
            118.9263062,
            32.0802801
          ],
          [
            118.9262384,
            32.0802814
          ],
          [
            118.9260766,
            32.0802845
          ],
          [
            118.9258554,
            32.0803044
          ]
        ]
      },
      "properties": {
        "kind": "road",
        "highway": "primary",
        "name": "灵山南路",
        "source": "OpenStreetMap",
        "osm_id": "1049832295"
      }
    },
    {
      "type": "Feature",
      "geometry": {
        "type": "LineString",
        "coordinates": [
          [
            118.9258881,
            32.0782477
          ],
          [
            118.9258889,
            32.0772601
          ],
          [
            118.9258917,
            32.0759344
          ],
          [
            118.925892,
            32.0758097
          ],
          [
            118.925896,
            32.0738967
          ],
          [
            118.9258994,
            32.0722484
          ],
          [
            118.9258452,
            32.0716149
          ]
        ]
      },
      "properties": {
        "kind": "road",
        "highway": "primary",
        "name": "汇通路",
        "source": "OpenStreetMap",
        "osm_id": "1049832296"
      }
    },
    {
      "type": "Feature",
      "geometry": {
        "type": "LineString",
        "coordinates": [
          [
            118.9615202,
            32.0862256
          ],
          [
            118.9621348,
            32.0861747
          ],
          [
            118.9624453,
            32.0861489
          ],
          [
            118.9635361,
            32.0859574
          ],
          [
            118.9640763,
            32.0858723
          ],
          [
            118.9644753,
            32.0859063
          ]
        ]
      },
      "properties": {
        "kind": "road",
        "highway": "secondary",
        "name": null,
        "source": "OpenStreetMap",
        "osm_id": "1078695021"
      }
    },
    {
      "type": "Feature",
      "geometry": {
        "type": "LineString",
        "coordinates": [
          [
            118.959635,
            32.1068834
          ],
          [
            118.9596582,
            32.1068504
          ],
          [
            118.9598487,
            32.1065794
          ],
          [
            118.9599149,
            32.106398
          ],
          [
            118.9598903,
            32.1062101
          ],
          [
            118.9597424,
            32.1057886
          ],
          [
            118.9596469,
            32.1055068
          ],
          [
            118.9594065,
            32.1051257
          ],
          [
            118.9592602,
            32.1049026
          ],
          [
            118.9591123,
            32.1048243
          ],
          [
            118.9588951,
            32.1047891
          ],
          [
            118.9586085,
            32.1048399
          ],
          [
            118.9583559,
            32.1049182
          ],
          [
            118.9580786,
            32.1050265
          ],
          [
            118.9577597,
            32.1050761
          ],
          [
            118.9574516,
            32.1050461
          ],
          [
            118.9572197,
            32.1049768
          ]
        ]
      },
      "properties": {
        "kind": "road",
        "highway": "residential",
        "name": null,
        "source": "OpenStreetMap",
        "osm_id": "1228368158"
      }
    },
    {
      "type": "Feature",
      "geometry": {
        "type": "LineString",
        "coordinates": [
          [
            118.9598487,
            32.1065794
          ],
          [
            118.9597706,
            32.1065261
          ],
          [
            118.9595673,
            32.1065
          ],
          [
            118.9594363,
            32.1064778
          ],
          [
            118.9592854,
            32.1063891
          ],
          [
            118.9590682,
            32.1062716
          ],
          [
            118.9585413,
            32.1060172
          ],
          [
            118.9583349,
            32.1059545
          ],
          [
            118.9581084,
            32.1059506
          ],
          [
            118.9578881,
            32.1059845
          ],
          [
            118.9577912,
            32.1060195
          ],
          [
            118.9577109,
            32.1060485
          ],
          [
            118.9575091,
            32.1061294
          ],
          [
            118.9573582,
            32.1062194
          ],
          [
            118.9571564,
            32.1062521
          ],
          [
            118.956859,
            32.1061999
          ],
          [
            118.956688,
            32.1060498
          ],
          [
            118.9565432,
            32.1058632
          ],
          [
            118.9563769,
            32.1057027
          ],
          [
            118.9561596,
            32.1055552
          ],
          [
            118.9559286,
            32.1054299
          ],
          [
            118.9557884,
            32.1053791
          ],
          [
            118.955471,
            32.1052942
          ],
          [
            118.9551907,
            32.1052433
          ],
          [
            118.9548995,
            32.1052199
          ]
        ]
      },
      "properties": {
        "kind": "road",
        "highway": "residential",
        "name": null,
        "source": "OpenStreetMap",
        "osm_id": "1228368159"
      }
    },
    {
      "type": "Feature",
      "geometry": {
        "type": "LineString",
        "coordinates": [
          [
            118.9577912,
            32.1060195
          ],
          [
            118.9578469,
            32.1062324
          ],
          [
            118.9576801,
            32.1063773
          ],
          [
            118.9574968,
            32.1065496
          ],
          [
            118.957389,
            32.1067036
          ],
          [
            118.9572996,
            32.1068549
          ],
          [
            118.9569546,
            32.1068432
          ],
          [
            118.9567712,
            32.1068106
          ],
          [
            118.9566002,
            32.1066996
          ],
          [
            118.9564708,
            32.1065926
          ],
          [
            118.9563861,
            32.1064099
          ],
          [
            118.9563045,
            32.1062286
          ],
          [
            118.9561735,
            32.106025
          ],
          [
            118.9559825,
            32.1058658
          ],
          [
            118.9556821,
            32.1057027
          ],
          [
            118.9553185,
            32.1056009
          ],
          [
            118.9548825,
            32.1055265
          ]
        ]
      },
      "properties": {
        "kind": "road",
        "highway": "residential",
        "name": null,
        "source": "OpenStreetMap",
        "osm_id": "1228368160"
      }
    },
    {
      "type": "Feature",
      "geometry": {
        "type": "LineString",
        "coordinates": [
          [
            118.9578881,
            32.1059845
          ],
          [
            118.9577827,
            32.1057337
          ],
          [
            118.9577581,
            32.1056615
          ],
          [
            118.9577075,
            32.1055133
          ],
          [
            118.9577116,
            32.1052309
          ],
          [
            118.9577597,
            32.1050761
          ]
        ]
      },
      "properties": {
        "kind": "road",
        "highway": "residential",
        "name": null,
        "source": "OpenStreetMap",
        "osm_id": "1228368161"
      }
    },
    {
      "type": "Feature",
      "geometry": {
        "type": "LineString",
        "coordinates": [
          [
            118.9572463,
            32.1048807
          ],
          [
            118.9572528,
            32.1049062
          ],
          [
            118.9572503,
            32.1049322
          ],
          [
            118.9572389,
            32.1049565
          ],
          [
            118.9572197,
            32.1049768
          ],
          [
            118.9571924,
            32.1049922
          ],
          [
            118.9571609,
            32.1049997
          ],
          [
            118.9571282,
            32.1049985
          ],
          [
            118.9570976,
            32.1049888
          ],
          [
            118.957072,
            32.1049715
          ],
          [
            118.957054,
            32.1049483
          ],
          [
            118.9570454,
            32.1049216
          ],
          [
            118.9570471,
            32.1048939
          ],
          [
            118.9570584,
            32.1048685
          ],
          [
            118.9570785,
            32.1048471
          ],
          [
            118.9571052,
            32.104832
          ],
          [
            118.9571312,
            32.1048252
          ],
          [
            118.9571583,
            32.1048242
          ],
          [
            118.9571849,
            32.1048293
          ],
          [
            118.9572089,
            32.10484
          ],
          [
            118.9572312,
            32.104858
          ],
          [
            118.9572463,
            32.1048807
          ]
        ]
      },
      "properties": {
        "kind": "road",
        "highway": "residential",
        "name": null,
        "source": "OpenStreetMap",
        "osm_id": "1228368162"
      }
    },
    {
      "type": "Feature",
      "geometry": {
        "type": "LineString",
        "coordinates": [
          [
            118.9571052,
            32.104832
          ],
          [
            118.9570733,
            32.104378
          ]
        ]
      },
      "properties": {
        "kind": "road",
        "highway": "residential",
        "name": null,
        "source": "OpenStreetMap",
        "osm_id": "1228368163"
      }
    },
    {
      "type": "Feature",
      "geometry": {
        "type": "LineString",
        "coordinates": [
          [
            118.9572089,
            32.10484
          ],
          [
            118.9571749,
            32.1043777
          ]
        ]
      },
      "properties": {
        "kind": "road",
        "highway": "residential",
        "name": null,
        "source": "OpenStreetMap",
        "osm_id": "1228368164"
      }
    },
    {
      "type": "Feature",
      "geometry": {
        "type": "LineString",
        "coordinates": [
          [
            118.9570471,
            32.1048939
          ],
          [
            118.9561034,
            32.1047938
          ],
          [
            118.9549295,
            32.1046688
          ]
        ]
      },
      "properties": {
        "kind": "road",
        "highway": "residential",
        "name": null,
        "source": "OpenStreetMap",
        "osm_id": "1228368165"
      }
    },
    {
      "type": "Feature",
      "geometry": {
        "type": "LineString",
        "coordinates": [
          [
            118.9561034,
            32.1047938
          ],
          [
            118.9560942,
            32.1049167
          ],
          [
            118.9560156,
            32.1050851
          ],
          [
            118.9559956,
            32.1051088
          ],
          [
            118.9558708,
            32.105256
          ],
          [
            118.9557884,
            32.1053791
          ],
          [
            118.9556821,
            32.1057027
          ]
        ]
      },
      "properties": {
        "kind": "road",
        "highway": "residential",
        "name": null,
        "source": "OpenStreetMap",
        "osm_id": "1228368166"
      }
    },
    {
      "type": "Feature",
      "geometry": {
        "type": "LineString",
        "coordinates": [
          [
            118.9583349,
            32.1059545
          ],
          [
            118.9585968,
            32.1058868
          ],
          [
            118.9589881,
            32.1057876
          ],
          [
            118.9593332,
            32.1057485
          ],
          [
            118.9597424,
            32.1057886
          ]
        ]
      },
      "properties": {
        "kind": "road",
        "highway": "residential",
        "name": null,
        "source": "OpenStreetMap",
        "osm_id": "1228382716"
      }
    },
    {
      "type": "Feature",
      "geometry": {
        "type": "LineString",
        "coordinates": [
          [
            118.9589315,
            32.1106899
          ],
          [
            118.9589351,
            32.1106274
          ],
          [
            118.9589328,
            32.1105344
          ],
          [
            118.9589315,
            32.1104802
          ],
          [
            118.9589289,
            32.1103991
          ],
          [
            118.9589238,
            32.1102369
          ],
          [
            118.9589166,
            32.1100614
          ],
          [
            118.9588941,
            32.1099445
          ],
          [
            118.9588095,
            32.1097473
          ],
          [
            118.9586839,
            32.1094585
          ],
          [
            118.9585897,
            32.1093024
          ],
          [
            118.9585049,
            32.1091763
          ],
          [
            118.9584186,
            32.1090438
          ],
          [
            118.9583522,
            32.1089646
          ],
          [
            118.9582694,
            32.108866
          ],
          [
            118.9580576,
            32.108652
          ],
          [
            118.9579345,
            32.1085444
          ],
          [
            118.9578368,
            32.1084734
          ],
          [
            118.9577194,
            32.1083948
          ],
          [
            118.9575756,
            32.1083279
          ]
        ]
      },
      "properties": {
        "kind": "road",
        "highway": "residential",
        "name": null,
        "source": "OpenStreetMap",
        "osm_id": "1237211774"
      }
    },
    {
      "type": "Feature",
      "geometry": {
        "type": "LineString",
        "coordinates": [
          [
            118.9528814,
            32.107953
          ],
          [
            118.9528075,
            32.1079832
          ],
          [
            118.9518662,
            32.1077226
          ],
          [
            118.951564,
            32.1076588
          ],
          [
            118.9514537,
            32.1076329
          ]
        ]
      },
      "properties": {
        "kind": "road",
        "highway": "residential",
        "name": null,
        "source": "OpenStreetMap",
        "osm_id": "1237734699"
      }
    },
    {
      "type": "Feature",
      "geometry": {
        "type": "LineString",
        "coordinates": [
          [
            118.9564924,
            32.1094408
          ],
          [
            118.9565932,
            32.1094528
          ]
        ]
      },
      "properties": {
        "kind": "road",
        "highway": "residential",
        "name": null,
        "source": "OpenStreetMap",
        "osm_id": "1241941385"
      }
    },
    {
      "type": "Feature",
      "geometry": {
        "type": "LineString",
        "coordinates": [
          [
            118.9565995,
            32.1088451
          ],
          [
            118.956703,
            32.1088565
          ]
        ]
      },
      "properties": {
        "kind": "road",
        "highway": "residential",
        "name": null,
        "source": "OpenStreetMap",
        "osm_id": "1241941386"
      }
    },
    {
      "type": "Feature",
      "geometry": {
        "type": "LineString",
        "coordinates": [
          [
            118.9588095,
            32.1097473
          ],
          [
            118.9587175,
            32.1097411
          ],
          [
            118.9585719,
            32.1097312
          ]
        ]
      },
      "properties": {
        "kind": "road",
        "highway": "residential",
        "name": null,
        "source": "OpenStreetMap",
        "osm_id": "1242143704"
      }
    },
    {
      "type": "Feature",
      "geometry": {
        "type": "LineString",
        "coordinates": [
          [
            118.934548,
            32.1055778
          ],
          [
            118.9345491,
            32.1055755
          ],
          [
            118.9345237,
            32.1055508
          ],
          [
            118.934506,
            32.1055217
          ],
          [
            118.9344971,
            32.1054898
          ],
          [
            118.9344975,
            32.105457
          ],
          [
            118.9345072,
            32.1054253
          ],
          [
            118.9345255,
            32.1053965
          ],
          [
            118.9345526,
            32.1053715
          ],
          [
            118.9345862,
            32.105353
          ],
          [
            118.9346242,
            32.1053421
          ],
          [
            118.9346641,
            32.1053396
          ],
          [
            118.9347024,
            32.1053463
          ]
        ]
      },
      "properties": {
        "kind": "road",
        "highway": "secondary",
        "name": null,
        "source": "OpenStreetMap",
        "osm_id": "1411347530"
      }
    },
    {
      "type": "Feature",
      "geometry": {
        "type": "LineString",
        "coordinates": [
          [
            118.9330303,
            32.1044845
          ],
          [
            118.933057,
            32.1045085
          ],
          [
            118.9330772,
            32.1045366
          ],
          [
            118.93309,
            32.1045677
          ],
          [
            118.9330948,
            32.1046003
          ],
          [
            118.9330914,
            32.1046331
          ],
          [
            118.93308,
            32.1046646
          ],
          [
            118.9330611,
            32.1046933
          ],
          [
            118.9330343,
            32.1047189
          ],
          [
            118.9330017,
            32.1047389
          ],
          [
            118.9329646,
            32.1047525
          ],
          [
            118.932925,
            32.1047589
          ],
          [
            118.9328847,
            32.1047579
          ],
          [
            118.9328456,
            32.1047494
          ],
          [
            118.9328096,
            32.104734
          ]
        ]
      },
      "properties": {
        "kind": "road",
        "highway": "secondary",
        "name": null,
        "source": "OpenStreetMap",
        "osm_id": "1411347531"
      }
    },
    {
      "type": "Feature",
      "geometry": {
        "type": "LineString",
        "coordinates": [
          [
            118.9280823,
            32.095492
          ],
          [
            118.9274546,
            32.0960386
          ],
          [
            118.9273296,
            32.0961864
          ]
        ]
      },
      "properties": {
        "kind": "road",
        "highway": "residential",
        "name": null,
        "source": "OpenStreetMap",
        "osm_id": "1411880062"
      }
    },
    {
      "type": "Feature",
      "geometry": {
        "type": "LineString",
        "coordinates": [
          [
            118.9271797,
            32.096021
          ],
          [
            118.927344,
            32.0959327
          ],
          [
            118.9280823,
            32.095492
          ]
        ]
      },
      "properties": {
        "kind": "road",
        "highway": "residential",
        "name": null,
        "source": "OpenStreetMap",
        "osm_id": "1411880063"
      }
    },
    {
      "type": "Feature",
      "geometry": {
        "type": "LineString",
        "coordinates": [
          [
            118.9628691,
            32.0851536
          ],
          [
            118.9629075,
            32.0829856
          ]
        ]
      },
      "properties": {
        "kind": "road",
        "highway": "residential",
        "name": null,
        "source": "OpenStreetMap",
        "osm_id": "1422935821"
      }
    },
    {
      "type": "Feature",
      "geometry": {
        "type": "LineString",
        "coordinates": [
          [
            118.9521361,
            32.0812249
          ],
          [
            118.9541431,
            32.0810366
          ],
          [
            118.9566263,
            32.0808411
          ],
          [
            118.9581055,
            32.0807146
          ],
          [
            118.9582806,
            32.0806997
          ]
        ]
      },
      "properties": {
        "kind": "road",
        "highway": "residential",
        "name": null,
        "source": "OpenStreetMap",
        "osm_id": "1422935828"
      }
    },
    {
      "type": "Feature",
      "geometry": {
        "type": "LineString",
        "coordinates": [
          [
            118.963195,
            32.0963428
          ],
          [
            118.964582,
            32.0968683
          ],
          [
            118.9656622,
            32.0970778
          ],
          [
            118.965888,
            32.0971216
          ],
          [
            118.9672637,
            32.0972483
          ],
          [
            118.9680613,
            32.097223
          ],
          [
            118.9688289,
            32.0971048
          ],
          [
            118.9698358,
            32.0968767
          ],
          [
            118.9719892,
            32.0962771
          ],
          [
            118.9727867,
            32.0960828
          ],
          [
            118.9734547,
            32.0959393
          ],
          [
            118.9735244,
            32.096142
          ],
          [
            118.9716801,
            32.0965389
          ],
          [
            118.9698358,
            32.0970287
          ],
          [
            118.9687691,
            32.0972737
          ],
          [
            118.9677722,
            32.0974003
          ],
          [
            118.9665459,
            32.0974003
          ],
          [
            118.965817,
            32.0973053
          ],
          [
            118.9655988,
            32.0972652
          ],
          [
            118.9644225,
            32.0969612
          ],
          [
            118.9631497,
            32.0964521
          ]
        ]
      },
      "properties": {
        "kind": "road",
        "highway": "secondary",
        "name": null,
        "source": "OpenStreetMap",
        "osm_id": "1422935837"
      }
    },
    {
      "type": "Feature",
      "geometry": {
        "type": "LineString",
        "coordinates": [
          [
            118.9654992,
            32.0975439
          ],
          [
            118.9655988,
            32.0972652
          ],
          [
            118.9656622,
            32.0970778
          ],
          [
            118.9658979,
            32.0966234
          ],
          [
            118.9664662,
            32.0957028
          ],
          [
            118.9672338,
            32.0946978
          ],
          [
            118.9676426,
            32.094115
          ],
          [
            118.9679217,
            32.0936336
          ],
          [
            118.9681011,
            32.0930762
          ],
          [
            118.968141,
            32.0924258
          ],
          [
            118.968141,
            32.0919106
          ],
          [
            118.9679815,
            32.0912012
          ],
          [
            118.9677024,
            32.0906099
          ],
          [
            118.9674531,
            32.0901707
          ]
        ]
      },
      "properties": {
        "kind": "road",
        "highway": "secondary",
        "name": null,
        "source": "OpenStreetMap",
        "osm_id": "1422935838"
      }
    },
    {
      "type": "Feature",
      "geometry": {
        "type": "LineString",
        "coordinates": [
          [
            118.9676924,
            32.0901285
          ],
          [
            118.9679915,
            32.0907282
          ],
          [
            118.9682108,
            32.0913532
          ],
          [
            118.9683603,
            32.0920289
          ],
          [
            118.9683304,
            32.0928143
          ],
          [
            118.9682108,
            32.0931437
          ],
          [
            118.9680314,
            32.0938025
          ],
          [
            118.9674631,
            32.0946217
          ],
          [
            118.9665858,
            32.0958548
          ],
          [
            118.9662668,
            32.0963447
          ],
          [
            118.9660076,
            32.0967754
          ],
          [
            118.965888,
            32.0971216
          ],
          [
            118.965817,
            32.0973053
          ],
          [
            118.9656985,
            32.097603
          ]
        ]
      },
      "properties": {
        "kind": "road",
        "highway": "secondary",
        "name": null,
        "source": "OpenStreetMap",
        "osm_id": "1422935839"
      }
    },
    {
      "type": "Feature",
      "geometry": {
        "type": "LineString",
        "coordinates": [
          [
            118.9310719,
            32.1089559
          ],
          [
            118.9311949,
            32.109084
          ]
        ]
      },
      "properties": {
        "kind": "road",
        "highway": "secondary",
        "name": "文苑路",
        "source": "OpenStreetMap",
        "osm_id": "1524272492"
      }
    },
    {
      "type": "Feature",
      "geometry": {
        "type": "LineString",
        "coordinates": [
          [
            118.930976,
            32.109098
          ],
          [
            118.9310719,
            32.1089559
          ]
        ]
      },
      "properties": {
        "kind": "road",
        "highway": "secondary",
        "name": "仙境路",
        "source": "OpenStreetMap",
        "osm_id": "1524272493"
      }
    },
    {
      "type": "Feature",
      "geometry": {
        "type": "LineString",
        "coordinates": [
          [
            118.9418436,
            32.0962873
          ],
          [
            118.9414835,
            32.0964501
          ],
          [
            118.9409563,
            32.0967356
          ],
          [
            118.9403647,
            32.097118
          ],
          [
            118.9398189,
            32.0975133
          ],
          [
            118.9383761,
            32.098593
          ],
          [
            118.9376986,
            32.0990226
          ],
          [
            118.9373285,
            32.0992061
          ],
          [
            118.9369222,
            32.0993772
          ],
          [
            118.9366216,
            32.0994794
          ],
          [
            118.9363619,
            32.099554
          ],
          [
            118.9361019,
            32.0996155
          ],
          [
            118.9354902,
            32.0997244
          ]
        ]
      },
      "properties": {
        "kind": "road",
        "highway": "secondary",
        "name": "灵山北路",
        "source": "OpenStreetMap",
        "osm_id": "1524272494"
      }
    },
    {
      "type": "Feature",
      "geometry": {
        "type": "LineString",
        "coordinates": [
          [
            118.9354769,
            32.0996615
          ],
          [
            118.9354902,
            32.0997244
          ]
        ]
      },
      "properties": {
        "kind": "road",
        "highway": "tertiary",
        "name": "学原路",
        "source": "OpenStreetMap",
        "osm_id": "1524272495"
      }
    },
    {
      "type": "Feature",
      "geometry": {
        "type": "LineString",
        "coordinates": [
          [
            118.9354902,
            32.0997244
          ],
          [
            118.9352898,
            32.0997475
          ]
        ]
      },
      "properties": {
        "kind": "road",
        "highway": "secondary",
        "name": "灵山北路",
        "source": "OpenStreetMap",
        "osm_id": "1524272496"
      }
    },
    {
      "type": "Feature",
      "geometry": {
        "type": "LineString",
        "coordinates": [
          [
            118.9338307,
            32.1052454
          ],
          [
            118.933696,
            32.1051816
          ]
        ]
      },
      "properties": {
        "kind": "road",
        "highway": "primary",
        "name": "仙林大道",
        "source": "OpenStreetMap",
        "osm_id": "1525490201"
      }
    },
    {
      "type": "Feature",
      "geometry": {
        "type": "LineString",
        "coordinates": [
          [
            118.9104822,
            32.1130563
          ],
          [
            118.9103144,
            32.1130915
          ],
          [
            118.9095126,
            32.1131565
          ],
          [
            118.9088537,
            32.11321
          ]
        ]
      },
      "properties": {
        "kind": "road",
        "highway": "primary",
        "name": "学林路",
        "source": "OpenStreetMap",
        "osm_id": "89910184"
      }
    },
    {
      "type": "Feature",
      "geometry": {
        "type": "LineString",
        "coordinates": [
          [
            118.8973962,
            32.124209
          ],
          [
            118.8957972,
            32.1265877
          ],
          [
            118.8940105,
            32.1294797
          ],
          [
            118.8929997,
            32.1308241
          ],
          [
            118.891379,
            32.1326116
          ],
          [
            118.8898446,
            32.1342029
          ],
          [
            118.8894086,
            32.13467
          ],
          [
            118.8887711,
            32.1353909
          ],
          [
            118.8883815,
            32.1360176
          ]
        ]
      },
      "properties": {
        "kind": "road",
        "highway": "trunk",
        "name": "仙新路",
        "source": "OpenStreetMap",
        "osm_id": "91551710"
      }
    },
    {
      "type": "Feature",
      "geometry": {
        "type": "LineString",
        "coordinates": [
          [
            118.8974375,
            32.1243277
          ],
          [
            118.8958942,
            32.1267184
          ],
          [
            118.8952232,
            32.1277787
          ],
          [
            118.8945928,
            32.1288304
          ],
          [
            118.8941011,
            32.1295594
          ]
        ]
      },
      "properties": {
        "kind": "road",
        "highway": "primary",
        "name": "仙新路",
        "source": "OpenStreetMap",
        "osm_id": "118952837"
      }
    },
    {
      "type": "Feature",
      "geometry": {
        "type": "LineString",
        "coordinates": [
          [
            118.884189,
            32.1281307
          ],
          [
            118.8843759,
            32.1283345
          ],
          [
            118.8855914,
            32.1296266
          ],
          [
            118.8862391,
            32.1303648
          ],
          [
            118.8862966,
            32.1304253
          ],
          [
            118.8866718,
            32.1307953
          ],
          [
            118.8870149,
            32.1310785
          ],
          [
            118.8873667,
            32.1313308
          ],
          [
            118.8873768,
            32.1313381
          ],
          [
            118.8885596,
            32.1320834
          ]
        ]
      },
      "properties": {
        "kind": "road",
        "highway": "tertiary",
        "name": "尧顺路",
        "source": "OpenStreetMap",
        "osm_id": "119541156"
      }
    },
    {
      "type": "Feature",
      "geometry": {
        "type": "LineString",
        "coordinates": [
          [
            118.9078083,
            32.1367148
          ],
          [
            118.9074012,
            32.1366044
          ],
          [
            118.9071016,
            32.1365498
          ],
          [
            118.9066573,
            32.1365037
          ],
          [
            118.9063103,
            32.1364912
          ],
          [
            118.9045782,
            32.1365189
          ],
          [
            118.9029764,
            32.1365719
          ],
          [
            118.9025436,
            32.1365915
          ],
          [
            118.9019257,
            32.1366196
          ],
          [
            118.9013211,
            32.1366326
          ],
          [
            118.9007444,
            32.136618
          ],
          [
            118.900726,
            32.1366171
          ],
          [
            118.900188,
            32.1365919
          ],
          [
            118.8985805,
            32.1365293
          ],
          [
            118.897152,
            32.1364709
          ],
          [
            118.8956673,
            32.1364212
          ],
          [
            118.8952331,
            32.1364036
          ]
        ]
      },
      "properties": {
        "kind": "road",
        "highway": "primary",
        "name": "栖霞大道",
        "source": "OpenStreetMap",
        "osm_id": "140810844"
      }
    },
    {
      "type": "Feature",
      "geometry": {
        "type": "LineString",
        "coordinates": [
          [
            118.9153597,
            32.1410609
          ],
          [
            118.9141934,
            32.1403796
          ],
          [
            118.9103511,
            32.138036
          ],
          [
            118.9094704,
            32.1374931
          ]
        ]
      },
      "properties": {
        "kind": "road",
        "highway": "primary",
        "name": "栖霞大道",
        "source": "OpenStreetMap",
        "osm_id": "140810846"
      }
    },
    {
      "type": "Feature",
      "geometry": {
        "type": "LineString",
        "coordinates": [
          [
            118.9191511,
            32.1199102
          ],
          [
            118.9190518,
            32.1200732
          ],
          [
            118.9176026,
            32.1224949
          ],
          [
            118.9174841,
            32.1226929
          ],
          [
            118.9164421,
            32.1244341
          ]
        ]
      },
      "properties": {
        "kind": "road",
        "highway": "secondary",
        "name": "学海路",
        "source": "OpenStreetMap",
        "osm_id": "140811043"
      }
    },
    {
      "type": "Feature",
      "geometry": {
        "type": "LineString",
        "coordinates": [
          [
            118.9430816,
            32.1370043
          ],
          [
            118.942079,
            32.1369723
          ],
          [
            118.9408248,
            32.1369138
          ],
          [
            118.9398424,
            32.1368171
          ],
          [
            118.9392666,
            32.136736
          ],
          [
            118.93901,
            32.1366937
          ],
          [
            118.9383509,
            32.1365851
          ],
          [
            118.9374015,
            32.1363829
          ],
          [
            118.9364746,
            32.1361439
          ],
          [
            118.9355836,
            32.1358631
          ],
          [
            118.9347313,
            32.1355658
          ],
          [
            118.9338902,
            32.1352361
          ],
          [
            118.9330539,
            32.1348718
          ],
          [
            118.9301128,
            32.133498
          ],
          [
            118.9249881,
            32.131146
          ],
          [
            118.9215751,
            32.1295659
          ],
          [
            118.9169893,
            32.1275437
          ]
        ]
      },
      "properties": {
        "kind": "road",
        "highway": "trunk",
        "name": "智谷大道",
        "source": "OpenStreetMap",
        "osm_id": "140811045"
      }
    },
    {
      "type": "Feature",
      "geometry": {
        "type": "LineString",
        "coordinates": [
          [
            118.9223005,
            32.1215602
          ],
          [
            118.9250795,
            32.1229338
          ],
          [
            118.9258245,
            32.1232722
          ],
          [
            118.92701,
            32.1237628
          ],
          [
            118.9279961,
            32.1241079
          ],
          [
            118.9281526,
            32.1241626
          ],
          [
            118.9326319,
            32.1257254
          ],
          [
            118.9342627,
            32.1261729
          ],
          [
            118.9369556,
            32.1266624
          ],
          [
            118.9373539,
            32.1266976
          ],
          [
            118.9374867,
            32.1267158
          ],
          [
            118.940243,
            32.127025
          ]
        ]
      },
      "properties": {
        "kind": "road",
        "highway": "secondary",
        "name": "文澜路",
        "source": "OpenStreetMap",
        "osm_id": "140811046"
      }
    },
    {
      "type": "Feature",
      "geometry": {
        "type": "LineString",
        "coordinates": [
          [
            118.9104822,
            32.1130563
          ],
          [
            118.9105761,
            32.1132744
          ],
          [
            118.9107156,
            32.113597
          ],
          [
            118.9109006,
            32.1139082
          ],
          [
            118.9111286,
            32.1142513
          ],
          [
            118.9113915,
            32.1145511
          ],
          [
            118.9116958,
            32.1148241
          ],
          [
            118.9121144,
            32.1151997
          ],
          [
            118.9148945,
            32.117091
          ],
          [
            118.9188534,
            32.1197511
          ],
          [
            118.9191511,
            32.1199102
          ]
        ]
      },
      "properties": {
        "kind": "road",
        "highway": "secondary",
        "name": "文澜路",
        "source": "OpenStreetMap",
        "osm_id": "140811047"
      }
    },
    {
      "type": "Feature",
      "geometry": {
        "type": "LineString",
        "coordinates": [
          [
            118.9186844,
            32.1271991
          ],
          [
            118.9201033,
            32.1278584
          ],
          [
            118.9214444,
            32.1284944
          ],
          [
            118.9217435,
            32.1286265
          ],
          [
            118.9220104,
            32.128709
          ],
          [
            118.9222485,
            32.1287655
          ],
          [
            118.9225774,
            32.1288144
          ],
          [
            118.9229497,
            32.1288442
          ],
          [
            118.9232465,
            32.1288527
          ],
          [
            118.9237898,
            32.1288234
          ],
          [
            118.924142,
            32.1288124
          ],
          [
            118.9245312,
            32.1288577
          ],
          [
            118.9247811,
            32.1289091
          ],
          [
            118.9250252,
            32.1289905
          ],
          [
            118.9252021,
            32.1290767
          ]
        ]
      },
      "properties": {
        "kind": "road",
        "highway": "tertiary",
        "name": "文成路",
        "source": "OpenStreetMap",
        "osm_id": "155382431"
      }
    },
    {
      "type": "Feature",
      "geometry": {
        "type": "LineString",
        "coordinates": [
          [
            118.9209237,
            32.1237269
          ],
          [
            118.9206545,
            32.1241376
          ],
          [
            118.9201722,
            32.124895
          ],
          [
            118.9201136,
            32.1249871
          ],
          [
            118.91958,
            32.125825
          ],
          [
            118.9195455,
            32.1258817
          ]
        ]
      },
      "properties": {
        "kind": "road",
        "highway": "tertiary",
        "name": null,
        "source": "OpenStreetMap",
        "osm_id": "155382943"
      }
    },
    {
      "type": "Feature",
      "geometry": {
        "type": "LineString",
        "coordinates": [
          [
            118.9161498,
            32.1243003
          ],
          [
            118.9177756,
            32.1215493
          ],
          [
            118.9179096,
            32.1213227
          ],
          [
            118.9187508,
            32.1198998
          ]
        ]
      },
      "properties": {
        "kind": "road",
        "highway": "secondary",
        "name": null,
        "source": "OpenStreetMap",
        "osm_id": "155413437"
      }
    },
    {
      "type": "Feature",
      "geometry": {
        "type": "LineString",
        "coordinates": [
          [
            118.9226966,
            32.1120127
          ],
          [
            118.9230198,
            32.1120112
          ]
        ]
      },
      "properties": {
        "kind": "road",
        "highway": "tertiary",
        "name": null,
        "source": "OpenStreetMap",
        "osm_id": "155414099"
      }
    },
    {
      "type": "Feature",
      "geometry": {
        "type": "LineString",
        "coordinates": [
          [
            118.9201772,
            32.1397091
          ],
          [
            118.9202771,
            32.139802
          ],
          [
            118.9204098,
            32.1399264
          ],
          [
            118.9206635,
            32.1401391
          ],
          [
            118.9217819,
            32.1410633
          ],
          [
            118.9229729,
            32.1420462
          ],
          [
            118.9236458,
            32.1425603
          ],
          [
            118.9240287,
            32.1428136
          ],
          [
            118.9248005,
            32.1432425
          ],
          [
            118.9257421,
            32.1436905
          ],
          [
            118.9262329,
            32.1439259
          ],
          [
            118.9272217,
            32.1444123
          ],
          [
            118.9276195,
            32.1446289
          ],
          [
            118.9278326,
            32.1448018
          ],
          [
            118.9279181,
            32.1449858
          ],
          [
            118.9279856,
            32.1451663
          ],
          [
            118.9280046,
            32.1453621
          ],
          [
            118.9279851,
            32.1455905
          ],
          [
            118.9278755,
            32.1458398
          ],
          [
            118.927556,
            32.146332
          ]
        ]
      },
      "properties": {
        "kind": "road",
        "highway": "tertiary",
        "name": "友谊路",
        "source": "OpenStreetMap",
        "osm_id": "155593718"
      }
    },
    {
      "type": "Feature",
      "geometry": {
        "type": "LineString",
        "coordinates": [
          [
            118.907565,
            32.1133324
          ],
          [
            118.9065916,
            32.1134158
          ],
          [
            118.9061604,
            32.1134977
          ],
          [
            118.9057381,
            32.113625
          ],
          [
            118.9052465,
            32.1138224
          ],
          [
            118.904852,
            32.114029
          ],
          [
            118.9045452,
            32.1142405
          ],
          [
            118.9042869,
            32.1144449
          ],
          [
            118.9039698,
            32.1147533
          ],
          [
            118.9037434,
            32.1150307
          ],
          [
            118.9034107,
            32.1154716
          ],
          [
            118.9030766,
            32.1159317
          ],
          [
            118.902969,
            32.1160682
          ],
          [
            118.9022572,
            32.1170146
          ]
        ]
      },
      "properties": {
        "kind": "road",
        "highway": "primary",
        "name": "学林路",
        "source": "OpenStreetMap",
        "osm_id": "189260450"
      }
    },
    {
      "type": "Feature",
      "geometry": {
        "type": "LineString",
        "coordinates": [
          [
            118.9088537,
            32.11321
          ],
          [
            118.907565,
            32.1133324
          ]
        ]
      },
      "properties": {
        "kind": "road",
        "highway": "primary",
        "name": "学林路",
        "source": "OpenStreetMap",
        "osm_id": "189260451"
      }
    },
    {
      "type": "Feature",
      "geometry": {
        "type": "LineString",
        "coordinates": [
          [
            118.904035,
            32.1210408
          ],
          [
            118.9050007,
            32.1216181
          ],
          [
            118.9058322,
            32.1220878
          ],
          [
            118.9076828,
            32.1230441
          ],
          [
            118.9085173,
            32.1234442
          ],
          [
            118.9105098,
            32.1243993
          ],
          [
            118.9139373,
            32.1260464
          ],
          [
            118.915297,
            32.12667
          ],
          [
            118.9170902,
            32.1274101
          ],
          [
            118.9216653,
            32.1294558
          ],
          [
            118.925076,
            32.1310324
          ],
          [
            118.9303995,
            32.1334631
          ],
          [
            118.9331543,
            32.1347516
          ],
          [
            118.933955,
            32.1351252
          ],
          [
            118.9347932,
            32.1354435
          ],
          [
            118.9356523,
            32.1357492
          ],
          [
            118.9365194,
            32.136032
          ],
          [
            118.9374565,
            32.1362725
          ],
          [
            118.9383632,
            32.1364477
          ],
          [
            118.9392975,
            32.1365841
          ],
          [
            118.9398656,
            32.1366788
          ],
          [
            118.9408404,
            32.1367517
          ],
          [
            118.9420802,
            32.1368102
          ],
          [
            118.9430851,
            32.1368499
          ]
        ]
      },
      "properties": {
        "kind": "road",
        "highway": "trunk",
        "name": "智谷大道",
        "source": "OpenStreetMap",
        "osm_id": "194788019"
      }
    },
    {
      "type": "Feature",
      "geometry": {
        "type": "LineString",
        "coordinates": [
          [
            118.8869933,
            32.136734
          ],
          [
            118.8845904,
            32.1364354
          ],
          [
            118.8832748,
            32.1362665
          ],
          [
            118.8827533,
            32.1362022
          ],
          [
            118.8817216,
            32.1360898
          ],
          [
            118.877695,
            32.1355546
          ],
          [
            118.8721616,
            32.134873
          ],
          [
            118.8719968,
            32.1348571
          ],
          [
            118.8683111,
            32.1343728
          ],
          [
            118.8635077,
            32.1339323
          ],
          [
            118.8628312,
            32.133814
          ],
          [
            118.8626479,
            32.1337796
          ],
          [
            118.8624657,
            32.1337505
          ],
          [
            118.8622656,
            32.1337073
          ],
          [
            118.8621024,
            32.1336699
          ],
          [
            118.8615342,
            32.1335096
          ],
          [
            118.8612609,
            32.1334186
          ]
        ]
      },
      "properties": {
        "kind": "road",
        "highway": "primary",
        "name": "栖霞大道",
        "source": "OpenStreetMap",
        "osm_id": "215092849"
      }
    },
    {
      "type": "Feature",
      "geometry": {
        "type": "LineString",
        "coordinates": [
          [
            118.8952331,
            32.1364036
          ],
          [
            118.895225,
            32.137502
          ],
          [
            118.8952201,
            32.1381521
          ],
          [
            118.8952094,
            32.1396031
          ],
          [
            118.8952002,
            32.1408431
          ]
        ]
      },
      "properties": {
        "kind": "road",
        "highway": "tertiary",
        "name": "仙新中路",
        "source": "OpenStreetMap",
        "osm_id": "215102175"
      }
    },
    {
      "type": "Feature",
      "geometry": {
        "type": "LineString",
        "coordinates": [
          [
            118.9226627,
            32.1139545
          ],
          [
            118.9223907,
            32.113853
          ]
        ]
      },
      "properties": {
        "kind": "road",
        "highway": "tertiary",
        "name": null,
        "source": "OpenStreetMap",
        "osm_id": "225520901"
      }
    },
    {
      "type": "Feature",
      "geometry": {
        "type": "LineString",
        "coordinates": [
          [
            118.8843743,
            32.125616
          ],
          [
            118.8841269,
            32.1249827
          ],
          [
            118.8841159,
            32.1249011
          ],
          [
            118.8837453,
            32.1240705
          ],
          [
            118.8836582,
            32.1237592
          ],
          [
            118.8835359,
            32.1226942
          ],
          [
            118.8834738,
            32.1223442
          ],
          [
            118.8833433,
            32.121382
          ],
          [
            118.8832909,
            32.1210767
          ],
          [
            118.8831679,
            32.1207504
          ],
          [
            118.8829168,
            32.1205341
          ],
          [
            118.8824842,
            32.1202489
          ],
          [
            118.8819053,
            32.1198824
          ],
          [
            118.8817658,
            32.1197688
          ],
          [
            118.8815244,
            32.1194553
          ],
          [
            118.8813527,
            32.1191918
          ],
          [
            118.8810791,
            32.1189056
          ],
          [
            118.8808599,
            32.1187334
          ],
          [
            118.8803396,
            32.1183927
          ],
          [
            118.8799748,
            32.1181689
          ],
          [
            118.8791186,
            32.1176484
          ],
          [
            118.8790816,
            32.1176257
          ],
          [
            118.8787786,
            32.1174432
          ],
          [
            118.8786283,
            32.1173526
          ],
          [
            118.878161,
            32.1170761
          ],
          [
            118.8775859,
            32.1167441
          ],
          [
            118.8774137,
            32.1166446
          ],
          [
            118.8771734,
            32.1165138
          ],
          [
            118.8754308,
            32.1155603
          ],
          [
            118.8748992,
            32.1152555
          ],
          [
            118.873861,
            32.1146666
          ],
          [
            118.8732057,
            32.1143552
          ]
        ]
      },
      "properties": {
        "kind": "road",
        "highway": "tertiary",
        "name": "太龙路",
        "source": "OpenStreetMap",
        "osm_id": "225767657"
      }
    },
    {
      "type": "Feature",
      "geometry": {
        "type": "LineString",
        "coordinates": [
          [
            118.9214493,
            32.1300617
          ],
          [
            118.9215844,
            32.1303036
          ],
          [
            118.9217157,
            32.1308306
          ],
          [
            118.9217438,
            32.131122
          ]
        ]
      },
      "properties": {
        "kind": "road",
        "highway": "residential",
        "name": null,
        "source": "OpenStreetMap",
        "osm_id": "315622041"
      }
    },
    {
      "type": "Feature",
      "geometry": {
        "type": "LineString",
        "coordinates": [
          [
            118.8823836,
            32.1289742
          ],
          [
            118.8827079,
            32.1299786
          ],
          [
            118.8827239,
            32.1300281
          ],
          [
            118.8827265,
            32.1300359
          ],
          [
            118.8831715,
            32.131414
          ],
          [
            118.8832157,
            32.1315505
          ]
        ]
      },
      "properties": {
        "kind": "road",
        "highway": "tertiary",
        "name": "翠林北路",
        "source": "OpenStreetMap",
        "osm_id": "318915245"
      }
    },
    {
      "type": "Feature",
      "geometry": {
        "type": "LineString",
        "coordinates": [
          [
            118.8843134,
            32.1339142
          ],
          [
            118.8849864,
            32.1338666
          ],
          [
            118.885585,
            32.1337811
          ],
          [
            118.885643,
            32.1337722
          ],
          [
            118.8857483,
            32.1337522
          ],
          [
            118.8863403,
            32.1335587
          ],
          [
            118.8869287,
            32.1333056
          ],
          [
            118.8870575,
            32.1332502
          ],
          [
            118.8871078,
            32.1332041
          ],
          [
            118.8871448,
            32.1331755
          ],
          [
            118.8885596,
            32.1320834
          ]
        ]
      },
      "properties": {
        "kind": "road",
        "highway": "tertiary",
        "name": "前塘路",
        "source": "OpenStreetMap",
        "osm_id": "318915251"
      }
    },
    {
      "type": "Feature",
      "geometry": {
        "type": "LineString",
        "coordinates": [
          [
            118.8804406,
            32.1348798
          ],
          [
            118.8805076,
            32.1344783
          ],
          [
            118.8805733,
            32.1341706
          ],
          [
            118.8806379,
            32.134054
          ],
          [
            118.8807108,
            32.133925
          ],
          [
            118.880767,
            32.1338467
          ],
          [
            118.8808901,
            32.1336731
          ],
          [
            118.8810093,
            32.1335024
          ],
          [
            118.8810887,
            32.133427
          ],
          [
            118.8811939,
            32.1333588
          ],
          [
            118.8812834,
            32.1333261
          ],
          [
            118.8814007,
            32.133303
          ],
          [
            118.8815479,
            32.1333006
          ],
          [
            118.8816501,
            32.1332983
          ],
          [
            118.8817348,
            32.133331
          ],
          [
            118.8817883,
            32.1334042
          ],
          [
            118.8818075,
            32.1334566
          ],
          [
            118.8818104,
            32.1335328
          ],
          [
            118.8817642,
            32.1336961
          ],
          [
            118.8818593,
            32.1341
          ],
          [
            118.8821139,
            32.1343155
          ],
          [
            118.8823184,
            32.1345344
          ],
          [
            118.882341,
            32.1347254
          ],
          [
            118.88236,
            32.1350988
          ]
        ]
      },
      "properties": {
        "kind": "road",
        "highway": "residential",
        "name": null,
        "source": "OpenStreetMap",
        "osm_id": "369653608"
      }
    },
    {
      "type": "Feature",
      "geometry": {
        "type": "LineString",
        "coordinates": [
          [
            118.8814185,
            32.1349945
          ],
          [
            118.88236,
            32.1350988
          ]
        ]
      },
      "properties": {
        "kind": "road",
        "highway": "residential",
        "name": null,
        "source": "OpenStreetMap",
        "osm_id": "369653609"
      }
    },
    {
      "type": "Feature",
      "geometry": {
        "type": "LineString",
        "coordinates": [
          [
            118.8999246,
            32.1446441
          ],
          [
            118.8999256,
            32.1444007
          ],
          [
            118.8999797,
            32.1427911
          ],
          [
            118.9000426,
            32.1409183
          ],
          [
            118.9000464,
            32.1408048
          ],
          [
            118.900188,
            32.1365919
          ],
          [
            118.9001917,
            32.1364587
          ],
          [
            118.9002143,
            32.1344813
          ],
          [
            118.9002312,
            32.1333204
          ],
          [
            118.9001929,
            32.1329581
          ],
          [
            118.9000625,
            32.1325473
          ],
          [
            118.8999271,
            32.1323163
          ],
          [
            118.8996364,
            32.1320182
          ],
          [
            118.8988811,
            32.1314711
          ],
          [
            118.8981079,
            32.1309591
          ],
          [
            118.896918,
            32.1302256
          ],
          [
            118.8963445,
            32.1298695
          ],
          [
            118.8946706,
            32.1289144
          ]
        ]
      },
      "properties": {
        "kind": "road",
        "highway": "tertiary",
        "name": "仙新东路",
        "source": "OpenStreetMap",
        "osm_id": "369653614"
      }
    },
    {
      "type": "Feature",
      "geometry": {
        "type": "LineString",
        "coordinates": [
          [
            118.8881477,
            32.1237229
          ],
          [
            118.8858022,
            32.1263285
          ]
        ]
      },
      "properties": {
        "kind": "road",
        "highway": "secondary",
        "name": "金尧路",
        "source": "OpenStreetMap",
        "osm_id": "369653615"
      }
    },
    {
      "type": "Feature",
      "geometry": {
        "type": "LineString",
        "coordinates": [
          [
            118.8952148,
            32.1329284
          ],
          [
            118.8997392,
            32.1329502
          ],
          [
            118.9001929,
            32.1329581
          ]
        ]
      },
      "properties": {
        "kind": "road",
        "highway": "tertiary",
        "name": "恒业路",
        "source": "OpenStreetMap",
        "osm_id": "414218496"
      }
    },
    {
      "type": "Feature",
      "geometry": {
        "type": "LineString",
        "coordinates": [
          [
            118.8613048,
            32.1332822
          ],
          [
            118.8618334,
            32.1334371
          ],
          [
            118.8622612,
            32.1335371
          ],
          [
            118.8624661,
            32.1335846
          ],
          [
            118.8626487,
            32.1336153
          ],
          [
            118.8628232,
            32.1336378
          ],
          [
            118.8632271,
            32.1336864
          ],
          [
            118.8636381,
            32.1337569
          ],
          [
            118.8683251,
            32.1342554
          ],
          [
            118.8720314,
            32.1347276
          ],
          [
            118.8721933,
            32.1347544
          ],
          [
            118.877723,
            32.1354222
          ],
          [
            118.8778278,
            32.1354349
          ],
          [
            118.8815295,
            32.1359316
          ],
          [
            118.8827744,
            32.1360987
          ],
          [
            118.8832902,
            32.1361493
          ],
          [
            118.884596,
            32.1363175
          ],
          [
            118.8869871,
            32.1365725
          ]
        ]
      },
      "properties": {
        "kind": "road",
        "highway": "primary",
        "name": "栖霞大道",
        "source": "OpenStreetMap",
        "osm_id": "422961173"
      }
    },
    {
      "type": "Feature",
      "geometry": {
        "type": "LineString",
        "coordinates": [
          [
            118.9090971,
            32.1370996
          ],
          [
            118.9095988,
            32.1374077
          ],
          [
            118.9104641,
            32.1379324
          ],
          [
            118.914275,
            32.1402834
          ],
          [
            118.9155046,
            32.1410068
          ]
        ]
      },
      "properties": {
        "kind": "road",
        "highway": "primary",
        "name": "栖霞大道",
        "source": "OpenStreetMap",
        "osm_id": "422970693"
      }
    },
    {
      "type": "Feature",
      "geometry": {
        "type": "LineString",
        "coordinates": [
          [
            118.8899869,
            32.145943
          ],
          [
            118.8898299,
            32.14548
          ],
          [
            118.8895425,
            32.1445752
          ],
          [
            118.8884942,
            32.141139
          ],
          [
            118.8883296,
            32.1406385
          ],
          [
            118.8879733,
            32.1396046
          ],
          [
            118.8877727,
            32.1388107
          ],
          [
            118.8877349,
            32.1378465
          ],
          [
            118.8877772,
            32.1374367
          ],
          [
            118.8878656,
            32.1369744
          ],
          [
            118.8880392,
            32.136464
          ],
          [
            118.8882516,
            32.1359893
          ]
        ]
      },
      "properties": {
        "kind": "road",
        "highway": "trunk",
        "name": "仙新路",
        "source": "OpenStreetMap",
        "osm_id": "422970697"
      }
    },
    {
      "type": "Feature",
      "geometry": {
        "type": "LineString",
        "coordinates": [
          [
            118.8952337,
            32.1362909
          ],
          [
            118.8956858,
            32.1363008
          ],
          [
            118.8971448,
            32.1363505
          ],
          [
            118.898583,
            32.1364227
          ],
          [
            118.9001917,
            32.1364587
          ],
          [
            118.9007955,
            32.1364992
          ],
          [
            118.9013283,
            32.1365139
          ],
          [
            118.9019577,
            32.136517
          ],
          [
            118.9029713,
            32.1364851
          ],
          [
            118.9046137,
            32.1364202
          ],
          [
            118.9061429,
            32.1363527
          ],
          [
            118.9066522,
            32.1363652
          ],
          [
            118.9070071,
            32.1364075
          ],
          [
            118.9073889,
            32.1364541
          ],
          [
            118.9078677,
            32.1365568
          ]
        ]
      },
      "properties": {
        "kind": "road",
        "highway": "primary",
        "name": "栖霞大道",
        "source": "OpenStreetMap",
        "osm_id": "422970699"
      }
    },
    {
      "type": "Feature",
      "geometry": {
        "type": "LineString",
        "coordinates": [
          [
            118.9187508,
            32.1198998
          ],
          [
            118.914807,
            32.1172442
          ],
          [
            118.9119829,
            32.1153281
          ],
          [
            118.9119432,
            32.1153034
          ],
          [
            118.9112362,
            32.1146667
          ],
          [
            118.9109687,
            32.1143374
          ],
          [
            118.9107253,
            32.1140053
          ],
          [
            118.9105341,
            32.1136866
          ],
          [
            118.9103836,
            32.1133322
          ],
          [
            118.9103144,
            32.1130915
          ]
        ]
      },
      "properties": {
        "kind": "road",
        "highway": "secondary",
        "name": "文澜路",
        "source": "OpenStreetMap",
        "osm_id": "423022837"
      }
    },
    {
      "type": "Feature",
      "geometry": {
        "type": "LineString",
        "coordinates": [
          [
            118.8994794,
            32.111785
          ],
          [
            118.899837,
            32.1124195
          ],
          [
            118.9004159,
            32.1134902
          ],
          [
            118.9007136,
            32.1140286
          ],
          [
            118.9009625,
            32.1144335
          ],
          [
            118.9010086,
            32.114486
          ],
          [
            118.9011294,
            32.1146238
          ],
          [
            118.9013252,
            32.1148169
          ],
          [
            118.9014129,
            32.1148875
          ],
          [
            118.9014848,
            32.1149453
          ],
          [
            118.9016287,
            32.1150442
          ],
          [
            118.9017965,
            32.1151456
          ],
          [
            118.9021707,
            32.1153719
          ],
          [
            118.9029551,
            32.1158443
          ],
          [
            118.9030766,
            32.1159317
          ],
          [
            118.9036265,
            32.1162504
          ]
        ]
      },
      "properties": {
        "kind": "road",
        "highway": "residential",
        "name": null,
        "source": "OpenStreetMap",
        "osm_id": "423022839"
      }
    },
    {
      "type": "Feature",
      "geometry": {
        "type": "LineString",
        "coordinates": [
          [
            118.9075526,
            32.1131997
          ],
          [
            118.9088424,
            32.1130829
          ]
        ]
      },
      "properties": {
        "kind": "road",
        "highway": "primary",
        "name": "学林路",
        "source": "OpenStreetMap",
        "osm_id": "423022840"
      }
    },
    {
      "type": "Feature",
      "geometry": {
        "type": "LineString",
        "coordinates": [
          [
            118.9035192,
            32.1163867
          ],
          [
            118.902969,
            32.1160682
          ],
          [
            118.9028724,
            32.1159388
          ],
          [
            118.9018716,
            32.115332
          ],
          [
            118.9015795,
            32.1151061
          ],
          [
            118.9012635,
            32.1148647
          ],
          [
            118.9011347,
            32.1147397
          ],
          [
            118.900953,
            32.1145455
          ],
          [
            118.9008672,
            32.1144539
          ],
          [
            118.9008249,
            32.1143808
          ],
          [
            118.8997229,
            32.1124765
          ],
          [
            118.8994331,
            32.111952
          ],
          [
            118.8993676,
            32.1118332
          ]
        ]
      },
      "properties": {
        "kind": "road",
        "highway": "residential",
        "name": null,
        "source": "OpenStreetMap",
        "osm_id": "423022841"
      }
    },
    {
      "type": "Feature",
      "geometry": {
        "type": "LineString",
        "coordinates": [
          [
            118.8938116,
            32.1293461
          ],
          [
            118.8942104,
            32.1286403
          ],
          [
            118.8949137,
            32.1274812
          ],
          [
            118.8956686,
            32.1263431
          ],
          [
            118.8971986,
            32.1240675
          ]
        ]
      },
      "properties": {
        "kind": "road",
        "highway": "primary",
        "name": "仙新路",
        "source": "OpenStreetMap",
        "osm_id": "423022849"
      }
    },
    {
      "type": "Feature",
      "geometry": {
        "type": "LineString",
        "coordinates": [
          [
            118.9019908,
            32.1171363
          ],
          [
            118.9028724,
            32.1159388
          ],
          [
            118.9029551,
            32.1158443
          ],
          [
            118.9032978,
            32.1154045
          ],
          [
            118.9034759,
            32.1151806
          ],
          [
            118.9036444,
            32.1149688
          ],
          [
            118.9038692,
            32.1146818
          ],
          [
            118.9041741,
            32.1143839
          ],
          [
            118.9044592,
            32.1141447
          ],
          [
            118.904794,
            32.1139323
          ],
          [
            118.9051932,
            32.1137191
          ],
          [
            118.9056796,
            32.1135154
          ],
          [
            118.906125,
            32.1133805
          ],
          [
            118.9065599,
            32.1133008
          ],
          [
            118.9075526,
            32.1131997
          ]
        ]
      },
      "properties": {
        "kind": "road",
        "highway": "primary",
        "name": "学林路",
        "source": "OpenStreetMap",
        "osm_id": "423022852"
      }
    },
    {
      "type": "Feature",
      "geometry": {
        "type": "LineString",
        "coordinates": [
          [
            118.9088424,
            32.1130829
          ],
          [
            118.9095116,
            32.1130263
          ],
          [
            118.9102841,
            32.112961
          ]
        ]
      },
      "properties": {
        "kind": "road",
        "highway": "primary",
        "name": "学林路",
        "source": "OpenStreetMap",
        "osm_id": "423022853"
      }
    },
    {
      "type": "Feature",
      "geometry": {
        "type": "LineString",
        "coordinates": [
          [
            118.8994331,
            32.111952
          ],
          [
            118.8993618,
            32.1119317
          ],
          [
            118.899166,
            32.1119703
          ],
          [
            118.8988133,
            32.1120964
          ],
          [
            118.8984646,
            32.112243
          ],
          [
            118.897863,
            32.1125346
          ],
          [
            118.8970779,
            32.1129756
          ],
          [
            118.8966957,
            32.1132142
          ],
          [
            118.8964992,
            32.1133514
          ],
          [
            118.8963457,
            32.1134587
          ],
          [
            118.8959462,
            32.1138105
          ],
          [
            118.8978614,
            32.1156485
          ],
          [
            118.8979481,
            32.1157263
          ],
          [
            118.8983722,
            32.1161072
          ],
          [
            118.8984297,
            32.1161584
          ],
          [
            118.8990149,
            32.1166422
          ],
          [
            118.8992961,
            32.1168275
          ],
          [
            118.8996246,
            32.1169937
          ],
          [
            118.9000712,
            32.1171591
          ],
          [
            118.900409,
            32.1172313
          ],
          [
            118.9004636,
            32.1172443
          ],
          [
            118.9011132,
            32.1173348
          ],
          [
            118.901532,
            32.1173674
          ],
          [
            118.9016698,
            32.117379
          ]
        ]
      },
      "properties": {
        "kind": "road",
        "highway": "residential",
        "name": null,
        "source": "OpenStreetMap",
        "osm_id": "423022866"
      }
    },
    {
      "type": "Feature",
      "geometry": {
        "type": "LineString",
        "coordinates": [
          [
            118.892945,
            32.1305022
          ],
          [
            118.8888995,
            32.1282749
          ],
          [
            118.8887983,
            32.1282191
          ],
          [
            118.8870313,
            32.1272248
          ],
          [
            118.8856727,
            32.1264603
          ],
          [
            118.8855548,
            32.1263968
          ],
          [
            118.8844929,
            32.1258252
          ],
          [
            118.8836339,
            32.1253616
          ],
          [
            118.8834419,
            32.125258
          ],
          [
            118.8833707,
            32.1252183
          ],
          [
            118.8819626,
            32.1244333
          ],
          [
            118.8818476,
            32.1243657
          ]
        ]
      },
      "properties": {
        "kind": "road",
        "highway": "secondary",
        "name": "尧佳路",
        "source": "OpenStreetMap",
        "osm_id": "423022870"
      }
    },
    {
      "type": "Feature",
      "geometry": {
        "type": "LineString",
        "coordinates": [
          [
            118.9026718,
            32.1252347
          ],
          [
            118.9025898,
            32.1251884
          ],
          [
            118.9019382,
            32.124638
          ],
          [
            118.9012866,
            32.1240875
          ],
          [
            118.9011557,
            32.1239697
          ],
          [
            118.9002176,
            32.1231939
          ],
          [
            118.8991138,
            32.1223141
          ],
          [
            118.8988552,
            32.1221879
          ]
        ]
      },
      "properties": {
        "kind": "road",
        "highway": "tertiary",
        "name": "科创路",
        "source": "OpenStreetMap",
        "osm_id": "424487031"
      }
    },
    {
      "type": "Feature",
      "geometry": {
        "type": "LineString",
        "coordinates": [
          [
            118.8989122,
            32.1221028
          ],
          [
            118.8991511,
            32.122245
          ],
          [
            118.9002728,
            32.1231255
          ],
          [
            118.9012251,
            32.123908
          ],
          [
            118.9013035,
            32.1239724
          ],
          [
            118.9013609,
            32.1240269
          ],
          [
            118.9020088,
            32.1245761
          ],
          [
            118.9024023,
            32.1249096
          ],
          [
            118.9024882,
            32.1249423
          ],
          [
            118.9026155,
            32.124936
          ],
          [
            118.9027266,
            32.1249091
          ],
          [
            118.9028484,
            32.124841
          ]
        ]
      },
      "properties": {
        "kind": "road",
        "highway": "tertiary",
        "name": "科创路",
        "source": "OpenStreetMap",
        "osm_id": "424487032"
      }
    },
    {
      "type": "Feature",
      "geometry": {
        "type": "LineString",
        "coordinates": [
          [
            118.9028484,
            32.124841
          ],
          [
            118.9030333,
            32.1245036
          ],
          [
            118.9033531,
            32.1237748
          ],
          [
            118.9035624,
            32.1234252
          ],
          [
            118.9037427,
            32.1232774
          ],
          [
            118.9043413,
            32.1229535
          ],
          [
            118.9043707,
            32.1229376
          ],
          [
            118.9047195,
            32.1226668
          ],
          [
            118.9050917,
            32.1222531
          ],
          [
            118.9051697,
            32.1221186
          ],
          [
            118.9052576,
            32.122031
          ],
          [
            118.9054215,
            32.1218262
          ]
        ]
      },
      "properties": {
        "kind": "road",
        "highway": "tertiary",
        "name": "金创路",
        "source": "OpenStreetMap",
        "osm_id": "424487033"
      }
    },
    {
      "type": "Feature",
      "geometry": {
        "type": "LineString",
        "coordinates": [
          [
            118.9010207,
            32.1270782
          ],
          [
            118.9001816,
            32.1263507
          ],
          [
            118.8993876,
            32.1257106
          ],
          [
            118.8992487,
            32.1255971
          ],
          [
            118.8985302,
            32.1250022
          ],
          [
            118.8980801,
            32.1246295
          ],
          [
            118.8980354,
            32.12454
          ],
          [
            118.8980354,
            32.1244625
          ],
          [
            118.8980679,
            32.1243799
          ],
          [
            118.8991595,
            32.1227324
          ]
        ]
      },
      "properties": {
        "kind": "road",
        "highway": "residential",
        "name": null,
        "source": "OpenStreetMap",
        "osm_id": "424487042"
      }
    },
    {
      "type": "Feature",
      "geometry": {
        "type": "LineString",
        "coordinates": [
          [
            118.9080302,
            32.1366137
          ],
          [
            118.9079665,
            32.1367586
          ],
          [
            118.9078153,
            32.1372195
          ],
          [
            118.9077142,
            32.1376501
          ],
          [
            118.907631,
            32.1380975
          ],
          [
            118.9075973,
            32.1383591
          ],
          [
            118.907572,
            32.1388607
          ],
          [
            118.907572,
            32.1393035
          ],
          [
            118.907602,
            32.1396663
          ],
          [
            118.9076392,
            32.1399545
          ],
          [
            118.9077324,
            32.1403903
          ],
          [
            118.9078284,
            32.1408184
          ],
          [
            118.9078805,
            32.1409694
          ],
          [
            118.9083366,
            32.1424185
          ],
          [
            118.9090817,
            32.1443105
          ]
        ]
      },
      "properties": {
        "kind": "road",
        "highway": "secondary",
        "name": "炼西路",
        "source": "OpenStreetMap",
        "osm_id": "424702897"
      }
    },
    {
      "type": "Feature",
      "geometry": {
        "type": "LineString",
        "coordinates": [
          [
            118.9090196,
            32.1412145
          ],
          [
            118.9087631,
            32.1411849
          ],
          [
            118.9078805,
            32.1409694
          ]
        ]
      },
      "properties": {
        "kind": "road",
        "highway": "tertiary",
        "name": "恒祥路",
        "source": "OpenStreetMap",
        "osm_id": "424703131"
      }
    },
    {
      "type": "Feature",
      "geometry": {
        "type": "LineString",
        "coordinates": [
          [
            118.9164421,
            32.1244341
          ],
          [
            118.9172492,
            32.1248106
          ],
          [
            118.9178933,
            32.125111
          ],
          [
            118.9179673,
            32.1251455
          ],
          [
            118.918828,
            32.125547
          ],
          [
            118.9195455,
            32.1258817
          ]
        ]
      },
      "properties": {
        "kind": "road",
        "highway": "tertiary",
        "name": null,
        "source": "OpenStreetMap",
        "osm_id": "424885013"
      }
    },
    {
      "type": "Feature",
      "geometry": {
        "type": "LineString",
        "coordinates": [
          [
            118.9076727,
            32.1409385
          ],
          [
            118.9064352,
            32.140933
          ],
          [
            118.9023386,
            32.1409147
          ],
          [
            118.9000426,
            32.1409183
          ]
        ]
      },
      "properties": {
        "kind": "road",
        "highway": "secondary",
        "name": "恒祥路",
        "source": "OpenStreetMap",
        "osm_id": "458525298"
      }
    },
    {
      "type": "Feature",
      "geometry": {
        "type": "LineString",
        "coordinates": [
          [
            118.9402484,
            32.1271982
          ],
          [
            118.9374441,
            32.1269079
          ],
          [
            118.9373132,
            32.126881
          ],
          [
            118.9372512,
            32.1268682
          ],
          [
            118.9369215,
            32.1268032
          ],
          [
            118.9352819,
            32.1265386
          ],
          [
            118.9342037,
            32.126291
          ],
          [
            118.9336677,
            32.1261535
          ],
          [
            118.932353,
            32.1258163
          ],
          [
            118.9280627,
            32.1243307
          ],
          [
            118.9278782,
            32.1242664
          ],
          [
            118.9269652,
            32.1239478
          ],
          [
            118.9257466,
            32.1234093
          ],
          [
            118.9250019,
            32.1230474
          ],
          [
            118.9222218,
            32.1216732
          ]
        ]
      },
      "properties": {
        "kind": "road",
        "highway": "secondary",
        "name": "文澜路",
        "source": "OpenStreetMap",
        "osm_id": "489234880"
      }
    },
    {
      "type": "Feature",
      "geometry": {
        "type": "LineString",
        "coordinates": [
          [
            118.9104195,
            32.1246141
          ],
          [
            118.9103536,
            32.124715
          ],
          [
            118.9102033,
            32.1249463
          ],
          [
            118.9101866,
            32.124972
          ],
          [
            118.9101665,
            32.1250028
          ],
          [
            118.9098567,
            32.1254788
          ]
        ]
      },
      "properties": {
        "kind": "road",
        "highway": "residential",
        "name": null,
        "source": "OpenStreetMap",
        "osm_id": "525648437"
      }
    },
    {
      "type": "Feature",
      "geometry": {
        "type": "LineString",
        "coordinates": [
          [
            118.9101665,
            32.1250028
          ],
          [
            118.9086751,
            32.1242787
          ],
          [
            118.9077389,
            32.1238514
          ],
          [
            118.9075208,
            32.1231883
          ]
        ]
      },
      "properties": {
        "kind": "road",
        "highway": "residential",
        "name": "山景路",
        "source": "OpenStreetMap",
        "osm_id": "525648482"
      }
    },
    {
      "type": "Feature",
      "geometry": {
        "type": "LineString",
        "coordinates": [
          [
            118.900188,
            32.1365919
          ],
          [
            118.8993551,
            32.1366268
          ],
          [
            118.8987477,
            32.1366306
          ],
          [
            118.8967114,
            32.1365683
          ],
          [
            118.8962218,
            32.1365281
          ],
          [
            118.8957909,
            32.1364803
          ],
          [
            118.8952331,
            32.1364036
          ]
        ]
      },
      "properties": {
        "kind": "road",
        "highway": "tertiary",
        "name": null,
        "source": "OpenStreetMap",
        "osm_id": "549385040"
      }
    },
    {
      "type": "Feature",
      "geometry": {
        "type": "LineString",
        "coordinates": [
          [
            118.9000464,
            32.1408048
          ],
          [
            118.9023464,
            32.1407711
          ],
          [
            118.9076365,
            32.1407925
          ],
          [
            118.9078284,
            32.1408184
          ]
        ]
      },
      "properties": {
        "kind": "road",
        "highway": "secondary",
        "name": "恒祥路",
        "source": "OpenStreetMap",
        "osm_id": "556209215"
      }
    },
    {
      "type": "Feature",
      "geometry": {
        "type": "LineString",
        "coordinates": [
          [
            118.9078284,
            32.1408184
          ],
          [
            118.9087208,
            32.1410578
          ],
          [
            118.9090196,
            32.1412145
          ]
        ]
      },
      "properties": {
        "kind": "road",
        "highway": "tertiary",
        "name": "恒祥路",
        "source": "OpenStreetMap",
        "osm_id": "556209216"
      }
    },
    {
      "type": "Feature",
      "geometry": {
        "type": "LineString",
        "coordinates": [
          [
            118.9091151,
            32.1449099
          ],
          [
            118.9090716,
            32.1447911
          ],
          [
            118.9088769,
            32.1442624
          ],
          [
            118.9084724,
            32.1431458
          ],
          [
            118.9076727,
            32.1409385
          ],
          [
            118.9076365,
            32.1407925
          ],
          [
            118.9074666,
            32.1399158
          ],
          [
            118.907432,
            32.1396831
          ],
          [
            118.907403,
            32.139324
          ],
          [
            118.9074084,
            32.138972
          ],
          [
            118.9074392,
            32.1384149
          ],
          [
            118.9074481,
            32.1383614
          ],
          [
            118.9074822,
            32.1380464
          ],
          [
            118.9075693,
            32.1375888
          ],
          [
            118.9076789,
            32.1371384
          ],
          [
            118.9078083,
            32.1367148
          ]
        ]
      },
      "properties": {
        "kind": "road",
        "highway": "secondary",
        "name": "炼西路",
        "source": "OpenStreetMap",
        "osm_id": "582733558"
      }
    },
    {
      "type": "Feature",
      "geometry": {
        "type": "LineString",
        "coordinates": [
          [
            118.9210342,
            32.1365034
          ],
          [
            118.9228854,
            32.1378637
          ],
          [
            118.9244138,
            32.138956
          ],
          [
            118.9253001,
            32.1395427
          ],
          [
            118.925926,
            32.1399766
          ]
        ]
      },
      "properties": {
        "kind": "road",
        "highway": "residential",
        "name": null,
        "source": "OpenStreetMap",
        "osm_id": "582733587"
      }
    },
    {
      "type": "Feature",
      "geometry": {
        "type": "LineString",
        "coordinates": [
          [
            118.8999246,
            32.1446441
          ],
          [
            118.903106,
            32.1447368
          ],
          [
            118.9059624,
            32.1448201
          ],
          [
            118.9077298,
            32.144863
          ],
          [
            118.9084127,
            32.1448675
          ],
          [
            118.9085995,
            32.1448563
          ],
          [
            118.9088661,
            32.1448271
          ],
          [
            118.9090716,
            32.1447911
          ],
          [
            118.9092573,
            32.1447565
          ]
        ]
      },
      "properties": {
        "kind": "road",
        "highway": "tertiary",
        "name": "恒广路",
        "source": "OpenStreetMap",
        "osm_id": "582737931"
      }
    },
    {
      "type": "Feature",
      "geometry": {
        "type": "LineString",
        "coordinates": [
          [
            118.8997179,
            32.1495262
          ],
          [
            118.8997674,
            32.1486582
          ],
          [
            118.8997836,
            32.1483617
          ],
          [
            118.8997987,
            32.1479464
          ],
          [
            118.8998479,
            32.1462645
          ],
          [
            118.8998995,
            32.1450594
          ],
          [
            118.8999116,
            32.1447771
          ],
          [
            118.8999246,
            32.1446441
          ]
        ]
      },
      "properties": {
        "kind": "road",
        "highway": "tertiary",
        "name": "仙新东路",
        "source": "OpenStreetMap",
        "osm_id": "582737944"
      }
    },
    {
      "type": "Feature",
      "geometry": {
        "type": "LineString",
        "coordinates": [
          [
            118.8872076,
            32.1371019
          ],
          [
            118.8869958,
            32.1372204
          ],
          [
            118.886875,
            32.1372704
          ],
          [
            118.8866686,
            32.1373204
          ],
          [
            118.8863333,
            32.1372908
          ],
          [
            118.8859497,
            32.1371296
          ],
          [
            118.8857566,
            32.1369933
          ],
          [
            118.8854723,
            32.1369206
          ],
          [
            118.8849913,
            32.1368612
          ],
          [
            118.883098,
            32.1366274
          ],
          [
            118.8804731,
            32.136307
          ],
          [
            118.8776916,
            32.135944
          ],
          [
            118.8744838,
            32.1355638
          ],
          [
            118.872159,
            32.1352768
          ]
        ]
      },
      "properties": {
        "kind": "road",
        "highway": "residential",
        "name": "恒久路",
        "source": "OpenStreetMap",
        "osm_id": "656970021"
      }
    },
    {
      "type": "Feature",
      "geometry": {
        "type": "LineString",
        "coordinates": [
          [
            118.8820322,
            32.124341
          ],
          [
            118.8843743,
            32.125616
          ],
          [
            118.8856731,
            32.1262665
          ],
          [
            118.8858022,
            32.1263285
          ],
          [
            118.8878872,
            32.1275375
          ],
          [
            118.8888841,
            32.1281251
          ],
          [
            118.8889871,
            32.1281826
          ],
          [
            118.8904204,
            32.1289813
          ],
          [
            118.8930221,
            32.1304157
          ]
        ]
      },
      "properties": {
        "kind": "road",
        "highway": "secondary",
        "name": "尧佳路",
        "source": "OpenStreetMap",
        "osm_id": "773802167"
      }
    },
    {
      "type": "Feature",
      "geometry": {
        "type": "LineString",
        "coordinates": [
          [
            118.9099534,
            32.144579
          ],
          [
            118.91164,
            32.1438318
          ],
          [
            118.9121145,
            32.1436235
          ],
          [
            118.914202,
            32.1427076
          ],
          [
            118.9143181,
            32.1426566
          ]
        ]
      },
      "properties": {
        "kind": "road",
        "highway": "residential",
        "name": "甘家巷",
        "source": "OpenStreetMap",
        "osm_id": "851048646"
      }
    },
    {
      "type": "Feature",
      "geometry": {
        "type": "LineString",
        "coordinates": [
          [
            118.9100432,
            32.1517865
          ],
          [
            118.9101329,
            32.1507838
          ],
          [
            118.9102462,
            32.1497373
          ],
          [
            118.9102664,
            32.1493617
          ],
          [
            118.910268,
            32.1490059
          ],
          [
            118.9102435,
            32.1485804
          ],
          [
            118.9102408,
            32.1485335
          ],
          [
            118.9101903,
            32.1480631
          ],
          [
            118.910128,
            32.1477323
          ],
          [
            118.9100049,
            32.1473028
          ],
          [
            118.9097868,
            32.1466554
          ],
          [
            118.9095902,
            32.1461247
          ],
          [
            118.9093127,
            32.1454112
          ],
          [
            118.9091151,
            32.1449099
          ]
        ]
      },
      "properties": {
        "kind": "road",
        "highway": "secondary",
        "name": "炼西路",
        "source": "OpenStreetMap",
        "osm_id": "851048647"
      }
    },
    {
      "type": "Feature",
      "geometry": {
        "type": "LineString",
        "coordinates": [
          [
            118.9143181,
            32.1426566
          ],
          [
            118.9148326,
            32.1429267
          ],
          [
            118.9151957,
            32.1431065
          ],
          [
            118.9155588,
            32.1432342
          ],
          [
            118.9172038,
            32.1436616
          ],
          [
            118.9180753,
            32.1438119
          ],
          [
            118.9184481,
            32.1439031
          ],
          [
            118.9187779,
            32.1440152
          ],
          [
            118.919425,
            32.1442732
          ],
          [
            118.920235,
            32.1446441
          ],
          [
            118.9205117,
            32.1447869
          ],
          [
            118.9207146,
            32.144935
          ],
          [
            118.9212975,
            32.1455212
          ],
          [
            118.9217376,
            32.1459347
          ],
          [
            118.9219296,
            32.1460911
          ]
        ]
      },
      "properties": {
        "kind": "road",
        "highway": "residential",
        "name": null,
        "source": "OpenStreetMap",
        "osm_id": "851048652"
      }
    },
    {
      "type": "Feature",
      "geometry": {
        "type": "LineString",
        "coordinates": [
          [
            118.9201772,
            32.1397091
          ],
          [
            118.9198427,
            32.1394568
          ],
          [
            118.9194791,
            32.1391432
          ],
          [
            118.9193111,
            32.13894
          ],
          [
            118.9191837,
            32.1386738
          ],
          [
            118.9191735,
            32.1383516
          ],
          [
            118.9192337,
            32.1381058
          ],
          [
            118.9195354,
            32.1373973
          ]
        ]
      },
      "properties": {
        "kind": "road",
        "highway": "tertiary",
        "name": null,
        "source": "OpenStreetMap",
        "osm_id": "876594624"
      }
    },
    {
      "type": "Feature",
      "geometry": {
        "type": "LineString",
        "coordinates": [
          [
            118.9234867,
            32.130544
          ],
          [
            118.9231339,
            32.1307898
          ],
          [
            118.9228444,
            32.1310746
          ],
          [
            118.9225315,
            32.1314582
          ],
          [
            118.9223409,
            32.1318528
          ],
          [
            118.9222419,
            32.1322056
          ],
          [
            118.9221579,
            32.1326446
          ],
          [
            118.9219349,
            32.1333502
          ],
          [
            118.9217495,
            32.1339287
          ],
          [
            118.9215807,
            32.1343722
          ],
          [
            118.9213662,
            32.1348923
          ],
          [
            118.9212321,
            32.1351921
          ],
          [
            118.921047,
            32.1355192
          ],
          [
            118.9208297,
            32.1358621
          ],
          [
            118.9206768,
            32.1360961
          ],
          [
            118.920481,
            32.1363118
          ],
          [
            118.9196764,
            32.1371976
          ],
          [
            118.9195354,
            32.1373973
          ]
        ]
      },
      "properties": {
        "kind": "road",
        "highway": "tertiary",
        "name": "仙境路",
        "source": "OpenStreetMap",
        "osm_id": "876594640"
      }
    },
    {
      "type": "Feature",
      "geometry": {
        "type": "LineString",
        "coordinates": [
          [
            118.9195354,
            32.1373973
          ],
          [
            118.9196254,
            32.1371613
          ],
          [
            118.9196791,
            32.1370318
          ],
          [
            118.9197756,
            32.1368706
          ],
          [
            118.9203818,
            32.1362096
          ],
          [
            118.9205425,
            32.136018
          ],
          [
            118.9207949,
            32.1356713
          ],
          [
            118.9209504,
            32.1354124
          ],
          [
            118.9211596,
            32.1349945
          ],
          [
            118.9213849,
            32.1344812
          ],
          [
            118.9215003,
            32.13412
          ],
          [
            118.9215391,
            32.1338645
          ],
          [
            118.9216508,
            32.1333914
          ],
          [
            118.9218216,
            32.1328502
          ],
          [
            118.9219212,
            32.1326162
          ],
          [
            118.9220505,
            32.1323124
          ],
          [
            118.9221999,
            32.1318299
          ],
          [
            118.9223493,
            32.1314779
          ],
          [
            118.9225969,
            32.1311062
          ],
          [
            118.9228817,
            32.1307859
          ],
          [
            118.9233146,
            32.1304581
          ]
        ]
      },
      "properties": {
        "kind": "road",
        "highway": "tertiary",
        "name": "仙境路",
        "source": "OpenStreetMap",
        "osm_id": "876594641"
      }
    },
    {
      "type": "Feature",
      "geometry": {
        "type": "LineString",
        "coordinates": [
          [
            118.9232258,
            32.1451447
          ],
          [
            118.919764,
            32.1434402
          ],
          [
            118.9183184,
            32.1427047
          ]
        ]
      },
      "properties": {
        "kind": "road",
        "highway": "primary",
        "name": "栖霞大道",
        "source": "OpenStreetMap",
        "osm_id": "876594647"
      }
    },
    {
      "type": "Feature",
      "geometry": {
        "type": "LineString",
        "coordinates": [
          [
            118.9183646,
            32.1426429
          ],
          [
            118.9198039,
            32.1433707
          ],
          [
            118.923297,
            32.1450549
          ]
        ]
      },
      "properties": {
        "kind": "road",
        "highway": "primary",
        "name": "栖霞大道",
        "source": "OpenStreetMap",
        "osm_id": "876594648"
      }
    },
    {
      "type": "Feature",
      "geometry": {
        "type": "LineString",
        "coordinates": [
          [
            118.9004841,
            32.1245291
          ],
          [
            118.900248,
            32.1243332
          ]
        ]
      },
      "properties": {
        "kind": "road",
        "highway": "residential",
        "name": null,
        "source": "OpenStreetMap",
        "osm_id": "876594656"
      }
    },
    {
      "type": "Feature",
      "geometry": {
        "type": "LineString",
        "coordinates": [
          [
            118.8856731,
            32.1262665
          ],
          [
            118.8865506,
            32.1252762
          ],
          [
            118.8871002,
            32.124656
          ],
          [
            118.8880015,
            32.1236354
          ]
        ]
      },
      "properties": {
        "kind": "road",
        "highway": "secondary",
        "name": "金尧路",
        "source": "OpenStreetMap",
        "osm_id": "884065401"
      }
    },
    {
      "type": "Feature",
      "geometry": {
        "type": "LineString",
        "coordinates": [
          [
            118.8808709,
            32.1258738
          ],
          [
            118.8824811,
            32.1266648
          ],
          [
            118.8825388,
            32.1267053
          ]
        ]
      },
      "properties": {
        "kind": "road",
        "highway": "tertiary",
        "name": "尧顺路",
        "source": "OpenStreetMap",
        "osm_id": "884065403"
      }
    },
    {
      "type": "Feature",
      "geometry": {
        "type": "LineString",
        "coordinates": [
          [
            118.8837383,
            32.1339451
          ],
          [
            118.8836458,
            32.1339497
          ],
          [
            118.8819686,
            32.1340866
          ],
          [
            118.8818593,
            32.1341
          ]
        ]
      },
      "properties": {
        "kind": "road",
        "highway": "tertiary",
        "name": "前塘路",
        "source": "OpenStreetMap",
        "osm_id": "884065404"
      }
    },
    {
      "type": "Feature",
      "geometry": {
        "type": "LineString",
        "coordinates": [
          [
            118.9099534,
            32.144579
          ],
          [
            118.9099039,
            32.1446475
          ],
          [
            118.9098339,
            32.1447127
          ],
          [
            118.9096957,
            32.1447868
          ],
          [
            118.9095209,
            32.1448315
          ],
          [
            118.9093007,
            32.1448712
          ]
        ]
      },
      "properties": {
        "kind": "road",
        "highway": "tertiary",
        "name": "甘家巷",
        "source": "OpenStreetMap",
        "osm_id": "888608299"
      }
    },
    {
      "type": "Feature",
      "geometry": {
        "type": "LineString",
        "coordinates": [
          [
            118.9091151,
            32.1449099
          ],
          [
            118.9088724,
            32.1449485
          ],
          [
            118.9086244,
            32.1449795
          ],
          [
            118.908411,
            32.1449881
          ],
          [
            118.9081325,
            32.1449916
          ],
          [
            118.9075064,
            32.144983
          ],
          [
            118.8999116,
            32.1447771
          ]
        ]
      },
      "properties": {
        "kind": "road",
        "highway": "tertiary",
        "name": "恒广路",
        "source": "OpenStreetMap",
        "osm_id": "888608303"
      }
    },
    {
      "type": "Feature",
      "geometry": {
        "type": "LineString",
        "coordinates": [
          [
            118.9157056,
            32.141125
          ],
          [
            118.9172289,
            32.1420211
          ],
          [
            118.9183646,
            32.1426429
          ]
        ]
      },
      "properties": {
        "kind": "road",
        "highway": "primary",
        "name": "栖霞大道",
        "source": "OpenStreetMap",
        "osm_id": "888789265"
      }
    },
    {
      "type": "Feature",
      "geometry": {
        "type": "LineString",
        "coordinates": [
          [
            118.9155046,
            32.1410068
          ],
          [
            118.9157056,
            32.141125
          ]
        ]
      },
      "properties": {
        "kind": "road",
        "highway": "primary",
        "name": "栖霞大道",
        "source": "OpenStreetMap",
        "osm_id": "888789266"
      }
    },
    {
      "type": "Feature",
      "geometry": {
        "type": "LineString",
        "coordinates": [
          [
            118.9183184,
            32.1427047
          ],
          [
            118.9171645,
            32.1421151
          ],
          [
            118.9155742,
            32.1411862
          ]
        ]
      },
      "properties": {
        "kind": "road",
        "highway": "primary",
        "name": "栖霞大道",
        "source": "OpenStreetMap",
        "osm_id": "888789267"
      }
    },
    {
      "type": "Feature",
      "geometry": {
        "type": "LineString",
        "coordinates": [
          [
            118.9155742,
            32.1411862
          ],
          [
            118.9153597,
            32.1410609
          ]
        ]
      },
      "properties": {
        "kind": "road",
        "highway": "primary",
        "name": "栖霞大道",
        "source": "OpenStreetMap",
        "osm_id": "888789268"
      }
    },
    {
      "type": "Feature",
      "geometry": {
        "type": "LineString",
        "coordinates": [
          [
            118.8825388,
            32.1267053
          ],
          [
            118.884091,
            32.1280476
          ]
        ]
      },
      "properties": {
        "kind": "road",
        "highway": "tertiary",
        "name": "尧顺路",
        "source": "OpenStreetMap",
        "osm_id": "908089948"
      }
    },
    {
      "type": "Feature",
      "geometry": {
        "type": "LineString",
        "coordinates": [
          [
            118.8814185,
            32.1349945
          ],
          [
            118.8804406,
            32.1348798
          ]
        ]
      },
      "properties": {
        "kind": "road",
        "highway": "residential",
        "name": null,
        "source": "OpenStreetMap",
        "osm_id": "908089949"
      }
    },
    {
      "type": "Feature",
      "geometry": {
        "type": "LineString",
        "coordinates": [
          [
            118.8999246,
            32.1446441
          ],
          [
            118.8953125,
            32.1447646
          ],
          [
            118.8934276,
            32.1447493
          ],
          [
            118.8924803,
            32.1447827
          ]
        ]
      },
      "properties": {
        "kind": "road",
        "highway": "residential",
        "name": "恒广路",
        "source": "OpenStreetMap",
        "osm_id": "934340207"
      }
    },
    {
      "type": "Feature",
      "geometry": {
        "type": "LineString",
        "coordinates": [
          [
            118.8952337,
            32.1362909
          ],
          [
            118.8960732,
            32.1362213
          ],
          [
            118.8992501,
            32.1363675
          ],
          [
            118.8996772,
            32.1363995
          ],
          [
            118.9001917,
            32.1364587
          ],
          [
            118.9014489,
            32.1364257
          ],
          [
            118.9024906,
            32.1364022
          ],
          [
            118.9030418,
            32.1363812
          ],
          [
            118.9041906,
            32.1363373
          ],
          [
            118.9061833,
            32.1362524
          ],
          [
            118.9065915,
            32.1362701
          ],
          [
            118.9071008,
            32.1363292
          ],
          [
            118.9074788,
            32.1364167
          ],
          [
            118.9078677,
            32.1365568
          ]
        ]
      },
      "properties": {
        "kind": "road",
        "highway": "tertiary",
        "name": null,
        "source": "OpenStreetMap",
        "osm_id": "934630164"
      }
    },
    {
      "type": "Feature",
      "geometry": {
        "type": "LineString",
        "coordinates": [
          [
            118.8952331,
            32.1364036
          ],
          [
            118.8945928,
            32.1365293
          ],
          [
            118.8940704,
            32.1365481
          ],
          [
            118.8934097,
            32.1366737
          ],
          [
            118.8917477,
            32.1367828
          ],
          [
            118.8911985,
            32.136824
          ],
          [
            118.8906764,
            32.1368632
          ],
          [
            118.8899763,
            32.1369008
          ],
          [
            118.8890903,
            32.1369666
          ],
          [
            118.888549,
            32.1369665
          ]
        ]
      },
      "properties": {
        "kind": "road",
        "highway": "secondary",
        "name": "栖霞大道辅路",
        "source": "OpenStreetMap",
        "osm_id": "934630165"
      }
    },
    {
      "type": "Feature",
      "geometry": {
        "type": "LineString",
        "coordinates": [
          [
            118.9078083,
            32.1367148
          ],
          [
            118.9070116,
            32.1366006
          ],
          [
            118.9063991,
            32.1365676
          ],
          [
            118.905596,
            32.136568
          ],
          [
            118.9025313,
            32.136691
          ],
          [
            118.901411,
            32.1367142
          ],
          [
            118.9009278,
            32.1366857
          ],
          [
            118.900188,
            32.1365919
          ]
        ]
      },
      "properties": {
        "kind": "road",
        "highway": "tertiary",
        "name": null,
        "source": "OpenStreetMap",
        "osm_id": "944164625"
      }
    },
    {
      "type": "Feature",
      "geometry": {
        "type": "LineString",
        "coordinates": [
          [
            118.9080302,
            32.1366137
          ],
          [
            118.9086123,
            32.1368332
          ],
          [
            118.9088732,
            32.1369619
          ],
          [
            118.9090971,
            32.1370996
          ]
        ]
      },
      "properties": {
        "kind": "road",
        "highway": "primary",
        "name": "栖霞大道",
        "source": "OpenStreetMap",
        "osm_id": "944164626"
      }
    },
    {
      "type": "Feature",
      "geometry": {
        "type": "LineString",
        "coordinates": [
          [
            118.9094704,
            32.1374931
          ],
          [
            118.9090907,
            32.13725
          ],
          [
            118.9088164,
            32.1371063
          ],
          [
            118.9085052,
            32.1369761
          ],
          [
            118.908164,
            32.1368345
          ],
          [
            118.9079665,
            32.1367586
          ],
          [
            118.9078083,
            32.1367148
          ]
        ]
      },
      "properties": {
        "kind": "road",
        "highway": "primary",
        "name": "栖霞大道",
        "source": "OpenStreetMap",
        "osm_id": "944164627"
      }
    },
    {
      "type": "Feature",
      "geometry": {
        "type": "LineString",
        "coordinates": [
          [
            118.8869871,
            32.1365725
          ],
          [
            118.8874511,
            32.1366253
          ],
          [
            118.8878358,
            32.1366415
          ],
          [
            118.8882689,
            32.1366462
          ],
          [
            118.8887767,
            32.1366421
          ],
          [
            118.8890888,
            32.1366305
          ]
        ]
      },
      "properties": {
        "kind": "road",
        "highway": "primary",
        "name": "栖霞大道",
        "source": "OpenStreetMap",
        "osm_id": "944164628"
      }
    },
    {
      "type": "Feature",
      "geometry": {
        "type": "LineString",
        "coordinates": [
          [
            118.8891061,
            32.136785
          ],
          [
            118.888776,
            32.1367992
          ],
          [
            118.8882913,
            32.1368156
          ],
          [
            118.8880862,
            32.1368037
          ],
          [
            118.8877902,
            32.1367952
          ],
          [
            118.8874222,
            32.1367646
          ],
          [
            118.8869933,
            32.136734
          ]
        ]
      },
      "properties": {
        "kind": "road",
        "highway": "primary",
        "name": "栖霞大道",
        "source": "OpenStreetMap",
        "osm_id": "944164630"
      }
    },
    {
      "type": "Feature",
      "geometry": {
        "type": "LineString",
        "coordinates": [
          [
            118.884091,
            32.1280476
          ],
          [
            118.8842469,
            32.1278958
          ],
          [
            118.8855548,
            32.1263968
          ],
          [
            118.8856731,
            32.1262665
          ]
        ]
      },
      "properties": {
        "kind": "road",
        "highway": "secondary",
        "name": "金尧路",
        "source": "OpenStreetMap",
        "osm_id": "944164637"
      }
    },
    {
      "type": "Feature",
      "geometry": {
        "type": "LineString",
        "coordinates": [
          [
            118.884091,
            32.1280476
          ],
          [
            118.884189,
            32.1281307
          ]
        ]
      },
      "properties": {
        "kind": "road",
        "highway": "tertiary",
        "name": "尧顺路",
        "source": "OpenStreetMap",
        "osm_id": "944164638"
      }
    },
    {
      "type": "Feature",
      "geometry": {
        "type": "LineString",
        "coordinates": [
          [
            118.8858022,
            32.1263285
          ],
          [
            118.8856727,
            32.1264603
          ],
          [
            118.884189,
            32.1281307
          ]
        ]
      },
      "properties": {
        "kind": "road",
        "highway": "secondary",
        "name": "金尧路",
        "source": "OpenStreetMap",
        "osm_id": "944164639"
      }
    },
    {
      "type": "Feature",
      "geometry": {
        "type": "LineString",
        "coordinates": [
          [
            118.8794502,
            32.1287665
          ],
          [
            118.8794846,
            32.1286545
          ],
          [
            118.8795294,
            32.1285011
          ],
          [
            118.8795437,
            32.1284521
          ],
          [
            118.879708,
            32.1277599
          ],
          [
            118.879764,
            32.127625
          ],
          [
            118.8798472,
            32.1273392
          ],
          [
            118.8799073,
            32.1271665
          ],
          [
            118.8799103,
            32.1271579
          ],
          [
            118.8800136,
            32.1269348
          ],
          [
            118.8801845,
            32.1266178
          ],
          [
            118.8802669,
            32.1264756
          ],
          [
            118.880334,
            32.1263608
          ],
          [
            118.8805389,
            32.1260672
          ],
          [
            118.8806069,
            32.1259765
          ],
          [
            118.881095,
            32.1253497
          ],
          [
            118.8811989,
            32.1252096
          ],
          [
            118.8818476,
            32.1243657
          ]
        ]
      },
      "properties": {
        "kind": "road",
        "highway": "secondary",
        "name": "尧辰路",
        "source": "OpenStreetMap",
        "osm_id": "947821553"
      }
    },
    {
      "type": "Feature",
      "geometry": {
        "type": "LineString",
        "coordinates": [
          [
            118.8823836,
            32.1289742
          ],
          [
            118.8822993,
            32.1289812
          ],
          [
            118.8819371,
            32.1290214
          ],
          [
            118.881694,
            32.1290206
          ],
          [
            118.8814836,
            32.129008
          ],
          [
            118.881395,
            32.1290015
          ],
          [
            118.881149,
            32.1289824
          ],
          [
            118.8807775,
            32.1289434
          ],
          [
            118.8795862,
            32.1287861
          ],
          [
            118.8794502,
            32.1287665
          ]
        ]
      },
      "properties": {
        "kind": "road",
        "highway": "secondary",
        "name": "金尧路",
        "source": "OpenStreetMap",
        "osm_id": "947821554"
      }
    },
    {
      "type": "Feature",
      "geometry": {
        "type": "LineString",
        "coordinates": [
          [
            118.8796142,
            32.1286736
          ],
          [
            118.8813115,
            32.1288784
          ],
          [
            118.8816099,
            32.1289086
          ],
          [
            118.881857,
            32.1289072
          ],
          [
            118.8822737,
            32.1288743
          ],
          [
            118.8823539,
            32.1288698
          ]
        ]
      },
      "properties": {
        "kind": "road",
        "highway": "secondary",
        "name": "金尧路",
        "source": "OpenStreetMap",
        "osm_id": "947821555"
      }
    },
    {
      "type": "Feature",
      "geometry": {
        "type": "LineString",
        "coordinates": [
          [
            118.8820322,
            32.124341
          ],
          [
            118.8819626,
            32.1244333
          ],
          [
            118.881416,
            32.1251411
          ],
          [
            118.8808709,
            32.1258738
          ],
          [
            118.8807531,
            32.1260208
          ],
          [
            118.8806698,
            32.1261286
          ],
          [
            118.8804125,
            32.1264894
          ],
          [
            118.8802827,
            32.1267084
          ],
          [
            118.8801745,
            32.1269195
          ],
          [
            118.8800413,
            32.1272114
          ],
          [
            118.8799536,
            32.1274558
          ],
          [
            118.8797831,
            32.1280628
          ],
          [
            118.8796142,
            32.1286736
          ]
        ]
      },
      "properties": {
        "kind": "road",
        "highway": "secondary",
        "name": "尧辰路",
        "source": "OpenStreetMap",
        "osm_id": "947821556"
      }
    },
    {
      "type": "Feature",
      "geometry": {
        "type": "LineString",
        "coordinates": [
          [
            118.8798326,
            32.1230621
          ],
          [
            118.8810564,
            32.1237679
          ],
          [
            118.8819192,
            32.1242753
          ],
          [
            118.8820322,
            32.124341
          ]
        ]
      },
      "properties": {
        "kind": "road",
        "highway": "secondary",
        "name": "尧佳路",
        "source": "OpenStreetMap",
        "osm_id": "947821557"
      }
    },
    {
      "type": "Feature",
      "geometry": {
        "type": "LineString",
        "coordinates": [
          [
            118.8818476,
            32.1243657
          ],
          [
            118.8802581,
            32.1234305
          ],
          [
            118.8797774,
            32.123137
          ]
        ]
      },
      "properties": {
        "kind": "road",
        "highway": "secondary",
        "name": "尧佳路",
        "source": "OpenStreetMap",
        "osm_id": "947821558"
      }
    },
    {
      "type": "Feature",
      "geometry": {
        "type": "LineString",
        "coordinates": [
          [
            118.8818476,
            32.1243657
          ],
          [
            118.8819192,
            32.1242753
          ]
        ]
      },
      "properties": {
        "kind": "road",
        "highway": "secondary",
        "name": "尧辰路",
        "source": "OpenStreetMap",
        "osm_id": "947821559"
      }
    },
    {
      "type": "Feature",
      "geometry": {
        "type": "LineString",
        "coordinates": [
          [
            118.9156723,
            32.1257163
          ],
          [
            118.9160832,
            32.125908
          ],
          [
            118.9161643,
            32.1259458
          ],
          [
            118.9163255,
            32.126021
          ],
          [
            118.9171447,
            32.1264032
          ],
          [
            118.9175467,
            32.1265907
          ],
          [
            118.9180618,
            32.126831
          ],
          [
            118.918208,
            32.1269037
          ],
          [
            118.9185211,
            32.1272754
          ],
          [
            118.9186844,
            32.1271991
          ]
        ]
      },
      "properties": {
        "kind": "road",
        "highway": "tertiary",
        "name": "文成路",
        "source": "OpenStreetMap",
        "osm_id": "949265186"
      }
    },
    {
      "type": "Feature",
      "geometry": {
        "type": "LineString",
        "coordinates": [
          [
            118.9249618,
            32.1290892
          ],
          [
            118.924812,
            32.1290376
          ],
          [
            118.9245683,
            32.1289723
          ],
          [
            118.924326,
            32.1289289
          ],
          [
            118.9240715,
            32.1289141
          ],
          [
            118.9238039,
            32.1289207
          ],
          [
            118.9233682,
            32.1289307
          ],
          [
            118.9229687,
            32.1289221
          ],
          [
            118.9227294,
            32.1289065
          ],
          [
            118.9225202,
            32.1288853
          ],
          [
            118.9222584,
            32.1288451
          ],
          [
            118.9220184,
            32.1287792
          ],
          [
            118.9217151,
            32.1286835
          ],
          [
            118.9210482,
            32.1283964
          ],
          [
            118.9187409,
            32.127338
          ],
          [
            118.9185211,
            32.1272754
          ]
        ]
      },
      "properties": {
        "kind": "road",
        "highway": "tertiary",
        "name": "文成路",
        "source": "OpenStreetMap",
        "osm_id": "949265187"
      }
    },
    {
      "type": "Feature",
      "geometry": {
        "type": "LineString",
        "coordinates": [
          [
            118.9236187,
            32.1302224
          ],
          [
            118.9239457,
            32.1299969
          ],
          [
            118.9244617,
            32.1295995
          ],
          [
            118.9247186,
            32.129378
          ],
          [
            118.9249007,
            32.1291783
          ],
          [
            118.9249618,
            32.1290892
          ]
        ]
      },
      "properties": {
        "kind": "road",
        "highway": "secondary",
        "name": "仙境路",
        "source": "OpenStreetMap",
        "osm_id": "949265191"
      }
    },
    {
      "type": "Feature",
      "geometry": {
        "type": "LineString",
        "coordinates": [
          [
            118.9251483,
            32.1291708
          ],
          [
            118.9249618,
            32.1290892
          ]
        ]
      },
      "properties": {
        "kind": "road",
        "highway": "tertiary",
        "name": "文成路",
        "source": "OpenStreetMap",
        "osm_id": "949265192"
      }
    },
    {
      "type": "Feature",
      "geometry": {
        "type": "LineString",
        "coordinates": [
          [
            118.9252021,
            32.1290767
          ],
          [
            118.9251483,
            32.1291708
          ],
          [
            118.9247996,
            32.1295617
          ],
          [
            118.9242954,
            32.1299685
          ],
          [
            118.9238462,
            32.1303187
          ],
          [
            118.9234867,
            32.130544
          ]
        ]
      },
      "properties": {
        "kind": "road",
        "highway": "secondary",
        "name": "仙境路",
        "source": "OpenStreetMap",
        "osm_id": "949265193"
      }
    },
    {
      "type": "Feature",
      "geometry": {
        "type": "LineString",
        "coordinates": [
          [
            118.9249618,
            32.1290892
          ],
          [
            118.9250252,
            32.1289905
          ],
          [
            118.9255125,
            32.1282014
          ],
          [
            118.9266401,
            32.1263641
          ]
        ]
      },
      "properties": {
        "kind": "road",
        "highway": "secondary",
        "name": "仙境路",
        "source": "OpenStreetMap",
        "osm_id": "949265195"
      }
    },
    {
      "type": "Feature",
      "geometry": {
        "type": "LineString",
        "coordinates": [
          [
            118.9222218,
            32.1216732
          ],
          [
            118.9218185,
            32.1222795
          ],
          [
            118.9213576,
            32.1230121
          ],
          [
            118.9212647,
            32.1231837
          ],
          [
            118.9209237,
            32.1237269
          ]
        ]
      },
      "properties": {
        "kind": "road",
        "highway": "tertiary",
        "name": null,
        "source": "OpenStreetMap",
        "osm_id": "949265197"
      }
    },
    {
      "type": "Feature",
      "geometry": {
        "type": "LineString",
        "coordinates": [
          [
            118.9156723,
            32.1257163
          ],
          [
            118.9152698,
            32.1263537
          ]
        ]
      },
      "properties": {
        "kind": "road",
        "highway": "secondary",
        "name": "学海路",
        "source": "OpenStreetMap",
        "osm_id": "949265198"
      }
    },
    {
      "type": "Feature",
      "geometry": {
        "type": "LineString",
        "coordinates": [
          [
            118.9187508,
            32.1198998
          ],
          [
            118.9188534,
            32.1197511
          ]
        ]
      },
      "properties": {
        "kind": "road",
        "highway": "secondary",
        "name": null,
        "source": "OpenStreetMap",
        "osm_id": "949265199"
      }
    },
    {
      "type": "Feature",
      "geometry": {
        "type": "LineString",
        "coordinates": [
          [
            118.9190518,
            32.1200732
          ],
          [
            118.9187508,
            32.1198998
          ]
        ]
      },
      "properties": {
        "kind": "road",
        "highway": "secondary",
        "name": "文澜路",
        "source": "OpenStreetMap",
        "osm_id": "949265200"
      }
    },
    {
      "type": "Feature",
      "geometry": {
        "type": "LineString",
        "coordinates": [
          [
            118.8890888,
            32.1366305
          ],
          [
            118.8910719,
            32.1365364
          ],
          [
            118.8935763,
            32.1363078
          ],
          [
            118.8942444,
            32.1362877
          ],
          [
            118.8946303,
            32.1362887
          ],
          [
            118.8949524,
            32.1362895
          ],
          [
            118.8952337,
            32.1362909
          ]
        ]
      },
      "properties": {
        "kind": "road",
        "highway": "primary",
        "name": "栖霞大道",
        "source": "OpenStreetMap",
        "osm_id": "949265225"
      }
    },
    {
      "type": "Feature",
      "geometry": {
        "type": "LineString",
        "coordinates": [
          [
            118.8952331,
            32.1364036
          ],
          [
            118.8949485,
            32.1363921
          ],
          [
            118.8946143,
            32.1363941
          ],
          [
            118.8942395,
            32.1363929
          ],
          [
            118.8935924,
            32.1364168
          ],
          [
            118.8910859,
            32.136653
          ],
          [
            118.8891061,
            32.136785
          ]
        ]
      },
      "properties": {
        "kind": "road",
        "highway": "primary",
        "name": "栖霞大道",
        "source": "OpenStreetMap",
        "osm_id": "949265226"
      }
    },
    {
      "type": "Feature",
      "geometry": {
        "type": "LineString",
        "coordinates": [
          [
            118.8891023,
            32.1364032
          ],
          [
            118.8894955,
            32.1363842
          ],
          [
            118.889774,
            32.1363878
          ],
          [
            118.8901735,
            32.1363796
          ],
          [
            118.8905025,
            32.1363646
          ],
          [
            118.8909263,
            32.1363442
          ],
          [
            118.8927152,
            32.1362056
          ],
          [
            118.8937463,
            32.1362295
          ],
          [
            118.8944621,
            32.1362231
          ],
          [
            118.8952337,
            32.1362909
          ]
        ]
      },
      "properties": {
        "kind": "road",
        "highway": "secondary",
        "name": "栖霞大道辅路",
        "source": "OpenStreetMap",
        "osm_id": "949265227"
      }
    },
    {
      "type": "Feature",
      "geometry": {
        "type": "LineString",
        "coordinates": [
          [
            118.8989242,
            32.1217823
          ],
          [
            118.8996067,
            32.1207645
          ],
          [
            118.8996988,
            32.1206225
          ],
          [
            118.8999644,
            32.1202045
          ],
          [
            118.9003627,
            32.1195777
          ],
          [
            118.9009486,
            32.1186539
          ]
        ]
      },
      "properties": {
        "kind": "road",
        "highway": "primary",
        "name": "仙新路",
        "source": "OpenStreetMap",
        "osm_id": "964329527"
      }
    },
    {
      "type": "Feature",
      "geometry": {
        "type": "LineString",
        "coordinates": [
          [
            118.9022572,
            32.1170146
          ],
          [
            118.9019312,
            32.1174743
          ],
          [
            118.9016755,
            32.1178171
          ],
          [
            118.9015138,
            32.1180629
          ],
          [
            118.9013872,
            32.118279
          ],
          [
            118.9001573,
            32.1202717
          ],
          [
            118.8991256,
            32.1218031
          ]
        ]
      },
      "properties": {
        "kind": "road",
        "highway": "primary",
        "name": "仙新路",
        "source": "OpenStreetMap",
        "osm_id": "964329530"
      }
    },
    {
      "type": "Feature",
      "geometry": {
        "type": "LineString",
        "coordinates": [
          [
            118.8918527,
            32.1100878
          ],
          [
            118.8925206,
            32.1110078
          ]
        ]
      },
      "properties": {
        "kind": "road",
        "highway": "trunk",
        "name": "智谷大道",
        "source": "OpenStreetMap",
        "osm_id": "964329533"
      }
    },
    {
      "type": "Feature",
      "geometry": {
        "type": "LineString",
        "coordinates": [
          [
            118.8924097,
            32.111094
          ],
          [
            118.8917099,
            32.1101647
          ]
        ]
      },
      "properties": {
        "kind": "road",
        "highway": "trunk",
        "name": "智谷大道",
        "source": "OpenStreetMap",
        "osm_id": "964329534"
      }
    },
    {
      "type": "Feature",
      "geometry": {
        "type": "LineString",
        "coordinates": [
          [
            118.8925206,
            32.1110078
          ],
          [
            118.8935482,
            32.1121771
          ],
          [
            118.894294,
            32.1130479
          ],
          [
            118.8950359,
            32.11384
          ],
          [
            118.8956629,
            32.1144568
          ],
          [
            118.8964766,
            32.1152661
          ],
          [
            118.8972633,
            32.1160151
          ]
        ]
      },
      "properties": {
        "kind": "road",
        "highway": "trunk",
        "name": "智谷大道",
        "source": "OpenStreetMap",
        "osm_id": "964329535"
      }
    },
    {
      "type": "Feature",
      "geometry": {
        "type": "LineString",
        "coordinates": [
          [
            118.8971544,
            32.116107
          ],
          [
            118.8962979,
            32.1152974
          ],
          [
            118.8958234,
            32.1148268
          ],
          [
            118.8949517,
            32.1139623
          ],
          [
            118.8935743,
            32.1124847
          ],
          [
            118.8924097,
            32.111094
          ]
        ]
      },
      "properties": {
        "kind": "road",
        "highway": "trunk",
        "name": "智谷大道",
        "source": "OpenStreetMap",
        "osm_id": "964329536"
      }
    },
    {
      "type": "Feature",
      "geometry": {
        "type": "LineString",
        "coordinates": [
          [
            118.9039326,
            32.1211567
          ],
          [
            118.9017804,
            32.1197397
          ],
          [
            118.9008174,
            32.1190579
          ],
          [
            118.8994825,
            32.1180468
          ],
          [
            118.8984654,
            32.1172373
          ],
          [
            118.8971544,
            32.116107
          ]
        ]
      },
      "properties": {
        "kind": "road",
        "highway": "trunk",
        "name": "智谷大道",
        "source": "OpenStreetMap",
        "osm_id": "964329542"
      }
    },
    {
      "type": "Feature",
      "geometry": {
        "type": "LineString",
        "coordinates": [
          [
            118.8972633,
            32.1160151
          ],
          [
            118.8986654,
            32.1171526
          ],
          [
            118.8996073,
            32.1179364
          ],
          [
            118.9009042,
            32.1189039
          ],
          [
            118.9018783,
            32.1196234
          ],
          [
            118.904035,
            32.1210408
          ]
        ]
      },
      "properties": {
        "kind": "road",
        "highway": "trunk",
        "name": "智谷大道",
        "source": "OpenStreetMap",
        "osm_id": "964329543"
      }
    },
    {
      "type": "Feature",
      "geometry": {
        "type": "LineString",
        "coordinates": [
          [
            118.9147731,
            32.1266722
          ],
          [
            118.9149458,
            32.1263754
          ]
        ]
      },
      "properties": {
        "kind": "road",
        "highway": "secondary",
        "name": null,
        "source": "OpenStreetMap",
        "osm_id": "964329545"
      }
    },
    {
      "type": "Feature",
      "geometry": {
        "type": "LineString",
        "coordinates": [
          [
            118.9152698,
            32.1263537
          ],
          [
            118.9151871,
            32.1264945
          ],
          [
            118.9150159,
            32.1267781
          ]
        ]
      },
      "properties": {
        "kind": "road",
        "highway": "secondary",
        "name": "学海路",
        "source": "OpenStreetMap",
        "osm_id": "964329546"
      }
    },
    {
      "type": "Feature",
      "geometry": {
        "type": "LineString",
        "coordinates": [
          [
            118.9236187,
            32.1302224
          ],
          [
            118.9238462,
            32.1303187
          ],
          [
            118.9246129,
            32.1306846
          ],
          [
            118.9257245,
            32.1312066
          ],
          [
            118.9306994,
            32.1335527
          ],
          [
            118.9329585,
            32.1345801
          ],
          [
            118.9340199,
            32.1350681
          ],
          [
            118.9348539,
            32.1353833
          ],
          [
            118.9356878,
            32.1356844
          ],
          [
            118.9365464,
            32.1359657
          ],
          [
            118.9373,
            32.1361636
          ],
          [
            118.9379764,
            32.1363046
          ],
          [
            118.9389421,
            32.1364665
          ],
          [
            118.9395334,
            32.1365337
          ],
          [
            118.9396981,
            32.1365547
          ],
          [
            118.940219,
            32.1366235
          ],
          [
            118.9406854,
            32.1365948
          ],
          [
            118.9420639,
            32.1366864
          ]
        ]
      },
      "properties": {
        "kind": "road",
        "highway": "primary",
        "name": "智谷大道",
        "source": "OpenStreetMap",
        "osm_id": "964329549"
      }
    },
    {
      "type": "Feature",
      "geometry": {
        "type": "LineString",
        "coordinates": [
          [
            118.9222623,
            32.1299685
          ],
          [
            118.9214112,
            32.1295819
          ],
          [
            118.9179155,
            32.1280004
          ],
          [
            118.9150159,
            32.1267781
          ]
        ]
      },
      "properties": {
        "kind": "road",
        "highway": "primary",
        "name": "智谷大道",
        "source": "OpenStreetMap",
        "osm_id": "964329554"
      }
    },
    {
      "type": "Feature",
      "geometry": {
        "type": "LineString",
        "coordinates": [
          [
            118.9115244,
            32.140113
          ],
          [
            118.9123622,
            32.1409642
          ],
          [
            118.9133652,
            32.1419234
          ],
          [
            118.9136416,
            32.1421862
          ],
          [
            118.9139488,
            32.1424385
          ],
          [
            118.9143181,
            32.1426566
          ]
        ]
      },
      "properties": {
        "kind": "road",
        "highway": "residential",
        "name": null,
        "source": "OpenStreetMap",
        "osm_id": "965539186"
      }
    },
    {
      "type": "Feature",
      "geometry": {
        "type": "LineString",
        "coordinates": [
          [
            118.9092573,
            32.1447565
          ],
          [
            118.9096,
            32.1446864
          ],
          [
            118.9099534,
            32.144579
          ]
        ]
      },
      "properties": {
        "kind": "road",
        "highway": "tertiary",
        "name": "甘家巷",
        "source": "OpenStreetMap",
        "osm_id": "965539187"
      }
    },
    {
      "type": "Feature",
      "geometry": {
        "type": "LineString",
        "coordinates": [
          [
            118.9093007,
            32.1448712
          ],
          [
            118.9091151,
            32.1449099
          ]
        ]
      },
      "properties": {
        "kind": "road",
        "highway": "tertiary",
        "name": "恒广路",
        "source": "OpenStreetMap",
        "osm_id": "965539188"
      }
    },
    {
      "type": "Feature",
      "geometry": {
        "type": "LineString",
        "coordinates": [
          [
            118.9090817,
            32.1443105
          ],
          [
            118.9092573,
            32.1447565
          ],
          [
            118.9093007,
            32.1448712
          ],
          [
            118.909486,
            32.1453668
          ],
          [
            118.909643,
            32.1457757
          ],
          [
            118.910017,
            32.1468009
          ],
          [
            118.9101623,
            32.1472247
          ],
          [
            118.910289,
            32.1476406
          ],
          [
            118.9103622,
            32.148049
          ],
          [
            118.9104119,
            32.1484824
          ],
          [
            118.910436,
            32.1489935
          ],
          [
            118.9104288,
            32.1493121
          ],
          [
            118.9104146,
            32.1496346
          ],
          [
            118.9103792,
            32.1500563
          ],
          [
            118.9103028,
            32.1507655
          ],
          [
            118.9102095,
            32.1517822
          ]
        ]
      },
      "properties": {
        "kind": "road",
        "highway": "secondary",
        "name": "炼西路",
        "source": "OpenStreetMap",
        "osm_id": "965539189"
      }
    },
    {
      "type": "Feature",
      "geometry": {
        "type": "LineString",
        "coordinates": [
          [
            118.9078083,
            32.1367148
          ],
          [
            118.9078677,
            32.1365568
          ]
        ]
      },
      "properties": {
        "kind": "road",
        "highway": "secondary",
        "name": null,
        "source": "OpenStreetMap",
        "osm_id": "965539190"
      }
    },
    {
      "type": "Feature",
      "geometry": {
        "type": "LineString",
        "coordinates": [
          [
            118.9078805,
            32.1409694
          ],
          [
            118.9076727,
            32.1409385
          ]
        ]
      },
      "properties": {
        "kind": "road",
        "highway": "secondary",
        "name": null,
        "source": "OpenStreetMap",
        "osm_id": "965539191"
      }
    },
    {
      "type": "Feature",
      "geometry": {
        "type": "LineString",
        "coordinates": [
          [
            118.9078677,
            32.1365568
          ],
          [
            118.907933,
            32.1365797
          ],
          [
            118.9080302,
            32.1366137
          ]
        ]
      },
      "properties": {
        "kind": "road",
        "highway": "primary",
        "name": "栖霞大道",
        "source": "OpenStreetMap",
        "osm_id": "965539192"
      }
    },
    {
      "type": "Feature",
      "geometry": {
        "type": "LineString",
        "coordinates": [
          [
            118.9103144,
            32.1130915
          ],
          [
            118.9102841,
            32.112961
          ]
        ]
      },
      "properties": {
        "kind": "road",
        "highway": "primary",
        "name": "文澜路",
        "source": "OpenStreetMap",
        "osm_id": "965539198"
      }
    },
    {
      "type": "Feature",
      "geometry": {
        "type": "LineString",
        "coordinates": [
          [
            118.9102841,
            32.112961
          ],
          [
            118.9104366,
            32.1129336
          ]
        ]
      },
      "properties": {
        "kind": "road",
        "highway": "primary",
        "name": "学林路",
        "source": "OpenStreetMap",
        "osm_id": "965539199"
      }
    },
    {
      "type": "Feature",
      "geometry": {
        "type": "LineString",
        "coordinates": [
          [
            118.8989122,
            32.1221028
          ],
          [
            118.8988552,
            32.1221879
          ],
          [
            118.898779,
            32.1222773
          ],
          [
            118.8987133,
            32.1224618
          ],
          [
            118.8974375,
            32.1243277
          ]
        ]
      },
      "properties": {
        "kind": "road",
        "highway": "primary",
        "name": "仙新路",
        "source": "OpenStreetMap",
        "osm_id": "965539212"
      }
    },
    {
      "type": "Feature",
      "geometry": {
        "type": "LineString",
        "coordinates": [
          [
            118.8971986,
            32.1240675
          ],
          [
            118.89804,
            32.1228154
          ],
          [
            118.8985085,
            32.122268
          ],
          [
            118.8989242,
            32.1217823
          ]
        ]
      },
      "properties": {
        "kind": "road",
        "highway": "primary",
        "name": "仙新路",
        "source": "OpenStreetMap",
        "osm_id": "965539213"
      }
    },
    {
      "type": "Feature",
      "geometry": {
        "type": "LineString",
        "coordinates": [
          [
            118.8832157,
            32.1315505
          ],
          [
            118.8835543,
            32.1314697
          ],
          [
            118.8839305,
            32.1313885
          ],
          [
            118.8843839,
            32.13124
          ],
          [
            118.8847577,
            32.1310911
          ],
          [
            118.8854152,
            32.1307982
          ],
          [
            118.8859812,
            32.1305048
          ],
          [
            118.8862391,
            32.1303648
          ],
          [
            118.8867038,
            32.1300735
          ],
          [
            118.8871852,
            32.1297251
          ],
          [
            118.8876387,
            32.1293638
          ],
          [
            118.8877639,
            32.1292545
          ],
          [
            118.8879226,
            32.1291158
          ],
          [
            118.8887983,
            32.1282191
          ],
          [
            118.8888841,
            32.1281251
          ]
        ]
      },
      "properties": {
        "kind": "road",
        "highway": "tertiary",
        "name": "新城路",
        "source": "OpenStreetMap",
        "osm_id": "965539235"
      }
    },
    {
      "type": "Feature",
      "geometry": {
        "type": "LineString",
        "coordinates": [
          [
            118.8889871,
            32.1281826
          ],
          [
            118.8888995,
            32.1282749
          ],
          [
            118.8882778,
            32.1289332
          ],
          [
            118.8879781,
            32.1292165
          ],
          [
            118.8876331,
            32.1295073
          ],
          [
            118.8875536,
            32.1295706
          ],
          [
            118.8875038,
            32.1296064
          ],
          [
            118.8872037,
            32.1298211
          ],
          [
            118.8864752,
            32.1303253
          ],
          [
            118.8862966,
            32.1304253
          ],
          [
            118.8856183,
            32.1307959
          ],
          [
            118.8851018,
            32.1310361
          ],
          [
            118.88485,
            32.1311499
          ],
          [
            118.8842082,
            32.1313673
          ],
          [
            118.8841866,
            32.1313745
          ],
          [
            118.8841106,
            32.1314003
          ],
          [
            118.8835424,
            32.1315928
          ],
          [
            118.8832398,
            32.1316667
          ]
        ]
      },
      "properties": {
        "kind": "road",
        "highway": "tertiary",
        "name": "新城路",
        "source": "OpenStreetMap",
        "osm_id": "965539237"
      }
    },
    {
      "type": "Feature",
      "geometry": {
        "type": "LineString",
        "coordinates": [
          [
            118.8832398,
            32.1316667
          ],
          [
            118.8834188,
            32.1322228
          ],
          [
            118.883514,
            32.1325481
          ],
          [
            118.8836277,
            32.1329648
          ],
          [
            118.8837177,
            32.1335149
          ]
        ]
      },
      "properties": {
        "kind": "road",
        "highway": "tertiary",
        "name": "翠林北路",
        "source": "OpenStreetMap",
        "osm_id": "965539239"
      }
    },
    {
      "type": "Feature",
      "geometry": {
        "type": "LineString",
        "coordinates": [
          [
            118.8832398,
            32.1316667
          ],
          [
            118.8831548,
            32.1316836
          ],
          [
            118.8822222,
            32.1318333
          ],
          [
            118.8817,
            32.131896
          ],
          [
            118.8812481,
            32.1319123
          ],
          [
            118.8796407,
            32.1319349
          ],
          [
            118.8789402,
            32.131927
          ],
          [
            118.8787298,
            32.1319247
          ],
          [
            118.8786006,
            32.1319234
          ]
        ]
      },
      "properties": {
        "kind": "road",
        "highway": "tertiary",
        "name": "新城路",
        "source": "OpenStreetMap",
        "osm_id": "965539240"
      }
    },
    {
      "type": "Feature",
      "geometry": {
        "type": "LineString",
        "coordinates": [
          [
            118.8832157,
            32.1315505
          ],
          [
            118.8832398,
            32.1316667
          ]
        ]
      },
      "properties": {
        "kind": "road",
        "highway": "tertiary",
        "name": "翠林北路",
        "source": "OpenStreetMap",
        "osm_id": "965539241"
      }
    },
    {
      "type": "Feature",
      "geometry": {
        "type": "LineString",
        "coordinates": [
          [
            118.8787547,
            32.1318213
          ],
          [
            118.8802537,
            32.1318274
          ],
          [
            118.8810889,
            32.1318219
          ],
          [
            118.8815161,
            32.1317982
          ],
          [
            118.8819525,
            32.1317616
          ],
          [
            118.8824024,
            32.1317058
          ],
          [
            118.8828364,
            32.1316273
          ],
          [
            118.8831263,
            32.1315664
          ],
          [
            118.8832157,
            32.1315505
          ]
        ]
      },
      "properties": {
        "kind": "road",
        "highway": "tertiary",
        "name": "新城路",
        "source": "OpenStreetMap",
        "osm_id": "965539242"
      }
    },
    {
      "type": "Feature",
      "geometry": {
        "type": "LineString",
        "coordinates": [
          [
            118.8837168,
            32.134165
          ],
          [
            118.8835607,
            32.1349968
          ],
          [
            118.8834549,
            32.1354451
          ],
          [
            118.8833762,
            32.1359486
          ]
        ]
      },
      "properties": {
        "kind": "road",
        "highway": "tertiary",
        "name": "翠林北路",
        "source": "OpenStreetMap",
        "osm_id": "965539243"
      }
    },
    {
      "type": "Feature",
      "geometry": {
        "type": "LineString",
        "coordinates": [
          [
            118.8834419,
            32.125258
          ],
          [
            118.8833113,
            32.1254142
          ],
          [
            118.882917,
            32.1259651
          ],
          [
            118.8825388,
            32.1267053
          ],
          [
            118.8824841,
            32.1269024
          ],
          [
            118.8823923,
            32.1272319
          ],
          [
            118.8823122,
            32.1275332
          ],
          [
            118.8822816,
            32.1279061
          ],
          [
            118.8822606,
            32.1282072
          ],
          [
            118.8822862,
            32.1284736
          ],
          [
            118.8823121,
            32.1287109
          ],
          [
            118.8823539,
            32.1288698
          ]
        ]
      },
      "properties": {
        "kind": "road",
        "highway": "tertiary",
        "name": null,
        "source": "OpenStreetMap",
        "osm_id": "965539244"
      }
    },
    {
      "type": "Feature",
      "geometry": {
        "type": "LineString",
        "coordinates": [
          [
            118.884189,
            32.1281307
          ],
          [
            118.8838904,
            32.1283835
          ],
          [
            118.8835741,
            32.1285773
          ],
          [
            118.8833338,
            32.1286942
          ],
          [
            118.883062,
            32.1288032
          ],
          [
            118.8826906,
            32.128911
          ],
          [
            118.8823836,
            32.1289742
          ]
        ]
      },
      "properties": {
        "kind": "road",
        "highway": "secondary",
        "name": "金尧路",
        "source": "OpenStreetMap",
        "osm_id": "965539245"
      }
    },
    {
      "type": "Feature",
      "geometry": {
        "type": "LineString",
        "coordinates": [
          [
            118.8837177,
            32.1335149
          ],
          [
            118.8837383,
            32.1339451
          ]
        ]
      },
      "properties": {
        "kind": "road",
        "highway": "tertiary",
        "name": "翠林北路",
        "source": "OpenStreetMap",
        "osm_id": "965539249"
      }
    },
    {
      "type": "Feature",
      "geometry": {
        "type": "LineString",
        "coordinates": [
          [
            118.8837383,
            32.1339451
          ],
          [
            118.8837168,
            32.134165
          ]
        ]
      },
      "properties": {
        "kind": "road",
        "highway": "tertiary",
        "name": "翠林北路",
        "source": "OpenStreetMap",
        "osm_id": "965539250"
      }
    },
    {
      "type": "Feature",
      "geometry": {
        "type": "LineString",
        "coordinates": [
          [
            118.8837383,
            32.1339451
          ],
          [
            118.8843134,
            32.1339142
          ]
        ]
      },
      "properties": {
        "kind": "road",
        "highway": "tertiary",
        "name": "前塘路",
        "source": "OpenStreetMap",
        "osm_id": "965539251"
      }
    },
    {
      "type": "Feature",
      "geometry": {
        "type": "LineString",
        "coordinates": [
          [
            118.8823539,
            32.1288698
          ],
          [
            118.8826398,
            32.1288114
          ],
          [
            118.8830287,
            32.1286946
          ],
          [
            118.8832706,
            32.1286029
          ],
          [
            118.8836498,
            32.1284029
          ],
          [
            118.883815,
            32.128292
          ],
          [
            118.883932,
            32.128191
          ],
          [
            118.884091,
            32.1280476
          ]
        ]
      },
      "properties": {
        "kind": "road",
        "highway": "secondary",
        "name": "金尧路",
        "source": "OpenStreetMap",
        "osm_id": "965539253"
      }
    },
    {
      "type": "Feature",
      "geometry": {
        "type": "LineString",
        "coordinates": [
          [
            118.8823539,
            32.1288698
          ],
          [
            118.8823836,
            32.1289742
          ]
        ]
      },
      "properties": {
        "kind": "road",
        "highway": "tertiary",
        "name": "翠林北路",
        "source": "OpenStreetMap",
        "osm_id": "965539254"
      }
    },
    {
      "type": "Feature",
      "geometry": {
        "type": "LineString",
        "coordinates": [
          [
            118.8877505,
            32.1390592
          ],
          [
            118.8876658,
            32.1389859
          ],
          [
            118.8850173,
            32.1389978
          ],
          [
            118.883644,
            32.1388062
          ],
          [
            118.8825497,
            32.1386744
          ],
          [
            118.8804659,
            32.138407
          ],
          [
            118.8803905,
            32.1383973
          ],
          [
            118.8774039,
            32.1379974
          ],
          [
            118.8745003,
            32.1376017
          ],
          [
            118.8721462,
            32.1372882
          ],
          [
            118.8719813,
            32.1372875
          ],
          [
            118.8710261,
            32.1371635
          ],
          [
            118.8705407,
            32.137094
          ],
          [
            118.8696812,
            32.1369813
          ],
          [
            118.8685096,
            32.1368258
          ],
          [
            118.8679532,
            32.1367519
          ],
          [
            118.8675729,
            32.1367194
          ],
          [
            118.8674402,
            32.1367219
          ]
        ]
      },
      "properties": {
        "kind": "road",
        "highway": "residential",
        "name": "恒发路",
        "source": "OpenStreetMap",
        "osm_id": "1006913867"
      }
    },
    {
      "type": "Feature",
      "geometry": {
        "type": "LineString",
        "coordinates": [
          [
            118.8983722,
            32.1161072
          ],
          [
            118.8974563,
            32.1168611
          ]
        ]
      },
      "properties": {
        "kind": "road",
        "highway": "secondary",
        "name": null,
        "source": "OpenStreetMap",
        "osm_id": "1052952863"
      }
    },
    {
      "type": "Feature",
      "geometry": {
        "type": "LineString",
        "coordinates": [
          [
            118.8804466,
            32.1408269
          ],
          [
            118.8804659,
            32.138407
          ],
          [
            118.8804694,
            32.1373798
          ],
          [
            118.8804731,
            32.136307
          ]
        ]
      },
      "properties": {
        "kind": "road",
        "highway": "residential",
        "name": "兴景路",
        "source": "OpenStreetMap",
        "osm_id": "1301040490"
      }
    },
    {
      "type": "Feature",
      "geometry": {
        "type": "LineString",
        "coordinates": [
          [
            118.8825497,
            32.1386744
          ],
          [
            118.883098,
            32.1366274
          ]
        ]
      },
      "properties": {
        "kind": "road",
        "highway": "residential",
        "name": "兴良路",
        "source": "OpenStreetMap",
        "osm_id": "1301040491"
      }
    },
    {
      "type": "Feature",
      "geometry": {
        "type": "LineString",
        "coordinates": [
          [
            118.8813076,
            32.1357998
          ],
          [
            118.8814185,
            32.1349945
          ]
        ]
      },
      "properties": {
        "kind": "road",
        "highway": "residential",
        "name": null,
        "source": "OpenStreetMap",
        "osm_id": "1301261053"
      }
    },
    {
      "type": "Feature",
      "geometry": {
        "type": "LineString",
        "coordinates": [
          [
            118.8818593,
            32.1341
          ],
          [
            118.8817664,
            32.1341917
          ],
          [
            118.8814534,
            32.1342881
          ],
          [
            118.8813274,
            32.1343569
          ],
          [
            118.8813111,
            32.1346186
          ],
          [
            118.8814005,
            32.1348561
          ],
          [
            118.8814185,
            32.1349945
          ]
        ]
      },
      "properties": {
        "kind": "road",
        "highway": "residential",
        "name": null,
        "source": "OpenStreetMap",
        "osm_id": "1301261054"
      }
    },
    {
      "type": "Feature",
      "geometry": {
        "type": "LineString",
        "coordinates": [
          [
            118.8817642,
            32.1336961
          ],
          [
            118.8817542,
            32.1336891
          ],
          [
            118.8816807,
            32.1336472
          ],
          [
            118.8813422,
            32.1336687
          ],
          [
            118.881184,
            32.1336946
          ],
          [
            118.8808161,
            32.1338679
          ],
          [
            118.8807108,
            32.133925
          ]
        ]
      },
      "properties": {
        "kind": "road",
        "highway": "residential",
        "name": null,
        "source": "OpenStreetMap",
        "osm_id": "1301261055"
      }
    },
    {
      "type": "Feature",
      "geometry": {
        "type": "LineString",
        "coordinates": [
          [
            118.883289,
            32.1359394
          ],
          [
            118.8834861,
            32.1349646
          ],
          [
            118.8835836,
            32.1344803
          ],
          [
            118.8836283,
            32.1341486
          ],
          [
            118.8836458,
            32.1339497
          ],
          [
            118.8836189,
            32.1334796
          ],
          [
            118.8835381,
            32.1329826
          ],
          [
            118.8835236,
            32.1329326
          ],
          [
            118.8833235,
            32.1322414
          ],
          [
            118.8831548,
            32.1316836
          ],
          [
            118.8831263,
            32.1315664
          ],
          [
            118.8829779,
            32.1311018
          ],
          [
            118.8827543,
            32.1303789
          ],
          [
            118.8825566,
            32.1297534
          ],
          [
            118.8823356,
            32.1290844
          ],
          [
            118.8822993,
            32.1289812
          ],
          [
            118.8822737,
            32.1288743
          ],
          [
            118.8822218,
            32.1285163
          ],
          [
            118.8822014,
            32.1281858
          ],
          [
            118.882238,
            32.1277451
          ],
          [
            118.8822394,
            32.1277232
          ],
          [
            118.8822413,
            32.1276916
          ],
          [
            118.8822433,
            32.1276623
          ],
          [
            118.8822543,
            32.1274972
          ],
          [
            118.8823844,
            32.1269704
          ],
          [
            118.8824811,
            32.1266648
          ],
          [
            118.8826608,
            32.1262577
          ],
          [
            118.8830023,
            32.1257103
          ],
          [
            118.8833707,
            32.1252183
          ]
        ]
      },
      "properties": {
        "kind": "road",
        "highway": "tertiary",
        "name": "翠林北路",
        "source": "OpenStreetMap",
        "osm_id": "1301261057"
      }
    },
    {
      "type": "Feature",
      "geometry": {
        "type": "LineString",
        "coordinates": [
          [
            118.8850173,
            32.1389978
          ],
          [
            118.8849913,
            32.1368612
          ]
        ]
      },
      "properties": {
        "kind": "road",
        "highway": "residential",
        "name": null,
        "source": "OpenStreetMap",
        "osm_id": "1304191046"
      }
    },
    {
      "type": "Feature",
      "geometry": {
        "type": "LineString",
        "coordinates": [
          [
            118.8857483,
            32.1337522
          ],
          [
            118.8857938,
            32.1338719
          ],
          [
            118.8857698,
            32.1342239
          ],
          [
            118.8857784,
            32.1342637
          ],
          [
            118.8857409,
            32.1343045
          ],
          [
            118.8857134,
            32.1343233
          ],
          [
            118.8856664,
            32.1343267
          ],
          [
            118.8856316,
            32.1343182
          ],
          [
            118.8856027,
            32.1342915
          ],
          [
            118.8855793,
            32.1342557
          ],
          [
            118.8855999,
            32.1342134
          ],
          [
            118.8856202,
            32.1338798
          ],
          [
            118.885585,
            32.1337811
          ]
        ]
      },
      "properties": {
        "kind": "road",
        "highway": "residential",
        "name": null,
        "source": "OpenStreetMap",
        "osm_id": "1304217676"
      }
    },
    {
      "type": "Feature",
      "geometry": {
        "type": "LineString",
        "coordinates": [
          [
            118.8803396,
            32.1183927
          ],
          [
            118.8801553,
            32.1192569
          ],
          [
            118.8800951,
            32.1195389
          ],
          [
            118.8800846,
            32.1195884
          ],
          [
            118.880035,
            32.1198206
          ],
          [
            118.8799265,
            32.1203295
          ],
          [
            118.8798198,
            32.1208298
          ],
          [
            118.8796552,
            32.121691
          ],
          [
            118.879644,
            32.121747
          ],
          [
            118.8794854,
            32.122542
          ],
          [
            118.8793943,
            32.1226794
          ],
          [
            118.8793226,
            32.1227495
          ]
        ]
      },
      "properties": {
        "kind": "road",
        "highway": "residential",
        "name": "石建路",
        "source": "OpenStreetMap",
        "osm_id": "1304888923"
      }
    },
    {
      "type": "Feature",
      "geometry": {
        "type": "LineString",
        "coordinates": [
          [
            118.8851018,
            32.1310361
          ],
          [
            118.8853928,
            32.1314756
          ],
          [
            118.8854968,
            32.1316245
          ],
          [
            118.8855189,
            32.1316562
          ],
          [
            118.8861551,
            32.1325111
          ],
          [
            118.8864703,
            32.1328905
          ],
          [
            118.8865113,
            32.1329399
          ],
          [
            118.8869287,
            32.1333056
          ]
        ]
      },
      "properties": {
        "kind": "road",
        "highway": "residential",
        "name": null,
        "source": "OpenStreetMap",
        "osm_id": "1305478874"
      }
    },
    {
      "type": "Feature",
      "geometry": {
        "type": "LineString",
        "coordinates": [
          [
            118.881395,
            32.1290015
          ],
          [
            118.8813776,
            32.1291872
          ],
          [
            118.8814178,
            32.1292326
          ],
          [
            118.8814146,
            32.1292708
          ],
          [
            118.8814074,
            32.1293572
          ],
          [
            118.8814017,
            32.1294257
          ],
          [
            118.8813561,
            32.1294665
          ],
          [
            118.8813024,
            32.1294203
          ],
          [
            118.8813084,
            32.1293492
          ],
          [
            118.8813154,
            32.1292668
          ],
          [
            118.881319,
            32.1292233
          ],
          [
            118.8813776,
            32.1291872
          ]
        ]
      },
      "properties": {
        "kind": "road",
        "highway": "residential",
        "name": null,
        "source": "OpenStreetMap",
        "osm_id": "1305540287"
      }
    },
    {
      "type": "Feature",
      "geometry": {
        "type": "LineString",
        "coordinates": [
          [
            118.9098567,
            32.1254788
          ],
          [
            118.9083955,
            32.1246353
          ],
          [
            118.9086751,
            32.1242787
          ]
        ]
      },
      "properties": {
        "kind": "road",
        "highway": "residential",
        "name": "仙林高铁站路",
        "source": "OpenStreetMap",
        "osm_id": "1307025908"
      }
    },
    {
      "type": "Feature",
      "geometry": {
        "type": "LineString",
        "coordinates": [
          [
            118.8904204,
            32.1289813
          ],
          [
            118.890819,
            32.128349
          ],
          [
            118.8908525,
            32.128257
          ],
          [
            118.8908699,
            32.1281196
          ],
          [
            118.8908954,
            32.1276664
          ],
          [
            118.8909021,
            32.1272167
          ],
          [
            118.8909061,
            32.1267181
          ],
          [
            118.8909323,
            32.126688
          ],
          [
            118.8909665,
            32.1266817
          ],
          [
            118.8914117,
            32.1266999
          ],
          [
            118.8914426,
            32.126676
          ],
          [
            118.891464,
            32.1262944
          ],
          [
            118.8914855,
            32.125889
          ],
          [
            118.8915043,
            32.125521
          ],
          [
            118.8914815,
            32.1254608
          ],
          [
            118.8914251,
            32.1254017
          ],
          [
            118.8907425,
            32.1249599
          ],
          [
            118.8901712,
            32.124551
          ],
          [
            118.889384,
            32.1240184
          ],
          [
            118.8883165,
            32.1233494
          ],
          [
            118.8873643,
            32.1227622
          ],
          [
            118.8847201,
            32.1211328
          ],
          [
            118.8846713,
            32.1211028
          ],
          [
            118.8821715,
            32.1195808
          ]
        ]
      },
      "properties": {
        "kind": "road",
        "highway": "residential",
        "name": "金尧路",
        "source": "OpenStreetMap",
        "osm_id": "1307169708"
      }
    },
    {
      "type": "Feature",
      "geometry": {
        "type": "LineString",
        "coordinates": [
          [
            118.8835381,
            32.1329826
          ],
          [
            118.8833488,
            32.1330139
          ],
          [
            118.8833785,
            32.1331814
          ],
          [
            118.8833878,
            32.1332293
          ],
          [
            118.8833907,
            32.1332598
          ]
        ]
      },
      "properties": {
        "kind": "road",
        "highway": "residential",
        "name": null,
        "source": "OpenStreetMap",
        "osm_id": "1308297209"
      }
    },
    {
      "type": "Feature",
      "geometry": {
        "type": "LineString",
        "coordinates": [
          [
            118.8820502,
            32.1324139
          ],
          [
            118.8819236,
            32.1324304
          ],
          [
            118.8817748,
            32.1324499
          ]
        ]
      },
      "properties": {
        "kind": "road",
        "highway": "residential",
        "name": null,
        "source": "OpenStreetMap",
        "osm_id": "1308297210"
      }
    },
    {
      "type": "Feature",
      "geometry": {
        "type": "LineString",
        "coordinates": [
          [
            118.8819586,
            32.1339529
          ],
          [
            118.8819506,
            32.1338547
          ],
          [
            118.8819157,
            32.1333116
          ],
          [
            118.8818944,
            32.1331394
          ],
          [
            118.8818402,
            32.1329097
          ],
          [
            118.881815,
            32.1327719
          ],
          [
            118.8817748,
            32.1324499
          ],
          [
            118.8817,
            32.131896
          ]
        ]
      },
      "properties": {
        "kind": "road",
        "highway": "residential",
        "name": null,
        "source": "OpenStreetMap",
        "osm_id": "1308297211"
      }
    },
    {
      "type": "Feature",
      "geometry": {
        "type": "LineString",
        "coordinates": [
          [
            118.8822394,
            32.1277232
          ],
          [
            118.882107,
            32.1277157
          ],
          [
            118.8820447,
            32.1277122
          ],
          [
            118.8819167,
            32.1277051
          ],
          [
            118.8818302,
            32.127737
          ],
          [
            118.8817585,
            32.1277634
          ],
          [
            118.8815136,
            32.1277774
          ],
          [
            118.8814715,
            32.1278023
          ],
          [
            118.8814362,
            32.128113
          ]
        ]
      },
      "properties": {
        "kind": "road",
        "highway": "residential",
        "name": null,
        "source": "OpenStreetMap",
        "osm_id": "1308450280"
      }
    },
    {
      "type": "Feature",
      "geometry": {
        "type": "LineString",
        "coordinates": [
          [
            118.8819052,
            32.1270569
          ],
          [
            118.8818542,
            32.1271401
          ],
          [
            118.88177,
            32.1272211
          ],
          [
            118.8815199,
            32.1272127
          ],
          [
            118.8814156,
            32.1272612
          ],
          [
            118.8813949,
            32.1274836
          ],
          [
            118.8817419,
            32.1275084
          ],
          [
            118.8818545,
            32.1275879
          ],
          [
            118.8819218,
            32.1276354
          ],
          [
            118.8820518,
            32.1276463
          ],
          [
            118.8821057,
            32.1276508
          ],
          [
            118.8822433,
            32.1276623
          ]
        ]
      },
      "properties": {
        "kind": "road",
        "highway": "residential",
        "name": null,
        "source": "OpenStreetMap",
        "osm_id": "1308450511"
      }
    },
    {
      "type": "Feature",
      "geometry": {
        "type": "LineString",
        "coordinates": [
          [
            118.8833353,
            32.1329654
          ],
          [
            118.8835236,
            32.1329326
          ]
        ]
      },
      "properties": {
        "kind": "road",
        "highway": "residential",
        "name": null,
        "source": "OpenStreetMap",
        "osm_id": "1308950124"
      }
    },
    {
      "type": "Feature",
      "geometry": {
        "type": "LineString",
        "coordinates": [
          [
            118.8842419,
            32.1316584
          ],
          [
            118.8842262,
            32.1316276
          ]
        ]
      },
      "properties": {
        "kind": "road",
        "highway": "residential",
        "name": null,
        "source": "OpenStreetMap",
        "osm_id": "1309004909"
      }
    },
    {
      "type": "Feature",
      "geometry": {
        "type": "LineString",
        "coordinates": [
          [
            118.8843359,
            32.131843
          ],
          [
            118.8842419,
            32.1316584
          ]
        ]
      },
      "properties": {
        "kind": "road",
        "highway": "residential",
        "name": null,
        "source": "OpenStreetMap",
        "osm_id": "1309004910"
      }
    },
    {
      "type": "Feature",
      "geometry": {
        "type": "LineString",
        "coordinates": [
          [
            118.8842262,
            32.1316276
          ],
          [
            118.8841843,
            32.1315452
          ],
          [
            118.8841106,
            32.1314003
          ]
        ]
      },
      "properties": {
        "kind": "road",
        "highway": "residential",
        "name": null,
        "source": "OpenStreetMap",
        "osm_id": "1309004911"
      }
    },
    {
      "type": "Feature",
      "geometry": {
        "type": "LineString",
        "coordinates": [
          [
            118.8843137,
            32.1316331
          ],
          [
            118.8844084,
            32.1318256
          ],
          [
            118.8848515,
            32.1316694
          ]
        ]
      },
      "properties": {
        "kind": "road",
        "highway": "residential",
        "name": null,
        "source": "OpenStreetMap",
        "osm_id": "1309004912"
      }
    },
    {
      "type": "Feature",
      "geometry": {
        "type": "LineString",
        "coordinates": [
          [
            118.8842986,
            32.1316022
          ],
          [
            118.8843137,
            32.1316331
          ]
        ]
      },
      "properties": {
        "kind": "road",
        "highway": "residential",
        "name": null,
        "source": "OpenStreetMap",
        "osm_id": "1309004913"
      }
    },
    {
      "type": "Feature",
      "geometry": {
        "type": "LineString",
        "coordinates": [
          [
            118.8841866,
            32.1313745
          ],
          [
            118.8842578,
            32.1315194
          ],
          [
            118.8842986,
            32.1316022
          ]
        ]
      },
      "properties": {
        "kind": "road",
        "highway": "residential",
        "name": null,
        "source": "OpenStreetMap",
        "osm_id": "1309004915"
      }
    },
    {
      "type": "Feature",
      "geometry": {
        "type": "LineString",
        "coordinates": [
          [
            118.888314,
            32.140837
          ],
          [
            118.8886109,
            32.1408385
          ],
          [
            118.888831,
            32.1408351
          ],
          [
            118.8904126,
            32.1408607
          ],
          [
            118.8915727,
            32.1408795
          ],
          [
            118.8916218,
            32.1408803
          ],
          [
            118.8939393,
            32.1408562
          ],
          [
            118.8952002,
            32.1408431
          ]
        ]
      },
      "properties": {
        "kind": "road",
        "highway": "tertiary",
        "name": "恒竞路",
        "source": "OpenStreetMap",
        "osm_id": "1312713780"
      }
    },
    {
      "type": "Feature",
      "geometry": {
        "type": "LineString",
        "coordinates": [
          [
            118.8490815,
            32.1432112
          ],
          [
            118.8521036,
            32.1432142
          ],
          [
            118.8532746,
            32.1432564
          ],
          [
            118.8565469,
            32.1433999
          ],
          [
            118.8577714,
            32.1434515
          ],
          [
            118.8592762,
            32.1435148
          ],
          [
            118.8607115,
            32.1435752
          ],
          [
            118.8617371,
            32.1436184
          ],
          [
            118.8619017,
            32.1436253
          ],
          [
            118.8629193,
            32.1436522
          ],
          [
            118.8635343,
            32.1436711
          ],
          [
            118.8641862,
            32.1436934
          ],
          [
            118.8658717,
            32.1437426
          ],
          [
            118.8660802,
            32.143745
          ],
          [
            118.8661771,
            32.1437489
          ],
          [
            118.8672909,
            32.1437867
          ],
          [
            118.8689015,
            32.1438314
          ],
          [
            118.8700016,
            32.1438617
          ],
          [
            118.8711582,
            32.1438911
          ],
          [
            118.8720315,
            32.1439179
          ],
          [
            118.872174,
            32.1439217
          ],
          [
            118.8744648,
            32.1439822
          ],
          [
            118.8758467,
            32.1440209
          ],
          [
            118.875965,
            32.1440222
          ],
          [
            118.8760061,
            32.1440229
          ],
          [
            118.8773875,
            32.1440594
          ],
          [
            118.8790199,
            32.1441007
          ],
          [
            118.8805253,
            32.1441436
          ],
          [
            118.8825483,
            32.14419
          ],
          [
            118.8827578,
            32.1441953
          ],
          [
            118.8828425,
            32.1441976
          ],
          [
            118.8830627,
            32.1442034
          ],
          [
            118.8848429,
            32.1442462
          ],
          [
            118.8894133,
            32.1443771
          ],
          [
            118.8897582,
            32.144381
          ]
        ]
      },
      "properties": {
        "kind": "road",
        "highway": "tertiary",
        "name": "恒广路",
        "source": "OpenStreetMap",
        "osm_id": "1315498374"
      }
    },
    {
      "type": "Feature",
      "geometry": {
        "type": "LineString",
        "coordinates": [
          [
            118.8897582,
            32.144381
          ],
          [
            118.8895468,
            32.1444673
          ],
          [
            118.889439,
            32.1444974
          ],
          [
            118.8848251,
            32.1443755
          ],
          [
            118.8830546,
            32.1443167
          ],
          [
            118.8828388,
            32.1443202
          ],
          [
            118.880499,
            32.1442627
          ],
          [
            118.8744517,
            32.1440924
          ],
          [
            118.87217,
            32.1440335
          ],
          [
            118.8720272,
            32.1440284
          ],
          [
            118.8711542,
            32.1439973
          ],
          [
            118.8699985,
            32.1439562
          ],
          [
            118.8688986,
            32.143917
          ],
          [
            118.8672881,
            32.1438596
          ],
          [
            118.8661227,
            32.1438181
          ],
          [
            118.8660746,
            32.1438164
          ],
          [
            118.8658691,
            32.1438091
          ],
          [
            118.8641761,
            32.1437488
          ],
          [
            118.8635321,
            32.1437259
          ],
          [
            118.8629179,
            32.143704
          ],
          [
            118.8618779,
            32.1436669
          ],
          [
            118.8617136,
            32.1436611
          ],
          [
            118.8607079,
            32.1436253
          ],
          [
            118.8592739,
            32.1435742
          ],
          [
            118.8577687,
            32.1435206
          ],
          [
            118.8565408,
            32.1434769
          ],
          [
            118.854658,
            32.1434098
          ],
          [
            118.8546105,
            32.1434081
          ],
          [
            118.8535041,
            32.1433687
          ],
          [
            118.8532589,
            32.14336
          ],
          [
            118.8524413,
            32.1433308
          ],
          [
            118.8522424,
            32.1433238
          ],
          [
            118.8493715,
            32.1432215
          ],
          [
            118.8490815,
            32.1432112
          ]
        ]
      },
      "properties": {
        "kind": "road",
        "highway": "tertiary",
        "name": "恒广路",
        "source": "OpenStreetMap",
        "osm_id": "1315498387"
      }
    },
    {
      "type": "Feature",
      "geometry": {
        "type": "LineString",
        "coordinates": [
          [
            118.8981582,
            32.11553
          ],
          [
            118.8985766,
            32.1151929
          ],
          [
            118.8985935,
            32.1151892
          ],
          [
            118.8986107,
            32.1151921
          ],
          [
            118.8986249,
            32.1152009
          ],
          [
            118.8986324,
            32.115212
          ],
          [
            118.8986345,
            32.1152247
          ],
          [
            118.8986309,
            32.1152372
          ],
          [
            118.8982109,
            32.1155771
          ]
        ]
      },
      "properties": {
        "kind": "road",
        "highway": "residential",
        "name": null,
        "source": "OpenStreetMap",
        "osm_id": "1369706340"
      }
    },
    {
      "type": "Feature",
      "geometry": {
        "type": "LineString",
        "coordinates": [
          [
            118.8979481,
            32.1157263
          ],
          [
            118.8980296,
            32.1156615
          ],
          [
            118.8980804,
            32.1156212
          ],
          [
            118.8980197,
            32.1155663
          ],
          [
            118.8980068,
            32.1155478
          ],
          [
            118.8980033,
            32.1155265
          ],
          [
            118.8980097,
            32.1155057
          ],
          [
            118.898025,
            32.1154885
          ],
          [
            118.8980469,
            32.1154777
          ],
          [
            118.8980721,
            32.1154747
          ],
          [
            118.8980967,
            32.1154801
          ],
          [
            118.8981169,
            32.1154931
          ],
          [
            118.8981582,
            32.11553
          ],
          [
            118.8982109,
            32.1155771
          ],
          [
            118.8982386,
            32.1156018
          ],
          [
            118.8982515,
            32.1156204
          ],
          [
            118.898255,
            32.1156417
          ],
          [
            118.8982486,
            32.1156625
          ],
          [
            118.8982332,
            32.1156797
          ],
          [
            118.8982114,
            32.1156905
          ],
          [
            118.8981862,
            32.1156935
          ],
          [
            118.8981616,
            32.1156881
          ],
          [
            118.8981414,
            32.1156751
          ],
          [
            118.8980804,
            32.1156212
          ]
        ]
      },
      "properties": {
        "kind": "road",
        "highway": "residential",
        "name": null,
        "source": "OpenStreetMap",
        "osm_id": "1369706341"
      }
    },
    {
      "type": "Feature",
      "geometry": {
        "type": "LineString",
        "coordinates": [
          [
            118.918208,
            32.1269037
          ],
          [
            118.9187235,
            32.1271397
          ]
        ]
      },
      "properties": {
        "kind": "road",
        "highway": "tertiary",
        "name": "文成路",
        "source": "OpenStreetMap",
        "osm_id": "1370671296"
      }
    },
    {
      "type": "Feature",
      "geometry": {
        "type": "LineString",
        "coordinates": [
          [
            118.8883815,
            32.1360176
          ],
          [
            118.8881448,
            32.1364985
          ],
          [
            118.8880167,
            32.1368739
          ],
          [
            118.8879166,
            32.1374344
          ],
          [
            118.8878632,
            32.1378896
          ],
          [
            118.8878898,
            32.1388211
          ],
          [
            118.8881419,
            32.1396037
          ],
          [
            118.8884494,
            32.1406253
          ],
          [
            118.8886118,
            32.1411231
          ],
          [
            118.8896779,
            32.1445433
          ],
          [
            118.8901122,
            32.1459341
          ],
          [
            118.8905033,
            32.1473248
          ],
          [
            118.8906826,
            32.1483955
          ],
          [
            118.8908122,
            32.1495885
          ],
          [
            118.8910433,
            32.1528997
          ],
          [
            118.8915941,
            32.1603685
          ]
        ]
      },
      "properties": {
        "kind": "road",
        "highway": "trunk",
        "name": "仙新路",
        "source": "OpenStreetMap",
        "osm_id": "1375179421"
      }
    },
    {
      "type": "Feature",
      "geometry": {
        "type": "LineString",
        "coordinates": [
          [
            118.8904525,
            32.1332819
          ],
          [
            118.892051,
            32.1315132
          ],
          [
            118.8926998,
            32.1308072
          ],
          [
            118.892945,
            32.1305022
          ],
          [
            118.8930221,
            32.1304157
          ],
          [
            118.8938116,
            32.1293461
          ]
        ]
      },
      "properties": {
        "kind": "road",
        "highway": "primary",
        "name": "仙新路",
        "source": "OpenStreetMap",
        "osm_id": "1388477324"
      }
    },
    {
      "type": "Feature",
      "geometry": {
        "type": "LineString",
        "coordinates": [
          [
            118.8885596,
            32.1320834
          ],
          [
            118.8886107,
            32.1321099
          ],
          [
            118.8894263,
            32.132615
          ],
          [
            118.8896278,
            32.1327385
          ],
          [
            118.8902896,
            32.1331805
          ],
          [
            118.8904525,
            32.1332819
          ]
        ]
      },
      "properties": {
        "kind": "road",
        "highway": "tertiary",
        "name": "尧顺路",
        "source": "OpenStreetMap",
        "osm_id": "1388477325"
      }
    },
    {
      "type": "Feature",
      "geometry": {
        "type": "LineString",
        "coordinates": [
          [
            118.8941011,
            32.1295594
          ],
          [
            118.8934733,
            32.1304481
          ],
          [
            118.8930584,
            32.1309924
          ],
          [
            118.8925947,
            32.1315264
          ],
          [
            118.8921654,
            32.1319753
          ],
          [
            118.8917148,
            32.1324796
          ],
          [
            118.8914057,
            32.1328095
          ]
        ]
      },
      "properties": {
        "kind": "road",
        "highway": "primary",
        "name": "仙新路",
        "source": "OpenStreetMap",
        "osm_id": "1388477326"
      }
    },
    {
      "type": "Feature",
      "geometry": {
        "type": "LineString",
        "coordinates": [
          [
            118.8815295,
            32.1359316
          ],
          [
            118.8828028,
            32.1359787
          ],
          [
            118.8834976,
            32.1360645
          ],
          [
            118.8839316,
            32.1360519
          ],
          [
            118.8844752,
            32.1360947
          ],
          [
            118.8851193,
            32.136179
          ],
          [
            118.8862935,
            32.1362845
          ],
          [
            118.8870899,
            32.1363635
          ],
          [
            118.8874978,
            32.1364211
          ],
          [
            118.8878272,
            32.1364626
          ]
        ]
      },
      "properties": {
        "kind": "road",
        "highway": "secondary",
        "name": "栖霞大道辅路",
        "source": "OpenStreetMap",
        "osm_id": "1426769948"
      }
    },
    {
      "type": "Feature",
      "geometry": {
        "type": "LineString",
        "coordinates": [
          [
            118.889439,
            32.1444974
          ],
          [
            118.8894133,
            32.1443771
          ],
          [
            118.8889178,
            32.1426658
          ],
          [
            118.888314,
            32.140837
          ],
          [
            118.888098,
            32.1402114
          ],
          [
            118.8877505,
            32.1390592
          ],
          [
            118.8877338,
            32.1388977
          ],
          [
            118.8876942,
            32.1383133
          ],
          [
            118.8876792,
            32.1377644
          ],
          [
            118.8877206,
            32.1374954
          ],
          [
            118.8877808,
            32.1370768
          ]
        ]
      },
      "properties": {
        "kind": "road",
        "highway": "primary",
        "name": "仙新路",
        "source": "OpenStreetMap",
        "osm_id": "1426769950"
      }
    },
    {
      "type": "Feature",
      "geometry": {
        "type": "LineString",
        "coordinates": [
          [
            118.8882516,
            32.1359893
          ],
          [
            118.8886513,
            32.1353303
          ],
          [
            118.8890943,
            32.1348406
          ],
          [
            118.8911002,
            32.1326738
          ],
          [
            118.8913846,
            32.1323798
          ],
          [
            118.893086,
            32.1305127
          ],
          [
            118.8938887,
            32.1293822
          ],
          [
            118.8956335,
            32.1266181
          ],
          [
            118.8972924,
            32.1241221
          ]
        ]
      },
      "properties": {
        "kind": "road",
        "highway": "trunk",
        "name": "仙新路",
        "source": "OpenStreetMap",
        "osm_id": "1426769951"
      }
    },
    {
      "type": "Feature",
      "geometry": {
        "type": "LineString",
        "coordinates": [
          [
            118.8884132,
            32.1364523
          ],
          [
            118.8885116,
            32.1365064
          ],
          [
            118.8885826,
            32.1365625
          ],
          [
            118.8886351,
            32.1366743
          ],
          [
            118.8886516,
            32.1367642
          ],
          [
            118.8886155,
            32.1368982
          ],
          [
            118.888549,
            32.1369665
          ]
        ]
      },
      "properties": {
        "kind": "road",
        "highway": "primary",
        "name": null,
        "source": "OpenStreetMap",
        "osm_id": "1426769952"
      }
    },
    {
      "type": "Feature",
      "geometry": {
        "type": "LineString",
        "coordinates": [
          [
            118.8877808,
            32.1370768
          ],
          [
            118.8875365,
            32.1371016
          ],
          [
            118.8873233,
            32.1370685
          ],
          [
            118.8870681,
            32.1370156
          ],
          [
            118.8868597,
            32.1369349
          ],
          [
            118.8866859,
            32.1368444
          ],
          [
            118.8864135,
            32.1367643
          ],
          [
            118.8841331,
            32.1364732
          ],
          [
            118.8828967,
            32.1362976
          ],
          [
            118.8817216,
            32.1360898
          ]
        ]
      },
      "properties": {
        "kind": "road",
        "highway": "secondary",
        "name": "栖霞大道辅路",
        "source": "OpenStreetMap",
        "osm_id": "1426792439"
      }
    },
    {
      "type": "Feature",
      "geometry": {
        "type": "LineString",
        "coordinates": [
          [
            118.8876658,
            32.1389859
          ],
          [
            118.8877338,
            32.1388977
          ]
        ]
      },
      "properties": {
        "kind": "road",
        "highway": "residential",
        "name": "恒发路",
        "source": "OpenStreetMap",
        "osm_id": "1468658794"
      }
    },
    {
      "type": "Feature",
      "geometry": {
        "type": "LineString",
        "coordinates": [
          [
            118.8882044,
            32.1370996
          ],
          [
            118.888067,
            32.1373276
          ],
          [
            118.8879701,
            32.1380039
          ],
          [
            118.8879972,
            32.1387815
          ],
          [
            118.8881618,
            32.1394824
          ],
          [
            118.8886109,
            32.1408385
          ],
          [
            118.8891588,
            32.1425926
          ],
          [
            118.8895726,
            32.1438067
          ],
          [
            118.8897582,
            32.144381
          ]
        ]
      },
      "properties": {
        "kind": "road",
        "highway": "primary",
        "name": "仙新路",
        "source": "OpenStreetMap",
        "osm_id": "1468659347"
      }
    },
    {
      "type": "Feature",
      "geometry": {
        "type": "LineString",
        "coordinates": [
          [
            118.8880233,
            32.1363943
          ],
          [
            118.8882058,
            32.1359485
          ],
          [
            118.8885177,
            32.1353827
          ],
          [
            118.8891104,
            32.1347338
          ],
          [
            118.8904525,
            32.1332819
          ]
        ]
      },
      "properties": {
        "kind": "road",
        "highway": "primary",
        "name": "仙新路",
        "source": "OpenStreetMap",
        "osm_id": "1523413334"
      }
    },
    {
      "type": "Feature",
      "geometry": {
        "type": "LineString",
        "coordinates": [
          [
            118.8878439,
            32.1370971
          ],
          [
            118.8877808,
            32.1370768
          ],
          [
            118.8876862,
            32.1369895
          ],
          [
            118.887625,
            32.136897
          ],
          [
            118.8876105,
            32.1368149
          ],
          [
            118.8876165,
            32.136732
          ],
          [
            118.8876427,
            32.136652
          ],
          [
            118.887688,
            32.1365783
          ],
          [
            118.8877532,
            32.1365082
          ],
          [
            118.8878272,
            32.1364626
          ],
          [
            118.8879149,
            32.1364255
          ],
          [
            118.8880233,
            32.1363943
          ]
        ]
      },
      "properties": {
        "kind": "road",
        "highway": "primary",
        "name": null,
        "source": "OpenStreetMap",
        "osm_id": "1524272489"
      }
    },
    {
      "type": "Feature",
      "geometry": {
        "type": "LineString",
        "coordinates": [
          [
            118.8880233,
            32.1363943
          ],
          [
            118.8881336,
            32.1363922
          ],
          [
            118.888263,
            32.1364118
          ],
          [
            118.8884132,
            32.1364523
          ]
        ]
      },
      "properties": {
        "kind": "road",
        "highway": "primary",
        "name": null,
        "source": "OpenStreetMap",
        "osm_id": "1524272490"
      }
    },
    {
      "type": "Feature",
      "geometry": {
        "type": "LineString",
        "coordinates": [
          [
            118.9393827,
            32.136862
          ],
          [
            118.9389113,
            32.1367849
          ],
          [
            118.9379643,
            32.1365921
          ],
          [
            118.937056,
            32.1363837
          ],
          [
            118.9363622,
            32.1361946
          ],
          [
            118.9355764,
            32.1359457
          ],
          [
            118.9346326,
            32.1356105
          ],
          [
            118.9337487,
            32.1352524
          ],
          [
            118.9328415,
            32.1348642
          ],
          [
            118.9299993,
            32.1335153
          ],
          [
            118.9258263,
            32.1316038
          ],
          [
            118.9246555,
            32.1310864
          ],
          [
            118.9234867,
            32.130544
          ]
        ]
      },
      "properties": {
        "kind": "road",
        "highway": "primary",
        "name": "智谷大道",
        "source": "OpenStreetMap",
        "osm_id": "1525490202"
      }
    },
    {
      "type": "Feature",
      "geometry": {
        "type": "LineString",
        "coordinates": [
          [
            118.9101454,
            32.1244793
          ],
          [
            118.9075208,
            32.1231883
          ],
          [
            118.9055866,
            32.1221969
          ],
          [
            118.9052576,
            32.122031
          ]
        ]
      },
      "properties": {
        "kind": "road",
        "highway": "primary",
        "name": "智谷大道",
        "source": "OpenStreetMap",
        "osm_id": "1525490203"
      }
    },
    {
      "type": "Feature",
      "geometry": {
        "type": "LineString",
        "coordinates": [
          [
            118.9075827,
            32.1231728
          ],
          [
            118.905625,
            32.1221238
          ],
          [
            118.9048627,
            32.1217054
          ],
          [
            118.9039326,
            32.1211567
          ]
        ]
      },
      "properties": {
        "kind": "road",
        "highway": "trunk",
        "name": "智谷大道",
        "source": "OpenStreetMap",
        "osm_id": "1525490205"
      }
    },
    {
      "type": "Feature",
      "geometry": {
        "type": "LineString",
        "coordinates": [
          [
            118.9084042,
            32.1235629
          ],
          [
            118.9075827,
            32.1231728
          ]
        ]
      },
      "properties": {
        "kind": "road",
        "highway": "trunk",
        "name": "智谷大道",
        "source": "OpenStreetMap",
        "osm_id": "1525490206"
      }
    },
    {
      "type": "Feature",
      "geometry": {
        "type": "LineString",
        "coordinates": [
          [
            118.8991256,
            32.1218031
          ],
          [
            118.8989122,
            32.1221028
          ]
        ]
      },
      "properties": {
        "kind": "road",
        "highway": "primary",
        "name": "仙新路",
        "source": "OpenStreetMap",
        "osm_id": "1525490208"
      }
    },
    {
      "type": "Feature",
      "geometry": {
        "type": "LineString",
        "coordinates": [
          [
            118.8882044,
            32.1370996
          ],
          [
            118.8880532,
            32.1371237
          ],
          [
            118.8879226,
            32.1371138
          ],
          [
            118.8878439,
            32.1370971
          ]
        ]
      },
      "properties": {
        "kind": "road",
        "highway": "primary",
        "name": null,
        "source": "OpenStreetMap",
        "osm_id": "1525490210"
      }
    },
    {
      "type": "Feature",
      "geometry": {
        "type": "LineString",
        "coordinates": [
          [
            118.9234867,
            32.130544
          ],
          [
            118.9233146,
            32.1304581
          ],
          [
            118.9222623,
            32.1299685
          ]
        ]
      },
      "properties": {
        "kind": "road",
        "highway": "primary",
        "name": "智谷大道",
        "source": "OpenStreetMap",
        "osm_id": "1525490228"
      }
    },
    {
      "type": "Feature",
      "geometry": {
        "type": "LineString",
        "coordinates": [
          [
            118.9169893,
            32.1275437
          ],
          [
            118.9152201,
            32.1267778
          ],
          [
            118.9138696,
            32.1261671
          ],
          [
            118.9104258,
            32.1245228
          ],
          [
            118.9084042,
            32.1235629
          ]
        ]
      },
      "properties": {
        "kind": "road",
        "highway": "trunk",
        "name": "智谷大道",
        "source": "OpenStreetMap",
        "osm_id": "1525490229"
      }
    },
    {
      "type": "Feature",
      "geometry": {
        "type": "LineString",
        "coordinates": [
          [
            118.9054215,
            32.1218262
          ],
          [
            118.9067246,
            32.1225278
          ],
          [
            118.9076394,
            32.1229886
          ],
          [
            118.9082775,
            32.123287
          ],
          [
            118.9106017,
            32.124374
          ],
          [
            118.9119867,
            32.1250233
          ],
          [
            118.9142019,
            32.1260284
          ],
          [
            118.9149458,
            32.1263754
          ]
        ]
      },
      "properties": {
        "kind": "road",
        "highway": "primary",
        "name": "智谷大道",
        "source": "OpenStreetMap",
        "osm_id": "1525490230"
      }
    },
    {
      "type": "Feature",
      "geometry": {
        "type": "LineString",
        "coordinates": [
          [
            118.9233146,
            32.1304581
          ],
          [
            118.9236187,
            32.1302224
          ]
        ]
      },
      "properties": {
        "kind": "road",
        "highway": "secondary",
        "name": "仙境路",
        "source": "OpenStreetMap",
        "osm_id": "1525490231"
      }
    },
    {
      "type": "Feature",
      "geometry": {
        "type": "LineString",
        "coordinates": [
          [
            118.9229063,
            32.1298778
          ],
          [
            118.9236187,
            32.1302224
          ]
        ]
      },
      "properties": {
        "kind": "road",
        "highway": "primary",
        "name": "智谷大道",
        "source": "OpenStreetMap",
        "osm_id": "1525490232"
      }
    },
    {
      "type": "Feature",
      "geometry": {
        "type": "LineString",
        "coordinates": [
          [
            118.8897582,
            32.144381
          ],
          [
            118.8900326,
            32.1449875
          ],
          [
            118.8901674,
            32.1454747
          ],
          [
            118.8903073,
            32.1458594
          ],
          [
            118.890547,
            32.1468145
          ]
        ]
      },
      "properties": {
        "kind": "road",
        "highway": "primary",
        "name": "仙新路",
        "source": "OpenStreetMap",
        "osm_id": "1539458790"
      }
    },
    {
      "type": "Feature",
      "geometry": {
        "type": "LineString",
        "coordinates": [
          [
            118.92019,
            32.1206477
          ],
          [
            118.9190518,
            32.1200732
          ]
        ]
      },
      "properties": {
        "kind": "road",
        "highway": "secondary",
        "name": "文澜路",
        "source": "OpenStreetMap",
        "osm_id": "1539473110"
      }
    },
    {
      "type": "Feature",
      "geometry": {
        "type": "LineString",
        "coordinates": [
          [
            118.9191511,
            32.1199102
          ],
          [
            118.9198836,
            32.120294
          ]
        ]
      },
      "properties": {
        "kind": "road",
        "highway": "secondary",
        "name": "文澜路",
        "source": "OpenStreetMap",
        "osm_id": "1539473111"
      }
    },
    {
      "type": "Feature",
      "geometry": {
        "type": "LineString",
        "coordinates": [
          [
            118.9025228,
            32.1253821
          ],
          [
            118.9026718,
            32.1252347
          ],
          [
            118.9028484,
            32.124841
          ]
        ]
      },
      "properties": {
        "kind": "road",
        "highway": "tertiary",
        "name": "金创路",
        "source": "OpenStreetMap",
        "osm_id": "1539473112"
      }
    },
    {
      "type": "Feature",
      "geometry": {
        "type": "LineString",
        "coordinates": [
          [
            118.9147731,
            32.1266722
          ],
          [
            118.9140114,
            32.1263869
          ],
          [
            118.9134499,
            32.1261611
          ],
          [
            118.9103536,
            32.124715
          ],
          [
            118.9101454,
            32.1244793
          ]
        ]
      },
      "properties": {
        "kind": "road",
        "highway": "tertiary",
        "name": "智谷大道辅路",
        "source": "OpenStreetMap",
        "osm_id": "1539473113"
      }
    },
    {
      "type": "Feature",
      "geometry": {
        "type": "LineString",
        "coordinates": [
          [
            118.9149458,
            32.1263754
          ],
          [
            118.9151871,
            32.1264945
          ],
          [
            118.9178952,
            32.1277166
          ],
          [
            118.9214312,
            32.1292386
          ],
          [
            118.9229063,
            32.1298778
          ]
        ]
      },
      "properties": {
        "kind": "road",
        "highway": "primary",
        "name": "智谷大道",
        "source": "OpenStreetMap",
        "osm_id": "1539473114"
      }
    },
    {
      "type": "Feature",
      "geometry": {
        "type": "LineString",
        "coordinates": [
          [
            118.9149458,
            32.1263754
          ],
          [
            118.9150153,
            32.1262505
          ]
        ]
      },
      "properties": {
        "kind": "road",
        "highway": "secondary",
        "name": null,
        "source": "OpenStreetMap",
        "osm_id": "1539473115"
      }
    },
    {
      "type": "Feature",
      "geometry": {
        "type": "LineString",
        "coordinates": [
          [
            118.9150153,
            32.1262505
          ],
          [
            118.916005,
            32.1245441
          ],
          [
            118.9161498,
            32.1243003
          ]
        ]
      },
      "properties": {
        "kind": "road",
        "highway": "secondary",
        "name": null,
        "source": "OpenStreetMap",
        "osm_id": "1539473116"
      }
    },
    {
      "type": "Feature",
      "geometry": {
        "type": "LineString",
        "coordinates": [
          [
            118.9222218,
            32.1216732
          ],
          [
            118.92019,
            32.1206477
          ]
        ]
      },
      "properties": {
        "kind": "road",
        "highway": "secondary",
        "name": "文澜路",
        "source": "OpenStreetMap",
        "osm_id": "1539473118"
      }
    },
    {
      "type": "Feature",
      "geometry": {
        "type": "LineString",
        "coordinates": [
          [
            118.9223005,
            32.1215602
          ],
          [
            118.9222218,
            32.1216732
          ]
        ]
      },
      "properties": {
        "kind": "road",
        "highway": "tertiary",
        "name": null,
        "source": "OpenStreetMap",
        "osm_id": "1539473119"
      }
    },
    {
      "type": "Feature",
      "geometry": {
        "type": "LineString",
        "coordinates": [
          [
            118.9195455,
            32.1258817
          ],
          [
            118.9194598,
            32.1260226
          ],
          [
            118.9193166,
            32.1262391
          ],
          [
            118.9187235,
            32.1271397
          ],
          [
            118.9186844,
            32.1271991
          ]
        ]
      },
      "properties": {
        "kind": "road",
        "highway": "tertiary",
        "name": null,
        "source": "OpenStreetMap",
        "osm_id": "1539473120"
      }
    },
    {
      "type": "Feature",
      "geometry": {
        "type": "LineString",
        "coordinates": [
          [
            118.9147731,
            32.1266722
          ],
          [
            118.913535,
            32.1260974
          ],
          [
            118.9118802,
            32.1253137
          ],
          [
            118.9104195,
            32.1246141
          ],
          [
            118.9101454,
            32.1244793
          ]
        ]
      },
      "properties": {
        "kind": "road",
        "highway": "primary",
        "name": "智谷大道",
        "source": "OpenStreetMap",
        "osm_id": "1539473121"
      }
    },
    {
      "type": "Feature",
      "geometry": {
        "type": "LineString",
        "coordinates": [
          [
            118.9150159,
            32.1267781
          ],
          [
            118.9147731,
            32.1266722
          ]
        ]
      },
      "properties": {
        "kind": "road",
        "highway": "primary",
        "name": "智谷大道",
        "source": "OpenStreetMap",
        "osm_id": "1539473122"
      }
    },
    {
      "type": "Feature",
      "geometry": {
        "type": "LineString",
        "coordinates": [
          [
            118.9198836,
            32.120294
          ],
          [
            118.9223005,
            32.1215602
          ]
        ]
      },
      "properties": {
        "kind": "road",
        "highway": "secondary",
        "name": "文澜路",
        "source": "OpenStreetMap",
        "osm_id": "1539473123"
      }
    },
    {
      "type": "Feature",
      "geometry": {
        "type": "LineString",
        "coordinates": [
          [
            118.9164421,
            32.1244341
          ],
          [
            118.9156723,
            32.1257163
          ]
        ]
      },
      "properties": {
        "kind": "road",
        "highway": "secondary",
        "name": "学海路",
        "source": "OpenStreetMap",
        "osm_id": "1539473124"
      }
    },
    {
      "type": "Feature",
      "geometry": {
        "type": "LineString",
        "coordinates": [
          [
            118.9161498,
            32.1243003
          ],
          [
            118.9164421,
            32.1244341
          ]
        ]
      },
      "properties": {
        "kind": "road",
        "highway": "tertiary",
        "name": null,
        "source": "OpenStreetMap",
        "osm_id": "1539473125"
      }
    },
    {
      "type": "Feature",
      "geometry": {
        "type": "LineString",
        "coordinates": [
          [
            118.9009486,
            32.1186539
          ],
          [
            118.9015239,
            32.1177697
          ],
          [
            118.9019908,
            32.1171363
          ]
        ]
      },
      "properties": {
        "kind": "road",
        "highway": "primary",
        "name": "仙新路",
        "source": "OpenStreetMap",
        "osm_id": "1539473126"
      }
    },
    {
      "type": "Feature",
      "geometry": {
        "type": "LineString",
        "coordinates": [
          [
            118.8907593,
            32.1334729
          ],
          [
            118.8903548,
            32.1339033
          ],
          [
            118.889502,
            32.134811
          ],
          [
            118.8889387,
            32.1355492
          ],
          [
            118.8886398,
            32.1360628
          ]
        ]
      },
      "properties": {
        "kind": "road",
        "highway": "primary",
        "name": "仙新路",
        "source": "OpenStreetMap",
        "osm_id": "1539473129"
      }
    },
    {
      "type": "Feature",
      "geometry": {
        "type": "LineString",
        "coordinates": [
          [
            118.8886398,
            32.1360628
          ],
          [
            118.8884132,
            32.1364523
          ]
        ]
      },
      "properties": {
        "kind": "road",
        "highway": "primary",
        "name": "仙新路",
        "source": "OpenStreetMap",
        "osm_id": "1539473131"
      }
    },
    {
      "type": "Feature",
      "geometry": {
        "type": "LineString",
        "coordinates": [
          [
            118.8885116,
            32.1365064
          ],
          [
            118.8886166,
            32.136466
          ],
          [
            118.8887698,
            32.1364214
          ],
          [
            118.8891023,
            32.1364032
          ]
        ]
      },
      "properties": {
        "kind": "road",
        "highway": "secondary",
        "name": "栖霞大道辅路",
        "source": "OpenStreetMap",
        "osm_id": "1539473132"
      }
    },
    {
      "type": "Feature",
      "geometry": {
        "type": "LineString",
        "coordinates": [
          [
            118.8952148,
            32.1329284
          ],
          [
            118.8952274,
            32.134503
          ],
          [
            118.8952316,
            32.1357037
          ],
          [
            118.8952337,
            32.1362909
          ]
        ]
      },
      "properties": {
        "kind": "road",
        "highway": "tertiary",
        "name": "仙新中路",
        "source": "OpenStreetMap",
        "osm_id": "1539473133"
      }
    },
    {
      "type": "Feature",
      "geometry": {
        "type": "LineString",
        "coordinates": [
          [
            118.8952337,
            32.1362909
          ],
          [
            118.8952331,
            32.1364036
          ]
        ]
      },
      "properties": {
        "kind": "road",
        "highway": "tertiary",
        "name": "仙新中路",
        "source": "OpenStreetMap",
        "osm_id": "1539473134"
      }
    },
    {
      "type": "Feature",
      "geometry": {
        "type": "LineString",
        "coordinates": [
          [
            118.8904525,
            32.1332819
          ],
          [
            118.8907593,
            32.1334729
          ]
        ]
      },
      "properties": {
        "kind": "road",
        "highway": "tertiary",
        "name": "尧顺路",
        "source": "OpenStreetMap",
        "osm_id": "1539473135"
      }
    },
    {
      "type": "Feature",
      "geometry": {
        "type": "LineString",
        "coordinates": [
          [
            118.8914057,
            32.1328095
          ],
          [
            118.8907593,
            32.1334729
          ]
        ]
      },
      "properties": {
        "kind": "road",
        "highway": "primary",
        "name": "仙新路",
        "source": "OpenStreetMap",
        "osm_id": "1539473136"
      }
    },
    {
      "type": "Feature",
      "geometry": {
        "type": "LineString",
        "coordinates": [
          [
            118.8914057,
            32.1328095
          ],
          [
            118.8915147,
            32.1328958
          ],
          [
            118.8916713,
            32.1329453
          ],
          [
            118.8917724,
            32.1329568
          ],
          [
            118.8936027,
            32.1329232
          ],
          [
            118.8943462,
            32.1329256
          ],
          [
            118.8952148,
            32.1329284
          ]
        ]
      },
      "properties": {
        "kind": "road",
        "highway": "tertiary",
        "name": "恒业路",
        "source": "OpenStreetMap",
        "osm_id": "1539473137"
      }
    },
    {
      "type": "Feature",
      "geometry": {
        "type": "LineString",
        "coordinates": [
          [
            118.888549,
            32.1369665
          ],
          [
            118.8884704,
            32.1370169
          ],
          [
            118.8883543,
            32.1370622
          ],
          [
            118.8882044,
            32.1370996
          ]
        ]
      },
      "properties": {
        "kind": "road",
        "highway": "primary",
        "name": null,
        "source": "OpenStreetMap",
        "osm_id": "1539473138"
      }
    },
    {
      "type": "Feature",
      "geometry": {
        "type": "LineString",
        "coordinates": [
          [
            118.898779,
            32.1222773
          ],
          [
            118.8985852,
            32.1224388
          ],
          [
            118.8973962,
            32.124209
          ]
        ]
      },
      "properties": {
        "kind": "road",
        "highway": "trunk",
        "name": "仙新路",
        "source": "OpenStreetMap",
        "osm_id": "1539487722"
      }
    },
    {
      "type": "Feature",
      "geometry": {
        "type": "LineString",
        "coordinates": [
          [
            118.8972924,
            32.1241221
          ],
          [
            118.8985085,
            32.122268
          ]
        ]
      },
      "properties": {
        "kind": "road",
        "highway": "trunk",
        "name": "仙新路",
        "source": "OpenStreetMap",
        "osm_id": "1539487723"
      }
    },
    {
      "type": "Feature",
      "geometry": {
        "type": "LineString",
        "coordinates": [
          [
            118.890202,
            32.1472796
          ],
          [
            118.8898373,
            32.1457217
          ],
          [
            118.889439,
            32.1444974
          ]
        ]
      },
      "properties": {
        "kind": "road",
        "highway": "primary",
        "name": "仙新路",
        "source": "OpenStreetMap",
        "osm_id": "1539487725"
      }
    },
    {
      "type": "Feature",
      "geometry": {
        "type": "LineString",
        "coordinates": [
          [
            118.9406142,
            32.1270667
          ],
          [
            118.9407617,
            32.1270849
          ],
          [
            118.9411377,
            32.1271292
          ]
        ]
      },
      "properties": {
        "kind": "road",
        "highway": "secondary",
        "name": "纬地路",
        "source": "OpenStreetMap",
        "osm_id": "89910180"
      }
    },
    {
      "type": "Feature",
      "geometry": {
        "type": "LineString",
        "coordinates": [
          [
            118.930768,
            32.1196271
          ],
          [
            118.9306671,
            32.1199448
          ],
          [
            118.930505,
            32.1202769
          ],
          [
            118.9301787,
            32.1208342
          ],
          [
            118.9296666,
            32.1216798
          ],
          [
            118.9295003,
            32.1219543
          ],
          [
            118.9281526,
            32.1241626
          ],
          [
            118.9280627,
            32.1243307
          ],
          [
            118.9267712,
            32.1264248
          ]
        ]
      },
      "properties": {
        "kind": "road",
        "highway": "secondary",
        "name": "仙境路",
        "source": "OpenStreetMap",
        "osm_id": "89910185"
      }
    },
    {
      "type": "Feature",
      "geometry": {
        "type": "LineString",
        "coordinates": [
          [
            118.9613819,
            32.1128215
          ],
          [
            118.9611835,
            32.1130469
          ],
          [
            118.9610573,
            32.1132487
          ],
          [
            118.9605931,
            32.1139909
          ],
          [
            118.9599324,
            32.1150989
          ],
          [
            118.9594509,
            32.1161459
          ],
          [
            118.9591964,
            32.1169407
          ],
          [
            118.9590677,
            32.1175397
          ],
          [
            118.959021,
            32.1181235
          ],
          [
            118.9589964,
            32.1183878
          ],
          [
            118.9589557,
            32.1188251
          ],
          [
            118.9589806,
            32.1194973
          ],
          [
            118.9590161,
            32.1200988
          ],
          [
            118.9590647,
            32.1204506
          ],
          [
            118.9593907,
            32.1218426
          ],
          [
            118.9596303,
            32.1229075
          ],
          [
            118.9597293,
            32.1236852
          ],
          [
            118.9597742,
            32.1241393
          ],
          [
            118.9598203,
            32.1244796
          ],
          [
            118.9598941,
            32.1253221
          ],
          [
            118.9599069,
            32.1254698
          ],
          [
            118.9599232,
            32.125636
          ],
          [
            118.9599589,
            32.1261823
          ],
          [
            118.959947,
            32.1266399
          ],
          [
            118.9599312,
            32.1269389
          ],
          [
            118.9599008,
            32.1273521
          ],
          [
            118.9598718,
            32.1277376
          ],
          [
            118.9597881,
            32.1283012
          ],
          [
            118.959665,
            32.1288774
          ],
          [
            118.9595194,
            32.1294676
          ],
          [
            118.9591645,
            32.1307016
          ],
          [
            118.9589676,
            32.1312984
          ],
          [
            118.9588668,
            32.1315347
          ],
          [
            118.9585976,
            32.1322852
          ],
          [
            118.9584237,
            32.13277
          ],
          [
            118.9575388,
            32.1352368
          ],
          [
            118.9574705,
            32.135428
          ],
          [
            118.956875,
            32.1372528
          ],
          [
            118.9566952,
            32.1378697
          ]
        ]
      },
      "properties": {
        "kind": "road",
        "highway": "tertiary",
        "name": "元化路",
        "source": "OpenStreetMap",
        "osm_id": "89911078"
      }
    },
    {
      "type": "Feature",
      "geometry": {
        "type": "LineString",
        "coordinates": [
          [
            118.9406142,
            32.1270667
          ],
          [
            118.9403809,
            32.1244172
          ],
          [
            118.9402013,
            32.1223771
          ],
          [
            118.9401847,
            32.1220467
          ],
          [
            118.9401864,
            32.1217124
          ],
          [
            118.9402007,
            32.1214071
          ],
          [
            118.9402286,
            32.1210941
          ],
          [
            118.9402929,
            32.1207187
          ],
          [
            118.9403685,
            32.1203917
          ],
          [
            118.9404792,
            32.1199929
          ],
          [
            118.9405829,
            32.1197005
          ],
          [
            118.9408046,
            32.1192337
          ],
          [
            118.9410137,
            32.118785
          ],
          [
            118.9422503,
            32.116598
          ],
          [
            118.9428818,
            32.1155035
          ],
          [
            118.9429255,
            32.1154278
          ]
        ]
      },
      "properties": {
        "kind": "road",
        "highway": "secondary",
        "name": "九乡河西路",
        "source": "OpenStreetMap",
        "osm_id": "89931217"
      }
    },
    {
      "type": "Feature",
      "geometry": {
        "type": "LineString",
        "coordinates": [
          [
            118.9514722,
            32.122309
          ],
          [
            118.9512902,
            32.1218625
          ],
          [
            118.9512025,
            32.1217431
          ],
          [
            118.9509828,
            32.1215607
          ],
          [
            118.9504099,
            32.1211353
          ],
          [
            118.9502731,
            32.1210104
          ],
          [
            118.9501792,
            32.1208809
          ],
          [
            118.9501631,
            32.1207333
          ],
          [
            118.9501749,
            32.1206927
          ],
          [
            118.9502061,
            32.1205856
          ],
          [
            118.9502302,
            32.1205608
          ],
          [
            118.9503214,
            32.1204674
          ],
          [
            118.9504809,
            32.1203812
          ],
          [
            118.9507694,
            32.1201822
          ],
          [
            118.9509068,
            32.1200213
          ],
          [
            118.9510661,
            32.1196825
          ],
          [
            118.9511138,
            32.1194763
          ],
          [
            118.9511235,
            32.1193368
          ],
          [
            118.9511396,
            32.1191945
          ],
          [
            118.9512172,
            32.1190218
          ],
          [
            118.9513758,
            32.1188687
          ],
          [
            118.9514828,
            32.1187893
          ],
          [
            118.9520746,
            32.1185242
          ],
          [
            118.9520906,
            32.1185181
          ],
          [
            118.9523482,
            32.1183818
          ],
          [
            118.952624,
            32.1182429
          ],
          [
            118.9527361,
            32.1181813
          ],
          [
            118.9528929,
            32.1181186
          ],
          [
            118.9530907,
            32.1180349
          ],
          [
            118.953442,
            32.1179267
          ],
          [
            118.9537012,
            32.1178709
          ]
        ]
      },
      "properties": {
        "kind": "road",
        "highway": "residential",
        "name": "国器路",
        "source": "OpenStreetMap",
        "osm_id": "99661757"
      }
    },
    {
      "type": "Feature",
      "geometry": {
        "type": "LineString",
        "coordinates": [
          [
            118.930448,
            32.1161231
          ],
          [
            118.9306717,
            32.1161379
          ],
          [
            118.9314451,
            32.1162441
          ],
          [
            118.9317467,
            32.1163261
          ],
          [
            118.9319815,
            32.1164073
          ],
          [
            118.9321482,
            32.1164749
          ],
          [
            118.9324778,
            32.1166484
          ],
          [
            118.9327593,
            32.116832
          ],
          [
            118.933148,
            32.1171358
          ],
          [
            118.933504,
            32.1174192
          ],
          [
            118.9343981,
            32.1181144
          ],
          [
            118.934779,
            32.1183143
          ],
          [
            118.9350271,
            32.1184188
          ],
          [
            118.935336,
            32.118511
          ],
          [
            118.9355899,
            32.1185726
          ],
          [
            118.9358264,
            32.1186085
          ],
          [
            118.936163,
            32.1186356
          ],
          [
            118.9376207,
            32.1186727
          ],
          [
            118.9393286,
            32.1187238
          ]
        ]
      },
      "properties": {
        "kind": "road",
        "highway": "tertiary",
        "name": "羊山北路",
        "source": "OpenStreetMap",
        "osm_id": "99661763"
      }
    },
    {
      "type": "Feature",
      "geometry": {
        "type": "LineString",
        "coordinates": [
          [
            118.9481754,
            32.1187859
          ],
          [
            118.9487401,
            32.1176497
          ],
          [
            118.9487789,
            32.1175783
          ]
        ]
      },
      "properties": {
        "kind": "road",
        "highway": "residential",
        "name": "宏育路",
        "source": "OpenStreetMap",
        "osm_id": "99661838"
      }
    },
    {
      "type": "Feature",
      "geometry": {
        "type": "LineString",
        "coordinates": [
          [
            118.9549453,
            32.1151753
          ],
          [
            118.9549976,
            32.1152253
          ],
          [
            118.954994,
            32.1152544
          ],
          [
            118.954936,
            32.1152889
          ]
        ]
      },
      "properties": {
        "kind": "road",
        "highway": "residential",
        "name": "金大路",
        "source": "OpenStreetMap",
        "osm_id": "99661840"
      }
    },
    {
      "type": "Feature",
      "geometry": {
        "type": "LineString",
        "coordinates": [
          [
            118.9565319,
            32.1164954
          ],
          [
            118.9568847,
            32.115898
          ],
          [
            118.957035,
            32.1155692
          ]
        ]
      },
      "properties": {
        "kind": "road",
        "highway": "residential",
        "name": "亚明路",
        "source": "OpenStreetMap",
        "osm_id": "99661842"
      }
    },
    {
      "type": "Feature",
      "geometry": {
        "type": "LineString",
        "coordinates": [
          [
            118.9460456,
            32.1266883
          ],
          [
            118.9459839,
            32.1259256
          ],
          [
            118.9459562,
            32.1255831
          ],
          [
            118.9459096,
            32.1251065
          ],
          [
            118.945866,
            32.1245035
          ],
          [
            118.9458276,
            32.1241108
          ],
          [
            118.9458189,
            32.1236474
          ],
          [
            118.9458165,
            32.1235217
          ],
          [
            118.9458203,
            32.1231576
          ],
          [
            118.9458207,
            32.1231119
          ],
          [
            118.9458342,
            32.1228684
          ],
          [
            118.9458532,
            32.1227253
          ],
          [
            118.9458662,
            32.1225899
          ],
          [
            118.9458694,
            32.1225645
          ],
          [
            118.9459115,
            32.1222284
          ],
          [
            118.9459392,
            32.1220663
          ],
          [
            118.946113,
            32.1212667
          ],
          [
            118.9463486,
            32.1201898
          ],
          [
            118.9464297,
            32.1199318
          ],
          [
            118.9467122,
            32.1198037
          ],
          [
            118.9467927,
            32.1197673
          ]
        ]
      },
      "properties": {
        "kind": "road",
        "highway": "residential",
        "name": "汇文路",
        "source": "OpenStreetMap",
        "osm_id": "99661843"
      }
    },
    {
      "type": "Feature",
      "geometry": {
        "type": "LineString",
        "coordinates": [
          [
            118.9559503,
            32.112405
          ],
          [
            118.9558702,
            32.1128197
          ],
          [
            118.9557792,
            32.1132916
          ],
          [
            118.9557728,
            32.1133246
          ],
          [
            118.9557541,
            32.1134216
          ],
          [
            118.9557356,
            32.1135175
          ],
          [
            118.9556452,
            32.1139857
          ],
          [
            118.9555367,
            32.1145481
          ],
          [
            118.9554998,
            32.1147352
          ],
          [
            118.9554127,
            32.1151902
          ],
          [
            118.9554055,
            32.1152276
          ]
        ]
      },
      "properties": {
        "kind": "road",
        "highway": "residential",
        "name": "中大路",
        "source": "OpenStreetMap",
        "osm_id": "99661844"
      }
    },
    {
      "type": "Feature",
      "geometry": {
        "type": "LineString",
        "coordinates": [
          [
            118.9495164,
            32.119147
          ],
          [
            118.9495429,
            32.119155
          ],
          [
            118.9495914,
            32.1191698
          ],
          [
            118.949725,
            32.1192104
          ]
        ]
      },
      "properties": {
        "kind": "road",
        "highway": "residential",
        "name": null,
        "source": "OpenStreetMap",
        "osm_id": "99661845"
      }
    },
    {
      "type": "Feature",
      "geometry": {
        "type": "LineString",
        "coordinates": [
          [
            118.9493188,
            32.1137523
          ],
          [
            118.9494441,
            32.1137964
          ],
          [
            118.9503752,
            32.1141142
          ],
          [
            118.9504758,
            32.1141575
          ]
        ]
      },
      "properties": {
        "kind": "road",
        "highway": "residential",
        "name": null,
        "source": "OpenStreetMap",
        "osm_id": "99814432"
      }
    },
    {
      "type": "Feature",
      "geometry": {
        "type": "LineString",
        "coordinates": [
          [
            118.9413725,
            32.1188025
          ],
          [
            118.9422092,
            32.1189296
          ]
        ]
      },
      "properties": {
        "kind": "road",
        "highway": "tertiary",
        "name": "天工路",
        "source": "OpenStreetMap",
        "osm_id": "118862312"
      }
    },
    {
      "type": "Feature",
      "geometry": {
        "type": "LineString",
        "coordinates": [
          [
            118.9320787,
            32.1225988
          ],
          [
            118.9320258,
            32.1230932
          ],
          [
            118.9323265,
            32.1235671
          ],
          [
            118.9327506,
            32.1237772
          ],
          [
            118.9334504,
            32.124425
          ],
          [
            118.9336268,
            32.1248153
          ],
          [
            118.9337629,
            32.125161
          ],
          [
            118.9344148,
            32.1255341
          ],
          [
            118.9346146,
            32.1255831
          ],
          [
            118.9354661,
            32.1257593
          ],
          [
            118.9359504,
            32.1258596
          ],
          [
            118.9360337,
            32.1258713
          ],
          [
            118.9370151,
            32.1259378
          ],
          [
            118.9375143,
            32.1261017
          ]
        ]
      },
      "properties": {
        "kind": "road",
        "highway": "residential",
        "name": "任之北路",
        "source": "OpenStreetMap",
        "osm_id": "118862316"
      }
    },
    {
      "type": "Feature",
      "geometry": {
        "type": "LineString",
        "coordinates": [
          [
            118.9370151,
            32.1259378
          ],
          [
            118.9370663,
            32.1256451
          ],
          [
            118.9371449,
            32.1251952
          ],
          [
            118.9372483,
            32.1246038
          ],
          [
            118.9372784,
            32.1244313
          ],
          [
            118.9375184,
            32.1244222
          ],
          [
            118.9377959,
            32.1244152
          ]
        ]
      },
      "properties": {
        "kind": "road",
        "highway": "residential",
        "name": null,
        "source": "OpenStreetMap",
        "osm_id": "118862339"
      }
    },
    {
      "type": "Feature",
      "geometry": {
        "type": "LineString",
        "coordinates": [
          [
            118.9396848,
            32.1205278
          ],
          [
            118.9390551,
            32.1201163
          ],
          [
            118.9383895,
            32.1201376
          ],
          [
            118.9377317,
            32.1201587
          ],
          [
            118.9374332,
            32.1201678
          ],
          [
            118.9372463,
            32.1201686
          ],
          [
            118.9366226,
            32.1201606
          ],
          [
            118.9363106,
            32.1201566
          ],
          [
            118.9359754,
            32.1201507
          ],
          [
            118.9355679,
            32.1201471
          ],
          [
            118.9347313,
            32.1204153
          ],
          [
            118.9345649,
            32.120564
          ],
          [
            118.9344048,
            32.1207002
          ],
          [
            118.9342464,
            32.1209075
          ],
          [
            118.9338933,
            32.1213695
          ],
          [
            118.9338493,
            32.1214134
          ],
          [
            118.9337644,
            32.1214909
          ],
          [
            118.9336723,
            32.1215583
          ],
          [
            118.9332878,
            32.1218556
          ],
          [
            118.9320787,
            32.1225988
          ]
        ]
      },
      "properties": {
        "kind": "road",
        "highway": "residential",
        "name": "任之路",
        "source": "OpenStreetMap",
        "osm_id": "118862369"
      }
    },
    {
      "type": "Feature",
      "geometry": {
        "type": "LineString",
        "coordinates": [
          [
            118.9375137,
            32.1235284
          ],
          [
            118.936507,
            32.123365
          ],
          [
            118.9350936,
            32.1233677
          ],
          [
            118.9346774,
            32.1232556
          ],
          [
            118.9345574,
            32.1225634
          ],
          [
            118.9345435,
            32.1223885
          ],
          [
            118.9339921,
            32.12211
          ],
          [
            118.9332878,
            32.1218556
          ]
        ]
      },
      "properties": {
        "kind": "road",
        "highway": "residential",
        "name": null,
        "source": "OpenStreetMap",
        "osm_id": "118862381"
      }
    },
    {
      "type": "Feature",
      "geometry": {
        "type": "LineString",
        "coordinates": [
          [
            118.9390551,
            32.1201163
          ],
          [
            118.9390121,
            32.1207285
          ],
          [
            118.9389996,
            32.1209079
          ],
          [
            118.9389818,
            32.1211604
          ],
          [
            118.9388068,
            32.1211656
          ],
          [
            118.9385935,
            32.1211754
          ],
          [
            118.9383929,
            32.1211708
          ],
          [
            118.9380381,
            32.1211628
          ],
          [
            118.9377444,
            32.1211561
          ],
          [
            118.9374957,
            32.1211504
          ]
        ]
      },
      "properties": {
        "kind": "road",
        "highway": "residential",
        "name": null,
        "source": "OpenStreetMap",
        "osm_id": "118862386"
      }
    },
    {
      "type": "Feature",
      "geometry": {
        "type": "LineString",
        "coordinates": [
          [
            118.9375184,
            32.1244222
          ],
          [
            118.9375032,
            32.1241042
          ],
          [
            118.9375137,
            32.1235284
          ],
          [
            118.9375093,
            32.1230363
          ],
          [
            118.9375073,
            32.1227977
          ],
          [
            118.9375042,
            32.1224255
          ],
          [
            118.9375021,
            32.1221809
          ],
          [
            118.9375,
            32.1219293
          ],
          [
            118.9374992,
            32.12183
          ],
          [
            118.937494,
            32.1212156
          ],
          [
            118.9374957,
            32.1211504
          ],
          [
            118.9372459,
            32.1211485
          ],
          [
            118.937246,
            32.121099
          ],
          [
            118.9372461,
            32.1207548
          ],
          [
            118.9372463,
            32.1201686
          ]
        ]
      },
      "properties": {
        "kind": "road",
        "highway": "residential",
        "name": null,
        "source": "OpenStreetMap",
        "osm_id": "118862396"
      }
    },
    {
      "type": "Feature",
      "geometry": {
        "type": "LineString",
        "coordinates": [
          [
            118.9298906,
            32.121794
          ],
          [
            118.9301612,
            32.1218983
          ],
          [
            118.9305273,
            32.1220394
          ],
          [
            118.9313408,
            32.1223561
          ],
          [
            118.931908,
            32.1225549
          ],
          [
            118.9320787,
            32.1225988
          ]
        ]
      },
      "properties": {
        "kind": "road",
        "highway": "residential",
        "name": "践行路",
        "source": "OpenStreetMap",
        "osm_id": "118862400"
      }
    },
    {
      "type": "Feature",
      "geometry": {
        "type": "LineString",
        "coordinates": [
          [
            118.9354358,
            32.1193024
          ],
          [
            118.9359739,
            32.1193195
          ],
          [
            118.9363334,
            32.1193172
          ],
          [
            118.9369015,
            32.1193233
          ],
          [
            118.9373848,
            32.1193263
          ],
          [
            118.9377174,
            32.1193331
          ],
          [
            118.9377317,
            32.1201587
          ]
        ]
      },
      "properties": {
        "kind": "road",
        "highway": "residential",
        "name": null,
        "source": "OpenStreetMap",
        "osm_id": "118862414"
      }
    },
    {
      "type": "Feature",
      "geometry": {
        "type": "LineString",
        "coordinates": [
          [
            118.9422092,
            32.1189296
          ],
          [
            118.9428507,
            32.1190327
          ],
          [
            118.9429914,
            32.1190538
          ],
          [
            118.9443089,
            32.1192514
          ],
          [
            118.9446991,
            32.1193139
          ],
          [
            118.9462349,
            32.1195598
          ],
          [
            118.9463141,
            32.1195796
          ]
        ]
      },
      "properties": {
        "kind": "road",
        "highway": "tertiary",
        "name": "天工路",
        "source": "OpenStreetMap",
        "osm_id": "118862423"
      }
    },
    {
      "type": "Feature",
      "geometry": {
        "type": "LineString",
        "coordinates": [
          [
            118.9400074,
            32.1244182
          ],
          [
            118.9396334,
            32.1244157
          ],
          [
            118.9377959,
            32.1244152
          ],
          [
            118.9377039,
            32.1249662
          ],
          [
            118.9376616,
            32.1252198
          ],
          [
            118.9375143,
            32.1261017
          ],
          [
            118.9374302,
            32.126375
          ]
        ]
      },
      "properties": {
        "kind": "road",
        "highway": "residential",
        "name": "任之东路",
        "source": "OpenStreetMap",
        "osm_id": "118862426"
      }
    },
    {
      "type": "Feature",
      "geometry": {
        "type": "LineString",
        "coordinates": [
          [
            118.9400074,
            32.1244182
          ],
          [
            118.9403809,
            32.1244172
          ]
        ]
      },
      "properties": {
        "kind": "road",
        "highway": "residential",
        "name": null,
        "source": "OpenStreetMap",
        "osm_id": "118862428"
      }
    },
    {
      "type": "Feature",
      "geometry": {
        "type": "LineString",
        "coordinates": [
          [
            118.9495164,
            32.119147
          ],
          [
            118.9492726,
            32.1190768
          ]
        ]
      },
      "properties": {
        "kind": "road",
        "highway": "residential",
        "name": null,
        "source": "OpenStreetMap",
        "osm_id": "118862433"
      }
    },
    {
      "type": "Feature",
      "geometry": {
        "type": "LineString",
        "coordinates": [
          [
            118.9555656,
            32.1112764
          ],
          [
            118.9562812,
            32.1113221
          ],
          [
            118.9571005,
            32.1114
          ],
          [
            118.9581658,
            32.1115868
          ],
          [
            118.9583497,
            32.1116184
          ],
          [
            118.9589657,
            32.1117618
          ],
          [
            118.9592762,
            32.1118731
          ],
          [
            118.9596672,
            32.1120067
          ],
          [
            118.9600459,
            32.11215
          ],
          [
            118.9604129,
            32.1123111
          ],
          [
            118.9605647,
            32.1123881
          ],
          [
            118.9609895,
            32.1126035
          ],
          [
            118.9613819,
            32.1128215
          ],
          [
            118.9616903,
            32.1129922
          ],
          [
            118.9617768,
            32.1130556
          ],
          [
            118.9618679,
            32.1131171
          ],
          [
            118.9622851,
            32.1133502
          ],
          [
            118.9632471,
            32.1140286
          ],
          [
            118.9635437,
            32.1142527
          ]
        ]
      },
      "properties": {
        "kind": "road",
        "highway": "primary",
        "name": "仙林大道",
        "source": "OpenStreetMap",
        "osm_id": "118932325"
      }
    },
    {
      "type": "Feature",
      "geometry": {
        "type": "LineString",
        "coordinates": [
          [
            118.9252021,
            32.1290767
          ],
          [
            118.9257127,
            32.1294474
          ],
          [
            118.9260838,
            32.129859
          ],
          [
            118.9266752,
            32.1306146
          ],
          [
            118.926905,
            32.130856
          ],
          [
            118.9272259,
            32.1310928
          ],
          [
            118.9274745,
            32.1312348
          ],
          [
            118.928493,
            32.1317084
          ],
          [
            118.9301235,
            32.1324706
          ],
          [
            118.9332244,
            32.1339116
          ],
          [
            118.9339985,
            32.1342546
          ],
          [
            118.9347173,
            32.1345362
          ],
          [
            118.9354683,
            32.134727
          ],
          [
            118.9362837,
            32.1348814
          ],
          [
            118.9363882,
            32.134892
          ],
          [
            118.9384295,
            32.1350995
          ]
        ]
      },
      "properties": {
        "kind": "road",
        "highway": "tertiary",
        "name": "文成东路",
        "source": "OpenStreetMap",
        "osm_id": "155382614"
      }
    },
    {
      "type": "Feature",
      "geometry": {
        "type": "LineString",
        "coordinates": [
          [
            118.9582642,
            32.1158957
          ],
          [
            118.9582935,
            32.1157904
          ],
          [
            118.9583037,
            32.1157402
          ],
          [
            118.9583815,
            32.1153578
          ],
          [
            118.9584277,
            32.1150901
          ],
          [
            118.958465,
            32.1148735
          ],
          [
            118.9585219,
            32.1145544
          ],
          [
            118.9586162,
            32.1140978
          ],
          [
            118.9586442,
            32.113927
          ],
          [
            118.9586606,
            32.1138268
          ],
          [
            118.9586767,
            32.1137355
          ],
          [
            118.9588059,
            32.1130027
          ],
          [
            118.9588372,
            32.1129019
          ]
        ]
      },
      "properties": {
        "kind": "road",
        "highway": "residential",
        "name": "东大路",
        "source": "OpenStreetMap",
        "osm_id": "156233219"
      }
    },
    {
      "type": "Feature",
      "geometry": {
        "type": "LineString",
        "coordinates": [
          [
            118.9599008,
            32.1273521
          ],
          [
            118.959372,
            32.1273501
          ],
          [
            118.9592579,
            32.1273064
          ],
          [
            118.9591679,
            32.1271701
          ],
          [
            118.9591779,
            32.1270717
          ],
          [
            118.9592692,
            32.1269785
          ],
          [
            118.9593891,
            32.1269404
          ],
          [
            118.9599312,
            32.1269389
          ]
        ]
      },
      "properties": {
        "kind": "road",
        "highway": "residential",
        "name": null,
        "source": "OpenStreetMap",
        "osm_id": "156233220"
      }
    },
    {
      "type": "Feature",
      "geometry": {
        "type": "LineString",
        "coordinates": [
          [
            118.9553546,
            32.1271395
          ],
          [
            118.9553789,
            32.1271362
          ],
          [
            118.9554541,
            32.1271258
          ],
          [
            118.9556001,
            32.1270782
          ],
          [
            118.957554,
            32.1270746
          ],
          [
            118.9583692,
            32.1270732
          ],
          [
            118.9591779,
            32.1270717
          ]
        ]
      },
      "properties": {
        "kind": "road",
        "highway": "residential",
        "name": null,
        "source": "OpenStreetMap",
        "osm_id": "156233222"
      }
    },
    {
      "type": "Feature",
      "geometry": {
        "type": "LineString",
        "coordinates": [
          [
            118.951697,
            32.1161512
          ],
          [
            118.9514598,
            32.1159569
          ]
        ]
      },
      "properties": {
        "kind": "road",
        "highway": "residential",
        "name": "智华桥",
        "source": "OpenStreetMap",
        "osm_id": "164252643"
      }
    },
    {
      "type": "Feature",
      "geometry": {
        "type": "LineString",
        "coordinates": [
          [
            118.9514598,
            32.1159569
          ],
          [
            118.9514219,
            32.1159349
          ],
          [
            118.9513204,
            32.1158649
          ]
        ]
      },
      "properties": {
        "kind": "road",
        "highway": "residential",
        "name": null,
        "source": "OpenStreetMap",
        "osm_id": "164252649"
      }
    },
    {
      "type": "Feature",
      "geometry": {
        "type": "LineString",
        "coordinates": [
          [
            118.950547,
            32.1116869
          ],
          [
            118.9513092,
            32.1117869
          ],
          [
            118.9520637,
            32.1118895
          ],
          [
            118.9528242,
            32.1119941
          ],
          [
            118.9535731,
            32.1120907
          ],
          [
            118.9537715,
            32.1121191
          ],
          [
            118.9538782,
            32.1121321
          ],
          [
            118.9546329,
            32.1122296
          ],
          [
            118.9547338,
            32.1122439
          ],
          [
            118.9554553,
            32.1123394
          ],
          [
            118.9559503,
            32.112405
          ]
        ]
      },
      "properties": {
        "kind": "road",
        "highway": "residential",
        "name": "三江路",
        "source": "OpenStreetMap",
        "osm_id": "164253941"
      }
    },
    {
      "type": "Feature",
      "geometry": {
        "type": "LineString",
        "coordinates": [
          [
            118.9524091,
            32.137349
          ],
          [
            118.9530324,
            32.1373215
          ],
          [
            118.9534644,
            32.1373606
          ],
          [
            118.9556192,
            32.1376935
          ],
          [
            118.9566952,
            32.1378697
          ],
          [
            118.9582342,
            32.1381859
          ],
          [
            118.9586749,
            32.1382667
          ],
          [
            118.9601877,
            32.138591
          ],
          [
            118.9628642,
            32.1391229
          ],
          [
            118.9637692,
            32.139333
          ],
          [
            118.9643403,
            32.1394573
          ],
          [
            118.9645102,
            32.1394759
          ],
          [
            118.9649543,
            32.1396089
          ],
          [
            118.9696622,
            32.1404839
          ],
          [
            118.972959,
            32.1411463
          ],
          [
            118.9745662,
            32.1414549
          ],
          [
            118.9777706,
            32.1420952
          ],
          [
            118.9814505,
            32.1428342
          ],
          [
            118.9840383,
            32.1433839
          ],
          [
            118.9845106,
            32.1434781
          ],
          [
            118.9846579,
            32.1435081
          ],
          [
            118.9849148,
            32.1435689
          ],
          [
            118.9880561,
            32.1443367
          ],
          [
            118.9891643,
            32.144657
          ],
          [
            118.9906939,
            32.1450665
          ],
          [
            118.9928606,
            32.1456335
          ],
          [
            118.9946789,
            32.1461174
          ],
          [
            118.9972404,
            32.1468059
          ],
          [
            118.997573,
            32.1468915
          ],
          [
            118.9983912,
            32.147087
          ],
          [
            119.0008307,
            32.1477092
          ],
          [
            119.002179,
            32.1480699
          ],
          [
            119.0035242,
            32.1483054
          ],
          [
            119.0038094,
            32.1483553
          ],
          [
            119.0039786,
            32.1484
          ],
          [
            119.0042143,
            32.1484263
          ],
          [
            119.0049269,
            32.1484912
          ],
          [
            119.0055535,
            32.1484833
          ],
          [
            119.0060156,
            32.1484427
          ],
          [
            119.0065793,
            32.1483873
          ],
          [
            119.0068235,
            32.1483633
          ],
          [
            119.0075528,
            32.1482531
          ],
          [
            119.0083247,
            32.1480641
          ]
        ]
      },
      "properties": {
        "kind": "road",
        "highway": "primary",
        "name": "智谷大道",
        "source": "OpenStreetMap",
        "osm_id": "165491429"
      }
    },
    {
      "type": "Feature",
      "geometry": {
        "type": "LineString",
        "coordinates": [
          [
            118.9678979,
            32.1262285
          ],
          [
            118.9678666,
            32.1263266
          ],
          [
            118.9677692,
            32.1265958
          ],
          [
            118.9676495,
            32.1270501
          ],
          [
            118.9676124,
            32.1274882
          ],
          [
            118.9676211,
            32.1279544
          ],
          [
            118.9676536,
            32.1284795
          ],
          [
            118.9676723,
            32.1293973
          ],
          [
            118.9676937,
            32.1297724
          ],
          [
            118.9677144,
            32.1300072
          ],
          [
            118.9677798,
            32.1304562
          ],
          [
            118.9678949,
            32.1309225
          ],
          [
            118.9680098,
            32.1312593
          ],
          [
            118.9682147,
            32.1317386
          ],
          [
            118.9684412,
            32.1322066
          ],
          [
            118.9685401,
            32.1323572
          ],
          [
            118.9686878,
            32.132583
          ],
          [
            118.9690178,
            32.1329769
          ],
          [
            118.9693851,
            32.1333406
          ],
          [
            118.969819,
            32.1336906
          ],
          [
            118.9705803,
            32.1342154
          ],
          [
            118.9706937,
            32.1342786
          ],
          [
            118.9711452,
            32.134469
          ],
          [
            118.9718298,
            32.1347216
          ],
          [
            118.9750966,
            32.1357907
          ],
          [
            118.9755029,
            32.1358998
          ],
          [
            118.9756144,
            32.1359262
          ]
        ]
      },
      "properties": {
        "kind": "road",
        "highway": "secondary",
        "name": "经天路",
        "source": "OpenStreetMap",
        "osm_id": "165518144"
      }
    },
    {
      "type": "Feature",
      "geometry": {
        "type": "LineString",
        "coordinates": [
          [
            118.9450801,
            32.1459032
          ],
          [
            118.945587,
            32.145156
          ],
          [
            118.946222,
            32.1440189
          ],
          [
            118.9466426,
            32.1432068
          ],
          [
            118.9470381,
            32.1422806
          ],
          [
            118.9473974,
            32.1410006
          ],
          [
            118.9476031,
            32.1399452
          ],
          [
            118.9477249,
            32.1383126
          ],
          [
            118.9476896,
            32.1371054
          ],
          [
            118.9475261,
            32.1358912
          ],
          [
            118.9473899,
            32.1351242
          ],
          [
            118.947227,
            32.1346013
          ],
          [
            118.9470602,
            32.1341415
          ],
          [
            118.9463448,
            32.1322304
          ]
        ]
      },
      "properties": {
        "kind": "road",
        "highway": "motorway",
        "name": null,
        "source": "OpenStreetMap",
        "osm_id": "168189212"
      }
    },
    {
      "type": "Feature",
      "geometry": {
        "type": "LineString",
        "coordinates": [
          [
            118.9460189,
            32.1102046
          ],
          [
            118.9448386,
            32.1100881
          ]
        ]
      },
      "properties": {
        "kind": "road",
        "highway": "primary",
        "name": "仙林大道",
        "source": "OpenStreetMap",
        "osm_id": "187480890"
      }
    },
    {
      "type": "Feature",
      "geometry": {
        "type": "LineString",
        "coordinates": [
          [
            118.9636283,
            32.1147228
          ],
          [
            118.9628313,
            32.1140451
          ],
          [
            118.9621013,
            32.113543
          ],
          [
            118.9616942,
            32.1132975
          ],
          [
            118.9616349,
            32.1132619
          ],
          [
            118.9615207,
            32.1132018
          ],
          [
            118.9611835,
            32.1130469
          ],
          [
            118.9607961,
            32.1128725
          ],
          [
            118.9604405,
            32.112718
          ],
          [
            118.9603922,
            32.1126956
          ],
          [
            118.9600387,
            32.1125315
          ],
          [
            118.9595353,
            32.1123048
          ],
          [
            118.9588505,
            32.1120726
          ],
          [
            118.9582458,
            32.1118929
          ],
          [
            118.9582291,
            32.1118893
          ],
          [
            118.9575262,
            32.111737
          ],
          [
            118.9570038,
            32.1116396
          ],
          [
            118.9566981,
            32.1116004
          ]
        ]
      },
      "properties": {
        "kind": "road",
        "highway": "primary",
        "name": "仙林大道",
        "source": "OpenStreetMap",
        "osm_id": "187480895"
      }
    },
    {
      "type": "Feature",
      "geometry": {
        "type": "LineString",
        "coordinates": [
          [
            118.9465429,
            32.1321684
          ],
          [
            118.9472581,
            32.1340788
          ],
          [
            118.9474285,
            32.1345487
          ],
          [
            118.94769,
            32.1357088
          ],
          [
            118.947712,
            32.1358519
          ],
          [
            118.9478619,
            32.1367094
          ],
          [
            118.9479058,
            32.1375638
          ],
          [
            118.9479401,
            32.1381182
          ],
          [
            118.9479325,
            32.1385728
          ],
          [
            118.9478254,
            32.1397679
          ],
          [
            118.9475877,
            32.1410649
          ],
          [
            118.9472733,
            32.1421143
          ],
          [
            118.9467323,
            32.1434917
          ],
          [
            118.9461072,
            32.1446556
          ],
          [
            118.9456207,
            32.1454464
          ],
          [
            118.945493,
            32.1456541
          ],
          [
            118.9452711,
            32.1459577
          ]
        ]
      },
      "properties": {
        "kind": "road",
        "highway": "motorway",
        "name": null,
        "source": "OpenStreetMap",
        "osm_id": "187494599"
      }
    },
    {
      "type": "Feature",
      "geometry": {
        "type": "LineString",
        "coordinates": [
          [
            118.9481208,
            32.137346
          ],
          [
            118.948105,
            32.1374352
          ],
          [
            118.9482266,
            32.1378212
          ],
          [
            118.948352,
            32.138085
          ],
          [
            118.9483937,
            32.1382587
          ],
          [
            118.9484089,
            32.1385997
          ],
          [
            118.9483975,
            32.139079
          ],
          [
            118.948314,
            32.1396934
          ],
          [
            118.9481354,
            32.1400182
          ],
          [
            118.9480632,
            32.1402916
          ],
          [
            118.9480708,
            32.140549
          ],
          [
            118.9482722,
            32.1408771
          ],
          [
            118.9485647,
            32.1411312
          ],
          [
            118.9488563,
            32.1413399
          ],
          [
            118.9491383,
            32.141321
          ],
          [
            118.9494878,
            32.1412341
          ],
          [
            118.9500766,
            32.1409896
          ],
          [
            118.9504755,
            32.1408803
          ],
          [
            118.9505843,
            32.1409491
          ],
          [
            118.9507147,
            32.1411844
          ],
          [
            118.9510277,
            32.1417493
          ],
          [
            118.9513997,
            32.1424208
          ],
          [
            118.9524082,
            32.1423299
          ],
          [
            118.9527623,
            32.1421119
          ],
          [
            118.9523385,
            32.1412852
          ],
          [
            118.9519737,
            32.1404676
          ],
          [
            118.9507147,
            32.1411844
          ]
        ]
      },
      "properties": {
        "kind": "road",
        "highway": "residential",
        "name": null,
        "source": "OpenStreetMap",
        "osm_id": "187494604"
      }
    },
    {
      "type": "Feature",
      "geometry": {
        "type": "LineString",
        "coordinates": [
          [
            118.9522419,
            32.1373283
          ],
          [
            118.9524091,
            32.137349
          ]
        ]
      },
      "properties": {
        "kind": "road",
        "highway": "trunk",
        "name": "智谷大道",
        "source": "OpenStreetMap",
        "osm_id": "187494614"
      }
    },
    {
      "type": "Feature",
      "geometry": {
        "type": "LineString",
        "coordinates": [
          [
            118.9516096,
            32.1372584
          ],
          [
            118.9522419,
            32.1373283
          ]
        ]
      },
      "properties": {
        "kind": "road",
        "highway": "trunk",
        "name": "智谷大道",
        "source": "OpenStreetMap",
        "osm_id": "187494622"
      }
    },
    {
      "type": "Feature",
      "geometry": {
        "type": "LineString",
        "coordinates": [
          [
            118.9522726,
            32.1374874
          ],
          [
            118.9516229,
            32.137422
          ]
        ]
      },
      "properties": {
        "kind": "road",
        "highway": "trunk",
        "name": "智谷大道",
        "source": "OpenStreetMap",
        "osm_id": "187494653"
      }
    },
    {
      "type": "Feature",
      "geometry": {
        "type": "LineString",
        "coordinates": [
          [
            118.9516229,
            32.137422
          ],
          [
            118.9503576,
            32.1373114
          ],
          [
            118.9485525,
            32.1371914
          ],
          [
            118.9463631,
            32.1370946
          ],
          [
            118.9434503,
            32.1370045
          ],
          [
            118.9430816,
            32.1370043
          ]
        ]
      },
      "properties": {
        "kind": "road",
        "highway": "trunk",
        "name": "智谷大道",
        "source": "OpenStreetMap",
        "osm_id": "187494654"
      }
    },
    {
      "type": "Feature",
      "geometry": {
        "type": "LineString",
        "coordinates": [
          [
            118.9492461,
            32.126992
          ],
          [
            118.9492046,
            32.1269091
          ],
          [
            118.9490219,
            32.1261517
          ],
          [
            118.9488891,
            32.1254579
          ],
          [
            118.9488669,
            32.1253267
          ],
          [
            118.9487974,
            32.124916
          ],
          [
            118.9487084,
            32.1243948
          ],
          [
            118.9486061,
            32.1235721
          ],
          [
            118.9486363,
            32.1230671
          ],
          [
            118.9486916,
            32.1225461
          ],
          [
            118.9487712,
            32.1217745
          ],
          [
            118.9487941,
            32.1216788
          ]
        ]
      },
      "properties": {
        "kind": "road",
        "highway": "residential",
        "name": "远东大道",
        "source": "OpenStreetMap",
        "osm_id": "188114490"
      }
    },
    {
      "type": "Feature",
      "geometry": {
        "type": "LineString",
        "coordinates": [
          [
            118.9594509,
            32.1161459
          ],
          [
            118.9592261,
            32.1160989
          ]
        ]
      },
      "properties": {
        "kind": "road",
        "highway": "residential",
        "name": null,
        "source": "OpenStreetMap",
        "osm_id": "188114491"
      }
    },
    {
      "type": "Feature",
      "geometry": {
        "type": "LineString",
        "coordinates": [
          [
            118.9470087,
            32.1185038
          ],
          [
            118.9473574,
            32.1185881
          ],
          [
            118.9475531,
            32.1186393
          ],
          [
            118.9480853,
            32.1187635
          ],
          [
            118.9481754,
            32.1187859
          ],
          [
            118.9482899,
            32.118818
          ],
          [
            118.9492296,
            32.1190636
          ],
          [
            118.9492726,
            32.1190768
          ]
        ]
      },
      "properties": {
        "kind": "road",
        "highway": "residential",
        "name": "思源路",
        "source": "OpenStreetMap",
        "osm_id": "188124253"
      }
    },
    {
      "type": "Feature",
      "geometry": {
        "type": "LineString",
        "coordinates": [
          [
            118.9512925,
            32.1179382
          ],
          [
            118.9515765,
            32.1180753
          ],
          [
            118.9518422,
            32.1183004
          ],
          [
            118.9520906,
            32.1185181
          ],
          [
            118.9521921,
            32.1185794
          ],
          [
            118.9523598,
            32.11864
          ],
          [
            118.9525869,
            32.1186624
          ],
          [
            118.952814,
            32.1186684
          ],
          [
            118.9530146,
            32.1186858
          ],
          [
            118.953193,
            32.1187092
          ],
          [
            118.9532494,
            32.1187212
          ],
          [
            118.9533194,
            32.118746
          ],
          [
            118.9535134,
            32.118918
          ],
          [
            118.9537498,
            32.1191608
          ],
          [
            118.9538952,
            32.1193023
          ],
          [
            118.9539613,
            32.119362
          ],
          [
            118.9540273,
            32.1193943
          ],
          [
            118.9541718,
            32.1194213
          ],
          [
            118.9542776,
            32.1194292
          ]
        ]
      },
      "properties": {
        "kind": "road",
        "highway": "residential",
        "name": "志学路",
        "source": "OpenStreetMap",
        "osm_id": "188134106"
      }
    },
    {
      "type": "Feature",
      "geometry": {
        "type": "LineString",
        "coordinates": [
          [
            118.9514828,
            32.1187893
          ],
          [
            118.9509436,
            32.1185971
          ]
        ]
      },
      "properties": {
        "kind": "road",
        "highway": "residential",
        "name": null,
        "source": "OpenStreetMap",
        "osm_id": "188134107"
      }
    },
    {
      "type": "Feature",
      "geometry": {
        "type": "LineString",
        "coordinates": [
          [
            118.9678979,
            32.1262285
          ],
          [
            118.9683849,
            32.1264023
          ],
          [
            118.9688981,
            32.1265852
          ],
          [
            118.9693701,
            32.1267283
          ],
          [
            118.9698198,
            32.1268328
          ],
          [
            118.9701976,
            32.1268748
          ],
          [
            118.970627,
            32.1268883
          ],
          [
            118.9710143,
            32.1268657
          ],
          [
            118.9713925,
            32.1268237
          ],
          [
            118.9716411,
            32.1267669
          ],
          [
            118.9720443,
            32.1266613
          ],
          [
            118.9724095,
            32.1265409
          ],
          [
            118.972535,
            32.1264942
          ],
          [
            118.9730341,
            32.1263083
          ],
          [
            118.9737832,
            32.1260587
          ]
        ]
      },
      "properties": {
        "kind": "road",
        "highway": "tertiary",
        "name": "广志路",
        "source": "OpenStreetMap",
        "osm_id": "188147097"
      }
    },
    {
      "type": "Feature",
      "geometry": {
        "type": "LineString",
        "coordinates": [
          [
            118.9642835,
            32.1396689
          ],
          [
            118.9643403,
            32.1394573
          ],
          [
            118.9644702,
            32.1389722
          ],
          [
            118.9646898,
            32.1381379
          ],
          [
            118.9648227,
            32.1377357
          ],
          [
            118.9649761,
            32.137337
          ],
          [
            118.9651007,
            32.1370648
          ],
          [
            118.9651491,
            32.1369591
          ],
          [
            118.9653633,
            32.136598
          ],
          [
            118.9656004,
            32.1362915
          ],
          [
            118.9659411,
            32.1359901
          ],
          [
            118.9663504,
            32.1357025
          ],
          [
            118.9665747,
            32.1355919
          ],
          [
            118.9668985,
            32.1354628
          ],
          [
            118.9670559,
            32.1354001
          ],
          [
            118.9675052,
            32.1352867
          ],
          [
            118.9679237,
            32.1351917
          ],
          [
            118.9684842,
            32.1350623
          ],
          [
            118.9689412,
            32.1349414
          ],
          [
            118.9694462,
            32.134774
          ],
          [
            118.9697809,
            32.1346288
          ],
          [
            118.9700868,
            32.1344795
          ],
          [
            118.9704324,
            32.1342984
          ],
          [
            118.9705803,
            32.1342154
          ],
          [
            118.9724536,
            32.1328511
          ],
          [
            118.973193,
            32.1323126
          ]
        ]
      },
      "properties": {
        "kind": "road",
        "highway": "tertiary",
        "name": "毕升路",
        "source": "OpenStreetMap",
        "osm_id": "188147101"
      }
    },
    {
      "type": "Feature",
      "geometry": {
        "type": "LineString",
        "coordinates": [
          [
            118.959372,
            32.1273501
          ],
          [
            118.9593205,
            32.1277518
          ],
          [
            118.9592442,
            32.1282722
          ],
          [
            118.9591384,
            32.1287706
          ],
          [
            118.9590461,
            32.1291628
          ],
          [
            118.9588233,
            32.1298874
          ],
          [
            118.9585599,
            32.1304258
          ],
          [
            118.9584495,
            32.1306022
          ],
          [
            118.9583197,
            32.1307783
          ],
          [
            118.9582624,
            32.1308328
          ],
          [
            118.9581853,
            32.1308901
          ],
          [
            118.9580872,
            32.1309331
          ],
          [
            118.9575293,
            32.1310658
          ],
          [
            118.9572133,
            32.131127
          ],
          [
            118.9570306,
            32.1311144
          ],
          [
            118.9568716,
            32.1310708
          ],
          [
            118.9567229,
            32.1309958
          ],
          [
            118.9565777,
            32.1308703
          ],
          [
            118.9565096,
            32.1307644
          ],
          [
            118.9564593,
            32.1306516
          ],
          [
            118.9564367,
            32.1305217
          ],
          [
            118.9563748,
            32.1303558
          ],
          [
            118.9563417,
            32.1302833
          ],
          [
            118.9563004,
            32.1302138
          ],
          [
            118.9562511,
            32.1301482
          ],
          [
            118.9561944,
            32.1300871
          ],
          [
            118.9561308,
            32.1300309
          ],
          [
            118.956061,
            32.1299804
          ],
          [
            118.9559856,
            32.129936
          ],
          [
            118.9559054,
            32.1298981
          ],
          [
            118.9558202,
            32.1298668
          ],
          [
            118.9557317,
            32.1298428
          ],
          [
            118.9556409,
            32.1298265
          ],
          [
            118.9555485,
            32.129818
          ],
          [
            118.9554556,
            32.1298173
          ],
          [
            118.9553631,
            32.1298245
          ],
          [
            118.9552719,
            32.1298394
          ],
          [
            118.955183,
            32.1298621
          ],
          [
            118.9550971,
            32.1298921
          ],
          [
            118.9548081,
            32.1300235
          ],
          [
            118.9544591,
            32.1301987
          ],
          [
            118.9541557,
            32.1303388
          ],
          [
            118.9539903,
            32.1303535
          ],
          [
            118.9538838,
            32.1303749
          ],
          [
            118.9538188,
            32.130384
          ],
          [
            118.9536543,
            32.1311211
          ],
          [
            118.9535068,
            32.1317788
          ]
        ]
      },
      "properties": {
        "kind": "road",
        "highway": "tertiary",
        "name": "南大科技园C号路",
        "source": "OpenStreetMap",
        "osm_id": "188150061"
      }
    },
    {
      "type": "Feature",
      "geometry": {
        "type": "LineString",
        "coordinates": [
          [
            118.9533237,
            32.1324223
          ],
          [
            118.9532726,
            32.1326711
          ],
          [
            118.9532052,
            32.1330013
          ],
          [
            118.9531059,
            32.1333757
          ],
          [
            118.9530214,
            32.1335566
          ],
          [
            118.9527289,
            32.1339325
          ],
          [
            118.9522984,
            32.1344731
          ],
          [
            118.9520599,
            32.1347846
          ],
          [
            118.951679,
            32.1352819
          ],
          [
            118.9513767,
            32.1356704
          ]
        ]
      },
      "properties": {
        "kind": "road",
        "highway": "tertiary",
        "name": null,
        "source": "OpenStreetMap",
        "osm_id": "188150062"
      }
    },
    {
      "type": "Feature",
      "geometry": {
        "type": "LineString",
        "coordinates": [
          [
            118.9673716,
            32.1173184
          ],
          [
            118.9669468,
            32.1171374
          ],
          [
            118.9666735,
            32.1170006
          ],
          [
            118.9661126,
            32.1166595
          ],
          [
            118.9656063,
            32.1163176
          ],
          [
            118.9652577,
            32.1160816
          ],
          [
            118.9648494,
            32.1157626
          ],
          [
            118.9643769,
            32.1153872
          ],
          [
            118.9639895,
            32.1150751
          ],
          [
            118.9638518,
            32.1149492
          ],
          [
            118.9636283,
            32.1147228
          ]
        ]
      },
      "properties": {
        "kind": "road",
        "highway": "residential",
        "name": null,
        "source": "OpenStreetMap",
        "osm_id": "188156410"
      }
    },
    {
      "type": "Feature",
      "geometry": {
        "type": "LineString",
        "coordinates": [
          [
            118.9590161,
            32.1200988
          ],
          [
            118.9596111,
            32.1200923
          ],
          [
            118.9597825,
            32.120126
          ],
          [
            118.960011,
            32.1201617
          ],
          [
            118.9602547,
            32.1201557
          ],
          [
            118.9604034,
            32.1201523
          ],
          [
            118.960545,
            32.1201491
          ],
          [
            118.9608356,
            32.1201512
          ],
          [
            118.9611387,
            32.1202038
          ],
          [
            118.9616379,
            32.1201912
          ],
          [
            118.9617323,
            32.1201996
          ]
        ]
      },
      "properties": {
        "kind": "road",
        "highway": "residential",
        "name": null,
        "source": "OpenStreetMap",
        "osm_id": "188156411"
      }
    },
    {
      "type": "Feature",
      "geometry": {
        "type": "LineString",
        "coordinates": [
          [
            118.9589964,
            32.1183878
          ],
          [
            118.9599502,
            32.1184583
          ],
          [
            118.960339,
            32.1184871
          ],
          [
            118.9615089,
            32.1185607
          ],
          [
            118.9618517,
            32.1186133
          ],
          [
            118.9620641,
            32.1186786
          ],
          [
            118.9624254,
            32.1189078
          ],
          [
            118.9625611,
            32.1190011
          ],
          [
            118.9626252,
            32.1190429
          ],
          [
            118.9631492,
            32.1194357
          ],
          [
            118.9633469,
            32.1195579
          ],
          [
            118.9635705,
            32.1196147
          ],
          [
            118.9640648,
            32.1196967
          ],
          [
            118.9645904,
            32.1197831
          ],
          [
            118.9652649,
            32.1199281
          ],
          [
            118.9656757,
            32.1200914
          ],
          [
            118.966047,
            32.12025
          ],
          [
            118.9665067,
            32.1203782
          ],
          [
            118.9667349,
            32.1204057
          ],
          [
            118.9671078,
            32.1204729
          ],
          [
            118.9672963,
            32.120534
          ],
          [
            118.9675553,
            32.1206107
          ],
          [
            118.9683286,
            32.1206151
          ],
          [
            118.9697515,
            32.1206233
          ],
          [
            118.9700857,
            32.1206328
          ]
        ]
      },
      "properties": {
        "kind": "road",
        "highway": "residential",
        "name": null,
        "source": "OpenStreetMap",
        "osm_id": "188156419"
      }
    },
    {
      "type": "Feature",
      "geometry": {
        "type": "LineString",
        "coordinates": [
          [
            118.960339,
            32.1184871
          ],
          [
            118.9602689,
            32.1191607
          ],
          [
            118.9602547,
            32.1201557
          ]
        ]
      },
      "properties": {
        "kind": "road",
        "highway": "residential",
        "name": null,
        "source": "OpenStreetMap",
        "osm_id": "188156422"
      }
    },
    {
      "type": "Feature",
      "geometry": {
        "type": "LineString",
        "coordinates": [
          [
            118.9611387,
            32.1202038
          ],
          [
            118.9612355,
            32.1202753
          ],
          [
            118.9613349,
            32.1204016
          ],
          [
            118.9613846,
            32.1204836
          ]
        ]
      },
      "properties": {
        "kind": "road",
        "highway": "residential",
        "name": null,
        "source": "OpenStreetMap",
        "osm_id": "188156425"
      }
    },
    {
      "type": "Feature",
      "geometry": {
        "type": "LineString",
        "coordinates": [
          [
            118.9652577,
            32.1160816
          ],
          [
            118.9652695,
            32.1162357
          ],
          [
            118.9652677,
            32.1176877
          ],
          [
            118.9652665,
            32.1186493
          ],
          [
            118.9652664,
            32.1187267
          ],
          [
            118.9652649,
            32.1199281
          ],
          [
            118.9652634,
            32.1210546
          ]
        ]
      },
      "properties": {
        "kind": "road",
        "highway": "residential",
        "name": null,
        "source": "OpenStreetMap",
        "osm_id": "188156427"
      }
    },
    {
      "type": "Feature",
      "geometry": {
        "type": "LineString",
        "coordinates": [
          [
            118.9604034,
            32.1201523
          ],
          [
            118.9604978,
            32.1202648
          ],
          [
            118.9606195,
            32.1204626
          ],
          [
            118.9607586,
            32.1208055
          ],
          [
            118.9608828,
            32.1209864
          ],
          [
            118.960925,
            32.1210074
          ],
          [
            118.9611491,
            32.1212379
          ],
          [
            118.9613553,
            32.121423
          ],
          [
            118.9614894,
            32.1217302
          ]
        ]
      },
      "properties": {
        "kind": "road",
        "highway": "residential",
        "name": null,
        "source": "OpenStreetMap",
        "osm_id": "188156432"
      }
    },
    {
      "type": "Feature",
      "geometry": {
        "type": "LineString",
        "coordinates": [
          [
            118.950653,
            32.1318302
          ],
          [
            118.9507058,
            32.1320902
          ],
          [
            118.9508317,
            32.1324309
          ],
          [
            118.9510801,
            32.1326975
          ],
          [
            118.9520036,
            32.1334677
          ],
          [
            118.9527289,
            32.1339325
          ],
          [
            118.9531125,
            32.1341342
          ],
          [
            118.9537282,
            32.134389
          ],
          [
            118.9543719,
            32.1345816
          ],
          [
            118.9550045,
            32.1347123
          ],
          [
            118.9554633,
            32.1348096
          ],
          [
            118.9565593,
            32.1350352
          ],
          [
            118.9571275,
            32.1351502
          ],
          [
            118.9575388,
            32.1352368
          ]
        ]
      },
      "properties": {
        "kind": "road",
        "highway": "residential",
        "name": null,
        "source": "OpenStreetMap",
        "osm_id": "188193657"
      }
    },
    {
      "type": "Feature",
      "geometry": {
        "type": "LineString",
        "coordinates": [
          [
            118.951679,
            32.1352819
          ],
          [
            118.9507295,
            32.1348261
          ],
          [
            118.9506613,
            32.1347934
          ],
          [
            118.9502975,
            32.1345979
          ],
          [
            118.9500981,
            32.1344528
          ],
          [
            118.9499092,
            32.1342839
          ],
          [
            118.9494195,
            32.1338544
          ],
          [
            118.9492634,
            32.1337064
          ],
          [
            118.9478978,
            32.1324117
          ],
          [
            118.9477403,
            32.1321688
          ],
          [
            118.9477193,
            32.1319911
          ],
          [
            118.9479467,
            32.1317126
          ],
          [
            118.948321,
            32.1313808
          ],
          [
            118.9486149,
            32.1311705
          ],
          [
            118.9487828,
            32.1311853
          ],
          [
            118.9490592,
            32.1312949
          ],
          [
            118.9495104,
            32.1315112
          ],
          [
            118.9497623,
            32.1315615
          ],
          [
            118.9500666,
            32.1316119
          ],
          [
            118.9504654,
            32.1317719
          ],
          [
            118.950653,
            32.1318302
          ],
          [
            118.9511231,
            32.1319763
          ],
          [
            118.9517528,
            32.1321599
          ],
          [
            118.9522075,
            32.1323081
          ],
          [
            118.9525364,
            32.1324354
          ],
          [
            118.9529421,
            32.1326043
          ],
          [
            118.9532726,
            32.1326711
          ],
          [
            118.9536418,
            32.1327139
          ],
          [
            118.9538243,
            32.1327035
          ],
          [
            118.9538854,
            32.1327
          ],
          [
            118.9540581,
            32.1326902
          ],
          [
            118.954219,
            32.1326754
          ],
          [
            118.9547262,
            32.1326961
          ],
          [
            118.9556406,
            32.1326591
          ],
          [
            118.9565477,
            32.1326367
          ],
          [
            118.9571364,
            32.1325978
          ],
          [
            118.9572573,
            32.1326192
          ],
          [
            118.9575482,
            32.1327018
          ],
          [
            118.9577797,
            32.1329376
          ],
          [
            118.9578393,
            32.1330918
          ],
          [
            118.9578635,
            32.1331869
          ],
          [
            118.957853,
            32.1333317
          ],
          [
            118.9577927,
            32.1335255
          ],
          [
            118.9576174,
            32.1340313
          ],
          [
            118.9575377,
            32.1342338
          ],
          [
            118.9574175,
            32.1345081
          ],
          [
            118.957327,
            32.1346475
          ],
          [
            118.9572318,
            32.1348417
          ],
          [
            118.9571275,
            32.1351502
          ],
          [
            118.9570058,
            32.1355034
          ],
          [
            118.9569823,
            32.1356491
          ],
          [
            118.9569542,
            32.135977
          ],
          [
            118.9569193,
            32.1361352
          ],
          [
            118.9567996,
            32.1364402
          ],
          [
            118.9566337,
            32.136594
          ],
          [
            118.9564428,
            32.1367246
          ],
          [
            118.9559601,
            32.1367424
          ],
          [
            118.9552324,
            32.1366298
          ],
          [
            118.9545328,
            32.1364907
          ],
          [
            118.9543089,
            32.1364462
          ],
          [
            118.9532664,
            32.1361973
          ],
          [
            118.9529026,
            32.136067
          ],
          [
            118.9524059,
            32.1357234
          ],
          [
            118.951679,
            32.1352819
          ]
        ]
      },
      "properties": {
        "kind": "road",
        "highway": "residential",
        "name": null,
        "source": "OpenStreetMap",
        "osm_id": "188193662"
      }
    },
    {
      "type": "Feature",
      "geometry": {
        "type": "LineString",
        "coordinates": [
          [
            118.9485475,
            32.1201681
          ],
          [
            118.9484788,
            32.1202083
          ],
          [
            118.9477069,
            32.1200139
          ],
          [
            118.9476475,
            32.1199981
          ],
          [
            118.9471339,
            32.1198611
          ],
          [
            118.9467927,
            32.1197673
          ],
          [
            118.9466082,
            32.119721
          ]
        ]
      },
      "properties": {
        "kind": "road",
        "highway": "residential",
        "name": "问渠路",
        "source": "OpenStreetMap",
        "osm_id": "189261661"
      }
    },
    {
      "type": "Feature",
      "geometry": {
        "type": "LineString",
        "coordinates": [
          [
            118.9466283,
            32.1196299
          ],
          [
            118.9468233,
            32.119678
          ],
          [
            118.9471705,
            32.1197617
          ],
          [
            118.9476846,
            32.1198896
          ],
          [
            118.9477538,
            32.1199068
          ],
          [
            118.94779,
            32.1199158
          ],
          [
            118.9484518,
            32.120076
          ],
          [
            118.9485064,
            32.1200945
          ],
          [
            118.9485475,
            32.1201681
          ]
        ]
      },
      "properties": {
        "kind": "road",
        "highway": "residential",
        "name": "问渠路",
        "source": "OpenStreetMap",
        "osm_id": "189261662"
      }
    },
    {
      "type": "Feature",
      "geometry": {
        "type": "LineString",
        "coordinates": [
          [
            118.9583497,
            32.1116184
          ],
          [
            118.9584259,
            32.1115964
          ],
          [
            118.9584806,
            32.1115523
          ],
          [
            118.9585699,
            32.1114931
          ],
          [
            118.9586301,
            32.1114626
          ],
          [
            118.9586772,
            32.111428
          ],
          [
            118.9587055,
            32.1113246
          ],
          [
            118.9587456,
            32.1111622
          ],
          [
            118.9588478,
            32.1107484
          ],
          [
            118.9589315,
            32.1106899
          ]
        ]
      },
      "properties": {
        "kind": "road",
        "highway": "residential",
        "name": null,
        "source": "OpenStreetMap",
        "osm_id": "194512385"
      }
    },
    {
      "type": "Feature",
      "geometry": {
        "type": "LineString",
        "coordinates": [
          [
            118.9589315,
            32.1106899
          ],
          [
            118.9589604,
            32.1107713
          ],
          [
            118.958798,
            32.1114445
          ],
          [
            118.9588228,
            32.1114916
          ],
          [
            118.9588627,
            32.1115406
          ],
          [
            118.9588919,
            32.1115902
          ],
          [
            118.9589112,
            32.1116476
          ],
          [
            118.9589222,
            32.1116752
          ],
          [
            118.9589353,
            32.1117162
          ],
          [
            118.9589657,
            32.1117618
          ]
        ]
      },
      "properties": {
        "kind": "road",
        "highway": "residential",
        "name": null,
        "source": "OpenStreetMap",
        "osm_id": "194512387"
      }
    },
    {
      "type": "Feature",
      "geometry": {
        "type": "LineString",
        "coordinates": [
          [
            118.9399783,
            32.1469174
          ],
          [
            118.9387498,
            32.146824
          ],
          [
            118.9379591,
            32.1468896
          ],
          [
            118.9361917,
            32.1470909
          ],
          [
            118.9358632,
            32.1471316
          ],
          [
            118.9357045,
            32.1471092
          ],
          [
            118.9356007,
            32.1469914
          ],
          [
            118.9352724,
            32.1460645
          ],
          [
            118.9350236,
            32.1453418
          ],
          [
            118.9350018,
            32.1452429
          ],
          [
            118.9351472,
            32.1448212
          ],
          [
            118.9355954,
            32.1441736
          ],
          [
            118.9355649,
            32.14404
          ],
          [
            118.9355232,
            32.1437422
          ],
          [
            118.9354429,
            32.1435165
          ]
        ]
      },
      "properties": {
        "kind": "road",
        "highway": "residential",
        "name": null,
        "source": "OpenStreetMap",
        "osm_id": "315622035"
      }
    },
    {
      "type": "Feature",
      "geometry": {
        "type": "LineString",
        "coordinates": [
          [
            118.9336956,
            32.1413326
          ],
          [
            118.9333649,
            32.1416301
          ],
          [
            118.9332822,
            32.1417833
          ],
          [
            118.9334837,
            32.1419671
          ],
          [
            118.9352796,
            32.1433607
          ],
          [
            118.9354429,
            32.1435165
          ]
        ]
      },
      "properties": {
        "kind": "road",
        "highway": "residential",
        "name": null,
        "source": "OpenStreetMap",
        "osm_id": "315622043"
      }
    },
    {
      "type": "Feature",
      "geometry": {
        "type": "LineString",
        "coordinates": [
          [
            118.9430851,
            32.1368499
          ],
          [
            118.9455848,
            32.1369105
          ],
          [
            118.9468037,
            32.1369821
          ],
          [
            118.9481644,
            32.1370393
          ],
          [
            118.9502207,
            32.13715
          ],
          [
            118.9516096,
            32.1372584
          ]
        ]
      },
      "properties": {
        "kind": "road",
        "highway": "trunk",
        "name": "智谷大道",
        "source": "OpenStreetMap",
        "osm_id": "340053286"
      }
    },
    {
      "type": "Feature",
      "geometry": {
        "type": "LineString",
        "coordinates": [
          [
            118.946113,
            32.1212667
          ],
          [
            118.9463567,
            32.1213099
          ],
          [
            118.9466209,
            32.1213662
          ],
          [
            118.9471804,
            32.1214423
          ],
          [
            118.9472411,
            32.1214608
          ],
          [
            118.9472952,
            32.1214752
          ],
          [
            118.9478973,
            32.1216212
          ],
          [
            118.9487712,
            32.1217745
          ]
        ]
      },
      "properties": {
        "kind": "road",
        "highway": "residential",
        "name": null,
        "source": "OpenStreetMap",
        "osm_id": "350502320"
      }
    },
    {
      "type": "Feature",
      "geometry": {
        "type": "LineString",
        "coordinates": [
          [
            118.945866,
            32.1245035
          ],
          [
            118.9466045,
            32.1244661
          ],
          [
            118.9472493,
            32.1244272
          ],
          [
            118.9473312,
            32.1244237
          ],
          [
            118.9476878,
            32.1244185
          ],
          [
            118.9479511,
            32.1244132
          ],
          [
            118.9487084,
            32.1243948
          ],
          [
            118.9488284,
            32.1243904
          ]
        ]
      },
      "properties": {
        "kind": "road",
        "highway": "residential",
        "name": "思齐路",
        "source": "OpenStreetMap",
        "osm_id": "350505115"
      }
    },
    {
      "type": "Feature",
      "geometry": {
        "type": "LineString",
        "coordinates": [
          [
            118.9445907,
            32.1218055
          ],
          [
            118.9447148,
            32.120639
          ]
        ]
      },
      "properties": {
        "kind": "road",
        "highway": "motorway",
        "name": "南京绕城高速",
        "source": "OpenStreetMap",
        "osm_id": "364613387"
      }
    },
    {
      "type": "Feature",
      "geometry": {
        "type": "LineString",
        "coordinates": [
          [
            118.9445009,
            32.1230698
          ],
          [
            118.9445479,
            32.1223362
          ]
        ]
      },
      "properties": {
        "kind": "road",
        "highway": "motorway",
        "name": "南京绕城高速",
        "source": "OpenStreetMap",
        "osm_id": "364613388"
      }
    },
    {
      "type": "Feature",
      "geometry": {
        "type": "LineString",
        "coordinates": [
          [
            118.9447661,
            32.1218961
          ],
          [
            118.9447147,
            32.1224185
          ]
        ]
      },
      "properties": {
        "kind": "road",
        "highway": "motorway",
        "name": "南京绕城高速",
        "source": "OpenStreetMap",
        "osm_id": "364613389"
      }
    },
    {
      "type": "Feature",
      "geometry": {
        "type": "LineString",
        "coordinates": [
          [
            118.9447147,
            32.1224185
          ],
          [
            118.9446934,
            32.123088
          ]
        ]
      },
      "properties": {
        "kind": "road",
        "highway": "motorway",
        "name": "南京绕城高速",
        "source": "OpenStreetMap",
        "osm_id": "364613390"
      }
    },
    {
      "type": "Feature",
      "geometry": {
        "type": "LineString",
        "coordinates": [
          [
            118.9449216,
            32.1206774
          ],
          [
            118.9447661,
            32.1218961
          ]
        ]
      },
      "properties": {
        "kind": "road",
        "highway": "motorway",
        "name": "南京绕城高速",
        "source": "OpenStreetMap",
        "osm_id": "364613391"
      }
    },
    {
      "type": "Feature",
      "geometry": {
        "type": "LineString",
        "coordinates": [
          [
            118.9445479,
            32.1223362
          ],
          [
            118.9445907,
            32.1218055
          ]
        ]
      },
      "properties": {
        "kind": "road",
        "highway": "motorway",
        "name": "南京绕城高速",
        "source": "OpenStreetMap",
        "osm_id": "364613394"
      }
    },
    {
      "type": "Feature",
      "geometry": {
        "type": "LineString",
        "coordinates": [
          [
            118.9463448,
            32.1322304
          ],
          [
            118.9460901,
            32.1315577
          ],
          [
            118.9457899,
            32.1307372
          ],
          [
            118.9452251,
            32.1289477
          ]
        ]
      },
      "properties": {
        "kind": "road",
        "highway": "motorway",
        "name": "南京绕城高速",
        "source": "OpenStreetMap",
        "osm_id": "364613402"
      }
    },
    {
      "type": "Feature",
      "geometry": {
        "type": "LineString",
        "coordinates": [
          [
            118.9452251,
            32.1289477
          ],
          [
            118.9447421,
            32.1264228
          ],
          [
            118.944557,
            32.1244806
          ],
          [
            118.9445009,
            32.1230698
          ]
        ]
      },
      "properties": {
        "kind": "road",
        "highway": "motorway",
        "name": "南京绕城高速",
        "source": "OpenStreetMap",
        "osm_id": "364613404"
      }
    },
    {
      "type": "Feature",
      "geometry": {
        "type": "LineString",
        "coordinates": [
          [
            118.9446934,
            32.123088
          ],
          [
            118.9447055,
            32.1244627
          ],
          [
            118.9448996,
            32.126344
          ],
          [
            118.9452446,
            32.1282607
          ],
          [
            118.9454041,
            32.1289137
          ]
        ]
      },
      "properties": {
        "kind": "road",
        "highway": "motorway",
        "name": "南京绕城高速",
        "source": "OpenStreetMap",
        "osm_id": "364613405"
      }
    },
    {
      "type": "Feature",
      "geometry": {
        "type": "LineString",
        "coordinates": [
          [
            118.9454041,
            32.1289137
          ],
          [
            118.9459875,
            32.1306735
          ],
          [
            118.9462866,
            32.1314995
          ],
          [
            118.9465429,
            32.1321684
          ]
        ]
      },
      "properties": {
        "kind": "road",
        "highway": "motorway",
        "name": "南京绕城高速",
        "source": "OpenStreetMap",
        "osm_id": "364613418"
      }
    },
    {
      "type": "Feature",
      "geometry": {
        "type": "LineString",
        "coordinates": [
          [
            118.9588228,
            32.1114916
          ],
          [
            118.9594647,
            32.1114522
          ],
          [
            118.9604782,
            32.1117976
          ],
          [
            118.9612021,
            32.1121463
          ],
          [
            118.96126,
            32.1121735
          ],
          [
            118.9617594,
            32.1124145
          ],
          [
            118.9620074,
            32.1125342
          ]
        ]
      },
      "properties": {
        "kind": "road",
        "highway": "residential",
        "name": null,
        "source": "OpenStreetMap",
        "osm_id": "388344224"
      }
    },
    {
      "type": "Feature",
      "geometry": {
        "type": "LineString",
        "coordinates": [
          [
            118.9598941,
            32.1253221
          ],
          [
            118.9612252,
            32.1251709
          ],
          [
            118.9623427,
            32.1250363
          ],
          [
            118.962784,
            32.1250042
          ],
          [
            118.9632474,
            32.1250058
          ],
          [
            118.9637851,
            32.1250413
          ],
          [
            118.9644459,
            32.1251297
          ],
          [
            118.9647567,
            32.1251837
          ],
          [
            118.9651202,
            32.1252688
          ],
          [
            118.9655547,
            32.1253998
          ],
          [
            118.9663551,
            32.1256843
          ],
          [
            118.9677539,
            32.1261801
          ],
          [
            118.9678979,
            32.1262285
          ]
        ]
      },
      "properties": {
        "kind": "road",
        "highway": "tertiary",
        "name": "广志路",
        "source": "OpenStreetMap",
        "osm_id": "424882605"
      }
    },
    {
      "type": "Feature",
      "geometry": {
        "type": "LineString",
        "coordinates": [
          [
            118.9683286,
            32.1206151
          ],
          [
            118.9682209,
            32.1204267
          ],
          [
            118.9682003,
            32.1203502
          ],
          [
            118.9682019,
            32.1188814
          ],
          [
            118.9679136,
            32.118534
          ],
          [
            118.9677948,
            32.1184334
          ],
          [
            118.9676396,
            32.1183421
          ],
          [
            118.9674353,
            32.1182724
          ],
          [
            118.9672215,
            32.118263
          ],
          [
            118.9670171,
            32.1182925
          ],
          [
            118.9668033,
            32.1183757
          ],
          [
            118.9666687,
            32.1184521
          ],
          [
            118.9664644,
            32.1185581
          ],
          [
            118.9663852,
            32.1186265
          ],
          [
            118.9663652,
            32.1186495
          ]
        ]
      },
      "properties": {
        "kind": "road",
        "highway": "residential",
        "name": null,
        "source": "OpenStreetMap",
        "osm_id": "427600701"
      }
    },
    {
      "type": "Feature",
      "geometry": {
        "type": "LineString",
        "coordinates": [
          [
            118.9652665,
            32.1186493
          ],
          [
            118.9663652,
            32.1186495
          ],
          [
            118.9666074,
            32.1186633
          ]
        ]
      },
      "properties": {
        "kind": "road",
        "highway": "residential",
        "name": null,
        "source": "OpenStreetMap",
        "osm_id": "427600702"
      }
    },
    {
      "type": "Feature",
      "geometry": {
        "type": "LineString",
        "coordinates": [
          [
            118.9491812,
            32.1164611
          ],
          [
            118.9482942,
            32.1161472
          ],
          [
            118.9482826,
            32.1161431
          ],
          [
            118.9481949,
            32.1161128
          ]
        ]
      },
      "properties": {
        "kind": "road",
        "highway": "residential",
        "name": "致远路",
        "source": "OpenStreetMap",
        "osm_id": "448869948"
      }
    },
    {
      "type": "Feature",
      "geometry": {
        "type": "LineString",
        "coordinates": [
          [
            118.9504285,
            32.1142561
          ],
          [
            118.9504758,
            32.1141575
          ],
          [
            118.9505436,
            32.1140127
          ]
        ]
      },
      "properties": {
        "kind": "road",
        "highway": "residential",
        "name": null,
        "source": "OpenStreetMap",
        "osm_id": "448869951"
      }
    },
    {
      "type": "Feature",
      "geometry": {
        "type": "LineString",
        "coordinates": [
          [
            118.949792,
            32.1153157
          ],
          [
            118.9488634,
            32.1149835
          ],
          [
            118.948742,
            32.1149382
          ]
        ]
      },
      "properties": {
        "kind": "road",
        "highway": "residential",
        "name": "励学路",
        "source": "OpenStreetMap",
        "osm_id": "448869962"
      }
    },
    {
      "type": "Feature",
      "geometry": {
        "type": "LineString",
        "coordinates": [
          [
            118.9510971,
            32.1161944
          ],
          [
            118.9512059,
            32.1160193
          ],
          [
            118.9513204,
            32.1158649
          ]
        ]
      },
      "properties": {
        "kind": "road",
        "highway": "residential",
        "name": "远东大道",
        "source": "OpenStreetMap",
        "osm_id": "448869968"
      }
    },
    {
      "type": "Feature",
      "geometry": {
        "type": "LineString",
        "coordinates": [
          [
            118.950971,
            32.1164429
          ],
          [
            118.9510177,
            32.1163584
          ],
          [
            118.9510971,
            32.1161944
          ]
        ]
      },
      "properties": {
        "kind": "road",
        "highway": "residential",
        "name": "远东大道",
        "source": "OpenStreetMap",
        "osm_id": "448869972"
      }
    },
    {
      "type": "Feature",
      "geometry": {
        "type": "LineString",
        "coordinates": [
          [
            118.951088,
            32.1164726
          ],
          [
            118.95089,
            32.1168647
          ],
          [
            118.9507918,
            32.1170385
          ],
          [
            118.9501705,
            32.1183606
          ]
        ]
      },
      "properties": {
        "kind": "road",
        "highway": "residential",
        "name": "远东大道",
        "source": "OpenStreetMap",
        "osm_id": "448869978"
      }
    },
    {
      "type": "Feature",
      "geometry": {
        "type": "LineString",
        "coordinates": [
          [
            118.9468233,
            32.119678
          ],
          [
            118.9467775,
            32.1195996
          ],
          [
            118.9467275,
            32.119514
          ],
          [
            118.9466529,
            32.1193683
          ],
          [
            118.9470087,
            32.1185038
          ],
          [
            118.9472186,
            32.1180552
          ],
          [
            118.947298,
            32.1178937
          ],
          [
            118.9473112,
            32.1178663
          ],
          [
            118.9474536,
            32.1175817
          ],
          [
            118.9476112,
            32.117281
          ],
          [
            118.9476377,
            32.1172306
          ],
          [
            118.9481949,
            32.1161128
          ],
          [
            118.948742,
            32.1149382
          ],
          [
            118.9493188,
            32.1137523
          ],
          [
            118.9498408,
            32.1126845
          ],
          [
            118.9499613,
            32.1124406
          ],
          [
            118.9499941,
            32.1123697
          ],
          [
            118.9501689,
            32.1119893
          ],
          [
            118.9502938,
            32.1117411
          ],
          [
            118.9503404,
            32.1116984
          ],
          [
            118.9504227,
            32.1116738
          ],
          [
            118.950547,
            32.1116869
          ]
        ]
      },
      "properties": {
        "kind": "road",
        "highway": "residential",
        "name": "汇文路",
        "source": "OpenStreetMap",
        "osm_id": "448869982"
      }
    },
    {
      "type": "Feature",
      "geometry": {
        "type": "LineString",
        "coordinates": [
          [
            118.9534326,
            32.1130969
          ],
          [
            118.9535857,
            32.1131193
          ]
        ]
      },
      "properties": {
        "kind": "road",
        "highway": "residential",
        "name": null,
        "source": "OpenStreetMap",
        "osm_id": "448869987"
      }
    },
    {
      "type": "Feature",
      "geometry": {
        "type": "LineString",
        "coordinates": [
          [
            118.9535857,
            32.1131193
          ],
          [
            118.9550858,
            32.1133278
          ],
          [
            118.955273,
            32.1133545
          ],
          [
            118.9557541,
            32.1134216
          ],
          [
            118.9559231,
            32.1134459
          ],
          [
            118.9574401,
            32.1136641
          ]
        ]
      },
      "properties": {
        "kind": "road",
        "highway": "residential",
        "name": "两江路",
        "source": "OpenStreetMap",
        "osm_id": "448869988"
      }
    },
    {
      "type": "Feature",
      "geometry": {
        "type": "LineString",
        "coordinates": [
          [
            118.952144,
            32.1152515
          ],
          [
            118.9522016,
            32.115345
          ]
        ]
      },
      "properties": {
        "kind": "road",
        "highway": "residential",
        "name": null,
        "source": "OpenStreetMap",
        "osm_id": "448869991"
      }
    },
    {
      "type": "Feature",
      "geometry": {
        "type": "LineString",
        "coordinates": [
          [
            118.9513204,
            32.1158649
          ],
          [
            118.9515415,
            32.1156529
          ],
          [
            118.9517827,
            32.1154534
          ],
          [
            118.952144,
            32.1152515
          ],
          [
            118.9527087,
            32.1150487
          ],
          [
            118.952938,
            32.1150054
          ],
          [
            118.9530566,
            32.1149969
          ],
          [
            118.9532337,
            32.1149781
          ],
          [
            118.9535802,
            32.1149954
          ],
          [
            118.9539664,
            32.1150427
          ],
          [
            118.9543686,
            32.1150977
          ],
          [
            118.9549453,
            32.1151753
          ],
          [
            118.9554055,
            32.1152276
          ],
          [
            118.9570733,
            32.115466
          ]
        ]
      },
      "properties": {
        "kind": "road",
        "highway": "residential",
        "name": "南雍大道",
        "source": "OpenStreetMap",
        "osm_id": "448869992"
      }
    },
    {
      "type": "Feature",
      "geometry": {
        "type": "LineString",
        "coordinates": [
          [
            118.9553757,
            32.1153439
          ],
          [
            118.9553383,
            32.1153054
          ],
          [
            118.9553586,
            32.1152619
          ],
          [
            118.9554055,
            32.1152276
          ]
        ]
      },
      "properties": {
        "kind": "road",
        "highway": "residential",
        "name": null,
        "source": "OpenStreetMap",
        "osm_id": "448870010"
      }
    },
    {
      "type": "Feature",
      "geometry": {
        "type": "LineString",
        "coordinates": [
          [
            118.9528999,
            32.117173
          ],
          [
            118.9530708,
            32.117075
          ],
          [
            118.953212,
            32.117011
          ],
          [
            118.9532723,
            32.1169958
          ],
          [
            118.953486,
            32.1169564
          ],
          [
            118.9536555,
            32.1169453
          ],
          [
            118.9537681,
            32.116938
          ],
          [
            118.9539847,
            32.1169483
          ],
          [
            118.9542596,
            32.1169857
          ],
          [
            118.9547637,
            32.1170462
          ],
          [
            118.9550283,
            32.1170794
          ],
          [
            118.9552192,
            32.1171034
          ],
          [
            118.9557177,
            32.117166
          ],
          [
            118.9560941,
            32.1172133
          ]
        ]
      },
      "properties": {
        "kind": "road",
        "highway": "residential",
        "name": "嫏嬛路",
        "source": "OpenStreetMap",
        "osm_id": "448870013"
      }
    },
    {
      "type": "Feature",
      "geometry": {
        "type": "LineString",
        "coordinates": [
          [
            118.9576478,
            32.1167845
          ],
          [
            118.9587423,
            32.1170663
          ]
        ]
      },
      "properties": {
        "kind": "road",
        "highway": "residential",
        "name": null,
        "source": "OpenStreetMap",
        "osm_id": "448870014"
      }
    },
    {
      "type": "Feature",
      "geometry": {
        "type": "LineString",
        "coordinates": [
          [
            118.9549453,
            32.1151753
          ],
          [
            118.9549543,
            32.1151251
          ],
          [
            118.9549834,
            32.1149637
          ],
          [
            118.9550381,
            32.1146597
          ],
          [
            118.9550719,
            32.1144718
          ],
          [
            118.9551676,
            32.1139402
          ],
          [
            118.9551716,
            32.1139176
          ],
          [
            118.9552459,
            32.113505
          ],
          [
            118.9552561,
            32.1134483
          ],
          [
            118.955273,
            32.1133545
          ],
          [
            118.9552893,
            32.1132638
          ],
          [
            118.9553807,
            32.1127556
          ],
          [
            118.9554553,
            32.1123394
          ],
          [
            118.9554971,
            32.1121065
          ],
          [
            118.9555528,
            32.1117995
          ],
          [
            118.9555906,
            32.1115896
          ],
          [
            118.9556048,
            32.1115103
          ]
        ]
      },
      "properties": {
        "kind": "road",
        "highway": "residential",
        "name": "金大路",
        "source": "OpenStreetMap",
        "osm_id": "448870015"
      }
    },
    {
      "type": "Feature",
      "geometry": {
        "type": "LineString",
        "coordinates": [
          [
            118.9492461,
            32.126992
          ],
          [
            118.949085,
            32.1269802
          ],
          [
            118.9483422,
            32.1269237
          ],
          [
            118.9475445,
            32.1268422
          ],
          [
            118.9467835,
            32.1267845
          ],
          [
            118.9461392,
            32.1267399
          ],
          [
            118.9460456,
            32.1266883
          ]
        ]
      },
      "properties": {
        "kind": "road",
        "highway": "residential",
        "name": "弘毅路",
        "source": "OpenStreetMap",
        "osm_id": "448870041"
      }
    },
    {
      "type": "Feature",
      "geometry": {
        "type": "LineString",
        "coordinates": [
          [
            118.9466895,
            32.1255916
          ],
          [
            118.9470885,
            32.1255606
          ]
        ]
      },
      "properties": {
        "kind": "road",
        "highway": "residential",
        "name": null,
        "source": "OpenStreetMap",
        "osm_id": "448870045"
      }
    },
    {
      "type": "Feature",
      "geometry": {
        "type": "LineString",
        "coordinates": [
          [
            118.9501705,
            32.1183606
          ],
          [
            118.9500827,
            32.1185278
          ],
          [
            118.94973,
            32.1191994
          ],
          [
            118.949725,
            32.1192104
          ],
          [
            118.9494986,
            32.1197042
          ],
          [
            118.9494529,
            32.1198083
          ],
          [
            118.9492759,
            32.120206
          ],
          [
            118.9492541,
            32.120255
          ],
          [
            118.9492327,
            32.1203236
          ],
          [
            118.9492179,
            32.1203711
          ],
          [
            118.9492013,
            32.1204454
          ],
          [
            118.9489196,
            32.1217056
          ]
        ]
      },
      "properties": {
        "kind": "road",
        "highway": "residential",
        "name": "远东大道",
        "source": "OpenStreetMap",
        "osm_id": "448870048"
      }
    },
    {
      "type": "Feature",
      "geometry": {
        "type": "LineString",
        "coordinates": [
          [
            118.9505037,
            32.1194732
          ],
          [
            118.9509436,
            32.1185971
          ],
          [
            118.9511129,
            32.1182854
          ],
          [
            118.9512765,
            32.1179659
          ],
          [
            118.9512925,
            32.1179382
          ],
          [
            118.9514027,
            32.117718
          ],
          [
            118.9514795,
            32.1175647
          ],
          [
            118.9515773,
            32.1173322
          ],
          [
            118.9517208,
            32.1170606
          ],
          [
            118.951807,
            32.1169036
          ],
          [
            118.9518852,
            32.1167176
          ],
          [
            118.9519434,
            32.1166071
          ],
          [
            118.9520329,
            32.1164372
          ]
        ]
      },
      "properties": {
        "kind": "road",
        "highway": "residential",
        "name": "敏学路",
        "source": "OpenStreetMap",
        "osm_id": "448870049"
      }
    },
    {
      "type": "Feature",
      "geometry": {
        "type": "LineString",
        "coordinates": [
          [
            118.9591474,
            32.1161221
          ],
          [
            118.9589222,
            32.1160745
          ],
          [
            118.9582642,
            32.1158957
          ],
          [
            118.957035,
            32.1155692
          ],
          [
            118.9567532,
            32.115531
          ],
          [
            118.9554812,
            32.1153636
          ],
          [
            118.9553757,
            32.1153439
          ],
          [
            118.954936,
            32.1152889
          ],
          [
            118.954824,
            32.1152747
          ],
          [
            118.9548091,
            32.1152728
          ],
          [
            118.9534547,
            32.1150975
          ],
          [
            118.9532505,
            32.1150838
          ],
          [
            118.9531272,
            32.1150861
          ],
          [
            118.9530099,
            32.1151038
          ],
          [
            118.9526699,
            32.1151773
          ],
          [
            118.9523279,
            32.1152823
          ],
          [
            118.9522908,
            32.1153015
          ],
          [
            118.9522016,
            32.115345
          ],
          [
            118.9520506,
            32.1154258
          ],
          [
            118.9518514,
            32.1155522
          ],
          [
            118.951662,
            32.1157052
          ],
          [
            118.9515295,
            32.1158204
          ],
          [
            118.9514219,
            32.1159349
          ]
        ]
      },
      "properties": {
        "kind": "road",
        "highway": "residential",
        "name": "南雍大道",
        "source": "OpenStreetMap",
        "osm_id": "448870054"
      }
    },
    {
      "type": "Feature",
      "geometry": {
        "type": "LineString",
        "coordinates": [
          [
            118.9591854,
            32.1160365
          ],
          [
            118.9592261,
            32.1160989
          ]
        ]
      },
      "properties": {
        "kind": "road",
        "highway": "residential",
        "name": null,
        "source": "OpenStreetMap",
        "osm_id": "448870055"
      }
    },
    {
      "type": "Feature",
      "geometry": {
        "type": "LineString",
        "coordinates": [
          [
            118.9512162,
            32.1162386
          ],
          [
            118.951088,
            32.1164726
          ]
        ]
      },
      "properties": {
        "kind": "road",
        "highway": "residential",
        "name": "远东大道",
        "source": "OpenStreetMap",
        "osm_id": "448965352"
      }
    },
    {
      "type": "Feature",
      "geometry": {
        "type": "LineString",
        "coordinates": [
          [
            118.9576223,
            32.1126467
          ],
          [
            118.9575369,
            32.1126317
          ],
          [
            118.9567805,
            32.1125137
          ],
          [
            118.9561234,
            32.1124245
          ],
          [
            118.9559503,
            32.112405
          ]
        ]
      },
      "properties": {
        "kind": "road",
        "highway": "residential",
        "name": "三江路",
        "source": "OpenStreetMap",
        "osm_id": "448965389"
      }
    },
    {
      "type": "Feature",
      "geometry": {
        "type": "LineString",
        "coordinates": [
          [
            118.9538188,
            32.130384
          ],
          [
            118.9534091,
            32.130274
          ],
          [
            118.9529768,
            32.1300097
          ],
          [
            118.9517396,
            32.1295728
          ],
          [
            118.9510529,
            32.1294274
          ],
          [
            118.9504361,
            32.1291077
          ]
        ]
      },
      "properties": {
        "kind": "road",
        "highway": "residential",
        "name": null,
        "source": "OpenStreetMap",
        "osm_id": "458525305"
      }
    },
    {
      "type": "Feature",
      "geometry": {
        "type": "LineString",
        "coordinates": [
          [
            118.9384162,
            32.1351819
          ],
          [
            118.9362671,
            32.1349634
          ],
          [
            118.9354434,
            32.1348075
          ],
          [
            118.9346824,
            32.1346141
          ],
          [
            118.9339551,
            32.1343292
          ],
          [
            118.9331784,
            32.133985
          ],
          [
            118.9302271,
            32.1326401
          ],
          [
            118.928459,
            32.1317676
          ],
          [
            118.9276867,
            32.1314121
          ],
          [
            118.9272212,
            32.1311762
          ],
          [
            118.9268175,
            32.1308835
          ],
          [
            118.9265893,
            32.1306548
          ],
          [
            118.9260081,
            32.1299126
          ],
          [
            118.9256292,
            32.1295156
          ],
          [
            118.9251483,
            32.1291708
          ]
        ]
      },
      "properties": {
        "kind": "road",
        "highway": "tertiary",
        "name": "文成东路",
        "source": "OpenStreetMap",
        "osm_id": "489234870"
      }
    },
    {
      "type": "Feature",
      "geometry": {
        "type": "LineString",
        "coordinates": [
          [
            118.9430091,
            32.1154901
          ],
          [
            118.942304,
            32.1167161
          ],
          [
            118.9411518,
            32.1187817
          ],
          [
            118.9409218,
            32.1192005
          ],
          [
            118.9407693,
            32.1195287
          ],
          [
            118.9406496,
            32.1198282
          ],
          [
            118.9405391,
            32.1201509
          ],
          [
            118.9404479,
            32.1204209
          ],
          [
            118.9403658,
            32.1207532
          ],
          [
            118.9403111,
            32.1210778
          ],
          [
            118.9402801,
            32.1213584
          ],
          [
            118.9402628,
            32.1216389
          ],
          [
            118.9402537,
            32.1220224
          ],
          [
            118.9402719,
            32.122373
          ],
          [
            118.9403345,
            32.1230417
          ],
          [
            118.9407617,
            32.1270849
          ],
          [
            118.9407642,
            32.1271363
          ],
          [
            118.9407579,
            32.127253
          ]
        ]
      },
      "properties": {
        "kind": "road",
        "highway": "secondary",
        "name": "九乡河西路",
        "source": "OpenStreetMap",
        "osm_id": "489234877"
      }
    },
    {
      "type": "Feature",
      "geometry": {
        "type": "LineString",
        "coordinates": [
          [
            118.927065,
            32.1266159
          ],
          [
            118.9271434,
            32.1266411
          ]
        ]
      },
      "properties": {
        "kind": "road",
        "highway": "residential",
        "name": null,
        "source": "OpenStreetMap",
        "osm_id": "543821478"
      }
    },
    {
      "type": "Feature",
      "geometry": {
        "type": "LineString",
        "coordinates": [
          [
            118.9278309,
            32.138599
          ],
          [
            118.9280603,
            32.1387816
          ],
          [
            118.9281421,
            32.1388466
          ],
          [
            118.9285965,
            32.1394579
          ],
          [
            118.9288553,
            32.1398636
          ],
          [
            118.9292928,
            32.1406312
          ],
          [
            118.9296301,
            32.1410066
          ],
          [
            118.9300807,
            32.1413336
          ],
          [
            118.9303275,
            32.141479
          ],
          [
            118.930585,
            32.1417152
          ],
          [
            118.9308056,
            32.1419028
          ],
          [
            118.9311224,
            32.142191
          ],
          [
            118.9315123,
            32.1425556
          ],
          [
            118.9317824,
            32.142797
          ],
          [
            118.93211,
            32.1430826
          ],
          [
            118.9324281,
            32.1433428
          ],
          [
            118.9327574,
            32.1435735
          ],
          [
            118.9333349,
            32.1440274
          ],
          [
            118.9333573,
            32.1441008
          ],
          [
            118.9333454,
            32.1442434
          ],
          [
            118.9333755,
            32.1443169
          ],
          [
            118.9335499,
            32.1444773
          ],
          [
            118.9339082,
            32.144681
          ],
          [
            118.9343765,
            32.1449366
          ],
          [
            118.9346814,
            32.1451193
          ],
          [
            118.9349212,
            32.1452792
          ],
          [
            118.9350236,
            32.1453418
          ]
        ]
      },
      "properties": {
        "kind": "road",
        "highway": "residential",
        "name": null,
        "source": "OpenStreetMap",
        "osm_id": "582733545"
      }
    },
    {
      "type": "Feature",
      "geometry": {
        "type": "LineString",
        "coordinates": [
          [
            118.9764768,
            32.1312822
          ],
          [
            118.9745337,
            32.1310056
          ],
          [
            118.9726263,
            32.130734
          ],
          [
            118.9708261,
            32.1304862
          ],
          [
            118.9707217,
            32.1304701
          ],
          [
            118.9677144,
            32.1300072
          ],
          [
            118.9675374,
            32.1299718
          ],
          [
            118.9672605,
            32.1299423
          ],
          [
            118.9663753,
            32.1297938
          ],
          [
            118.965887,
            32.1297469
          ],
          [
            118.9656574,
            32.1297248
          ],
          [
            118.9653361,
            32.1297209
          ],
          [
            118.9650053,
            32.129726
          ],
          [
            118.96464,
            32.1297425
          ],
          [
            118.9642755,
            32.1297744
          ],
          [
            118.9636178,
            32.1298682
          ],
          [
            118.9630441,
            32.1299912
          ],
          [
            118.962527,
            32.1301294
          ],
          [
            118.9620477,
            32.1302865
          ],
          [
            118.9615407,
            32.1304791
          ],
          [
            118.9602199,
            32.1310115
          ],
          [
            118.959572,
            32.1312848
          ],
          [
            118.9588668,
            32.1315347
          ],
          [
            118.9582426,
            32.1317133
          ],
          [
            118.9572505,
            32.1319474
          ],
          [
            118.9563734,
            32.1320493
          ],
          [
            118.9555516,
            32.1320904
          ],
          [
            118.9543449,
            32.1320601
          ],
          [
            118.9534236,
            32.1319404
          ],
          [
            118.952669,
            32.1317979
          ],
          [
            118.9518818,
            32.131595
          ],
          [
            118.951051,
            32.1313514
          ],
          [
            118.9506782,
            32.1312069
          ],
          [
            118.9502376,
            32.1310192
          ],
          [
            118.9495539,
            32.1306796
          ],
          [
            118.9483447,
            32.1300739
          ],
          [
            118.9475476,
            32.1296746
          ],
          [
            118.9460818,
            32.1288477
          ]
        ]
      },
      "properties": {
        "kind": "road",
        "highway": "secondary",
        "name": "纬地路",
        "source": "OpenStreetMap",
        "osm_id": "583448799"
      }
    },
    {
      "type": "Feature",
      "geometry": {
        "type": "LineString",
        "coordinates": [
          [
            118.9461348,
            32.128642
          ],
          [
            118.9467717,
            32.1290375
          ],
          [
            118.9476429,
            32.1295407
          ],
          [
            118.9484612,
            32.1299064
          ],
          [
            118.9496476,
            32.1305449
          ],
          [
            118.9503259,
            32.1308818
          ],
          [
            118.9507582,
            32.1310659
          ],
          [
            118.9511198,
            32.1312061
          ],
          [
            118.9519389,
            32.1314463
          ],
          [
            118.9527141,
            32.1316461
          ],
          [
            118.9535068,
            32.1317788
          ],
          [
            118.9543634,
            32.1319041
          ],
          [
            118.9555489,
            32.1319339
          ],
          [
            118.9563554,
            32.1318936
          ],
          [
            118.957213,
            32.1317939
          ],
          [
            118.958181,
            32.1315655
          ],
          [
            118.9589676,
            32.1312984
          ],
          [
            118.9601264,
            32.1308707
          ],
          [
            118.9614845,
            32.1303378
          ],
          [
            118.9624824,
            32.1299892
          ],
          [
            118.9630455,
            32.129839
          ],
          [
            118.9636483,
            32.1297105
          ],
          [
            118.9639252,
            32.1296713
          ],
          [
            118.9642716,
            32.1296281
          ],
          [
            118.9650027,
            32.1295763
          ],
          [
            118.9656696,
            32.129589
          ],
          [
            118.9664007,
            32.1296387
          ],
          [
            118.9672867,
            32.1297228
          ],
          [
            118.9675046,
            32.129751
          ],
          [
            118.9676937,
            32.1297724
          ],
          [
            118.9696079,
            32.130063
          ],
          [
            118.9708592,
            32.1302688
          ],
          [
            118.9726242,
            32.1305522
          ],
          [
            118.9742303,
            32.1307859
          ],
          [
            118.9744972,
            32.1308247
          ],
          [
            118.9754033,
            32.1309565
          ],
          [
            118.9765113,
            32.1311177
          ],
          [
            118.9766223,
            32.1311339
          ]
        ]
      },
      "properties": {
        "kind": "road",
        "highway": "secondary",
        "name": "纬地路",
        "source": "OpenStreetMap",
        "osm_id": "583452478"
      }
    },
    {
      "type": "Feature",
      "geometry": {
        "type": "LineString",
        "coordinates": [
          [
            118.9460818,
            32.1288477
          ],
          [
            118.9446427,
            32.1281406
          ],
          [
            118.9440966,
            32.1278656
          ],
          [
            118.9437068,
            32.1277297
          ],
          [
            118.9433166,
            32.1276301
          ],
          [
            118.9427532,
            32.1275044
          ],
          [
            118.9423175,
            32.1274486
          ],
          [
            118.942019,
            32.1274081
          ]
        ]
      },
      "properties": {
        "kind": "road",
        "highway": "secondary",
        "name": "纬地路",
        "source": "OpenStreetMap",
        "osm_id": "583452482"
      }
    },
    {
      "type": "Feature",
      "geometry": {
        "type": "LineString",
        "coordinates": [
          [
            118.9513204,
            32.1158649
          ],
          [
            118.9512619,
            32.1158434
          ],
          [
            118.9511304,
            32.1157951
          ]
        ]
      },
      "properties": {
        "kind": "road",
        "highway": "residential",
        "name": "励学路",
        "source": "OpenStreetMap",
        "osm_id": "608727830"
      }
    },
    {
      "type": "Feature",
      "geometry": {
        "type": "LineString",
        "coordinates": [
          [
            118.9486061,
            32.1235721
          ],
          [
            118.9480893,
            32.1235827
          ],
          [
            118.9474586,
            32.123583
          ],
          [
            118.9472471,
            32.1236089
          ],
          [
            118.9471771,
            32.1236054
          ],
          [
            118.9458189,
            32.1236474
          ]
        ]
      },
      "properties": {
        "kind": "road",
        "highway": "residential",
        "name": "知行路",
        "source": "OpenStreetMap",
        "osm_id": "608727849"
      }
    },
    {
      "type": "Feature",
      "geometry": {
        "type": "LineString",
        "coordinates": [
          [
            118.9466082,
            32.119721
          ],
          [
            118.9465519,
            32.1197098
          ],
          [
            118.9464923,
            32.1197207
          ],
          [
            118.9464712,
            32.1197413
          ],
          [
            118.9464455,
            32.1197436
          ],
          [
            118.9464168,
            32.1197343
          ],
          [
            118.9464103,
            32.1197149
          ],
          [
            118.946427,
            32.1196759
          ],
          [
            118.9464241,
            32.1196395
          ]
        ]
      },
      "properties": {
        "kind": "road",
        "highway": "residential",
        "name": null,
        "source": "OpenStreetMap",
        "osm_id": "608727856"
      }
    },
    {
      "type": "Feature",
      "geometry": {
        "type": "LineString",
        "coordinates": [
          [
            118.9464241,
            32.1196395
          ],
          [
            118.9464495,
            32.1196125
          ],
          [
            118.9464759,
            32.1195651
          ],
          [
            118.9465231,
            32.1195792
          ],
          [
            118.9465422,
            32.1196018
          ],
          [
            118.9466283,
            32.1196299
          ]
        ]
      },
      "properties": {
        "kind": "road",
        "highway": "residential",
        "name": null,
        "source": "OpenStreetMap",
        "osm_id": "608727857"
      }
    },
    {
      "type": "Feature",
      "geometry": {
        "type": "LineString",
        "coordinates": [
          [
            118.9463141,
            32.1195796
          ],
          [
            118.9464241,
            32.1196395
          ]
        ]
      },
      "properties": {
        "kind": "road",
        "highway": "residential",
        "name": null,
        "source": "OpenStreetMap",
        "osm_id": "608727858"
      }
    },
    {
      "type": "Feature",
      "geometry": {
        "type": "LineString",
        "coordinates": [
          [
            118.9485475,
            32.1201681
          ],
          [
            118.9487975,
            32.1202254
          ]
        ]
      },
      "properties": {
        "kind": "road",
        "highway": "residential",
        "name": "问渠路",
        "source": "OpenStreetMap",
        "osm_id": "608727891"
      }
    },
    {
      "type": "Feature",
      "geometry": {
        "type": "LineString",
        "coordinates": [
          [
            118.9487975,
            32.1202254
          ],
          [
            118.9490155,
            32.1202723
          ]
        ]
      },
      "properties": {
        "kind": "road",
        "highway": "residential",
        "name": null,
        "source": "OpenStreetMap",
        "osm_id": "608727892"
      }
    },
    {
      "type": "Feature",
      "geometry": {
        "type": "LineString",
        "coordinates": [
          [
            118.9490155,
            32.1202723
          ],
          [
            118.949046,
            32.1202793
          ],
          [
            118.9491193,
            32.1202962
          ],
          [
            118.9492327,
            32.1203236
          ]
        ]
      },
      "properties": {
        "kind": "road",
        "highway": "residential",
        "name": null,
        "source": "OpenStreetMap",
        "osm_id": "608727893"
      }
    },
    {
      "type": "Feature",
      "geometry": {
        "type": "LineString",
        "coordinates": [
          [
            118.9488404,
            32.1224428
          ],
          [
            118.9499097,
            32.122534
          ],
          [
            118.9500945,
            32.1225494
          ],
          [
            118.9504386,
            32.1225782
          ],
          [
            118.9508431,
            32.1226284
          ],
          [
            118.9511002,
            32.1225451
          ],
          [
            118.9514722,
            32.122309
          ]
        ]
      },
      "properties": {
        "kind": "road",
        "highway": "residential",
        "name": "力行路",
        "source": "OpenStreetMap",
        "osm_id": "608727903"
      }
    },
    {
      "type": "Feature",
      "geometry": {
        "type": "LineString",
        "coordinates": [
          [
            118.949725,
            32.1192104
          ],
          [
            118.9504295,
            32.119447
          ],
          [
            118.9505037,
            32.1194732
          ],
          [
            118.9510661,
            32.1196825
          ]
        ]
      },
      "properties": {
        "kind": "road",
        "highway": "residential",
        "name": "积学路",
        "source": "OpenStreetMap",
        "osm_id": "608727904"
      }
    },
    {
      "type": "Feature",
      "geometry": {
        "type": "LineString",
        "coordinates": [
          [
            118.9553546,
            32.1271395
          ],
          [
            118.9553068,
            32.1271307
          ],
          [
            118.9548825,
            32.1270656
          ],
          [
            118.9544416,
            32.1269476
          ],
          [
            118.9541642,
            32.1268436
          ],
          [
            118.953869,
            32.1266919
          ],
          [
            118.9538326,
            32.1266732
          ],
          [
            118.9537395,
            32.1266203
          ],
          [
            118.9536331,
            32.12656
          ],
          [
            118.9533626,
            32.126364
          ],
          [
            118.9533201,
            32.1263209
          ],
          [
            118.9529748,
            32.1260202
          ],
          [
            118.9524915,
            32.1256188
          ],
          [
            118.9522917,
            32.1254152
          ],
          [
            118.951935,
            32.1250148
          ],
          [
            118.9518343,
            32.1248318
          ],
          [
            118.9517927,
            32.1247147
          ],
          [
            118.9517483,
            32.1243625
          ],
          [
            118.9517341,
            32.1241244
          ],
          [
            118.9517269,
            32.1238772
          ],
          [
            118.9517163,
            32.1235175
          ],
          [
            118.9517135,
            32.1234205
          ],
          [
            118.9516698,
            32.1231481
          ],
          [
            118.9516475,
            32.1230088
          ],
          [
            118.9515525,
            32.1226119
          ],
          [
            118.9514722,
            32.122309
          ]
        ]
      },
      "properties": {
        "kind": "road",
        "highway": "residential",
        "name": "天启路",
        "source": "OpenStreetMap",
        "osm_id": "608727905"
      }
    },
    {
      "type": "Feature",
      "geometry": {
        "type": "LineString",
        "coordinates": [
          [
            118.955722,
            32.1179854
          ],
          [
            118.9561433,
            32.1180306
          ],
          [
            118.9563479,
            32.1180361
          ],
          [
            118.9566099,
            32.118043
          ],
          [
            118.9569036,
            32.11806
          ],
          [
            118.9573409,
            32.1180854
          ],
          [
            118.957585,
            32.1180995
          ],
          [
            118.9578683,
            32.1181037
          ],
          [
            118.9585398,
            32.1181306
          ]
        ]
      },
      "properties": {
        "kind": "road",
        "highway": "residential",
        "name": "太学路",
        "source": "OpenStreetMap",
        "osm_id": "608727906"
      }
    },
    {
      "type": "Feature",
      "geometry": {
        "type": "LineString",
        "coordinates": [
          [
            118.9532337,
            32.1149781
          ],
          [
            118.9532445,
            32.114924
          ],
          [
            118.9532847,
            32.1147231
          ],
          [
            118.9534327,
            32.1139184
          ],
          [
            118.9534969,
            32.113556
          ],
          [
            118.9535652,
            32.1132227
          ],
          [
            118.9535857,
            32.1131193
          ],
          [
            118.9535999,
            32.1130364
          ],
          [
            118.9536907,
            32.1125323
          ],
          [
            118.9537715,
            32.1121191
          ]
        ]
      },
      "properties": {
        "kind": "road",
        "highway": "residential",
        "name": "裕光路",
        "source": "OpenStreetMap",
        "osm_id": "608727923"
      }
    },
    {
      "type": "Feature",
      "geometry": {
        "type": "LineString",
        "coordinates": [
          [
            118.9537012,
            32.1178709
          ],
          [
            118.953411,
            32.1176187
          ],
          [
            118.9531144,
            32.117361
          ],
          [
            118.9528999,
            32.117173
          ],
          [
            118.9524841,
            32.1168247
          ],
          [
            118.952231,
            32.1166146
          ],
          [
            118.9520329,
            32.1164372
          ],
          [
            118.951697,
            32.1161512
          ]
        ]
      },
      "properties": {
        "kind": "road",
        "highway": "residential",
        "name": "开泽路",
        "source": "OpenStreetMap",
        "osm_id": "608727934"
      }
    },
    {
      "type": "Feature",
      "geometry": {
        "type": "LineString",
        "coordinates": [
          [
            118.9542875,
            32.119102
          ],
          [
            118.9542909,
            32.118902
          ],
          [
            118.9542768,
            32.1187194
          ],
          [
            118.9542288,
            32.1185405
          ],
          [
            118.9542092,
            32.1185014
          ],
          [
            118.9541545,
            32.1183919
          ],
          [
            118.9539966,
            32.1182211
          ],
          [
            118.9537012,
            32.1178709
          ]
        ]
      },
      "properties": {
        "kind": "road",
        "highway": "residential",
        "name": "抱朴路",
        "source": "OpenStreetMap",
        "osm_id": "608727935"
      }
    },
    {
      "type": "Feature",
      "geometry": {
        "type": "LineString",
        "coordinates": [
          [
            118.9542776,
            32.1194292
          ],
          [
            118.9542808,
            32.1193247
          ],
          [
            118.954283,
            32.1191921
          ],
          [
            118.9542875,
            32.119102
          ]
        ]
      },
      "properties": {
        "kind": "road",
        "highway": "residential",
        "name": null,
        "source": "OpenStreetMap",
        "osm_id": "608727936"
      }
    },
    {
      "type": "Feature",
      "geometry": {
        "type": "LineString",
        "coordinates": [
          [
            118.9514722,
            32.122309
          ],
          [
            118.9518733,
            32.1221955
          ],
          [
            118.9521849,
            32.1220066
          ],
          [
            118.9523445,
            32.1216161
          ],
          [
            118.9527888,
            32.1214896
          ],
          [
            118.9529269,
            32.1214426
          ],
          [
            118.9532383,
            32.1212748
          ]
        ]
      },
      "properties": {
        "kind": "road",
        "highway": "residential",
        "name": "瑞清路",
        "source": "OpenStreetMap",
        "osm_id": "608727937"
      }
    },
    {
      "type": "Feature",
      "geometry": {
        "type": "LineString",
        "coordinates": [
          [
            118.9579133,
            32.1174688
          ],
          [
            118.9583661,
            32.1174976
          ],
          [
            118.9586139,
            32.1175196
          ]
        ]
      },
      "properties": {
        "kind": "road",
        "highway": "residential",
        "name": "静颐路",
        "source": "OpenStreetMap",
        "osm_id": "608727938"
      }
    },
    {
      "type": "Feature",
      "geometry": {
        "type": "LineString",
        "coordinates": [
          [
            118.9515773,
            32.1173322
          ],
          [
            118.9507918,
            32.1170385
          ],
          [
            118.9506841,
            32.1170022
          ]
        ]
      },
      "properties": {
        "kind": "road",
        "highway": "residential",
        "name": null,
        "source": "OpenStreetMap",
        "osm_id": "608727940"
      }
    },
    {
      "type": "Feature",
      "geometry": {
        "type": "LineString",
        "coordinates": [
          [
            118.9514219,
            32.1159349
          ],
          [
            118.9513129,
            32.1160833
          ],
          [
            118.9512162,
            32.1162386
          ]
        ]
      },
      "properties": {
        "kind": "road",
        "highway": "residential",
        "name": "远东大道",
        "source": "OpenStreetMap",
        "osm_id": "608727941"
      }
    },
    {
      "type": "Feature",
      "geometry": {
        "type": "LineString",
        "coordinates": [
          [
            118.9572337,
            32.114706
          ],
          [
            118.9572624,
            32.1145694
          ],
          [
            118.9573041,
            32.11439
          ],
          [
            118.9573926,
            32.1139346
          ],
          [
            118.9574233,
            32.1137597
          ],
          [
            118.9574401,
            32.1136641
          ]
        ]
      },
      "properties": {
        "kind": "road",
        "highway": "residential",
        "name": "家伦路",
        "source": "OpenStreetMap",
        "osm_id": "608727942"
      }
    },
    {
      "type": "Feature",
      "geometry": {
        "type": "LineString",
        "coordinates": [
          [
            118.9576252,
            32.1168276
          ],
          [
            118.9576478,
            32.1167845
          ],
          [
            118.9569674,
            32.1166014
          ],
          [
            118.9565319,
            32.1164954
          ]
        ]
      },
      "properties": {
        "kind": "road",
        "highway": "residential",
        "name": null,
        "source": "OpenStreetMap",
        "osm_id": "608727944"
      }
    },
    {
      "type": "Feature",
      "geometry": {
        "type": "LineString",
        "coordinates": [
          [
            118.9585398,
            32.1181306
          ],
          [
            118.9586139,
            32.1175196
          ],
          [
            118.9587423,
            32.1170663
          ],
          [
            118.9589392,
            32.116302
          ],
          [
            118.9588933,
            32.1162205
          ]
        ]
      },
      "properties": {
        "kind": "road",
        "highway": "residential",
        "name": "南高路",
        "source": "OpenStreetMap",
        "osm_id": "608727945"
      }
    },
    {
      "type": "Feature",
      "geometry": {
        "type": "LineString",
        "coordinates": [
          [
            118.9588933,
            32.1162205
          ],
          [
            118.9589222,
            32.1160745
          ],
          [
            118.9589511,
            32.1159751
          ],
          [
            118.9589698,
            32.1159329
          ],
          [
            118.9589893,
            32.1158596
          ],
          [
            118.9591188,
            32.1157676
          ],
          [
            118.9592776,
            32.1154528
          ],
          [
            118.9597898,
            32.1144401
          ]
        ]
      },
      "properties": {
        "kind": "road",
        "highway": "residential",
        "name": null,
        "source": "OpenStreetMap",
        "osm_id": "608727946"
      }
    },
    {
      "type": "Feature",
      "geometry": {
        "type": "LineString",
        "coordinates": [
          [
            118.9487819,
            32.1232041
          ],
          [
            118.9487378,
            32.1236301
          ],
          [
            118.9488003,
            32.1241772
          ],
          [
            118.9488284,
            32.1243904
          ]
        ]
      },
      "properties": {
        "kind": "road",
        "highway": "residential",
        "name": "远东大道",
        "source": "OpenStreetMap",
        "osm_id": "609088101"
      }
    },
    {
      "type": "Feature",
      "geometry": {
        "type": "LineString",
        "coordinates": [
          [
            118.9492461,
            32.126992
          ],
          [
            118.9492222,
            32.1270381
          ],
          [
            118.9490484,
            32.1270679
          ],
          [
            118.9459407,
            32.1268055
          ]
        ]
      },
      "properties": {
        "kind": "road",
        "highway": "residential",
        "name": null,
        "source": "OpenStreetMap",
        "osm_id": "609088102"
      }
    },
    {
      "type": "Feature",
      "geometry": {
        "type": "LineString",
        "coordinates": [
          [
            118.9488971,
            32.1217969
          ],
          [
            118.9487712,
            32.1217745
          ]
        ]
      },
      "properties": {
        "kind": "road",
        "highway": "residential",
        "name": null,
        "source": "OpenStreetMap",
        "osm_id": "609088104"
      }
    },
    {
      "type": "Feature",
      "geometry": {
        "type": "LineString",
        "coordinates": [
          [
            118.9487941,
            32.1216788
          ],
          [
            118.9488077,
            32.1216218
          ],
          [
            118.9490936,
            32.1204221
          ],
          [
            118.9491056,
            32.1203563
          ],
          [
            118.9491193,
            32.1202962
          ],
          [
            118.9491276,
            32.1202599
          ],
          [
            118.9491368,
            32.1202354
          ],
          [
            118.9491588,
            32.1201792
          ],
          [
            118.9493233,
            32.1197436
          ],
          [
            118.9495914,
            32.1191698
          ],
          [
            118.9501242,
            32.1181325
          ],
          [
            118.9503883,
            32.1175899
          ],
          [
            118.9506841,
            32.1170022
          ],
          [
            118.9507084,
            32.1169541
          ],
          [
            118.950971,
            32.1164429
          ]
        ]
      },
      "properties": {
        "kind": "road",
        "highway": "residential",
        "name": "远东大道",
        "source": "OpenStreetMap",
        "osm_id": "609088105"
      }
    },
    {
      "type": "Feature",
      "geometry": {
        "type": "LineString",
        "coordinates": [
          [
            118.9532505,
            32.1150838
          ],
          [
            118.9532337,
            32.1149781
          ]
        ]
      },
      "properties": {
        "kind": "road",
        "highway": "residential",
        "name": null,
        "source": "OpenStreetMap",
        "osm_id": "609155593"
      }
    },
    {
      "type": "Feature",
      "geometry": {
        "type": "LineString",
        "coordinates": [
          [
            118.9466895,
            32.1255916
          ],
          [
            118.94663,
            32.1250328
          ],
          [
            118.9466045,
            32.1244661
          ]
        ]
      },
      "properties": {
        "kind": "road",
        "highway": "residential",
        "name": "修远路",
        "source": "OpenStreetMap",
        "osm_id": "609908245"
      }
    },
    {
      "type": "Feature",
      "geometry": {
        "type": "LineString",
        "coordinates": [
          [
            118.9477797,
            32.1255244
          ],
          [
            118.9476878,
            32.1244185
          ]
        ]
      },
      "properties": {
        "kind": "road",
        "highway": "residential",
        "name": "笃行路",
        "source": "OpenStreetMap",
        "osm_id": "609908246"
      }
    },
    {
      "type": "Feature",
      "geometry": {
        "type": "LineString",
        "coordinates": [
          [
            118.9470885,
            32.1255606
          ],
          [
            118.9473845,
            32.1255451
          ],
          [
            118.9477797,
            32.1255244
          ],
          [
            118.9488891,
            32.1254579
          ]
        ]
      },
      "properties": {
        "kind": "road",
        "highway": "residential",
        "name": null,
        "source": "OpenStreetMap",
        "osm_id": "609908247"
      }
    },
    {
      "type": "Feature",
      "geometry": {
        "type": "LineString",
        "coordinates": [
          [
            118.9625611,
            32.1190011
          ],
          [
            118.9624801,
            32.119064
          ],
          [
            118.9623677,
            32.1191294
          ],
          [
            118.9620972,
            32.1191919
          ],
          [
            118.9616968,
            32.11918
          ],
          [
            118.9612085,
            32.1191547
          ],
          [
            118.9602689,
            32.1191607
          ]
        ]
      },
      "properties": {
        "kind": "road",
        "highway": "residential",
        "name": null,
        "source": "OpenStreetMap",
        "osm_id": "666895122"
      }
    },
    {
      "type": "Feature",
      "geometry": {
        "type": "LineString",
        "coordinates": [
          [
            118.9998657,
            32.1476714
          ],
          [
            118.9984153,
            32.14732
          ],
          [
            118.9965298,
            32.1468133
          ],
          [
            118.9944113,
            32.14622
          ],
          [
            118.9919013,
            32.145568
          ],
          [
            118.9898566,
            32.1450554
          ],
          [
            118.9878762,
            32.1445126
          ],
          [
            118.9851302,
            32.1438306
          ],
          [
            118.9818266,
            32.1431448
          ],
          [
            118.977043,
            32.1421697
          ],
          [
            118.9724112,
            32.1412286
          ],
          [
            118.9686972,
            32.1404796
          ],
          [
            118.9652688,
            32.1398127
          ],
          [
            118.9628802,
            32.1393132
          ],
          [
            118.9619308,
            32.1391198
          ],
          [
            118.9600735,
            32.1387428
          ],
          [
            118.9572621,
            32.1382164
          ],
          [
            118.9556862,
            32.1379327
          ]
        ]
      },
      "properties": {
        "kind": "road",
        "highway": "trunk",
        "name": "智谷大道",
        "source": "OpenStreetMap",
        "osm_id": "824490885"
      }
    },
    {
      "type": "Feature",
      "geometry": {
        "type": "LineString",
        "coordinates": [
          [
            118.9556988,
            32.1378151
          ],
          [
            118.957294,
            32.1380991
          ],
          [
            118.9589631,
            32.1384055
          ],
          [
            118.9601162,
            32.1386171
          ],
          [
            118.961977,
            32.1389922
          ],
          [
            118.9628813,
            32.1391736
          ],
          [
            118.9645465,
            32.1394928
          ],
          [
            118.9650371,
            32.1395881
          ],
          [
            118.9687262,
            32.1403653
          ],
          [
            118.9724377,
            32.1411037
          ],
          [
            118.9770691,
            32.1420413
          ],
          [
            118.9818618,
            32.142998
          ],
          [
            118.9851843,
            32.1437227
          ],
          [
            118.9879261,
            32.1444036
          ],
          [
            118.9899083,
            32.1449114
          ],
          [
            118.9920915,
            32.1454715
          ],
          [
            118.994443,
            32.1461191
          ],
          [
            118.9983581,
            32.1471513
          ],
          [
            119.000309,
            32.1476273
          ]
        ]
      },
      "properties": {
        "kind": "road",
        "highway": "trunk",
        "name": "智谷大道",
        "source": "OpenStreetMap",
        "osm_id": "824490887"
      }
    },
    {
      "type": "Feature",
      "geometry": {
        "type": "LineString",
        "coordinates": [
          [
            118.9754701,
            32.1360307
          ],
          [
            118.9750487,
            32.1359132
          ],
          [
            118.9717847,
            32.1348614
          ],
          [
            118.9710765,
            32.1345911
          ],
          [
            118.9705481,
            32.1343723
          ],
          [
            118.9704324,
            32.1342984
          ],
          [
            118.9696856,
            32.1337758
          ],
          [
            118.9692606,
            32.1334215
          ],
          [
            118.9689499,
            32.1331234
          ],
          [
            118.9688787,
            32.1330551
          ],
          [
            118.9685347,
            32.1326571
          ],
          [
            118.9682851,
            32.132261
          ],
          [
            118.9680528,
            32.1317886
          ],
          [
            118.9678584,
            32.1313241
          ],
          [
            118.9678449,
            32.1312919
          ],
          [
            118.9677018,
            32.1308816
          ],
          [
            118.9676134,
            32.1304786
          ],
          [
            118.9675374,
            32.1299718
          ],
          [
            118.9675046,
            32.129751
          ],
          [
            118.9674862,
            32.1294784
          ],
          [
            118.9674539,
            32.1284995
          ],
          [
            118.9674373,
            32.1279822
          ],
          [
            118.9674337,
            32.1274415
          ],
          [
            118.9674909,
            32.1270271
          ],
          [
            118.9675997,
            32.1265629
          ],
          [
            118.9677182,
            32.1262673
          ]
        ]
      },
      "properties": {
        "kind": "road",
        "highway": "secondary",
        "name": "经天路",
        "source": "OpenStreetMap",
        "osm_id": "828770086"
      }
    },
    {
      "type": "Feature",
      "geometry": {
        "type": "LineString",
        "coordinates": [
          [
            118.9395839,
            32.1368814
          ],
          [
            118.9395424,
            32.1370084
          ],
          [
            118.9395355,
            32.1371347
          ],
          [
            118.9395426,
            32.1372611
          ],
          [
            118.9396323,
            32.1375498
          ],
          [
            118.9398506,
            32.1381586
          ],
          [
            118.9399733,
            32.1384618
          ],
          [
            118.9400761,
            32.138668
          ],
          [
            118.9401849,
            32.13883
          ],
          [
            118.9403164,
            32.1389697
          ],
          [
            118.9404644,
            32.139126
          ],
          [
            118.9407858,
            32.1394262
          ],
          [
            118.941045,
            32.1396434
          ],
          [
            118.9412633,
            32.1398395
          ],
          [
            118.9414148,
            32.1399975
          ],
          [
            118.9415825,
            32.1402047
          ],
          [
            118.9417347,
            32.1404226
          ],
          [
            118.9418641,
            32.140664
          ],
          [
            118.9419615,
            32.1409128
          ],
          [
            118.942006,
            32.1410732
          ],
          [
            118.9420389,
            32.1412956
          ],
          [
            118.9420957,
            32.1419352
          ],
          [
            118.942158,
            32.1435629
          ],
          [
            118.9422559,
            32.1446652
          ],
          [
            118.9422878,
            32.1449367
          ],
          [
            118.9423426,
            32.1451254
          ],
          [
            118.9424205,
            32.1452929
          ],
          [
            118.9425381,
            32.145452
          ],
          [
            118.9427099,
            32.1456088
          ],
          [
            118.9431088,
            32.1459183
          ],
          [
            118.9435016,
            32.1462226
          ],
          [
            118.94365,
            32.1463497
          ],
          [
            118.9437873,
            32.1464928
          ],
          [
            118.943958,
            32.1467656
          ],
          [
            118.9440652,
            32.1470001
          ],
          [
            118.9441446,
            32.1472481
          ],
          [
            118.9441781,
            32.1475581
          ],
          [
            118.9441913,
            32.1477431
          ]
        ]
      },
      "properties": {
        "kind": "road",
        "highway": "secondary",
        "name": "红枫路",
        "source": "OpenStreetMap",
        "osm_id": "835712694"
      }
    },
    {
      "type": "Feature",
      "geometry": {
        "type": "LineString",
        "coordinates": [
          [
            118.9439187,
            32.1476892
          ],
          [
            118.9438941,
            32.1474564
          ],
          [
            118.9438406,
            32.147132
          ],
          [
            118.9437762,
            32.1469185
          ],
          [
            118.9436891,
            32.1467162
          ],
          [
            118.9435457,
            32.1465475
          ],
          [
            118.9434545,
            32.146468
          ],
          [
            118.9433365,
            32.1463858
          ],
          [
            118.9431111,
            32.1462168
          ],
          [
            118.942748,
            32.1459341
          ],
          [
            118.9425445,
            32.1457707
          ],
          [
            118.9423617,
            32.1455793
          ],
          [
            118.9422294,
            32.1453977
          ],
          [
            118.9421364,
            32.1452258
          ],
          [
            118.9420543,
            32.14501
          ],
          [
            118.9420229,
            32.1447809
          ],
          [
            118.9419322,
            32.1433899
          ],
          [
            118.9418175,
            32.1412745
          ],
          [
            118.9417289,
            32.1409156
          ],
          [
            118.9416575,
            32.1407117
          ],
          [
            118.9415465,
            32.1404977
          ],
          [
            118.9413749,
            32.1402434
          ],
          [
            118.9412445,
            32.1400985
          ],
          [
            118.9407526,
            32.1396619
          ],
          [
            118.9402805,
            32.1392622
          ],
          [
            118.9400016,
            32.1389862
          ],
          [
            118.9398643,
            32.1388196
          ],
          [
            118.9397588,
            32.1386522
          ],
          [
            118.9396735,
            32.1384767
          ],
          [
            118.9394646,
            32.1379211
          ],
          [
            118.9394048,
            32.1376806
          ],
          [
            118.9393593,
            32.1373803
          ],
          [
            118.939346,
            32.1370673
          ],
          [
            118.9393616,
            32.1369546
          ],
          [
            118.9393827,
            32.136862
          ],
          [
            118.9395334,
            32.1365337
          ]
        ]
      },
      "properties": {
        "kind": "road",
        "highway": "secondary",
        "name": "红枫路",
        "source": "OpenStreetMap",
        "osm_id": "835712698"
      }
    },
    {
      "type": "Feature",
      "geometry": {
        "type": "LineString",
        "coordinates": [
          [
            118.941131,
            32.1273058
          ],
          [
            118.9407579,
            32.127253
          ]
        ]
      },
      "properties": {
        "kind": "road",
        "highway": "secondary",
        "name": "纬地路",
        "source": "OpenStreetMap",
        "osm_id": "836098551"
      }
    },
    {
      "type": "Feature",
      "geometry": {
        "type": "LineString",
        "coordinates": [
          [
            118.942019,
            32.1274081
          ],
          [
            118.941131,
            32.1273058
          ]
        ]
      },
      "properties": {
        "kind": "road",
        "highway": "secondary",
        "name": null,
        "source": "OpenStreetMap",
        "osm_id": "836098552"
      }
    },
    {
      "type": "Feature",
      "geometry": {
        "type": "LineString",
        "coordinates": [
          [
            118.9419954,
            32.1272382
          ],
          [
            118.9423438,
            32.1272938
          ],
          [
            118.9427906,
            32.1273511
          ],
          [
            118.9433668,
            32.1274796
          ],
          [
            118.9437688,
            32.1275822
          ],
          [
            118.9441982,
            32.1277163
          ],
          [
            118.9447906,
            32.1279734
          ],
          [
            118.9456272,
            32.1283717
          ],
          [
            118.9460457,
            32.1285807
          ]
        ]
      },
      "properties": {
        "kind": "road",
        "highway": "secondary",
        "name": "纬地路",
        "source": "OpenStreetMap",
        "osm_id": "836098553"
      }
    },
    {
      "type": "Feature",
      "geometry": {
        "type": "LineString",
        "coordinates": [
          [
            118.9411377,
            32.1271292
          ],
          [
            118.9419954,
            32.1272382
          ]
        ]
      },
      "properties": {
        "kind": "road",
        "highway": "secondary",
        "name": null,
        "source": "OpenStreetMap",
        "osm_id": "836098554"
      }
    },
    {
      "type": "Feature",
      "geometry": {
        "type": "LineString",
        "coordinates": [
          [
            118.940243,
            32.127025
          ],
          [
            118.9406142,
            32.1270667
          ]
        ]
      },
      "properties": {
        "kind": "road",
        "highway": "secondary",
        "name": "文澜路",
        "source": "OpenStreetMap",
        "osm_id": "871590056"
      }
    },
    {
      "type": "Feature",
      "geometry": {
        "type": "LineString",
        "coordinates": [
          [
            118.9406108,
            32.1272357
          ],
          [
            118.9402484,
            32.1271982
          ]
        ]
      },
      "properties": {
        "kind": "road",
        "highway": "secondary",
        "name": "文澜路",
        "source": "OpenStreetMap",
        "osm_id": "871590057"
      }
    },
    {
      "type": "Feature",
      "geometry": {
        "type": "LineString",
        "coordinates": [
          [
            118.9639252,
            32.1296713
          ],
          [
            118.9638161,
            32.1260674
          ],
          [
            118.9637872,
            32.1251349
          ],
          [
            118.9637851,
            32.1250413
          ]
        ]
      },
      "properties": {
        "kind": "road",
        "highway": "residential",
        "name": "光启路",
        "source": "OpenStreetMap",
        "osm_id": "871600913"
      }
    },
    {
      "type": "Feature",
      "geometry": {
        "type": "LineString",
        "coordinates": [
          [
            118.9510277,
            32.1417493
          ],
          [
            118.9523385,
            32.1412852
          ]
        ]
      },
      "properties": {
        "kind": "road",
        "highway": "residential",
        "name": null,
        "source": "OpenStreetMap",
        "osm_id": "875657267"
      }
    },
    {
      "type": "Feature",
      "geometry": {
        "type": "LineString",
        "coordinates": [
          [
            118.9354429,
            32.1435165
          ],
          [
            118.935432,
            32.1434417
          ],
          [
            118.9354475,
            32.143061
          ],
          [
            118.9355354,
            32.1428728
          ],
          [
            118.9358868,
            32.1424834
          ]
        ]
      },
      "properties": {
        "kind": "road",
        "highway": "residential",
        "name": null,
        "source": "OpenStreetMap",
        "osm_id": "876594619"
      }
    },
    {
      "type": "Feature",
      "geometry": {
        "type": "LineString",
        "coordinates": [
          [
            118.9266401,
            32.1263641
          ],
          [
            118.9278782,
            32.1242664
          ],
          [
            118.9279961,
            32.1241079
          ],
          [
            118.9295226,
            32.1216116
          ],
          [
            118.9301218,
            32.1206316
          ],
          [
            118.9302969,
            32.1203231
          ],
          [
            118.93043,
            32.1200561
          ],
          [
            118.9305351,
            32.1198168
          ],
          [
            118.9306051,
            32.1195835
          ]
        ]
      },
      "properties": {
        "kind": "road",
        "highway": "secondary",
        "name": "仙境路",
        "source": "OpenStreetMap",
        "osm_id": "876594626"
      }
    },
    {
      "type": "Feature",
      "geometry": {
        "type": "LineString",
        "coordinates": [
          [
            118.9306051,
            32.1195835
          ],
          [
            118.9306588,
            32.1193896
          ]
        ]
      },
      "properties": {
        "kind": "road",
        "highway": "secondary",
        "name": "仙境路",
        "source": "OpenStreetMap",
        "osm_id": "876594632"
      }
    },
    {
      "type": "Feature",
      "geometry": {
        "type": "LineString",
        "coordinates": [
          [
            118.9308236,
            32.1194224
          ],
          [
            118.930768,
            32.1196271
          ]
        ]
      },
      "properties": {
        "kind": "road",
        "highway": "secondary",
        "name": "仙境路",
        "source": "OpenStreetMap",
        "osm_id": "876594634"
      }
    },
    {
      "type": "Feature",
      "geometry": {
        "type": "LineString",
        "coordinates": [
          [
            118.9534236,
            32.1319404
          ],
          [
            118.9533821,
            32.1321408
          ]
        ]
      },
      "properties": {
        "kind": "road",
        "highway": "tertiary",
        "name": null,
        "source": "OpenStreetMap",
        "osm_id": "878591051"
      }
    },
    {
      "type": "Feature",
      "geometry": {
        "type": "LineString",
        "coordinates": [
          [
            118.9533821,
            32.1321408
          ],
          [
            118.9533237,
            32.1324223
          ]
        ]
      },
      "properties": {
        "kind": "road",
        "highway": "tertiary",
        "name": null,
        "source": "OpenStreetMap",
        "osm_id": "878591052"
      }
    },
    {
      "type": "Feature",
      "geometry": {
        "type": "LineString",
        "coordinates": [
          [
            118.9431408,
            32.1149941
          ],
          [
            118.9432427,
            32.1150532
          ]
        ]
      },
      "properties": {
        "kind": "road",
        "highway": "residential",
        "name": null,
        "source": "OpenStreetMap",
        "osm_id": "878591061"
      }
    },
    {
      "type": "Feature",
      "geometry": {
        "type": "LineString",
        "coordinates": [
          [
            118.9429255,
            32.1154278
          ],
          [
            118.9431408,
            32.1149941
          ]
        ]
      },
      "properties": {
        "kind": "road",
        "highway": "secondary",
        "name": "九乡河西路",
        "source": "OpenStreetMap",
        "osm_id": "878591062"
      }
    },
    {
      "type": "Feature",
      "geometry": {
        "type": "LineString",
        "coordinates": [
          [
            118.9432427,
            32.1150532
          ],
          [
            118.9430091,
            32.1154901
          ]
        ]
      },
      "properties": {
        "kind": "road",
        "highway": "secondary",
        "name": "九乡河西路",
        "source": "OpenStreetMap",
        "osm_id": "878591064"
      }
    },
    {
      "type": "Feature",
      "geometry": {
        "type": "LineString",
        "coordinates": [
          [
            118.9486363,
            32.1230671
          ],
          [
            118.948784,
            32.1230698
          ]
        ]
      },
      "properties": {
        "kind": "road",
        "highway": "residential",
        "name": null,
        "source": "OpenStreetMap",
        "osm_id": "881594563"
      }
    },
    {
      "type": "Feature",
      "geometry": {
        "type": "LineString",
        "coordinates": [
          [
            118.9591679,
            32.1271701
          ],
          [
            118.9575562,
            32.1271868
          ],
          [
            118.9556028,
            32.1271898
          ],
          [
            118.9554541,
            32.1271258
          ]
        ]
      },
      "properties": {
        "kind": "road",
        "highway": "residential",
        "name": null,
        "source": "OpenStreetMap",
        "osm_id": "881594578"
      }
    },
    {
      "type": "Feature",
      "geometry": {
        "type": "LineString",
        "coordinates": [
          [
            118.9591384,
            32.1287706
          ],
          [
            118.9584897,
            32.1287613
          ],
          [
            118.9583959,
            32.1287295
          ],
          [
            118.9583047,
            32.1286738
          ],
          [
            118.9580955,
            32.1286704
          ],
          [
            118.9576864,
            32.1286795
          ],
          [
            118.9575939,
            32.1286659
          ],
          [
            118.957555,
            32.1286062
          ],
          [
            118.9575555,
            32.1280378
          ],
          [
            118.9575562,
            32.1271868
          ]
        ]
      },
      "properties": {
        "kind": "road",
        "highway": "residential",
        "name": null,
        "source": "OpenStreetMap",
        "osm_id": "881594582"
      }
    },
    {
      "type": "Feature",
      "geometry": {
        "type": "LineString",
        "coordinates": [
          [
            118.9703926,
            32.1160778
          ],
          [
            118.9701536,
            32.1159383
          ],
          [
            118.9698645,
            32.1157836
          ],
          [
            118.9695874,
            32.1156681
          ],
          [
            118.9693312,
            32.1156085
          ],
          [
            118.9688331,
            32.1155452
          ],
          [
            118.9684931,
            32.1154557
          ],
          [
            118.9683203,
            32.1153614
          ],
          [
            118.9681839,
            32.1152475
          ],
          [
            118.9680476,
            32.1151011
          ],
          [
            118.9679266,
            32.1148718
          ],
          [
            118.967748,
            32.1145513
          ],
          [
            118.9676174,
            32.1143708
          ],
          [
            118.9674676,
            32.1142569
          ],
          [
            118.9673005,
            32.1141886
          ],
          [
            118.9671085,
            32.1141382
          ],
          [
            118.966878,
            32.11413
          ],
          [
            118.9666783,
            32.1141674
          ],
          [
            118.9665208,
            32.1142374
          ],
          [
            118.9663787,
            32.1143252
          ],
          [
            118.9661194,
            32.1145871
          ],
          [
            118.9653728,
            32.1154722
          ]
        ]
      },
      "properties": {
        "kind": "road",
        "highway": "residential",
        "name": null,
        "source": "OpenStreetMap",
        "osm_id": "913719231"
      }
    },
    {
      "type": "Feature",
      "geometry": {
        "type": "LineString",
        "coordinates": [
          [
            118.9732589,
            32.1323906
          ],
          [
            118.9723624,
            32.1330123
          ],
          [
            118.9709397,
            32.1341005
          ],
          [
            118.9706937,
            32.1342786
          ],
          [
            118.9705481,
            32.1343723
          ],
          [
            118.9702949,
            32.134518
          ],
          [
            118.9698936,
            32.1347327
          ],
          [
            118.969531,
            32.1348873
          ],
          [
            118.96919,
            32.1349971
          ],
          [
            118.9688346,
            32.1350866
          ],
          [
            118.9682774,
            32.1352187
          ],
          [
            118.9676602,
            32.1353591
          ],
          [
            118.9673,
            32.1354465
          ],
          [
            118.9669614,
            32.1355604
          ],
          [
            118.9666396,
            32.1356987
          ],
          [
            118.9663514,
            32.1358492
          ],
          [
            118.9659936,
            32.1360993
          ],
          [
            118.9657678,
            32.1363169
          ],
          [
            118.9655397,
            32.1366056
          ],
          [
            118.9653524,
            32.1368964
          ],
          [
            118.9652251,
            32.1371689
          ],
          [
            118.9650834,
            32.1375675
          ],
          [
            118.965057,
            32.1376399
          ],
          [
            118.9650105,
            32.1377677
          ],
          [
            118.9648961,
            32.138082
          ],
          [
            118.9646133,
            32.1390873
          ],
          [
            118.9645102,
            32.1394759
          ],
          [
            118.9644555,
            32.1397019
          ]
        ]
      },
      "properties": {
        "kind": "road",
        "highway": "tertiary",
        "name": "毕升路",
        "source": "OpenStreetMap",
        "osm_id": "915384695"
      }
    },
    {
      "type": "Feature",
      "geometry": {
        "type": "LineString",
        "coordinates": [
          [
            118.9515773,
            32.1173322
          ],
          [
            118.9516935,
            32.1173023
          ],
          [
            118.9521434,
            32.1174709
          ]
        ]
      },
      "properties": {
        "kind": "road",
        "highway": "residential",
        "name": null,
        "source": "OpenStreetMap",
        "osm_id": "918980032"
      }
    },
    {
      "type": "Feature",
      "geometry": {
        "type": "LineString",
        "coordinates": [
          [
            118.9592261,
            32.1160989
          ],
          [
            118.9591474,
            32.1161221
          ]
        ]
      },
      "properties": {
        "kind": "road",
        "highway": "residential",
        "name": null,
        "source": "OpenStreetMap",
        "osm_id": "920885703"
      }
    },
    {
      "type": "Feature",
      "geometry": {
        "type": "LineString",
        "coordinates": [
          [
            118.9419891,
            32.139865
          ],
          [
            118.9425668,
            32.1398146
          ]
        ]
      },
      "properties": {
        "kind": "road",
        "highway": "residential",
        "name": null,
        "source": "OpenStreetMap",
        "osm_id": "920885771"
      }
    },
    {
      "type": "Feature",
      "geometry": {
        "type": "LineString",
        "coordinates": [
          [
            118.9415717,
            32.1396544
          ],
          [
            118.9419489,
            32.1396138
          ],
          [
            118.9425386,
            32.1395522
          ]
        ]
      },
      "properties": {
        "kind": "road",
        "highway": "residential",
        "name": null,
        "source": "OpenStreetMap",
        "osm_id": "920885772"
      }
    },
    {
      "type": "Feature",
      "geometry": {
        "type": "LineString",
        "coordinates": [
          [
            118.9413343,
            32.139416
          ],
          [
            118.9419089,
            32.1393563
          ],
          [
            118.9424917,
            32.1392945
          ]
        ]
      },
      "properties": {
        "kind": "road",
        "highway": "residential",
        "name": null,
        "source": "OpenStreetMap",
        "osm_id": "920885773"
      }
    },
    {
      "type": "Feature",
      "geometry": {
        "type": "LineString",
        "coordinates": [
          [
            118.9412995,
            32.1391582
          ],
          [
            118.9418655,
            32.1390941
          ],
          [
            118.9424153,
            32.1390299
          ]
        ]
      },
      "properties": {
        "kind": "road",
        "highway": "residential",
        "name": null,
        "source": "OpenStreetMap",
        "osm_id": "920885774"
      }
    },
    {
      "type": "Feature",
      "geometry": {
        "type": "LineString",
        "coordinates": [
          [
            118.9418909,
            32.1402018
          ],
          [
            118.9420331,
            32.1401496
          ],
          [
            118.9426151,
            32.1400916
          ]
        ]
      },
      "properties": {
        "kind": "road",
        "highway": "residential",
        "name": null,
        "source": "OpenStreetMap",
        "osm_id": "920885778"
      }
    },
    {
      "type": "Feature",
      "geometry": {
        "type": "LineString",
        "coordinates": [
          [
            118.941045,
            32.1396434
          ],
          [
            118.9411962,
            32.1395307
          ]
        ]
      },
      "properties": {
        "kind": "road",
        "highway": "residential",
        "name": null,
        "source": "OpenStreetMap",
        "osm_id": "920885779"
      }
    },
    {
      "type": "Feature",
      "geometry": {
        "type": "LineString",
        "coordinates": [
          [
            118.9409386,
            32.138512
          ],
          [
            118.9410715,
            32.1393694
          ],
          [
            118.941105,
            32.1394512
          ],
          [
            118.9411962,
            32.1395307
          ],
          [
            118.9413477,
            32.139659
          ],
          [
            118.9415731,
            32.1398577
          ],
          [
            118.9417528,
            32.1400292
          ],
          [
            118.9418909,
            32.1402018
          ],
          [
            118.9419499,
            32.1403074
          ],
          [
            118.9421242,
            32.1406572
          ],
          [
            118.942202,
            32.1409047
          ],
          [
            118.9422128,
            32.1409717
          ],
          [
            118.9421712,
            32.1410228
          ],
          [
            118.942006,
            32.1410732
          ]
        ]
      },
      "properties": {
        "kind": "road",
        "highway": "residential",
        "name": null,
        "source": "OpenStreetMap",
        "osm_id": "920885780"
      }
    },
    {
      "type": "Feature",
      "geometry": {
        "type": "LineString",
        "coordinates": [
          [
            118.9399733,
            32.1384618
          ],
          [
            118.9409386,
            32.138512
          ],
          [
            118.9417434,
            32.1385563
          ],
          [
            118.9417823,
            32.138579
          ],
          [
            118.941797,
            32.1386199
          ],
          [
            118.9418655,
            32.1390941
          ],
          [
            118.9419089,
            32.1393563
          ],
          [
            118.9419489,
            32.1396138
          ],
          [
            118.9419891,
            32.139865
          ],
          [
            118.9420331,
            32.1401496
          ]
        ]
      },
      "properties": {
        "kind": "road",
        "highway": "residential",
        "name": null,
        "source": "OpenStreetMap",
        "osm_id": "920885781"
      }
    },
    {
      "type": "Feature",
      "geometry": {
        "type": "LineString",
        "coordinates": [
          [
            118.9460457,
            32.1285807
          ],
          [
            118.9460307,
            32.1283234
          ],
          [
            118.945972,
            32.1275798
          ],
          [
            118.9458512,
            32.1268146
          ],
          [
            118.9457777,
            32.1262301
          ],
          [
            118.9455768,
            32.1245953
          ],
          [
            118.9455364,
            32.123488
          ],
          [
            118.9455478,
            32.1229758
          ],
          [
            118.9456032,
            32.1222796
          ],
          [
            118.9456638,
            32.1217629
          ],
          [
            118.9458113,
            32.1210077
          ],
          [
            118.9458874,
            32.1206792
          ],
          [
            118.9460521,
            32.1201114
          ],
          [
            118.9462349,
            32.1195598
          ],
          [
            118.9463085,
            32.1193559
          ],
          [
            118.9466102,
            32.1186227
          ],
          [
            118.9470753,
            32.1176544
          ],
          [
            118.9470943,
            32.1176148
          ],
          [
            118.9473335,
            32.1171354
          ],
          [
            118.9476311,
            32.1165389
          ],
          [
            118.9480765,
            32.1156464
          ],
          [
            118.9489989,
            32.1137389
          ],
          [
            118.9493527,
            32.1130072
          ],
          [
            118.9503424,
            32.1109375
          ],
          [
            118.9503828,
            32.1108549
          ]
        ]
      },
      "properties": {
        "kind": "road",
        "highway": "secondary",
        "name": "九乡河东路",
        "source": "OpenStreetMap",
        "osm_id": "925408443"
      }
    },
    {
      "type": "Feature",
      "geometry": {
        "type": "LineString",
        "coordinates": [
          [
            118.9460818,
            32.1288477
          ],
          [
            118.9461639,
            32.1295227
          ],
          [
            118.9463333,
            32.130693
          ],
          [
            118.9465852,
            32.1312926
          ],
          [
            118.9469322,
            32.1318543
          ],
          [
            118.9473744,
            32.1323828
          ],
          [
            118.9493315,
            32.1341286
          ],
          [
            118.9505466,
            32.1351481
          ],
          [
            118.9513767,
            32.1356704
          ],
          [
            118.9515666,
            32.13579
          ],
          [
            118.9525754,
            32.1362383
          ],
          [
            118.9537013,
            32.136564
          ],
          [
            118.956875,
            32.1372528
          ]
        ]
      },
      "properties": {
        "kind": "road",
        "highway": "tertiary",
        "name": "齐民西路",
        "source": "OpenStreetMap",
        "osm_id": "925408444"
      }
    },
    {
      "type": "Feature",
      "geometry": {
        "type": "LineString",
        "coordinates": [
          [
            118.9731279,
            32.1263373
          ],
          [
            118.9724372,
            32.1265863
          ],
          [
            118.9720738,
            32.1267169
          ],
          [
            118.9717707,
            32.126801
          ],
          [
            118.9714247,
            32.1268793
          ],
          [
            118.971072,
            32.1269259
          ],
          [
            118.9706375,
            32.1269498
          ],
          [
            118.9701668,
            32.1269544
          ],
          [
            118.9700294,
            32.1269358
          ],
          [
            118.9698207,
            32.1269077
          ],
          [
            118.9693513,
            32.1268146
          ],
          [
            118.968839,
            32.126659
          ],
          [
            118.9678666,
            32.1263266
          ],
          [
            118.9677182,
            32.1262673
          ]
        ]
      },
      "properties": {
        "kind": "road",
        "highway": "tertiary",
        "name": "广志路",
        "source": "OpenStreetMap",
        "osm_id": "944087692"
      }
    },
    {
      "type": "Feature",
      "geometry": {
        "type": "LineString",
        "coordinates": [
          [
            118.9677182,
            32.1262673
          ],
          [
            118.9677539,
            32.1261801
          ]
        ]
      },
      "properties": {
        "kind": "road",
        "highway": "secondary",
        "name": "经天路",
        "source": "OpenStreetMap",
        "osm_id": "944087722"
      }
    },
    {
      "type": "Feature",
      "geometry": {
        "type": "LineString",
        "coordinates": [
          [
            118.9677182,
            32.1262673
          ],
          [
            118.965957,
            32.1256232
          ],
          [
            118.9654085,
            32.125438
          ],
          [
            118.9650491,
            32.125346
          ],
          [
            118.9647842,
            32.1252847
          ],
          [
            118.9643343,
            32.1252018
          ],
          [
            118.9637872,
            32.1251349
          ],
          [
            118.9632869,
            32.1251007
          ],
          [
            118.9627799,
            32.1250985
          ],
          [
            118.9622233,
            32.1251348
          ],
          [
            118.9612859,
            32.1252529
          ],
          [
            118.9608166,
            32.1253449
          ],
          [
            118.9599069,
            32.1254698
          ]
        ]
      },
      "properties": {
        "kind": "road",
        "highway": "tertiary",
        "name": "广志路",
        "source": "OpenStreetMap",
        "osm_id": "944087723"
      }
    },
    {
      "type": "Feature",
      "geometry": {
        "type": "LineString",
        "coordinates": [
          [
            118.9677539,
            32.1261801
          ],
          [
            118.9679404,
            32.1258074
          ],
          [
            118.9681824,
            32.1254359
          ],
          [
            118.9684087,
            32.1251224
          ],
          [
            118.9687784,
            32.1246903
          ],
          [
            118.9690301,
            32.1244266
          ],
          [
            118.9692081,
            32.1242275
          ],
          [
            118.9693824,
            32.1239917
          ],
          [
            118.9695873,
            32.123671
          ],
          [
            118.969749,
            32.1233439
          ],
          [
            118.9698502,
            32.1230984
          ],
          [
            118.9699674,
            32.1227351
          ],
          [
            118.9700165,
            32.122538
          ],
          [
            118.9700759,
            32.122223
          ],
          [
            118.9701091,
            32.1218947
          ],
          [
            118.9701159,
            32.1212894
          ],
          [
            118.9700857,
            32.1206328
          ],
          [
            118.9700566,
            32.1196081
          ],
          [
            118.9700545,
            32.1190579
          ],
          [
            118.9700525,
            32.1190086
          ],
          [
            118.9700459,
            32.1188737
          ]
        ]
      },
      "properties": {
        "kind": "road",
        "highway": "secondary",
        "name": "经天路",
        "source": "OpenStreetMap",
        "osm_id": "944087724"
      }
    },
    {
      "type": "Feature",
      "geometry": {
        "type": "LineString",
        "coordinates": [
          [
            118.9701996,
            32.1189419
          ],
          [
            118.970205,
            32.1190663
          ],
          [
            118.9702096,
            32.1196398
          ],
          [
            118.97023,
            32.1206379
          ],
          [
            118.9702366,
            32.1212916
          ],
          [
            118.9702335,
            32.1218939
          ],
          [
            118.9702106,
            32.1222188
          ],
          [
            118.9701559,
            32.1225518
          ],
          [
            118.9700954,
            32.1227722
          ],
          [
            118.9699763,
            32.1231319
          ],
          [
            118.9698711,
            32.1233939
          ],
          [
            118.9697029,
            32.1237228
          ],
          [
            118.9695085,
            32.1240387
          ],
          [
            118.9693388,
            32.1242917
          ],
          [
            118.969133,
            32.1245229
          ],
          [
            118.9688954,
            32.1247835
          ],
          [
            118.9685631,
            32.125191
          ],
          [
            118.9683298,
            32.1254982
          ],
          [
            118.9680782,
            32.1258603
          ],
          [
            118.9678979,
            32.1262285
          ]
        ]
      },
      "properties": {
        "kind": "road",
        "highway": "secondary",
        "name": "经天路",
        "source": "OpenStreetMap",
        "osm_id": "944087725"
      }
    },
    {
      "type": "Feature",
      "geometry": {
        "type": "LineString",
        "coordinates": [
          [
            118.9407579,
            32.127253
          ],
          [
            118.9406253,
            32.1297377
          ],
          [
            118.9400443,
            32.1342874
          ],
          [
            118.9399313,
            32.1352332
          ]
        ]
      },
      "properties": {
        "kind": "road",
        "highway": "secondary",
        "name": "九乡河西路",
        "source": "OpenStreetMap",
        "osm_id": "947821610"
      }
    },
    {
      "type": "Feature",
      "geometry": {
        "type": "LineString",
        "coordinates": [
          [
            118.9407579,
            32.127253
          ],
          [
            118.9406108,
            32.1272357
          ]
        ]
      },
      "properties": {
        "kind": "road",
        "highway": "secondary",
        "name": "纬地路",
        "source": "OpenStreetMap",
        "osm_id": "947821611"
      }
    },
    {
      "type": "Feature",
      "geometry": {
        "type": "LineString",
        "coordinates": [
          [
            118.9397708,
            32.1353275
          ],
          [
            118.9397842,
            32.1352209
          ],
          [
            118.9399323,
            32.1342682
          ],
          [
            118.9405306,
            32.1297475
          ],
          [
            118.9406108,
            32.1272357
          ],
          [
            118.9406142,
            32.1270667
          ]
        ]
      },
      "properties": {
        "kind": "road",
        "highway": "secondary",
        "name": "九乡河西路",
        "source": "OpenStreetMap",
        "osm_id": "947821612"
      }
    },
    {
      "type": "Feature",
      "geometry": {
        "type": "LineString",
        "coordinates": [
          [
            118.9460457,
            32.1285807
          ],
          [
            118.9461348,
            32.128642
          ]
        ]
      },
      "properties": {
        "kind": "road",
        "highway": "secondary",
        "name": "纬地路",
        "source": "OpenStreetMap",
        "osm_id": "947821613"
      }
    },
    {
      "type": "Feature",
      "geometry": {
        "type": "LineString",
        "coordinates": [
          [
            118.9460818,
            32.1288477
          ],
          [
            118.9460457,
            32.1285807
          ]
        ]
      },
      "properties": {
        "kind": "road",
        "highway": "secondary",
        "name": "九乡河东路",
        "source": "OpenStreetMap",
        "osm_id": "947821614"
      }
    },
    {
      "type": "Feature",
      "geometry": {
        "type": "LineString",
        "coordinates": [
          [
            118.9503828,
            32.1108549
          ],
          [
            118.9501173,
            32.1108084
          ],
          [
            118.9498953,
            32.1107766
          ],
          [
            118.9460189,
            32.1102046
          ]
        ]
      },
      "properties": {
        "kind": "road",
        "highway": "primary",
        "name": "仙林大道",
        "source": "OpenStreetMap",
        "osm_id": "947821615"
      }
    },
    {
      "type": "Feature",
      "geometry": {
        "type": "LineString",
        "coordinates": [
          [
            118.9504956,
            32.1108737
          ],
          [
            118.950452,
            32.1109605
          ],
          [
            118.9494085,
            32.1130314
          ],
          [
            118.9481506,
            32.1156752
          ],
          [
            118.9471641,
            32.117643
          ],
          [
            118.9466786,
            32.1186494
          ],
          [
            118.9463836,
            32.119382
          ],
          [
            118.9463141,
            32.1195796
          ],
          [
            118.9461274,
            32.1201305
          ],
          [
            118.9459679,
            32.1206939
          ],
          [
            118.9459002,
            32.1210206
          ],
          [
            118.9457533,
            32.1217729
          ],
          [
            118.945693,
            32.1222859
          ],
          [
            118.9456379,
            32.1229791
          ],
          [
            118.9456266,
            32.1234875
          ],
          [
            118.9456669,
            32.1245901
          ],
          [
            118.9458674,
            32.1262221
          ],
          [
            118.9459407,
            32.1268055
          ],
          [
            118.9460617,
            32.1275722
          ],
          [
            118.9461207,
            32.1283195
          ],
          [
            118.9461348,
            32.128642
          ],
          [
            118.9460818,
            32.1288477
          ]
        ]
      },
      "properties": {
        "kind": "road",
        "highway": "secondary",
        "name": "九乡河东路",
        "source": "OpenStreetMap",
        "osm_id": "947821616"
      }
    },
    {
      "type": "Feature",
      "geometry": {
        "type": "LineString",
        "coordinates": [
          [
            118.9503828,
            32.1108549
          ],
          [
            118.9504853,
            32.1105984
          ]
        ]
      },
      "properties": {
        "kind": "road",
        "highway": "secondary",
        "name": "九乡河东路",
        "source": "OpenStreetMap",
        "osm_id": "947821618"
      }
    },
    {
      "type": "Feature",
      "geometry": {
        "type": "LineString",
        "coordinates": [
          [
            118.969288,
            32.1178722
          ],
          [
            118.9696926,
            32.1180611
          ],
          [
            118.9698819,
            32.118145
          ],
          [
            118.9699258,
            32.1181644
          ],
          [
            118.9700578,
            32.1182229
          ]
        ]
      },
      "properties": {
        "kind": "road",
        "highway": "primary",
        "name": "仙林大道",
        "source": "OpenStreetMap",
        "osm_id": "947821619"
      }
    },
    {
      "type": "Feature",
      "geometry": {
        "type": "LineString",
        "coordinates": [
          [
            118.9399178,
            32.1353408
          ],
          [
            118.9397708,
            32.1353275
          ]
        ]
      },
      "properties": {
        "kind": "road",
        "highway": "tertiary",
        "name": "九乡河西路",
        "source": "OpenStreetMap",
        "osm_id": "949265183"
      }
    },
    {
      "type": "Feature",
      "geometry": {
        "type": "LineString",
        "coordinates": [
          [
            118.9395334,
            32.1365337
          ],
          [
            118.9397708,
            32.1353275
          ]
        ]
      },
      "properties": {
        "kind": "road",
        "highway": "secondary",
        "name": "九乡河西路",
        "source": "OpenStreetMap",
        "osm_id": "949265184"
      }
    },
    {
      "type": "Feature",
      "geometry": {
        "type": "LineString",
        "coordinates": [
          [
            118.9399313,
            32.1352332
          ],
          [
            118.9399178,
            32.1353408
          ],
          [
            118.9396981,
            32.1365547
          ],
          [
            118.9395839,
            32.1368814
          ]
        ]
      },
      "properties": {
        "kind": "road",
        "highway": "secondary",
        "name": "九乡河西路",
        "source": "OpenStreetMap",
        "osm_id": "949265185"
      }
    },
    {
      "type": "Feature",
      "geometry": {
        "type": "LineString",
        "coordinates": [
          [
            118.9267712,
            32.1264248
          ],
          [
            118.9252021,
            32.1290767
          ]
        ]
      },
      "properties": {
        "kind": "road",
        "highway": "secondary",
        "name": "仙境路",
        "source": "OpenStreetMap",
        "osm_id": "949265194"
      }
    },
    {
      "type": "Feature",
      "geometry": {
        "type": "LineString",
        "coordinates": [
          [
            118.9592692,
            32.1269785
          ],
          [
            118.9593252,
            32.1268719
          ],
          [
            118.9593405,
            32.126679
          ],
          [
            118.9593278,
            32.1263625
          ],
          [
            118.9593214,
            32.126123
          ],
          [
            118.9593161,
            32.1259983
          ],
          [
            118.9592729,
            32.1258923
          ],
          [
            118.9591938,
            32.1257979
          ],
          [
            118.959165,
            32.1256985
          ],
          [
            118.9591777,
            32.1255494
          ],
          [
            118.9591643,
            32.125504
          ],
          [
            118.9591143,
            32.1254795
          ],
          [
            118.9583751,
            32.1254765
          ],
          [
            118.9575436,
            32.1254817
          ],
          [
            118.9575612,
            32.126245
          ],
          [
            118.957554,
            32.1270746
          ]
        ]
      },
      "properties": {
        "kind": "road",
        "highway": "residential",
        "name": null,
        "source": "OpenStreetMap",
        "osm_id": "961829938"
      }
    },
    {
      "type": "Feature",
      "geometry": {
        "type": "LineString",
        "coordinates": [
          [
            118.9503576,
            32.1373114
          ],
          [
            118.9494306,
            32.1372926
          ],
          [
            118.9490727,
            32.1373098
          ],
          [
            118.9485251,
            32.1373361
          ],
          [
            118.9481208,
            32.137346
          ],
          [
            118.9475813,
            32.1373377
          ],
          [
            118.9472913,
            32.1373047
          ],
          [
            118.9468608,
            32.1372496
          ],
          [
            118.9463539,
            32.1372187
          ],
          [
            118.9445317,
            32.13716
          ],
          [
            118.9433845,
            32.1371327
          ],
          [
            118.9430737,
            32.1371189
          ]
        ]
      },
      "properties": {
        "kind": "road",
        "highway": "primary",
        "name": "智谷大道",
        "source": "OpenStreetMap",
        "osm_id": "964329518"
      }
    },
    {
      "type": "Feature",
      "geometry": {
        "type": "LineString",
        "coordinates": [
          [
            118.9430198,
            32.1367169
          ],
          [
            118.9443393,
            32.1368293
          ],
          [
            118.9455848,
            32.1369105
          ]
        ]
      },
      "properties": {
        "kind": "road",
        "highway": "primary",
        "name": "智谷大道",
        "source": "OpenStreetMap",
        "osm_id": "964329520"
      }
    },
    {
      "type": "Feature",
      "geometry": {
        "type": "LineString",
        "coordinates": [
          [
            118.942099,
            32.1370959
          ],
          [
            118.9414035,
            32.1370693
          ],
          [
            118.940683,
            32.1370086
          ],
          [
            118.9400382,
            32.1369216
          ],
          [
            118.9395839,
            32.1368814
          ],
          [
            118.9393827,
            32.136862
          ]
        ]
      },
      "properties": {
        "kind": "road",
        "highway": "primary",
        "name": "智谷大道",
        "source": "OpenStreetMap",
        "osm_id": "964329555"
      }
    },
    {
      "type": "Feature",
      "geometry": {
        "type": "LineString",
        "coordinates": [
          [
            118.9430737,
            32.1371189
          ],
          [
            118.942099,
            32.1370959
          ]
        ]
      },
      "properties": {
        "kind": "road",
        "highway": "primary",
        "name": "智谷大道",
        "source": "OpenStreetMap",
        "osm_id": "964329556"
      }
    },
    {
      "type": "Feature",
      "geometry": {
        "type": "LineString",
        "coordinates": [
          [
            118.9420639,
            32.1366864
          ],
          [
            118.9430198,
            32.1367169
          ]
        ]
      },
      "properties": {
        "kind": "road",
        "highway": "primary",
        "name": "智谷大道",
        "source": "OpenStreetMap",
        "osm_id": "964329557"
      }
    },
    {
      "type": "Feature",
      "geometry": {
        "type": "LineString",
        "coordinates": [
          [
            118.9556862,
            32.1379327
          ],
          [
            118.9525815,
            32.137531
          ],
          [
            118.9522726,
            32.1374874
          ]
        ]
      },
      "properties": {
        "kind": "road",
        "highway": "trunk",
        "name": "智谷大道",
        "source": "OpenStreetMap",
        "osm_id": "964329559"
      }
    },
    {
      "type": "Feature",
      "geometry": {
        "type": "LineString",
        "coordinates": [
          [
            118.9524091,
            32.137349
          ],
          [
            118.9556988,
            32.1378151
          ]
        ]
      },
      "properties": {
        "kind": "road",
        "highway": "trunk",
        "name": "智谷大道",
        "source": "OpenStreetMap",
        "osm_id": "964329560"
      }
    },
    {
      "type": "Feature",
      "geometry": {
        "type": "LineString",
        "coordinates": [
          [
            118.9635437,
            32.1142527
          ],
          [
            118.9642347,
            32.1147749
          ],
          [
            118.9653728,
            32.1154722
          ],
          [
            118.9659309,
            32.1158462
          ],
          [
            118.9665765,
            32.1163212
          ],
          [
            118.9668997,
            32.1165646
          ],
          [
            118.9672884,
            32.1168278
          ],
          [
            118.9673544,
            32.1168646
          ],
          [
            118.9681229,
            32.1172927
          ]
        ]
      },
      "properties": {
        "kind": "road",
        "highway": "primary",
        "name": "仙林大道",
        "source": "OpenStreetMap",
        "osm_id": "964850578"
      }
    },
    {
      "type": "Feature",
      "geometry": {
        "type": "LineString",
        "coordinates": [
          [
            118.9700459,
            32.1188737
          ],
          [
            118.9699405,
            32.1188234
          ],
          [
            118.9696414,
            32.1186807
          ],
          [
            118.9694841,
            32.118593
          ],
          [
            118.9689664,
            32.1183044
          ],
          [
            118.9683441,
            32.117953
          ],
          [
            118.967933,
            32.1176953
          ],
          [
            118.9676358,
            32.1175052
          ],
          [
            118.9673716,
            32.1173184
          ],
          [
            118.9671193,
            32.1171453
          ],
          [
            118.9669429,
            32.1170242
          ],
          [
            118.9665921,
            32.1167377
          ],
          [
            118.966145,
            32.1163328
          ],
          [
            118.9656658,
            32.1159835
          ],
          [
            118.9648015,
            32.1154299
          ],
          [
            118.9640261,
            32.1149553
          ],
          [
            118.9638564,
            32.1148614
          ],
          [
            118.9636283,
            32.1147228
          ]
        ]
      },
      "properties": {
        "kind": "road",
        "highway": "primary",
        "name": "仙林大道",
        "source": "OpenStreetMap",
        "osm_id": "964850579"
      }
    },
    {
      "type": "Feature",
      "geometry": {
        "type": "LineString",
        "coordinates": [
          [
            118.9393286,
            32.1187238
          ],
          [
            118.9404361,
            32.1187566
          ],
          [
            118.9407567,
            32.1187662
          ],
          [
            118.9410137,
            32.118785
          ],
          [
            118.9411518,
            32.1187817
          ],
          [
            118.9413725,
            32.1188025
          ]
        ]
      },
      "properties": {
        "kind": "road",
        "highway": "tertiary",
        "name": "羊山北路",
        "source": "OpenStreetMap",
        "osm_id": "964850643"
      }
    },
    {
      "type": "Feature",
      "geometry": {
        "type": "LineString",
        "coordinates": [
          [
            118.9302574,
            32.1161567
          ],
          [
            118.930448,
            32.1161231
          ]
        ]
      },
      "properties": {
        "kind": "road",
        "highway": "tertiary",
        "name": "羊山北路",
        "source": "OpenStreetMap",
        "osm_id": "964850644"
      }
    },
    {
      "type": "Feature",
      "geometry": {
        "type": "LineString",
        "coordinates": [
          [
            118.930448,
            32.1161231
          ],
          [
            118.930732,
            32.1172278
          ],
          [
            118.9308243,
            32.1176201
          ],
          [
            118.9308913,
            32.1180193
          ],
          [
            118.9309123,
            32.1184775
          ],
          [
            118.9309088,
            32.1186014
          ],
          [
            118.9308889,
            32.1189548
          ],
          [
            118.9308236,
            32.1194224
          ]
        ]
      },
      "properties": {
        "kind": "road",
        "highway": "secondary",
        "name": "仙境路",
        "source": "OpenStreetMap",
        "osm_id": "964850645"
      }
    },
    {
      "type": "Feature",
      "geometry": {
        "type": "LineString",
        "coordinates": [
          [
            118.9306588,
            32.1193896
          ],
          [
            118.9307265,
            32.1189842
          ],
          [
            118.9307592,
            32.1186421
          ],
          [
            118.9307637,
            32.1184679
          ],
          [
            118.9307662,
            32.1182149
          ],
          [
            118.9307359,
            32.1179717
          ],
          [
            118.9306612,
            32.1176019
          ],
          [
            118.9302574,
            32.1161567
          ]
        ]
      },
      "properties": {
        "kind": "road",
        "highway": "secondary",
        "name": "仙境路",
        "source": "OpenStreetMap",
        "osm_id": "964850646"
      }
    },
    {
      "type": "Feature",
      "geometry": {
        "type": "LineString",
        "coordinates": [
          [
            118.9566981,
            32.1116004
          ],
          [
            118.9564289,
            32.1115659
          ],
          [
            118.9561158,
            32.1115473
          ],
          [
            118.9556048,
            32.1115103
          ],
          [
            118.9553249,
            32.1114963
          ],
          [
            118.9544066,
            32.1114602
          ],
          [
            118.9534653,
            32.1113934
          ],
          [
            118.952685,
            32.1113001
          ],
          [
            118.951816,
            32.1111304
          ],
          [
            118.9510675,
            32.1109808
          ],
          [
            118.9508413,
            32.1109356
          ],
          [
            118.9504956,
            32.1108737
          ]
        ]
      },
      "properties": {
        "kind": "road",
        "highway": "primary",
        "name": "仙林大道",
        "source": "OpenStreetMap",
        "osm_id": "964850671"
      }
    },
    {
      "type": "Feature",
      "geometry": {
        "type": "LineString",
        "coordinates": [
          [
            118.9504956,
            32.1108737
          ],
          [
            118.9503828,
            32.1108549
          ]
        ]
      },
      "properties": {
        "kind": "road",
        "highway": "primary",
        "name": "仙林大道",
        "source": "OpenStreetMap",
        "osm_id": "964850672"
      }
    },
    {
      "type": "Feature",
      "geometry": {
        "type": "LineString",
        "coordinates": [
          [
            118.9504853,
            32.1105984
          ],
          [
            118.9506115,
            32.1106256
          ]
        ]
      },
      "properties": {
        "kind": "road",
        "highway": "primary",
        "name": "仙林大道",
        "source": "OpenStreetMap",
        "osm_id": "964850673"
      }
    },
    {
      "type": "Feature",
      "geometry": {
        "type": "LineString",
        "coordinates": [
          [
            118.9506115,
            32.1106256
          ],
          [
            118.9504956,
            32.1108737
          ]
        ]
      },
      "properties": {
        "kind": "road",
        "highway": "secondary",
        "name": "九乡河东路",
        "source": "OpenStreetMap",
        "osm_id": "964850674"
      }
    },
    {
      "type": "Feature",
      "geometry": {
        "type": "LineString",
        "coordinates": [
          [
            118.9506115,
            32.1106256
          ],
          [
            118.9509051,
            32.1106817
          ],
          [
            118.9511374,
            32.1107252
          ],
          [
            118.9513134,
            32.1107581
          ],
          [
            118.9520851,
            32.1109026
          ],
          [
            118.9525078,
            32.1109711
          ],
          [
            118.9530501,
            32.1110487
          ],
          [
            118.953788,
            32.1111444
          ],
          [
            118.9545523,
            32.1112284
          ],
          [
            118.9552287,
            32.1112604
          ],
          [
            118.9555656,
            32.1112764
          ]
        ]
      },
      "properties": {
        "kind": "road",
        "highway": "primary",
        "name": "仙林大道",
        "source": "OpenStreetMap",
        "osm_id": "964850675"
      }
    },
    {
      "type": "Feature",
      "geometry": {
        "type": "LineString",
        "coordinates": [
          [
            118.9397708,
            32.1353275
          ],
          [
            118.9384162,
            32.1351819
          ]
        ]
      },
      "properties": {
        "kind": "road",
        "highway": "tertiary",
        "name": "文成东路",
        "source": "OpenStreetMap",
        "osm_id": "965539152"
      }
    },
    {
      "type": "Feature",
      "geometry": {
        "type": "LineString",
        "coordinates": [
          [
            118.9384295,
            32.1350995
          ],
          [
            118.9397842,
            32.1352209
          ],
          [
            118.9399313,
            32.1352332
          ]
        ]
      },
      "properties": {
        "kind": "road",
        "highway": "tertiary",
        "name": "文成东路",
        "source": "OpenStreetMap",
        "osm_id": "965539153"
      }
    },
    {
      "type": "Feature",
      "geometry": {
        "type": "LineString",
        "coordinates": [
          [
            118.9681229,
            32.1172927
          ],
          [
            118.9690501,
            32.1177611
          ],
          [
            118.9691687,
            32.1178165
          ],
          [
            118.969288,
            32.1178722
          ]
        ]
      },
      "properties": {
        "kind": "road",
        "highway": "primary",
        "name": "仙林大道",
        "source": "OpenStreetMap",
        "osm_id": "985763394"
      }
    },
    {
      "type": "Feature",
      "geometry": {
        "type": "LineString",
        "coordinates": [
          [
            118.9375093,
            32.1230363
          ],
          [
            118.9387221,
            32.1230106
          ],
          [
            118.9399148,
            32.1229827
          ]
        ]
      },
      "properties": {
        "kind": "road",
        "highway": "residential",
        "name": null,
        "source": "OpenStreetMap",
        "osm_id": "1051727050"
      }
    },
    {
      "type": "Feature",
      "geometry": {
        "type": "LineString",
        "coordinates": [
          [
            118.9400074,
            32.1244182
          ],
          [
            118.9399148,
            32.1229827
          ],
          [
            118.9396848,
            32.1205278
          ]
        ]
      },
      "properties": {
        "kind": "road",
        "highway": "residential",
        "name": "任之东路",
        "source": "OpenStreetMap",
        "osm_id": "1051727070"
      }
    },
    {
      "type": "Feature",
      "geometry": {
        "type": "LineString",
        "coordinates": [
          [
            118.9354358,
            32.1193024
          ],
          [
            118.9345757,
            32.1192935
          ],
          [
            118.9342086,
            32.1197543
          ],
          [
            118.9339219,
            32.1199763
          ],
          [
            118.9334854,
            32.1203457
          ],
          [
            118.9331159,
            32.1206583
          ],
          [
            118.9328846,
            32.1205877
          ],
          [
            118.932306,
            32.1208429
          ],
          [
            118.932182,
            32.1209841
          ],
          [
            118.9320353,
            32.1212368
          ],
          [
            118.931981,
            32.1213303
          ],
          [
            118.931828,
            32.1215937
          ],
          [
            118.9316672,
            32.1218707
          ],
          [
            118.9315249,
            32.1221158
          ],
          [
            118.9313408,
            32.1223561
          ]
        ]
      },
      "properties": {
        "kind": "road",
        "highway": "residential",
        "name": null,
        "source": "OpenStreetMap",
        "osm_id": "1051727101"
      }
    },
    {
      "type": "Feature",
      "geometry": {
        "type": "LineString",
        "coordinates": [
          [
            118.9316894,
            32.1236421
          ],
          [
            118.9320258,
            32.1230932
          ]
        ]
      },
      "properties": {
        "kind": "road",
        "highway": "residential",
        "name": null,
        "source": "OpenStreetMap",
        "osm_id": "1051736238"
      }
    },
    {
      "type": "Feature",
      "geometry": {
        "type": "LineString",
        "coordinates": [
          [
            118.9328846,
            32.1205877
          ],
          [
            118.9333921,
            32.1211157
          ],
          [
            118.9336906,
            32.1212668
          ],
          [
            118.9338933,
            32.1213695
          ]
        ]
      },
      "properties": {
        "kind": "road",
        "highway": "residential",
        "name": null,
        "source": "OpenStreetMap",
        "osm_id": "1051736263"
      }
    },
    {
      "type": "Feature",
      "geometry": {
        "type": "LineString",
        "coordinates": [
          [
            118.9339219,
            32.1199763
          ],
          [
            118.9345649,
            32.120564
          ]
        ]
      },
      "properties": {
        "kind": "road",
        "highway": "residential",
        "name": null,
        "source": "OpenStreetMap",
        "osm_id": "1051736267"
      }
    },
    {
      "type": "Feature",
      "geometry": {
        "type": "LineString",
        "coordinates": [
          [
            118.9375143,
            32.1261017
          ],
          [
            118.9396209,
            32.1261134
          ]
        ]
      },
      "properties": {
        "kind": "road",
        "highway": "residential",
        "name": null,
        "source": "OpenStreetMap",
        "osm_id": "1051736271"
      }
    },
    {
      "type": "Feature",
      "geometry": {
        "type": "LineString",
        "coordinates": [
          [
            118.9396209,
            32.1261134
          ],
          [
            118.9396297,
            32.1247938
          ],
          [
            118.9396334,
            32.1244157
          ]
        ]
      },
      "properties": {
        "kind": "road",
        "highway": "residential",
        "name": null,
        "source": "OpenStreetMap",
        "osm_id": "1051736272"
      }
    },
    {
      "type": "Feature",
      "geometry": {
        "type": "LineString",
        "coordinates": [
          [
            118.9361623,
            32.1187653
          ],
          [
            118.936163,
            32.1186356
          ]
        ]
      },
      "properties": {
        "kind": "road",
        "highway": "residential",
        "name": null,
        "source": "OpenStreetMap",
        "osm_id": "1052006746"
      }
    },
    {
      "type": "Feature",
      "geometry": {
        "type": "LineString",
        "coordinates": [
          [
            118.9361623,
            32.1187653
          ],
          [
            118.9361599,
            32.1189999
          ]
        ]
      },
      "properties": {
        "kind": "road",
        "highway": "residential",
        "name": null,
        "source": "OpenStreetMap",
        "osm_id": "1052006747"
      }
    },
    {
      "type": "Feature",
      "geometry": {
        "type": "LineString",
        "coordinates": [
          [
            118.9360695,
            32.1191333
          ],
          [
            118.9361599,
            32.1189999
          ]
        ]
      },
      "properties": {
        "kind": "road",
        "highway": "residential",
        "name": null,
        "source": "OpenStreetMap",
        "osm_id": "1052006748"
      }
    },
    {
      "type": "Feature",
      "geometry": {
        "type": "LineString",
        "coordinates": [
          [
            118.9362319,
            32.1191412
          ],
          [
            118.9361599,
            32.1189999
          ]
        ]
      },
      "properties": {
        "kind": "road",
        "highway": "residential",
        "name": null,
        "source": "OpenStreetMap",
        "osm_id": "1052006749"
      }
    },
    {
      "type": "Feature",
      "geometry": {
        "type": "LineString",
        "coordinates": [
          [
            118.9359739,
            32.1193195
          ],
          [
            118.9360695,
            32.1191333
          ]
        ]
      },
      "properties": {
        "kind": "road",
        "highway": "residential",
        "name": null,
        "source": "OpenStreetMap",
        "osm_id": "1052006750"
      }
    },
    {
      "type": "Feature",
      "geometry": {
        "type": "LineString",
        "coordinates": [
          [
            118.9363334,
            32.1193172
          ],
          [
            118.9362319,
            32.1191412
          ]
        ]
      },
      "properties": {
        "kind": "road",
        "highway": "residential",
        "name": null,
        "source": "OpenStreetMap",
        "osm_id": "1052006751"
      }
    },
    {
      "type": "Feature",
      "geometry": {
        "type": "LineString",
        "coordinates": [
          [
            118.9584237,
            32.13277
          ],
          [
            118.9587083,
            32.1328667
          ],
          [
            118.9589905,
            32.1329795
          ],
          [
            118.9596485,
            32.1333123
          ],
          [
            118.9603714,
            32.1338489
          ],
          [
            118.960684,
            32.1341832
          ],
          [
            118.9609064,
            32.1344587
          ],
          [
            118.9611317,
            32.1348094
          ],
          [
            118.9613066,
            32.1350442
          ],
          [
            118.9615226,
            32.1352751
          ],
          [
            118.9618317,
            32.1355232
          ],
          [
            118.9623009,
            32.1357862
          ],
          [
            118.9624912,
            32.1358894
          ],
          [
            118.9627923,
            32.1360493
          ],
          [
            118.963139,
            32.1363019
          ],
          [
            118.9632811,
            32.1364362
          ],
          [
            118.9633827,
            32.1365831
          ],
          [
            118.9634114,
            32.1367403
          ],
          [
            118.9633773,
            32.1368892
          ],
          [
            118.963156,
            32.1376189
          ],
          [
            118.9630781,
            32.1377692
          ],
          [
            118.9629454,
            32.1378514
          ],
          [
            118.9627616,
            32.1379032
          ],
          [
            118.9624095,
            32.1379767
          ],
          [
            118.962118,
            32.1379999
          ],
          [
            118.9619757,
            32.1380113
          ],
          [
            118.9616644,
            32.1379983
          ],
          [
            118.9609907,
            32.1378989
          ],
          [
            118.960659,
            32.1377692
          ],
          [
            118.9603797,
            32.1376526
          ],
          [
            118.9607151,
            32.1364641
          ],
          [
            118.9607711,
            32.1364419
          ],
          [
            118.9608784,
            32.1363993
          ],
          [
            118.9610903,
            32.13629
          ],
          [
            118.9611967,
            32.1362036
          ],
          [
            118.9618317,
            32.1355232
          ]
        ]
      },
      "properties": {
        "kind": "road",
        "highway": "residential",
        "name": null,
        "source": "OpenStreetMap",
        "osm_id": "1176310043"
      }
    },
    {
      "type": "Feature",
      "geometry": {
        "type": "LineString",
        "coordinates": [
          [
            118.962118,
            32.1379999
          ],
          [
            118.9621552,
            32.1377907
          ],
          [
            118.9621917,
            32.1377326
          ],
          [
            118.9622474,
            32.1376763
          ],
          [
            118.9627345,
            32.137758
          ],
          [
            118.9627925,
            32.1377453
          ],
          [
            118.9628367,
            32.1377115
          ],
          [
            118.9629272,
            32.1373996
          ],
          [
            118.9629199,
            32.1373583
          ],
          [
            118.9628708,
            32.1372996
          ],
          [
            118.9624529,
            32.1372109
          ],
          [
            118.962396,
            32.1371736
          ],
          [
            118.9623614,
            32.1371234
          ],
          [
            118.9623944,
            32.1368995
          ],
          [
            118.9623791,
            32.136869
          ],
          [
            118.9623472,
            32.1368462
          ],
          [
            118.9618904,
            32.136745
          ],
          [
            118.9618288,
            32.1367294
          ],
          [
            118.9617934,
            32.1366794
          ],
          [
            118.9617245,
            32.1366562
          ],
          [
            118.9607711,
            32.1364419
          ]
        ]
      },
      "properties": {
        "kind": "road",
        "highway": "residential",
        "name": null,
        "source": "OpenStreetMap",
        "osm_id": "1176310050"
      }
    },
    {
      "type": "Feature",
      "geometry": {
        "type": "LineString",
        "coordinates": [
          [
            118.9605647,
            32.1123881
          ],
          [
            118.9606349,
            32.1124653
          ],
          [
            118.9606385,
            32.1125418
          ],
          [
            118.9606278,
            32.1126107
          ],
          [
            118.9605836,
            32.1126572
          ],
          [
            118.9605341,
            32.1126842
          ],
          [
            118.9604757,
            32.1126977
          ],
          [
            118.9603922,
            32.1126956
          ]
        ]
      },
      "properties": {
        "kind": "road",
        "highway": "primary",
        "name": null,
        "source": "OpenStreetMap",
        "osm_id": "1230586791"
      }
    },
    {
      "type": "Feature",
      "geometry": {
        "type": "LineString",
        "coordinates": [
          [
            118.9563741,
            32.1101082
          ],
          [
            118.9564925,
            32.1101208
          ]
        ]
      },
      "properties": {
        "kind": "road",
        "highway": "residential",
        "name": null,
        "source": "OpenStreetMap",
        "osm_id": "1242131058"
      }
    },
    {
      "type": "Feature",
      "geometry": {
        "type": "LineString",
        "coordinates": [
          [
            118.9589289,
            32.1103991
          ],
          [
            118.9588869,
            32.1103938
          ],
          [
            118.9587371,
            32.1103748
          ]
        ]
      },
      "properties": {
        "kind": "road",
        "highway": "residential",
        "name": null,
        "source": "OpenStreetMap",
        "osm_id": "1242143703"
      }
    },
    {
      "type": "Feature",
      "geometry": {
        "type": "LineString",
        "coordinates": [
          [
            118.956875,
            32.1372528
          ],
          [
            118.9587505,
            32.1376494
          ],
          [
            118.960014,
            32.137909
          ],
          [
            118.9611736,
            32.1381472
          ],
          [
            118.9617745,
            32.1382284
          ],
          [
            118.9624277,
            32.1382025
          ],
          [
            118.9630069,
            32.1380809
          ],
          [
            118.9633292,
            32.1379555
          ],
          [
            118.9636601,
            32.1378264
          ],
          [
            118.9639998,
            32.137749
          ],
          [
            118.9643743,
            32.1377305
          ],
          [
            118.9648227,
            32.1377357
          ],
          [
            118.9650105,
            32.1377677
          ]
        ]
      },
      "properties": {
        "kind": "road",
        "highway": "tertiary",
        "name": "元化路",
        "source": "OpenStreetMap",
        "osm_id": "1388592953"
      }
    },
    {
      "type": "Feature",
      "geometry": {
        "type": "LineString",
        "coordinates": [
          [
            118.9484612,
            32.1299064
          ],
          [
            118.9486368,
            32.1295343
          ]
        ]
      },
      "properties": {
        "kind": "road",
        "highway": "residential",
        "name": null,
        "source": "OpenStreetMap",
        "osm_id": "1388745346"
      }
    },
    {
      "type": "Feature",
      "geometry": {
        "type": "LineString",
        "coordinates": [
          [
            118.9486368,
            32.1295343
          ],
          [
            118.9478709,
            32.1292076
          ],
          [
            118.9472379,
            32.1288782
          ],
          [
            118.9471896,
            32.1287953
          ],
          [
            118.9477904,
            32.1280651
          ],
          [
            118.9489451,
            32.1285114
          ],
          [
            118.9489464,
            32.128625
          ],
          [
            118.9487869,
            32.1291383
          ],
          [
            118.9486368,
            32.1295343
          ]
        ]
      },
      "properties": {
        "kind": "road",
        "highway": "residential",
        "name": null,
        "source": "OpenStreetMap",
        "osm_id": "1388745347"
      }
    },
    {
      "type": "Feature",
      "geometry": {
        "type": "LineString",
        "coordinates": [
          [
            118.9688632,
            32.1321508
          ],
          [
            118.9687854,
            32.1320048
          ],
          [
            118.9686245,
            32.1319003
          ],
          [
            118.9685118,
            32.1314972
          ],
          [
            118.9683683,
            32.1311837
          ],
          [
            118.9683587,
            32.1311484
          ],
          [
            118.9683587,
            32.1311122
          ],
          [
            118.9683683,
            32.131077
          ],
          [
            118.9683856,
            32.1310463
          ],
          [
            118.9684101,
            32.1310194
          ],
          [
            118.9684407,
            32.1309975
          ],
          [
            118.9690134,
            32.1309327
          ],
          [
            118.9692186,
            32.1309339
          ],
          [
            118.9697456,
            32.1309759
          ],
          [
            118.9705319,
            32.1311036
          ],
          [
            118.9706285,
            32.1311193
          ],
          [
            118.9715628,
            32.1312712
          ],
          [
            118.971705,
            32.1312973
          ],
          [
            118.9717494,
            32.131303
          ],
          [
            118.9717916,
            32.1313163
          ],
          [
            118.9718296,
            32.1313367
          ],
          [
            118.9718619,
            32.1313632
          ],
          [
            118.9718871,
            32.1313946
          ],
          [
            118.9719042,
            32.1314298
          ],
          [
            118.9719124,
            32.1314671
          ],
          [
            118.9719115,
            32.1315051
          ],
          [
            118.9718163,
            32.1317924
          ]
        ]
      },
      "properties": {
        "kind": "road",
        "highway": "residential",
        "name": null,
        "source": "OpenStreetMap",
        "osm_id": "1392464559"
      }
    },
    {
      "type": "Feature",
      "geometry": {
        "type": "LineString",
        "coordinates": [
          [
            118.971965,
            32.1324986
          ],
          [
            118.9719915,
            32.1323657
          ],
          [
            118.9720228,
            32.1322092
          ],
          [
            118.9720215,
            32.132179
          ],
          [
            118.9720161,
            32.1321491
          ],
          [
            118.9720057,
            32.1321171
          ],
          [
            118.9719906,
            32.1320866
          ],
          [
            118.9718606,
            32.1318958
          ],
          [
            118.9718351,
            32.1318367
          ],
          [
            118.9718163,
            32.1317924
          ],
          [
            118.9717774,
            32.1317743
          ],
          [
            118.9704926,
            32.1315869
          ],
          [
            118.969181,
            32.1313927
          ],
          [
            118.9685118,
            32.1314972
          ]
        ]
      },
      "properties": {
        "kind": "road",
        "highway": "residential",
        "name": null,
        "source": "OpenStreetMap",
        "osm_id": "1392464560"
      }
    },
    {
      "type": "Feature",
      "geometry": {
        "type": "LineString",
        "coordinates": [
          [
            118.9689074,
            32.1322263
          ],
          [
            118.9689986,
            32.1324284
          ],
          [
            118.9691267,
            32.1325794
          ],
          [
            118.9694265,
            32.1329327
          ],
          [
            118.9695767,
            32.1330746
          ],
          [
            118.9696893,
            32.1331201
          ],
          [
            118.9702939,
            32.1332066
          ],
          [
            118.9704189,
            32.1332245
          ],
          [
            118.9704504,
            32.133228
          ],
          [
            118.9704821,
            32.1332254
          ],
          [
            118.9705124,
            32.1332169
          ],
          [
            118.9705396,
            32.133203
          ],
          [
            118.9705619,
            32.1331847
          ],
          [
            118.970579,
            32.1331627
          ],
          [
            118.9705901,
            32.1331381
          ],
          [
            118.9705946,
            32.1331121
          ],
          [
            118.9706522,
            32.1327805
          ],
          [
            118.9706625,
            32.1327644
          ],
          [
            118.9706766,
            32.1327506
          ],
          [
            118.9706938,
            32.1327396
          ],
          [
            118.9707189,
            32.1327305
          ],
          [
            118.9707459,
            32.1327274
          ],
          [
            118.9707729,
            32.1327305
          ],
          [
            118.9712799,
            32.1328055
          ],
          [
            118.971307,
            32.1328113
          ],
          [
            118.9713347,
            32.1328081
          ],
          [
            118.971359,
            32.1327964
          ],
          [
            118.9713766,
            32.1327775
          ],
          [
            118.9713845,
            32.1327544
          ],
          [
            118.9714248,
            32.1324928
          ]
        ]
      },
      "properties": {
        "kind": "road",
        "highway": "residential",
        "name": null,
        "source": "OpenStreetMap",
        "osm_id": "1392464564"
      }
    },
    {
      "type": "Feature",
      "geometry": {
        "type": "LineString",
        "coordinates": [
          [
            118.9686888,
            32.132291
          ],
          [
            118.9687452,
            32.1322098
          ],
          [
            118.9688632,
            32.1321508
          ],
          [
            118.9689356,
            32.1321604
          ],
          [
            118.9689074,
            32.1322263
          ],
          [
            118.9687976,
            32.1322784
          ],
          [
            118.9686888,
            32.132291
          ],
          [
            118.9685401,
            32.1323572
          ]
        ]
      },
      "properties": {
        "kind": "road",
        "highway": "residential",
        "name": null,
        "source": "OpenStreetMap",
        "osm_id": "1392464565"
      }
    },
    {
      "type": "Feature",
      "geometry": {
        "type": "LineString",
        "coordinates": [
          [
            118.9681578,
            32.1338821
          ],
          [
            118.967793,
            32.134007
          ],
          [
            118.9673933,
            32.1341047
          ],
          [
            118.9667241,
            32.1342648
          ],
          [
            118.9667,
            32.1343681
          ],
          [
            118.9669427,
            32.1350859
          ]
        ]
      },
      "properties": {
        "kind": "road",
        "highway": "residential",
        "name": null,
        "source": "OpenStreetMap",
        "osm_id": "1393593717"
      }
    },
    {
      "type": "Feature",
      "geometry": {
        "type": "LineString",
        "coordinates": [
          [
            118.9680116,
            32.1335879
          ],
          [
            118.9681578,
            32.1338821
          ],
          [
            118.968717,
            32.1336629
          ],
          [
            118.9688305,
            32.133612
          ],
          [
            118.9688567,
            32.1336028
          ],
          [
            118.9688846,
            32.1335982
          ],
          [
            118.9689165,
            32.1335987
          ],
          [
            118.9689474,
            32.1336053
          ],
          [
            118.9689758,
            32.1336175
          ],
          [
            118.9695029,
            32.1341228
          ],
          [
            118.9695173,
            32.1341519
          ],
          [
            118.9695267,
            32.1341824
          ],
          [
            118.9695311,
            32.1342137
          ],
          [
            118.9695296,
            32.1342495
          ],
          [
            118.9695215,
            32.1342846
          ],
          [
            118.9695069,
            32.1343182
          ],
          [
            118.9694586,
            32.1343579
          ],
          [
            118.9686151,
            32.1346907
          ],
          [
            118.9669427,
            32.1350859
          ]
        ]
      },
      "properties": {
        "kind": "road",
        "highway": "residential",
        "name": null,
        "source": "OpenStreetMap",
        "osm_id": "1393593718"
      }
    },
    {
      "type": "Feature",
      "geometry": {
        "type": "LineString",
        "coordinates": [
          [
            118.9665624,
            32.1339706
          ],
          [
            118.9671493,
            32.1338616
          ],
          [
            118.9674953,
            32.1337708
          ],
          [
            118.9680116,
            32.1335879
          ],
          [
            118.9684635,
            32.1333869
          ],
          [
            118.9689499,
            32.1331234
          ]
        ]
      },
      "properties": {
        "kind": "road",
        "highway": "residential",
        "name": null,
        "source": "OpenStreetMap",
        "osm_id": "1393593720"
      }
    },
    {
      "type": "Feature",
      "geometry": {
        "type": "LineString",
        "coordinates": [
          [
            118.9667281,
            32.1313268
          ],
          [
            118.9663097,
            32.1317311
          ],
          [
            118.9655855,
            32.1325829
          ],
          [
            118.9655632,
            32.1326062
          ],
          [
            118.9655466,
            32.1326328
          ],
          [
            118.9655366,
            32.1326616
          ],
          [
            118.9655334,
            32.1326916
          ],
          [
            118.9655372,
            32.1327214
          ],
          [
            118.9655495,
            32.1327532
          ],
          [
            118.9655696,
            32.1327819
          ],
          [
            118.9655967,
            32.1328062
          ],
          [
            118.9656293,
            32.132825
          ],
          [
            118.965666,
            32.1328373
          ],
          [
            118.9657702,
            32.1328783
          ],
          [
            118.9658709,
            32.132925
          ],
          [
            118.9659677,
            32.1329773
          ],
          [
            118.9660603,
            32.1330349
          ],
          [
            118.9661602,
            32.1331068
          ],
          [
            118.9662533,
            32.1331849
          ],
          [
            118.9663392,
            32.1332688
          ],
          [
            118.9663778,
            32.1333267
          ],
          [
            118.9664118,
            32.1333866
          ],
          [
            118.9664412,
            32.1334483
          ],
          [
            118.9664691,
            32.1335213
          ],
          [
            118.9664906,
            32.1335959
          ],
          [
            118.9665055,
            32.1336716
          ],
          [
            118.9665136,
            32.1337481
          ],
          [
            118.9665624,
            32.1339706
          ],
          [
            118.9665914,
            32.1341024
          ],
          [
            118.9667684,
            32.1349587
          ],
          [
            118.9668985,
            32.1354628
          ]
        ]
      },
      "properties": {
        "kind": "road",
        "highway": "residential",
        "name": null,
        "source": "OpenStreetMap",
        "osm_id": "1393593721"
      }
    },
    {
      "type": "Feature",
      "geometry": {
        "type": "LineString",
        "coordinates": [
          [
            118.9679673,
            32.1379317
          ],
          [
            118.9678252,
            32.1382474
          ],
          [
            118.9678225,
            32.138336
          ],
          [
            118.9677586,
            32.1384845
          ]
        ]
      },
      "properties": {
        "kind": "road",
        "highway": "residential",
        "name": null,
        "source": "OpenStreetMap",
        "osm_id": "1394058209"
      }
    },
    {
      "type": "Feature",
      "geometry": {
        "type": "LineString",
        "coordinates": [
          [
            118.9682436,
            32.1374048
          ],
          [
            118.9693594,
            32.1377387
          ]
        ]
      },
      "properties": {
        "kind": "road",
        "highway": "residential",
        "name": null,
        "source": "OpenStreetMap",
        "osm_id": "1394058210"
      }
    },
    {
      "type": "Feature",
      "geometry": {
        "type": "LineString",
        "coordinates": [
          [
            118.9674278,
            32.1375093
          ],
          [
            118.9680619,
            32.1376866
          ]
        ]
      },
      "properties": {
        "kind": "road",
        "highway": "residential",
        "name": null,
        "source": "OpenStreetMap",
        "osm_id": "1394058211"
      }
    },
    {
      "type": "Feature",
      "geometry": {
        "type": "LineString",
        "coordinates": [
          [
            118.9684613,
            32.1368547
          ],
          [
            118.9682436,
            32.1374048
          ],
          [
            118.9681444,
            32.137473
          ],
          [
            118.9680619,
            32.1376866
          ],
          [
            118.9679673,
            32.1379317
          ],
          [
            118.9690697,
            32.1382225
          ]
        ]
      },
      "properties": {
        "kind": "road",
        "highway": "residential",
        "name": null,
        "source": "OpenStreetMap",
        "osm_id": "1394058212"
      }
    },
    {
      "type": "Feature",
      "geometry": {
        "type": "LineString",
        "coordinates": [
          [
            118.9673395,
            32.1377409
          ],
          [
            118.9662266,
            32.1374389
          ]
        ]
      },
      "properties": {
        "kind": "road",
        "highway": "residential",
        "name": null,
        "source": "OpenStreetMap",
        "osm_id": "1394058213"
      }
    },
    {
      "type": "Feature",
      "geometry": {
        "type": "LineString",
        "coordinates": [
          [
            118.9688649,
            32.138773
          ],
          [
            118.9677586,
            32.1384845
          ],
          [
            118.9671198,
            32.1383179
          ],
          [
            118.9673395,
            32.1377409
          ],
          [
            118.9674278,
            32.1375093
          ],
          [
            118.9675221,
            32.1372617
          ]
        ]
      },
      "properties": {
        "kind": "road",
        "highway": "residential",
        "name": null,
        "source": "OpenStreetMap",
        "osm_id": "1394058214"
      }
    },
    {
      "type": "Feature",
      "geometry": {
        "type": "LineString",
        "coordinates": [
          [
            118.9692153,
            32.1383823
          ],
          [
            118.969035,
            32.1383322
          ],
          [
            118.969,
            32.1384053
          ],
          [
            118.9690214,
            32.1384655
          ],
          [
            118.9688649,
            32.138773
          ],
          [
            118.9687613,
            32.1389765
          ],
          [
            118.9686781,
            32.1390083
          ],
          [
            118.9675355,
            32.1387199
          ],
          [
            118.9673531,
            32.1385677
          ],
          [
            118.9667603,
            32.1384087
          ],
          [
            118.966468,
            32.138629
          ]
        ]
      },
      "properties": {
        "kind": "road",
        "highway": "residential",
        "name": null,
        "source": "OpenStreetMap",
        "osm_id": "1394058215"
      }
    },
    {
      "type": "Feature",
      "geometry": {
        "type": "LineString",
        "coordinates": [
          [
            118.9296666,
            32.1216798
          ],
          [
            118.9295226,
            32.1216116
          ]
        ]
      },
      "properties": {
        "kind": "road",
        "highway": "secondary",
        "name": null,
        "source": "OpenStreetMap",
        "osm_id": "1467927211"
      }
    },
    {
      "type": "Feature",
      "geometry": {
        "type": "LineString",
        "coordinates": [
          [
            118.9561158,
            32.1115473
          ],
          [
            118.9561009,
            32.1116248
          ],
          [
            118.9560575,
            32.1118496
          ],
          [
            118.9559925,
            32.112186
          ],
          [
            118.9559503,
            32.112405
          ]
        ]
      },
      "properties": {
        "kind": "road",
        "highway": "residential",
        "name": "中大路",
        "source": "OpenStreetMap",
        "osm_id": "1471976987"
      }
    },
    {
      "type": "Feature",
      "geometry": {
        "type": "LineString",
        "coordinates": [
          [
            118.9489196,
            32.1217056
          ],
          [
            118.9488971,
            32.1217969
          ],
          [
            118.9488399,
            32.1221318
          ],
          [
            118.9488404,
            32.1224428
          ],
          [
            118.9488047,
            32.1226531
          ],
          [
            118.948794,
            32.1227166
          ],
          [
            118.9487856,
            32.1228637
          ],
          [
            118.9487715,
            32.122943
          ]
        ]
      },
      "properties": {
        "kind": "road",
        "highway": "residential",
        "name": "远东大道",
        "source": "OpenStreetMap",
        "osm_id": "1471976988"
      }
    },
    {
      "type": "Feature",
      "geometry": {
        "type": "LineString",
        "coordinates": [
          [
            118.9487715,
            32.122943
          ],
          [
            118.948784,
            32.1230698
          ]
        ]
      },
      "properties": {
        "kind": "road",
        "highway": "residential",
        "name": "远东大道",
        "source": "OpenStreetMap",
        "osm_id": "1471976989"
      }
    },
    {
      "type": "Feature",
      "geometry": {
        "type": "LineString",
        "coordinates": [
          [
            118.948784,
            32.1230698
          ],
          [
            118.9487819,
            32.1232041
          ]
        ]
      },
      "properties": {
        "kind": "road",
        "highway": "residential",
        "name": "远东大道",
        "source": "OpenStreetMap",
        "osm_id": "1471976990"
      }
    },
    {
      "type": "Feature",
      "geometry": {
        "type": "LineString",
        "coordinates": [
          [
            118.9540463,
            32.1203444
          ],
          [
            118.953832,
            32.1205821
          ],
          [
            118.9536555,
            32.1207452
          ]
        ]
      },
      "properties": {
        "kind": "road",
        "highway": "residential",
        "name": "瑞清路",
        "source": "OpenStreetMap",
        "osm_id": "1471976992"
      }
    },
    {
      "type": "Feature",
      "geometry": {
        "type": "LineString",
        "coordinates": [
          [
            118.9532383,
            32.1212748
          ],
          [
            118.9533219,
            32.1211783
          ]
        ]
      },
      "properties": {
        "kind": "road",
        "highway": "residential",
        "name": "瑞清路",
        "source": "OpenStreetMap",
        "osm_id": "1471976993"
      }
    },
    {
      "type": "Feature",
      "geometry": {
        "type": "LineString",
        "coordinates": [
          [
            118.9542776,
            32.1194292
          ],
          [
            118.9542742,
            32.1196938
          ],
          [
            118.9542539,
            32.1198782
          ],
          [
            118.9542358,
            32.1199511
          ],
          [
            118.9541535,
            32.1201719
          ],
          [
            118.954069,
            32.120308
          ],
          [
            118.9540463,
            32.1203444
          ]
        ]
      },
      "properties": {
        "kind": "road",
        "highway": "residential",
        "name": "瑞清路",
        "source": "OpenStreetMap",
        "osm_id": "1471976994"
      }
    },
    {
      "type": "Feature",
      "geometry": {
        "type": "LineString",
        "coordinates": [
          [
            118.9536555,
            32.1207452
          ],
          [
            118.9535857,
            32.1208395
          ],
          [
            118.9535047,
            32.1209321
          ],
          [
            118.9533219,
            32.1211783
          ]
        ]
      },
      "properties": {
        "kind": "road",
        "highway": "residential",
        "name": "瑞清路",
        "source": "OpenStreetMap",
        "osm_id": "1471976995"
      }
    },
    {
      "type": "Feature",
      "geometry": {
        "type": "LineString",
        "coordinates": [
          [
            118.9537012,
            32.1178709
          ],
          [
            118.9537941,
            32.1178647
          ],
          [
            118.9539207,
            32.117844
          ],
          [
            118.9539473,
            32.1178419
          ],
          [
            118.9540652,
            32.1178222
          ],
          [
            118.954235,
            32.1178178
          ],
          [
            118.9543506,
            32.117814
          ],
          [
            118.9546391,
            32.1178321
          ],
          [
            118.9547134,
            32.1178396
          ],
          [
            118.9549095,
            32.117867
          ],
          [
            118.955252,
            32.1179253
          ],
          [
            118.9556597,
            32.1179689
          ],
          [
            118.955722,
            32.1179854
          ]
        ]
      },
      "properties": {
        "kind": "road",
        "highway": "residential",
        "name": "太学路",
        "source": "OpenStreetMap",
        "osm_id": "1471976996"
      }
    },
    {
      "type": "Feature",
      "geometry": {
        "type": "LineString",
        "coordinates": [
          [
            118.955722,
            32.1179854
          ],
          [
            118.9557022,
            32.1180881
          ],
          [
            118.9555579,
            32.1181941
          ],
          [
            118.9552946,
            32.1183812
          ],
          [
            118.9551585,
            32.1184751
          ],
          [
            118.9546406,
            32.1188323
          ],
          [
            118.9542875,
            32.119102
          ]
        ]
      },
      "properties": {
        "kind": "road",
        "highway": "residential",
        "name": "亚明路",
        "source": "OpenStreetMap",
        "osm_id": "1471976997"
      }
    },
    {
      "type": "Feature",
      "geometry": {
        "type": "LineString",
        "coordinates": [
          [
            118.9556597,
            32.1179689
          ],
          [
            118.9558619,
            32.117639
          ],
          [
            118.9560079,
            32.1173898
          ],
          [
            118.9560941,
            32.1172133
          ]
        ]
      },
      "properties": {
        "kind": "road",
        "highway": "residential",
        "name": "亚明路",
        "source": "OpenStreetMap",
        "osm_id": "1471976998"
      }
    },
    {
      "type": "Feature",
      "geometry": {
        "type": "LineString",
        "coordinates": [
          [
            118.9560941,
            32.1172133
          ],
          [
            118.9561893,
            32.1170682
          ],
          [
            118.9562322,
            32.1170028
          ],
          [
            118.9562582,
            32.1169587
          ]
        ]
      },
      "properties": {
        "kind": "road",
        "highway": "residential",
        "name": "亚明路",
        "source": "OpenStreetMap",
        "osm_id": "1471976999"
      }
    },
    {
      "type": "Feature",
      "geometry": {
        "type": "LineString",
        "coordinates": [
          [
            118.9570733,
            32.115466
          ],
          [
            118.9570845,
            32.1154128
          ],
          [
            118.9571744,
            32.1149868
          ],
          [
            118.9572337,
            32.114706
          ]
        ]
      },
      "properties": {
        "kind": "road",
        "highway": "residential",
        "name": "家伦路",
        "source": "OpenStreetMap",
        "osm_id": "1471977000"
      }
    },
    {
      "type": "Feature",
      "geometry": {
        "type": "LineString",
        "coordinates": [
          [
            118.9570733,
            32.115466
          ],
          [
            118.9577035,
            32.1156392
          ],
          [
            118.9582935,
            32.1157904
          ],
          [
            118.9589511,
            32.1159751
          ],
          [
            118.9591854,
            32.1160365
          ]
        ]
      },
      "properties": {
        "kind": "road",
        "highway": "residential",
        "name": "南雍大道",
        "source": "OpenStreetMap",
        "osm_id": "1471977001"
      }
    },
    {
      "type": "Feature",
      "geometry": {
        "type": "LineString",
        "coordinates": [
          [
            118.9562582,
            32.1169587
          ],
          [
            118.9565319,
            32.1164954
          ]
        ]
      },
      "properties": {
        "kind": "road",
        "highway": "residential",
        "name": "亚明路",
        "source": "OpenStreetMap",
        "osm_id": "1471977002"
      }
    },
    {
      "type": "Feature",
      "geometry": {
        "type": "LineString",
        "coordinates": [
          [
            118.9588372,
            32.1129019
          ],
          [
            118.9586892,
            32.1128702
          ],
          [
            118.9580752,
            32.1127183
          ],
          [
            118.957846,
            32.1126779
          ],
          [
            118.9576223,
            32.1126467
          ]
        ]
      },
      "properties": {
        "kind": "road",
        "highway": "residential",
        "name": "三江路",
        "source": "OpenStreetMap",
        "osm_id": "1471977003"
      }
    },
    {
      "type": "Feature",
      "geometry": {
        "type": "LineString",
        "coordinates": [
          [
            118.9574401,
            32.1136641
          ],
          [
            118.9574581,
            32.1135625
          ],
          [
            118.9575512,
            32.113064
          ]
        ]
      },
      "properties": {
        "kind": "road",
        "highway": "residential",
        "name": "家伦路",
        "source": "OpenStreetMap",
        "osm_id": "1471977004"
      }
    },
    {
      "type": "Feature",
      "geometry": {
        "type": "LineString",
        "coordinates": [
          [
            118.9574401,
            32.1136641
          ],
          [
            118.9576051,
            32.1136871
          ],
          [
            118.9579635,
            32.1137359
          ],
          [
            118.9581626,
            32.1137574
          ],
          [
            118.9585211,
            32.1138053
          ],
          [
            118.9586606,
            32.1138268
          ]
        ]
      },
      "properties": {
        "kind": "road",
        "highway": "residential",
        "name": "两江路",
        "source": "OpenStreetMap",
        "osm_id": "1471977005"
      }
    },
    {
      "type": "Feature",
      "geometry": {
        "type": "LineString",
        "coordinates": [
          [
            118.9575512,
            32.113064
          ],
          [
            118.9575965,
            32.1127878
          ],
          [
            118.9576223,
            32.1126467
          ]
        ]
      },
      "properties": {
        "kind": "road",
        "highway": "residential",
        "name": "家伦路",
        "source": "OpenStreetMap",
        "osm_id": "1471977006"
      }
    },
    {
      "type": "Feature",
      "geometry": {
        "type": "LineString",
        "coordinates": [
          [
            118.9488284,
            32.1243904
          ],
          [
            118.9489714,
            32.1251648
          ],
          [
            118.9490116,
            32.1254389
          ],
          [
            118.9491381,
            32.1261468
          ],
          [
            118.9493105,
            32.1269069
          ],
          [
            118.9492461,
            32.126992
          ]
        ]
      },
      "properties": {
        "kind": "road",
        "highway": "residential",
        "name": null,
        "source": "OpenStreetMap",
        "osm_id": "1471991811"
      }
    },
    {
      "type": "Feature",
      "geometry": {
        "type": "LineString",
        "coordinates": [
          [
            118.9585699,
            32.1114931
          ],
          [
            118.9588228,
            32.1114916
          ]
        ]
      },
      "properties": {
        "kind": "road",
        "highway": "residential",
        "name": null,
        "source": "OpenStreetMap",
        "osm_id": "1556378801"
      }
    }
  ]
}
