{
  "type": "FeatureCollection",
  "features": [
    {
      "type": "Feature",
      "properties": {
        "OBJECTID": 1001,
        "overview_id": "osm_campus_89910837",
        "NAME": "Nanjing University (Xianlin Campus) (南京大学(仙林校区))",
        "BARRIO": "Nanjing University (Xianlin Campus) (南京大学(仙林校区))",
        "label": "Nanjing University (Xianlin Campus) (南京大学(仙林校区))",
        "comuna_name": "Xianlin / Qixia · OSM named area",
        "geometry_class": "osm_named_polygon",
        "geometry_provenance": "OpenStreetMap (ODbL) named campus/residential/park polygon clipped to screening AOI",
        "kind": "campus",
        "area_m2": 1454783.0,
        "is_focus_area": true,
        "map_fill": true,
        "population_proxy": 553.1,
        "population_estimate": 553.1,
        "population_label": "WorldPop 2026 population estimate (aggregated from planning cells)",
        "built_up_fraction": 0.8347,
        "drainage_stress_proxy": 0.5017,
        "runoff_pressure_proxy": 0.7343,
        "mean_elevation_m": 26.75,
        "mean_slope_deg": 8.75,
        "priority_exposure_raw": 277.495,
        "priority_balanced_raw": 309.659,
        "priority_runoff_raw": 0.5017,
        "member_cell_ids": [
          47
        ],
        "member_cell_count": 1,
        "member_overlaps": [
          {
            "cell_id": 47,
            "overlap_area_m2": 637236.3
          }
        ],
        "aggregation_method": "population_weighted_mean_for_proxies;sum_for_population;centroid_membership",
        "rank_exposure": 13,
        "rank_balanced": 13,
        "rank_runoff": 5,
        "rank_low_regret": 10,
        "rank_equity": null,
        "priority_exposure": 0.0226,
        "priority_balanced": 0.023,
        "priority_runoff": 0.7856,
        "priority_low_regret": 0.1344,
        "priority_equity": null,
        "priority_low_regret_raw": 0.3538,
        "normalization": "minmax_within_nanjing_overview"
      },
      "geometry": {
        "type": "Polygon",
        "coordinates": [
          [
            [
              118.9554971,
              32.1121065
            ],
            [
              118.9554309,
              32.1120766
            ],
            [
              118.9548939,
              32.1120178
            ],
            [
              118.9539844,
              32.1118939
            ],
            [
              118.9526871,
              32.1117113
            ],
            [
              118.9505115,
              32.1113991
            ],
            [
              118.9503719,
              32.1113781
            ],
            [
              118.950284,
              32.1115682
            ],
            [
              118.9480259,
              32.1161993
            ],
            [
              118.9480018,
              32.1162487
            ],
            [
              118.946904,
              32.1184962
            ],
            [
              118.9464611,
              32.1195513
            ],
            [
              118.9464241,
              32.1196395
            ],
            [
              118.9463979,
              32.1197008
            ],
            [
              118.9463571,
              32.1198327
            ],
            [
              118.9462026,
              32.1203797
            ],
            [
              118.9459976,
              32.121315
            ],
            [
              118.9458202,
              32.1223112
            ],
            [
              118.9457577,
              32.1228352
            ],
            [
              118.9457301,
              32.1233961
            ],
            [
              118.9457627,
              32.1245311
            ],
            [
              118.9459013,
              32.1259775
            ],
            [
              118.9459729,
              32.1267629
            ],
            [
              118.9471487,
              32.1268637
            ],
            [
              118.948095,
              32.1269315
            ],
            [
              118.9492222,
              32.1270381
            ],
            [
              118.9492813,
              32.1271063
            ],
            [
              118.9495124,
              32.1270887
            ],
            [
              118.9503036,
              32.127018
            ],
            [
              118.9509021,
              32.1264252
            ],
            [
              118.9508604,
              32.1254616
            ],
            [
              118.9509064,
              32.1252189
            ],
            [
              118.9512784,
              32.1248929
            ],
            [
              118.9514941,
              32.1247363
            ],
            [
              118.9517296,
              32.1246715
            ],
            [
              118.9518071,
              32.1249274
            ],
            [
              118.9523758,
              32.1256215
            ],
            [
              118.9532292,
              32.1263404
            ],
            [
              118.953579,
              32.12657
            ],
            [
              118.9537937,
              32.1267018
            ],
            [
              118.9535641,
              32.1267741
            ],
            [
              118.9534207,
              32.1270573
            ],
            [
              118.9532417,
              32.1270569
            ],
            [
              118.9532407,
              32.1273581
            ],
            [
              118.9534557,
              32.1273586
            ],
            [
              118.9539062,
              32.1281062
            ],
            [
              118.9553835,
              32.1280655
            ],
            [
              118.9553546,
              32.1271395
            ],
            [
              118.9553485,
              32.1270416
            ],
            [
              118.9552102,
              32.1270269
            ],
            [
              118.9548519,
              32.1269729
            ],
            [
              118.9542651,
              32.1268103
            ],
            [
              118.9539081,
              32.1266374
            ],
            [
              118.953504,
              32.1263231
            ],
            [
              118.9524813,
              32.1254558
            ],
            [
              118.9533345,
              32.1251891
            ],
            [
              118.9535389,
              32.1251886
            ],
            [
              118.9542362,
              32.1254843
            ],
            [
              118.9544504,
              32.1254785
            ],
            [
              118.9545756,
              32.1253917
            ],
            [
              118.9549961,
              32.1249182
            ],
            [
              118.9554159,
              32.1247092
            ],
            [
              118.9560834,
              32.1245594
            ],
            [
              118.9564481,
              32.1243327
            ],
            [
              118.9565096,
              32.1238962
            ],
            [
              118.9564884,
              32.1235953
            ],
            [
              118.9563191,
              32.1234266
            ],
            [
              118.9560806,
              32.1234245
            ],
            [
              118.9557894,
              32.1235798
            ],
            [
              118.9556729,
              32.1237499
            ],
            [
              118.9556688,
              32.1238616
            ],
            [
              118.9555531,
              32.1238893
            ],
            [
              118.9554757,
              32.1238151
            ],
            [
              118.9553091,
              32.1238353
            ],
            [
              118.9553001,
              32.1240273
            ],
            [
              118.95533,
              32.1242278
            ],
            [
              118.9554649,
              32.1242841
            ],
            [
              118.9558077,
              32.1242732
            ],
            [
              118.9558255,
              32.1241398
            ],
            [
              118.9560565,
              32.1241415
            ],
            [
              118.9562208,
              32.1240422
            ],
            [
              118.9563277,
              32.1239089
            ],
            [
              118.9563004,
              32.1238133
            ],
            [
              118.9561354,
              32.1236281
            ],
            [
              118.9562982,
              32.1236733
            ],
            [
              118.9563633,
              32.1237746
            ],
            [
              118.9563748,
              32.1239503
            ],
            [
              118.9563606,
              32.1240824
            ],
            [
              118.9563278,
              32.1241685
            ],
            [
              118.9561752,
              32.1243584
            ],
            [
              118.9558469,
              32.1244863
            ],
            [
              118.9553778,
              32.1245695
            ],
            [
              118.9549275,
              32.1247444
            ],
            [
              118.9544864,
              32.125296
            ],
            [
              118.954394,
              32.1253448
            ],
            [
              118.9541736,
              32.1253244
            ],
            [
              118.9536435,
              32.1251145
            ],
            [
              118.953452,
              32.1250707
            ],
            [
              118.9533076,
              32.1250743
            ],
            [
              118.9523606,
              32.1253599
            ],
            [
              118.9519745,
              32.1249377
            ],
            [
              118.9518791,
              32.1246266
            ],
            [
              118.9518783,
              32.1240176
            ],
            [
              118.9522812,
              32.1240356
            ],
            [
              118.9522465,
              32.1237588
            ],
            [
              118.952152,
              32.1237668
            ],
            [
              118.9520984,
              32.1232204
            ],
            [
              118.952021,
              32.1226629
            ],
            [
              118.9522082,
              32.1224211
            ],
            [
              118.9526793,
              32.1222557
            ],
            [
              118.9536813,
              32.1223388
            ],
            [
              118.9538639,
              32.122522
            ],
            [
              118.9539234,
              32.1227026
            ],
            [
              118.9539998,
              32.1227847
            ],
            [
              118.9539263,
              32.1232733
            ],
            [
              118.9539472,
              32.1236528
            ],
            [
              118.9542846,
              32.1236625
            ],
            [
              118.9545639,
              32.1228477
            ],
            [
              118.9545972,
              32.1225954
            ],
            [
              118.9549464,
              32.1223993
            ],
            [
              118.9555735,
              32.1222114
            ],
            [
              118.9554367,
              32.1197771
            ],
            [
              118.955699,
              32.119471
            ],
            [
              118.9559291,
              32.1190884
            ],
            [
              118.9567888,
              32.1185799
            ],
            [
              118.9581617,
              32.1186481
            ],
            [
              118.9586983,
              32.1186747
            ],
            [
              118.9587194,
              32.1182924
            ],
            [
              118.9587443,
              32.1177709
            ],
            [
              118.9588642,
              32.1172235
            ],
            [
              118.9591474,
              32.1161221
            ],
            [
              118.9591854,
              32.1160365
            ],
            [
              118.9592088,
              32.115991
            ],
            [
              118.9605563,
              32.1133713
            ],
            [
              118.9603084,
              32.1131664
            ],
            [
              118.959011,
              32.1126026
            ],
            [
              118.9578947,
              32.112354
            ],
            [
              118.9566136,
              32.112235
            ],
            [
              118.9560661,
              32.1121682
            ],
            [
              118.9560673,
              32.1122006
            ],
            [
              118.9559925,
              32.112186
            ],
            [
              118.9559297,
              32.1121773
            ],
            [
              118.9555546,
              32.1121259
            ],
            [
              118.9554971,
              32.1121065
            ]
          ]
        ]
      }
    },
    {
      "type": "Feature",
      "properties": {
        "OBJECTID": 1002,
        "overview_id": "osm_park_1390010005",
        "NAME": "Yangshan Park (羊山公园)",
        "BARRIO": "Yangshan Park (羊山公园)",
        "label": "Yangshan Park (羊山公园)",
        "comuna_name": "Xianlin / Qixia · OSM named area",
        "geometry_class": "osm_named_polygon",
        "geometry_provenance": "OpenStreetMap (ODbL) named campus/residential/park polygon clipped to screening AOI",
        "kind": "park",
        "area_m2": 1376364.8,
        "is_focus_area": false,
        "map_fill": true,
        "population_proxy": 52.5,
        "population_estimate": 52.5,
        "population_label": "WorldPop 2026 population estimate (aggregated from planning cells)",
        "built_up_fraction": 0.0,
        "drainage_stress_proxy": 0.2812,
        "runoff_pressure_proxy": 0.15,
        "mean_elevation_m": 21.0,
        "mean_slope_deg": 7.84,
        "priority_exposure_raw": 14.771,
        "priority_balanced_raw": 13.048,
        "priority_runoff_raw": 0.2812,
        "member_cell_ids": [
          35
        ],
        "member_cell_count": 1,
        "member_overlaps": [
          {
            "cell_id": 35,
            "overlap_area_m2": 791690.0
          }
        ],
        "aggregation_method": "population_weighted_mean_for_proxies;sum_for_population;centroid_membership",
        "rank_exposure": 22,
        "rank_balanced": 22,
        "rank_runoff": 21,
        "rank_low_regret": 22,
        "rank_equity": null,
        "priority_exposure": 0.0012,
        "priority_balanced": 0.001,
        "priority_runoff": 0.4403,
        "priority_low_regret": 0.0291,
        "priority_equity": null,
        "priority_low_regret_raw": 0.1385,
        "normalization": "minmax_within_nanjing_overview"
      },
      "geometry": {
        "type": "Polygon",
        "coordinates": [
          [
            [
              118.9304974,
              32.1159135
            ],
            [
              118.9305373,
              32.1159495
            ],
            [
              118.9305632,
              32.1159674
            ],
            [
              118.9305942,
              32.1159814
            ],
            [
              118.9311163,
              32.1160617
            ],
            [
              118.9316424,
              32.116174
            ],
            [
              118.9320597,
              32.1163065
            ],
            [
              118.9323882,
              32.1164421
            ],
            [
              118.9325838,
              32.1165538
            ],
            [
              118.9336389,
              32.1173725
            ],
            [
              118.9339124,
              32.1176132
            ],
            [
              118.9343695,
              32.1179536
            ],
            [
              118.934663,
              32.1181222
            ],
            [
              118.9348906,
              32.1182269
            ],
            [
              118.9350722,
              32.1183056
            ],
            [
              118.9353407,
              32.1183953
            ],
            [
              118.9355403,
              32.118456
            ],
            [
              118.935713,
              32.1184997
            ],
            [
              118.9358947,
              32.1185355
            ],
            [
              118.9360294,
              32.1185513
            ],
            [
              118.9381313,
              32.118607
            ],
            [
              118.9396882,
              32.1186294
            ],
            [
              118.9408557,
              32.1186595
            ],
            [
              118.9409226,
              32.1186413
            ],
            [
              118.9409795,
              32.1186152
            ],
            [
              118.9409994,
              32.1186002
            ],
            [
              118.9410383,
              32.1185511
            ],
            [
              118.941706,
              32.1173467
            ],
            [
              118.9429185,
              32.1152012
            ],
            [
              118.9431421,
              32.1148157
            ],
            [
              118.9435183,
              32.1141188
            ],
            [
              118.943667,
              32.1137425
            ],
            [
              118.9438067,
              32.1133612
            ],
            [
              118.9439185,
              32.1128759
            ],
            [
              118.9440034,
              32.1124256
            ],
            [
              118.9442091,
              32.1103258
            ],
            [
              118.9442111,
              32.1102628
            ],
            [
              118.9442041,
              32.1102188
            ],
            [
              118.9441862,
              32.1101688
            ],
            [
              118.9441502,
              32.1101319
            ],
            [
              118.9441053,
              32.1101
            ],
            [
              118.9440475,
              32.1100721
            ],
            [
              118.9439886,
              32.1100562
            ],
            [
              118.9436175,
              32.1099918
            ],
            [
              118.9428602,
              32.1098122
            ],
            [
              118.9427654,
              32.1097943
            ],
            [
              118.9426027,
              32.1097836
            ],
            [
              118.9424551,
              32.1097659
            ],
            [
              118.9418773,
              32.1095829
            ],
            [
              118.9411869,
              32.109268
            ],
            [
              118.9404215,
              32.1089263
            ],
            [
              118.9399845,
              32.108684
            ],
            [
              118.9377391,
              32.1072333
            ],
            [
              118.9374248,
              32.1070268
            ],
            [
              118.9365705,
              32.10657
            ],
            [
              118.935259,
              32.1059719
            ],
            [
              118.9340742,
              32.1053875
            ],
            [
              118.9340233,
              32.1053786
            ],
            [
              118.9339834,
              32.1053786
            ],
            [
              118.9339444,
              32.1053797
            ],
            [
              118.9339015,
              32.1053898
            ],
            [
              118.9338556,
              32.1054118
            ],
            [
              118.9338147,
              32.1054389
            ],
            [
              118.9337827,
              32.105465
            ],
            [
              118.9337548,
              32.105497
            ],
            [
              118.9314924,
              32.1088478
            ],
            [
              118.9305138,
              32.1103604
            ],
            [
              118.9305108,
              32.1103984
            ],
            [
              118.9305168,
              32.1104054
            ],
            [
              118.9310469,
              32.1105987
            ],
            [
              118.930999,
              32.1106948
            ],
            [
              118.9310819,
              32.1107347
            ],
            [
              118.9307334,
              32.1113563
            ],
            [
              118.9306355,
              32.1113254
            ],
            [
              118.9305896,
              32.1114155
            ],
            [
              118.9300585,
              32.1112191
            ],
            [
              118.9300265,
              32.1112222
            ],
            [
              118.9299986,
              32.1112332
            ],
            [
              118.9299846,
              32.1112512
            ],
            [
              118.9299556,
              32.1113163
            ],
            [
              118.9298388,
              32.1116875
            ],
            [
              118.9297429,
              32.1120627
            ],
            [
              118.929689,
              32.1123758
            ],
            [
              118.92967,
              32.1127549
            ],
            [
              118.9296779,
              32.113148
            ],
            [
              118.9297198,
              32.11344
            ],
            [
              118.9297388,
              32.113647
            ],
            [
              118.9297877,
              32.113889
            ],
            [
              118.9304824,
              32.1158885
            ],
            [
              118.9304974,
              32.1159135
            ]
          ]
        ]
      }
    },
    {
      "type": "Feature",
      "properties": {
        "OBJECTID": 1003,
        "overview_id": "osm_campus_89910254",
        "NAME": "Nanjing University of Posts and Telecommunications (Xianlin Campus) (南京邮电大学（仙林校区）)",
        "BARRIO": "Nanjing University of Posts and Telecommunications (Xianlin Campus) (南京邮电大学（仙林校区）)",
        "label": "Nanjing University of Posts and Telecommunications (Xianlin Campus) (南京邮电大学（仙林校区）)",
        "comuna_name": "Xianlin / Qixia · OSM named area",
        "geometry_class": "osm_named_polygon",
        "geometry_provenance": "OpenStreetMap (ODbL) named campus/residential/park polygon clipped to screening AOI",
        "kind": "campus",
        "area_m2": 1186634.8,
        "is_focus_area": true,
        "map_fill": true,
        "population_proxy": 2377.3,
        "population_estimate": 2377.3,
        "population_label": "WorldPop 2026 population estimate (aggregated from planning cells)",
        "built_up_fraction": 0.7828,
        "drainage_stress_proxy": 0.5662,
        "runoff_pressure_proxy": 0.7324,
        "mean_elevation_m": 15.7,
        "mean_slope_deg": 4.05,
        "priority_exposure_raw": 1345.954,
        "priority_balanced_raw": 1444.728,
        "priority_runoff_raw": 0.5662,
        "member_cell_ids": [
          34,
          44
        ],
        "member_cell_count": 2,
        "member_overlaps": [
          {
            "cell_id": 34,
            "overlap_area_m2": 478961.9
          },
          {
            "cell_id": 44,
            "overlap_area_m2": 689698.7
          }
        ],
        "aggregation_method": "population_weighted_mean_for_proxies;sum_for_population;centroid_membership",
        "rank_exposure": 3,
        "rank_balanced": 3,
        "rank_runoff": 3,
        "rank_low_regret": 4,
        "rank_equity": null,
        "priority_exposure": 0.1097,
        "priority_balanced": 0.1071,
        "priority_runoff": 0.8866,
        "priority_low_regret": 0.4502,
        "priority_equity": null,
        "priority_low_regret_raw": 1.0,
        "normalization": "minmax_within_nanjing_overview"
      },
      "geometry": {
        "type": "Polygon",
        "coordinates": [
          [
            [
              118.9203486,
              32.120223
            ],
            [
              118.9209097,
              32.1205137
            ],
            [
              118.9212956,
              32.1207303
            ],
            [
              118.9217597,
              32.1209549
            ],
            [
              118.92229,
              32.1212015
            ],
            [
              118.9223786,
              32.1212416
            ],
            [
              118.9223987,
              32.1212271
            ],
            [
              118.9224973,
              32.1212761
            ],
            [
              118.922613,
              32.1213342
            ],
            [
              118.922613,
              32.1213523
            ],
            [
              118.9225401,
              32.1214605
            ],
            [
              118.9225374,
              32.1215344
            ],
            [
              118.9225776,
              32.1215832
            ],
            [
              118.9229532,
              32.1217706
            ],
            [
              118.9230229,
              32.1216468
            ],
            [
              118.9230551,
              32.1216298
            ],
            [
              118.923102,
              32.1216446
            ],
            [
              118.9252357,
              32.1226986
            ],
            [
              118.9258513,
              32.1229996
            ],
            [
              118.9261155,
              32.1231222
            ],
            [
              118.9264333,
              32.1232426
            ],
            [
              118.9269228,
              32.1234516
            ],
            [
              118.9274754,
              32.123664
            ],
            [
              118.927643,
              32.1237208
            ],
            [
              118.9277905,
              32.1237469
            ],
            [
              118.9278576,
              32.1237424
            ],
            [
              118.9279273,
              32.1236913
            ],
            [
              118.9280038,
              32.1235993
            ],
            [
              118.9282438,
              32.1231915
            ],
            [
              118.9285268,
              32.122761
            ],
            [
              118.9286247,
              32.1226304
            ],
            [
              118.9288245,
              32.1222783
            ],
            [
              118.9288862,
              32.1221738
            ],
            [
              118.9293502,
              32.1214503
            ],
            [
              118.9296573,
              32.1209142
            ],
            [
              118.9299162,
              32.1204962
            ],
            [
              118.9300744,
              32.1202066
            ],
            [
              118.9302501,
              32.1197523
            ],
            [
              118.9303493,
              32.1194422
            ],
            [
              118.9303628,
              32.119382
            ],
            [
              118.9303842,
              32.1192048
            ],
            [
              118.9303663,
              32.118957
            ],
            [
              118.9303412,
              32.1189059
            ],
            [
              118.9302559,
              32.1188294
            ],
            [
              118.9300551,
              32.1187338
            ],
            [
              118.9300851,
              32.1186888
            ],
            [
              118.9301426,
              32.1186018
            ],
            [
              118.9302151,
              32.1184937
            ],
            [
              118.9302703,
              32.118411
            ],
            [
              118.9303165,
              32.1183445
            ],
            [
              118.9304101,
              32.1181995
            ],
            [
              118.9304921,
              32.1180806
            ],
            [
              118.9305027,
              32.1180662
            ],
            [
              118.9305071,
              32.1180483
            ],
            [
              118.9304968,
              32.117908
            ],
            [
              118.9303549,
              32.1172364
            ],
            [
              118.930168,
              32.1166319
            ],
            [
              118.930005,
              32.1160914
            ],
            [
              118.929834,
              32.1155239
            ],
            [
              118.9296252,
              32.1148621
            ],
            [
              118.929502,
              32.1144529
            ],
            [
              118.9293867,
              32.1140454
            ],
            [
              118.9293091,
              32.1137574
            ],
            [
              118.9292276,
              32.1133988
            ],
            [
              118.9291938,
              32.113126
            ],
            [
              118.9291719,
              32.1128245
            ],
            [
              118.9291779,
              32.1123581
            ],
            [
              118.9292356,
              32.1119404
            ],
            [
              118.9293469,
              32.1114622
            ],
            [
              118.9294225,
              32.1112332
            ],
            [
              118.9295,
              32.1110378
            ],
            [
              118.9296606,
              32.1106808
            ],
            [
              118.929889,
              32.110288
            ],
            [
              118.9299125,
              32.1102504
            ],
            [
              118.9299354,
              32.1102163
            ],
            [
              118.9303522,
              32.1095537
            ],
            [
              118.930435,
              32.109428
            ],
            [
              118.9304436,
              32.1093554
            ],
            [
              118.9303979,
              32.1092853
            ],
            [
              118.930288,
              32.1092452
            ],
            [
              118.9298075,
              32.1090455
            ],
            [
              118.9293425,
              32.1088522
            ],
            [
              118.9281982,
              32.1085117
            ],
            [
              118.9278046,
              32.1084162
            ],
            [
              118.9274118,
              32.1083208
            ],
            [
              118.9271137,
              32.1082247
            ],
            [
              118.9268596,
              32.1081337
            ],
            [
              118.9267603,
              32.1081011
            ],
            [
              118.926762,
              32.1079447
            ],
            [
              118.9265945,
              32.1078905
            ],
            [
              118.9265294,
              32.1078705
            ],
            [
              118.92607,
              32.107725
            ],
            [
              118.9259987,
              32.1076994
            ],
            [
              118.9258259,
              32.1076403
            ],
            [
              118.9258246,
              32.1078174
            ],
            [
              118.9253795,
              32.1076472
            ],
            [
              118.9243545,
              32.1073216
            ],
            [
              118.923126,
              32.1069381
            ],
            [
              118.9230729,
              32.1069449
            ],
            [
              118.9230682,
              32.1069762
            ],
            [
              118.9230666,
              32.1070548
            ],
            [
              118.9230682,
              32.1071834
            ],
            [
              118.9230714,
              32.1073013
            ],
            [
              118.9230787,
              32.1075615
            ],
            [
              118.9230926,
              32.1079297
            ],
            [
              118.9230876,
              32.1082582
            ],
            [
              118.923097,
              32.1084335
            ],
            [
              118.9231056,
              32.1086959
            ],
            [
              118.9231056,
              32.1087255
            ],
            [
              118.9231067,
              32.1087579
            ],
            [
              118.9231078,
              32.1089476
            ],
            [
              118.9231598,
              32.1103614
            ],
            [
              118.9231733,
              32.1107754
            ],
            [
              118.9231875,
              32.1111046
            ],
            [
              118.9231959,
              32.1112981
            ],
            [
              118.9232184,
              32.1118857
            ],
            [
              118.9232432,
              32.112549
            ],
            [
              118.9232409,
              32.1129064
            ],
            [
              118.9231328,
              32.1129064
            ],
            [
              118.9230659,
              32.1133557
            ],
            [
              118.9230352,
              32.113595
            ],
            [
              118.9230296,
              32.1137668
            ],
            [
              118.9229872,
              32.113767
            ],
            [
              118.9229872,
              32.11386
            ],
            [
              118.9229795,
              32.1141074
            ],
            [
              118.9229788,
              32.1141859
            ],
            [
              118.9228992,
              32.1141861
            ],
            [
              118.922846,
              32.1141991
            ],
            [
              118.9227938,
              32.1142332
            ],
            [
              118.9225491,
              32.1146351
            ],
            [
              118.9223074,
              32.1150194
            ],
            [
              118.9219783,
              32.115578
            ],
            [
              118.9216594,
              32.1161124
            ],
            [
              118.9202711,
              32.1184722
            ],
            [
              118.9195619,
              32.1195971
            ],
            [
              118.9195169,
              32.1196709
            ],
            [
              118.9195078,
              32.1197371
            ],
            [
              118.9195379,
              32.1198007
            ],
            [
              118.919591,
              32.11984
            ],
            [
              118.9203486,
              32.120223
            ]
          ]
        ]
      }
    },
    {
      "type": "Feature",
      "properties": {
        "OBJECTID": 1004,
        "overview_id": "osm_campus_1411419657",
        "NAME": "Nanjing University of Chinese Medicine (Xianlin Campus) (南京中医药大学仙林校区)",
        "BARRIO": "Nanjing University of Chinese Medicine (Xianlin Campus) (南京中医药大学仙林校区)",
        "label": "Nanjing University of Chinese Medicine (Xianlin Campus) (南京中医药大学仙林校区)",
        "comuna_name": "Xianlin / Qixia · OSM named area",
        "geometry_class": "osm_named_polygon",
        "geometry_provenance": "OpenStreetMap (ODbL) named campus/residential/park polygon clipped to screening AOI",
        "kind": "campus",
        "area_m2": 718367.6,
        "is_focus_area": true,
        "map_fill": true,
        "population_proxy": 0.0,
        "population_estimate": 0.0,
        "population_label": "WorldPop 2026 population estimate (aggregated from planning cells)",
        "built_up_fraction": 0.0,
        "drainage_stress_proxy": 0.0,
        "runoff_pressure_proxy": 0.0,
        "mean_elevation_m": null,
        "mean_slope_deg": null,
        "priority_exposure_raw": 0.0,
        "priority_balanced_raw": 0.0,
        "priority_runoff_raw": 0.0,
        "member_cell_ids": [],
        "member_cell_count": 0,
        "member_overlaps": [],
        "aggregation_method": "population_weighted_mean_for_proxies;sum_for_population",
        "rank_exposure": 25,
        "rank_balanced": 25,
        "rank_runoff": 25,
        "rank_low_regret": 25,
        "rank_equity": null,
        "priority_exposure": 0.0,
        "priority_balanced": 0.0,
        "priority_runoff": 0.0,
        "priority_low_regret": 0.0201,
        "priority_equity": null,
        "priority_low_regret_raw": 0.12,
        "normalization": "minmax_within_nanjing_overview"
      },
      "geometry": {
        "type": "Polygon",
        "coordinates": [
          [
            [
              118.941629,
              32.1084881
            ],
            [
              118.9416619,
              32.108496
            ],
            [
              118.9416898,
              32.108495
            ],
            [
              118.9417238,
              32.1084839
            ],
            [
              118.9429133,
              32.1075806
            ],
            [
              118.943018,
              32.1075574
            ],
            [
              118.9431058,
              32.1075603
            ],
            [
              118.9432076,
              32.1075781
            ],
            [
              118.9433253,
              32.1076139
            ],
            [
              118.9434351,
              32.1076687
            ],
            [
              118.9435398,
              32.1077275
            ],
            [
              118.9436336,
              32.1078224
            ],
            [
              118.9437833,
              32.1079881
            ],
            [
              118.94389,
              32.108077
            ],
            [
              118.9440077,
              32.1081558
            ],
            [
              118.9441524,
              32.1082375
            ],
            [
              118.9442602,
              32.1082643
            ],
            [
              118.944329,
              32.1082762
            ],
            [
              118.9446133,
              32.1082757
            ],
            [
              118.9446742,
              32.1082705
            ],
            [
              118.9447041,
              32.1082545
            ],
            [
              118.9458326,
              32.1069401
            ],
            [
              118.9458725,
              32.106947
            ],
            [
              118.9458995,
              32.10694
            ],
            [
              118.947851,
              32.1044156
            ],
            [
              118.947853,
              32.1044006
            ],
            [
              118.94785,
              32.1043816
            ],
            [
              118.9478371,
              32.1043697
            ],
            [
              118.9473882,
              32.1040885
            ],
            [
              118.9473623,
              32.1040675
            ],
            [
              118.9471837,
              32.1039069
            ],
            [
              118.9471438,
              32.1038669
            ],
            [
              118.9469164,
              32.1035193
            ],
            [
              118.9467328,
              32.1033866
            ],
            [
              118.9467079,
              32.1033727
            ],
            [
              118.9461722,
              32.1033047
            ],
            [
              118.9461203,
              32.1033048
            ],
            [
              118.9460554,
              32.1033109
            ],
            [
              118.9450238,
              32.1034719
            ],
            [
              118.9438625,
              32.1034431
            ],
            [
              118.9434684,
              32.1033078
            ],
            [
              118.9430543,
              32.1031825
            ],
            [
              118.9426642,
              32.1031232
            ],
            [
              118.9424966,
              32.1031255
            ],
            [
              118.9424766,
              32.1031195
            ],
            [
              118.9424607,
              32.1030995
            ],
            [
              118.9424447,
              32.1030636
            ],
            [
              118.9424138,
              32.1030256
            ],
            [
              118.9423469,
              32.1029787
            ],
            [
              118.9422621,
              32.1029389
            ],
            [
              118.9421653,
              32.102911
            ],
            [
              118.9421544,
              32.102903
            ],
            [
              118.9421444,
              32.1028871
            ],
            [
              118.9419109,
              32.1023003
            ],
            [
              118.9418461,
              32.1021934
            ],
            [
              118.9417912,
              32.1021175
            ],
            [
              118.9410838,
              32.1016787
            ],
            [
              118.9409381,
              32.1016069
            ],
            [
              118.9409181,
              32.1016059
            ],
            [
              118.9401867,
              32.1017692
            ],
            [
              118.9401487,
              32.1017713
            ],
            [
              118.9401128,
              32.1017683
            ],
            [
              118.9400869,
              32.1017564
            ],
            [
              118.9397606,
              32.1014229
            ],
            [
              118.9396348,
              32.101318
            ],
            [
              118.939544,
              32.1012672
            ],
            [
              118.9393794,
              32.1012305
            ],
            [
              118.9391489,
              32.1012148
            ],
            [
              118.9389333,
              32.1012232
            ],
            [
              118.9384054,
              32.1012541
            ],
            [
              118.9383974,
              32.1012421
            ],
            [
              118.9383974,
              32.1012291
            ],
            [
              118.9389394,
              32.100295
            ],
            [
              118.9395033,
              32.0997109
            ],
            [
              118.9395602,
              32.0996888
            ],
            [
              118.9408325,
              32.0996597
            ],
            [
              118.9408594,
              32.0996526
            ],
            [
              118.9408754,
              32.0996396
            ],
            [
              118.9408874,
              32.0996226
            ],
            [
              118.9408924,
              32.0995946
            ],
            [
              118.9408914,
              32.0994095
            ],
            [
              118.9408844,
              32.0993625
            ],
            [
              118.9408046,
              32.0990936
            ],
            [
              118.9407158,
              32.0989577
            ],
            [
              118.940606,
              32.0988169
            ],
            [
              118.9405961,
              32.0987939
            ],
            [
              118.9405961,
              32.0987759
            ],
            [
              118.9407138,
              32.0985347
            ],
            [
              118.9407508,
              32.0983986
            ],
            [
              118.9407608,
              32.0982135
            ],
            [
              118.9407398,
              32.0981135
            ],
            [
              118.9407089,
              32.0980326
            ],
            [
              118.9406421,
              32.0979277
            ],
            [
              118.9402439,
              32.0974862
            ],
            [
              118.940224,
              32.0974753
            ],
            [
              118.940197,
              32.0974723
            ],
            [
              118.9401651,
              32.0974744
            ],
            [
              118.9382579,
              32.0988838
            ],
            [
              118.9378826,
              32.0991285
            ],
            [
              118.937697,
              32.0992288
            ],
            [
              118.9372059,
              32.0994426
            ],
            [
              118.936609,
              32.0996756
            ],
            [
              118.9364094,
              32.0997369
            ],
            [
              118.9362537,
              32.0997751
            ],
            [
              118.9357506,
              32.0998779
            ],
            [
              118.9356987,
              32.099896
            ],
            [
              118.9356608,
              32.0999271
            ],
            [
              118.9356199,
              32.1000051
            ],
            [
              118.9356129,
              32.1000342
            ],
            [
              118.9356098,
              32.1014755
            ],
            [
              118.9355588,
              32.1021167
            ],
            [
              118.9355188,
              32.1024298
            ],
            [
              118.935438,
              32.102792
            ],
            [
              118.9352672,
              32.1032213
            ],
            [
              118.9351414,
              32.1034696
            ],
            [
              118.9343648,
              32.1046049
            ],
            [
              118.9343678,
              32.1046639
            ],
            [
              118.9343837,
              32.1046859
            ],
            [
              118.941629,
              32.1084881
            ]
          ]
        ]
      }
    },
    {
      "type": "Feature",
      "properties": {
        "OBJECTID": 1005,
        "overview_id": "osm_campus_89910595",
        "NAME": "Nanjing University of Industry Technology (南京工业职业技术大学)",
        "BARRIO": "Nanjing University of Industry Technology (南京工业职业技术大学)",
        "label": "Nanjing University of Industry Technology (南京工业职业技术大学)",
        "comuna_name": "Xianlin / Qixia · OSM named area",
        "geometry_class": "osm_named_polygon",
        "geometry_provenance": "OpenStreetMap (ODbL) named campus/residential/park polygon clipped to screening AOI",
        "kind": "campus",
        "area_m2": 714022.2,
        "is_focus_area": false,
        "map_fill": true,
        "population_proxy": 679.4,
        "population_estimate": 679.4,
        "population_label": "WorldPop 2026 population estimate (aggregated from planning cells)",
        "built_up_fraction": 0.4298,
        "drainage_stress_proxy": 0.4474,
        "runoff_pressure_proxy": 0.5153,
        "mean_elevation_m": 16.5,
        "mean_slope_deg": 1.43,
        "priority_exposure_raw": 303.959,
        "priority_balanced_raw": 315.492,
        "priority_runoff_raw": 0.4474,
        "member_cell_ids": [
          45
        ],
        "member_cell_count": 1,
        "member_overlaps": [
          {
            "cell_id": 45,
            "overlap_area_m2": 582230.6
          }
        ],
        "aggregation_method": "population_weighted_mean_for_proxies;sum_for_population;centroid_membership",
        "rank_exposure": 11,
        "rank_balanced": 11,
        "rank_runoff": 11,
        "rank_low_regret": 12,
        "rank_equity": null,
        "priority_exposure": 0.0248,
        "priority_balanced": 0.0234,
        "priority_runoff": 0.7006,
        "priority_low_regret": 0.0947,
        "priority_equity": null,
        "priority_low_regret_raw": 0.2727,
        "normalization": "minmax_within_nanjing_overview"
      },
      "geometry": {
        "type": "Polygon",
        "coordinates": [
          [
            [
              118.9316589,
              32.1250289
            ],
            [
              118.9339155,
              32.1257385
            ],
            [
              118.9356904,
              32.1261141
            ],
            [
              118.9369584,
              32.1263223
            ],
            [
              118.9374302,
              32.126375
            ],
            [
              118.9377837,
              32.1264144
            ],
            [
              118.9404071,
              32.1266615
            ],
            [
              118.9403683,
              32.1257109
            ],
            [
              118.9402881,
              32.1242842
            ],
            [
              118.9400587,
              32.120865
            ],
            [
              118.9407105,
              32.1189754
            ],
            [
              118.936991,
              32.1188444
            ],
            [
              118.9362967,
              32.1188085
            ],
            [
              118.935891,
              32.1187876
            ],
            [
              118.9358191,
              32.1187839
            ],
            [
              118.9347261,
              32.1187578
            ],
            [
              118.933521,
              32.1200934
            ],
            [
              118.9325987,
              32.1203795
            ],
            [
              118.930944,
              32.1196436
            ],
            [
              118.9298906,
              32.121794
            ],
            [
              118.9286916,
              32.1239436
            ],
            [
              118.9316589,
              32.1250289
            ]
          ]
        ]
      }
    },
    {
      "type": "Feature",
      "properties": {
        "OBJECTID": 1006,
        "overview_id": "osm_named_area_1414051293",
        "NAME": "紫东国际创意园",
        "BARRIO": "紫东国际创意园",
        "label": "紫东国际创意园",
        "comuna_name": "Xianlin / Qixia · OSM named area",
        "geometry_class": "osm_named_polygon",
        "geometry_provenance": "OpenStreetMap (ODbL) named campus/residential/park polygon clipped to screening AOI",
        "kind": "named_area",
        "area_m2": 594498.8,
        "is_focus_area": false,
        "map_fill": true,
        "population_proxy": 587.6,
        "population_estimate": 587.6,
        "population_label": "WorldPop 2026 population estimate (aggregated from planning cells)",
        "built_up_fraction": 0.8099,
        "drainage_stress_proxy": 0.4738,
        "runoff_pressure_proxy": 0.7202,
        "mean_elevation_m": 26.0,
        "mean_slope_deg": 3.7,
        "priority_exposure_raw": 278.405,
        "priority_balanced_raw": 314.601,
        "priority_runoff_raw": 0.4738,
        "member_cell_ids": [
          2
        ],
        "member_cell_count": 1,
        "member_overlaps": [
          {
            "cell_id": 2,
            "overlap_area_m2": 429128.6
          }
        ],
        "aggregation_method": "population_weighted_mean_for_proxies;sum_for_population;centroid_membership",
        "rank_exposure": 12,
        "rank_balanced": 12,
        "rank_runoff": 9,
        "rank_low_regret": 11,
        "rank_equity": null,
        "priority_exposure": 0.0227,
        "priority_balanced": 0.0233,
        "priority_runoff": 0.7419,
        "priority_low_regret": 0.0972,
        "priority_equity": null,
        "priority_low_regret_raw": 0.2778,
        "normalization": "minmax_within_nanjing_overview"
      },
      "geometry": {
        "type": "Polygon",
        "coordinates": [
          [
            [
              118.9020091,
              32.0823321
            ],
            [
              118.9052454,
              32.0835431
            ],
            [
              118.908523,
              32.0847316
            ],
            [
              118.9121962,
              32.0823537
            ],
            [
              118.9136104,
              32.0807976
            ],
            [
              118.9144578,
              32.079731
            ],
            [
              118.9143619,
              32.079576
            ],
            [
              118.9132038,
              32.0792425
            ],
            [
              118.9125593,
              32.0791048
            ],
            [
              118.9115439,
              32.0790073
            ],
            [
              118.9109773,
              32.0790225
            ],
            [
              118.9104236,
              32.0790727
            ],
            [
              118.9097699,
              32.079189
            ],
            [
              118.9093901,
              32.0792372
            ],
            [
              118.9094171,
              32.0794132
            ],
            [
              118.9091522,
              32.0794413
            ],
            [
              118.9091233,
              32.0792713
            ],
            [
              118.9079518,
              32.0794106
            ],
            [
              118.907472,
              32.0794588
            ],
            [
              118.9064104,
              32.079484
            ],
            [
              118.9058626,
              32.0794701
            ],
            [
              118.9047749,
              32.0792983
            ],
            [
              118.9040791,
              32.0791943
            ],
            [
              118.9036272,
              32.0793864
            ],
            [
              118.9029313,
              32.0791694
            ],
            [
              118.9029483,
              32.0791364
            ],
            [
              118.8994976,
              32.0786943
            ],
            [
              118.8983194,
              32.0808316
            ],
            [
              118.9014492,
              32.0821161
            ],
            [
              118.9020091,
              32.0823321
            ]
          ]
        ]
      }
    },
    {
      "type": "Feature",
      "properties": {
        "OBJECTID": 1007,
        "overview_id": "osm_campus_89910599",
        "NAME": "Nanjing Vocational College of Information Technology (南京信息职业技术学院)",
        "BARRIO": "Nanjing Vocational College of Information Technology (南京信息职业技术学院)",
        "label": "Nanjing Vocational College of Information Technology (南京信息职业技术学院)",
        "comuna_name": "Xianlin / Qixia · OSM named area",
        "geometry_class": "osm_named_polygon",
        "geometry_provenance": "OpenStreetMap (ODbL) named campus/residential/park polygon clipped to screening AOI",
        "kind": "campus",
        "area_m2": 536901.9,
        "is_focus_area": false,
        "map_fill": true,
        "population_proxy": 1101.8,
        "population_estimate": 1101.8,
        "population_label": "WorldPop 2026 population estimate (aggregated from planning cells)",
        "built_up_fraction": 0.6446,
        "drainage_stress_proxy": 0.5541,
        "runoff_pressure_proxy": 0.6145,
        "mean_elevation_m": 8.5,
        "mean_slope_deg": 0.72,
        "priority_exposure_raw": 610.53,
        "priority_balanced_raw": 627.167,
        "priority_runoff_raw": 0.5541,
        "member_cell_ids": [
          55
        ],
        "member_cell_count": 1,
        "member_overlaps": [
          {
            "cell_id": 55,
            "overlap_area_m2": 533373.7
          }
        ],
        "aggregation_method": "population_weighted_mean_for_proxies;sum_for_population;centroid_membership",
        "rank_exposure": 9,
        "rank_balanced": 9,
        "rank_runoff": 4,
        "rank_low_regret": 7,
        "rank_equity": null,
        "priority_exposure": 0.0498,
        "priority_balanced": 0.0465,
        "priority_runoff": 0.8677,
        "priority_low_regret": 0.1922,
        "priority_equity": null,
        "priority_low_regret_raw": 0.4722,
        "normalization": "minmax_within_nanjing_overview"
      },
      "geometry": {
        "type": "Polygon",
        "coordinates": [
          [
            [
              118.9316881,
              32.1330347
            ],
            [
              118.9330305,
              32.1336538
            ],
            [
              118.9345327,
              32.1343838
            ],
            [
              118.9360076,
              32.134664
            ],
            [
              118.9364104,
              32.1347091
            ],
            [
              118.9395321,
              32.1349834
            ],
            [
              118.9400215,
              32.1315645
            ],
            [
              118.9401394,
              32.127418
            ],
            [
              118.937246,
              32.1271203
            ],
            [
              118.936858,
              32.1270803
            ],
            [
              118.9355475,
              32.1269455
            ],
            [
              118.934466,
              32.1285204
            ],
            [
              118.9341498,
              32.1283874
            ],
            [
              118.9331705,
              32.1299029
            ],
            [
              118.9321523,
              32.1314349
            ],
            [
              118.9312399,
              32.132836
            ],
            [
              118.9316881,
              32.1330347
            ]
          ]
        ]
      }
    },
    {
      "type": "Feature",
      "properties": {
        "OBJECTID": 1008,
        "overview_id": "osm_named_area_1389329088",
        "NAME": "Nanjing Sport Institute (Xianlin Campus) (南京体育学院仙林校区)",
        "BARRIO": "Nanjing Sport Institute (Xianlin Campus) (南京体育学院仙林校区)",
        "label": "Nanjing Sport Institute (Xianlin Campus) (南京体育学院仙林校区)",
        "comuna_name": "Xianlin / Qixia · OSM named area",
        "geometry_class": "osm_named_polygon",
        "geometry_provenance": "OpenStreetMap (ODbL) named campus/residential/park polygon clipped to screening AOI",
        "kind": "named_area",
        "area_m2": 512018.1,
        "is_focus_area": true,
        "map_fill": true,
        "population_proxy": 394.7,
        "population_estimate": 394.7,
        "population_label": "WorldPop 2026 population estimate (aggregated from planning cells)",
        "built_up_fraction": 0.6612,
        "drainage_stress_proxy": 0.4258,
        "runoff_pressure_proxy": 0.6128,
        "mean_elevation_m": 26.0,
        "mean_slope_deg": 3.76,
        "priority_exposure_raw": 168.055,
        "priority_balanced_raw": 186.506,
        "priority_runoff_raw": 0.4258,
        "member_cell_ids": [
          48
        ],
        "member_cell_count": 1,
        "member_overlaps": [
          {
            "cell_id": 48,
            "overlap_area_m2": 446251.2
          }
        ],
        "aggregation_method": "population_weighted_mean_for_proxies;sum_for_population;centroid_membership",
        "rank_exposure": 17,
        "rank_balanced": 16,
        "rank_runoff": 12,
        "rank_low_regret": 14,
        "rank_equity": null,
        "priority_exposure": 0.0137,
        "priority_balanced": 0.0138,
        "priority_runoff": 0.6668,
        "priority_low_regret": 0.0614,
        "priority_equity": null,
        "priority_low_regret_raw": 0.2047,
        "normalization": "minmax_within_nanjing_overview"
      },
      "geometry": {
        "type": "Polygon",
        "coordinates": [
          [
            [
              118.9609761,
              32.1192595
            ],
            [
              118.9609851,
              32.1192475
            ],
            [
              118.9609971,
              32.1192355
            ],
            [
              118.961024,
              32.1192244
            ],
            [
              118.9613999,
              32.1192175
            ],
            [
              118.9614198,
              32.1192224
            ],
            [
              118.9614407,
              32.1192454
            ],
            [
              118.9614656,
              32.1194754
            ],
            [
              118.9614746,
              32.1194973
            ],
            [
              118.9614876,
              32.1195063
            ],
            [
              118.9615055,
              32.1195113
            ],
            [
              118.9619811,
              32.1195241
            ],
            [
              118.9619971,
              32.1195181
            ],
            [
              118.962005,
              32.119505
            ],
            [
              118.962021,
              32.11932
            ],
            [
              118.962038,
              32.1192979
            ],
            [
              118.9620519,
              32.1192879
            ],
            [
              118.9620788,
              32.1192758
            ],
            [
              118.9624378,
              32.1191939
            ],
            [
              118.9624637,
              32.1191849
            ],
            [
              118.9625385,
              32.1191107
            ],
            [
              118.9625574,
              32.1190996
            ],
            [
              118.9625843,
              32.1190965
            ],
            [
              118.9626063,
              32.1190995
            ],
            [
              118.9630389,
              32.1194615
            ],
            [
              118.9630848,
              32.1194914
            ],
            [
              118.9633759,
              32.1196427
            ],
            [
              118.9637876,
              32.1197117
            ],
            [
              118.9638086,
              32.1197256
            ],
            [
              118.9638175,
              32.1197396
            ],
            [
              118.9637666,
              32.1204759
            ],
            [
              118.9637666,
              32.1205749
            ],
            [
              118.9637766,
              32.1206099
            ],
            [
              118.9638174,
              32.1206298
            ],
            [
              118.964296,
              32.1206266
            ],
            [
              118.9643628,
              32.1206484
            ],
            [
              118.9644156,
              32.1206833
            ],
            [
              118.9644664,
              32.1207762
            ],
            [
              118.9644884,
              32.1207921
            ],
            [
              118.9645412,
              32.120796
            ],
            [
              118.9650098,
              32.1208018
            ],
            [
              118.9650337,
              32.1208057
            ],
            [
              118.9650526,
              32.1208267
            ],
            [
              118.9650466,
              32.1211057
            ],
            [
              118.9650526,
              32.1211767
            ],
            [
              118.9650845,
              32.1212287
            ],
            [
              118.9651034,
              32.1212396
            ],
            [
              118.9663834,
              32.1212454
            ],
            [
              118.9664024,
              32.1212363
            ],
            [
              118.9664183,
              32.1212233
            ],
            [
              118.9664642,
              32.1208661
            ],
            [
              118.9664832,
              32.120839
            ],
            [
              118.9665101,
              32.1208299
            ],
            [
              118.9675229,
              32.1210153
            ],
            [
              118.9675448,
              32.1210313
            ],
            [
              118.9675528,
              32.1210523
            ],
            [
              118.9675687,
              32.1211673
            ],
            [
              118.9675787,
              32.1212082
            ],
            [
              118.9676006,
              32.1212332
            ],
            [
              118.9676325,
              32.1212561
            ],
            [
              118.9676913,
              32.121267
            ],
            [
              118.9685466,
              32.1214768
            ],
            [
              118.9687848,
              32.1215391
            ],
            [
              118.9689373,
              32.1216207
            ],
            [
              118.9691297,
              32.1217063
            ],
            [
              118.969328,
              32.1218768
            ],
            [
              118.9694506,
              32.1220105
            ],
            [
              118.9694775,
              32.1220284
            ],
            [
              118.9695254,
              32.1220463
            ],
            [
              118.969638,
              32.122044
            ],
            [
              118.9696988,
              32.1220298
            ],
            [
              118.9698085,
              32.1219455
            ],
            [
              118.9698274,
              32.1219164
            ],
            [
              118.9698753,
              32.1217543
            ],
            [
              118.9699023,
              32.120746
            ],
            [
              118.9699183,
              32.1193457
            ],
            [
              118.9699024,
              32.1192867
            ],
            [
              118.9698894,
              32.1192598
            ],
            [
              118.9691648,
              32.1189956
            ],
            [
              118.9677723,
              32.1182201
            ],
            [
              118.966638,
              32.117482
            ],
            [
              118.9614861,
              32.1138442
            ],
            [
              118.9610873,
              32.1136471
            ],
            [
              118.9610155,
              32.1136403
            ],
            [
              118.9609806,
              32.1136494
            ],
            [
              118.9609397,
              32.1136795
            ],
            [
              118.9600732,
              32.1151239
            ],
            [
              118.9600143,
              32.115215
            ],
            [
              118.9595925,
              32.1162072
            ],
            [
              118.9594129,
              32.1167088
            ],
            [
              118.9592573,
              32.1173693
            ],
            [
              118.9591216,
              32.1183828
            ],
            [
              118.9591106,
              32.1189509
            ],
            [
              118.9592142,
              32.1202029
            ],
            [
              118.9592411,
              32.1204229
            ],
            [
              118.9593776,
              32.1209927
            ],
            [
              118.9594713,
              32.1214196
            ],
            [
              118.9594923,
              32.1214565
            ],
            [
              118.9595431,
              32.1214924
            ],
            [
              118.959597,
              32.1215173
            ],
            [
              118.9596478,
              32.1215212
            ],
            [
              118.9597116,
              32.121512
            ],
            [
              118.9599609,
              32.1214324
            ],
            [
              118.9600217,
              32.1213982
            ],
            [
              118.9601723,
              32.1212799
            ],
            [
              118.9602999,
              32.1212135
            ],
            [
              118.9603887,
              32.1211903
            ],
            [
              118.9607287,
              32.1211755
            ],
            [
              118.9608274,
              32.1211873
            ],
            [
              118.9609261,
              32.12125
            ],
            [
              118.961271,
              32.1215863
            ],
            [
              118.9614904,
              32.1218238
            ],
            [
              118.9616209,
              32.1220625
            ],
            [
              118.9617495,
              32.1221912
            ],
            [
              118.9617974,
              32.1222071
            ],
            [
              118.961918,
              32.1222118
            ],
            [
              118.9619988,
              32.1222016
            ],
            [
              118.9620546,
              32.1221724
            ],
            [
              118.9620816,
              32.1221364
            ],
            [
              118.9620925,
              32.1220793
            ],
            [
              118.9621265,
              32.1217972
            ],
            [
              118.9621135,
              32.1216742
            ],
            [
              118.961961,
              32.1213165
            ],
            [
              118.9619341,
              32.1212186
            ],
            [
              118.9619341,
              32.1210415
            ],
            [
              118.961977,
              32.1203803
            ],
            [
              118.9619751,
              32.1202503
            ],
            [
              118.9619691,
              32.1202163
            ],
            [
              118.9619292,
              32.1201734
            ],
            [
              118.9618893,
              32.1201525
            ],
            [
              118.9618036,
              32.1201257
            ],
            [
              118.9617338,
              32.1201218
            ],
            [
              118.9611266,
              32.1201393
            ],
            [
              118.9610817,
              32.1201184
            ],
            [
              118.9610598,
              32.1200955
            ],
            [
              118.961007,
              32.1195805
            ],
            [
              118.9609691,
              32.1192835
            ],
            [
              118.9609761,
              32.1192595
            ]
          ]
        ]
      }
    },
    {
      "type": "Feature",
      "properties": {
        "OBJECTID": 1009,
        "overview_id": "osm_named_area_1354945940",
        "NAME": "江苏生命科技创新园",
        "BARRIO": "江苏生命科技创新园",
        "label": "江苏生命科技创新园",
        "comuna_name": "Xianlin / Qixia · OSM named area",
        "geometry_class": "osm_named_polygon",
        "geometry_provenance": "OpenStreetMap (ODbL) named campus/residential/park polygon clipped to screening AOI",
        "kind": "named_area",
        "area_m2": 449690.0,
        "is_focus_area": false,
        "map_fill": true,
        "population_proxy": 0.0,
        "population_estimate": 0.0,
        "population_label": "WorldPop 2026 population estimate (aggregated from planning cells)",
        "built_up_fraction": 0.0,
        "drainage_stress_proxy": 0.0,
        "runoff_pressure_proxy": 0.0,
        "mean_elevation_m": null,
        "mean_slope_deg": null,
        "priority_exposure_raw": 0.0,
        "priority_balanced_raw": 0.0,
        "priority_runoff_raw": 0.0,
        "member_cell_ids": [],
        "member_cell_count": 0,
        "member_overlaps": [],
        "aggregation_method": "population_weighted_mean_for_proxies;sum_for_population",
        "rank_exposure": 26,
        "rank_balanced": 26,
        "rank_runoff": 26,
        "rank_low_regret": 26,
        "rank_equity": null,
        "priority_exposure": 0.0,
        "priority_balanced": 0.0,
        "priority_runoff": 0.0,
        "priority_low_regret": 0.0178,
        "priority_equity": null,
        "priority_low_regret_raw": 0.1154,
        "normalization": "minmax_within_nanjing_overview"
      },
      "geometry": {
        "type": "Polygon",
        "coordinates": [
          [
            [
              118.9465966,
              32.1309459
            ],
            [
              118.9471471,
              32.1318156
            ],
            [
              118.9477305,
              32.1324418
            ],
            [
              118.9505979,
              32.1349952
            ],
            [
              118.9524301,
              32.1359832
            ],
            [
              118.9535228,
              32.1364076
            ],
            [
              118.9567435,
              32.1370128
            ],
            [
              118.9585264,
              32.1317948
            ],
            [
              118.9567189,
              32.1321357
            ],
            [
              118.9546156,
              32.1321705
            ],
            [
              118.9522904,
              32.1318087
            ],
            [
              118.9505979,
              32.1312729
            ],
            [
              118.9464405,
              32.1291856
            ],
            [
              118.9462762,
              32.1293317
            ],
            [
              118.9465966,
              32.1309459
            ]
          ]
        ]
      }
    },
    {
      "type": "Feature",
      "properties": {
        "OBJECTID": 1010,
        "overview_id": "osm_campus_89910597",
        "NAME": "Nanjing University of Science and Technology Zijin College (南京理工大学紫金学院)",
        "BARRIO": "Nanjing University of Science and Technology Zijin College (南京理工大学紫金学院)",
        "label": "Nanjing University of Science and Technology Zijin College (南京理工大学紫金学院)",
        "comuna_name": "Xianlin / Qixia · OSM named area",
        "geometry_class": "osm_named_polygon",
        "geometry_provenance": "OpenStreetMap (ODbL) named campus/residential/park polygon clipped to screening AOI",
        "kind": "campus",
        "area_m2": 369569.4,
        "is_focus_area": false,
        "map_fill": true,
        "population_proxy": 0.0,
        "population_estimate": 0.0,
        "population_label": "WorldPop 2026 population estimate (aggregated from planning cells)",
        "built_up_fraction": 0.0,
        "drainage_stress_proxy": 0.0,
        "runoff_pressure_proxy": 0.0,
        "mean_elevation_m": null,
        "mean_slope_deg": null,
        "priority_exposure_raw": 0.0,
        "priority_balanced_raw": 0.0,
        "priority_runoff_raw": 0.0,
        "member_cell_ids": [],
        "member_cell_count": 0,
        "member_overlaps": [],
        "aggregation_method": "population_weighted_mean_for_proxies;sum_for_population",
        "rank_exposure": 27,
        "rank_balanced": 27,
        "rank_runoff": 27,
        "rank_low_regret": 27,
        "rank_equity": null,
        "priority_exposure": 0.0,
        "priority_balanced": 0.0,
        "priority_runoff": 0.0,
        "priority_low_regret": 0.0157,
        "priority_equity": null,
        "priority_low_regret_raw": 0.1111,
        "normalization": "minmax_within_nanjing_overview"
      },
      "geometry": {
        "type": "Polygon",
        "coordinates": [
          [
            [
              118.9330171,
              32.1262409
            ],
            [
              118.9326935,
              32.1261419
            ],
            [
              118.928331,
              32.1244889
            ],
            [
              118.927065,
              32.1266159
            ],
            [
              118.9265803,
              32.1274302
            ],
            [
              118.9257421,
              32.1288384
            ],
            [
              118.9257117,
              32.1288895
            ],
            [
              118.9256702,
              32.1289592
            ],
            [
              118.9266573,
              32.1302312
            ],
            [
              118.9277731,
              32.1312488
            ],
            [
              118.9301418,
              32.1322905
            ],
            [
              118.9318534,
              32.1295908
            ],
            [
              118.9329525,
              32.1279178
            ],
            [
              118.9329845,
              32.1277148
            ],
            [
              118.9329258,
              32.1274828
            ],
            [
              118.9329044,
              32.1272807
            ],
            [
              118.933005,
              32.1270235
            ],
            [
              118.9334546,
              32.1263122
            ],
            [
              118.9330171,
              32.1262409
            ]
          ]
        ]
      }
    },
    {
      "type": "Feature",
      "properties": {
        "OBJECTID": 1011,
        "overview_id": "osm_named_area_99137587",
        "NAME": "南大和园",
        "BARRIO": "南大和园",
        "label": "南大和园",
        "comuna_name": "Xianlin / Qixia · OSM named area",
        "geometry_class": "osm_named_polygon",
        "geometry_provenance": "OpenStreetMap (ODbL) named campus/residential/park polygon clipped to screening AOI",
        "kind": "named_area",
        "area_m2": 364691.8,
        "is_focus_area": false,
        "map_fill": true,
        "population_proxy": 1880.2,
        "population_estimate": 1880.2,
        "population_label": "WorldPop 2026 population estimate (aggregated from planning cells)",
        "built_up_fraction": 1.0,
        "drainage_stress_proxy": 0.6386,
        "runoff_pressure_proxy": 0.85,
        "mean_elevation_m": 11.0,
        "mean_slope_deg": 0.55,
        "priority_exposure_raw": 1200.67,
        "priority_balanced_raw": 1300.037,
        "priority_runoff_raw": 0.6386,
        "member_cell_ids": [
          37
        ],
        "member_cell_count": 1,
        "member_overlaps": [
          {
            "cell_id": 37,
            "overlap_area_m2": 348604.6
          }
        ],
        "aggregation_method": "population_weighted_mean_for_proxies;sum_for_population;centroid_membership",
        "rank_exposure": 5,
        "rank_balanced": 5,
        "rank_runoff": 1,
        "rank_low_regret": 2,
        "rank_equity": null,
        "priority_exposure": 0.0978,
        "priority_balanced": 0.0964,
        "priority_runoff": 1.0,
        "priority_low_regret": 0.6457,
        "priority_equity": null,
        "priority_low_regret_raw": 1.4,
        "normalization": "minmax_within_nanjing_overview"
      },
      "geometry": {
        "type": "Polygon",
        "coordinates": [
          [
            [
              118.9536458,
              32.1104083
            ],
            [
              118.9536565,
              32.1103279
            ],
            [
              118.9537872,
              32.1103398
            ],
            [
              118.9538319,
              32.1100786
            ],
            [
              118.9542615,
              32.1101343
            ],
            [
              118.9543117,
              32.1101408
            ],
            [
              118.9558611,
              32.110346
            ],
            [
              118.9558505,
              32.1104005
            ],
            [
              118.9559987,
              32.1104212
            ],
            [
              118.9560478,
              32.1104276
            ],
            [
              118.9560423,
              32.110459
            ],
            [
              118.9560928,
              32.1104654
            ],
            [
              118.9560984,
              32.1104331
            ],
            [
              118.9561502,
              32.1104411
            ],
            [
              118.956296,
              32.1104601
            ],
            [
              118.9563063,
              32.1104032
            ],
            [
              118.9579646,
              32.1106195
            ],
            [
              118.9580878,
              32.110636
            ],
            [
              118.958636,
              32.1107076
            ],
            [
              118.9589995,
              32.1107602
            ],
            [
              118.9589724,
              32.1108579
            ],
            [
              118.9594602,
              32.110954
            ],
            [
              118.959485,
              32.1107503
            ],
            [
              118.959555,
              32.1102856
            ],
            [
              118.9595437,
              32.1098012
            ],
            [
              118.9589767,
              32.109561
            ],
            [
              118.9587295,
              32.1092108
            ],
            [
              118.9585543,
              32.1089765
            ],
            [
              118.9583117,
              32.1087069
            ],
            [
              118.9583268,
              32.1085442
            ],
            [
              118.9585893,
              32.1083008
            ],
            [
              118.9590431,
              32.1079701
            ],
            [
              118.9592447,
              32.1076389
            ],
            [
              118.9595169,
              32.1074439
            ],
            [
              118.9598485,
              32.1069054
            ],
            [
              118.9580471,
              32.1061909
            ],
            [
              118.957855,
              32.106274
            ],
            [
              118.9575342,
              32.1065773
            ],
            [
              118.9571983,
              32.107088
            ],
            [
              118.9570658,
              32.107304
            ],
            [
              118.9570143,
              32.107283
            ],
            [
              118.956753,
              32.1071766
            ],
            [
              118.9565278,
              32.107044
            ],
            [
              118.956407,
              32.1069858
            ],
            [
              118.9561747,
              32.1068053
            ],
            [
              118.9560493,
              32.1066944
            ],
            [
              118.9559496,
              32.1064691
            ],
            [
              118.9558839,
              32.1063137
            ],
            [
              118.9557966,
              32.1061622
            ],
            [
              118.9557177,
              32.1060663
            ],
            [
              118.9555762,
              32.1059761
            ],
            [
              118.9553145,
              32.1059264
            ],
            [
              118.9551603,
              32.105919
            ],
            [
              118.9550184,
              32.1059285
            ],
            [
              118.954796,
              32.1058541
            ],
            [
              118.9546877,
              32.1057615
            ],
            [
              118.9546354,
              32.1056825
            ],
            [
              118.9547094,
              32.1054353
            ],
            [
              118.9547588,
              32.105047
            ],
            [
              118.9548353,
              32.1043526
            ],
            [
              118.9546938,
              32.1043404
            ],
            [
              118.9538795,
              32.1042705
            ],
            [
              118.9529624,
              32.1042041
            ],
            [
              118.952907,
              32.1042193
            ],
            [
              118.9528569,
              32.1042524
            ],
            [
              118.9528187,
              32.1042765
            ],
            [
              118.9527929,
              32.1043171
            ],
            [
              118.9524825,
              32.1053525
            ],
            [
              118.9517946,
              32.1075225
            ],
            [
              118.9517234,
              32.1077332
            ],
            [
              118.9509805,
              32.1100872
            ],
            [
              118.9536458,
              32.1104083
            ]
          ]
        ]
      }
    },
    {
      "type": "Feature",
      "properties": {
        "OBJECTID": 1012,
        "overview_id": "osm_campus_1412731730",
        "NAME": "Yingtian Vocational and Technical College (南京审计大学金审学院)",
        "BARRIO": "Yingtian Vocational and Technical College (南京审计大学金审学院)",
        "label": "Yingtian Vocational and Technical College (南京审计大学金审学院)",
        "comuna_name": "Xianlin / Qixia · OSM named area",
        "geometry_class": "osm_named_polygon",
        "geometry_provenance": "OpenStreetMap (ODbL) named campus/residential/park polygon clipped to screening AOI",
        "kind": "campus",
        "area_m2": 333671.2,
        "is_focus_area": false,
        "map_fill": true,
        "population_proxy": 0.0,
        "population_estimate": 0.0,
        "population_label": "WorldPop 2026 population estimate (aggregated from planning cells)",
        "built_up_fraction": 0.0,
        "drainage_stress_proxy": 0.0,
        "runoff_pressure_proxy": 0.0,
        "mean_elevation_m": null,
        "mean_slope_deg": null,
        "priority_exposure_raw": 0.0,
        "priority_balanced_raw": 0.0,
        "priority_runoff_raw": 0.0,
        "member_cell_ids": [],
        "member_cell_count": 0,
        "member_overlaps": [],
        "aggregation_method": "population_weighted_mean_for_proxies;sum_for_population",
        "rank_exposure": 28,
        "rank_balanced": 28,
        "rank_runoff": 28,
        "rank_low_regret": 28,
        "rank_equity": null,
        "priority_exposure": 0.0,
        "priority_balanced": 0.0,
        "priority_runoff": 0.0,
        "priority_low_regret": 0.0138,
        "priority_equity": null,
        "priority_low_regret_raw": 0.1071,
        "normalization": "minmax_within_nanjing_overview"
      },
      "geometry": {
        "type": "Polygon",
        "coordinates": [
          [
            [
              118.9080867,
              32.0903009
            ],
            [
              118.9080947,
              32.0903399
            ],
            [
              118.9081167,
              32.0903809
            ],
            [
              118.9081457,
              32.0904099
            ],
            [
              118.9132675,
              32.0931924
            ],
            [
              118.9133115,
              32.0932024
            ],
            [
              118.9133434,
              32.0932044
            ],
            [
              118.9133644,
              32.0932024
            ],
            [
              118.9133934,
              32.0931934
            ],
            [
              118.9134204,
              32.0931754
            ],
            [
              118.914127,
              32.0922468
            ],
            [
              118.9148545,
              32.0912542
            ],
            [
              118.9152312,
              32.0907508
            ],
            [
              118.9152272,
              32.0907188
            ],
            [
              118.9152172,
              32.0907068
            ],
            [
              118.9151953,
              32.0906918
            ],
            [
              118.9148875,
              32.090528
            ],
            [
              118.9140142,
              32.0900254
            ],
            [
              118.9139853,
              32.0899714
            ],
            [
              118.9139763,
              32.0899404
            ],
            [
              118.9139763,
              32.0899124
            ],
            [
              118.9139903,
              32.0898904
            ],
            [
              118.9140103,
              32.0898784
            ],
            [
              118.9152723,
              32.0896626
            ],
            [
              118.91525,
              32.0895764
            ],
            [
              118.9149267,
              32.0883285
            ],
            [
              118.9145611,
              32.0869404
            ],
            [
              118.9145491,
              32.0868104
            ],
            [
              118.9145421,
              32.0867984
            ],
            [
              118.9145291,
              32.0867814
            ],
            [
              118.9145102,
              32.0867724
            ],
            [
              118.9135089,
              32.0864829
            ],
            [
              118.9124867,
              32.0862424
            ],
            [
              118.9114953,
              32.0859728
            ],
            [
              118.9113834,
              32.0859688
            ],
            [
              118.9113464,
              32.0859738
            ],
            [
              118.9112885,
              32.0859989
            ],
            [
              118.9112655,
              32.0860129
            ],
            [
              118.9107647,
              32.0866412
            ],
            [
              118.9080977,
              32.0902559
            ],
            [
              118.9080867,
              32.0903009
            ]
          ]
        ]
      }
    },
    {
      "type": "Feature",
      "properties": {
        "OBJECTID": 1013,
        "overview_id": "osm_park_878591058",
        "NAME": "九乡河生态公园",
        "BARRIO": "九乡河生态公园",
        "label": "九乡河生态公园",
        "comuna_name": "Xianlin / Qixia · OSM named area",
        "geometry_class": "osm_named_polygon",
        "geometry_provenance": "OpenStreetMap (ODbL) named campus/residential/park polygon clipped to screening AOI",
        "kind": "park",
        "area_m2": 318431.4,
        "is_focus_area": false,
        "map_fill": true,
        "population_proxy": 0.0,
        "population_estimate": 0.0,
        "population_label": "WorldPop 2026 population estimate (aggregated from planning cells)",
        "built_up_fraction": 0.0,
        "drainage_stress_proxy": 0.0,
        "runoff_pressure_proxy": 0.0,
        "mean_elevation_m": null,
        "mean_slope_deg": null,
        "priority_exposure_raw": 0.0,
        "priority_balanced_raw": 0.0,
        "priority_runoff_raw": 0.0,
        "member_cell_ids": [],
        "member_cell_count": 0,
        "member_overlaps": [],
        "aggregation_method": "population_weighted_mean_for_proxies;sum_for_population",
        "rank_exposure": 29,
        "rank_balanced": 29,
        "rank_runoff": 29,
        "rank_low_regret": 29,
        "rank_equity": null,
        "priority_exposure": 0.0,
        "priority_balanced": 0.0,
        "priority_runoff": 0.0,
        "priority_low_regret": 0.012,
        "priority_equity": null,
        "priority_low_regret_raw": 0.1034,
        "normalization": "minmax_within_nanjing_overview"
      },
      "geometry": {
        "type": "Polygon",
        "coordinates": [
          [
            [
              118.9430326,
              32.1189019
            ],
            [
              118.9461013,
              32.1193455
            ],
            [
              118.9474677,
              32.1163616
            ],
            [
              118.9482889,
              32.1146606
            ],
            [
              118.9499714,
              32.1112425
            ],
            [
              118.9495044,
              32.1111594
            ],
            [
              118.9494156,
              32.1110091
            ],
            [
              118.9494483,
              32.1108746
            ],
            [
              118.9460953,
              32.1104237
            ],
            [
              118.9460766,
              32.1108193
            ],
            [
              118.9462681,
              32.1110368
            ],
            [
              118.9464268,
              32.11129
            ],
            [
              118.9463942,
              32.1120218
            ],
            [
              118.9461513,
              32.1123639
            ],
            [
              118.9453154,
              32.1135011
            ],
            [
              118.9452547,
              32.1138017
            ],
            [
              118.9450048,
              32.114314
            ],
            [
              118.9447316,
              32.1145849
            ],
            [
              118.9423794,
              32.1187767
            ],
            [
              118.9430326,
              32.1189019
            ]
          ]
        ]
      }
    },
    {
      "type": "Feature",
      "properties": {
        "OBJECTID": 1014,
        "overview_id": "osm_named_area_155435182",
        "NAME": "Nanjing Police University (Xianlin Campus) (南京警察学院(仙林校区))",
        "BARRIO": "Nanjing Police University (Xianlin Campus) (南京警察学院(仙林校区))",
        "label": "Nanjing Police University (Xianlin Campus) (南京警察学院(仙林校区))",
        "comuna_name": "Xianlin / Qixia · OSM named area",
        "geometry_class": "osm_named_polygon",
        "geometry_provenance": "OpenStreetMap (ODbL) named campus/residential/park polygon clipped to screening AOI",
        "kind": "named_area",
        "area_m2": 262754.1,
        "is_focus_area": true,
        "map_fill": true,
        "population_proxy": 1352.4,
        "population_estimate": 1352.4,
        "population_label": "WorldPop 2026 population estimate (aggregated from planning cells)",
        "built_up_fraction": 0.8512,
        "drainage_stress_proxy": 0.4881,
        "runoff_pressure_proxy": 0.7492,
        "mean_elevation_m": 25.75,
        "mean_slope_deg": 3.56,
        "priority_exposure_raw": 660.121,
        "priority_balanced_raw": 748.401,
        "priority_runoff_raw": 0.4881,
        "member_cell_ids": [
          33
        ],
        "member_cell_count": 1,
        "member_overlaps": [
          {
            "cell_id": 33,
            "overlap_area_m2": 262754.1
          }
        ],
        "aggregation_method": "population_weighted_mean_for_proxies;sum_for_population;centroid_membership",
        "rank_exposure": 8,
        "rank_balanced": 8,
        "rank_runoff": 6,
        "rank_low_regret": 9,
        "rank_equity": null,
        "priority_exposure": 0.0538,
        "priority_balanced": 0.0555,
        "priority_runoff": 0.7643,
        "priority_low_regret": 0.1651,
        "priority_equity": null,
        "priority_low_regret_raw": 0.4167,
        "normalization": "minmax_within_nanjing_overview"
      },
      "geometry": {
        "type": "Polygon",
        "coordinates": [
          [
            [
              118.9109223,
              32.1121389
            ],
            [
              118.9144948,
              32.1127123
            ],
            [
              118.9157764,
              32.1134012
            ],
            [
              118.9157554,
              32.1087567
            ],
            [
              118.9157407,
              32.1087238
            ],
            [
              118.9157273,
              32.1086874
            ],
            [
              118.9156879,
              32.1086449
            ],
            [
              118.9112224,
              32.1072376
            ],
            [
              118.9105445,
              32.1072053
            ],
            [
              118.9103299,
              32.1109857
            ],
            [
              118.9104801,
              32.1118218
            ],
            [
              118.9106947,
              32.1120944
            ],
            [
              118.9109223,
              32.1121389
            ]
          ]
        ]
      }
    },
    {
      "type": "Feature",
      "properties": {
        "OBJECTID": 1015,
        "overview_id": "osm_park_884301635",
        "NAME": "九乡河生态公园",
        "BARRIO": "九乡河生态公园",
        "label": "九乡河生态公园",
        "comuna_name": "Xianlin / Qixia · OSM named area",
        "geometry_class": "osm_named_polygon",
        "geometry_provenance": "OpenStreetMap (ODbL) named campus/residential/park polygon clipped to screening AOI",
        "kind": "park",
        "area_m2": 260542.6,
        "is_focus_area": false,
        "map_fill": true,
        "population_proxy": 0.0,
        "population_estimate": 0.0,
        "population_label": "WorldPop 2026 population estimate (aggregated from planning cells)",
        "built_up_fraction": 0.0,
        "drainage_stress_proxy": 0.0,
        "runoff_pressure_proxy": 0.0,
        "mean_elevation_m": null,
        "mean_slope_deg": null,
        "priority_exposure_raw": 0.0,
        "priority_balanced_raw": 0.0,
        "priority_runoff_raw": 0.0,
        "member_cell_ids": [],
        "member_cell_count": 0,
        "member_overlaps": [],
        "aggregation_method": "population_weighted_mean_for_proxies;sum_for_population",
        "rank_exposure": 30,
        "rank_balanced": 30,
        "rank_runoff": 30,
        "rank_low_regret": 30,
        "rank_equity": null,
        "priority_exposure": 0.0,
        "priority_balanced": 0.0,
        "priority_runoff": 0.0,
        "priority_low_regret": 0.0103,
        "priority_equity": null,
        "priority_low_regret_raw": 0.1,
        "normalization": "minmax_within_nanjing_overview"
      },
      "geometry": {
        "type": "Polygon",
        "coordinates": [
          [
            [
              118.9509478,
              32.108736
            ],
            [
              118.9513757,
              32.1073812
            ],
            [
              118.9513952,
              32.1073195
            ],
            [
              118.9515881,
              32.1067658
            ],
            [
              118.9524378,
              32.1041339
            ],
            [
              118.9524669,
              32.103947
            ],
            [
              118.9524026,
              32.1034885
            ],
            [
              118.9522365,
              32.1027123
            ],
            [
              118.9521561,
              32.1021903
            ],
            [
              118.9520758,
              32.1017228
            ],
            [
              118.9520275,
              32.1013188
            ],
            [
              118.9520972,
              32.1008376
            ],
            [
              118.9511541,
              32.100715
            ],
            [
              118.9508594,
              32.1010555
            ],
            [
              118.950211,
              32.1015412
            ],
            [
              118.9500234,
              32.1018998
            ],
            [
              118.9499163,
              32.1028621
            ],
            [
              118.949568,
              32.1038381
            ],
            [
              118.9488178,
              32.1049184
            ],
            [
              118.9483872,
              32.1054294
            ],
            [
              118.9481848,
              32.1059309
            ],
            [
              118.9486507,
              32.1062362
            ],
            [
              118.9488357,
              32.1066973
            ],
            [
              118.9485265,
              32.1075355
            ],
            [
              118.9482173,
              32.1079153
            ],
            [
              118.947939,
              32.1081379
            ],
            [
              118.9476143,
              32.1085046
            ],
            [
              118.9474288,
              32.1088058
            ],
            [
              118.9475176,
              32.1091667
            ],
            [
              118.9504812,
              32.1099998
            ],
            [
              118.9509478,
              32.108736
            ]
          ]
        ]
      }
    },
    {
      "type": "Feature",
      "properties": {
        "OBJECTID": 1016,
        "overview_id": "osm_campus_1075828868",
        "NAME": "陆军工程大学玄武大道校区",
        "BARRIO": "陆军工程大学玄武大道校区",
        "label": "陆军工程大学玄武大道校区",
        "comuna_name": "Xianlin / Qixia · OSM named area",
        "geometry_class": "osm_named_polygon",
        "geometry_provenance": "OpenStreetMap (ODbL) named campus/residential/park polygon clipped to screening AOI",
        "kind": "campus",
        "area_m2": 247731.3,
        "is_focus_area": false,
        "map_fill": true,
        "population_proxy": 717.1,
        "population_estimate": 717.1,
        "population_label": "WorldPop 2026 population estimate (aggregated from planning cells)",
        "built_up_fraction": 0.1074,
        "drainage_stress_proxy": 0.2967,
        "runoff_pressure_proxy": 0.3607,
        "mean_elevation_m": 26.0,
        "mean_slope_deg": 0.93,
        "priority_exposure_raw": 212.778,
        "priority_balanced_raw": 224.253,
        "priority_runoff_raw": 0.2967,
        "member_cell_ids": [
          31
        ],
        "member_cell_count": 1,
        "member_overlaps": [
          {
            "cell_id": 31,
            "overlap_area_m2": 247731.3
          }
        ],
        "aggregation_method": "population_weighted_mean_for_proxies;sum_for_population;centroid_membership",
        "rank_exposure": 14,
        "rank_balanced": 15,
        "rank_runoff": 19,
        "rank_low_regret": 16,
        "rank_equity": null,
        "priority_exposure": 0.0173,
        "priority_balanced": 0.0166,
        "priority_runoff": 0.4646,
        "priority_low_regret": 0.0546,
        "priority_equity": null,
        "priority_low_regret_raw": 0.1907,
        "normalization": "minmax_within_nanjing_overview"
      },
      "geometry": {
        "type": "Polygon",
        "coordinates": [
          [
            [
              118.8917359,
              32.1082514
            ],
            [
              118.8916897,
              32.1083615
            ],
            [
              118.8917746,
              32.1085138
            ],
            [
              118.8920081,
              32.1088607
            ],
            [
              118.8927475,
              32.1098297
            ],
            [
              118.892907,
              32.1098539
            ],
            [
              118.893151,
              32.1101838
            ],
            [
              118.893123,
              32.1102794
            ],
            [
              118.8953166,
              32.1128274
            ],
            [
              118.8958848,
              32.1126172
            ],
            [
              118.8966978,
              32.1122039
            ],
            [
              118.8977511,
              32.1116313
            ],
            [
              118.8987782,
              32.1109563
            ],
            [
              118.8981662,
              32.1099112
            ],
            [
              118.897287,
              32.1084302
            ],
            [
              118.8970273,
              32.1079669
            ],
            [
              118.8963679,
              32.1075797
            ],
            [
              118.8960382,
              32.1074126
            ],
            [
              118.8955486,
              32.1072264
            ],
            [
              118.8949617,
              32.1071481
            ],
            [
              118.8946869,
              32.1071418
            ],
            [
              118.8944421,
              32.1071418
            ],
            [
              118.8941574,
              32.107165
            ],
            [
              118.8937228,
              32.1072433
            ],
            [
              118.893498,
              32.1073205
            ],
            [
              118.8917359,
              32.1082514
            ]
          ]
        ]
      }
    },
    {
      "type": "Feature",
      "properties": {
        "OBJECTID": 1017,
        "overview_id": "osm_named_area_1412172564",
        "NAME": "依云溪谷",
        "BARRIO": "依云溪谷",
        "label": "依云溪谷",
        "comuna_name": "Xianlin / Qixia · OSM named area",
        "geometry_class": "osm_named_polygon",
        "geometry_provenance": "OpenStreetMap (ODbL) named campus/residential/park polygon clipped to screening AOI",
        "kind": "named_area",
        "area_m2": 239545.3,
        "is_focus_area": false,
        "map_fill": true,
        "population_proxy": 0.0,
        "population_estimate": 0.0,
        "population_label": "WorldPop 2026 population estimate (aggregated from planning cells)",
        "built_up_fraction": 0.0,
        "drainage_stress_proxy": 0.0,
        "runoff_pressure_proxy": 0.0,
        "mean_elevation_m": null,
        "mean_slope_deg": null,
        "priority_exposure_raw": 0.0,
        "priority_balanced_raw": 0.0,
        "priority_runoff_raw": 0.0,
        "member_cell_ids": [],
        "member_cell_count": 0,
        "member_overlaps": [],
        "aggregation_method": "population_weighted_mean_for_proxies;sum_for_population",
        "rank_exposure": 31,
        "rank_balanced": 31,
        "rank_runoff": 31,
        "rank_low_regret": 31,
        "rank_equity": null,
        "priority_exposure": 0.0,
        "priority_balanced": 0.0,
        "priority_runoff": 0.0,
        "priority_low_regret": 0.0087,
        "priority_equity": null,
        "priority_low_regret_raw": 0.0968,
        "normalization": "minmax_within_nanjing_overview"
      },
      "geometry": {
        "type": "Polygon",
        "coordinates": [
          [
            [
              118.9193813,
              32.0922282
            ],
            [
              118.9199837,
              32.0914146
            ],
            [
              118.9193364,
              32.091125
            ],
            [
              118.9195812,
              32.0906628
            ],
            [
              118.9195193,
              32.0905738
            ],
            [
              118.9191726,
              32.090458
            ],
            [
              118.9191926,
              32.090403
            ],
            [
              118.918851,
              32.0903363
            ],
            [
              118.9186492,
              32.0902784
            ],
            [
              118.9185303,
              32.0902115
            ],
            [
              118.9183565,
              32.0901726
            ],
            [
              118.9182696,
              32.0901587
            ],
            [
              118.9184414,
              32.0896064
            ],
            [
              118.9184315,
              32.0895374
            ],
            [
              118.9183855,
              32.0895324
            ],
            [
              118.9183965,
              32.0893674
            ],
            [
              118.9185973,
              32.0889792
            ],
            [
              118.9185434,
              32.0889012
            ],
            [
              118.9187123,
              32.088718
            ],
            [
              118.9189311,
              32.0884118
            ],
            [
              118.919065,
              32.0880276
            ],
            [
              118.9178562,
              32.0876844
            ],
            [
              118.9163764,
              32.0896449
            ],
            [
              118.9147805,
              32.0918153
            ],
            [
              118.9136562,
              32.0933293
            ],
            [
              118.9171092,
              32.0951945
            ],
            [
              118.9193813,
              32.0922282
            ]
          ]
        ]
      }
    },
    {
      "type": "Feature",
      "properties": {
        "OBJECTID": 1018,
        "overview_id": "osm_named_area_1424962967",
        "NAME": "亚东城",
        "BARRIO": "亚东城",
        "label": "亚东城",
        "comuna_name": "Xianlin / Qixia · OSM named area",
        "geometry_class": "osm_named_polygon",
        "geometry_provenance": "OpenStreetMap (ODbL) named campus/residential/park polygon clipped to screening AOI",
        "kind": "named_area",
        "area_m2": 235854.2,
        "is_focus_area": false,
        "map_fill": true,
        "population_proxy": 0.0,
        "population_estimate": 0.0,
        "population_label": "WorldPop 2026 population estimate (aggregated from planning cells)",
        "built_up_fraction": 0.0,
        "drainage_stress_proxy": 0.0,
        "runoff_pressure_proxy": 0.0,
        "mean_elevation_m": null,
        "mean_slope_deg": null,
        "priority_exposure_raw": 0.0,
        "priority_balanced_raw": 0.0,
        "priority_runoff_raw": 0.0,
        "member_cell_ids": [],
        "member_cell_count": 0,
        "member_overlaps": [],
        "aggregation_method": "population_weighted_mean_for_proxies;sum_for_population",
        "rank_exposure": 32,
        "rank_balanced": 32,
        "rank_runoff": 32,
        "rank_low_regret": 32,
        "rank_equity": null,
        "priority_exposure": 0.0,
        "priority_balanced": 0.0,
        "priority_runoff": 0.0,
        "priority_low_regret": 0.0072,
        "priority_equity": null,
        "priority_low_regret_raw": 0.0938,
        "normalization": "minmax_within_nanjing_overview"
      },
      "geometry": {
        "type": "Polygon",
        "coordinates": [
          [
            [
              118.902762,
              32.0939876
            ],
            [
              118.9046746,
              32.0935703
            ],
            [
              118.9046536,
              32.0934893
            ],
            [
              118.9049796,
              32.0934362
            ],
            [
              118.9056115,
              32.092585
            ],
            [
              118.906752,
              32.0932099
            ],
            [
              118.906775,
              32.0932799
            ],
            [
              118.9067784,
              32.0936047
            ],
            [
              118.906684,
              32.093761
            ],
            [
              118.906715,
              32.09387
            ],
            [
              118.9068019,
              32.093951
            ],
            [
              118.9068889,
              32.093985
            ],
            [
              118.9071305,
              32.0944863
            ],
            [
              118.9074116,
              32.094804
            ],
            [
              118.9078364,
              32.095125
            ],
            [
              118.9091328,
              32.0958017
            ],
            [
              118.9092437,
              32.0956127
            ],
            [
              118.9095196,
              32.0955726
            ],
            [
              118.9100943,
              32.0955283
            ],
            [
              118.9106979,
              32.0955261
            ],
            [
              118.9109308,
              32.095396
            ],
            [
              118.9112047,
              32.0950518
            ],
            [
              118.9113466,
              32.0947877
            ],
            [
              118.9110328,
              32.0946108
            ],
            [
              118.9110039,
              32.0945788
            ],
            [
              118.9109919,
              32.0945498
            ],
            [
              118.9109939,
              32.0945188
            ],
            [
              118.9114936,
              32.0938414
            ],
            [
              118.9115106,
              32.0937974
            ],
            [
              118.9115056,
              32.0937634
            ],
            [
              118.9105582,
              32.0932577
            ],
            [
              118.9089761,
              32.0924281
            ],
            [
              118.9084304,
              32.0921192
            ],
            [
              118.907245,
              32.0914834
            ],
            [
              118.9067752,
              32.0912044
            ],
            [
              118.9052737,
              32.0904366
            ],
            [
              118.9034331,
              32.0919291
            ],
            [
              118.9020842,
              32.0930014
            ],
            [
              118.9017462,
              32.0932834
            ],
            [
              118.9018511,
              32.0938756
            ],
            [
              118.902762,
              32.0939876
            ]
          ]
        ]
      }
    },
    {
      "type": "Feature",
      "properties": {
        "OBJECTID": 1019,
        "overview_id": "osm_campus_89911895",
        "NAME": "Nanjing Technician College (南京技师学院)",
        "BARRIO": "Nanjing Technician College (南京技师学院)",
        "label": "Nanjing Technician College (南京技师学院)",
        "comuna_name": "Xianlin / Qixia · OSM named area",
        "geometry_class": "osm_named_polygon",
        "geometry_provenance": "OpenStreetMap (ODbL) named campus/residential/park polygon clipped to screening AOI",
        "kind": "campus",
        "area_m2": 228717.9,
        "is_focus_area": false,
        "map_fill": true,
        "population_proxy": 0.0,
        "population_estimate": 0.0,
        "population_label": "WorldPop 2026 population estimate (aggregated from planning cells)",
        "built_up_fraction": 0.0,
        "drainage_stress_proxy": 0.0,
        "runoff_pressure_proxy": 0.0,
        "mean_elevation_m": null,
        "mean_slope_deg": null,
        "priority_exposure_raw": 0.0,
        "priority_balanced_raw": 0.0,
        "priority_runoff_raw": 0.0,
        "member_cell_ids": [],
        "member_cell_count": 0,
        "member_overlaps": [],
        "aggregation_method": "population_weighted_mean_for_proxies;sum_for_population",
        "rank_exposure": 33,
        "rank_balanced": 33,
        "rank_runoff": 33,
        "rank_low_regret": 33,
        "rank_equity": null,
        "priority_exposure": 0.0,
        "priority_balanced": 0.0,
        "priority_runoff": 0.0,
        "priority_low_regret": 0.0058,
        "priority_equity": null,
        "priority_low_regret_raw": 0.0909,
        "normalization": "minmax_within_nanjing_overview"
      },
      "geometry": {
        "type": "Polygon",
        "coordinates": [
          [
            [
              118.909578,
              32.1237802
            ],
            [
              118.9147708,
              32.1260517
            ],
            [
              118.9150498,
              32.1256519
            ],
            [
              118.9161284,
              32.1238874
            ],
            [
              118.9180282,
              32.1207794
            ],
            [
              118.9161792,
              32.1200434
            ],
            [
              118.9155694,
              32.1211408
            ],
            [
              118.9147923,
              32.1225263
            ],
            [
              118.9134313,
              32.1221193
            ],
            [
              118.9129912,
              32.1220344
            ],
            [
              118.9126639,
              32.1225138
            ],
            [
              118.9114103,
              32.1225805
            ],
            [
              118.9110587,
              32.1224172
            ],
            [
              118.910608,
              32.1216903
            ],
            [
              118.9097645,
              32.1229431
            ],
            [
              118.909578,
              32.1237802
            ]
          ]
        ]
      }
    },
    {
      "type": "Feature",
      "properties": {
        "OBJECTID": 1020,
        "overview_id": "osm_named_area_1415341414",
        "NAME": "保利·紫晶山",
        "BARRIO": "保利·紫晶山",
        "label": "保利·紫晶山",
        "comuna_name": "Xianlin / Qixia · OSM named area",
        "geometry_class": "osm_named_polygon",
        "geometry_provenance": "OpenStreetMap (ODbL) named campus/residential/park polygon clipped to screening AOI",
        "kind": "named_area",
        "area_m2": 223633.2,
        "is_focus_area": false,
        "map_fill": true,
        "population_proxy": 0.0,
        "population_estimate": 0.0,
        "population_label": "WorldPop 2026 population estimate (aggregated from planning cells)",
        "built_up_fraction": 0.0,
        "drainage_stress_proxy": 0.0,
        "runoff_pressure_proxy": 0.0,
        "mean_elevation_m": null,
        "mean_slope_deg": null,
        "priority_exposure_raw": 0.0,
        "priority_balanced_raw": 0.0,
        "priority_runoff_raw": 0.0,
        "member_cell_ids": [],
        "member_cell_count": 0,
        "member_overlaps": [],
        "aggregation_method": "population_weighted_mean_for_proxies;sum_for_population",
        "rank_exposure": 34,
        "rank_balanced": 34,
        "rank_runoff": 34,
        "rank_low_regret": 34,
        "rank_equity": null,
        "priority_exposure": 0.0,
        "priority_balanced": 0.0,
        "priority_runoff": 0.0,
        "priority_low_regret": 0.0045,
        "priority_equity": null,
        "priority_low_regret_raw": 0.0882,
        "normalization": "minmax_within_nanjing_overview"
      },
      "geometry": {
        "type": "Polygon",
        "coordinates": [
          [
            [
              118.899329,
              32.0859218
            ],
            [
              118.8993149,
              32.0859918
            ],
            [
              118.8993219,
              32.0860408
            ],
            [
              118.8993529,
              32.0861048
            ],
            [
              118.8993799,
              32.0861318
            ],
            [
              118.8995229,
              32.0862039
            ],
            [
              118.8995509,
              32.0862159
            ],
            [
              118.8995969,
              32.0862249
            ],
            [
              118.8996209,
              32.0862279
            ],
            [
              118.9000959,
              32.0862259
            ],
            [
              118.9001699,
              32.0862319
            ],
            [
              118.9001979,
              32.0862409
            ],
            [
              118.9009509,
              32.086624
            ],
            [
              118.9028315,
              32.0876642
            ],
            [
              118.9028465,
              32.0876692
            ],
            [
              118.9028735,
              32.0876692
            ],
            [
              118.9028845,
              32.0876662
            ],
            [
              118.9037984,
              32.087013
            ],
            [
              118.9045443,
              32.0865468
            ],
            [
              118.9051762,
              32.0861897
            ],
            [
              118.905693,
              32.0859145
            ],
            [
              118.9065428,
              32.0854403
            ],
            [
              118.9075445,
              32.0848489
            ],
            [
              118.9075595,
              32.0848319
            ],
            [
              118.9075635,
              32.0848159
            ],
            [
              118.9075525,
              32.0848009
            ],
            [
              118.9018401,
              32.0826442
            ],
            [
              118.9018151,
              32.0826362
            ],
            [
              118.9017341,
              32.0826352
            ],
            [
              118.9016892,
              32.0826472
            ],
            [
              118.9016702,
              32.0826582
            ],
            [
              118.899506,
              32.0856397
            ],
            [
              118.899329,
              32.0859218
            ]
          ]
        ]
      }
    },
    {
      "type": "Feature",
      "properties": {
        "OBJECTID": 1021,
        "overview_id": "osm_named_area_1367626701",
        "NAME": "苏宁易购总部",
        "BARRIO": "苏宁易购总部",
        "label": "苏宁易购总部",
        "comuna_name": "Xianlin / Qixia · OSM named area",
        "geometry_class": "osm_named_polygon",
        "geometry_provenance": "OpenStreetMap (ODbL) named campus/residential/park polygon clipped to screening AOI",
        "kind": "named_area",
        "area_m2": 207882.3,
        "is_focus_area": false,
        "map_fill": true,
        "population_proxy": 0.0,
        "population_estimate": 0.0,
        "population_label": "WorldPop 2026 population estimate (aggregated from planning cells)",
        "built_up_fraction": 0.0,
        "drainage_stress_proxy": 0.0,
        "runoff_pressure_proxy": 0.0,
        "mean_elevation_m": null,
        "mean_slope_deg": null,
        "priority_exposure_raw": 0.0,
        "priority_balanced_raw": 0.0,
        "priority_runoff_raw": 0.0,
        "member_cell_ids": [],
        "member_cell_count": 0,
        "member_overlaps": [],
        "aggregation_method": "population_weighted_mean_for_proxies;sum_for_population",
        "rank_exposure": 35,
        "rank_balanced": 35,
        "rank_runoff": 35,
        "rank_low_regret": 35,
        "rank_equity": null,
        "priority_exposure": 0.0,
        "priority_balanced": 0.0,
        "priority_runoff": 0.0,
        "priority_low_regret": 0.0033,
        "priority_equity": null,
        "priority_low_regret_raw": 0.0857,
        "normalization": "minmax_within_nanjing_overview"
      },
      "geometry": {
        "type": "Polygon",
        "coordinates": [
          [
            [
              118.8877888,
              32.0925252
            ],
            [
              118.8882551,
              32.0925884
            ],
            [
              118.8889655,
              32.0928869
            ],
            [
              118.8889865,
              32.0928869
            ],
            [
              118.8890025,
              32.0928819
            ],
            [
              118.8896559,
              32.091801
            ],
            [
              118.8902303,
              32.0908411
            ],
            [
              118.8902453,
              32.0907981
            ],
            [
              118.8902553,
              32.0907431
            ],
            [
              118.8902573,
              32.0906731
            ],
            [
              118.8902643,
              32.0906161
            ],
            [
              118.8902523,
              32.090431
            ],
            [
              118.8902403,
              32.090389
            ],
            [
              118.8901833,
              32.090254
            ],
            [
              118.8901333,
              32.0901639
            ],
            [
              118.8900312,
              32.0900489
            ],
            [
              118.8899822,
              32.0900078
            ],
            [
              118.8898922,
              32.0899448
            ],
            [
              118.8898582,
              32.0899167
            ],
            [
              118.8898322,
              32.0899137
            ],
            [
              118.8898122,
              32.0899237
            ],
            [
              118.8898001,
              32.0899477
            ],
            [
              118.8897881,
              32.0899547
            ],
            [
              118.8897661,
              32.0899557
            ],
            [
              118.889478,
              32.0898225
            ],
            [
              118.8887276,
              32.0894991
            ],
            [
              118.8887146,
              32.0894861
            ],
            [
              118.8887116,
              32.08947
            ],
            [
              118.8888687,
              32.0891291
            ],
            [
              118.8890228,
              32.0888441
            ],
            [
              118.8890459,
              32.0887621
            ],
            [
              118.8890539,
              32.0886731
            ],
            [
              118.8890579,
              32.088587
            ],
            [
              118.8890529,
              32.08839
            ],
            [
              118.8890339,
              32.088297
            ],
            [
              118.8889659,
              32.0880979
            ],
            [
              118.8886128,
              32.0871455
            ],
            [
              118.8883047,
              32.0863002
            ],
            [
              118.8882857,
              32.0862851
            ],
            [
              118.8882537,
              32.0862821
            ],
            [
              118.8881956,
              32.0862841
            ],
            [
              118.887102,
              32.0865995
            ],
            [
              118.8859132,
              32.0868998
            ],
            [
              118.8855709,
              32.0869816
            ],
            [
              118.8855519,
              32.0870026
            ],
            [
              118.8855489,
              32.0870206
            ],
            [
              118.8855709,
              32.0870956
            ],
            [
              118.8855599,
              32.0871286
            ],
            [
              118.8855479,
              32.0871406
            ],
            [
              118.8852487,
              32.0872144
            ],
            [
              118.8852377,
              32.0872224
            ],
            [
              118.8852287,
              32.0872484
            ],
            [
              118.8855638,
              32.0882219
            ],
            [
              118.886074,
              32.0896475
            ],
            [
              118.886083,
              32.0896615
            ],
            [
              118.886098,
              32.0896685
            ],
            [
              118.886122,
              32.0896695
            ],
            [
              118.8864673,
              32.0895707
            ],
            [
              118.8864853,
              32.0895708
            ],
            [
              118.8865033,
              32.0895778
            ],
            [
              118.8865183,
              32.0895918
            ],
            [
              118.8865563,
              32.0897288
            ],
            [
              118.8865553,
              32.0897448
            ],
            [
              118.8865263,
              32.0897788
            ],
            [
              118.8865163,
              32.0898098
            ],
            [
              118.8865653,
              32.0899959
            ],
            [
              118.8865743,
              32.0901199
            ],
            [
              118.8865663,
              32.0901979
            ],
            [
              118.8865012,
              32.0903719
            ],
            [
              118.8862991,
              32.0906719
            ],
            [
              118.886164,
              32.0908318
            ],
            [
              118.8861109,
              32.0909188
            ],
            [
              118.8860899,
              32.0909768
            ],
            [
              118.8860679,
              32.0910568
            ],
            [
              118.8860479,
              32.0912038
            ],
            [
              118.8860589,
              32.0913479
            ],
            [
              118.8860859,
              32.0914609
            ],
            [
              118.8861489,
              32.091616
            ],
            [
              118.8862609,
              32.0918491
            ],
            [
              118.88644,
              32.0921793
            ],
            [
              118.8864961,
              32.0922263
            ],
            [
              118.8865221,
              32.0922423
            ],
            [
              118.8866912,
              32.0922965
            ],
            [
              118.8870894,
              32.0924057
            ],
            [
              118.8877888,
              32.0925252
            ]
          ]
        ]
      }
    },
    {
      "type": "Feature",
      "properties": {
        "OBJECTID": 1022,
        "overview_id": "osm_named_area_1371638179",
        "NAME": "诚品城",
        "BARRIO": "诚品城",
        "label": "诚品城",
        "comuna_name": "Xianlin / Qixia · OSM named area",
        "geometry_class": "osm_named_polygon",
        "geometry_provenance": "OpenStreetMap (ODbL) named campus/residential/park polygon clipped to screening AOI",
        "kind": "named_area",
        "area_m2": 204217.6,
        "is_focus_area": false,
        "map_fill": true,
        "population_proxy": 0.0,
        "population_estimate": 0.0,
        "population_label": "WorldPop 2026 population estimate (aggregated from planning cells)",
        "built_up_fraction": 0.0,
        "drainage_stress_proxy": 0.0,
        "runoff_pressure_proxy": 0.0,
        "mean_elevation_m": null,
        "mean_slope_deg": null,
        "priority_exposure_raw": 0.0,
        "priority_balanced_raw": 0.0,
        "priority_runoff_raw": 0.0,
        "member_cell_ids": [],
        "member_cell_count": 0,
        "member_overlaps": [],
        "aggregation_method": "population_weighted_mean_for_proxies;sum_for_population",
        "rank_exposure": 36,
        "rank_balanced": 36,
        "rank_runoff": 36,
        "rank_low_regret": 36,
        "rank_equity": null,
        "priority_exposure": 0.0,
        "priority_balanced": 0.0,
        "priority_runoff": 0.0,
        "priority_low_regret": 0.0021,
        "priority_equity": null,
        "priority_low_regret_raw": 0.0833,
        "normalization": "minmax_within_nanjing_overview"
      },
      "geometry": {
        "type": "Polygon",
        "coordinates": [
          [
            [
              118.9188936,
              32.1270896
            ],
            [
              118.9189146,
              32.1271226
            ],
            [
              118.9189285,
              32.1271306
            ],
            [
              118.9213239,
              32.1282598
            ],
            [
              118.9221229,
              32.1285792
            ],
            [
              118.9221838,
              32.1285991
            ],
            [
              118.9223227,
              32.12863
            ],
            [
              118.9224545,
              32.1286529
            ],
            [
              118.9225344,
              32.1286618
            ],
            [
              118.9227631,
              32.1286776
            ],
            [
              118.9229889,
              32.1286884
            ],
            [
              118.9235681,
              32.1286838
            ],
            [
              118.9241904,
              32.1286962
            ],
            [
              118.9247806,
              32.1287746
            ],
            [
              118.9248185,
              32.1287736
            ],
            [
              118.9248655,
              32.1287645
            ],
            [
              118.9249174,
              32.1287435
            ],
            [
              118.9249404,
              32.1287284
            ],
            [
              118.9253249,
              32.1281219
            ],
            [
              118.9258702,
              32.1272062
            ],
            [
              118.9263577,
              32.1263315
            ],
            [
              118.9263577,
              32.1262905
            ],
            [
              118.9263417,
              32.1262705
            ],
            [
              118.9224809,
              32.1245841
            ],
            [
              118.9224489,
              32.1245801
            ],
            [
              118.9224339,
              32.1245821
            ],
            [
              118.9224079,
              32.1245951
            ],
            [
              118.9216617,
              32.1257921
            ],
            [
              118.9216377,
              32.1258071
            ],
            [
              118.9216188,
              32.1258061
            ],
            [
              118.9201515,
              32.1251402
            ],
            [
              118.9201175,
              32.1251363
            ],
            [
              118.9200905,
              32.1251473
            ],
            [
              118.9188956,
              32.1270446
            ],
            [
              118.9188936,
              32.1270896
            ]
          ]
        ]
      }
    },
    {
      "type": "Feature",
      "properties": {
        "OBJECTID": 1023,
        "overview_id": "osm_park_884301630",
        "NAME": "龟山公园",
        "BARRIO": "龟山公园",
        "label": "龟山公园",
        "comuna_name": "Xianlin / Qixia · OSM named area",
        "geometry_class": "osm_named_polygon",
        "geometry_provenance": "OpenStreetMap (ODbL) named campus/residential/park polygon clipped to screening AOI",
        "kind": "park",
        "area_m2": 198699.3,
        "is_focus_area": false,
        "map_fill": true,
        "population_proxy": 0.0,
        "population_estimate": 0.0,
        "population_label": "WorldPop 2026 population estimate (aggregated from planning cells)",
        "built_up_fraction": 0.0,
        "drainage_stress_proxy": 0.0,
        "runoff_pressure_proxy": 0.0,
        "mean_elevation_m": null,
        "mean_slope_deg": null,
        "priority_exposure_raw": 0.0,
        "priority_balanced_raw": 0.0,
        "priority_runoff_raw": 0.0,
        "member_cell_ids": [],
        "member_cell_count": 0,
        "member_overlaps": [],
        "aggregation_method": "population_weighted_mean_for_proxies;sum_for_population",
        "rank_exposure": 37,
        "rank_balanced": 37,
        "rank_runoff": 37,
        "rank_low_regret": 37,
        "rank_equity": null,
        "priority_exposure": 0.0,
        "priority_balanced": 0.0,
        "priority_runoff": 0.0,
        "priority_low_regret": 0.001,
        "priority_equity": null,
        "priority_low_regret_raw": 0.0811,
        "normalization": "minmax_within_nanjing_overview"
      },
      "geometry": {
        "type": "Polygon",
        "coordinates": [
          [
            [
              118.8940657,
              32.0955758
            ],
            [
              118.8960377,
              32.0969609
            ],
            [
              118.8962191,
              32.097076
            ],
            [
              118.8971522,
              32.0960888
            ],
            [
              118.8975166,
              32.0957528
            ],
            [
              118.8976827,
              32.0955122
            ],
            [
              118.8980042,
              32.0953942
            ],
            [
              118.8984222,
              32.0953715
            ],
            [
              118.8985186,
              32.0952172
            ],
            [
              118.8982737,
              32.0948113
            ],
            [
              118.8985615,
              32.0946724
            ],
            [
              118.8990063,
              32.09445
            ],
            [
              118.8994671,
              32.0939778
            ],
            [
              118.8996386,
              32.0935602
            ],
            [
              118.8999012,
              32.0928701
            ],
            [
              118.9002548,
              32.0925841
            ],
            [
              118.9009943,
              32.0923345
            ],
            [
              118.9006621,
              32.0916671
            ],
            [
              118.9003084,
              32.0910588
            ],
            [
              118.899741,
              32.090335
            ],
            [
              118.8997157,
              32.0903599
            ],
            [
              118.8990179,
              32.0910471
            ],
            [
              118.8982269,
              32.0918091
            ],
            [
              118.8970075,
              32.0927657
            ],
            [
              118.8962865,
              32.0932523
            ],
            [
              118.8960859,
              32.0933877
            ],
            [
              118.8945158,
              32.0944863
            ],
            [
              118.8935513,
              32.0950219
            ],
            [
              118.8940657,
              32.0955758
            ]
          ]
        ]
      }
    },
    {
      "type": "Feature",
      "properties": {
        "OBJECTID": 1024,
        "overview_id": "osm_named_area_1425548211",
        "NAME": "南京外国语学校仙林分校",
        "BARRIO": "南京外国语学校仙林分校",
        "label": "南京外国语学校仙林分校",
        "comuna_name": "Xianlin / Qixia · OSM named area",
        "geometry_class": "osm_named_polygon",
        "geometry_provenance": "OpenStreetMap (ODbL) named campus/residential/park polygon clipped to screening AOI",
        "kind": "named_area",
        "area_m2": 189140.2,
        "is_focus_area": true,
        "map_fill": true,
        "population_proxy": 1426.0,
        "population_estimate": 1426.0,
        "population_label": "WorldPop 2026 population estimate (aggregated from planning cells)",
        "built_up_fraction": 0.9421,
        "drainage_stress_proxy": 0.6038,
        "runoff_pressure_proxy": 0.8145,
        "mean_elevation_m": 15.5,
        "mean_slope_deg": 3.89,
        "priority_exposure_raw": 861.049,
        "priority_balanced_raw": 936.166,
        "priority_runoff_raw": 0.6038,
        "member_cell_ids": [
          25
        ],
        "member_cell_count": 1,
        "member_overlaps": [
          {
            "cell_id": 25,
            "overlap_area_m2": 185977.3
          }
        ],
        "aggregation_method": "population_weighted_mean_for_proxies;sum_for_population;centroid_membership",
        "rank_exposure": 6,
        "rank_balanced": 6,
        "rank_runoff": 2,
        "rank_low_regret": 5,
        "rank_equity": null,
        "priority_exposure": 0.0702,
        "priority_balanced": 0.0694,
        "priority_runoff": 0.9455,
        "priority_low_regret": 0.3687,
        "priority_equity": null,
        "priority_low_regret_raw": 0.8333,
        "normalization": "minmax_within_nanjing_overview"
      },
      "geometry": {
        "type": "Polygon",
        "coordinates": [
          [
            [
              118.9351977,
              32.0999928
            ],
            [
              118.9351498,
              32.0999298
            ],
            [
              118.9350579,
              32.099913
            ],
            [
              118.9348603,
              32.0999153
            ],
            [
              118.9346886,
              32.0999085
            ],
            [
              118.9340368,
              32.0998494
            ],
            [
              118.9330695,
              32.0997898
            ],
            [
              118.9326632,
              32.0997854
            ],
            [
              118.930979,
              32.0997826
            ],
            [
              118.9295192,
              32.1017289
            ],
            [
              118.9294902,
              32.1018029
            ],
            [
              118.9295162,
              32.1018849
            ],
            [
              118.929617,
              32.1019528
            ],
            [
              118.9341432,
              32.1044442
            ],
            [
              118.9345864,
              32.1037434
            ],
            [
              118.9347162,
              32.1035182
            ],
            [
              118.934877,
              32.1031969
            ],
            [
              118.9350237,
              32.1028266
            ],
            [
              118.9351306,
              32.1024824
            ],
            [
              118.9351755,
              32.1021973
            ],
            [
              118.9352025,
              32.1019072
            ],
            [
              118.9352125,
              32.1015201
            ],
            [
              118.9351946,
              32.1008149
            ],
            [
              118.9351977,
              32.0999928
            ]
          ]
        ]
      }
    },
    {
      "type": "Feature",
      "properties": {
        "OBJECTID": 2001,
        "overview_id": "sector_A",
        "NAME": "Screening Sector A",
        "BARRIO": "Screening Sector A",
        "label": "Screening Sector A",
        "comuna_name": "Derived screening sector",
        "geometry_class": "derived_screening_sector",
        "geometry_provenance": "Derived screening polygon from AOI remainder split by major OSM roads/waterways; not an administrative boundary or neighborhood",
        "kind": "screening_sector",
        "area_m2": 27960487.7,
        "is_focus_area": false,
        "map_fill": true,
        "population_proxy": 25818.6,
        "population_estimate": 25818.6,
        "population_label": "WorldPop 2026 population estimate (aggregated from planning cells)",
        "built_up_fraction": 0.6891,
        "drainage_stress_proxy": 0.4753,
        "runoff_pressure_proxy": 0.6635,
        "mean_elevation_m": 22.93,
        "mean_slope_deg": 2.59,
        "priority_exposure_raw": 12270.57,
        "priority_balanced_raw": 13485.717,
        "priority_runoff_raw": 0.4753,
        "member_cell_ids": [
          1,
          3,
          4,
          5,
          6,
          10,
          12,
          13,
          14,
          15,
          16,
          17,
          22,
          23,
          24,
          36,
          46,
          49,
          50,
          51,
          53,
          54,
          56,
          58,
          59,
          60,
          61,
          62,
          66,
          69,
          70,
          71,
          72,
          73,
          76
        ],
        "member_cell_count": 35,
        "member_overlaps": [
          {
            "cell_id": 1,
            "overlap_area_m2": 933040.2
          },
          {
            "cell_id": 3,
            "overlap_area_m2": 915035.9
          },
          {
            "cell_id": 4,
            "overlap_area_m2": 1049995.3
          },
          {
            "cell_id": 5,
            "overlap_area_m2": 1049995.3
          },
          {
            "cell_id": 6,
            "overlap_area_m2": 1049995.3
          },
          {
            "cell_id": 10,
            "overlap_area_m2": 689399.0
          },
          {
            "cell_id": 12,
            "overlap_area_m2": 642572.5
          },
          {
            "cell_id": 13,
            "overlap_area_m2": 493337.6
          },
          {
            "cell_id": 14,
            "overlap_area_m2": 1049880.5
          },
          {
            "cell_id": 15,
            "overlap_area_m2": 1049880.5
          },
          {
            "cell_id": 16,
            "overlap_area_m2": 1043460.3
          },
          {
            "cell_id": 17,
            "overlap_area_m2": 935596.6
          },
          {
            "cell_id": 22,
            "overlap_area_m2": 586512.1
          },
          {
            "cell_id": 23,
            "overlap_area_m2": 954300.3
          },
          {
            "cell_id": 24,
            "overlap_area_m2": 1046602.7
          },
          {
            "cell_id": 36,
            "overlap_area_m2": 87000.9
          },
          {
            "cell_id": 46,
            "overlap_area_m2": 372136.0
          },
          {
            "cell_id": 49,
            "overlap_area_m2": 0.0
          },
          {
            "cell_id": 50,
            "overlap_area_m2": 874561.2
          },
          {
            "cell_id": 51,
            "overlap_area_m2": 602219.2
          },
          {
            "cell_id": 53,
            "overlap_area_m2": 123898.3
          },
          {
            "cell_id": 54,
            "overlap_area_m2": 230234.1
          },
          {
            "cell_id": 56,
            "overlap_area_m2": 717674.5
          },
          {
            "cell_id": 58,
            "overlap_area_m2": 1049420.6
          },
          {
            "cell_id": 59,
            "overlap_area_m2": 0.0
          },
          {
            "cell_id": 60,
            "overlap_area_m2": 1049305.6
          },
          {
            "cell_id": 61,
            "overlap_area_m2": 1049305.6
          },
          {
            "cell_id": 62,
            "overlap_area_m2": 992577.0
          },
          {
            "cell_id": 66,
            "overlap_area_m2": 712977.1
          },
          {
            "cell_id": 69,
            "overlap_area_m2": 0.0
          },
          {
            "cell_id": 70,
            "overlap_area_m2": 0.0
          },
          {
            "cell_id": 71,
            "overlap_area_m2": 0.0
          },
          {
            "cell_id": 72,
            "overlap_area_m2": 0.0
          },
          {
            "cell_id": 73,
            "overlap_area_m2": 0.0
          },
          {
            "cell_id": 76,
            "overlap_area_m2": 0.0
          }
        ],
        "aggregation_method": "population_weighted_mean_for_proxies;sum_for_population;centroid_membership",
        "rank_exposure": 1,
        "rank_balanced": 1,
        "rank_runoff": 8,
        "rank_low_regret": 1,
        "rank_equity": null,
        "priority_exposure": 1.0,
        "priority_balanced": 1.0,
        "priority_runoff": 0.7443,
        "priority_low_regret": 1.0,
        "priority_equity": null,
        "priority_low_regret_raw": 2.125,
        "normalization": "minmax_within_nanjing_overview"
      },
      "geometry": {
        "type": "MultiPolygon",
        "coordinates": [
          [
            [
              [
                118.881226,
                32.0938141
              ],
              [
                118.8812819,
                32.0938237
              ],
              [
                118.8814741,
                32.0938618
              ],
              [
                118.8816852,
                32.0939353
              ],
              [
                118.8819955,
                32.0940773
              ],
              [
                118.8823321,
                32.0942752
              ],
              [
                118.8827757,
                32.0944794
              ],
              [
                118.8832417,
                32.0947128
              ],
              [
                118.8835381,
                32.094881
              ],
              [
                118.8837373,
                32.0950067
              ],
              [
                118.8840249,
                32.0952022
              ],
              [
                118.8843361,
                32.0954138
              ],
              [
                118.8846499,
                32.0956331
              ],
              [
                118.8848704,
                32.0957815
              ],
              [
                118.8851244,
                32.0959285
              ],
              [
                118.8854089,
                32.0960932
              ],
              [
                118.8856641,
                32.096211
              ],
              [
                118.8859454,
                32.0963227
              ],
              [
                118.8860996,
                32.0963704
              ],
              [
                118.8862688,
                32.0963965
              ],
              [
                118.8864388,
                32.0964001
              ],
              [
                118.8866119,
                32.0963818
              ],
              [
                118.8867742,
                32.0963397
              ],
              [
                118.8869298,
                32.0962703
              ],
              [
                118.8870706,
                32.0961807
              ],
              [
                118.8871725,
                32.0960853
              ],
              [
                118.887269,
                32.0959682
              ],
              [
                118.8874177,
                32.0957351
              ],
              [
                118.887729,
                32.0952184
              ],
              [
                118.8880357,
                32.0946979
              ],
              [
                118.8880518,
                32.0946706
              ],
              [
                118.8884391,
                32.0940397
              ],
              [
                118.8887269,
                32.0935642
              ],
              [
                118.8895008,
                32.0922855
              ],
              [
                118.8896032,
                32.0921163
              ],
              [
                118.8902651,
                32.0910362
              ],
              [
                118.8903022,
                32.090961
              ],
              [
                118.8903756,
                32.090812
              ],
              [
                118.8904138,
                32.0906706
              ],
              [
                118.8904167,
                32.0905631
              ],
              [
                118.8903952,
                32.0904022
              ],
              [
                118.8903579,
                32.0902783
              ],
              [
                118.8902886,
                32.0901296
              ],
              [
                118.8901655,
                32.0899832
              ],
              [
                118.8900089,
                32.0898568
              ],
              [
                118.8898164,
                32.0897587
              ],
              [
                118.8893815,
                32.0895653
              ],
              [
                118.888819,
                32.0893406
              ],
              [
                118.88877730094478,
                32.0893274318773
              ],
              [
                118.8888687,
                32.0891291
              ],
              [
                118.8887116,
                32.08947
              ],
              [
                118.8887146,
                32.0894861
              ],
              [
                118.8887276,
                32.0894991
              ],
              [
                118.889478,
                32.0898225
              ],
              [
                118.8897661,
                32.0899557
              ],
              [
                118.8897881,
                32.0899547
              ],
              [
                118.8898001,
                32.0899477
              ],
              [
                118.8898122,
                32.0899237
              ],
              [
                118.8898322,
                32.0899137
              ],
              [
                118.8898582,
                32.0899167
              ],
              [
                118.8898922,
                32.0899448
              ],
              [
                118.8899822,
                32.0900078
              ],
              [
                118.8900312,
                32.0900489
              ],
              [
                118.8901333,
                32.0901639
              ],
              [
                118.8901833,
                32.090254
              ],
              [
                118.8902403,
                32.090389
              ],
              [
                118.8902523,
                32.090431
              ],
              [
                118.8902643,
                32.0906161
              ],
              [
                118.8902573,
                32.0906731
              ],
              [
                118.8902553,
                32.0907431
              ],
              [
                118.8902453,
                32.0907981
              ],
              [
                118.8902303,
                32.0908411
              ],
              [
                118.8896559,
                32.091801
              ],
              [
                118.8890025,
                32.0928819
              ],
              [
                118.8889865,
                32.0928869
              ],
              [
                118.8889655,
                32.0928869
              ],
              [
                118.8882551,
                32.0925884
              ],
              [
                118.8877888,
                32.0925252
              ],
              [
                118.8870894,
                32.0924057
              ],
              [
                118.8866912,
                32.0922965
              ],
              [
                118.8865221,
                32.0922423
              ],
              [
                118.8864961,
                32.0922263
              ],
              [
                118.88644,
                32.0921793
              ],
              [
                118.8862609,
                32.0918491
              ],
              [
                118.8861489,
                32.091616
              ],
              [
                118.8860859,
                32.0914609
              ],
              [
                118.8860589,
                32.0913479
              ],
              [
                118.8860479,
                32.0912038
              ],
              [
                118.8860679,
                32.0910568
              ],
              [
                118.8860899,
                32.0909768
              ],
              [
                118.8861109,
                32.0909188
              ],
              [
                118.886164,
                32.0908318
              ],
              [
                118.8862991,
                32.0906719
              ],
              [
                118.8865012,
                32.0903719
              ],
              [
                118.8865663,
                32.0901979
              ],
              [
                118.8865743,
                32.0901199
              ],
              [
                118.8865653,
                32.0899959
              ],
              [
                118.8865163,
                32.0898098
              ],
              [
                118.8865263,
                32.0897788
              ],
              [
                118.8865553,
                32.0897448
              ],
              [
                118.8865563,
                32.0897288
              ],
              [
                118.8865183,
                32.0895918
              ],
              [
                118.8865033,
                32.0895778
              ],
              [
                118.8864853,
                32.0895708
              ],
              [
                118.8864673,
                32.0895707
              ],
              [
                118.886122,
                32.0896695
              ],
              [
                118.886098,
                32.0896685
              ],
              [
                118.886083,
                32.0896615
              ],
              [
                118.886074,
                32.0896475
              ],
              [
                118.8855638,
                32.0882219
              ],
              [
                118.8852287,
                32.0872484
              ],
              [
                118.8852377,
                32.0872224
              ],
              [
                118.8852487,
                32.0872144
              ],
              [
                118.8855479,
                32.0871406
              ],
              [
                118.8855599,
                32.0871286
              ],
              [
                118.8855709,
                32.0870956
              ],
              [
                118.8855489,
                32.0870206
              ],
              [
                118.8855519,
                32.0870026
              ],
              [
                118.8855709,
                32.0869816
              ],
              [
                118.8859132,
                32.0868998
              ],
              [
                118.887102,
                32.0865995
              ],
              [
                118.8881956,
                32.0862841
              ],
              [
                118.8882537,
                32.0862821
              ],
              [
                118.8882857,
                32.0862851
              ],
              [
                118.8883047,
                32.0863002
              ],
              [
                118.88831364461493,
                32.08632474035375
              ],
              [
                118.88857663440301,
                32.08606371998026
              ],
              [
                118.8886772,
                32.0860413
              ],
              [
                118.8888341,
                32.0860232
              ],
              [
                118.8889468,
                32.0860163
              ],
              [
                118.8890822,
                32.0860152
              ],
              [
                118.8893115,
                32.0860198
              ],
              [
                118.8896535,
                32.0860539
              ],
              [
                118.8897822,
                32.0860723
              ],
              [
                118.8901686,
                32.0861274
              ],
              [
                118.8902342,
                32.0861368
              ],
              [
                118.8919547,
                32.0867825
              ],
              [
                118.892046,
                32.0868168
              ],
              [
                118.895081,
                32.088007
              ],
              [
                118.8966595,
                32.088649
              ],
              [
                118.8968954,
                32.0887356
              ],
              [
                118.897161,
                32.0888331
              ],
              [
                118.8980556,
                32.0891773
              ],
              [
                118.8982609,
                32.0892646
              ],
              [
                118.8984404,
                32.089341
              ],
              [
                118.8987462,
                32.0894818
              ],
              [
                118.8989823,
                32.0896136
              ],
              [
                118.8991365,
                32.0897045
              ],
              [
                118.8992491,
                32.0897841
              ],
              [
                118.8993765,
                32.089875
              ],
              [
                118.89952,
                32.089992
              ],
              [
                118.8996609,
                32.0901113
              ],
              [
                118.8997976,
                32.0902317
              ],
              [
                118.8998996,
                32.0903397
              ],
              [
                118.9000216,
                32.0904783
              ],
              [
                118.9001423,
                32.0906362
              ],
              [
                118.9003086,
                32.0908635
              ],
              [
                118.900546,
                32.0911998
              ],
              [
                118.9007069,
                32.0914418
              ],
              [
                118.9008316,
                32.0916531
              ],
              [
                118.9009067,
                32.0917735
              ],
              [
                118.9010462,
                32.0920303
              ],
              [
                118.9011402,
                32.0921809
              ],
              [
                118.9012071,
                32.0924075
              ],
              [
                118.9012742,
                32.0925757
              ],
              [
                118.9013882,
                32.092929
              ],
              [
                118.9014767,
                32.0932699
              ],
              [
                118.9015934,
                32.0938141
              ],
              [
                118.9017087,
                32.0944526
              ],
              [
                118.901765,
                32.0946776
              ],
              [
                118.9018375,
                32.0949434
              ],
              [
                118.9019796,
                32.0952934
              ],
              [
                118.902154,
                32.0956592
              ],
              [
                118.9023392,
                32.0960164
              ],
              [
                118.9024433,
                32.0961102
              ],
              [
                118.8987169,
                32.0989068
              ],
              [
                118.9019595,
                32.0999889
              ],
              [
                118.9018936,
                32.1001577
              ],
              [
                118.9077226,
                32.1020041
              ],
              [
                118.9118756,
                32.1032767
              ],
              [
                118.9121063,
                32.103346
              ],
              [
                118.9163577,
                32.1045998
              ],
              [
                118.9225226,
                32.1065255
              ],
              [
                118.9228596,
                32.1066207
              ],
              [
                118.9229745,
                32.1102776
              ],
              [
                118.9230198,
                32.1120112
              ],
              [
                118.9230247,
                32.112206
              ],
              [
                118.9229963,
                32.1126816
              ],
              [
                118.9229323,
                32.1132235
              ],
              [
                118.9228044,
                32.1136569
              ],
              [
                118.9226627,
                32.1139545
              ],
              [
                118.9223907,
                32.113853
              ],
              [
                118.9221785,
                32.1142377
              ],
              [
                118.9212761,
                32.1157179
              ],
              [
                118.9205936,
                32.1168492
              ],
              [
                118.9189751,
                32.1195578
              ],
              [
                118.9188534,
                32.1197511
              ],
              [
                118.9187508,
                32.1198998
              ],
              [
                118.9190518,
                32.1200732
              ],
              [
                118.9176026,
                32.1224949
              ],
              [
                118.9174841,
                32.1226929
              ],
              [
                118.9164421,
                32.1244341
              ],
              [
                118.9156723,
                32.1257163
              ],
              [
                118.9152698,
                32.1263537
              ],
              [
                118.9151871,
                32.1264945
              ],
              [
                118.9178952,
                32.1277166
              ],
              [
                118.9214312,
                32.1292386
              ],
              [
                118.9229063,
                32.1298778
              ],
              [
                118.9236187,
                32.1302224
              ],
              [
                118.92350849339901,
                32.13030781826982
              ],
              [
                118.92338476914817,
                32.13040371371844
              ],
              [
                118.9233146,
                32.1304581
              ],
              [
                118.9234867,
                32.130544
              ],
              [
                118.9246555,
                32.1310864
              ],
              [
                118.9258263,
                32.1316038
              ],
              [
                118.9299993,
                32.1335153
              ],
              [
                118.9328415,
                32.1348642
              ],
              [
                118.9337487,
                32.1352524
              ],
              [
                118.9346326,
                32.1356105
              ],
              [
                118.9355764,
                32.1359457
              ],
              [
                118.9363622,
                32.1361946
              ],
              [
                118.937056,
                32.1363837
              ],
              [
                118.9379643,
                32.1365921
              ],
              [
                118.9389113,
                32.1367849
              ],
              [
                118.9393827,
                32.136862
              ],
              [
                118.9395839,
                32.1368814
              ],
              [
                118.9395424,
                32.1370084
              ],
              [
                118.9395355,
                32.1371347
              ],
              [
                118.9395426,
                32.1372611
              ],
              [
                118.9396323,
                32.1375498
              ],
              [
                118.9398506,
                32.1381586
              ],
              [
                118.9399733,
                32.1384618
              ],
              [
                118.9400761,
                32.138668
              ],
              [
                118.9401849,
                32.13883
              ],
              [
                118.9403164,
                32.1389697
              ],
              [
                118.9404644,
                32.139126
              ],
              [
                118.9407858,
                32.1394262
              ],
              [
                118.941045,
                32.1396434
              ],
              [
                118.9412633,
                32.1398395
              ],
              [
                118.9414148,
                32.1399975
              ],
              [
                118.9415825,
                32.1402047
              ],
              [
                118.9417347,
                32.1404226
              ],
              [
                118.9418641,
                32.140664
              ],
              [
                118.9419615,
                32.1409128
              ],
              [
                118.942006,
                32.1410732
              ],
              [
                118.9420389,
                32.1412956
              ],
              [
                118.9420957,
                32.1419352
              ],
              [
                118.942158,
                32.1435629
              ],
              [
                118.9422559,
                32.1446652
              ],
              [
                118.9422878,
                32.1449367
              ],
              [
                118.9423061828299,
                32.145
              ],
              [
                118.94589532518968,
                32.145
              ],
              [
                118.9461072,
                32.1446556
              ],
              [
                118.9467323,
                32.1434917
              ],
              [
                118.9472733,
                32.1421143
              ],
              [
                118.9475877,
                32.1410649
              ],
              [
                118.9478254,
                32.1397679
              ],
              [
                118.9479325,
                32.1385728
              ],
              [
                118.9479401,
                32.1381182
              ],
              [
                118.9479058,
                32.1375638
              ],
              [
                118.94789443025908,
                32.1373425173886
              ],
              [
                118.9481208,
                32.137346
              ],
              [
                118.9485251,
                32.1373361
              ],
              [
                118.9490727,
                32.1373098
              ],
              [
                118.9494306,
                32.1372926
              ],
              [
                118.9503576,
                32.1373114
              ],
              [
                118.9485525,
                32.1371914
              ],
              [
                118.94788514965485,
                32.137161894421574
              ],
              [
                118.94787823252253,
                32.13702727032431
              ],
              [
                118.9481644,
                32.1370393
              ],
              [
                118.9502207,
                32.13715
              ],
              [
                118.9516096,
                32.1372584
              ],
              [
                118.9522419,
                32.1373283
              ],
              [
                118.9524091,
                32.137349
              ],
              [
                118.9530324,
                32.1373215
              ],
              [
                118.9534644,
                32.1373606
              ],
              [
                118.9556192,
                32.1376935
              ],
              [
                118.9566952,
                32.1378697
              ],
              [
                118.9582342,
                32.1381859
              ],
              [
                118.9586749,
                32.1382667
              ],
              [
                118.9601877,
                32.138591
              ],
              [
                118.9628642,
                32.1391229
              ],
              [
                118.9637692,
                32.139333
              ],
              [
                118.96418521601679,
                32.13942354594797
              ],
              [
                118.9643403,
                32.1394573
              ],
              [
                118.96429932024162,
                32.139609964029425
              ],
              [
                118.96446915570152,
                32.139645479734114
              ],
              [
                118.96450790044538,
                32.139485400902096
              ],
              [
                118.9645465,
                32.1394928
              ],
              [
                118.96460379155684,
                32.13950392899586
              ],
              [
                118.9649543,
                32.1396089
              ],
              [
                118.96649534259787,
                32.13989531480769
              ],
              [
                118.9687262,
                32.1403653
              ],
              [
                118.97,
                32.14061872150613
              ],
              [
                118.97,
                32.118851795161284
              ],
              [
                118.9699405,
                32.1188234
              ],
              [
                118.9696414,
                32.1186807
              ],
              [
                118.9694841,
                32.118593
              ],
              [
                118.9689664,
                32.1183044
              ],
              [
                118.9683441,
                32.117953
              ],
              [
                118.967933,
                32.1176953
              ],
              [
                118.9676358,
                32.1175052
              ],
              [
                118.9673716,
                32.1173184
              ],
              [
                118.9671193,
                32.1171453
              ],
              [
                118.9669429,
                32.1170242
              ],
              [
                118.9665921,
                32.1167377
              ],
              [
                118.966145,
                32.1163328
              ],
              [
                118.9656658,
                32.1159835
              ],
              [
                118.9648015,
                32.1154299
              ],
              [
                118.9640261,
                32.1149553
              ],
              [
                118.9638564,
                32.1148614
              ],
              [
                118.9636283,
                32.1147228
              ],
              [
                118.9628313,
                32.1140451
              ],
              [
                118.9621013,
                32.113543
              ],
              [
                118.9616942,
                32.1132975
              ],
              [
                118.9616349,
                32.1132619
              ],
              [
                118.9615207,
                32.1132018
              ],
              [
                118.9611835,
                32.1130469
              ],
              [
                118.9610573,
                32.1132487
              ],
              [
                118.9605931,
                32.1139909
              ],
              [
                118.9599324,
                32.1150989
              ],
              [
                118.9594509,
                32.1161459
              ],
              [
                118.9591964,
                32.1169407
              ],
              [
                118.9590677,
                32.1175397
              ],
              [
                118.959021,
                32.1181235
              ],
              [
                118.9589964,
                32.1183878
              ],
              [
                118.9589557,
                32.1188251
              ],
              [
                118.9589806,
                32.1194973
              ],
              [
                118.9590161,
                32.1200988
              ],
              [
                118.9590647,
                32.1204506
              ],
              [
                118.9593907,
                32.1218426
              ],
              [
                118.9596303,
                32.1229075
              ],
              [
                118.9597293,
                32.1236852
              ],
              [
                118.9597742,
                32.1241393
              ],
              [
                118.9598203,
                32.1244796
              ],
              [
                118.9598941,
                32.1253221
              ],
              [
                118.9599069,
                32.1254698
              ],
              [
                118.9599232,
                32.125636
              ],
              [
                118.9599589,
                32.1261823
              ],
              [
                118.959947,
                32.1266399
              ],
              [
                118.9599312,
                32.1269389
              ],
              [
                118.9599008,
                32.1273521
              ],
              [
                118.9598718,
                32.1277376
              ],
              [
                118.9597881,
                32.1283012
              ],
              [
                118.959665,
                32.1288774
              ],
              [
                118.9595194,
                32.1294676
              ],
              [
                118.9591645,
                32.1307016
              ],
              [
                118.9589676,
                32.1312984
              ],
              [
                118.9588668,
                32.1315347
              ],
              [
                118.9582426,
                32.1317133
              ],
              [
                118.9572505,
                32.1319474
              ],
              [
                118.9563734,
                32.1320493
              ],
              [
                118.9555516,
                32.1320904
              ],
              [
                118.9543449,
                32.1320601
              ],
              [
                118.9534236,
                32.1319404
              ],
              [
                118.95341464719866,
                32.13198363232259
              ],
              [
                118.9546156,
                32.1321705
              ],
              [
                118.9567189,
                32.1321357
              ],
              [
                118.9585264,
                32.1317948
              ],
              [
                118.9567435,
                32.1370128
              ],
              [
                118.9535228,
                32.1364076
              ],
              [
                118.9524301,
                32.1359832
              ],
              [
                118.9505979,
                32.1349952
              ],
              [
                118.9477305,
                32.1324418
              ],
              [
                118.9471471,
                32.1318156
              ],
              [
                118.94724202002756,
                32.13191748364975
              ],
              [
                118.94710341108943,
                32.13205892474166
              ],
              [
                118.9469322,
                32.1318543
              ],
              [
                118.9465852,
                32.1312926
              ],
              [
                118.9463333,
                32.130693
              ],
              [
                118.9461639,
                32.1295227
              ],
              [
                118.9460818,
                32.1288477
              ],
              [
                118.9461348,
                32.128642
              ],
              [
                118.9460457,
                32.1285807
              ],
              [
                118.9460307,
                32.1283234
              ],
              [
                118.945972,
                32.1275798
              ],
              [
                118.9458512,
                32.1268146
              ],
              [
                118.9457777,
                32.1262301
              ],
              [
                118.9455768,
                32.1245953
              ],
              [
                118.9455364,
                32.123488
              ],
              [
                118.9455478,
                32.1229758
              ],
              [
                118.9456032,
                32.1222796
              ],
              [
                118.9456638,
                32.1217629
              ],
              [
                118.9458113,
                32.1210077
              ],
              [
                118.9458874,
                32.1206792
              ],
              [
                118.9460521,
                32.1201114
              ],
              [
                118.9462349,
                32.1195598
              ],
              [
                118.94518164453682,
                32.11939116116786
              ],
              [
                118.94521672818435,
                32.119217629547556
              ],
              [
                118.9461013,
                32.1193455
              ],
              [
                118.94500816590617,
                32.119187480550714
              ],
              [
                118.9449737283154,
                32.11935787128712
              ],
              [
                118.9446991,
                32.1193139
              ],
              [
                118.9443089,
                32.1192514
              ],
              [
                118.9429914,
                32.1190538
              ],
              [
                118.9428507,
                32.1190327
              ],
              [
                118.9422092,
                32.1189296
              ],
              [
                118.94207103074257,
                32.11890861121953
              ],
              [
                118.94187012113913,
                32.11887809178533
              ],
              [
                118.94170624640462,
                32.118853198180986
              ],
              [
                118.9417971,
                32.118663
              ],
              [
                118.9433015,
                32.1159813
              ],
              [
                118.94343063824836,
                32.11572268818812
              ],
              [
                118.943434,
                32.115727
              ],
              [
                118.943453,
                32.115773
              ],
              [
                118.943538,
                32.115616
              ],
              [
                118.943492,
                32.11561
              ],
              [
                118.94348828076305,
                32.115607253486544
              ],
              [
                118.943427,
                32.115562
              ],
              [
                118.943297,
                32.115436
              ],
              [
                118.94312758850471,
                32.11526849200467
              ],
              [
                118.943119,
                32.11526
              ],
              [
                118.94304076445466,
                32.11519561145384
              ],
              [
                118.94296020018413,
                32.11512930634623
              ],
              [
                118.9429185,
                32.1152012
              ],
              [
                118.941706,
                32.1173467
              ],
              [
                118.9410383,
                32.1185511
              ],
              [
                118.9409994,
                32.1186002
              ],
              [
                118.9409795,
                32.1186152
              ],
              [
                118.9409226,
                32.1186413
              ],
              [
                118.9408557,
                32.1186595
              ],
              [
                118.9396882,
                32.1186294
              ],
              [
                118.9381313,
                32.118607
              ],
              [
                118.9360294,
                32.1185513
              ],
              [
                118.9358947,
                32.1185355
              ],
              [
                118.935713,
                32.1184997
              ],
              [
                118.9355403,
                32.118456
              ],
              [
                118.9353407,
                32.1183953
              ],
              [
                118.9350722,
                32.1183056
              ],
              [
                118.9348906,
                32.1182269
              ],
              [
                118.934663,
                32.1181222
              ],
              [
                118.9343695,
                32.1179536
              ],
              [
                118.9339124,
                32.1176132
              ],
              [
                118.9336389,
                32.1173725
              ],
              [
                118.9325838,
                32.1165538
              ],
              [
                118.9323882,
                32.1164421
              ],
              [
                118.9320597,
                32.1163065
              ],
              [
                118.9316424,
                32.116174
              ],
              [
                118.9311163,
                32.1160617
              ],
              [
                118.9305942,
                32.1159814
              ],
              [
                118.9305632,
                32.1159674
              ],
              [
                118.9305373,
                32.1159495
              ],
              [
                118.9304974,
                32.1159135
              ],
              [
                118.9304824,
                32.1158885
              ],
              [
                118.9297877,
                32.113889
              ],
              [
                118.9297388,
                32.113647
              ],
              [
                118.9297198,
                32.11344
              ],
              [
                118.9296779,
                32.113148
              ],
              [
                118.92967,
                32.1127549
              ],
              [
                118.929689,
                32.1123758
              ],
              [
                118.9297429,
                32.1120627
              ],
              [
                118.9298388,
                32.1116875
              ],
              [
                118.9299556,
                32.1113163
              ],
              [
                118.9299846,
                32.1112512
              ],
              [
                118.9299986,
                32.1112332
              ],
              [
                118.9300265,
                32.1112222
              ],
              [
                118.9300585,
                32.1112191
              ],
              [
                118.9305896,
                32.1114155
              ],
              [
                118.9306355,
                32.1113254
              ],
              [
                118.9307334,
                32.1113563
              ],
              [
                118.9310819,
                32.1107347
              ],
              [
                118.930999,
                32.1106948
              ],
              [
                118.9310469,
                32.1105987
              ],
              [
                118.9305168,
                32.1104054
              ],
              [
                118.9305108,
                32.1103984
              ],
              [
                118.9305138,
                32.1103604
              ],
              [
                118.9314924,
                32.1088478
              ],
              [
                118.9337548,
                32.105497
              ],
              [
                118.9337827,
                32.105465
              ],
              [
                118.9338147,
                32.1054389
              ],
              [
                118.9338556,
                32.1054118
              ],
              [
                118.9339015,
                32.1053898
              ],
              [
                118.9339444,
                32.1053797
              ],
              [
                118.9339834,
                32.1053786
              ],
              [
                118.9340233,
                32.1053786
              ],
              [
                118.9340742,
                32.1053875
              ],
              [
                118.935259,
                32.1059719
              ],
              [
                118.9365705,
                32.10657
              ],
              [
                118.9374248,
                32.1070268
              ],
              [
                118.9377391,
                32.1072333
              ],
              [
                118.9399845,
                32.108684
              ],
              [
                118.9404215,
                32.1089263
              ],
              [
                118.9410088727367,
                32.10918852271248
              ],
              [
                118.94105174944264,
                32.10912127504869
              ],
              [
                118.941138,
                32.108986
              ],
              [
                118.94124167447032,
                32.10882345510182
              ],
              [
                118.941337,
                32.108674
              ],
              [
                118.941394,
                32.1086
              ],
              [
                118.941463,
                32.10857
              ],
              [
                118.941528,
                32.10857
              ],
              [
                118.941645,
                32.108609
              ],
              [
                118.941671,
                32.108618
              ],
              [
                118.94168311227043,
                32.108550877834745
              ],
              [
                118.94169340804586,
                32.10849382207915
              ],
              [
                118.9417238,
                32.1084839
              ],
              [
                118.9416898,
                32.108495
              ],
              [
                118.9416619,
                32.108496
              ],
              [
                118.941629,
                32.1084881
              ],
              [
                118.9343837,
                32.1046859
              ],
              [
                118.9343678,
                32.1046639
              ],
              [
                118.9343648,
                32.1046049
              ],
              [
                118.9344784195796,
                32.10443880122492
              ],
              [
                118.93442105428194,
                32.10439601707316
              ],
              [
                118.9346103,
                32.1041109
              ],
              [
                118.9347819,
                32.1038644
              ],
              [
                118.9350042,
                32.1035135
              ],
              [
                118.9352112,
                32.1030458
              ],
              [
                118.9353295,
                32.1026864
              ],
              [
                118.9354339,
                32.1022428
              ],
              [
                118.9354696,
                32.1020273
              ],
              [
                118.9355212,
                32.1016426
              ],
              [
                118.9355042,
                32.1000691
              ],
              [
                118.9354902,
                32.0997244
              ],
              [
                118.9354769,
                32.0996615
              ],
              [
                118.9354129,
                32.0995168
              ],
              [
                118.93541177591781,
                32.09938359626109
              ],
              [
                118.9356086,
                32.0993915
              ],
              [
                118.9358685,
                32.0993593
              ],
              [
                118.9363335,
                32.0992605
              ],
              [
                118.9367298,
                32.0991547
              ],
              [
                118.937106,
                32.0990318
              ],
              [
                118.9374809,
                32.0988687
              ],
              [
                118.9377338,
                32.0987123
              ],
              [
                118.9380633,
                32.0985039
              ],
              [
                118.938428,
                32.0982494
              ],
              [
                118.9391874,
                32.0976927
              ],
              [
                118.9396645,
                32.0973395
              ],
              [
                118.9399462,
                32.0971315
              ],
              [
                118.9406266,
                32.0966579
              ],
              [
                118.9418721,
                32.0958455
              ],
              [
                118.9441681,
                32.0950548
              ],
              [
                118.9506738,
                32.0947094
              ],
              [
                118.9506778,
                32.0951225
              ],
              [
                118.95053293629412,
                32.095856772285536
              ],
              [
                118.95050246021766,
                32.09601124671504
              ],
              [
                118.9504202,
                32.0964282
              ],
              [
                118.9495516,
                32.1015264
              ],
              [
                118.9491937,
                32.1036272
              ],
              [
                118.9489978,
                32.1038778
              ],
              [
                118.9485537,
                32.1044198
              ],
              [
                118.9486514,
                32.1045348
              ],
              [
                118.948239,
                32.104992
              ],
              [
                118.9480147,
                32.1052899
              ],
              [
                118.9478663,
                32.1058248
              ],
              [
                118.9471766,
                32.1068041
              ],
              [
                118.9460499,
                32.1083746
              ],
              [
                118.9457172,
                32.1087849
              ],
              [
                118.94548538649836,
                32.10991538695753
              ],
              [
                118.94488076834106,
                32.10985074858608
              ],
              [
                118.9448588,
                32.1098484
              ],
              [
                118.9446428,
                32.109828
              ],
              [
                118.9445168,
                32.10982
              ],
              [
                118.9443478,
                32.1098052
              ],
              [
                118.9443199,
                32.1100398
              ],
              [
                118.9444886,
                32.1100543
              ],
              [
                118.9446522,
                32.1100714
              ],
              [
                118.9448386,
                32.1100881
              ],
              [
                118.94485430082447,
                32.11008964972977
              ],
              [
                118.94543784204416,
                32.110147247418574
              ],
              [
                118.94598423284282,
                32.110201178222646
              ],
              [
                118.94601868767238,
                32.109972400990216
              ],
              [
                118.9460292,
                32.1099026
              ],
              [
                118.9460309,
                32.1096704
              ],
              [
                118.9460309,
                32.109546
              ],
              [
                118.9460106,
                32.1093786
              ],
              [
                118.9460642,
                32.1092974
              ],
              [
                118.9461704,
                32.1092567
              ],
              [
                118.9470826,
                32.1091696
              ],
              [
                118.9481043,
                32.1094668
              ],
              [
                118.94865486176052,
                32.10961377654711
              ],
              [
                118.9483612715507,
                32.11027873990757
              ],
              [
                118.94824873275158,
                32.110533633209656
              ],
              [
                118.94817385901058,
                32.11070321752397
              ],
              [
                118.9460953,
                32.1104237
              ],
              [
                118.94839100584377,
                32.110732418689224
              ],
              [
                118.94846469520347,
                32.11056550054081
              ],
              [
                118.94857869913632,
                32.110307263456626
              ],
              [
                118.94886060519673,
                32.10966870128401
              ],
              [
                118.9489756,
                32.1096994
              ],
              [
                118.950439,
                32.1100919
              ],
              [
                118.9504488,
                32.1100627
              ],
              [
                118.9504684,
                32.1100259
              ],
              [
                118.94888811239086,
                32.10960405208194
              ],
              [
                118.9489055011511,
                32.10955685401842
              ],
              [
                118.9504812,
                32.1099998
              ],
              [
                118.9475176,
                32.1091667
              ],
              [
                118.9474288,
                32.1088058
              ],
              [
                118.9476143,
                32.1085046
              ],
              [
                118.947939,
                32.1081379
              ],
              [
                118.9482173,
                32.1079153
              ],
              [
                118.9485265,
                32.1075355
              ],
              [
                118.9488357,
                32.1066973
              ],
              [
                118.9486507,
                32.1062362
              ],
              [
                118.9481848,
                32.1059309
              ],
              [
                118.9483872,
                32.1054294
              ],
              [
                118.9488178,
                32.1049184
              ],
              [
                118.949568,
                32.1038381
              ],
              [
                118.9499163,
                32.1028621
              ],
              [
                118.9500234,
                32.1018998
              ],
              [
                118.950211,
                32.1015412
              ],
              [
                118.9508594,
                32.1010555
              ],
              [
                118.9511541,
                32.100715
              ],
              [
                118.95163337120312,
                32.100777303731846
              ],
              [
                118.9518432,
                32.0997636
              ],
              [
                118.9521041,
                32.0973741
              ],
              [
                118.95223234970486,
                32.09600299532015
              ],
              [
                118.9524248,
                32.0960027
              ],
              [
                118.95288203151719,
                32.09600411557745
              ],
              [
                118.9532969,
                32.0960054
              ],
              [
                118.9534907,
                32.0960051
              ],
              [
                118.9548904,
                32.0960086
              ],
              [
                118.9548933,
                32.0958623
              ],
              [
                118.9594011,
                32.0958974
              ],
              [
                118.9594635,
                32.0960155
              ],
              [
                118.9596781,
                32.096014
              ],
              [
                118.9605021,
                32.0960177
              ],
              [
                118.9611231,
                32.0960415
              ],
              [
                118.9616158,
                32.0960774
              ],
              [
                118.9622345,
                32.096194
              ],
              [
                118.9627137,
                32.0963185
              ],
              [
                118.9631497,
                32.0964521
              ],
              [
                118.9644225,
                32.0969612
              ],
              [
                118.9655988,
                32.0972652
              ],
              [
                118.965817,
                32.0973053
              ],
              [
                118.965888,
                32.0971216
              ],
              [
                118.9656622,
                32.0970778
              ],
              [
                118.964582,
                32.0968683
              ],
              [
                118.963195,
                32.0963428
              ],
              [
                118.9637999,
                32.0949663
              ],
              [
                118.9623788,
                32.0932711
              ],
              [
                118.9637895,
                32.0923859
              ],
              [
                118.965648,
                32.0912434
              ],
              [
                118.9644763,
                32.0900128
              ],
              [
                118.9642276,
                32.0897021
              ],
              [
                118.9642032,
                32.0896655
              ],
              [
                118.9641044,
                32.0895174
              ],
              [
                118.9637566,
                32.0897091
              ],
              [
                118.9634254,
                32.0898792
              ],
              [
                118.9630614,
                32.0900459
              ],
              [
                118.9626957,
                32.0901962
              ],
              [
                118.9624708,
                32.0902731
              ],
              [
                118.9621362,
                32.0903755
              ],
              [
                118.9620693,
                32.090263
              ],
              [
                118.9619514,
                32.0900323
              ],
              [
                118.9618541,
                32.0897866
              ],
              [
                118.9618126,
                32.0896575
              ],
              [
                118.9617475,
                32.089455
              ],
              [
                118.9616564,
                32.0891313
              ],
              [
                118.9615734,
                32.088658
              ],
              [
                118.9615451,
                32.0884224
              ],
              [
                118.9613233,
                32.0884564
              ],
              [
                118.9606286,
                32.0885216
              ],
              [
                118.9601139,
                32.0885394
              ],
              [
                118.9596628,
                32.0885414
              ],
              [
                118.9591152,
                32.0885392
              ],
              [
                118.9591272,
                32.0882889
              ],
              [
                118.959241,
                32.0868118
              ],
              [
                118.9592381,
                32.0864099
              ],
              [
                118.9615024,
                32.086391
              ],
              [
                118.9615202,
                32.0862256
              ],
              [
                118.9592443,
                32.0862856
              ],
              [
                118.9590979,
                32.0862844
              ],
              [
                118.9571233,
                32.0862291
              ],
              [
                118.9549711,
                32.0862986
              ],
              [
                118.9532352,
                32.0862923
              ],
              [
                118.9530892,
                32.0862919
              ],
              [
                118.9530802,
                32.0862352
              ],
              [
                118.9528752,
                32.0852869
              ],
              [
                118.9524245,
                32.0829544
              ],
              [
                118.95234049464263,
                32.082588234784374
              ],
              [
                118.95239344946361,
                32.082018112659206
              ],
              [
                118.9524749,
                32.0811412
              ],
              [
                118.95263726065959,
                32.07880341342495
              ],
              [
                118.9528,
                32.076871
              ],
              [
                118.95295135656502,
                32.075
              ],
              [
                118.94864182873437,
                32.075
              ],
              [
                118.92611709834148,
                32.075
              ],
              [
                118.92611709834145,
                32.075
              ],
              [
                118.89183530190374,
                32.075
              ],
              [
                118.8918799,
                32.0751752
              ],
              [
                118.8918921,
                32.0752269
              ],
              [
                118.8919088,
                32.0752977
              ],
              [
                118.8919316,
                32.0753942
              ],
              [
                118.8919788,
                32.0757146
              ],
              [
                118.8920029,
                32.0759582
              ],
              [
                118.8920026,
                32.0763554
              ],
              [
                118.8919752,
                32.0767895
              ],
              [
                118.8919617,
                32.0768951
              ],
              [
                118.89195877963868,
                32.07691785795845
              ],
              [
                118.8919337,
                32.0771133
              ],
              [
                118.8919069,
                32.0772561
              ],
              [
                118.8918565,
                32.0774432
              ],
              [
                118.891846,
                32.0774746
              ],
              [
                118.8917299,
                32.077822
              ],
              [
                118.8916204,
                32.0780679
              ],
              [
                118.8915788,
                32.0781615
              ],
              [
                118.8915236,
                32.0782928
              ],
              [
                118.8911366,
                32.079213
              ],
              [
                118.8910955,
                32.0793118
              ],
              [
                118.8907488,
                32.080068
              ],
              [
                118.890586,
                32.0803527
              ],
              [
                118.89039,
                32.0806699
              ],
              [
                118.8901057,
                32.0810166
              ],
              [
                118.8899853,
                32.0812122
              ],
              [
                118.8899233,
                32.0812887
              ],
              [
                118.8897147,
                32.0814831
              ],
              [
                118.8894854,
                32.0816995
              ],
              [
                118.8893863,
                32.0817836
              ],
              [
                118.8890286,
                32.0821337
              ],
              [
                118.8886648,
                32.0824132
              ],
              [
                118.8875886,
                32.0831082
              ],
              [
                118.887211,
                32.0833395
              ],
              [
                118.886101,
                32.0840195
              ],
              [
                118.8858386,
                32.0841802
              ],
              [
                118.8856274,
                32.084331
              ],
              [
                118.8854831,
                32.0844372
              ],
              [
                118.8855765,
                32.084568
              ],
              [
                118.8852189,
                32.0847787
              ],
              [
                118.8850078,
                32.0848919
              ],
              [
                118.8845439,
                32.0851406
              ],
              [
                118.8841443,
                32.0853164
              ],
              [
                118.8837815,
                32.085453
              ],
              [
                118.8831446,
                32.0856574
              ],
              [
                118.8826698,
                32.0857998
              ],
              [
                118.8820684,
                32.0859235
              ],
              [
                118.8816237,
                32.0859951
              ],
              [
                118.8812046,
                32.0860402
              ],
              [
                118.8807636,
                32.0860718
              ],
              [
                118.8802819,
                32.0860686
              ],
              [
                118.88,
                32.08605708160486
              ],
              [
                118.88,
                32.093956099500005
              ],
              [
                118.8800083,
                32.0939539
              ],
              [
                118.8802759,
                32.0938677
              ],
              [
                118.8804898,
                32.0938255
              ],
              [
                118.8807338,
                32.093805
              ],
              [
                118.8807703,
                32.0938038
              ],
              [
                118.8809519,
                32.0937979
              ],
              [
                118.881226,
                32.0938141
              ]
            ],
            [
              [
                118.9611266,
                32.1201393
              ],
              [
                118.9617338,
                32.1201218
              ],
              [
                118.9618036,
                32.1201257
              ],
              [
                118.9618893,
                32.1201525
              ],
              [
                118.9619292,
                32.1201734
              ],
              [
                118.9619691,
                32.1202163
              ],
              [
                118.9619751,
                32.1202503
              ],
              [
                118.961977,
                32.1203803
              ],
              [
                118.9619341,
                32.1210415
              ],
              [
                118.9619341,
                32.1212186
              ],
              [
                118.961961,
                32.1213165
              ],
              [
                118.9621135,
                32.1216742
              ],
              [
                118.9621265,
                32.1217972
              ],
              [
                118.9620925,
                32.1220793
              ],
              [
                118.9620816,
                32.1221364
              ],
              [
                118.9620546,
                32.1221724
              ],
              [
                118.9619988,
                32.1222016
              ],
              [
                118.961918,
                32.1222118
              ],
              [
                118.9617974,
                32.1222071
              ],
              [
                118.9617495,
                32.1221912
              ],
              [
                118.9616209,
                32.1220625
              ],
              [
                118.9614904,
                32.1218238
              ],
              [
                118.961271,
                32.1215863
              ],
              [
                118.9609261,
                32.12125
              ],
              [
                118.9608274,
                32.1211873
              ],
              [
                118.9607287,
                32.1211755
              ],
              [
                118.9603887,
                32.1211903
              ],
              [
                118.9602999,
                32.1212135
              ],
              [
                118.9601723,
                32.1212799
              ],
              [
                118.9600217,
                32.1213982
              ],
              [
                118.9599609,
                32.1214324
              ],
              [
                118.9597116,
                32.121512
              ],
              [
                118.9596478,
                32.1215212
              ],
              [
                118.959597,
                32.1215173
              ],
              [
                118.9595431,
                32.1214924
              ],
              [
                118.9594923,
                32.1214565
              ],
              [
                118.9594713,
                32.1214196
              ],
              [
                118.9593776,
                32.1209927
              ],
              [
                118.9592411,
                32.1204229
              ],
              [
                118.9592142,
                32.1202029
              ],
              [
                118.9591106,
                32.1189509
              ],
              [
                118.9591216,
                32.1183828
              ],
              [
                118.9592573,
                32.1173693
              ],
              [
                118.9594129,
                32.1167088
              ],
              [
                118.9595925,
                32.1162072
              ],
              [
                118.9600143,
                32.115215
              ],
              [
                118.9600732,
                32.1151239
              ],
              [
                118.9609397,
                32.1136795
              ],
              [
                118.9609806,
                32.1136494
              ],
              [
                118.9610155,
                32.1136403
              ],
              [
                118.9610873,
                32.1136471
              ],
              [
                118.9614861,
                32.1138442
              ],
              [
                118.966638,
                32.117482
              ],
              [
                118.9677723,
                32.1182201
              ],
              [
                118.9691648,
                32.1189956
              ],
              [
                118.9698894,
                32.1192598
              ],
              [
                118.9699024,
                32.1192867
              ],
              [
                118.9699183,
                32.1193457
              ],
              [
                118.9699023,
                32.120746
              ],
              [
                118.9698753,
                32.1217543
              ],
              [
                118.9698274,
                32.1219164
              ],
              [
                118.9698085,
                32.1219455
              ],
              [
                118.9696988,
                32.1220298
              ],
              [
                118.969638,
                32.122044
              ],
              [
                118.9695254,
                32.1220463
              ],
              [
                118.9694775,
                32.1220284
              ],
              [
                118.9694506,
                32.1220105
              ],
              [
                118.969328,
                32.1218768
              ],
              [
                118.9691297,
                32.1217063
              ],
              [
                118.9689373,
                32.1216207
              ],
              [
                118.9687848,
                32.1215391
              ],
              [
                118.9685466,
                32.1214768
              ],
              [
                118.9676913,
                32.121267
              ],
              [
                118.9676325,
                32.1212561
              ],
              [
                118.9676006,
                32.1212332
              ],
              [
                118.9675787,
                32.1212082
              ],
              [
                118.9675687,
                32.1211673
              ],
              [
                118.9675528,
                32.1210523
              ],
              [
                118.9675448,
                32.1210313
              ],
              [
                118.9675229,
                32.1210153
              ],
              [
                118.9665101,
                32.1208299
              ],
              [
                118.9664832,
                32.120839
              ],
              [
                118.9664642,
                32.1208661
              ],
              [
                118.9664183,
                32.1212233
              ],
              [
                118.9664024,
                32.1212363
              ],
              [
                118.9663834,
                32.1212454
              ],
              [
                118.9651034,
                32.1212396
              ],
              [
                118.9650845,
                32.1212287
              ],
              [
                118.9650526,
                32.1211767
              ],
              [
                118.9650466,
                32.1211057
              ],
              [
                118.9650526,
                32.1208267
              ],
              [
                118.9650337,
                32.1208057
              ],
              [
                118.9650098,
                32.1208018
              ],
              [
                118.9645412,
                32.120796
              ],
              [
                118.9644884,
                32.1207921
              ],
              [
                118.9644664,
                32.1207762
              ],
              [
                118.9644156,
                32.1206833
              ],
              [
                118.9643628,
                32.1206484
              ],
              [
                118.964296,
                32.1206266
              ],
              [
                118.9638174,
                32.1206298
              ],
              [
                118.9637766,
                32.1206099
              ],
              [
                118.9637666,
                32.1205749
              ],
              [
                118.9637666,
                32.1204759
              ],
              [
                118.9638175,
                32.1197396
              ],
              [
                118.9638086,
                32.1197256
              ],
              [
                118.9637876,
                32.1197117
              ],
              [
                118.9633759,
                32.1196427
              ],
              [
                118.9630848,
                32.1194914
              ],
              [
                118.9630389,
                32.1194615
              ],
              [
                118.9626063,
                32.1190995
              ],
              [
                118.9625843,
                32.1190965
              ],
              [
                118.9625574,
                32.1190996
              ],
              [
                118.9625385,
                32.1191107
              ],
              [
                118.9624637,
                32.1191849
              ],
              [
                118.9624378,
                32.1191939
              ],
              [
                118.9620788,
                32.1192758
              ],
              [
                118.9620519,
                32.1192879
              ],
              [
                118.962038,
                32.1192979
              ],
              [
                118.962021,
                32.11932
              ],
              [
                118.962005,
                32.119505
              ],
              [
                118.9619971,
                32.1195181
              ],
              [
                118.9619811,
                32.1195241
              ],
              [
                118.9615055,
                32.1195113
              ],
              [
                118.9614876,
                32.1195063
              ],
              [
                118.9614746,
                32.1194973
              ],
              [
                118.9614656,
                32.1194754
              ],
              [
                118.9614407,
                32.1192454
              ],
              [
                118.9614198,
                32.1192224
              ],
              [
                118.9613999,
                32.1192175
              ],
              [
                118.961024,
                32.1192244
              ],
              [
                118.9609971,
                32.1192355
              ],
              [
                118.9609851,
                32.1192475
              ],
              [
                118.9609761,
                32.1192595
              ],
              [
                118.9609691,
                32.1192835
              ],
              [
                118.961007,
                32.1195805
              ],
              [
                118.9610598,
                32.1200955
              ],
              [
                118.9610817,
                32.1201184
              ],
              [
                118.9611266,
                32.1201393
              ]
            ],
            [
              [
                118.9325987,
                32.1203795
              ],
              [
                118.933521,
                32.1200934
              ],
              [
                118.9347261,
                32.1187578
              ],
              [
                118.9358191,
                32.1187839
              ],
              [
                118.935891,
                32.1187876
              ],
              [
                118.9362967,
                32.1188085
              ],
              [
                118.936991,
                32.1188444
              ],
              [
                118.9407105,
                32.1189754
              ],
              [
                118.9400587,
                32.120865
              ],
              [
                118.9402881,
                32.1242842
              ],
              [
                118.9403683,
                32.1257109
              ],
              [
                118.9404071,
                32.1266615
              ],
              [
                118.9377837,
                32.1264144
              ],
              [
                118.9374302,
                32.126375
              ],
              [
                118.9369584,
                32.1263223
              ],
              [
                118.9356904,
                32.1261141
              ],
              [
                118.9339155,
                32.1257385
              ],
              [
                118.9316589,
                32.1250289
              ],
              [
                118.9286916,
                32.1239436
              ],
              [
                118.9298906,
                32.121794
              ],
              [
                118.930944,
                32.1196436
              ],
              [
                118.9325987,
                32.1203795
              ]
            ],
            [
              [
                118.9341498,
                32.1283874
              ],
              [
                118.934466,
                32.1285204
              ],
              [
                118.9355475,
                32.1269455
              ],
              [
                118.936858,
                32.1270803
              ],
              [
                118.937246,
                32.1271203
              ],
              [
                118.9401394,
                32.127418
              ],
              [
                118.9400215,
                32.1315645
              ],
              [
                118.9395321,
                32.1349834
              ],
              [
                118.9364104,
                32.1347091
              ],
              [
                118.9360076,
                32.134664
              ],
              [
                118.9345327,
                32.1343838
              ],
              [
                118.9330305,
                32.1336538
              ],
              [
                118.9316881,
                32.1330347
              ],
              [
                118.9312399,
                32.132836
              ],
              [
                118.9321523,
                32.1314349
              ],
              [
                118.9331705,
                32.1299029
              ],
              [
                118.9341498,
                32.1283874
              ]
            ],
            [
              [
                118.9351306,
                32.1024824
              ],
              [
                118.9350237,
                32.1028266
              ],
              [
                118.934877,
                32.1031969
              ],
              [
                118.9347162,
                32.1035182
              ],
              [
                118.9345864,
                32.1037434
              ],
              [
                118.9341432,
                32.1044442
              ],
              [
                118.929617,
                32.1019528
              ],
              [
                118.9295162,
                32.1018849
              ],
              [
                118.9294902,
                32.1018029
              ],
              [
                118.9295192,
                32.1017289
              ],
              [
                118.930979,
                32.0997826
              ],
              [
                118.9326632,
                32.0997854
              ],
              [
                118.9330695,
                32.0997898
              ],
              [
                118.9340368,
                32.0998494
              ],
              [
                118.9346886,
                32.0999085
              ],
              [
                118.9348603,
                32.0999153
              ],
              [
                118.9350579,
                32.099913
              ],
              [
                118.9351498,
                32.0999298
              ],
              [
                118.9351977,
                32.0999928
              ],
              [
                118.9351946,
                32.1008149
              ],
              [
                118.9352125,
                32.1015201
              ],
              [
                118.9352025,
                32.1019072
              ],
              [
                118.9351755,
                32.1021973
              ],
              [
                118.9351306,
                32.1024824
              ]
            ],
            [
              [
                118.9329845,
                32.1277148
              ],
              [
                118.9329525,
                32.1279178
              ],
              [
                118.9318534,
                32.1295908
              ],
              [
                118.9301418,
                32.1322905
              ],
              [
                118.9277731,
                32.1312488
              ],
              [
                118.9266573,
                32.1302312
              ],
              [
                118.9256702,
                32.1289592
              ],
              [
                118.9257117,
                32.1288895
              ],
              [
                118.9257421,
                32.1288384
              ],
              [
                118.9265803,
                32.1274302
              ],
              [
                118.927065,
                32.1266159
              ],
              [
                118.928331,
                32.1244889
              ],
              [
                118.9326935,
                32.1261419
              ],
              [
                118.9330171,
                32.1262409
              ],
              [
                118.9334546,
                32.1263122
              ],
              [
                118.933005,
                32.1270235
              ],
              [
                118.9329044,
                32.1272807
              ],
              [
                118.9329258,
                32.1274828
              ],
              [
                118.9329845,
                32.1277148
              ]
            ],
            [
              [
                118.9195619,
                32.1195971
              ],
              [
                118.9202711,
                32.1184722
              ],
              [
                118.9216594,
                32.1161124
              ],
              [
                118.9219783,
                32.115578
              ],
              [
                118.9223074,
                32.1150194
              ],
              [
                118.9225491,
                32.1146351
              ],
              [
                118.9227938,
                32.1142332
              ],
              [
                118.922846,
                32.1141991
              ],
              [
                118.9228992,
                32.1141861
              ],
              [
                118.9229788,
                32.1141859
              ],
              [
                118.9229795,
                32.1141074
              ],
              [
                118.9229872,
                32.11386
              ],
              [
                118.9229872,
                32.113767
              ],
              [
                118.9230296,
                32.1137668
              ],
              [
                118.9230352,
                32.113595
              ],
              [
                118.9230659,
                32.1133557
              ],
              [
                118.9231328,
                32.1129064
              ],
              [
                118.9232409,
                32.1129064
              ],
              [
                118.9232432,
                32.112549
              ],
              [
                118.9232184,
                32.1118857
              ],
              [
                118.9231959,
                32.1112981
              ],
              [
                118.9231875,
                32.1111046
              ],
              [
                118.9231733,
                32.1107754
              ],
              [
                118.9231598,
                32.1103614
              ],
              [
                118.9231078,
                32.1089476
              ],
              [
                118.9231067,
                32.1087579
              ],
              [
                118.9231056,
                32.1087255
              ],
              [
                118.9231056,
                32.1086959
              ],
              [
                118.923097,
                32.1084335
              ],
              [
                118.9230876,
                32.1082582
              ],
              [
                118.9230926,
                32.1079297
              ],
              [
                118.9230787,
                32.1075615
              ],
              [
                118.9230714,
                32.1073013
              ],
              [
                118.9230682,
                32.1071834
              ],
              [
                118.9230666,
                32.1070548
              ],
              [
                118.9230682,
                32.1069762
              ],
              [
                118.9230729,
                32.1069449
              ],
              [
                118.923126,
                32.1069381
              ],
              [
                118.9243545,
                32.1073216
              ],
              [
                118.9253795,
                32.1076472
              ],
              [
                118.9258246,
                32.1078174
              ],
              [
                118.9258259,
                32.1076403
              ],
              [
                118.9259987,
                32.1076994
              ],
              [
                118.92607,
                32.107725
              ],
              [
                118.9265294,
                32.1078705
              ],
              [
                118.9265945,
                32.1078905
              ],
              [
                118.926762,
                32.1079447
              ],
              [
                118.9267603,
                32.1081011
              ],
              [
                118.9268596,
                32.1081337
              ],
              [
                118.9271137,
                32.1082247
              ],
              [
                118.9274118,
                32.1083208
              ],
              [
                118.9278046,
                32.1084162
              ],
              [
                118.9281982,
                32.1085117
              ],
              [
                118.9293425,
                32.1088522
              ],
              [
                118.9298075,
                32.1090455
              ],
              [
                118.930288,
                32.1092452
              ],
              [
                118.9303979,
                32.1092853
              ],
              [
                118.9304436,
                32.1093554
              ],
              [
                118.930435,
                32.109428
              ],
              [
                118.9303522,
                32.1095537
              ],
              [
                118.9299354,
                32.1102163
              ],
              [
                118.9299125,
                32.1102504
              ],
              [
                118.929889,
                32.110288
              ],
              [
                118.9296606,
                32.1106808
              ],
              [
                118.9295,
                32.1110378
              ],
              [
                118.9294225,
                32.1112332
              ],
              [
                118.9293469,
                32.1114622
              ],
              [
                118.9292356,
                32.1119404
              ],
              [
                118.9291779,
                32.1123581
              ],
              [
                118.9291719,
                32.1128245
              ],
              [
                118.9291938,
                32.113126
              ],
              [
                118.9292276,
                32.1133988
              ],
              [
                118.9293091,
                32.1137574
              ],
              [
                118.9293867,
                32.1140454
              ],
              [
                118.929502,
                32.1144529
              ],
              [
                118.9296252,
                32.1148621
              ],
              [
                118.929834,
                32.1155239
              ],
              [
                118.930005,
                32.1160914
              ],
              [
                118.930168,
                32.1166319
              ],
              [
                118.9303549,
                32.1172364
              ],
              [
                118.9304968,
                32.117908
              ],
              [
                118.9305071,
                32.1180483
              ],
              [
                118.9305027,
                32.1180662
              ],
              [
                118.9304921,
                32.1180806
              ],
              [
                118.9304101,
                32.1181995
              ],
              [
                118.9303165,
                32.1183445
              ],
              [
                118.9302703,
                32.118411
              ],
              [
                118.9302151,
                32.1184937
              ],
              [
                118.9301426,
                32.1186018
              ],
              [
                118.9300851,
                32.1186888
              ],
              [
                118.9300551,
                32.1187338
              ],
              [
                118.9302559,
                32.1188294
              ],
              [
                118.9303412,
                32.1189059
              ],
              [
                118.9303663,
                32.118957
              ],
              [
                118.9303842,
                32.1192048
              ],
              [
                118.9303628,
                32.119382
              ],
              [
                118.9303493,
                32.1194422
              ],
              [
                118.9302501,
                32.1197523
              ],
              [
                118.9300744,
                32.1202066
              ],
              [
                118.9299162,
                32.1204962
              ],
              [
                118.9296573,
                32.1209142
              ],
              [
                118.9293502,
                32.1214503
              ],
              [
                118.9288862,
                32.1221738
              ],
              [
                118.9288245,
                32.1222783
              ],
              [
                118.9286247,
                32.1226304
              ],
              [
                118.9285268,
                32.122761
              ],
              [
                118.9282438,
                32.1231915
              ],
              [
                118.9280038,
                32.1235993
              ],
              [
                118.9279273,
                32.1236913
              ],
              [
                118.9278576,
                32.1237424
              ],
              [
                118.9277905,
                32.1237469
              ],
              [
                118.927643,
                32.1237208
              ],
              [
                118.9274754,
                32.123664
              ],
              [
                118.9269228,
                32.1234516
              ],
              [
                118.9264333,
                32.1232426
              ],
              [
                118.9261155,
                32.1231222
              ],
              [
                118.9258513,
                32.1229996
              ],
              [
                118.9252357,
                32.1226986
              ],
              [
                118.923102,
                32.1216446
              ],
              [
                118.9230551,
                32.1216298
              ],
              [
                118.9230229,
                32.1216468
              ],
              [
                118.9229532,
                32.1217706
              ],
              [
                118.9225776,
                32.1215832
              ],
              [
                118.9225374,
                32.1215344
              ],
              [
                118.9225401,
                32.1214605
              ],
              [
                118.922613,
                32.1213523
              ],
              [
                118.922613,
                32.1213342
              ],
              [
                118.9224973,
                32.1212761
              ],
              [
                118.9223987,
                32.1212271
              ],
              [
                118.9223786,
                32.1212416
              ],
              [
                118.92229,
                32.1212015
              ],
              [
                118.9217597,
                32.1209549
              ],
              [
                118.9212956,
                32.1207303
              ],
              [
                118.9209097,
                32.1205137
              ],
              [
                118.9203486,
                32.120223
              ],
              [
                118.919591,
                32.11984
              ],
              [
                118.9195379,
                32.1198007
              ],
              [
                118.9195078,
                32.1197371
              ],
              [
                118.9195169,
                32.1196709
              ],
              [
                118.9195619,
                32.1195971
              ]
            ],
            [
              [
                118.9201515,
                32.1251402
              ],
              [
                118.9216188,
                32.1258061
              ],
              [
                118.9216377,
                32.1258071
              ],
              [
                118.9216617,
                32.1257921
              ],
              [
                118.9224079,
                32.1245951
              ],
              [
                118.9224339,
                32.1245821
              ],
              [
                118.9224489,
                32.1245801
              ],
              [
                118.9224809,
                32.1245841
              ],
              [
                118.9263417,
                32.1262705
              ],
              [
                118.9263577,
                32.1262905
              ],
              [
                118.9263577,
                32.1263315
              ],
              [
                118.9258702,
                32.1272062
              ],
              [
                118.9253249,
                32.1281219
              ],
              [
                118.9249404,
                32.1287284
              ],
              [
                118.9249174,
                32.1287435
              ],
              [
                118.9248655,
                32.1287645
              ],
              [
                118.9248185,
                32.1287736
              ],
              [
                118.9247806,
                32.1287746
              ],
              [
                118.9241904,
                32.1286962
              ],
              [
                118.9235681,
                32.1286838
              ],
              [
                118.9229889,
                32.1286884
              ],
              [
                118.9227631,
                32.1286776
              ],
              [
                118.9225344,
                32.1286618
              ],
              [
                118.9224545,
                32.1286529
              ],
              [
                118.9223227,
                32.12863
              ],
              [
                118.9221838,
                32.1285991
              ],
              [
                118.9221229,
                32.1285792
              ],
              [
                118.9213239,
                32.1282598
              ],
              [
                118.9189285,
                32.1271306
              ],
              [
                118.9189146,
                32.1271226
              ],
              [
                118.9188936,
                32.1270896
              ],
              [
                118.9188956,
                32.1270446
              ],
              [
                118.9200905,
                32.1251473
              ],
              [
                118.9201175,
                32.1251363
              ],
              [
                118.9201515,
                32.1251402
              ]
            ],
            [
              [
                118.9163764,
                32.0896449
              ],
              [
                118.9178562,
                32.0876844
              ],
              [
                118.919065,
                32.0880276
              ],
              [
                118.9189311,
                32.0884118
              ],
              [
                118.9187123,
                32.088718
              ],
              [
                118.9185434,
                32.0889012
              ],
              [
                118.9185973,
                32.0889792
              ],
              [
                118.9183965,
                32.0893674
              ],
              [
                118.9183855,
                32.0895324
              ],
              [
                118.9184315,
                32.0895374
              ],
              [
                118.9184414,
                32.0896064
              ],
              [
                118.9182696,
                32.0901587
              ],
              [
                118.9183565,
                32.0901726
              ],
              [
                118.9185303,
                32.0902115
              ],
              [
                118.9186492,
                32.0902784
              ],
              [
                118.918851,
                32.0903363
              ],
              [
                118.9191926,
                32.090403
              ],
              [
                118.9191726,
                32.090458
              ],
              [
                118.9195193,
                32.0905738
              ],
              [
                118.9195812,
                32.0906628
              ],
              [
                118.9193364,
                32.091125
              ],
              [
                118.9199837,
                32.0914146
              ],
              [
                118.9193813,
                32.0922282
              ],
              [
                118.9171092,
                32.0951945
              ],
              [
                118.9136562,
                32.0933293
              ],
              [
                118.9147805,
                32.0918153
              ],
              [
                118.9163764,
                32.0896449
              ]
            ],
            [
              [
                118.9113464,
                32.0859738
              ],
              [
                118.9113834,
                32.0859688
              ],
              [
                118.9114953,
                32.0859728
              ],
              [
                118.9124867,
                32.0862424
              ],
              [
                118.9135089,
                32.0864829
              ],
              [
                118.9145102,
                32.0867724
              ],
              [
                118.9145291,
                32.0867814
              ],
              [
                118.9145421,
                32.0867984
              ],
              [
                118.9145491,
                32.0868104
              ],
              [
                118.9145611,
                32.0869404
              ],
              [
                118.9149267,
                32.0883285
              ],
              [
                118.91525,
                32.0895764
              ],
              [
                118.9152723,
                32.0896626
              ],
              [
                118.9140103,
                32.0898784
              ],
              [
                118.9139903,
                32.0898904
              ],
              [
                118.9139763,
                32.0899124
              ],
              [
                118.9139763,
                32.0899404
              ],
              [
                118.9139853,
                32.0899714
              ],
              [
                118.9140142,
                32.0900254
              ],
              [
                118.9148875,
                32.090528
              ],
              [
                118.9151953,
                32.0906918
              ],
              [
                118.9152172,
                32.0907068
              ],
              [
                118.9152272,
                32.0907188
              ],
              [
                118.9152312,
                32.0907508
              ],
              [
                118.9148545,
                32.0912542
              ],
              [
                118.914127,
                32.0922468
              ],
              [
                118.9134204,
                32.0931754
              ],
              [
                118.9133934,
                32.0931934
              ],
              [
                118.9133644,
                32.0932024
              ],
              [
                118.9133434,
                32.0932044
              ],
              [
                118.9133115,
                32.0932024
              ],
              [
                118.9132675,
                32.0931924
              ],
              [
                118.9081457,
                32.0904099
              ],
              [
                118.9081167,
                32.0903809
              ],
              [
                118.9080947,
                32.0903399
              ],
              [
                118.9080867,
                32.0903009
              ],
              [
                118.9080977,
                32.0902559
              ],
              [
                118.9107647,
                32.0866412
              ],
              [
                118.9112655,
                32.0860129
              ],
              [
                118.9112885,
                32.0859989
              ],
              [
                118.9113464,
                32.0859738
              ]
            ],
            [
              [
                118.9029313,
                32.0791694
              ],
              [
                118.9036272,
                32.0793864
              ],
              [
                118.9040791,
                32.0791943
              ],
              [
                118.9047749,
                32.0792983
              ],
              [
                118.9058626,
                32.0794701
              ],
              [
                118.9064104,
                32.079484
              ],
              [
                118.907472,
                32.0794588
              ],
              [
                118.9079518,
                32.0794106
              ],
              [
                118.9091233,
                32.0792713
              ],
              [
                118.9091522,
                32.0794413
              ],
              [
                118.9094171,
                32.0794132
              ],
              [
                118.9093901,
                32.0792372
              ],
              [
                118.9097699,
                32.079189
              ],
              [
                118.9104236,
                32.0790727
              ],
              [
                118.9109773,
                32.0790225
              ],
              [
                118.9115439,
                32.0790073
              ],
              [
                118.9125593,
                32.0791048
              ],
              [
                118.9132038,
                32.0792425
              ],
              [
                118.9143619,
                32.079576
              ],
              [
                118.9144578,
                32.079731
              ],
              [
                118.9136104,
                32.0807976
              ],
              [
                118.9121962,
                32.0823537
              ],
              [
                118.908523,
                32.0847316
              ],
              [
                118.9052454,
                32.0835431
              ],
              [
                118.9020091,
                32.0823321
              ],
              [
                118.9014492,
                32.0821161
              ],
              [
                118.8983194,
                32.0808316
              ],
              [
                118.8994976,
                32.0786943
              ],
              [
                118.9029483,
                32.0791364
              ],
              [
                118.9029313,
                32.0791694
              ]
            ],
            [
              [
                118.9034331,
                32.0919291
              ],
              [
                118.9052737,
                32.0904366
              ],
              [
                118.9067752,
                32.0912044
              ],
              [
                118.907245,
                32.0914834
              ],
              [
                118.9084304,
                32.0921192
              ],
              [
                118.9089761,
                32.0924281
              ],
              [
                118.9105582,
                32.0932577
              ],
              [
                118.9115056,
                32.0937634
              ],
              [
                118.9115106,
                32.0937974
              ],
              [
                118.9114936,
                32.0938414
              ],
              [
                118.9109939,
                32.0945188
              ],
              [
                118.9109919,
                32.0945498
              ],
              [
                118.9110039,
                32.0945788
              ],
              [
                118.9110328,
                32.0946108
              ],
              [
                118.9113466,
                32.0947877
              ],
              [
                118.9112047,
                32.0950518
              ],
              [
                118.9109308,
                32.095396
              ],
              [
                118.9106979,
                32.0955261
              ],
              [
                118.9100943,
                32.0955283
              ],
              [
                118.9095196,
                32.0955726
              ],
              [
                118.9092437,
                32.0956127
              ],
              [
                118.9091328,
                32.0958017
              ],
              [
                118.9078364,
                32.095125
              ],
              [
                118.9074116,
                32.094804
              ],
              [
                118.9071305,
                32.0944863
              ],
              [
                118.9068889,
                32.093985
              ],
              [
                118.9068019,
                32.093951
              ],
              [
                118.906715,
                32.09387
              ],
              [
                118.906684,
                32.093761
              ],
              [
                118.9067784,
                32.0936047
              ],
              [
                118.906775,
                32.0932799
              ],
              [
                118.906752,
                32.0932099
              ],
              [
                118.9056115,
                32.092585
              ],
              [
                118.9049796,
                32.0934362
              ],
              [
                118.9046536,
                32.0934893
              ],
              [
                118.9046746,
                32.0935703
              ],
              [
                118.902762,
                32.0939876
              ],
              [
                118.9018511,
                32.0938756
              ],
              [
                118.9017462,
                32.0932834
              ],
              [
                118.9020842,
                32.0930014
              ],
              [
                118.9034331,
                32.0919291
              ]
            ],
            [
              [
                118.9017341,
                32.0826352
              ],
              [
                118.9018151,
                32.0826362
              ],
              [
                118.9018401,
                32.0826442
              ],
              [
                118.9075525,
                32.0848009
              ],
              [
                118.9075635,
                32.0848159
              ],
              [
                118.9075595,
                32.0848319
              ],
              [
                118.9075445,
                32.0848489
              ],
              [
                118.9065428,
                32.0854403
              ],
              [
                118.905693,
                32.0859145
              ],
              [
                118.9051762,
                32.0861897
              ],
              [
                118.9045443,
                32.0865468
              ],
              [
                118.9037984,
                32.087013
              ],
              [
                118.9028845,
                32.0876662
              ],
              [
                118.9028735,
                32.0876692
              ],
              [
                118.9028465,
                32.0876692
              ],
              [
                118.9028315,
                32.0876642
              ],
              [
                118.9009509,
                32.086624
              ],
              [
                118.9001979,
                32.0862409
              ],
              [
                118.9001699,
                32.0862319
              ],
              [
                118.9000959,
                32.0862259
              ],
              [
                118.8996209,
                32.0862279
              ],
              [
                118.8995969,
                32.0862249
              ],
              [
                118.8995509,
                32.0862159
              ],
              [
                118.8995229,
                32.0862039
              ],
              [
                118.8993799,
                32.0861318
              ],
              [
                118.8993529,
                32.0861048
              ],
              [
                118.8993219,
                32.0860408
              ],
              [
                118.8993149,
                32.0859918
              ],
              [
                118.899329,
                32.0859218
              ],
              [
                118.899506,
                32.0856397
              ],
              [
                118.9016702,
                32.0826582
              ],
              [
                118.9016892,
                32.0826472
              ],
              [
                118.9017341,
                32.0826352
              ]
            ]
          ],
          [
            [
              [
                118.9613819,
                32.1128215
              ],
              [
                118.9609895,
                32.1126035
              ],
              [
                118.9605647,
                32.1123881
              ],
              [
                118.9606349,
                32.1124653
              ],
              [
                118.9606385,
                32.1125418
              ],
              [
                118.9606278,
                32.1126107
              ],
              [
                118.9605836,
                32.1126572
              ],
              [
                118.9605341,
                32.1126842
              ],
              [
                118.9604757,
                32.1126977
              ],
              [
                118.9603922,
                32.1126956
              ],
              [
                118.9604405,
                32.112718
              ],
              [
                118.9607961,
                32.1128725
              ],
              [
                118.9611835,
                32.1130469
              ],
              [
                118.9613819,
                32.1128215
              ]
            ]
          ],
          [
            [
              [
                118.9149458,
                32.1263754
              ],
              [
                118.91488446991866,
                32.126480801089414
              ],
              [
                118.9148175698425,
                32.12659577470034
              ],
              [
                118.9147731,
                32.1266722
              ],
              [
                118.9150159,
                32.1267781
              ],
              [
                118.91505983126346,
                32.12670532601451
              ],
              [
                118.91512795754653,
                32.12659247196147
              ],
              [
                118.9151871,
                32.1264945
              ],
              [
                118.9149458,
                32.1263754
              ]
            ]
          ],
          [
            [
              [
                118.8985533,
                32.0988462
              ],
              [
                118.8983205,
                32.0990104
              ],
              [
                118.8984658,
                32.0990808
              ],
              [
                118.8986525,
                32.0989471
              ],
              [
                118.8987169,
                32.0989068
              ],
              [
                118.8985533,
                32.0988462
              ]
            ]
          ],
          [
            [
              [
                118.913535,
                32.1260974
              ],
              [
                118.9118802,
                32.1253137
              ],
              [
                118.9104195,
                32.1246141
              ],
              [
                118.9101454,
                32.1244793
              ],
              [
                118.9103536,
                32.124715
              ],
              [
                118.9134499,
                32.1261611
              ],
              [
                118.9140114,
                32.1263869
              ],
              [
                118.9147731,
                32.1266722
              ],
              [
                118.913535,
                32.1260974
              ]
            ]
          ],
          [
            [
              [
                118.968925,
                32.098662
              ],
              [
                118.968897,
                32.098704
              ],
              [
                118.968891,
                32.098758
              ],
              [
                118.968897,
                32.098806
              ],
              [
                118.96893,
                32.098853
              ],
              [
                118.969001,
                32.098925
              ],
              [
                118.969077,
                32.098966
              ],
              [
                118.969153,
                32.098999
              ],
              [
                118.969242,
                32.098971
              ],
              [
                118.969279,
                32.098927
              ],
              [
                118.969294,
                32.098849
              ],
              [
                118.969322,
                32.098845
              ],
              [
                118.969383,
                32.09884
              ],
              [
                118.969496,
                32.098808
              ],
              [
                118.969505,
                32.098758
              ],
              [
                118.96944,
                32.098699
              ],
              [
                118.969318,
                32.098654
              ],
              [
                118.969253,
                32.098695
              ],
              [
                118.969214,
                32.098749
              ],
              [
                118.969173,
                32.09876
              ],
              [
                118.969118,
                32.098721
              ],
              [
                118.969008,
                32.098667
              ],
              [
                118.968925,
                32.098662
              ]
            ]
          ],
          [
            [
              [
                118.967746,
                32.090889
              ],
              [
                118.967766,
                32.090924
              ],
              [
                118.967898,
                32.091091
              ],
              [
                118.9679738837325,
                32.091185064210066
              ],
              [
                118.967994,
                32.09121
              ],
              [
                118.968143,
                32.091186
              ],
              [
                118.96814930432588,
                32.091177938730844
              ],
              [
                118.968204,
                32.091108
              ],
              [
                118.968182,
                32.090967
              ],
              [
                118.96801625780454,
                32.09079875917847
              ],
              [
                118.967983,
                32.090765
              ],
              [
                118.96777,
                32.090678
              ],
              [
                118.96773454393708,
                32.090678
              ],
              [
                118.967651,
                32.090678
              ],
              [
                118.96764,
                32.090754
              ],
              [
                118.967666,
                32.090819
              ],
              [
                118.967746,
                32.090889
              ]
            ]
          ],
          [
            [
              [
                118.96785572503279,
                32.093747395590164
              ],
              [
                118.967781,
                32.093743
              ],
              [
                118.967705,
                32.093834
              ],
              [
                118.967631,
                32.093936
              ],
              [
                118.96763502128165,
                32.094125804493785
              ],
              [
                118.967636,
                32.094172
              ],
              [
                118.96769516664878,
                32.09428717774296
              ],
              [
                118.967711,
                32.094318
              ],
              [
                118.967822,
                32.094366
              ],
              [
                118.968037,
                32.094368
              ],
              [
                118.968128,
                32.094292
              ],
              [
                118.968037,
                32.09407
              ],
              [
                118.96795884357182,
                32.093907089523086
              ],
              [
                118.967883,
                32.093749
              ],
              [
                118.96785572503279,
                32.093747395590164
              ]
            ]
          ],
          [
            [
              [
                118.95403467215817,
                32.08047486731701
              ],
              [
                118.954032,
                32.080502
              ],
              [
                118.95403995836097,
                32.08050225357523
              ],
              [
                118.95403467215817,
                32.08047486731701
              ]
            ]
          ],
          [
            [
              [
                118.95061540418463,
                32.111414010317354
              ],
              [
                118.9505115,
                32.1113991
              ],
              [
                118.9526871,
                32.1117113
              ],
              [
                118.95061540418463,
                32.111414010317354
              ]
            ]
          ],
          [
            [
              [
                118.9524377,
                32.1103155
              ],
              [
                118.9510577,
                32.1101417
              ],
              [
                118.9510512,
                32.1101738
              ],
              [
                118.9510443,
                32.1102076
              ],
              [
                118.952431,
                32.1103882
              ],
              [
                118.9524377,
                32.1103155
              ]
            ]
          ],
          [
            [
              [
                118.9504853,
                32.1105984
              ],
              [
                118.9503828,
                32.1108549
              ],
              [
                118.9504956,
                32.1108737
              ],
              [
                118.9506115,
                32.1106256
              ],
              [
                118.9504853,
                32.1105984
              ]
            ]
          ],
          [
            [
              [
                118.95014548701101,
                32.09550639873648
              ],
              [
                118.95014911341013,
                32.09565903717216
              ],
              [
                118.95015404501953,
                32.09565960585614
              ],
              [
                118.95015423599045,
                32.09550630027155
              ],
              [
                118.9502453116365,
                32.09550641372339
              ],
              [
                118.95032746873544,
                32.095089983117475
              ],
              [
                118.95032735547682,
                32.09507828633355
              ],
              [
                118.94765839403154,
                32.09521998657845
              ],
              [
                118.94871526631012,
                32.095381575592484
              ],
              [
                118.94940726352732,
                32.09549421719862
              ],
              [
                118.94974421204589,
                32.09551593226697
              ],
              [
                118.95014548701101,
                32.09550639873648
              ]
            ]
          ],
          [
            [
              [
                118.9482034,
                32.1041708
              ],
              [
                118.94814898403662,
                32.10422147632669
              ],
              [
                118.94816634261949,
                32.10423096466405
              ],
              [
                118.9482034,
                32.1041708
              ]
            ]
          ],
          [
            [
              [
                118.94444551720274,
                32.10827599508055
              ],
              [
                118.9446133,
                32.1082757
              ],
              [
                118.944329,
                32.1082762
              ],
              [
                118.94444551720274,
                32.10827599508055
              ]
            ]
          ],
          [
            [
              [
                118.94391044832606,
                32.10809069012824
              ],
              [
                118.94389,
                32.108077
              ],
              [
                118.94379796283337,
                32.10800031673745
              ],
              [
                118.9438389,
                32.1080515
              ],
              [
                118.94391044832606,
                32.10809069012824
              ]
            ]
          ],
          [
            [
              [
                118.94298964362248,
                32.10756368336158
              ],
              [
                118.9432062,
                32.1076187
              ],
              [
                118.9434468,
                32.1076808
              ],
              [
                118.94356596412545,
                32.10775397095423
              ],
              [
                118.94360940998946,
                32.107797926311314
              ],
              [
                118.9436349321235,
                32.10782387450144
              ],
              [
                118.9437833,
                32.1079881
              ],
              [
                118.9436336,
                32.1078224
              ],
              [
                118.9435398,
                32.1077275
              ],
              [
                118.9434351,
                32.1076687
              ],
              [
                118.9433253,
                32.1076139
              ],
              [
                118.9432076,
                32.1075781
              ],
              [
                118.9431058,
                32.1075603
              ],
              [
                118.943018,
                32.1075574
              ],
              [
                118.94298964362248,
                32.10756368336158
              ]
            ]
          ],
          [
            [
              [
                118.93595170508475,
                32.145
              ],
              [
                118.936159,
                32.144832
              ],
              [
                118.936313,
                32.144688
              ],
              [
                118.936214,
                32.144614
              ],
              [
                118.936133,
                32.14458
              ],
              [
                118.935855,
                32.144792
              ],
              [
                118.93557088085106,
                32.145
              ],
              [
                118.93595170508475,
                32.145
              ]
            ]
          ],
          [
            [
              [
                118.9286891,
                32.1407094
              ],
              [
                118.9287052,
                32.1407321
              ],
              [
                118.92874,
                32.1407344
              ],
              [
                118.9287749,
                32.1407253
              ],
              [
                118.9288419,
                32.1406912
              ],
              [
                118.9288715,
                32.1406662
              ],
              [
                118.9288715,
                32.1406322
              ],
              [
                118.92885,
                32.1405799
              ],
              [
                118.9287588,
                32.1403392
              ],
              [
                118.9285389,
                32.1404255
              ],
              [
                118.9286891,
                32.1407094
              ]
            ]
          ],
          [
            [
              [
                118.9285201,
                32.1404051
              ],
              [
                118.9287561,
                32.1403142
              ],
              [
                118.9286569,
                32.140187
              ],
              [
                118.928571,
                32.1400848
              ],
              [
                118.9285281,
                32.1400053
              ],
              [
                118.9284772,
                32.1399236
              ],
              [
                118.9284396,
                32.1398986
              ],
              [
                118.9283887,
                32.1399031
              ],
              [
                118.9283431,
                32.1399349
              ],
              [
                118.9283028,
                32.1399645
              ],
              [
                118.9282921,
                32.1399963
              ],
              [
                118.9285201,
                32.1404051
              ]
            ]
          ],
          [
            [
              [
                118.9261913,
                32.1368679
              ],
              [
                118.926544,
                32.136643
              ],
              [
                118.926308,
                32.136447
              ],
              [
                118.926132,
                32.13613
              ],
              [
                118.925871,
                32.135952
              ],
              [
                118.925824,
                32.135952
              ],
              [
                118.9257,
                32.1361
              ],
              [
                118.925457,
                32.136413
              ],
              [
                118.9255937,
                32.1364997
              ],
              [
                118.9257446,
                32.136472
              ],
              [
                118.9261913,
                32.1368679
              ]
            ]
          ],
          [
            [
              [
                118.9256233,
                32.1385245
              ],
              [
                118.9262912,
                32.1386176
              ],
              [
                118.9264038,
                32.1382315
              ],
              [
                118.9263985,
                32.1381918
              ],
              [
                118.9263904,
                32.1381645
              ],
              [
                118.9263703,
                32.1381373
              ],
              [
                118.9263368,
                32.1381146
              ],
              [
                118.9263032,
                32.1381009
              ],
              [
                118.9258486,
                32.1380226
              ],
              [
                118.9257856,
                32.1380226
              ],
              [
                118.9257547,
                32.1380305
              ],
              [
                118.9257172,
                32.138051
              ],
              [
                118.9256997,
                32.138076
              ],
              [
                118.9256233,
                32.1385245
              ]
            ]
          ],
          [
            [
              [
                118.9258674,
                32.1389526
              ],
              [
                118.9261731,
                32.139006
              ],
              [
                118.926259,
                32.1387028
              ],
              [
                118.9259398,
                32.1386529
              ],
              [
                118.9258674,
                32.1389526
              ]
            ]
          ],
          [
            [
              [
                118.9258593,
                32.1389958
              ],
              [
                118.9258097,
                32.1392241
              ],
              [
                118.9261088,
                32.1392524
              ],
              [
                118.9261638,
                32.139048
              ],
              [
                118.9258593,
                32.1389958
              ]
            ]
          ],
          [
            [
              [
                118.925579,
                32.1387323
              ],
              [
                118.9258929,
                32.13878
              ],
              [
                118.925921,
                32.1386517
              ],
              [
                118.9255938,
                32.1386006
              ],
              [
                118.925579,
                32.1387323
              ]
            ]
          ],
          [
            [
              [
                118.9258513,
                32.138947
              ],
              [
                118.9258821,
                32.1388175
              ],
              [
                118.9255737,
                32.1387619
              ],
              [
                118.9255495,
                32.1389004
              ],
              [
                118.9258513,
                32.138947
              ]
            ]
          ],
          [
            [
              [
                118.9255401,
                32.1389402
              ],
              [
                118.9255026,
                32.1391695
              ],
              [
                118.9255173,
                32.1391877
              ],
              [
                118.9257923,
                32.1392172
              ],
              [
                118.9258446,
                32.1389901
              ],
              [
                118.9255401,
                32.1389402
              ]
            ]
          ],
          [
            [
              [
                118.9199672,
                32.1436786
              ],
              [
                118.91960595202244,
                32.143359787515564
              ],
              [
                118.919764,
                32.1434402
              ],
              [
                118.92293191765327,
                32.145
              ],
              [
                118.9231831351443,
                32.145
              ],
              [
                118.9198039,
                32.1433707
              ],
              [
                118.91936931136529,
                32.14315094483544
              ],
              [
                118.9183646,
                32.1426429
              ],
              [
                118.9172289,
                32.1420211
              ],
              [
                118.9157056,
                32.141125
              ],
              [
                118.9156030885239,
                32.14106471713196
              ],
              [
                118.9155046,
                32.1410068
              ],
              [
                118.914275,
                32.1402834
              ],
              [
                118.91253303668968,
                32.13920875733224
              ],
              [
                118.9125943,
                32.1391538
              ],
              [
                118.9126694,
                32.1390993
              ],
              [
                118.9127429,
                32.1390629
              ],
              [
                118.9127965,
                32.1390266
              ],
              [
                118.9129619,
                32.1389306
              ],
              [
                118.9128454,
                32.1388336
              ],
              [
                118.9118284,
                32.1382172
              ],
              [
                118.9109464,
                32.1377164
              ],
              [
                118.9094689,
                32.1369423
              ],
              [
                118.907897,
                32.1362791
              ],
              [
                118.9073346,
                32.1360562
              ],
              [
                118.9064355,
                32.1356422
              ],
              [
                118.9059244,
                32.1353686
              ],
              [
                118.905603,
                32.1351356
              ],
              [
                118.9052902,
                32.1348229
              ],
              [
                118.9051056,
                32.1346695
              ],
              [
                118.9039843,
                32.1338951
              ],
              [
                118.9036886,
                32.1337171
              ],
              [
                118.9034698,
                32.1336302
              ],
              [
                118.9031091,
                32.1335202
              ],
              [
                118.9029125,
                32.1334174
              ],
              [
                118.902716,
                32.133222
              ],
              [
                118.9024835,
                32.1329745
              ],
              [
                118.9021792,
                32.13274
              ],
              [
                118.9014271,
                32.1322479
              ],
              [
                118.9008442,
                32.1319265
              ],
              [
                118.8989776,
                32.1307888
              ],
              [
                118.8985059,
                32.1304964
              ],
              [
                118.8980956,
                32.1303429
              ],
              [
                118.8975025,
                32.1300505
              ],
              [
                118.8965846,
                32.1294889
              ],
              [
                118.8962324,
                32.1292602
              ],
              [
                118.8961966,
                32.1291646
              ],
              [
                118.8962051,
                32.1290908
              ],
              [
                118.8962923,
                32.1289721
              ],
              [
                118.8964854,
                32.1287405
              ],
              [
                118.8967333,
                32.1284481
              ],
              [
                118.8973622,
                32.1277295
              ],
              [
                118.89746048944282,
                32.12756502161211
              ],
              [
                118.898274,
                32.126707
              ],
              [
                118.898406,
                32.126565
              ],
              [
                118.898497,
                32.126448
              ],
              [
                118.898526,
                32.126403
              ],
              [
                118.898526,
                32.126301
              ],
              [
                118.898497,
                32.126255
              ],
              [
                118.898274,
                32.126019
              ],
              [
                118.898204,
                32.125945
              ],
              [
                118.898057,
                32.125741
              ],
              [
                118.897963,
                32.125589
              ],
              [
                118.897766,
                32.12535
              ],
              [
                118.897545,
                32.125157
              ],
              [
                118.897147,
                32.124888
              ],
              [
                118.8970951227528,
                32.12485807081893
              ],
              [
                118.8974375,
                32.1243277
              ],
              [
                118.8987133,
                32.1224618
              ],
              [
                118.898779,
                32.1222773
              ],
              [
                118.8985852,
                32.1224388
              ],
              [
                118.8973962,
                32.124209
              ],
              [
                118.89699951626557,
                32.12479911357042
              ],
              [
                118.89688810619663,
                32.124730405101694
              ],
              [
                118.8972924,
                32.1241221
              ],
              [
                118.8985085,
                32.122268
              ],
              [
                118.89804,
                32.1228154
              ],
              [
                118.8971986,
                32.1240675
              ],
              [
                118.89679252738097,
                32.1246714600339
              ],
              [
                118.895767,
                32.124039
              ],
              [
                118.895305,
                32.123749
              ],
              [
                118.894905,
                32.123472
              ],
              [
                118.893991,
                32.123053
              ],
              [
                118.89373309777481,
                32.122923649657956
              ],
              [
                118.8937223,
                32.1229168
              ],
              [
                118.89371215819088,
                32.12291314745177
              ],
              [
                118.893668,
                32.122891
              ],
              [
                118.893447,
                32.122778
              ],
              [
                118.893275,
                32.122717
              ],
              [
                118.893095,
                32.122695
              ],
              [
                118.892737,
                32.122671
              ],
              [
                118.892199,
                32.122708
              ],
              [
                118.891437,
                32.122778
              ],
              [
                118.891272,
                32.122791
              ],
              [
                118.890764,
                32.12288
              ],
              [
                118.890552,
                32.12283
              ],
              [
                118.890445,
                32.122747
              ],
              [
                118.890098,
                32.12227
              ],
              [
                118.890044,
                32.122302
              ],
              [
                118.890102,
                32.122404
              ],
              [
                118.890265,
                32.12265
              ],
              [
                118.890354,
                32.122782
              ],
              [
                118.890456,
                32.122886
              ],
              [
                118.890556,
                32.122919
              ],
              [
                118.89073198416145,
                32.12295865840258
              ],
              [
                118.890769,
                32.122967
              ],
              [
                118.890829,
                32.122971
              ],
              [
                118.891734,
                32.122852
              ],
              [
                118.892264,
                32.122797
              ],
              [
                118.893008,
                32.122789
              ],
              [
                118.893266,
                32.12283
              ],
              [
                118.893646,
                32.122977
              ],
              [
                118.89398,
                32.123142
              ],
              [
                118.894117,
                32.12322
              ],
              [
                118.894831,
                32.123548
              ],
              [
                118.895229,
                32.123816
              ],
              [
                118.895939,
                32.124295
              ],
              [
                118.896197,
                32.124437
              ],
              [
                118.89672243121599,
                32.12477571548031
              ],
              [
                118.89681733208295,
                32.12483689264632
              ],
              [
                118.89692671895223,
                32.124907408110275
              ],
              [
                118.89702314585179,
                32.12496956902231
              ],
              [
                118.8958942,
                32.1267184
              ],
              [
                118.8952232,
                32.1277787
              ],
              [
                118.8945928,
                32.1288304
              ],
              [
                118.8941011,
                32.1295594
              ],
              [
                118.8934733,
                32.1304481
              ],
              [
                118.8930584,
                32.1309924
              ],
              [
                118.8925947,
                32.1315264
              ],
              [
                118.8921654,
                32.1319753
              ],
              [
                118.8917148,
                32.1324796
              ],
              [
                118.8914057,
                32.1328095
              ],
              [
                118.8907593,
                32.1334729
              ],
              [
                118.89062757266741,
                32.13339089243636
              ],
              [
                118.89050626784042,
                32.13331537345998
              ],
              [
                118.8904525,
                32.1332819
              ],
              [
                118.892051,
                32.1315132
              ],
              [
                118.8926998,
                32.1308072
              ],
              [
                118.892945,
                32.1305022
              ],
              [
                118.8888995,
                32.1282749
              ],
              [
                118.8889871,
                32.1281826
              ],
              [
                118.8888841,
                32.1281251
              ],
              [
                118.8878872,
                32.1275375
              ],
              [
                118.8858022,
                32.1263285
              ],
              [
                118.8856731,
                32.1262665
              ],
              [
                118.8843743,
                32.125616
              ],
              [
                118.8841269,
                32.1249827
              ],
              [
                118.8841159,
                32.1249011
              ],
              [
                118.8837453,
                32.1240705
              ],
              [
                118.8836582,
                32.1237592
              ],
              [
                118.8835359,
                32.1226942
              ],
              [
                118.8834738,
                32.1223442
              ],
              [
                118.8833433,
                32.121382
              ],
              [
                118.8832909,
                32.1210767
              ],
              [
                118.8831679,
                32.1207504
              ],
              [
                118.8829168,
                32.1205341
              ],
              [
                118.8824842,
                32.1202489
              ],
              [
                118.8819053,
                32.1198824
              ],
              [
                118.8817658,
                32.1197688
              ],
              [
                118.8815244,
                32.1194553
              ],
              [
                118.8813527,
                32.1191918
              ],
              [
                118.8810791,
                32.1189056
              ],
              [
                118.8808599,
                32.1187334
              ],
              [
                118.8803396,
                32.1183927
              ],
              [
                118.88,
                32.11818435986842
              ],
              [
                118.88,
                32.145
              ],
              [
                118.9212649541705,
                32.145
              ],
              [
                118.921231,
                32.1449496
              ],
              [
                118.9211007,
                32.1448225
              ],
              [
                118.9209397,
                32.144668
              ],
              [
                118.9206715,
                32.1444046
              ],
              [
                118.9205174,
                32.1441727
              ],
              [
                118.9199672,
                32.1436786
              ]
            ],
            [
              [
                118.882917,
                32.1259651
              ],
              [
                118.8833113,
                32.1254142
              ],
              [
                118.8834419,
                32.125258
              ],
              [
                118.8836339,
                32.1253616
              ],
              [
                118.8844929,
                32.1258252
              ],
              [
                118.8855548,
                32.1263968
              ],
              [
                118.8842469,
                32.1278958
              ],
              [
                118.884091,
                32.1280476
              ],
              [
                118.8825388,
                32.1267053
              ],
              [
                118.882917,
                32.1259651
              ]
            ]
          ],
          [
            [
              [
                118.9150527,
                32.130391
              ],
              [
                118.9153022,
                32.1301525
              ],
              [
                118.9153022,
                32.1301116
              ],
              [
                118.9146343,
                32.1297232
              ],
              [
                118.9145592,
                32.1297119
              ],
              [
                118.9144841,
                32.129805
              ],
              [
                118.9145082,
                32.1298777
              ],
              [
                118.9145538,
                32.1299208
              ],
              [
                118.9146504,
                32.1299867
              ],
              [
                118.9147174,
                32.1300457
              ],
              [
                118.9147469,
                32.1301162
              ],
              [
                118.9147979,
                32.1301866
              ],
              [
                118.9148998,
                32.1302797
              ],
              [
                118.9149991,
                32.1304092
              ],
              [
                118.9150527,
                32.130391
              ]
            ]
          ],
          [
            [
              [
                118.9145941,
                32.1313336
              ],
              [
                118.9146557,
                32.1314063
              ],
              [
                118.9148033,
                32.1315381
              ],
              [
                118.914881,
                32.1315903
              ],
              [
                118.914932,
                32.1315971
              ],
              [
                118.9152834,
                32.1313245
              ],
              [
                118.9148059,
                32.1310747
              ],
              [
                118.9145941,
                32.1313336
              ]
            ]
          ],
          [
            [
              [
                118.9140522,
                32.131747
              ],
              [
                118.9140227,
                32.1318015
              ],
              [
                118.9140925,
                32.1319151
              ],
              [
                118.9141944,
                32.1319969
              ],
              [
                118.9143661,
                32.1319424
              ],
              [
                118.914822,
                32.1316789
              ],
              [
                118.9148033,
                32.131638
              ],
              [
                118.9145297,
                32.1314018
              ],
              [
                118.9143929,
                32.1314858
              ],
              [
                118.9142239,
                32.1315971
              ],
              [
                118.9140522,
                32.131747
              ]
            ]
          ],
          [
            [
              [
                118.9128248,
                32.1294145
              ],
              [
                118.9126845,
                32.1294337
              ],
              [
                118.9125081,
                32.1295012
              ],
              [
                118.9124588,
                32.1295815
              ],
              [
                118.9124853,
                32.1297309
              ],
              [
                118.9125062,
                32.1298658
              ],
              [
                118.9125252,
                32.129983
              ],
              [
                118.9124683,
                32.1300264
              ],
              [
                118.9124341,
                32.1300858
              ],
              [
                118.9124569,
                32.1301404
              ],
              [
                118.9125479,
                32.1301517
              ],
              [
                118.9127035,
                32.1301404
              ],
              [
                118.9127395,
                32.130126
              ],
              [
                118.9127717,
                32.1300874
              ],
              [
                118.9128267,
                32.1300103
              ],
              [
                118.9129329,
                32.1299059
              ],
              [
                118.913041,
                32.1298032
              ],
              [
                118.9130998,
                32.1297148
              ],
              [
                118.9131131,
                32.129612
              ],
              [
                118.9130809,
                32.1295253
              ],
              [
                118.9130259,
                32.1294594
              ],
              [
                118.9129083,
                32.1294193
              ],
              [
                118.9128248,
                32.1294145
              ]
            ]
          ],
          [
            [
              [
                118.9104586,
                32.1035209
              ],
              [
                118.9114242,
                32.1037663
              ],
              [
                118.9115511,
                32.1035519
              ],
              [
                118.9105265,
                32.1032342
              ],
              [
                118.9104586,
                32.1035209
              ]
            ]
          ],
          [
            [
              [
                118.9103144,
                32.1130915
              ],
              [
                118.9104822,
                32.1130563
              ],
              [
                118.9104366,
                32.1129336
              ],
              [
                118.9102841,
                32.112961
              ],
              [
                118.9103144,
                32.1130915
              ]
            ]
          ],
          [
            [
              [
                118.9085934,
                32.1037809
              ],
              [
                118.9086444,
                32.1038082
              ],
              [
                118.9086873,
                32.1038468
              ],
              [
                118.9086792,
                32.1039059
              ],
              [
                118.9086283,
                32.1039536
              ],
              [
                118.90858,
                32.1040104
              ],
              [
                118.9085854,
                32.1040672
              ],
              [
                118.9086095,
                32.1041172
              ],
              [
                118.9086685,
                32.1041354
              ],
              [
                118.9087168,
                32.1041354
              ],
              [
                118.908757,
                32.1041217
              ],
              [
                118.9087919,
                32.1041104
              ],
              [
                118.9088026,
                32.1040649
              ],
              [
                118.9088241,
                32.1040195
              ],
              [
                118.9088241,
                32.1039513
              ],
              [
                118.9088241,
                32.1039127
              ],
              [
                118.9088268,
                32.1038832
              ],
              [
                118.9088804,
                32.1038468
              ],
              [
                118.9088884,
                32.1038037
              ],
              [
                118.9088697,
                32.1037787
              ],
              [
                118.9088268,
                32.1037673
              ],
              [
                118.9087624,
                32.1037673
              ],
              [
                118.9087087,
                32.1037514
              ],
              [
                118.9086631,
                32.1037196
              ],
              [
                118.9086122,
                32.1036651
              ],
              [
                118.9085398,
                32.1036333
              ],
              [
                118.9085103,
                32.103631
              ],
              [
                118.9084459,
                32.1036628
              ],
              [
                118.9084378,
                32.1037082
              ],
              [
                118.9084727,
                32.1037469
              ],
              [
                118.9085183,
                32.1037673
              ],
              [
                118.9085934,
                32.1037809
              ]
            ]
          ],
          [
            [
              [
                118.9083935,
                32.1068424
              ],
              [
                118.908372,
                32.1067425
              ],
              [
                118.9081789,
                32.1066698
              ],
              [
                118.908136,
                32.1068333
              ],
              [
                118.9082003,
                32.1069878
              ],
              [
                118.9083184,
                32.1070605
              ],
              [
                118.9084686,
                32.1068879
              ],
              [
                118.9083935,
                32.1068424
              ]
            ]
          ],
          [
            [
              [
                118.9073266,
                32.1033385
              ],
              [
                118.9070672,
                32.1032561
              ],
              [
                118.9069197,
                32.1035969
              ],
              [
                118.9071819,
                32.1036813
              ],
              [
                118.9073266,
                32.1033385
              ]
            ]
          ],
          [
            [
              [
                118.9065117,
                32.1044332
              ],
              [
                118.9063763,
                32.1047491
              ],
              [
                118.9066458,
                32.1048308
              ],
              [
                118.9067947,
                32.1045264
              ],
              [
                118.9065117,
                32.1044332
              ]
            ]
          ],
          [
            [
              [
                118.905584,
                32.1090156
              ],
              [
                118.9056054,
                32.1090838
              ],
              [
                118.9056537,
                32.1091201
              ],
              [
                118.9057342,
                32.1091247
              ],
              [
                118.9057878,
                32.1091247
              ],
              [
                118.9058093,
                32.1091837
              ],
              [
                118.9058415,
                32.1092519
              ],
              [
                118.9059648,
                32.1092519
              ],
              [
                118.9060131,
                32.1092701
              ],
              [
                118.9060882,
                32.1092792
              ],
              [
                118.9060453,
                32.1091156
              ],
              [
                118.9060507,
                32.1090156
              ],
              [
                118.9060721,
                32.1089157
              ],
              [
                118.9059863,
                32.1088839
              ],
              [
                118.905938,
                32.1089293
              ],
              [
                118.9058683,
                32.1089157
              ],
              [
                118.9058039,
                32.1088975
              ],
              [
                118.9057932,
                32.1089429
              ],
              [
                118.9057181,
                32.1089611
              ],
              [
                118.9056322,
                32.1089702
              ],
              [
                118.905584,
                32.1090156
              ]
            ]
          ],
          [
            [
              [
                118.905482,
                32.1028335
              ],
              [
                118.9054391,
                32.1028085
              ],
              [
                118.9053935,
                32.1027926
              ],
              [
                118.9053882,
                32.1027608
              ],
              [
                118.905356,
                32.1027471
              ],
              [
                118.9052862,
                32.1027585
              ],
              [
                118.905246,
                32.1027971
              ],
              [
                118.9052058,
                32.1028153
              ],
              [
                118.9052004,
                32.1028517
              ],
              [
                118.9052326,
                32.1028698
              ],
              [
                118.9052567,
                32.1028698
              ],
              [
                118.9052943,
                32.1028698
              ],
              [
                118.9053238,
                32.1028948
              ],
              [
                118.9053533,
                32.1029357
              ],
              [
                118.9054043,
                32.1029539
              ],
              [
                118.9054499,
                32.1029494
              ],
              [
                118.9054713,
                32.1029153
              ],
              [
                118.905474,
                32.1028789
              ],
              [
                118.905482,
                32.1028335
              ]
            ]
          ],
          [
            [
              [
                118.9001573,
                32.1202717
              ],
              [
                118.8991256,
                32.1218031
              ],
              [
                118.8989122,
                32.1221028
              ],
              [
                118.8991511,
                32.122245
              ],
              [
                118.9002728,
                32.1231255
              ],
              [
                118.9012251,
                32.123908
              ],
              [
                118.9013035,
                32.1239724
              ],
              [
                118.9013609,
                32.1240269
              ],
              [
                118.9020088,
                32.1245761
              ],
              [
                118.9024023,
                32.1249096
              ],
              [
                118.9024882,
                32.1249423
              ],
              [
                118.9026155,
                32.124936
              ],
              [
                118.9027266,
                32.1249091
              ],
              [
                118.9028484,
                32.124841
              ],
              [
                118.9030333,
                32.1245036
              ],
              [
                118.9033531,
                32.1237748
              ],
              [
                118.9035624,
                32.1234252
              ],
              [
                118.9037427,
                32.1232774
              ],
              [
                118.9043413,
                32.1229535
              ],
              [
                118.9043707,
                32.1229376
              ],
              [
                118.9047195,
                32.1226668
              ],
              [
                118.9050917,
                32.1222531
              ],
              [
                118.9051697,
                32.1221186
              ],
              [
                118.9052576,
                32.122031
              ],
              [
                118.90531812748976,
                32.12195536833493
              ],
              [
                118.9048627,
                32.1217054
              ],
              [
                118.9039326,
                32.1211567
              ],
              [
                118.9017804,
                32.1197397
              ],
              [
                118.90087937785073,
                32.11910178006088
              ],
              [
                118.9001573,
                32.1202717
              ]
            ]
          ],
          [
            [
              [
                118.90097103906226,
                32.11895326937203
              ],
              [
                118.9009042,
                32.1189039
              ],
              [
                118.90082670769326,
                32.1188460899863
              ],
              [
                118.90073294355811,
                32.118993929733776
              ],
              [
                118.9008174,
                32.1190579
              ],
              [
                118.90087937785073,
                32.11910178006088
              ],
              [
                118.90097103906226,
                32.11895326937203
              ]
            ]
          ],
          [
            [
              [
                118.9036984,
                32.1027199
              ],
              [
                118.9036689,
                32.1026881
              ],
              [
                118.9036394,
                32.1026744
              ],
              [
                118.903575,
                32.1026835
              ],
              [
                118.9035374,
                32.1026972
              ],
              [
                118.9034302,
                32.1029607
              ],
              [
                118.903929,
                32.1031152
              ],
              [
                118.9040819,
                32.1030789
              ],
              [
                118.9041463,
                32.1030425
              ],
              [
                118.904259,
                32.1027426
              ],
              [
                118.9042107,
                32.1027222
              ],
              [
                118.9041275,
                32.1027131
              ],
              [
                118.9040685,
                32.1027267
              ],
              [
                118.9040122,
                32.1027471
              ],
              [
                118.9039746,
                32.1027153
              ],
              [
                118.9039398,
                32.1026994
              ],
              [
                118.9038942,
                32.1026994
              ],
              [
                118.9038298,
                32.1027176
              ],
              [
                118.9037708,
                32.1027426
              ],
              [
                118.9037359,
                32.1027426
              ],
              [
                118.9036984,
                32.1027199
              ]
            ]
          ],
          [
            [
              [
                118.9032754,
                32.128658
              ],
              [
                118.9033257,
                32.1285769
              ],
              [
                118.9033683,
                32.1284781
              ],
              [
                118.9034044,
                32.1284026
              ],
              [
                118.903394,
                32.128356
              ],
              [
                118.9033664,
                32.1283239
              ],
              [
                118.9032925,
                32.1282356
              ],
              [
                118.9032451,
                32.1281825
              ],
              [
                118.903173,
                32.1281231
              ],
              [
                118.9031426,
                32.1280974
              ],
              [
                118.9031009,
                32.1280862
              ],
              [
                118.9030734,
                32.1280982
              ],
              [
                118.9030355,
                32.1281344
              ],
              [
                118.9027823,
                32.1284187
              ],
              [
                118.9029947,
                32.1285977
              ],
              [
                118.9030213,
                32.1285929
              ],
              [
                118.9031939,
                32.1287166
              ],
              [
                118.9032754,
                32.128658
              ]
            ]
          ],
          [
            [
              [
                118.8911568,
                32.1181293
              ],
              [
                118.8909261,
                32.1182792
              ],
              [
                118.8913392,
                32.1188335
              ],
              [
                118.8916342,
                32.1186427
              ],
              [
                118.8911568,
                32.1181293
              ]
            ]
          ],
          [
            [
              [
                118.8904072,
                32.0752292
              ],
              [
                118.8904495,
                32.0751736
              ],
              [
                118.8909826,
                32.0754486
              ],
              [
                118.8909598,
                32.0754883
              ],
              [
                118.891051,
                32.0755315
              ],
              [
                118.8911381,
                32.0753168
              ],
              [
                118.8911931,
                32.0752861
              ],
              [
                118.8914265,
                32.075194
              ],
              [
                118.8914452,
                32.0751497
              ],
              [
                118.8914037,
                32.0750258
              ],
              [
                118.89139142672065,
                32.075
              ],
              [
                118.89030529157577,
                32.075
              ],
              [
                118.8900036,
                32.0753997
              ],
              [
                118.8900948,
                32.0754202
              ],
              [
                118.8901511,
                32.0754497
              ],
              [
                118.8901913,
                32.0754883
              ],
              [
                118.8903764,
                32.0752202
              ],
              [
                118.8904072,
                32.0752292
              ]
            ]
          ],
          [
            [
              [
                118.8904463,
                32.0760345
              ],
              [
                118.8904484,
                32.0760541
              ],
              [
                118.890459,
                32.0760717
              ],
              [
                118.8904765,
                32.0760846
              ],
              [
                118.8904984,
                32.0760912
              ],
              [
                118.8905247,
                32.0760919
              ],
              [
                118.8905496,
                32.076099
              ],
              [
                118.8905709,
                32.0761119
              ],
              [
                118.8905869,
                32.0761295
              ],
              [
                118.8905964,
                32.0761513
              ],
              [
                118.8905977,
                32.0761745
              ],
              [
                118.8905906,
                32.0761969
              ],
              [
                118.8905953,
                32.0762071
              ],
              [
                118.8906044,
                32.0762176
              ],
              [
                118.8906325,
                32.0761855
              ],
              [
                118.8906711,
                32.0762077
              ],
              [
                118.890686,
                32.0762018
              ],
              [
                118.8907023,
                32.0761994
              ],
              [
                118.8907152,
                32.0762002
              ],
              [
                118.8907278,
                32.0762031
              ],
              [
                118.8907416,
                32.0761961
              ],
              [
                118.8907514,
                32.0761853
              ],
              [
                118.8907559,
                32.0761722
              ],
              [
                118.8907538,
                32.0761566
              ],
              [
                118.8907442,
                32.0761432
              ],
              [
                118.8907314,
                32.0761451
              ],
              [
                118.8907187,
                32.0761429
              ],
              [
                118.8907074,
                32.0761367
              ],
              [
                118.8906996,
                32.0761273
              ],
              [
                118.8906865,
                32.0761262
              ],
              [
                118.8906744,
                32.0761216
              ],
              [
                118.8906637,
                32.0761128
              ],
              [
                118.8906573,
                32.0761014
              ],
              [
                118.8906488,
                32.076098
              ],
              [
                118.8906419,
                32.0760923
              ],
              [
                118.890637,
                32.0760834
              ],
              [
                118.8906366,
                32.0760736
              ],
              [
                118.8906231,
                32.0760666
              ],
              [
                118.8906144,
                32.0760554
              ],
              [
                118.8906122,
                32.0760411
              ],
              [
                118.8906178,
                32.0760276
              ],
              [
                118.8906159,
                32.0760162
              ],
              [
                118.8906101,
                32.0760059
              ],
              [
                118.890601,
                32.0759974
              ],
              [
                118.8905876,
                32.0759911
              ],
              [
                118.8905725,
                32.0759889
              ],
              [
                118.8905574,
                32.0759911
              ],
              [
                118.890544,
                32.0759974
              ],
              [
                118.890525,
                32.0759895
              ],
              [
                118.890504,
                32.0759874
              ],
              [
                118.8904834,
                32.0759915
              ],
              [
                118.8904656,
                32.0760013
              ],
              [
                118.8904528,
                32.0760156
              ],
              [
                118.8904463,
                32.0760345
              ]
            ]
          ],
          [
            [
              [
                118.8905019,
                32.0762049
              ],
              [
                118.8905219,
                32.0761997
              ],
              [
                118.8905361,
                32.0761867
              ],
              [
                118.8905408,
                32.0761695
              ],
              [
                118.8905346,
                32.0761526
              ],
              [
                118.8905193,
                32.0761405
              ],
              [
                118.890499,
                32.0761366
              ],
              [
                118.890479,
                32.0761418
              ],
              [
                118.8904648,
                32.0761547
              ],
              [
                118.8904601,
                32.076172
              ],
              [
                118.8904662,
                32.0761889
              ],
              [
                118.8904816,
                32.076201
              ],
              [
                118.8905019,
                32.0762049
              ]
            ]
          ],
          [
            [
              [
                118.8830532,
                32.1072601
              ],
              [
                118.8834811,
                32.1072187
              ],
              [
                118.8838178,
                32.1071611
              ],
              [
                118.8840859,
                32.1071033
              ],
              [
                118.8842906,
                32.1070524
              ],
              [
                118.8848403,
                32.1068926
              ],
              [
                118.8853504,
                32.1067259
              ],
              [
                118.885554,
                32.1066484
              ],
              [
                118.8857508,
                32.106557
              ],
              [
                118.8861251,
                32.1063644
              ],
              [
                118.8864081,
                32.1062133
              ],
              [
                118.8869002,
                32.1059179
              ],
              [
                118.8874422,
                32.1055701
              ],
              [
                118.8879121,
                32.1052484
              ],
              [
                118.88800166288175,
                32.10518864118623
              ],
              [
                118.88811101408923,
                32.10511567905822
              ],
              [
                118.8882093,
                32.1050501
              ],
              [
                118.8881258,
                32.1049343
              ],
              [
                118.8874943,
                32.1041108
              ],
              [
                118.8870425,
                32.1035727
              ],
              [
                118.8869646,
                32.1034799
              ],
              [
                118.8864975,
                32.1029936
              ],
              [
                118.8861762,
                32.102691
              ],
              [
                118.8858036,
                32.1024059
              ],
              [
                118.8856132,
                32.1023046
              ],
              [
                118.8845467,
                32.1014727
              ],
              [
                118.8835039,
                32.1008319
              ],
              [
                118.8830879,
                32.1005942
              ],
              [
                118.8823793,
                32.1001666
              ],
              [
                118.8814053,
                32.0997255
              ],
              [
                118.8807208,
                32.099482
              ],
              [
                118.88,
                32.0992508907487
              ],
              [
                118.88,
                32.10714650625865
              ],
              [
                118.8809209,
                32.1072294
              ],
              [
                118.8814736,
                32.1072629
              ],
              [
                118.8815674,
                32.1072634
              ],
              [
                118.8815949,
                32.1072649
              ],
              [
                118.8820267,
                32.1072879
              ],
              [
                118.8825282,
                32.1072857
              ],
              [
                118.8830532,
                32.1072601
              ]
            ]
          ],
          [
            [
              [
                118.8850338,
                32.124938
              ],
              [
                118.8843511,
                32.1245011
              ],
              [
                118.8842581,
                32.124469
              ],
              [
                118.8842012,
                32.1244738
              ],
              [
                118.88415,
                32.1244883
              ],
              [
                118.8841045,
                32.1245461
              ],
              [
                118.884131,
                32.1246313
              ],
              [
                118.8842866,
                32.1249959
              ],
              [
                118.8843131,
                32.125028
              ],
              [
                118.8843629,
                32.1250462
              ],
              [
                118.8846834,
                32.1250508
              ],
              [
                118.8847223,
                32.1250428
              ],
              [
                118.8849409,
                32.1249974
              ],
              [
                118.8850149,
                32.1249718
              ],
              [
                118.8850338,
                32.124938
              ]
            ]
          ],
          [
            [
              [
                118.8825873,
                32.0949718
              ],
              [
                118.8825873,
                32.0951105
              ],
              [
                118.8826047,
                32.0951457
              ],
              [
                118.8826945,
                32.0952604
              ],
              [
                118.8827053,
                32.0952991
              ],
              [
                118.882724,
                32.095332
              ],
              [
                118.8829091,
                32.0954002
              ],
              [
                118.8829775,
                32.0954058
              ],
              [
                118.883227,
                32.0953127
              ],
              [
                118.8833436,
                32.0952536
              ],
              [
                118.8833718,
                32.095182
              ],
              [
                118.8833624,
                32.095107
              ],
              [
                118.883247,
                32.0950196
              ],
              [
                118.882775,
                32.0947071
              ],
              [
                118.8826919,
                32.0946787
              ],
              [
                118.8826288,
                32.094706
              ],
              [
                118.8825899,
                32.0947446
              ],
              [
                118.8825738,
                32.0947991
              ],
              [
                118.8825873,
                32.0949718
              ]
            ]
          ],
          [
            [
              [
                118.8813129,
                32.0761716
              ],
              [
                118.88220822299354,
                32.075
              ],
              [
                118.8820440824602,
                32.075
              ],
              [
                118.8805149,
                32.077011
              ],
              [
                118.88,
                32.077678845311546
              ],
              [
                118.88,
                32.07788733438333
              ],
              [
                118.8813129,
                32.0761716
              ]
            ]
          ],
          [
            [
              [
                118.8816921,
                32.1171563
              ],
              [
                118.8816939,
                32.1171364
              ],
              [
                118.8816867,
                32.1171175
              ],
              [
                118.8816714,
                32.1171023
              ],
              [
                118.8816505,
                32.1170932
              ],
              [
                118.881627,
                32.1170917
              ],
              [
                118.8816047,
                32.1170978
              ],
              [
                118.8815868,
                32.1171107
              ],
              [
                118.8815761,
                32.1171285
              ],
              [
                118.8815742,
                32.1171483
              ],
              [
                118.8815814,
                32.1171673
              ],
              [
                118.8815967,
                32.1171824
              ],
              [
                118.8816176,
                32.1171915
              ],
              [
                118.8816411,
                32.1171931
              ],
              [
                118.8816635,
                32.1171869
              ],
              [
                118.8816814,
                32.117174
              ],
              [
                118.8816921,
                32.1171563
              ]
            ]
          ],
          [
            [
              [
                118.8808197,
                32.0771662
              ],
              [
                118.8808063,
                32.0772162
              ],
              [
                118.8808177,
                32.0772622
              ],
              [
                118.8808552,
                32.0772969
              ],
              [
                118.8809296,
                32.0773236
              ],
              [
                118.8809625,
                32.0773304
              ],
              [
                118.8809793,
                32.0773185
              ],
              [
                118.8810161,
                32.0772071
              ],
              [
                118.8810054,
                32.0771702
              ],
              [
                118.8809196,
                32.077127
              ],
              [
                118.8808586,
                32.0771264
              ],
              [
                118.8808197,
                32.0771662
              ]
            ]
          ]
        ]
      }
    },
    {
      "type": "Feature",
      "properties": {
        "OBJECTID": 2002,
        "overview_id": "sector_B",
        "NAME": "Screening Sector B",
        "BARRIO": "Screening Sector B",
        "label": "Screening Sector B",
        "comuna_name": "Derived screening sector",
        "geometry_class": "derived_screening_sector",
        "geometry_provenance": "Derived screening polygon from AOI remainder split by major OSM roads/waterways; not an administrative boundary or neighborhood",
        "kind": "screening_sector",
        "area_m2": 3262390.9,
        "is_focus_area": false,
        "map_fill": true,
        "population_proxy": 2716.3,
        "population_estimate": 2716.3,
        "population_label": "WorldPop 2026 population estimate (aggregated from planning cells)",
        "built_up_fraction": 0.7451,
        "drainage_stress_proxy": 0.465,
        "runoff_pressure_proxy": 0.6952,
        "mean_elevation_m": 24.25,
        "mean_slope_deg": 1.55,
        "priority_exposure_raw": 1263.194,
        "priority_balanced_raw": 1419.508,
        "priority_runoff_raw": 0.465,
        "member_cell_ids": [
          30,
          40,
          41
        ],
        "member_cell_count": 3,
        "member_overlaps": [
          {
            "cell_id": 30,
            "overlap_area_m2": 864862.2
          },
          {
            "cell_id": 40,
            "overlap_area_m2": 843783.1
          },
          {
            "cell_id": 41,
            "overlap_area_m2": 879451.6
          }
        ],
        "aggregation_method": "population_weighted_mean_for_proxies;sum_for_population;centroid_membership",
        "rank_exposure": 4,
        "rank_balanced": 4,
        "rank_runoff": 10,
        "rank_low_regret": 6,
        "rank_equity": null,
        "priority_exposure": 0.1029,
        "priority_balanced": 0.1053,
        "priority_runoff": 0.7282,
        "priority_low_regret": 0.2547,
        "priority_equity": null,
        "priority_low_regret_raw": 0.6,
        "normalization": "minmax_within_nanjing_overview"
      },
      "geometry": {
        "type": "MultiPolygon",
        "coordinates": [
          [
            [
              [
                118.8803396,
                32.1183927
              ],
              [
                118.8808599,
                32.1187334
              ],
              [
                118.8810791,
                32.1189056
              ],
              [
                118.8813527,
                32.1191918
              ],
              [
                118.8815244,
                32.1194553
              ],
              [
                118.8817658,
                32.1197688
              ],
              [
                118.8819053,
                32.1198824
              ],
              [
                118.8824842,
                32.1202489
              ],
              [
                118.8829168,
                32.1205341
              ],
              [
                118.8831679,
                32.1207504
              ],
              [
                118.8832909,
                32.1210767
              ],
              [
                118.8833433,
                32.121382
              ],
              [
                118.8834738,
                32.1223442
              ],
              [
                118.8835359,
                32.1226942
              ],
              [
                118.8836582,
                32.1237592
              ],
              [
                118.8837453,
                32.1240705
              ],
              [
                118.8841159,
                32.1249011
              ],
              [
                118.8841269,
                32.1249827
              ],
              [
                118.8843743,
                32.125616
              ],
              [
                118.8856731,
                32.1262665
              ],
              [
                118.8858022,
                32.1263285
              ],
              [
                118.8878872,
                32.1275375
              ],
              [
                118.8888841,
                32.1281251
              ],
              [
                118.8889871,
                32.1281826
              ],
              [
                118.8888995,
                32.1282749
              ],
              [
                118.892945,
                32.1305022
              ],
              [
                118.8926998,
                32.1308072
              ],
              [
                118.892051,
                32.1315132
              ],
              [
                118.8904525,
                32.1332819
              ],
              [
                118.89050626784042,
                32.13331537345998
              ],
              [
                118.89062757266741,
                32.13339089243636
              ],
              [
                118.8907593,
                32.1334729
              ],
              [
                118.8914057,
                32.1328095
              ],
              [
                118.8917148,
                32.1324796
              ],
              [
                118.8921654,
                32.1319753
              ],
              [
                118.8925947,
                32.1315264
              ],
              [
                118.8930584,
                32.1309924
              ],
              [
                118.8934733,
                32.1304481
              ],
              [
                118.8941011,
                32.1295594
              ],
              [
                118.8945928,
                32.1288304
              ],
              [
                118.8952232,
                32.1277787
              ],
              [
                118.8958942,
                32.1267184
              ],
              [
                118.89702314585179,
                32.12496956902231
              ],
              [
                118.89692671895223,
                32.124907408110275
              ],
              [
                118.89681733208295,
                32.12483689264632
              ],
              [
                118.89672243121599,
                32.12477571548031
              ],
              [
                118.896197,
                32.124437
              ],
              [
                118.895939,
                32.124295
              ],
              [
                118.895229,
                32.123816
              ],
              [
                118.894831,
                32.123548
              ],
              [
                118.894117,
                32.12322
              ],
              [
                118.89398,
                32.123142
              ],
              [
                118.893646,
                32.122977
              ],
              [
                118.893266,
                32.12283
              ],
              [
                118.893008,
                32.122789
              ],
              [
                118.892264,
                32.122797
              ],
              [
                118.891734,
                32.122852
              ],
              [
                118.890829,
                32.122971
              ],
              [
                118.890769,
                32.122967
              ],
              [
                118.89073198416145,
                32.12295865840258
              ],
              [
                118.890556,
                32.122919
              ],
              [
                118.890456,
                32.122886
              ],
              [
                118.890354,
                32.122782
              ],
              [
                118.890265,
                32.12265
              ],
              [
                118.890102,
                32.122404
              ],
              [
                118.890044,
                32.122302
              ],
              [
                118.890098,
                32.12227
              ],
              [
                118.890445,
                32.122747
              ],
              [
                118.890552,
                32.12283
              ],
              [
                118.890764,
                32.12288
              ],
              [
                118.891272,
                32.122791
              ],
              [
                118.891437,
                32.122778
              ],
              [
                118.892199,
                32.122708
              ],
              [
                118.892737,
                32.122671
              ],
              [
                118.893095,
                32.122695
              ],
              [
                118.893275,
                32.122717
              ],
              [
                118.893447,
                32.122778
              ],
              [
                118.893668,
                32.122891
              ],
              [
                118.89371215819088,
                32.12291314745177
              ],
              [
                118.8937223,
                32.1229168
              ],
              [
                118.89373309777481,
                32.122923649657956
              ],
              [
                118.893991,
                32.123053
              ],
              [
                118.894905,
                32.123472
              ],
              [
                118.895305,
                32.123749
              ],
              [
                118.895767,
                32.124039
              ],
              [
                118.89679252738097,
                32.1246714600339
              ],
              [
                118.8971986,
                32.1240675
              ],
              [
                118.89804,
                32.1228154
              ],
              [
                118.8985085,
                32.122268
              ],
              [
                118.8972924,
                32.1241221
              ],
              [
                118.89688810619663,
                32.124730405101694
              ],
              [
                118.89699951626557,
                32.12479911357042
              ],
              [
                118.8973962,
                32.124209
              ],
              [
                118.8985852,
                32.1224388
              ],
              [
                118.898779,
                32.1222773
              ],
              [
                118.8988552,
                32.1221879
              ],
              [
                118.8989122,
                32.1221028
              ],
              [
                118.8991256,
                32.1218031
              ],
              [
                118.9001573,
                32.1202717
              ],
              [
                118.90087937785073,
                32.11910178006088
              ],
              [
                118.9008174,
                32.1190579
              ],
              [
                118.90073294355811,
                32.118993929733776
              ],
              [
                118.8994825,
                32.1180468
              ],
              [
                118.8984654,
                32.1172373
              ],
              [
                118.89774931288316,
                32.11661991383053
              ],
              [
                118.8974563,
                32.1168611
              ],
              [
                118.8973049,
                32.1167172
              ],
              [
                118.8972549,
                32.1166423
              ],
              [
                118.8972281,
                32.1165469
              ],
              [
                118.8967788,
                32.1161209
              ],
              [
                118.8962999,
                32.115573
              ],
              [
                118.8956874,
                32.1149676
              ],
              [
                118.8946497,
                32.1138932
              ],
              [
                118.8940854,
                32.113211
              ],
              [
                118.8931832,
                32.1122151
              ],
              [
                118.8930786,
                32.1120886
              ],
              [
                118.8926279,
                32.1115436
              ],
              [
                118.8923345,
                32.1111888
              ],
              [
                118.8922565,
                32.1110918
              ],
              [
                118.8919161,
                32.1106657
              ],
              [
                118.8918172,
                32.1105436
              ],
              [
                118.8916347,
                32.1103185
              ],
              [
                118.8910097,
                32.1094823
              ],
              [
                118.8901113,
                32.1082756
              ],
              [
                118.8898213,
                32.107797
              ],
              [
                118.888721,
                32.1062514
              ],
              [
                118.8882232,
                32.1056341
              ],
              [
                118.8879121,
                32.1052484
              ],
              [
                118.8874422,
                32.1055701
              ],
              [
                118.8869002,
                32.1059179
              ],
              [
                118.8864081,
                32.1062133
              ],
              [
                118.8861251,
                32.1063644
              ],
              [
                118.8857508,
                32.106557
              ],
              [
                118.885554,
                32.1066484
              ],
              [
                118.8853504,
                32.1067259
              ],
              [
                118.8848403,
                32.1068926
              ],
              [
                118.8842906,
                32.1070524
              ],
              [
                118.8840859,
                32.1071033
              ],
              [
                118.8838178,
                32.1071611
              ],
              [
                118.8834811,
                32.1072187
              ],
              [
                118.8830532,
                32.1072601
              ],
              [
                118.8825282,
                32.1072857
              ],
              [
                118.8820267,
                32.1072879
              ],
              [
                118.8815949,
                32.1072649
              ],
              [
                118.8815674,
                32.1072634
              ],
              [
                118.8814736,
                32.1072629
              ],
              [
                118.8809209,
                32.1072294
              ],
              [
                118.88,
                32.10714650625865
              ],
              [
                118.88,
                32.10749792133388
              ],
              [
                118.88,
                32.11818435986842
              ],
              [
                118.8803396,
                32.1183927
              ]
            ],
            [
              [
                118.8911568,
                32.1181293
              ],
              [
                118.8916342,
                32.1186427
              ],
              [
                118.8913392,
                32.1188335
              ],
              [
                118.8909261,
                32.1182792
              ],
              [
                118.8911568,
                32.1181293
              ]
            ],
            [
              [
                118.8843629,
                32.1250462
              ],
              [
                118.8843131,
                32.125028
              ],
              [
                118.8842866,
                32.1249959
              ],
              [
                118.884131,
                32.1246313
              ],
              [
                118.8841045,
                32.1245461
              ],
              [
                118.88415,
                32.1244883
              ],
              [
                118.8842012,
                32.1244738
              ],
              [
                118.8842581,
                32.124469
              ],
              [
                118.8843511,
                32.1245011
              ],
              [
                118.8850338,
                32.124938
              ],
              [
                118.8850149,
                32.1249718
              ],
              [
                118.8849409,
                32.1249974
              ],
              [
                118.8847223,
                32.1250428
              ],
              [
                118.8846834,
                32.1250508
              ],
              [
                118.8843629,
                32.1250462
              ]
            ],
            [
              [
                118.8815967,
                32.1171824
              ],
              [
                118.8815814,
                32.1171673
              ],
              [
                118.8815742,
                32.1171483
              ],
              [
                118.8815761,
                32.1171285
              ],
              [
                118.8815868,
                32.1171107
              ],
              [
                118.8816047,
                32.1170978
              ],
              [
                118.881627,
                32.1170917
              ],
              [
                118.8816505,
                32.1170932
              ],
              [
                118.8816714,
                32.1171023
              ],
              [
                118.8816867,
                32.1171175
              ],
              [
                118.8816939,
                32.1171364
              ],
              [
                118.8816921,
                32.1171563
              ],
              [
                118.8816814,
                32.117174
              ],
              [
                118.8816635,
                32.1171869
              ],
              [
                118.8816411,
                32.1171931
              ],
              [
                118.8816176,
                32.1171915
              ],
              [
                118.8815967,
                32.1171824
              ]
            ]
          ],
          [
            [
              [
                118.8855548,
                32.1263968
              ],
              [
                118.8844929,
                32.1258252
              ],
              [
                118.8836339,
                32.1253616
              ],
              [
                118.8834419,
                32.125258
              ],
              [
                118.8833113,
                32.1254142
              ],
              [
                118.882917,
                32.1259651
              ],
              [
                118.8825388,
                32.1267053
              ],
              [
                118.884091,
                32.1280476
              ],
              [
                118.8842469,
                32.1278958
              ],
              [
                118.8855548,
                32.1263968
              ]
            ]
          ]
        ]
      }
    },
    {
      "type": "Feature",
      "properties": {
        "OBJECTID": 2003,
        "overview_id": "sector_C",
        "NAME": "Screening Sector C",
        "BARRIO": "Screening Sector C",
        "label": "Screening Sector C",
        "comuna_name": "Derived screening sector",
        "geometry_class": "derived_screening_sector",
        "geometry_provenance": "Derived screening polygon from AOI remainder split by major OSM roads/waterways; not an administrative boundary or neighborhood",
        "kind": "screening_sector",
        "area_m2": 3179823.6,
        "is_focus_area": false,
        "map_fill": true,
        "population_proxy": 1713.6,
        "population_estimate": 1713.6,
        "population_label": "WorldPop 2026 population estimate (aggregated from planning cells)",
        "built_up_fraction": 0.7223,
        "drainage_stress_proxy": 0.4864,
        "runoff_pressure_proxy": 0.6717,
        "mean_elevation_m": 21.53,
        "mean_slope_deg": 3.26,
        "priority_exposure_raw": 833.467,
        "priority_balanced_raw": 912.878,
        "priority_runoff_raw": 0.4864,
        "member_cell_ids": [
          52,
          63,
          74
        ],
        "member_cell_count": 3,
        "member_overlaps": [
          {
            "cell_id": 52,
            "overlap_area_m2": 940625.9
          },
          {
            "cell_id": 63,
            "overlap_area_m2": 564013.0
          },
          {
            "cell_id": 74,
            "overlap_area_m2": 0.0
          }
        ],
        "aggregation_method": "population_weighted_mean_for_proxies;sum_for_population;centroid_membership",
        "rank_exposure": 7,
        "rank_balanced": 7,
        "rank_runoff": 7,
        "rank_low_regret": 8,
        "rank_equity": null,
        "priority_exposure": 0.0679,
        "priority_balanced": 0.0677,
        "priority_runoff": 0.7617,
        "priority_low_regret": 0.1709,
        "priority_equity": null,
        "priority_low_regret_raw": 0.4286,
        "normalization": "minmax_within_nanjing_overview"
      },
      "geometry": {
        "type": "MultiPolygon",
        "coordinates": [
          [
            [
              [
                118.9148175698425,
                32.12659577470034
              ],
              [
                118.91488446991866,
                32.126480801089414
              ],
              [
                118.9139373,
                32.1260464
              ],
              [
                118.9105098,
                32.1243993
              ],
              [
                118.9085173,
                32.1234442
              ],
              [
                118.9076828,
                32.1230441
              ],
              [
                118.9058322,
                32.1220878
              ],
              [
                118.90540518482827,
                32.121846586498904
              ],
              [
                118.90531812748976,
                32.12195536833493
              ],
              [
                118.9052576,
                32.122031
              ],
              [
                118.9051697,
                32.1221186
              ],
              [
                118.9050917,
                32.1222531
              ],
              [
                118.9047195,
                32.1226668
              ],
              [
                118.9043707,
                32.1229376
              ],
              [
                118.9043413,
                32.1229535
              ],
              [
                118.9037427,
                32.1232774
              ],
              [
                118.9035624,
                32.1234252
              ],
              [
                118.9033531,
                32.1237748
              ],
              [
                118.9030333,
                32.1245036
              ],
              [
                118.9028484,
                32.124841
              ],
              [
                118.9027266,
                32.1249091
              ],
              [
                118.9026155,
                32.124936
              ],
              [
                118.9024882,
                32.1249423
              ],
              [
                118.9024023,
                32.1249096
              ],
              [
                118.9020088,
                32.1245761
              ],
              [
                118.9013609,
                32.1240269
              ],
              [
                118.9013035,
                32.1239724
              ],
              [
                118.9012251,
                32.123908
              ],
              [
                118.9002728,
                32.1231255
              ],
              [
                118.8991511,
                32.122245
              ],
              [
                118.8989122,
                32.1221028
              ],
              [
                118.8988552,
                32.1221879
              ],
              [
                118.898779,
                32.1222773
              ],
              [
                118.8987133,
                32.1224618
              ],
              [
                118.8974375,
                32.1243277
              ],
              [
                118.8970951227528,
                32.12485807081893
              ],
              [
                118.897147,
                32.124888
              ],
              [
                118.897545,
                32.125157
              ],
              [
                118.897766,
                32.12535
              ],
              [
                118.897963,
                32.125589
              ],
              [
                118.898057,
                32.125741
              ],
              [
                118.898204,
                32.125945
              ],
              [
                118.898274,
                32.126019
              ],
              [
                118.898497,
                32.126255
              ],
              [
                118.898526,
                32.126301
              ],
              [
                118.898526,
                32.126403
              ],
              [
                118.898497,
                32.126448
              ],
              [
                118.898406,
                32.126565
              ],
              [
                118.898274,
                32.126707
              ],
              [
                118.89746048944282,
                32.12756502161211
              ],
              [
                118.8973622,
                32.1277295
              ],
              [
                118.8967333,
                32.1284481
              ],
              [
                118.8964854,
                32.1287405
              ],
              [
                118.8962923,
                32.1289721
              ],
              [
                118.8962051,
                32.1290908
              ],
              [
                118.8961966,
                32.1291646
              ],
              [
                118.8962324,
                32.1292602
              ],
              [
                118.8965846,
                32.1294889
              ],
              [
                118.8975025,
                32.1300505
              ],
              [
                118.8980956,
                32.1303429
              ],
              [
                118.8985059,
                32.1304964
              ],
              [
                118.8989776,
                32.1307888
              ],
              [
                118.9008442,
                32.1319265
              ],
              [
                118.9014271,
                32.1322479
              ],
              [
                118.9021792,
                32.13274
              ],
              [
                118.9024835,
                32.1329745
              ],
              [
                118.902716,
                32.133222
              ],
              [
                118.9029125,
                32.1334174
              ],
              [
                118.9031091,
                32.1335202
              ],
              [
                118.9034698,
                32.1336302
              ],
              [
                118.9036886,
                32.1337171
              ],
              [
                118.9039843,
                32.1338951
              ],
              [
                118.9051056,
                32.1346695
              ],
              [
                118.9052902,
                32.1348229
              ],
              [
                118.905603,
                32.1351356
              ],
              [
                118.9059244,
                32.1353686
              ],
              [
                118.9064355,
                32.1356422
              ],
              [
                118.9073346,
                32.1360562
              ],
              [
                118.907897,
                32.1362791
              ],
              [
                118.9094689,
                32.1369423
              ],
              [
                118.9109464,
                32.1377164
              ],
              [
                118.9118284,
                32.1382172
              ],
              [
                118.9128454,
                32.1388336
              ],
              [
                118.9129619,
                32.1389306
              ],
              [
                118.9127965,
                32.1390266
              ],
              [
                118.9127429,
                32.1390629
              ],
              [
                118.9126694,
                32.1390993
              ],
              [
                118.9125943,
                32.1391538
              ],
              [
                118.91253303668968,
                32.13920875733224
              ],
              [
                118.914275,
                32.1402834
              ],
              [
                118.9155046,
                32.1410068
              ],
              [
                118.9156030885239,
                32.14106471713196
              ],
              [
                118.9157056,
                32.141125
              ],
              [
                118.9172289,
                32.1420211
              ],
              [
                118.9183646,
                32.1426429
              ],
              [
                118.91936931136529,
                32.14315094483544
              ],
              [
                118.9198039,
                32.1433707
              ],
              [
                118.9231831351443,
                32.145
              ],
              [
                118.92752137745386,
                32.145
              ],
              [
                118.9279234102493,
                32.145
              ],
              [
                118.9279181,
                32.1449858
              ],
              [
                118.9278326,
                32.1448018
              ],
              [
                118.9276195,
                32.1446289
              ],
              [
                118.9272217,
                32.1444123
              ],
              [
                118.9262329,
                32.1439259
              ],
              [
                118.9257421,
                32.1436905
              ],
              [
                118.9248005,
                32.1432425
              ],
              [
                118.9240287,
                32.1428136
              ],
              [
                118.9236458,
                32.1425603
              ],
              [
                118.9229729,
                32.1420462
              ],
              [
                118.9217819,
                32.1410633
              ],
              [
                118.9206635,
                32.1401391
              ],
              [
                118.9204098,
                32.1399264
              ],
              [
                118.9202771,
                32.139802
              ],
              [
                118.9201772,
                32.1397091
              ],
              [
                118.9198427,
                32.1394568
              ],
              [
                118.9194791,
                32.1391432
              ],
              [
                118.9193111,
                32.13894
              ],
              [
                118.9191837,
                32.1386738
              ],
              [
                118.9191735,
                32.1383516
              ],
              [
                118.9192337,
                32.1381058
              ],
              [
                118.9195354,
                32.1373973
              ],
              [
                118.9196764,
                32.1371976
              ],
              [
                118.920481,
                32.1363118
              ],
              [
                118.9206768,
                32.1360961
              ],
              [
                118.9208297,
                32.1358621
              ],
              [
                118.921047,
                32.1355192
              ],
              [
                118.9212321,
                32.1351921
              ],
              [
                118.9213662,
                32.1348923
              ],
              [
                118.9215807,
                32.1343722
              ],
              [
                118.9217495,
                32.1339287
              ],
              [
                118.9219349,
                32.1333502
              ],
              [
                118.9221579,
                32.1326446
              ],
              [
                118.9222419,
                32.1322056
              ],
              [
                118.9223409,
                32.1318528
              ],
              [
                118.9225315,
                32.1314582
              ],
              [
                118.9228444,
                32.1310746
              ],
              [
                118.9231339,
                32.1307898
              ],
              [
                118.9234867,
                32.130544
              ],
              [
                118.9233146,
                32.1304581
              ],
              [
                118.92338476914817,
                32.13040371371844
              ],
              [
                118.92350849339901,
                32.13030781826982
              ],
              [
                118.9236187,
                32.1302224
              ],
              [
                118.9229063,
                32.1298778
              ],
              [
                118.9214312,
                32.1292386
              ],
              [
                118.9178952,
                32.1277166
              ],
              [
                118.9151871,
                32.1264945
              ],
              [
                118.91512795754653,
                32.12659247196147
              ],
              [
                118.91505983126346,
                32.12670532601451
              ],
              [
                118.9150159,
                32.1267781
              ],
              [
                118.9147731,
                32.1266722
              ],
              [
                118.9148175698425,
                32.12659577470034
              ]
            ],
            [
              [
                118.9140114,
                32.1263869
              ],
              [
                118.9134499,
                32.1261611
              ],
              [
                118.9103536,
                32.124715
              ],
              [
                118.9101454,
                32.1244793
              ],
              [
                118.9104195,
                32.1246141
              ],
              [
                118.9118802,
                32.1253137
              ],
              [
                118.913535,
                32.1260974
              ],
              [
                118.9147731,
                32.1266722
              ],
              [
                118.9140114,
                32.1263869
              ]
            ],
            [
              [
                118.9147469,
                32.1301162
              ],
              [
                118.9147174,
                32.1300457
              ],
              [
                118.9146504,
                32.1299867
              ],
              [
                118.9145538,
                32.1299208
              ],
              [
                118.9145082,
                32.1298777
              ],
              [
                118.9144841,
                32.129805
              ],
              [
                118.9145592,
                32.1297119
              ],
              [
                118.9146343,
                32.1297232
              ],
              [
                118.9153022,
                32.1301116
              ],
              [
                118.9153022,
                32.1301525
              ],
              [
                118.9150527,
                32.130391
              ],
              [
                118.9149991,
                32.1304092
              ],
              [
                118.9148998,
                32.1302797
              ],
              [
                118.9147979,
                32.1301866
              ],
              [
                118.9147469,
                32.1301162
              ]
            ],
            [
              [
                118.914932,
                32.1315971
              ],
              [
                118.914881,
                32.1315903
              ],
              [
                118.9148033,
                32.1315381
              ],
              [
                118.9146557,
                32.1314063
              ],
              [
                118.9145941,
                32.1313336
              ],
              [
                118.9148059,
                32.1310747
              ],
              [
                118.9152834,
                32.1313245
              ],
              [
                118.914932,
                32.1315971
              ]
            ],
            [
              [
                118.9148033,
                32.131638
              ],
              [
                118.914822,
                32.1316789
              ],
              [
                118.9143661,
                32.1319424
              ],
              [
                118.9141944,
                32.1319969
              ],
              [
                118.9140925,
                32.1319151
              ],
              [
                118.9140227,
                32.1318015
              ],
              [
                118.9140522,
                32.131747
              ],
              [
                118.9142239,
                32.1315971
              ],
              [
                118.9143929,
                32.1314858
              ],
              [
                118.9145297,
                32.1314018
              ],
              [
                118.9148033,
                32.131638
              ]
            ],
            [
              [
                118.9131131,
                32.129612
              ],
              [
                118.9130998,
                32.1297148
              ],
              [
                118.913041,
                32.1298032
              ],
              [
                118.9129329,
                32.1299059
              ],
              [
                118.9128267,
                32.1300103
              ],
              [
                118.9127717,
                32.1300874
              ],
              [
                118.9127395,
                32.130126
              ],
              [
                118.9127035,
                32.1301404
              ],
              [
                118.9125479,
                32.1301517
              ],
              [
                118.9124569,
                32.1301404
              ],
              [
                118.9124341,
                32.1300858
              ],
              [
                118.9124683,
                32.1300264
              ],
              [
                118.9125252,
                32.129983
              ],
              [
                118.9125062,
                32.1298658
              ],
              [
                118.9124853,
                32.1297309
              ],
              [
                118.9124588,
                32.1295815
              ],
              [
                118.9125081,
                32.1295012
              ],
              [
                118.9126845,
                32.1294337
              ],
              [
                118.9128248,
                32.1294145
              ],
              [
                118.9129083,
                32.1294193
              ],
              [
                118.9130259,
                32.1294594
              ],
              [
                118.9130809,
                32.1295253
              ],
              [
                118.9131131,
                32.129612
              ]
            ],
            [
              [
                118.9027823,
                32.1284187
              ],
              [
                118.9030355,
                32.1281344
              ],
              [
                118.9030734,
                32.1280982
              ],
              [
                118.9031009,
                32.1280862
              ],
              [
                118.9031426,
                32.1280974
              ],
              [
                118.903173,
                32.1281231
              ],
              [
                118.9032451,
                32.1281825
              ],
              [
                118.9032925,
                32.1282356
              ],
              [
                118.9033664,
                32.1283239
              ],
              [
                118.903394,
                32.128356
              ],
              [
                118.9034044,
                32.1284026
              ],
              [
                118.9033683,
                32.1284781
              ],
              [
                118.9033257,
                32.1285769
              ],
              [
                118.9032754,
                32.128658
              ],
              [
                118.9031939,
                32.1287166
              ],
              [
                118.9030213,
                32.1285929
              ],
              [
                118.9029947,
                32.1285977
              ],
              [
                118.9027823,
                32.1284187
              ]
            ]
          ],
          [
            [
              [
                118.92293191765327,
                32.145
              ],
              [
                118.919764,
                32.1434402
              ],
              [
                118.91960595202244,
                32.143359787515564
              ],
              [
                118.9199672,
                32.1436786
              ],
              [
                118.9205174,
                32.1441727
              ],
              [
                118.9206715,
                32.1444046
              ],
              [
                118.9209397,
                32.144668
              ],
              [
                118.9211007,
                32.1448225
              ],
              [
                118.921231,
                32.1449496
              ],
              [
                118.9212649541705,
                32.145
              ],
              [
                118.92293191765327,
                32.145
              ]
            ]
          ]
        ]
      }
    },
    {
      "type": "Feature",
      "properties": {
        "OBJECTID": 2004,
        "overview_id": "sector_D",
        "NAME": "Screening Sector D",
        "BARRIO": "Screening Sector D",
        "label": "Screening Sector D",
        "comuna_name": "Derived screening sector",
        "geometry_class": "derived_screening_sector",
        "geometry_provenance": "Derived screening polygon from AOI remainder split by major OSM roads/waterways; not an administrative boundary or neighborhood",
        "kind": "screening_sector",
        "area_m2": 2944755.6,
        "is_focus_area": false,
        "map_fill": true,
        "population_proxy": 389.8,
        "population_estimate": 389.8,
        "population_label": "WorldPop 2026 population estimate (aggregated from planning cells)",
        "built_up_fraction": 0.0104,
        "drainage_stress_proxy": 0.2855,
        "runoff_pressure_proxy": 0.2411,
        "mean_elevation_m": 34.25,
        "mean_slope_deg": 5.38,
        "priority_exposure_raw": 111.255,
        "priority_balanced_raw": 106.938,
        "priority_runoff_raw": 0.2855,
        "member_cell_ids": [
          27,
          28,
          29,
          38,
          39
        ],
        "member_cell_count": 5,
        "member_overlaps": [
          {
            "cell_id": 27,
            "overlap_area_m2": 735850.2
          },
          {
            "cell_id": 28,
            "overlap_area_m2": 855823.4
          },
          {
            "cell_id": 29,
            "overlap_area_m2": 0.0
          },
          {
            "cell_id": 38,
            "overlap_area_m2": 985446.9
          },
          {
            "cell_id": 39,
            "overlap_area_m2": 0.0
          }
        ],
        "aggregation_method": "population_weighted_mean_for_proxies;sum_for_population;centroid_membership",
        "rank_exposure": 21,
        "rank_balanced": 21,
        "rank_runoff": 20,
        "rank_low_regret": 21,
        "rank_equity": null,
        "priority_exposure": 0.0091,
        "priority_balanced": 0.0079,
        "priority_runoff": 0.4471,
        "priority_low_regret": 0.0324,
        "priority_equity": null,
        "priority_low_regret_raw": 0.1452,
        "normalization": "minmax_within_nanjing_overview"
      },
      "geometry": {
        "type": "Polygon",
        "coordinates": [
          [
            [
              118.97,
              32.09698509258256
            ],
            [
              118.9698358,
              32.0970287
            ],
            [
              118.9687691,
              32.0972737
            ],
            [
              118.9677722,
              32.0974003
            ],
            [
              118.9665459,
              32.0974003
            ],
            [
              118.965817,
              32.0973053
            ],
            [
              118.9655988,
              32.0972652
            ],
            [
              118.9644225,
              32.0969612
            ],
            [
              118.9631497,
              32.0964521
            ],
            [
              118.9627137,
              32.0963185
            ],
            [
              118.9622345,
              32.096194
            ],
            [
              118.9616158,
              32.0960774
            ],
            [
              118.9611231,
              32.0960415
            ],
            [
              118.9605021,
              32.0960177
            ],
            [
              118.9596781,
              32.096014
            ],
            [
              118.9594635,
              32.0960155
            ],
            [
              118.9594011,
              32.0958974
            ],
            [
              118.9548933,
              32.0958623
            ],
            [
              118.9548904,
              32.0960086
            ],
            [
              118.9534907,
              32.0960051
            ],
            [
              118.9532969,
              32.0960054
            ],
            [
              118.95288203151719,
              32.09600411557745
            ],
            [
              118.9524248,
              32.0960027
            ],
            [
              118.95223234970486,
              32.09600299532015
            ],
            [
              118.9521041,
              32.0973741
            ],
            [
              118.9518432,
              32.0997636
            ],
            [
              118.95163337120312,
              32.100777303731846
            ],
            [
              118.9520972,
              32.1008376
            ],
            [
              118.9520275,
              32.1013188
            ],
            [
              118.9520758,
              32.1017228
            ],
            [
              118.9521561,
              32.1021903
            ],
            [
              118.9522365,
              32.1027123
            ],
            [
              118.9524026,
              32.1034885
            ],
            [
              118.9524669,
              32.103947
            ],
            [
              118.9524378,
              32.1041339
            ],
            [
              118.9515881,
              32.1067658
            ],
            [
              118.9513952,
              32.1073195
            ],
            [
              118.9513757,
              32.1073812
            ],
            [
              118.9509478,
              32.108736
            ],
            [
              118.9504812,
              32.1099998
            ],
            [
              118.9489055011511,
              32.10955685401842
            ],
            [
              118.94888811239086,
              32.10960405208194
            ],
            [
              118.9504684,
              32.1100259
            ],
            [
              118.9504488,
              32.1100627
            ],
            [
              118.950439,
              32.1100919
            ],
            [
              118.9489756,
              32.1096994
            ],
            [
              118.94886060519673,
              32.10966870128401
            ],
            [
              118.94857869913632,
              32.110307263456626
            ],
            [
              118.9497262,
              32.1104578
            ],
            [
              118.9499786,
              32.1105031
            ],
            [
              118.9501716,
              32.1105378
            ],
            [
              118.9504853,
              32.1105984
            ],
            [
              118.9506115,
              32.1106256
            ],
            [
              118.9509051,
              32.1106817
            ],
            [
              118.9511374,
              32.1107252
            ],
            [
              118.9513134,
              32.1107581
            ],
            [
              118.9520851,
              32.1109026
            ],
            [
              118.9525078,
              32.1109711
            ],
            [
              118.9530501,
              32.1110487
            ],
            [
              118.953788,
              32.1111444
            ],
            [
              118.9545523,
              32.1112284
            ],
            [
              118.9552287,
              32.1112604
            ],
            [
              118.9555656,
              32.1112764
            ],
            [
              118.9562812,
              32.1113221
            ],
            [
              118.9571005,
              32.1114
            ],
            [
              118.9581658,
              32.1115868
            ],
            [
              118.9583497,
              32.1116184
            ],
            [
              118.9589657,
              32.1117618
            ],
            [
              118.9592762,
              32.1118731
            ],
            [
              118.9596672,
              32.1120067
            ],
            [
              118.9600459,
              32.11215
            ],
            [
              118.9604129,
              32.1123111
            ],
            [
              118.9605647,
              32.1123881
            ],
            [
              118.9609895,
              32.1126035
            ],
            [
              118.9613819,
              32.1128215
            ],
            [
              118.9611835,
              32.1130469
            ],
            [
              118.9615207,
              32.1132018
            ],
            [
              118.9616349,
              32.1132619
            ],
            [
              118.9616942,
              32.1132975
            ],
            [
              118.9621013,
              32.113543
            ],
            [
              118.9628313,
              32.1140451
            ],
            [
              118.9636283,
              32.1147228
            ],
            [
              118.9638564,
              32.1148614
            ],
            [
              118.9640261,
              32.1149553
            ],
            [
              118.9648015,
              32.1154299
            ],
            [
              118.9656658,
              32.1159835
            ],
            [
              118.966145,
              32.1163328
            ],
            [
              118.9665921,
              32.1167377
            ],
            [
              118.9669429,
              32.1170242
            ],
            [
              118.9671193,
              32.1171453
            ],
            [
              118.9673716,
              32.1173184
            ],
            [
              118.9676358,
              32.1175052
            ],
            [
              118.967933,
              32.1176953
            ],
            [
              118.9683441,
              32.117953
            ],
            [
              118.9689664,
              32.1183044
            ],
            [
              118.9694841,
              32.118593
            ],
            [
              118.9696414,
              32.1186807
            ],
            [
              118.9699405,
              32.1188234
            ],
            [
              118.97,
              32.118851795161284
            ],
            [
              118.97,
              32.118197284090904
            ],
            [
              118.97,
              32.11781450719158
            ],
            [
              118.97,
              32.097347225066386
            ],
            [
              118.97,
              32.09698509258256
            ]
          ],
          [
            [
              118.969253,
              32.098695
            ],
            [
              118.969318,
              32.098654
            ],
            [
              118.96944,
              32.098699
            ],
            [
              118.969505,
              32.098758
            ],
            [
              118.969496,
              32.098808
            ],
            [
              118.969383,
              32.09884
            ],
            [
              118.969322,
              32.098845
            ],
            [
              118.969294,
              32.098849
            ],
            [
              118.969279,
              32.098927
            ],
            [
              118.969242,
              32.098971
            ],
            [
              118.969153,
              32.098999
            ],
            [
              118.969077,
              32.098966
            ],
            [
              118.969001,
              32.098925
            ],
            [
              118.96893,
              32.098853
            ],
            [
              118.968897,
              32.098806
            ],
            [
              118.968891,
              32.098758
            ],
            [
              118.968897,
              32.098704
            ],
            [
              118.968925,
              32.098662
            ],
            [
              118.969008,
              32.098667
            ],
            [
              118.969118,
              32.098721
            ],
            [
              118.969173,
              32.09876
            ],
            [
              118.969214,
              32.098749
            ],
            [
              118.969253,
              32.098695
            ]
          ],
          [
            [
              118.9547094,
              32.1054353
            ],
            [
              118.9546354,
              32.1056825
            ],
            [
              118.9546877,
              32.1057615
            ],
            [
              118.954796,
              32.1058541
            ],
            [
              118.9550184,
              32.1059285
            ],
            [
              118.9551603,
              32.105919
            ],
            [
              118.9553145,
              32.1059264
            ],
            [
              118.9555762,
              32.1059761
            ],
            [
              118.9557177,
              32.1060663
            ],
            [
              118.9557966,
              32.1061622
            ],
            [
              118.9558839,
              32.1063137
            ],
            [
              118.9559496,
              32.1064691
            ],
            [
              118.9560493,
              32.1066944
            ],
            [
              118.9561747,
              32.1068053
            ],
            [
              118.956407,
              32.1069858
            ],
            [
              118.9565278,
              32.107044
            ],
            [
              118.956753,
              32.1071766
            ],
            [
              118.9570143,
              32.107283
            ],
            [
              118.9570658,
              32.107304
            ],
            [
              118.9571983,
              32.107088
            ],
            [
              118.9575342,
              32.1065773
            ],
            [
              118.957855,
              32.106274
            ],
            [
              118.9580471,
              32.1061909
            ],
            [
              118.9598485,
              32.1069054
            ],
            [
              118.9595169,
              32.1074439
            ],
            [
              118.9592447,
              32.1076389
            ],
            [
              118.9590431,
              32.1079701
            ],
            [
              118.9585893,
              32.1083008
            ],
            [
              118.9583268,
              32.1085442
            ],
            [
              118.9583117,
              32.1087069
            ],
            [
              118.9585543,
              32.1089765
            ],
            [
              118.9587295,
              32.1092108
            ],
            [
              118.9589767,
              32.109561
            ],
            [
              118.9595437,
              32.1098012
            ],
            [
              118.959555,
              32.1102856
            ],
            [
              118.959485,
              32.1107503
            ],
            [
              118.9594602,
              32.110954
            ],
            [
              118.9589724,
              32.1108579
            ],
            [
              118.9589995,
              32.1107602
            ],
            [
              118.958636,
              32.1107076
            ],
            [
              118.9580878,
              32.110636
            ],
            [
              118.9579646,
              32.1106195
            ],
            [
              118.9563063,
              32.1104032
            ],
            [
              118.956296,
              32.1104601
            ],
            [
              118.9561502,
              32.1104411
            ],
            [
              118.9560984,
              32.1104331
            ],
            [
              118.9560928,
              32.1104654
            ],
            [
              118.9560423,
              32.110459
            ],
            [
              118.9560478,
              32.1104276
            ],
            [
              118.9559987,
              32.1104212
            ],
            [
              118.9558505,
              32.1104005
            ],
            [
              118.9558611,
              32.110346
            ],
            [
              118.9543117,
              32.1101408
            ],
            [
              118.9542615,
              32.1101343
            ],
            [
              118.9538319,
              32.1100786
            ],
            [
              118.9537872,
              32.1103398
            ],
            [
              118.9536565,
              32.1103279
            ],
            [
              118.9536458,
              32.1104083
            ],
            [
              118.952790131158,
              32.11030521394396
            ],
            [
              118.9509805,
              32.1100872
            ],
            [
              118.9517234,
              32.1077332
            ],
            [
              118.9517946,
              32.1075225
            ],
            [
              118.9524825,
              32.1053525
            ],
            [
              118.9527929,
              32.1043171
            ],
            [
              118.9528187,
              32.1042765
            ],
            [
              118.9528569,
              32.1042524
            ],
            [
              118.952907,
              32.1042193
            ],
            [
              118.9529624,
              32.1042041
            ],
            [
              118.9538795,
              32.1042705
            ],
            [
              118.9546938,
              32.1043404
            ],
            [
              118.9548353,
              32.1043526
            ],
            [
              118.95481403769912,
              32.10454560054541
            ],
            [
              118.9547588,
              32.105047
            ],
            [
              118.9547094,
              32.1054353
            ]
          ],
          [
            [
              118.9524377,
              32.1103155
            ],
            [
              118.952431,
              32.1103882
            ],
            [
              118.9510443,
              32.1102076
            ],
            [
              118.9510512,
              32.1101738
            ],
            [
              118.9510577,
              32.1101417
            ],
            [
              118.9524377,
              32.1103155
            ]
          ]
        ]
      }
    },
    {
      "type": "Feature",
      "properties": {
        "OBJECTID": 2005,
        "overview_id": "sector_E",
        "NAME": "Screening Sector E",
        "BARRIO": "Screening Sector E",
        "label": "Screening Sector E",
        "comuna_name": "Derived screening sector",
        "geometry_class": "derived_screening_sector",
        "geometry_provenance": "Derived screening polygon from AOI remainder split by major OSM roads/waterways; not an administrative boundary or neighborhood",
        "kind": "screening_sector",
        "area_m2": 2890151.1,
        "is_focus_area": false,
        "map_fill": true,
        "population_proxy": 331.5,
        "population_estimate": 331.5,
        "population_label": "WorldPop 2026 population estimate (aggregated from planning cells)",
        "built_up_fraction": 0.0228,
        "drainage_stress_proxy": 0.3585,
        "runoff_pressure_proxy": 0.2945,
        "mean_elevation_m": 19.38,
        "mean_slope_deg": 3.28,
        "priority_exposure_raw": 118.866,
        "priority_balanced_raw": 113.557,
        "priority_runoff_raw": 0.3585,
        "member_cell_ids": [
          7,
          8,
          9,
          18,
          19
        ],
        "member_cell_count": 5,
        "member_overlaps": [
          {
            "cell_id": 7,
            "overlap_area_m2": 773533.0
          },
          {
            "cell_id": 8,
            "overlap_area_m2": 1049995.3
          },
          {
            "cell_id": 9,
            "overlap_area_m2": 0.0
          },
          {
            "cell_id": 18,
            "overlap_area_m2": 808439.2
          },
          {
            "cell_id": 19,
            "overlap_area_m2": 0.0
          }
        ],
        "aggregation_method": "population_weighted_mean_for_proxies;sum_for_population;centroid_membership",
        "rank_exposure": 20,
        "rank_balanced": 20,
        "rank_runoff": 15,
        "rank_low_regret": 19,
        "rank_equity": null,
        "priority_exposure": 0.0097,
        "priority_balanced": 0.0084,
        "priority_runoff": 0.5614,
        "priority_low_regret": 0.0429,
        "priority_equity": null,
        "priority_low_regret_raw": 0.1667,
        "normalization": "minmax_within_nanjing_overview"
      },
      "geometry": {
        "type": "Polygon",
        "coordinates": [
          [
            [
              118.96901842508711,
              32.075
            ],
            [
              118.96790855602094,
              32.075
            ],
            [
              118.96748824346207,
              32.075
            ],
            [
              118.95351601119623,
              32.075
            ],
            [
              118.95316500361052,
              32.075
            ],
            [
              118.95295135656502,
              32.075
            ],
            [
              118.9528,
              32.076871
            ],
            [
              118.95263726065959,
              32.07880341342495
            ],
            [
              118.9524749,
              32.0811412
            ],
            [
              118.95239344946361,
              32.082018112659206
            ],
            [
              118.95234049464263,
              32.082588234784374
            ],
            [
              118.9524245,
              32.0829544
            ],
            [
              118.9528752,
              32.0852869
            ],
            [
              118.9530802,
              32.0862352
            ],
            [
              118.9530892,
              32.0862919
            ],
            [
              118.9532352,
              32.0862923
            ],
            [
              118.9549711,
              32.0862986
            ],
            [
              118.9571233,
              32.0862291
            ],
            [
              118.9590979,
              32.0862844
            ],
            [
              118.9592443,
              32.0862856
            ],
            [
              118.9615202,
              32.0862256
            ],
            [
              118.9615024,
              32.086391
            ],
            [
              118.9592381,
              32.0864099
            ],
            [
              118.959241,
              32.0868118
            ],
            [
              118.9591272,
              32.0882889
            ],
            [
              118.9591152,
              32.0885392
            ],
            [
              118.9596628,
              32.0885414
            ],
            [
              118.9601139,
              32.0885394
            ],
            [
              118.9606286,
              32.0885216
            ],
            [
              118.9613233,
              32.0884564
            ],
            [
              118.9615451,
              32.0884224
            ],
            [
              118.9615734,
              32.088658
            ],
            [
              118.9616564,
              32.0891313
            ],
            [
              118.9617475,
              32.089455
            ],
            [
              118.9618126,
              32.0896575
            ],
            [
              118.9618541,
              32.0897866
            ],
            [
              118.9619514,
              32.0900323
            ],
            [
              118.9620693,
              32.090263
            ],
            [
              118.9621362,
              32.0903755
            ],
            [
              118.9624708,
              32.0902731
            ],
            [
              118.9626957,
              32.0901962
            ],
            [
              118.9630614,
              32.0900459
            ],
            [
              118.9634254,
              32.0898792
            ],
            [
              118.9637566,
              32.0897091
            ],
            [
              118.9641044,
              32.0895174
            ],
            [
              118.9642032,
              32.0896655
            ],
            [
              118.9642276,
              32.0897021
            ],
            [
              118.9644763,
              32.0900128
            ],
            [
              118.965648,
              32.0912434
            ],
            [
              118.9637895,
              32.0923859
            ],
            [
              118.9623788,
              32.0932711
            ],
            [
              118.9637999,
              32.0949663
            ],
            [
              118.963195,
              32.0963428
            ],
            [
              118.964582,
              32.0968683
            ],
            [
              118.9656622,
              32.0970778
            ],
            [
              118.965888,
              32.0971216
            ],
            [
              118.965817,
              32.0973053
            ],
            [
              118.9665459,
              32.0974003
            ],
            [
              118.9677722,
              32.0974003
            ],
            [
              118.9687691,
              32.0972737
            ],
            [
              118.9698358,
              32.0970287
            ],
            [
              118.97,
              32.09698509258256
            ],
            [
              118.97,
              32.09683097959506
            ],
            [
              118.97,
              32.084554629378644
            ],
            [
              118.97,
              32.084192055697386
            ],
            [
              118.97,
              32.08290004601367
            ],
            [
              118.97,
              32.082470656742814
            ],
            [
              118.97,
              32.075
            ],
            [
              118.96937728921492,
              32.075
            ],
            [
              118.96901842508711,
              32.075
            ]
          ],
          [
            [
              118.96773454393708,
              32.090678
            ],
            [
              118.96777,
              32.090678
            ],
            [
              118.967983,
              32.090765
            ],
            [
              118.96801625780454,
              32.09079875917847
            ],
            [
              118.968182,
              32.090967
            ],
            [
              118.968204,
              32.091108
            ],
            [
              118.96814930432588,
              32.091177938730844
            ],
            [
              118.968143,
              32.091186
            ],
            [
              118.967994,
              32.09121
            ],
            [
              118.9679738837325,
              32.091185064210066
            ],
            [
              118.967898,
              32.091091
            ],
            [
              118.967766,
              32.090924
            ],
            [
              118.967746,
              32.090889
            ],
            [
              118.967666,
              32.090819
            ],
            [
              118.96764,
              32.090754
            ],
            [
              118.967651,
              32.090678
            ],
            [
              118.96773454393708,
              32.090678
            ]
          ],
          [
            [
              118.968037,
              32.094368
            ],
            [
              118.967822,
              32.094366
            ],
            [
              118.967711,
              32.094318
            ],
            [
              118.96769516664878,
              32.09428717774296
            ],
            [
              118.967636,
              32.094172
            ],
            [
              118.96763502128165,
              32.094125804493785
            ],
            [
              118.967631,
              32.093936
            ],
            [
              118.967705,
              32.093834
            ],
            [
              118.967781,
              32.093743
            ],
            [
              118.96785572503279,
              32.093747395590164
            ],
            [
              118.967883,
              32.093749
            ],
            [
              118.96795884357182,
              32.093907089523086
            ],
            [
              118.968037,
              32.09407
            ],
            [
              118.968128,
              32.094292
            ],
            [
              118.968037,
              32.094368
            ]
          ],
          [
            [
              118.954032,
              32.080502
            ],
            [
              118.95403467215817,
              32.08047486731701
            ],
            [
              118.95403995836097,
              32.08050225357523
            ],
            [
              118.954032,
              32.080502
            ]
          ]
        ]
      }
    },
    {
      "type": "Feature",
      "properties": {
        "OBJECTID": 2006,
        "overview_id": "sector_F",
        "NAME": "Screening Sector F",
        "BARRIO": "Screening Sector F",
        "label": "Screening Sector F",
        "comuna_name": "Derived screening sector",
        "geometry_class": "derived_screening_sector",
        "geometry_provenance": "Derived screening polygon from AOI remainder split by major OSM roads/waterways; not an administrative boundary or neighborhood",
        "kind": "screening_sector",
        "area_m2": 2752520.3,
        "is_focus_area": false,
        "map_fill": true,
        "population_proxy": 60.0,
        "population_estimate": 60.0,
        "population_label": "WorldPop 2026 population estimate (aggregated from planning cells)",
        "built_up_fraction": 0.0,
        "drainage_stress_proxy": 0.2007,
        "runoff_pressure_proxy": 0.1517,
        "mean_elevation_m": 44.5,
        "mean_slope_deg": 10.77,
        "priority_exposure_raw": 12.048,
        "priority_balanced_raw": 11.313,
        "priority_runoff_raw": 0.2007,
        "member_cell_ids": [
          32
        ],
        "member_cell_count": 1,
        "member_overlaps": [
          {
            "cell_id": 32,
            "overlap_area_m2": 944058.8
          }
        ],
        "aggregation_method": "population_weighted_mean_for_proxies;sum_for_population;centroid_membership",
        "rank_exposure": 23,
        "rank_balanced": 23,
        "rank_runoff": 23,
        "rank_low_regret": 23,
        "rank_equity": null,
        "priority_exposure": 0.001,
        "priority_balanced": 0.0008,
        "priority_runoff": 0.3143,
        "priority_low_regret": 0.0252,
        "priority_equity": null,
        "priority_low_regret_raw": 0.1304,
        "normalization": "minmax_within_nanjing_overview"
      },
      "geometry": {
        "type": "Polygon",
        "coordinates": [
          [
            [
              118.8981186,
              32.0991531
            ],
            [
              118.8977645,
              32.0993686
            ],
            [
              118.8973255,
              32.0995815
            ],
            [
              118.8969317,
              32.0997492
            ],
            [
              118.8965334,
              32.0998813
            ],
            [
              118.8960417,
              32.099987
            ],
            [
              118.8955919,
              32.1000764
            ],
            [
              118.8952717,
              32.1001082
            ],
            [
              118.894911,
              32.1001209
            ],
            [
              118.8943676,
              32.1001238
            ],
            [
              118.8936869,
              32.1001357
            ],
            [
              118.893304,
              32.1001559
            ],
            [
              118.8929168,
              32.100199
            ],
            [
              118.8925813,
              32.1002597
            ],
            [
              118.8921574,
              32.100357
            ],
            [
              118.8919336,
              32.1004188
            ],
            [
              118.8917349,
              32.1004922
            ],
            [
              118.891146,
              32.1007484
            ],
            [
              118.890886,
              32.1008807
            ],
            [
              118.8907078,
              32.1009749
            ],
            [
              118.8905011,
              32.1011091
            ],
            [
              118.89034,
              32.101241
            ],
            [
              118.8901964,
              32.1013773
            ],
            [
              118.8900438,
              32.1015408
            ],
            [
              118.8898735,
              32.1017607
            ],
            [
              118.889727,
              32.1019995
            ],
            [
              118.8896273,
              32.1021747
            ],
            [
              118.8895443,
              32.1023632
            ],
            [
              118.8894859,
              32.1025314
            ],
            [
              118.889443,
              32.1026973
            ],
            [
              118.8893979,
              32.1028996
            ],
            [
              118.8893504,
              32.1032233
            ],
            [
              118.8893006,
              32.1034212
            ],
            [
              118.8892338,
              32.1035959
            ],
            [
              118.8891452,
              32.1038003
            ],
            [
              118.8889987,
              32.1040503
            ],
            [
              118.8888393,
              32.1042931
            ],
            [
              118.8887035,
              32.1044321
            ],
            [
              118.888303,
              32.1048069
            ],
            [
              118.8881258,
              32.1049343
            ],
            [
              118.8882093,
              32.1050501
            ],
            [
              118.88811101408923,
              32.10511567905822
            ],
            [
              118.88800166288175,
              32.10518864118623
            ],
            [
              118.8879121,
              32.1052484
            ],
            [
              118.8882232,
              32.1056341
            ],
            [
              118.888721,
              32.1062514
            ],
            [
              118.8898213,
              32.107797
            ],
            [
              118.8901113,
              32.1082756
            ],
            [
              118.8910097,
              32.1094823
            ],
            [
              118.8916347,
              32.1103185
            ],
            [
              118.8918172,
              32.1105436
            ],
            [
              118.8919161,
              32.1106657
            ],
            [
              118.8922565,
              32.1110918
            ],
            [
              118.8923345,
              32.1111888
            ],
            [
              118.8926279,
              32.1115436
            ],
            [
              118.8930786,
              32.1120886
            ],
            [
              118.8931832,
              32.1122151
            ],
            [
              118.8940854,
              32.113211
            ],
            [
              118.8946497,
              32.1138932
            ],
            [
              118.8956874,
              32.1149676
            ],
            [
              118.8962999,
              32.115573
            ],
            [
              118.8967788,
              32.1161209
            ],
            [
              118.8972281,
              32.1165469
            ],
            [
              118.8972549,
              32.1166423
            ],
            [
              118.8973049,
              32.1167172
            ],
            [
              118.8974563,
              32.1168611
            ],
            [
              118.89774931288316,
              32.11661991383053
            ],
            [
              118.8984654,
              32.1172373
            ],
            [
              118.8994825,
              32.1180468
            ],
            [
              118.90073294355811,
              32.118993929733776
            ],
            [
              118.90082670769326,
              32.1188460899863
            ],
            [
              118.9009486,
              32.1186539
            ],
            [
              118.9015239,
              32.1177697
            ],
            [
              118.9019908,
              32.1171363
            ],
            [
              118.9028724,
              32.1159388
            ],
            [
              118.9029551,
              32.1158443
            ],
            [
              118.9032978,
              32.1154045
            ],
            [
              118.9034759,
              32.1151806
            ],
            [
              118.9036444,
              32.1149688
            ],
            [
              118.9038692,
              32.1146818
            ],
            [
              118.9041741,
              32.1143839
            ],
            [
              118.9044592,
              32.1141447
            ],
            [
              118.904794,
              32.1139323
            ],
            [
              118.9051932,
              32.1137191
            ],
            [
              118.9056796,
              32.1135154
            ],
            [
              118.906125,
              32.1133805
            ],
            [
              118.9065599,
              32.1133008
            ],
            [
              118.9075526,
              32.1131997
            ],
            [
              118.9088424,
              32.1130829
            ],
            [
              118.9095116,
              32.1130263
            ],
            [
              118.9102841,
              32.112961
            ],
            [
              118.9100182,
              32.1117432
            ],
            [
              118.9099519,
              32.1112785
            ],
            [
              118.9099216,
              32.1109866
            ],
            [
              118.9099002,
              32.1106095
            ],
            [
              118.9099377,
              32.1093123
            ],
            [
              118.9101362,
              32.1071857
            ],
            [
              118.9102837,
              32.1064291
            ],
            [
              118.9104205,
              32.1060338
            ],
            [
              118.9116417,
              32.1037199
            ],
            [
              118.9117952,
              32.103429
            ],
            [
              118.9118756,
              32.1032767
            ],
            [
              118.9077226,
              32.1020041
            ],
            [
              118.9018936,
              32.1001577
            ],
            [
              118.9019595,
              32.0999889
            ],
            [
              118.8987169,
              32.0989068
            ],
            [
              118.8986525,
              32.0989471
            ],
            [
              118.8984658,
              32.0990808
            ],
            [
              118.8983205,
              32.0990104
            ],
            [
              118.8981186,
              32.0991531
            ]
          ],
          [
            [
              118.9105265,
              32.1032342
            ],
            [
              118.9115511,
              32.1035519
            ],
            [
              118.9114242,
              32.1037663
            ],
            [
              118.9104586,
              32.1035209
            ],
            [
              118.9105265,
              32.1032342
            ]
          ],
          [
            [
              118.9085103,
              32.103631
            ],
            [
              118.9085398,
              32.1036333
            ],
            [
              118.9086122,
              32.1036651
            ],
            [
              118.9086631,
              32.1037196
            ],
            [
              118.9087087,
              32.1037514
            ],
            [
              118.9087624,
              32.1037673
            ],
            [
              118.9088268,
              32.1037673
            ],
            [
              118.9088697,
              32.1037787
            ],
            [
              118.9088884,
              32.1038037
            ],
            [
              118.9088804,
              32.1038468
            ],
            [
              118.9088268,
              32.1038832
            ],
            [
              118.9088241,
              32.1039127
            ],
            [
              118.9088241,
              32.1039513
            ],
            [
              118.9088241,
              32.1040195
            ],
            [
              118.9088026,
              32.1040649
            ],
            [
              118.9087919,
              32.1041104
            ],
            [
              118.908757,
              32.1041217
            ],
            [
              118.9087168,
              32.1041354
            ],
            [
              118.9086685,
              32.1041354
            ],
            [
              118.9086095,
              32.1041172
            ],
            [
              118.9085854,
              32.1040672
            ],
            [
              118.90858,
              32.1040104
            ],
            [
              118.9086283,
              32.1039536
            ],
            [
              118.9086792,
              32.1039059
            ],
            [
              118.9086873,
              32.1038468
            ],
            [
              118.9086444,
              32.1038082
            ],
            [
              118.9085934,
              32.1037809
            ],
            [
              118.9085183,
              32.1037673
            ],
            [
              118.9084727,
              32.1037469
            ],
            [
              118.9084378,
              32.1037082
            ],
            [
              118.9084459,
              32.1036628
            ],
            [
              118.9085103,
              32.103631
            ]
          ],
          [
            [
              118.9081789,
              32.1066698
            ],
            [
              118.908372,
              32.1067425
            ],
            [
              118.9083935,
              32.1068424
            ],
            [
              118.9084686,
              32.1068879
            ],
            [
              118.9083184,
              32.1070605
            ],
            [
              118.9082003,
              32.1069878
            ],
            [
              118.908136,
              32.1068333
            ],
            [
              118.9081789,
              32.1066698
            ]
          ],
          [
            [
              118.9071819,
              32.1036813
            ],
            [
              118.9069197,
              32.1035969
            ],
            [
              118.9070672,
              32.1032561
            ],
            [
              118.9073266,
              32.1033385
            ],
            [
              118.9071819,
              32.1036813
            ]
          ],
          [
            [
              118.9067947,
              32.1045264
            ],
            [
              118.9066458,
              32.1048308
            ],
            [
              118.9063763,
              32.1047491
            ],
            [
              118.9065117,
              32.1044332
            ],
            [
              118.9067947,
              32.1045264
            ]
          ],
          [
            [
              118.9058683,
              32.1089157
            ],
            [
              118.905938,
              32.1089293
            ],
            [
              118.9059863,
              32.1088839
            ],
            [
              118.9060721,
              32.1089157
            ],
            [
              118.9060507,
              32.1090156
            ],
            [
              118.9060453,
              32.1091156
            ],
            [
              118.9060882,
              32.1092792
            ],
            [
              118.9060131,
              32.1092701
            ],
            [
              118.9059648,
              32.1092519
            ],
            [
              118.9058415,
              32.1092519
            ],
            [
              118.9058093,
              32.1091837
            ],
            [
              118.9057878,
              32.1091247
            ],
            [
              118.9057342,
              32.1091247
            ],
            [
              118.9056537,
              32.1091201
            ],
            [
              118.9056054,
              32.1090838
            ],
            [
              118.905584,
              32.1090156
            ],
            [
              118.9056322,
              32.1089702
            ],
            [
              118.9057181,
              32.1089611
            ],
            [
              118.9057932,
              32.1089429
            ],
            [
              118.9058039,
              32.1088975
            ],
            [
              118.9058683,
              32.1089157
            ]
          ],
          [
            [
              118.9054043,
              32.1029539
            ],
            [
              118.9053533,
              32.1029357
            ],
            [
              118.9053238,
              32.1028948
            ],
            [
              118.9052943,
              32.1028698
            ],
            [
              118.9052567,
              32.1028698
            ],
            [
              118.9052326,
              32.1028698
            ],
            [
              118.9052004,
              32.1028517
            ],
            [
              118.9052058,
              32.1028153
            ],
            [
              118.905246,
              32.1027971
            ],
            [
              118.9052862,
              32.1027585
            ],
            [
              118.905356,
              32.1027471
            ],
            [
              118.9053882,
              32.1027608
            ],
            [
              118.9053935,
              32.1027926
            ],
            [
              118.9054391,
              32.1028085
            ],
            [
              118.905482,
              32.1028335
            ],
            [
              118.905474,
              32.1028789
            ],
            [
              118.9054713,
              32.1029153
            ],
            [
              118.9054499,
              32.1029494
            ],
            [
              118.9054043,
              32.1029539
            ]
          ],
          [
            [
              118.9039398,
              32.1026994
            ],
            [
              118.9039746,
              32.1027153
            ],
            [
              118.9040122,
              32.1027471
            ],
            [
              118.9040685,
              32.1027267
            ],
            [
              118.9041275,
              32.1027131
            ],
            [
              118.9042107,
              32.1027222
            ],
            [
              118.904259,
              32.1027426
            ],
            [
              118.9041463,
              32.1030425
            ],
            [
              118.9040819,
              32.1030789
            ],
            [
              118.903929,
              32.1031152
            ],
            [
              118.9034302,
              32.1029607
            ],
            [
              118.9035374,
              32.1026972
            ],
            [
              118.903575,
              32.1026835
            ],
            [
              118.9036394,
              32.1026744
            ],
            [
              118.9036689,
              32.1026881
            ],
            [
              118.9036984,
              32.1027199
            ],
            [
              118.9037359,
              32.1027426
            ],
            [
              118.9037708,
              32.1027426
            ],
            [
              118.9038298,
              32.1027176
            ],
            [
              118.9038942,
              32.1026994
            ],
            [
              118.9039398,
              32.1026994
            ]
          ],
          [
            [
              118.8937228,
              32.1072433
            ],
            [
              118.8941574,
              32.107165
            ],
            [
              118.8944421,
              32.1071418
            ],
            [
              118.8946869,
              32.1071418
            ],
            [
              118.8949617,
              32.1071481
            ],
            [
              118.8955486,
              32.1072264
            ],
            [
              118.8960382,
              32.1074126
            ],
            [
              118.8963679,
              32.1075797
            ],
            [
              118.8970273,
              32.1079669
            ],
            [
              118.897287,
              32.1084302
            ],
            [
              118.8981662,
              32.1099112
            ],
            [
              118.8987782,
              32.1109563
            ],
            [
              118.8977511,
              32.1116313
            ],
            [
              118.8966978,
              32.1122039
            ],
            [
              118.8958848,
              32.1126172
            ],
            [
              118.8953166,
              32.1128274
            ],
            [
              118.893123,
              32.1102794
            ],
            [
              118.893151,
              32.1101838
            ],
            [
              118.892907,
              32.1098539
            ],
            [
              118.8927475,
              32.1098297
            ],
            [
              118.8920081,
              32.1088607
            ],
            [
              118.8917746,
              32.1085138
            ],
            [
              118.8916897,
              32.1083615
            ],
            [
              118.8917359,
              32.1082514
            ],
            [
              118.893498,
              32.1073205
            ],
            [
              118.8937228,
              32.1072433
            ]
          ]
        ]
      }
    },
    {
      "type": "Feature",
      "properties": {
        "OBJECTID": 2007,
        "overview_id": "sector_G",
        "NAME": "Screening Sector G",
        "BARRIO": "Screening Sector G",
        "label": "Screening Sector G",
        "comuna_name": "Derived screening sector",
        "geometry_class": "derived_screening_sector",
        "geometry_provenance": "Derived screening polygon from AOI remainder split by major OSM roads/waterways; not an administrative boundary or neighborhood",
        "kind": "screening_sector",
        "area_m2": 2197457.0,
        "is_focus_area": false,
        "map_fill": true,
        "population_proxy": 566.9,
        "population_estimate": 566.9,
        "population_label": "WorldPop 2026 population estimate (aggregated from planning cells)",
        "built_up_fraction": 0.4968,
        "drainage_stress_proxy": 0.3567,
        "runoff_pressure_proxy": 0.5518,
        "mean_elevation_m": 39.28,
        "mean_slope_deg": 4.3,
        "priority_exposure_raw": 202.229,
        "priority_balanced_raw": 229.878,
        "priority_runoff_raw": 0.3567,
        "member_cell_ids": [
          64,
          65,
          75
        ],
        "member_cell_count": 3,
        "member_overlaps": [
          {
            "cell_id": 64,
            "overlap_area_m2": 813694.8
          },
          {
            "cell_id": 65,
            "overlap_area_m2": 960105.0
          },
          {
            "cell_id": 75,
            "overlap_area_m2": 0.0
          }
        ],
        "aggregation_method": "population_weighted_mean_for_proxies;sum_for_population;centroid_membership",
        "rank_exposure": 15,
        "rank_balanced": 14,
        "rank_runoff": 16,
        "rank_low_regret": 15,
        "rank_equity": null,
        "priority_exposure": 0.0165,
        "priority_balanced": 0.017,
        "priority_runoff": 0.5586,
        "priority_low_regret": 0.0595,
        "priority_equity": null,
        "priority_low_regret_raw": 0.2006,
        "normalization": "minmax_within_nanjing_overview"
      },
      "geometry": {
        "type": "Polygon",
        "coordinates": [
          [
            [
              118.9198427,
              32.1394568
            ],
            [
              118.9201772,
              32.1397091
            ],
            [
              118.9202771,
              32.139802
            ],
            [
              118.9204098,
              32.1399264
            ],
            [
              118.9206635,
              32.1401391
            ],
            [
              118.9217819,
              32.1410633
            ],
            [
              118.9229729,
              32.1420462
            ],
            [
              118.9236458,
              32.1425603
            ],
            [
              118.9240287,
              32.1428136
            ],
            [
              118.9248005,
              32.1432425
            ],
            [
              118.9257421,
              32.1436905
            ],
            [
              118.9262329,
              32.1439259
            ],
            [
              118.9272217,
              32.1444123
            ],
            [
              118.9276195,
              32.1446289
            ],
            [
              118.9278326,
              32.1448018
            ],
            [
              118.9279181,
              32.1449858
            ],
            [
              118.9279234102493,
              32.145
            ],
            [
              118.93497837315579,
              32.145
            ],
            [
              118.93557088085106,
              32.145
            ],
            [
              118.935855,
              32.144792
            ],
            [
              118.936133,
              32.14458
            ],
            [
              118.936214,
              32.144614
            ],
            [
              118.936313,
              32.144688
            ],
            [
              118.936159,
              32.144832
            ],
            [
              118.93595170508475,
              32.145
            ],
            [
              118.93649178298836,
              32.145
            ],
            [
              118.94169965735507,
              32.145
            ],
            [
              118.94205292941946,
              32.145
            ],
            [
              118.9423061828299,
              32.145
            ],
            [
              118.9422878,
              32.1449367
            ],
            [
              118.9422559,
              32.1446652
            ],
            [
              118.942158,
              32.1435629
            ],
            [
              118.9420957,
              32.1419352
            ],
            [
              118.9420389,
              32.1412956
            ],
            [
              118.942006,
              32.1410732
            ],
            [
              118.9419615,
              32.1409128
            ],
            [
              118.9418641,
              32.140664
            ],
            [
              118.9417347,
              32.1404226
            ],
            [
              118.9415825,
              32.1402047
            ],
            [
              118.9414148,
              32.1399975
            ],
            [
              118.9412633,
              32.1398395
            ],
            [
              118.941045,
              32.1396434
            ],
            [
              118.9407858,
              32.1394262
            ],
            [
              118.9404644,
              32.139126
            ],
            [
              118.9403164,
              32.1389697
            ],
            [
              118.9401849,
              32.13883
            ],
            [
              118.9400761,
              32.138668
            ],
            [
              118.9399733,
              32.1384618
            ],
            [
              118.9398506,
              32.1381586
            ],
            [
              118.9396323,
              32.1375498
            ],
            [
              118.9395426,
              32.1372611
            ],
            [
              118.9395355,
              32.1371347
            ],
            [
              118.9395424,
              32.1370084
            ],
            [
              118.9395839,
              32.1368814
            ],
            [
              118.9393827,
              32.136862
            ],
            [
              118.9389113,
              32.1367849
            ],
            [
              118.9379643,
              32.1365921
            ],
            [
              118.937056,
              32.1363837
            ],
            [
              118.9363622,
              32.1361946
            ],
            [
              118.9355764,
              32.1359457
            ],
            [
              118.9346326,
              32.1356105
            ],
            [
              118.9337487,
              32.1352524
            ],
            [
              118.9328415,
              32.1348642
            ],
            [
              118.9299993,
              32.1335153
            ],
            [
              118.9258263,
              32.1316038
            ],
            [
              118.9246555,
              32.1310864
            ],
            [
              118.9234867,
              32.130544
            ],
            [
              118.9231339,
              32.1307898
            ],
            [
              118.9228444,
              32.1310746
            ],
            [
              118.9225315,
              32.1314582
            ],
            [
              118.9223409,
              32.1318528
            ],
            [
              118.9222419,
              32.1322056
            ],
            [
              118.9221579,
              32.1326446
            ],
            [
              118.9219349,
              32.1333502
            ],
            [
              118.9217495,
              32.1339287
            ],
            [
              118.9215807,
              32.1343722
            ],
            [
              118.9213662,
              32.1348923
            ],
            [
              118.9212321,
              32.1351921
            ],
            [
              118.921047,
              32.1355192
            ],
            [
              118.9208297,
              32.1358621
            ],
            [
              118.9206768,
              32.1360961
            ],
            [
              118.920481,
              32.1363118
            ],
            [
              118.9196764,
              32.1371976
            ],
            [
              118.9195354,
              32.1373973
            ],
            [
              118.9192337,
              32.1381058
            ],
            [
              118.9191735,
              32.1383516
            ],
            [
              118.9191837,
              32.1386738
            ],
            [
              118.9193111,
              32.13894
            ],
            [
              118.9194791,
              32.1391432
            ],
            [
              118.9198427,
              32.1394568
            ]
          ],
          [
            [
              118.9288715,
              32.1406662
            ],
            [
              118.9288419,
              32.1406912
            ],
            [
              118.9287749,
              32.1407253
            ],
            [
              118.92874,
              32.1407344
            ],
            [
              118.9287052,
              32.1407321
            ],
            [
              118.9286891,
              32.1407094
            ],
            [
              118.9285389,
              32.1404255
            ],
            [
              118.9287588,
              32.1403392
            ],
            [
              118.92885,
              32.1405799
            ],
            [
              118.9288715,
              32.1406322
            ],
            [
              118.9288715,
              32.1406662
            ]
          ],
          [
            [
              118.9284396,
              32.1398986
            ],
            [
              118.9284772,
              32.1399236
            ],
            [
              118.9285281,
              32.1400053
            ],
            [
              118.928571,
              32.1400848
            ],
            [
              118.9286569,
              32.140187
            ],
            [
              118.9287561,
              32.1403142
            ],
            [
              118.9285201,
              32.1404051
            ],
            [
              118.9282921,
              32.1399963
            ],
            [
              118.9283028,
              32.1399645
            ],
            [
              118.9283431,
              32.1399349
            ],
            [
              118.9283887,
              32.1399031
            ],
            [
              118.9284396,
              32.1398986
            ]
          ],
          [
            [
              118.925824,
              32.135952
            ],
            [
              118.925871,
              32.135952
            ],
            [
              118.926132,
              32.13613
            ],
            [
              118.926308,
              32.136447
            ],
            [
              118.926544,
              32.136643
            ],
            [
              118.9261913,
              32.1368679
            ],
            [
              118.9257446,
              32.136472
            ],
            [
              118.9255937,
              32.1364997
            ],
            [
              118.925457,
              32.136413
            ],
            [
              118.9257,
              32.1361
            ],
            [
              118.925824,
              32.135952
            ]
          ],
          [
            [
              118.9258486,
              32.1380226
            ],
            [
              118.9263032,
              32.1381009
            ],
            [
              118.9263368,
              32.1381146
            ],
            [
              118.9263703,
              32.1381373
            ],
            [
              118.9263904,
              32.1381645
            ],
            [
              118.9263985,
              32.1381918
            ],
            [
              118.9264038,
              32.1382315
            ],
            [
              118.9262912,
              32.1386176
            ],
            [
              118.9256233,
              32.1385245
            ],
            [
              118.9256997,
              32.138076
            ],
            [
              118.9257172,
              32.138051
            ],
            [
              118.9257547,
              32.1380305
            ],
            [
              118.9257856,
              32.1380226
            ],
            [
              118.9258486,
              32.1380226
            ]
          ],
          [
            [
              118.9259398,
              32.1386529
            ],
            [
              118.926259,
              32.1387028
            ],
            [
              118.9261731,
              32.139006
            ],
            [
              118.9258674,
              32.1389526
            ],
            [
              118.9259398,
              32.1386529
            ]
          ],
          [
            [
              118.9261638,
              32.139048
            ],
            [
              118.9261088,
              32.1392524
            ],
            [
              118.9258097,
              32.1392241
            ],
            [
              118.9258593,
              32.1389958
            ],
            [
              118.9261638,
              32.139048
            ]
          ],
          [
            [
              118.9255938,
              32.1386006
            ],
            [
              118.925921,
              32.1386517
            ],
            [
              118.9258929,
              32.13878
            ],
            [
              118.925579,
              32.1387323
            ],
            [
              118.9255938,
              32.1386006
            ]
          ],
          [
            [
              118.9255495,
              32.1389004
            ],
            [
              118.9255737,
              32.1387619
            ],
            [
              118.9258821,
              32.1388175
            ],
            [
              118.9258513,
              32.138947
            ],
            [
              118.9255495,
              32.1389004
            ]
          ],
          [
            [
              118.9255026,
              32.1391695
            ],
            [
              118.9255401,
              32.1389402
            ],
            [
              118.9258446,
              32.1389901
            ],
            [
              118.9257923,
              32.1392172
            ],
            [
              118.9255173,
              32.1391877
            ],
            [
              118.9255026,
              32.1391695
            ]
          ]
        ]
      }
    },
    {
      "type": "Feature",
      "properties": {
        "OBJECTID": 2008,
        "overview_id": "sector_H",
        "NAME": "Screening Sector H",
        "BARRIO": "Screening Sector H",
        "label": "Screening Sector H",
        "comuna_name": "Derived screening sector",
        "geometry_class": "derived_screening_sector",
        "geometry_provenance": "Derived screening polygon from AOI remainder split by major OSM roads/waterways; not an administrative boundary or neighborhood",
        "kind": "screening_sector",
        "area_m2": 1943411.0,
        "is_focus_area": false,
        "map_fill": true,
        "population_proxy": 5862.8,
        "population_estimate": 5862.8,
        "population_label": "WorldPop 2026 population estimate (aggregated from planning cells)",
        "built_up_fraction": 0.7021,
        "drainage_stress_proxy": 0.4251,
        "runoff_pressure_proxy": 0.6604,
        "mean_elevation_m": 27.34,
        "mean_slope_deg": 1.46,
        "priority_exposure_raw": 2492.351,
        "priority_balanced_raw": 2837.135,
        "priority_runoff_raw": 0.4251,
        "member_cell_ids": [
          11,
          20,
          21
        ],
        "member_cell_count": 3,
        "member_overlaps": [
          {
            "cell_id": 11,
            "overlap_area_m2": 597165.7
          },
          {
            "cell_id": 20,
            "overlap_area_m2": 677202.3
          },
          {
            "cell_id": 21,
            "overlap_area_m2": 459275.2
          }
        ],
        "aggregation_method": "population_weighted_mean_for_proxies;sum_for_population;centroid_membership",
        "rank_exposure": 2,
        "rank_balanced": 2,
        "rank_runoff": 13,
        "rank_low_regret": 3,
        "rank_equity": null,
        "priority_exposure": 0.2031,
        "priority_balanced": 0.2104,
        "priority_runoff": 0.6657,
        "priority_low_regret": 0.4878,
        "priority_equity": null,
        "priority_low_regret_raw": 1.0769,
        "normalization": "minmax_within_nanjing_overview"
      },
      "geometry": {
        "type": "Polygon",
        "coordinates": [
          [
            [
              118.8890339,
              32.088297
            ],
            [
              118.8890529,
              32.08839
            ],
            [
              118.8890579,
              32.088587
            ],
            [
              118.8890539,
              32.0886731
            ],
            [
              118.8890459,
              32.0887621
            ],
            [
              118.8890228,
              32.0888441
            ],
            [
              118.88893328511449,
              32.08900965316269
            ],
            [
              118.8888687,
              32.0891291
            ],
            [
              118.88877730094478,
              32.0893274318773
            ],
            [
              118.888819,
              32.0893406
            ],
            [
              118.8893815,
              32.0895653
            ],
            [
              118.8898164,
              32.0897587
            ],
            [
              118.8900089,
              32.0898568
            ],
            [
              118.8901655,
              32.0899832
            ],
            [
              118.8902886,
              32.0901296
            ],
            [
              118.8903579,
              32.0902783
            ],
            [
              118.8903952,
              32.0904022
            ],
            [
              118.8904167,
              32.0905631
            ],
            [
              118.8904138,
              32.0906706
            ],
            [
              118.8903756,
              32.090812
            ],
            [
              118.8903022,
              32.090961
            ],
            [
              118.8902651,
              32.0910362
            ],
            [
              118.8896032,
              32.0921163
            ],
            [
              118.8895008,
              32.0922855
            ],
            [
              118.8887269,
              32.0935642
            ],
            [
              118.8884391,
              32.0940397
            ],
            [
              118.8880518,
              32.0946706
            ],
            [
              118.8880357,
              32.0946979
            ],
            [
              118.887729,
              32.0952184
            ],
            [
              118.8874177,
              32.0957351
            ],
            [
              118.887269,
              32.0959682
            ],
            [
              118.8871725,
              32.0960853
            ],
            [
              118.8870706,
              32.0961807
            ],
            [
              118.8869298,
              32.0962703
            ],
            [
              118.8867742,
              32.0963397
            ],
            [
              118.8866119,
              32.0963818
            ],
            [
              118.8864388,
              32.0964001
            ],
            [
              118.8862688,
              32.0963965
            ],
            [
              118.8860996,
              32.0963704
            ],
            [
              118.8859454,
              32.0963227
            ],
            [
              118.8856641,
              32.096211
            ],
            [
              118.8854089,
              32.0960932
            ],
            [
              118.8851244,
              32.0959285
            ],
            [
              118.8848704,
              32.0957815
            ],
            [
              118.8846499,
              32.0956331
            ],
            [
              118.8843361,
              32.0954138
            ],
            [
              118.8840249,
              32.0952022
            ],
            [
              118.8837373,
              32.0950067
            ],
            [
              118.8835381,
              32.094881
            ],
            [
              118.8832417,
              32.0947128
            ],
            [
              118.8827757,
              32.0944794
            ],
            [
              118.8823321,
              32.0942752
            ],
            [
              118.8819955,
              32.0940773
            ],
            [
              118.8816852,
              32.0939353
            ],
            [
              118.8814741,
              32.0938618
            ],
            [
              118.8812819,
              32.0938237
            ],
            [
              118.881226,
              32.0938141
            ],
            [
              118.8809519,
              32.0937979
            ],
            [
              118.8807703,
              32.0938038
            ],
            [
              118.8807338,
              32.093805
            ],
            [
              118.8804898,
              32.0938255
            ],
            [
              118.8802759,
              32.0938677
            ],
            [
              118.8800083,
              32.0939539
            ],
            [
              118.88,
              32.093956099500005
            ],
            [
              118.88,
              32.0992508907487
            ],
            [
              118.8807208,
              32.099482
            ],
            [
              118.8814053,
              32.0997255
            ],
            [
              118.8823793,
              32.1001666
            ],
            [
              118.8830879,
              32.1005942
            ],
            [
              118.8835039,
              32.1008319
            ],
            [
              118.8845467,
              32.1014727
            ],
            [
              118.8856132,
              32.1023046
            ],
            [
              118.8858036,
              32.1024059
            ],
            [
              118.8861762,
              32.102691
            ],
            [
              118.8864975,
              32.1029936
            ],
            [
              118.8869646,
              32.1034799
            ],
            [
              118.8870425,
              32.1035727
            ],
            [
              118.8874943,
              32.1041108
            ],
            [
              118.8881258,
              32.1049343
            ],
            [
              118.888303,
              32.1048069
            ],
            [
              118.8887035,
              32.1044321
            ],
            [
              118.8888393,
              32.1042931
            ],
            [
              118.8889987,
              32.1040503
            ],
            [
              118.8891452,
              32.1038003
            ],
            [
              118.8892338,
              32.1035959
            ],
            [
              118.8893006,
              32.1034212
            ],
            [
              118.8893504,
              32.1032233
            ],
            [
              118.8893979,
              32.1028996
            ],
            [
              118.889443,
              32.1026973
            ],
            [
              118.8894859,
              32.1025314
            ],
            [
              118.8895443,
              32.1023632
            ],
            [
              118.8896273,
              32.1021747
            ],
            [
              118.889727,
              32.1019995
            ],
            [
              118.8898735,
              32.1017607
            ],
            [
              118.8900438,
              32.1015408
            ],
            [
              118.8901964,
              32.1013773
            ],
            [
              118.89034,
              32.101241
            ],
            [
              118.8905011,
              32.1011091
            ],
            [
              118.8907078,
              32.1009749
            ],
            [
              118.890886,
              32.1008807
            ],
            [
              118.891146,
              32.1007484
            ],
            [
              118.8917349,
              32.1004922
            ],
            [
              118.8919336,
              32.1004188
            ],
            [
              118.8921574,
              32.100357
            ],
            [
              118.8925813,
              32.1002597
            ],
            [
              118.8929168,
              32.100199
            ],
            [
              118.893304,
              32.1001559
            ],
            [
              118.8936869,
              32.1001357
            ],
            [
              118.8943676,
              32.1001238
            ],
            [
              118.894911,
              32.1001209
            ],
            [
              118.8952717,
              32.1001082
            ],
            [
              118.8955919,
              32.1000764
            ],
            [
              118.8960417,
              32.099987
            ],
            [
              118.8965334,
              32.0998813
            ],
            [
              118.8969317,
              32.0997492
            ],
            [
              118.8973255,
              32.0995815
            ],
            [
              118.8977645,
              32.0993686
            ],
            [
              118.8981186,
              32.0991531
            ],
            [
              118.8983205,
              32.0990104
            ],
            [
              118.8985533,
              32.0988462
            ],
            [
              118.8987169,
              32.0989068
            ],
            [
              118.9024433,
              32.0961102
            ],
            [
              118.9023392,
              32.0960164
            ],
            [
              118.902154,
              32.0956592
            ],
            [
              118.9019796,
              32.0952934
            ],
            [
              118.9018375,
              32.0949434
            ],
            [
              118.901765,
              32.0946776
            ],
            [
              118.9017087,
              32.0944526
            ],
            [
              118.9015934,
              32.0938141
            ],
            [
              118.9014767,
              32.0932699
            ],
            [
              118.9013882,
              32.092929
            ],
            [
              118.9012742,
              32.0925757
            ],
            [
              118.9012071,
              32.0924075
            ],
            [
              118.9011402,
              32.0921809
            ],
            [
              118.9010462,
              32.0920303
            ],
            [
              118.9009067,
              32.0917735
            ],
            [
              118.9008316,
              32.0916531
            ],
            [
              118.9007069,
              32.0914418
            ],
            [
              118.900546,
              32.0911998
            ],
            [
              118.9003086,
              32.0908635
            ],
            [
              118.9001423,
              32.0906362
            ],
            [
              118.9000216,
              32.0904783
            ],
            [
              118.8998996,
              32.0903397
            ],
            [
              118.8997976,
              32.0902317
            ],
            [
              118.8996609,
              32.0901113
            ],
            [
              118.89952,
              32.089992
            ],
            [
              118.8993765,
              32.089875
            ],
            [
              118.8992491,
              32.0897841
            ],
            [
              118.8991365,
              32.0897045
            ],
            [
              118.8989823,
              32.0896136
            ],
            [
              118.8987462,
              32.0894818
            ],
            [
              118.8984404,
              32.089341
            ],
            [
              118.8982609,
              32.0892646
            ],
            [
              118.8980556,
              32.0891773
            ],
            [
              118.897161,
              32.0888331
            ],
            [
              118.8968954,
              32.0887356
            ],
            [
              118.8966595,
              32.088649
            ],
            [
              118.895081,
              32.088007
            ],
            [
              118.892046,
              32.0868168
            ],
            [
              118.8919547,
              32.0867825
            ],
            [
              118.8902342,
              32.0861368
            ],
            [
              118.8901686,
              32.0861274
            ],
            [
              118.8897822,
              32.0860723
            ],
            [
              118.8896535,
              32.0860539
            ],
            [
              118.8893115,
              32.0860198
            ],
            [
              118.8890822,
              32.0860152
            ],
            [
              118.8889468,
              32.0860163
            ],
            [
              118.8888341,
              32.0860232
            ],
            [
              118.8886772,
              32.0860413
            ],
            [
              118.88857663440301,
              32.08606371998026
            ],
            [
              118.88831364461493,
              32.08632474035375
            ],
            [
              118.8886128,
              32.0871455
            ],
            [
              118.8889659,
              32.0880979
            ],
            [
              118.8890339,
              32.088297
            ]
          ],
          [
            [
              118.8999012,
              32.0928701
            ],
            [
              118.8996386,
              32.0935602
            ],
            [
              118.8994671,
              32.0939778
            ],
            [
              118.8990063,
              32.09445
            ],
            [
              118.8985615,
              32.0946724
            ],
            [
              118.8982737,
              32.0948113
            ],
            [
              118.8985186,
              32.0952172
            ],
            [
              118.8984222,
              32.0953715
            ],
            [
              118.8980042,
              32.0953942
            ],
            [
              118.8976827,
              32.0955122
            ],
            [
              118.8975166,
              32.0957528
            ],
            [
              118.8971522,
              32.0960888
            ],
            [
              118.8962191,
              32.097076
            ],
            [
              118.8960377,
              32.0969609
            ],
            [
              118.8940657,
              32.0955758
            ],
            [
              118.8935513,
              32.0950219
            ],
            [
              118.8945158,
              32.0944863
            ],
            [
              118.8960859,
              32.0933877
            ],
            [
              118.8962865,
              32.0932523
            ],
            [
              118.8970075,
              32.0927657
            ],
            [
              118.8982269,
              32.0918091
            ],
            [
              118.8990179,
              32.0910471
            ],
            [
              118.8997157,
              32.0903599
            ],
            [
              118.899741,
              32.090335
            ],
            [
              118.9003084,
              32.0910588
            ],
            [
              118.9006621,
              32.0916671
            ],
            [
              118.9009943,
              32.0923345
            ],
            [
              118.90083635234956,
              32.09238781133678
            ],
            [
              118.9002548,
              32.0925841
            ],
            [
              118.8999012,
              32.0928701
            ]
          ],
          [
            [
              118.882775,
              32.0947071
            ],
            [
              118.883247,
              32.0950196
            ],
            [
              118.8833624,
              32.095107
            ],
            [
              118.8833718,
              32.095182
            ],
            [
              118.8833436,
              32.0952536
            ],
            [
              118.883227,
              32.0953127
            ],
            [
              118.8829775,
              32.0954058
            ],
            [
              118.8829091,
              32.0954002
            ],
            [
              118.882724,
              32.095332
            ],
            [
              118.8827053,
              32.0952991
            ],
            [
              118.8826945,
              32.0952604
            ],
            [
              118.8826047,
              32.0951457
            ],
            [
              118.8825873,
              32.0951105
            ],
            [
              118.8825873,
              32.0949718
            ],
            [
              118.8825738,
              32.0947991
            ],
            [
              118.8825899,
              32.0947446
            ],
            [
              118.8826288,
              32.094706
            ],
            [
              118.8826919,
              32.0946787
            ],
            [
              118.882775,
              32.0947071
            ]
          ]
        ]
      }
    },
    {
      "type": "Feature",
      "properties": {
        "OBJECTID": 2009,
        "overview_id": "sector_I",
        "NAME": "Screening Sector I",
        "BARRIO": "Screening Sector I",
        "label": "Screening Sector I",
        "comuna_name": "Derived screening sector",
        "geometry_class": "derived_screening_sector",
        "geometry_provenance": "Derived screening polygon from AOI remainder split by major OSM roads/waterways; not an administrative boundary or neighborhood",
        "kind": "screening_sector",
        "area_m2": 1552894.7,
        "is_focus_area": false,
        "map_fill": true,
        "population_proxy": 397.9,
        "population_estimate": 397.9,
        "population_label": "WorldPop 2026 population estimate (aggregated from planning cells)",
        "built_up_fraction": 0.2823,
        "drainage_stress_proxy": 0.3034,
        "runoff_pressure_proxy": 0.3739,
        "mean_elevation_m": 44.46,
        "mean_slope_deg": 8.99,
        "priority_exposure_raw": 120.736,
        "priority_balanced_raw": 127.753,
        "priority_runoff_raw": 0.3034,
        "member_cell_ids": [
          67,
          68,
          77,
          78,
          79
        ],
        "member_cell_count": 5,
        "member_overlaps": [
          {
            "cell_id": 67,
            "overlap_area_m2": 767216.1
          },
          {
            "cell_id": 68,
            "overlap_area_m2": 567673.2
          },
          {
            "cell_id": 77,
            "overlap_area_m2": 0.0
          },
          {
            "cell_id": 78,
            "overlap_area_m2": 0.0
          },
          {
            "cell_id": 79,
            "overlap_area_m2": 0.0
          }
        ],
        "aggregation_method": "population_weighted_mean_for_proxies;sum_for_population;centroid_membership",
        "rank_exposure": 19,
        "rank_balanced": 19,
        "rank_runoff": 18,
        "rank_low_regret": 20,
        "rank_equity": null,
        "priority_exposure": 0.0098,
        "priority_balanced": 0.0095,
        "priority_runoff": 0.4751,
        "priority_low_regret": 0.04,
        "priority_equity": null,
        "priority_low_regret_raw": 0.1608,
        "normalization": "minmax_within_nanjing_overview"
      },
      "geometry": {
        "type": "Polygon",
        "coordinates": [
          [
            [
              118.96649534259787,
              32.13989531480769
            ],
            [
              118.9649543,
              32.1396089
            ],
            [
              118.96460379155684,
              32.13950392899586
            ],
            [
              118.9645465,
              32.1394928
            ],
            [
              118.96450790044538,
              32.139485400902096
            ],
            [
              118.96446915570152,
              32.139645479734114
            ],
            [
              118.96429932024162,
              32.139609964029425
            ],
            [
              118.9643403,
              32.1394573
            ],
            [
              118.96418521601679,
              32.13942354594797
            ],
            [
              118.9637692,
              32.139333
            ],
            [
              118.9628642,
              32.1391229
            ],
            [
              118.9601877,
              32.138591
            ],
            [
              118.9586749,
              32.1382667
            ],
            [
              118.9582342,
              32.1381859
            ],
            [
              118.9566952,
              32.1378697
            ],
            [
              118.9556192,
              32.1376935
            ],
            [
              118.9534644,
              32.1373606
            ],
            [
              118.9530324,
              32.1373215
            ],
            [
              118.9524091,
              32.137349
            ],
            [
              118.9522419,
              32.1373283
            ],
            [
              118.9516096,
              32.1372584
            ],
            [
              118.9502207,
              32.13715
            ],
            [
              118.9481644,
              32.1370393
            ],
            [
              118.94787823252253,
              32.13702727032431
            ],
            [
              118.94788514965485,
              32.137161894421574
            ],
            [
              118.9485525,
              32.1371914
            ],
            [
              118.9503576,
              32.1373114
            ],
            [
              118.9494306,
              32.1372926
            ],
            [
              118.9490727,
              32.1373098
            ],
            [
              118.9485251,
              32.1373361
            ],
            [
              118.9481208,
              32.137346
            ],
            [
              118.94789443025908,
              32.1373425173886
            ],
            [
              118.9479058,
              32.1375638
            ],
            [
              118.9479401,
              32.1381182
            ],
            [
              118.9479325,
              32.1385728
            ],
            [
              118.9478254,
              32.1397679
            ],
            [
              118.9475877,
              32.1410649
            ],
            [
              118.9472733,
              32.1421143
            ],
            [
              118.9467323,
              32.1434917
            ],
            [
              118.9461072,
              32.1446556
            ],
            [
              118.94589532518968,
              32.145
            ],
            [
              118.94630625422481,
              32.145
            ],
            [
              118.97,
              32.145
            ],
            [
              118.97,
              32.14074233484114
            ],
            [
              118.97,
              32.14061872150613
            ],
            [
              118.9687262,
              32.1403653
            ],
            [
              118.96649534259787,
              32.13989531480769
            ]
          ]
        ]
      }
    },
    {
      "type": "Feature",
      "properties": {
        "OBJECTID": 2010,
        "overview_id": "sector_J",
        "NAME": "Screening Sector J",
        "BARRIO": "Screening Sector J",
        "label": "Screening Sector J",
        "comuna_name": "Derived screening sector",
        "geometry_class": "derived_screening_sector",
        "geometry_provenance": "Derived screening polygon from AOI remainder split by major OSM roads/waterways; not an administrative boundary or neighborhood",
        "kind": "screening_sector",
        "area_m2": 1334291.6,
        "is_focus_area": false,
        "map_fill": true,
        "population_proxy": 0.0,
        "population_estimate": 0.0,
        "population_label": "WorldPop 2026 population estimate (aggregated from planning cells)",
        "built_up_fraction": 0.0,
        "drainage_stress_proxy": 0.0,
        "runoff_pressure_proxy": 0.0,
        "mean_elevation_m": null,
        "mean_slope_deg": null,
        "priority_exposure_raw": 0.0,
        "priority_balanced_raw": 0.0,
        "priority_runoff_raw": 0.0,
        "member_cell_ids": [],
        "member_cell_count": 0,
        "member_overlaps": [],
        "aggregation_method": "population_weighted_mean_for_proxies;sum_for_population",
        "rank_exposure": 38,
        "rank_balanced": 38,
        "rank_runoff": 38,
        "rank_low_regret": 38,
        "rank_equity": null,
        "priority_exposure": 0.0,
        "priority_balanced": 0.0,
        "priority_runoff": 0.0,
        "priority_low_regret": 0.0,
        "priority_equity": null,
        "priority_low_regret_raw": 0.0789,
        "normalization": "minmax_within_nanjing_overview"
      },
      "geometry": {
        "type": "Polygon",
        "coordinates": [
          [
            [
              118.9118756,
              32.1032767
            ],
            [
              118.9117952,
              32.103429
            ],
            [
              118.9116417,
              32.1037199
            ],
            [
              118.9104205,
              32.1060338
            ],
            [
              118.9102837,
              32.1064291
            ],
            [
              118.9101362,
              32.1071857
            ],
            [
              118.9099377,
              32.1093123
            ],
            [
              118.9099002,
              32.1106095
            ],
            [
              118.9099216,
              32.1109866
            ],
            [
              118.9099519,
              32.1112785
            ],
            [
              118.9100182,
              32.1117432
            ],
            [
              118.9102841,
              32.112961
            ],
            [
              118.9104366,
              32.1129336
            ],
            [
              118.9104822,
              32.1130563
            ],
            [
              118.9103144,
              32.1130915
            ],
            [
              118.9103836,
              32.1133322
            ],
            [
              118.9105341,
              32.1136866
            ],
            [
              118.9107253,
              32.1140053
            ],
            [
              118.9109687,
              32.1143374
            ],
            [
              118.9112362,
              32.1146667
            ],
            [
              118.9119432,
              32.1153034
            ],
            [
              118.9119829,
              32.1153281
            ],
            [
              118.914807,
              32.1172442
            ],
            [
              118.9187508,
              32.1198998
            ],
            [
              118.9188534,
              32.1197511
            ],
            [
              118.9189751,
              32.1195578
            ],
            [
              118.9205936,
              32.1168492
            ],
            [
              118.9212761,
              32.1157179
            ],
            [
              118.9221785,
              32.1142377
            ],
            [
              118.9223907,
              32.113853
            ],
            [
              118.9226627,
              32.1139545
            ],
            [
              118.9228044,
              32.1136569
            ],
            [
              118.9229323,
              32.1132235
            ],
            [
              118.9229963,
              32.1126816
            ],
            [
              118.9230247,
              32.112206
            ],
            [
              118.9230198,
              32.1120112
            ],
            [
              118.9229745,
              32.1102776
            ],
            [
              118.9228596,
              32.1066207
            ],
            [
              118.9225226,
              32.1065255
            ],
            [
              118.9163577,
              32.1045998
            ],
            [
              118.9121063,
              32.103346
            ],
            [
              118.9118756,
              32.1032767
            ]
          ],
          [
            [
              118.9156879,
              32.1086449
            ],
            [
              118.9157273,
              32.1086874
            ],
            [
              118.9157407,
              32.1087238
            ],
            [
              118.9157554,
              32.1087567
            ],
            [
              118.9157764,
              32.1134012
            ],
            [
              118.9144948,
              32.1127123
            ],
            [
              118.9109223,
              32.1121389
            ],
            [
              118.9106947,
              32.1120944
            ],
            [
              118.9104801,
              32.1118218
            ],
            [
              118.9103299,
              32.1109857
            ],
            [
              118.9105445,
              32.1072053
            ],
            [
              118.91063579612488,
              32.10720964999975
            ],
            [
              118.9112224,
              32.1072376
            ],
            [
              118.9156879,
              32.1086449
            ]
          ]
        ]
      }
    },
    {
      "type": "Feature",
      "properties": {
        "OBJECTID": 2011,
        "overview_id": "sector_K",
        "NAME": "Screening Sector K",
        "BARRIO": "Screening Sector K",
        "label": "Screening Sector K",
        "comuna_name": "Derived screening sector",
        "geometry_class": "derived_screening_sector",
        "geometry_provenance": "Derived screening polygon from AOI remainder split by major OSM roads/waterways; not an administrative boundary or neighborhood",
        "kind": "screening_sector",
        "area_m2": 1280357.6,
        "is_focus_area": false,
        "map_fill": true,
        "population_proxy": 375.3,
        "population_estimate": 375.3,
        "population_label": "WorldPop 2026 population estimate (aggregated from planning cells)",
        "built_up_fraction": 0.4959,
        "drainage_stress_proxy": 0.4069,
        "runoff_pressure_proxy": 0.4955,
        "mean_elevation_m": 27.25,
        "mean_slope_deg": 11.81,
        "priority_exposure_raw": 152.693,
        "priority_balanced_raw": 161.005,
        "priority_runoff_raw": 0.4069,
        "member_cell_ids": [
          57
        ],
        "member_cell_count": 1,
        "member_overlaps": [
          {
            "cell_id": 57,
            "overlap_area_m2": 637999.8
          }
        ],
        "aggregation_method": "population_weighted_mean_for_proxies;sum_for_population;centroid_membership",
        "rank_exposure": 18,
        "rank_balanced": 18,
        "rank_runoff": 14,
        "rank_low_regret": 17,
        "rank_equity": null,
        "priority_exposure": 0.0124,
        "priority_balanced": 0.0119,
        "priority_runoff": 0.6372,
        "priority_low_regret": 0.0506,
        "priority_equity": null,
        "priority_low_regret_raw": 0.1825,
        "normalization": "minmax_within_nanjing_overview"
      },
      "geometry": {
        "type": "Polygon",
        "coordinates": [
          [
            [
              118.9606349,
              32.1124653
            ],
            [
              118.9605647,
              32.1123881
            ],
            [
              118.9604129,
              32.1123111
            ],
            [
              118.9600459,
              32.11215
            ],
            [
              118.9596672,
              32.1120067
            ],
            [
              118.9592762,
              32.1118731
            ],
            [
              118.9589657,
              32.1117618
            ],
            [
              118.9583497,
              32.1116184
            ],
            [
              118.9581658,
              32.1115868
            ],
            [
              118.9571005,
              32.1114
            ],
            [
              118.9562812,
              32.1113221
            ],
            [
              118.9555656,
              32.1112764
            ],
            [
              118.9552287,
              32.1112604
            ],
            [
              118.9545523,
              32.1112284
            ],
            [
              118.953788,
              32.1111444
            ],
            [
              118.9530501,
              32.1110487
            ],
            [
              118.9525078,
              32.1109711
            ],
            [
              118.9520851,
              32.1109026
            ],
            [
              118.9513134,
              32.1107581
            ],
            [
              118.9511374,
              32.1107252
            ],
            [
              118.9509051,
              32.1106817
            ],
            [
              118.9506115,
              32.1106256
            ],
            [
              118.9504956,
              32.1108737
            ],
            [
              118.9503828,
              32.1108549
            ],
            [
              118.9504853,
              32.1105984
            ],
            [
              118.9501716,
              32.1105378
            ],
            [
              118.9499786,
              32.1105031
            ],
            [
              118.9497262,
              32.1104578
            ],
            [
              118.94857869913632,
              32.110307263456626
            ],
            [
              118.94846469520347,
              32.11056550054081
            ],
            [
              118.94839100584377,
              32.110732418689224
            ],
            [
              118.9494483,
              32.1108746
            ],
            [
              118.9494156,
              32.1110091
            ],
            [
              118.9495044,
              32.1111594
            ],
            [
              118.9499714,
              32.1112425
            ],
            [
              118.9482889,
              32.1146606
            ],
            [
              118.9474677,
              32.1163616
            ],
            [
              118.9461013,
              32.1193455
            ],
            [
              118.94521672818435,
              32.119217629547556
            ],
            [
              118.94518164453682,
              32.11939116116786
            ],
            [
              118.9462349,
              32.1195598
            ],
            [
              118.9460521,
              32.1201114
            ],
            [
              118.9458874,
              32.1206792
            ],
            [
              118.9458113,
              32.1210077
            ],
            [
              118.9456638,
              32.1217629
            ],
            [
              118.9456032,
              32.1222796
            ],
            [
              118.9455478,
              32.1229758
            ],
            [
              118.9455364,
              32.123488
            ],
            [
              118.9455768,
              32.1245953
            ],
            [
              118.9457777,
              32.1262301
            ],
            [
              118.9458512,
              32.1268146
            ],
            [
              118.945972,
              32.1275798
            ],
            [
              118.9460307,
              32.1283234
            ],
            [
              118.9460457,
              32.1285807
            ],
            [
              118.9461348,
              32.128642
            ],
            [
              118.9460818,
              32.1288477
            ],
            [
              118.9461639,
              32.1295227
            ],
            [
              118.9463333,
              32.130693
            ],
            [
              118.9465852,
              32.1312926
            ],
            [
              118.9469322,
              32.1318543
            ],
            [
              118.94710341108943,
              32.13205892474166
            ],
            [
              118.94724202002756,
              32.13191748364975
            ],
            [
              118.9471471,
              32.1318156
            ],
            [
              118.9465966,
              32.1309459
            ],
            [
              118.9462762,
              32.1293317
            ],
            [
              118.9464405,
              32.1291856
            ],
            [
              118.9505979,
              32.1312729
            ],
            [
              118.9522904,
              32.1318087
            ],
            [
              118.95341464719866,
              32.13198363232259
            ],
            [
              118.9534236,
              32.1319404
            ],
            [
              118.9543449,
              32.1320601
            ],
            [
              118.9555516,
              32.1320904
            ],
            [
              118.9563734,
              32.1320493
            ],
            [
              118.9572505,
              32.1319474
            ],
            [
              118.9582426,
              32.1317133
            ],
            [
              118.9588668,
              32.1315347
            ],
            [
              118.9589676,
              32.1312984
            ],
            [
              118.9591645,
              32.1307016
            ],
            [
              118.9595194,
              32.1294676
            ],
            [
              118.959665,
              32.1288774
            ],
            [
              118.9597881,
              32.1283012
            ],
            [
              118.9598718,
              32.1277376
            ],
            [
              118.9599008,
              32.1273521
            ],
            [
              118.9599312,
              32.1269389
            ],
            [
              118.959947,
              32.1266399
            ],
            [
              118.9599589,
              32.1261823
            ],
            [
              118.9599232,
              32.125636
            ],
            [
              118.9599069,
              32.1254698
            ],
            [
              118.9598941,
              32.1253221
            ],
            [
              118.9598203,
              32.1244796
            ],
            [
              118.9597742,
              32.1241393
            ],
            [
              118.9597293,
              32.1236852
            ],
            [
              118.9596303,
              32.1229075
            ],
            [
              118.9593907,
              32.1218426
            ],
            [
              118.9590647,
              32.1204506
            ],
            [
              118.9590161,
              32.1200988
            ],
            [
              118.9589806,
              32.1194973
            ],
            [
              118.9589557,
              32.1188251
            ],
            [
              118.9589964,
              32.1183878
            ],
            [
              118.959021,
              32.1181235
            ],
            [
              118.9590677,
              32.1175397
            ],
            [
              118.9591964,
              32.1169407
            ],
            [
              118.9594509,
              32.1161459
            ],
            [
              118.9599324,
              32.1150989
            ],
            [
              118.9605931,
              32.1139909
            ],
            [
              118.9610573,
              32.1132487
            ],
            [
              118.9611835,
              32.1130469
            ],
            [
              118.9607961,
              32.1128725
            ],
            [
              118.9604405,
              32.112718
            ],
            [
              118.9603922,
              32.1126956
            ],
            [
              118.9604757,
              32.1126977
            ],
            [
              118.9605341,
              32.1126842
            ],
            [
              118.9605836,
              32.1126572
            ],
            [
              118.9606278,
              32.1126107
            ],
            [
              118.9606385,
              32.1125418
            ],
            [
              118.9606349,
              32.1124653
            ]
          ],
          [
            [
              118.9588642,
              32.1172235
            ],
            [
              118.9587443,
              32.1177709
            ],
            [
              118.9587194,
              32.1182924
            ],
            [
              118.9586983,
              32.1186747
            ],
            [
              118.9586185531989,
              32.11867074684139
            ],
            [
              118.9581617,
              32.1186481
            ],
            [
              118.9567888,
              32.1185799
            ],
            [
              118.9559291,
              32.1190884
            ],
            [
              118.955699,
              32.119471
            ],
            [
              118.9554367,
              32.1197771
            ],
            [
              118.9555735,
              32.1222114
            ],
            [
              118.9549464,
              32.1223993
            ],
            [
              118.9545972,
              32.1225954
            ],
            [
              118.9545639,
              32.1228477
            ],
            [
              118.9542846,
              32.1236625
            ],
            [
              118.9539472,
              32.1236528
            ],
            [
              118.9539263,
              32.1232733
            ],
            [
              118.9539998,
              32.1227847
            ],
            [
              118.9539234,
              32.1227026
            ],
            [
              118.9538639,
              32.122522
            ],
            [
              118.9536813,
              32.1223388
            ],
            [
              118.9526793,
              32.1222557
            ],
            [
              118.9522082,
              32.1224211
            ],
            [
              118.952021,
              32.1226629
            ],
            [
              118.9520984,
              32.1232204
            ],
            [
              118.952152,
              32.1237668
            ],
            [
              118.9522465,
              32.1237588
            ],
            [
              118.9522812,
              32.1240356
            ],
            [
              118.9518783,
              32.1240176
            ],
            [
              118.9518791,
              32.1246266
            ],
            [
              118.9519745,
              32.1249377
            ],
            [
              118.9523606,
              32.1253599
            ],
            [
              118.9533076,
              32.1250743
            ],
            [
              118.953452,
              32.1250707
            ],
            [
              118.9536435,
              32.1251145
            ],
            [
              118.9541736,
              32.1253244
            ],
            [
              118.954394,
              32.1253448
            ],
            [
              118.9544864,
              32.125296
            ],
            [
              118.9549275,
              32.1247444
            ],
            [
              118.9553778,
              32.1245695
            ],
            [
              118.9558469,
              32.1244863
            ],
            [
              118.9561752,
              32.1243584
            ],
            [
              118.9563278,
              32.1241685
            ],
            [
              118.9563606,
              32.1240824
            ],
            [
              118.9563748,
              32.1239503
            ],
            [
              118.9563633,
              32.1237746
            ],
            [
              118.9562982,
              32.1236733
            ],
            [
              118.9561354,
              32.1236281
            ],
            [
              118.9563004,
              32.1238133
            ],
            [
              118.9563277,
              32.1239089
            ],
            [
              118.9562208,
              32.1240422
            ],
            [
              118.9560565,
              32.1241415
            ],
            [
              118.9558255,
              32.1241398
            ],
            [
              118.9558077,
              32.1242732
            ],
            [
              118.9554649,
              32.1242841
            ],
            [
              118.95533,
              32.1242278
            ],
            [
              118.9553001,
              32.1240273
            ],
            [
              118.9553091,
              32.1238353
            ],
            [
              118.9554757,
              32.1238151
            ],
            [
              118.9555531,
              32.1238893
            ],
            [
              118.9556688,
              32.1238616
            ],
            [
              118.9556729,
              32.1237499
            ],
            [
              118.9557894,
              32.1235798
            ],
            [
              118.9560806,
              32.1234245
            ],
            [
              118.9563191,
              32.1234266
            ],
            [
              118.9564884,
              32.1235953
            ],
            [
              118.9565096,
              32.1238962
            ],
            [
              118.9564481,
              32.1243327
            ],
            [
              118.9560834,
              32.1245594
            ],
            [
              118.9554159,
              32.1247092
            ],
            [
              118.9549961,
              32.1249182
            ],
            [
              118.9545756,
              32.1253917
            ],
            [
              118.9544504,
              32.1254785
            ],
            [
              118.9542362,
              32.1254843
            ],
            [
              118.9535389,
              32.1251886
            ],
            [
              118.9533345,
              32.1251891
            ],
            [
              118.9524813,
              32.1254558
            ],
            [
              118.953504,
              32.1263231
            ],
            [
              118.9539081,
              32.1266374
            ],
            [
              118.9542651,
              32.1268103
            ],
            [
              118.9548519,
              32.1269729
            ],
            [
              118.9552102,
              32.1270269
            ],
            [
              118.9553485,
              32.1270416
            ],
            [
              118.9553546,
              32.1271395
            ],
            [
              118.9553835,
              32.1280655
            ],
            [
              118.9539062,
              32.1281062
            ],
            [
              118.9534557,
              32.1273586
            ],
            [
              118.9532407,
              32.1273581
            ],
            [
              118.9532417,
              32.1270569
            ],
            [
              118.9534207,
              32.1270573
            ],
            [
              118.9535641,
              32.1267741
            ],
            [
              118.9537937,
              32.1267018
            ],
            [
              118.953579,
              32.12657
            ],
            [
              118.9532292,
              32.1263404
            ],
            [
              118.9523758,
              32.1256215
            ],
            [
              118.9518071,
              32.1249274
            ],
            [
              118.9517296,
              32.1246715
            ],
            [
              118.9514941,
              32.1247363
            ],
            [
              118.9512784,
              32.1248929
            ],
            [
              118.9509064,
              32.1252189
            ],
            [
              118.9508604,
              32.1254616
            ],
            [
              118.9509021,
              32.1264252
            ],
            [
              118.9503036,
              32.127018
            ],
            [
              118.9495124,
              32.1270887
            ],
            [
              118.9492813,
              32.1271063
            ],
            [
              118.9492222,
              32.1270381
            ],
            [
              118.948095,
              32.1269315
            ],
            [
              118.9471487,
              32.1268637
            ],
            [
              118.94629263470505,
              32.12679031049351
            ],
            [
              118.9459729,
              32.1267629
            ],
            [
              118.9459013,
              32.1259775
            ],
            [
              118.9457627,
              32.1245311
            ],
            [
              118.9457301,
              32.1233961
            ],
            [
              118.9457577,
              32.1228352
            ],
            [
              118.9458202,
              32.1223112
            ],
            [
              118.9459976,
              32.121315
            ],
            [
              118.9462026,
              32.1203797
            ],
            [
              118.9463571,
              32.1198327
            ],
            [
              118.9463979,
              32.1197008
            ],
            [
              118.9464241,
              32.1196395
            ],
            [
              118.9464611,
              32.1195513
            ],
            [
              118.946904,
              32.1184962
            ],
            [
              118.9480018,
              32.1162487
            ],
            [
              118.9480259,
              32.1161993
            ],
            [
              118.950284,
              32.1115682
            ],
            [
              118.9503719,
              32.1113781
            ],
            [
              118.9505115,
              32.1113991
            ],
            [
              118.95061540418463,
              32.111414010317354
            ],
            [
              118.9526871,
              32.1117113
            ],
            [
              118.9539844,
              32.1118939
            ],
            [
              118.9548939,
              32.1120178
            ],
            [
              118.9554309,
              32.1120766
            ],
            [
              118.9554971,
              32.1121065
            ],
            [
              118.9555546,
              32.1121259
            ],
            [
              118.9559297,
              32.1121773
            ],
            [
              118.9559925,
              32.112186
            ],
            [
              118.9560673,
              32.1122006
            ],
            [
              118.9560661,
              32.1121682
            ],
            [
              118.9566136,
              32.112235
            ],
            [
              118.9578947,
              32.112354
            ],
            [
              118.959011,
              32.1126026
            ],
            [
              118.9603084,
              32.1131664
            ],
            [
              118.9605563,
              32.1133713
            ],
            [
              118.96050302518437,
              32.11347487256734
            ],
            [
              118.9592088,
              32.115991
            ],
            [
              118.9591854,
              32.1160365
            ],
            [
              118.9591474,
              32.1161221
            ],
            [
              118.9588642,
              32.1172235
            ]
          ]
        ]
      }
    },
    {
      "type": "Feature",
      "properties": {
        "OBJECTID": 2012,
        "overview_id": "sector_L",
        "NAME": "Screening Sector L",
        "BARRIO": "Screening Sector L",
        "label": "Screening Sector L",
        "comuna_name": "Derived screening sector",
        "geometry_class": "derived_screening_sector",
        "geometry_provenance": "Derived screening polygon from AOI remainder split by major OSM roads/waterways; not an administrative boundary or neighborhood",
        "kind": "screening_sector",
        "area_m2": 1191364.6,
        "is_focus_area": false,
        "map_fill": true,
        "population_proxy": 1169.4,
        "population_estimate": 1169.4,
        "population_label": "WorldPop 2026 population estimate (aggregated from planning cells)",
        "built_up_fraction": 0.2924,
        "drainage_stress_proxy": 0.3458,
        "runoff_pressure_proxy": 0.4394,
        "mean_elevation_m": 32.51,
        "mean_slope_deg": 6.71,
        "priority_exposure_raw": 404.439,
        "priority_balanced_raw": 431.79,
        "priority_runoff_raw": 0.3458,
        "member_cell_ids": [
          42,
          43
        ],
        "member_cell_count": 2,
        "member_overlaps": [
          {
            "cell_id": 42,
            "overlap_area_m2": 598089.0
          },
          {
            "cell_id": 43,
            "overlap_area_m2": 455719.9
          }
        ],
        "aggregation_method": "population_weighted_mean_for_proxies;sum_for_population;centroid_membership",
        "rank_exposure": 10,
        "rank_balanced": 10,
        "rank_runoff": 17,
        "rank_low_regret": 13,
        "rank_equity": null,
        "priority_exposure": 0.033,
        "priority_balanced": 0.032,
        "priority_runoff": 0.5415,
        "priority_low_regret": 0.0879,
        "priority_equity": null,
        "priority_low_regret_raw": 0.2588,
        "normalization": "minmax_within_nanjing_overview"
      },
      "geometry": {
        "type": "Polygon",
        "coordinates": [
          [
            [
              118.9095116,
              32.1130263
            ],
            [
              118.9088424,
              32.1130829
            ],
            [
              118.9075526,
              32.1131997
            ],
            [
              118.9065599,
              32.1133008
            ],
            [
              118.906125,
              32.1133805
            ],
            [
              118.9056796,
              32.1135154
            ],
            [
              118.9051932,
              32.1137191
            ],
            [
              118.904794,
              32.1139323
            ],
            [
              118.9044592,
              32.1141447
            ],
            [
              118.9041741,
              32.1143839
            ],
            [
              118.9038692,
              32.1146818
            ],
            [
              118.9036444,
              32.1149688
            ],
            [
              118.9034759,
              32.1151806
            ],
            [
              118.9032978,
              32.1154045
            ],
            [
              118.9029551,
              32.1158443
            ],
            [
              118.9028724,
              32.1159388
            ],
            [
              118.9019908,
              32.1171363
            ],
            [
              118.9015239,
              32.1177697
            ],
            [
              118.9009486,
              32.1186539
            ],
            [
              118.90082670769326,
              32.1188460899863
            ],
            [
              118.9009042,
              32.1189039
            ],
            [
              118.90097103906226,
              32.11895326937203
            ],
            [
              118.90087937785073,
              32.11910178006088
            ],
            [
              118.9017804,
              32.1197397
            ],
            [
              118.9039326,
              32.1211567
            ],
            [
              118.9048627,
              32.1217054
            ],
            [
              118.90531812748976,
              32.12195536833493
            ],
            [
              118.90540518482827,
              32.121846586498904
            ],
            [
              118.9058322,
              32.1220878
            ],
            [
              118.9076828,
              32.1230441
            ],
            [
              118.9085173,
              32.1234442
            ],
            [
              118.9105098,
              32.1243993
            ],
            [
              118.9139373,
              32.1260464
            ],
            [
              118.91488446991866,
              32.126480801089414
            ],
            [
              118.9149458,
              32.1263754
            ],
            [
              118.9151871,
              32.1264945
            ],
            [
              118.9152698,
              32.1263537
            ],
            [
              118.9156723,
              32.1257163
            ],
            [
              118.9164421,
              32.1244341
            ],
            [
              118.9174841,
              32.1226929
            ],
            [
              118.9176026,
              32.1224949
            ],
            [
              118.9190518,
              32.1200732
            ],
            [
              118.9187508,
              32.1198998
            ],
            [
              118.914807,
              32.1172442
            ],
            [
              118.9119829,
              32.1153281
            ],
            [
              118.9119432,
              32.1153034
            ],
            [
              118.9112362,
              32.1146667
            ],
            [
              118.9109687,
              32.1143374
            ],
            [
              118.9107253,
              32.1140053
            ],
            [
              118.9105341,
              32.1136866
            ],
            [
              118.9103836,
              32.1133322
            ],
            [
              118.9103144,
              32.1130915
            ],
            [
              118.9102841,
              32.112961
            ],
            [
              118.9095116,
              32.1130263
            ]
          ],
          [
            [
              118.9129912,
              32.1220344
            ],
            [
              118.9134313,
              32.1221193
            ],
            [
              118.9147923,
              32.1225263
            ],
            [
              118.9155694,
              32.1211408
            ],
            [
              118.9161792,
              32.1200434
            ],
            [
              118.9178630640638,
              32.120713667144926
            ],
            [
              118.9180282,
              32.1207794
            ],
            [
              118.9161284,
              32.1238874
            ],
            [
              118.9150498,
              32.1256519
            ],
            [
              118.9147708,
              32.1260517
            ],
            [
              118.909578,
              32.1237802
            ],
            [
              118.9097645,
              32.1229431
            ],
            [
              118.910608,
              32.1216903
            ],
            [
              118.9110587,
              32.1224172
            ],
            [
              118.9114103,
              32.1225805
            ],
            [
              118.9126639,
              32.1225138
            ],
            [
              118.9129912,
              32.1220344
            ]
          ]
        ]
      }
    },
    {
      "type": "Feature",
      "properties": {
        "OBJECTID": 2013,
        "overview_id": "sector_M",
        "NAME": "Screening Sector M",
        "BARRIO": "Screening Sector M",
        "label": "Screening Sector M",
        "comuna_name": "Derived screening sector",
        "geometry_class": "derived_screening_sector",
        "geometry_provenance": "Derived screening polygon from AOI remainder split by major OSM roads/waterways; not an administrative boundary or neighborhood",
        "kind": "screening_sector",
        "area_m2": 1145840.1,
        "is_focus_area": false,
        "map_fill": true,
        "population_proxy": 21.2,
        "population_estimate": 21.2,
        "population_label": "WorldPop 2026 population estimate (aggregated from planning cells)",
        "built_up_fraction": 0.0,
        "drainage_stress_proxy": 0.1446,
        "runoff_pressure_proxy": 0.15,
        "mean_elevation_m": 90.0,
        "mean_slope_deg": 14.01,
        "priority_exposure_raw": 3.07,
        "priority_balanced_raw": 3.099,
        "priority_runoff_raw": 0.1446,
        "member_cell_ids": [
          26
        ],
        "member_cell_count": 1,
        "member_overlaps": [
          {
            "cell_id": 26,
            "overlap_area_m2": 793482.9
          }
        ],
        "aggregation_method": "population_weighted_mean_for_proxies;sum_for_population;centroid_membership",
        "rank_exposure": 24,
        "rank_balanced": 24,
        "rank_runoff": 24,
        "rank_low_regret": 24,
        "rank_equity": null,
        "priority_exposure": 0.0003,
        "priority_balanced": 0.0002,
        "priority_runoff": 0.2264,
        "priority_low_regret": 0.0225,
        "priority_equity": null,
        "priority_low_regret_raw": 0.125,
        "normalization": "minmax_within_nanjing_overview"
      },
      "geometry": {
        "type": "Polygon",
        "coordinates": [
          [
            [
              118.9391874,
              32.0976927
            ],
            [
              118.938428,
              32.0982494
            ],
            [
              118.9380633,
              32.0985039
            ],
            [
              118.9377338,
              32.0987123
            ],
            [
              118.9374809,
              32.0988687
            ],
            [
              118.937106,
              32.0990318
            ],
            [
              118.9367298,
              32.0991547
            ],
            [
              118.9363335,
              32.0992605
            ],
            [
              118.9358685,
              32.0993593
            ],
            [
              118.9356086,
              32.0993915
            ],
            [
              118.93541177591781,
              32.09938359626109
            ],
            [
              118.9354129,
              32.0995168
            ],
            [
              118.9354769,
              32.0996615
            ],
            [
              118.9354902,
              32.0997244
            ],
            [
              118.9355042,
              32.1000691
            ],
            [
              118.9355212,
              32.1016426
            ],
            [
              118.9354696,
              32.1020273
            ],
            [
              118.9354339,
              32.1022428
            ],
            [
              118.9353295,
              32.1026864
            ],
            [
              118.9352112,
              32.1030458
            ],
            [
              118.9350042,
              32.1035135
            ],
            [
              118.9347819,
              32.1038644
            ],
            [
              118.9346103,
              32.1041109
            ],
            [
              118.93442105428194,
              32.10439601707316
            ],
            [
              118.9344784195796,
              32.10443880122492
            ],
            [
              118.9351414,
              32.1034696
            ],
            [
              118.9352672,
              32.1032213
            ],
            [
              118.935438,
              32.102792
            ],
            [
              118.9355188,
              32.1024298
            ],
            [
              118.9355588,
              32.1021167
            ],
            [
              118.9356098,
              32.1014755
            ],
            [
              118.9356129,
              32.1000342
            ],
            [
              118.9356199,
              32.1000051
            ],
            [
              118.9356608,
              32.0999271
            ],
            [
              118.9356987,
              32.099896
            ],
            [
              118.9357506,
              32.0998779
            ],
            [
              118.9362537,
              32.0997751
            ],
            [
              118.9364094,
              32.0997369
            ],
            [
              118.936609,
              32.0996756
            ],
            [
              118.9372059,
              32.0994426
            ],
            [
              118.937697,
              32.0992288
            ],
            [
              118.9378826,
              32.0991285
            ],
            [
              118.9382579,
              32.0988838
            ],
            [
              118.9401651,
              32.0974744
            ],
            [
              118.940197,
              32.0974723
            ],
            [
              118.940224,
              32.0974753
            ],
            [
              118.9402439,
              32.0974862
            ],
            [
              118.9406421,
              32.0979277
            ],
            [
              118.9407089,
              32.0980326
            ],
            [
              118.9407398,
              32.0981135
            ],
            [
              118.9407608,
              32.0982135
            ],
            [
              118.9407508,
              32.0983986
            ],
            [
              118.9407138,
              32.0985347
            ],
            [
              118.9405961,
              32.0987759
            ],
            [
              118.9405961,
              32.0987939
            ],
            [
              118.940606,
              32.0988169
            ],
            [
              118.9407158,
              32.0989577
            ],
            [
              118.9408046,
              32.0990936
            ],
            [
              118.9408844,
              32.0993625
            ],
            [
              118.9408914,
              32.0994095
            ],
            [
              118.9408924,
              32.0995946
            ],
            [
              118.9408874,
              32.0996226
            ],
            [
              118.9408754,
              32.0996396
            ],
            [
              118.9408594,
              32.0996526
            ],
            [
              118.9408325,
              32.0996597
            ],
            [
              118.9395602,
              32.0996888
            ],
            [
              118.9395033,
              32.0997109
            ],
            [
              118.9389394,
              32.100295
            ],
            [
              118.9383974,
              32.1012291
            ],
            [
              118.9383974,
              32.1012421
            ],
            [
              118.9384054,
              32.1012541
            ],
            [
              118.9389333,
              32.1012232
            ],
            [
              118.9391489,
              32.1012148
            ],
            [
              118.9393794,
              32.1012305
            ],
            [
              118.939544,
              32.1012672
            ],
            [
              118.9396348,
              32.101318
            ],
            [
              118.9397606,
              32.1014229
            ],
            [
              118.9400869,
              32.1017564
            ],
            [
              118.9401128,
              32.1017683
            ],
            [
              118.9401487,
              32.1017713
            ],
            [
              118.9401867,
              32.1017692
            ],
            [
              118.9409181,
              32.1016059
            ],
            [
              118.9409381,
              32.1016069
            ],
            [
              118.94099316293601,
              32.101634034652065
            ],
            [
              118.9410838,
              32.1016787
            ],
            [
              118.9417912,
              32.1021175
            ],
            [
              118.9418461,
              32.1021934
            ],
            [
              118.9419109,
              32.1023003
            ],
            [
              118.9421444,
              32.1028871
            ],
            [
              118.9421544,
              32.102903
            ],
            [
              118.9421653,
              32.102911
            ],
            [
              118.9422621,
              32.1029389
            ],
            [
              118.9423469,
              32.1029787
            ],
            [
              118.9424138,
              32.1030256
            ],
            [
              118.9424447,
              32.1030636
            ],
            [
              118.9424607,
              32.1030995
            ],
            [
              118.9424766,
              32.1031195
            ],
            [
              118.9424966,
              32.1031255
            ],
            [
              118.9426642,
              32.1031232
            ],
            [
              118.9430543,
              32.1031825
            ],
            [
              118.9434684,
              32.1033078
            ],
            [
              118.9438625,
              32.1034431
            ],
            [
              118.9450238,
              32.1034719
            ],
            [
              118.9460554,
              32.1033109
            ],
            [
              118.9461203,
              32.1033048
            ],
            [
              118.9461722,
              32.1033047
            ],
            [
              118.9467079,
              32.1033727
            ],
            [
              118.9467328,
              32.1033866
            ],
            [
              118.9469164,
              32.1035193
            ],
            [
              118.9471438,
              32.1038669
            ],
            [
              118.9471837,
              32.1039069
            ],
            [
              118.9473623,
              32.1040675
            ],
            [
              118.9473882,
              32.1040885
            ],
            [
              118.9478371,
              32.1043697
            ],
            [
              118.94785,
              32.1043816
            ],
            [
              118.947853,
              32.1044006
            ],
            [
              118.947851,
              32.1044156
            ],
            [
              118.9458995,
              32.10694
            ],
            [
              118.9458725,
              32.106947
            ],
            [
              118.9458326,
              32.1069401
            ],
            [
              118.9447041,
              32.1082545
            ],
            [
              118.9446742,
              32.1082705
            ],
            [
              118.9446133,
              32.1082757
            ],
            [
              118.94444551720274,
              32.10827599508055
            ],
            [
              118.944329,
              32.1082762
            ],
            [
              118.9442602,
              32.1082643
            ],
            [
              118.9441524,
              32.1082375
            ],
            [
              118.9440077,
              32.1081558
            ],
            [
              118.94391044832606,
              32.10809069012824
            ],
            [
              118.9438389,
              32.1080515
            ],
            [
              118.94379796283337,
              32.10800031673745
            ],
            [
              118.9437833,
              32.1079881
            ],
            [
              118.9436349321235,
              32.10782387450144
            ],
            [
              118.94360940998946,
              32.107797926311314
            ],
            [
              118.94356596412545,
              32.10775397095423
            ],
            [
              118.9434468,
              32.1076808
            ],
            [
              118.9432062,
              32.1076187
            ],
            [
              118.94298964362248,
              32.10756368336158
            ],
            [
              118.9429133,
              32.1075806
            ],
            [
              118.9417238,
              32.1084839
            ],
            [
              118.94169340804586,
              32.10849382207915
            ],
            [
              118.94168311227043,
              32.108550877834745
            ],
            [
              118.941671,
              32.108618
            ],
            [
              118.941645,
              32.108609
            ],
            [
              118.941528,
              32.10857
            ],
            [
              118.941463,
              32.10857
            ],
            [
              118.941394,
              32.1086
            ],
            [
              118.941337,
              32.108674
            ],
            [
              118.94124167447032,
              32.10882345510182
            ],
            [
              118.941138,
              32.108986
            ],
            [
              118.94105174944264,
              32.10912127504869
            ],
            [
              118.9410088727367,
              32.10918852271248
            ],
            [
              118.9411869,
              32.109268
            ],
            [
              118.9418773,
              32.1095829
            ],
            [
              118.9424551,
              32.1097659
            ],
            [
              118.9426027,
              32.1097836
            ],
            [
              118.9427654,
              32.1097943
            ],
            [
              118.9428602,
              32.1098122
            ],
            [
              118.9436175,
              32.1099918
            ],
            [
              118.9439886,
              32.1100562
            ],
            [
              118.9440475,
              32.1100721
            ],
            [
              118.9441053,
              32.1101
            ],
            [
              118.9441502,
              32.1101319
            ],
            [
              118.9441862,
              32.1101688
            ],
            [
              118.9442041,
              32.1102188
            ],
            [
              118.9442111,
              32.1102628
            ],
            [
              118.9442091,
              32.1103258
            ],
            [
              118.9440034,
              32.1124256
            ],
            [
              118.9439185,
              32.1128759
            ],
            [
              118.9438067,
              32.1133612
            ],
            [
              118.943667,
              32.1137425
            ],
            [
              118.9435183,
              32.1141188
            ],
            [
              118.9431421,
              32.1148157
            ],
            [
              118.94296020018413,
              32.11512930634623
            ],
            [
              118.94304076445466,
              32.11519561145384
            ],
            [
              118.943119,
              32.11526
            ],
            [
              118.94312758850471,
              32.11526849200467
            ],
            [
              118.943297,
              32.115436
            ],
            [
              118.943427,
              32.115562
            ],
            [
              118.94348828076305,
              32.115607253486544
            ],
            [
              118.943492,
              32.11561
            ],
            [
              118.943538,
              32.115616
            ],
            [
              118.943453,
              32.115773
            ],
            [
              118.943434,
              32.115727
            ],
            [
              118.94343063824836,
              32.11572268818812
            ],
            [
              118.9433015,
              32.1159813
            ],
            [
              118.9417971,
              32.118663
            ],
            [
              118.94170624640462,
              32.118853198180986
            ],
            [
              118.94187012113913,
              32.11887809178533
            ],
            [
              118.94207103074257,
              32.11890861121953
            ],
            [
              118.9422092,
              32.1189296
            ],
            [
              118.9428507,
              32.1190327
            ],
            [
              118.9429914,
              32.1190538
            ],
            [
              118.9443089,
              32.1192514
            ],
            [
              118.9446991,
              32.1193139
            ],
            [
              118.9449737283154,
              32.11935787128712
            ],
            [
              118.94500816590617,
              32.119187480550714
            ],
            [
              118.9430326,
              32.1189019
            ],
            [
              118.9423794,
              32.1187767
            ],
            [
              118.9447316,
              32.1145849
            ],
            [
              118.9450048,
              32.114314
            ],
            [
              118.9452547,
              32.1138017
            ],
            [
              118.9453154,
              32.1135011
            ],
            [
              118.9461513,
              32.1123639
            ],
            [
              118.9463942,
              32.1120218
            ],
            [
              118.9464268,
              32.11129
            ],
            [
              118.9462681,
              32.1110368
            ],
            [
              118.9460766,
              32.1108193
            ],
            [
              118.9460953,
              32.1104237
            ],
            [
              118.94817385901058,
              32.11070321752397
            ],
            [
              118.94824873275158,
              32.110533633209656
            ],
            [
              118.9483612715507,
              32.11027873990757
            ],
            [
              118.94865486176052,
              32.10961377654711
            ],
            [
              118.9481043,
              32.1094668
            ],
            [
              118.9470826,
              32.1091696
            ],
            [
              118.9461704,
              32.1092567
            ],
            [
              118.9460642,
              32.1092974
            ],
            [
              118.9460106,
              32.1093786
            ],
            [
              118.9460309,
              32.109546
            ],
            [
              118.9460309,
              32.1096704
            ],
            [
              118.9460292,
              32.1099026
            ],
            [
              118.94601868767238,
              32.109972400990216
            ],
            [
              118.94598423284282,
              32.110201178222646
            ],
            [
              118.94543784204416,
              32.110147247418574
            ],
            [
              118.94485430082447,
              32.11008964972977
            ],
            [
              118.9448386,
              32.1100881
            ],
            [
              118.9446522,
              32.1100714
            ],
            [
              118.9444886,
              32.1100543
            ],
            [
              118.9443199,
              32.1100398
            ],
            [
              118.9443478,
              32.1098052
            ],
            [
              118.9445168,
              32.10982
            ],
            [
              118.9446428,
              32.109828
            ],
            [
              118.9448588,
              32.1098484
            ],
            [
              118.94488076834106,
              32.10985074858608
            ],
            [
              118.94548538649836,
              32.10991538695753
            ],
            [
              118.9457172,
              32.1087849
            ],
            [
              118.9460499,
              32.1083746
            ],
            [
              118.9471766,
              32.1068041
            ],
            [
              118.9478663,
              32.1058248
            ],
            [
              118.9480147,
              32.1052899
            ],
            [
              118.948239,
              32.104992
            ],
            [
              118.9486514,
              32.1045348
            ],
            [
              118.9485537,
              32.1044198
            ],
            [
              118.9489978,
              32.1038778
            ],
            [
              118.9491937,
              32.1036272
            ],
            [
              118.9495516,
              32.1015264
            ],
            [
              118.9504202,
              32.0964282
            ],
            [
              118.95050246021766,
              32.09601124671504
            ],
            [
              118.95053293629412,
              32.095856772285536
            ],
            [
              118.9506778,
              32.0951225
            ],
            [
              118.9506738,
              32.0947094
            ],
            [
              118.9441681,
              32.0950548
            ],
            [
              118.9418721,
              32.0958455
            ],
            [
              118.9406266,
              32.0966579
            ],
            [
              118.9399462,
              32.0971315
            ],
            [
              118.9396645,
              32.0973395
            ],
            [
              118.9391874,
              32.0976927
            ]
          ],
          [
            [
              118.94814898403662,
              32.10422147632669
            ],
            [
              118.9482034,
              32.1041708
            ],
            [
              118.94816634261949,
              32.10423096466405
            ],
            [
              118.94814898403662,
              32.10422147632669
            ]
          ]
        ]
      }
    },
    {
      "type": "Feature",
      "properties": {
        "OBJECTID": 2014,
        "overview_id": "sector_N",
        "NAME": "Screening Sector N",
        "BARRIO": "Screening Sector N",
        "label": "Screening Sector N",
        "comuna_name": "Derived screening sector",
        "geometry_class": "derived_screening_sector",
        "geometry_provenance": "Derived screening polygon from AOI remainder split by major OSM roads/waterways; not an administrative boundary or neighborhood",
        "kind": "screening_sector",
        "area_m2": 1070955.9,
        "is_focus_area": false,
        "map_fill": true,
        "population_proxy": 815.0,
        "population_estimate": 815.0,
        "population_label": "WorldPop 2026 population estimate (aggregated from planning cells)",
        "built_up_fraction": 0.0661,
        "drainage_stress_proxy": 0.2228,
        "runoff_pressure_proxy": 0.1988,
        "mean_elevation_m": 26.5,
        "mean_slope_deg": 1.49,
        "priority_exposure_raw": 181.586,
        "priority_balanced_raw": 176.696,
        "priority_runoff_raw": 0.2228,
        "member_cell_ids": [
          0
        ],
        "member_cell_count": 1,
        "member_overlaps": [
          {
            "cell_id": 0,
            "overlap_area_m2": 946610.0
          }
        ],
        "aggregation_method": "population_weighted_mean_for_proxies;sum_for_population;centroid_membership",
        "rank_exposure": 16,
        "rank_balanced": 17,
        "rank_runoff": 22,
        "rank_low_regret": 18,
        "rank_equity": null,
        "priority_exposure": 0.0148,
        "priority_balanced": 0.0131,
        "priority_runoff": 0.3489,
        "priority_low_regret": 0.0429,
        "priority_equity": null,
        "priority_low_regret_raw": 0.1668,
        "normalization": "minmax_within_nanjing_overview"
      },
      "geometry": {
        "type": "MultiPolygon",
        "coordinates": [
          [
            [
              [
                118.88,
                32.07788733438333
              ],
              [
                118.88,
                32.08589537847693
              ],
              [
                118.88,
                32.08605708160486
              ],
              [
                118.8802819,
                32.0860686
              ],
              [
                118.8807636,
                32.0860718
              ],
              [
                118.8812046,
                32.0860402
              ],
              [
                118.8816237,
                32.0859951
              ],
              [
                118.8820684,
                32.0859235
              ],
              [
                118.8826698,
                32.0857998
              ],
              [
                118.8831446,
                32.0856574
              ],
              [
                118.8837815,
                32.085453
              ],
              [
                118.8841443,
                32.0853164
              ],
              [
                118.8845439,
                32.0851406
              ],
              [
                118.8850078,
                32.0848919
              ],
              [
                118.8852189,
                32.0847787
              ],
              [
                118.8855765,
                32.084568
              ],
              [
                118.8854831,
                32.0844372
              ],
              [
                118.8856274,
                32.084331
              ],
              [
                118.8858386,
                32.0841802
              ],
              [
                118.886101,
                32.0840195
              ],
              [
                118.887211,
                32.0833395
              ],
              [
                118.8875886,
                32.0831082
              ],
              [
                118.8886648,
                32.0824132
              ],
              [
                118.8890286,
                32.0821337
              ],
              [
                118.8893863,
                32.0817836
              ],
              [
                118.8894854,
                32.0816995
              ],
              [
                118.8897147,
                32.0814831
              ],
              [
                118.8899233,
                32.0812887
              ],
              [
                118.8899853,
                32.0812122
              ],
              [
                118.8901057,
                32.0810166
              ],
              [
                118.89039,
                32.0806699
              ],
              [
                118.890586,
                32.0803527
              ],
              [
                118.8907488,
                32.080068
              ],
              [
                118.8910955,
                32.0793118
              ],
              [
                118.8911366,
                32.079213
              ],
              [
                118.8915236,
                32.0782928
              ],
              [
                118.8915788,
                32.0781615
              ],
              [
                118.8916204,
                32.0780679
              ],
              [
                118.8917299,
                32.077822
              ],
              [
                118.891846,
                32.0774746
              ],
              [
                118.8918565,
                32.0774432
              ],
              [
                118.8919069,
                32.0772561
              ],
              [
                118.8919337,
                32.0771133
              ],
              [
                118.89195877963868,
                32.07691785795845
              ],
              [
                118.8919617,
                32.0768951
              ],
              [
                118.8919752,
                32.0767895
              ],
              [
                118.8920026,
                32.0763554
              ],
              [
                118.8920029,
                32.0759582
              ],
              [
                118.8919788,
                32.0757146
              ],
              [
                118.8919316,
                32.0753942
              ],
              [
                118.8919088,
                32.0752977
              ],
              [
                118.8918921,
                32.0752269
              ],
              [
                118.8918799,
                32.0751752
              ],
              [
                118.89183530190374,
                32.075
              ],
              [
                118.89139142672065,
                32.075
              ],
              [
                118.8914037,
                32.0750258
              ],
              [
                118.8914452,
                32.0751497
              ],
              [
                118.8914265,
                32.075194
              ],
              [
                118.8911931,
                32.0752861
              ],
              [
                118.8911381,
                32.0753168
              ],
              [
                118.891051,
                32.0755315
              ],
              [
                118.8909598,
                32.0754883
              ],
              [
                118.8909826,
                32.0754486
              ],
              [
                118.8904495,
                32.0751736
              ],
              [
                118.8904072,
                32.0752292
              ],
              [
                118.8903764,
                32.0752202
              ],
              [
                118.8901913,
                32.0754883
              ],
              [
                118.8901511,
                32.0754497
              ],
              [
                118.8900948,
                32.0754202
              ],
              [
                118.8900036,
                32.0753997
              ],
              [
                118.89030529157577,
                32.075
              ],
              [
                118.88986678256289,
                32.075
              ],
              [
                118.88220822299354,
                32.075
              ],
              [
                118.8813129,
                32.0761716
              ],
              [
                118.88,
                32.07788733438333
              ]
            ],
            [
              [
                118.890525,
                32.0759895
              ],
              [
                118.890544,
                32.0759974
              ],
              [
                118.8905574,
                32.0759911
              ],
              [
                118.8905725,
                32.0759889
              ],
              [
                118.8905876,
                32.0759911
              ],
              [
                118.890601,
                32.0759974
              ],
              [
                118.8906101,
                32.0760059
              ],
              [
                118.8906159,
                32.0760162
              ],
              [
                118.8906178,
                32.0760276
              ],
              [
                118.8906122,
                32.0760411
              ],
              [
                118.8906144,
                32.0760554
              ],
              [
                118.8906231,
                32.0760666
              ],
              [
                118.8906366,
                32.0760736
              ],
              [
                118.890637,
                32.0760834
              ],
              [
                118.8906419,
                32.0760923
              ],
              [
                118.8906488,
                32.076098
              ],
              [
                118.8906573,
                32.0761014
              ],
              [
                118.8906637,
                32.0761128
              ],
              [
                118.8906744,
                32.0761216
              ],
              [
                118.8906865,
                32.0761262
              ],
              [
                118.8906996,
                32.0761273
              ],
              [
                118.8907074,
                32.0761367
              ],
              [
                118.8907187,
                32.0761429
              ],
              [
                118.8907314,
                32.0761451
              ],
              [
                118.8907442,
                32.0761432
              ],
              [
                118.8907538,
                32.0761566
              ],
              [
                118.8907559,
                32.0761722
              ],
              [
                118.8907514,
                32.0761853
              ],
              [
                118.8907416,
                32.0761961
              ],
              [
                118.8907278,
                32.0762031
              ],
              [
                118.8907152,
                32.0762002
              ],
              [
                118.8907023,
                32.0761994
              ],
              [
                118.890686,
                32.0762018
              ],
              [
                118.8906711,
                32.0762077
              ],
              [
                118.8906325,
                32.0761855
              ],
              [
                118.8906044,
                32.0762176
              ],
              [
                118.8905953,
                32.0762071
              ],
              [
                118.8905906,
                32.0761969
              ],
              [
                118.8905977,
                32.0761745
              ],
              [
                118.8905964,
                32.0761513
              ],
              [
                118.8905869,
                32.0761295
              ],
              [
                118.8905709,
                32.0761119
              ],
              [
                118.8905496,
                32.076099
              ],
              [
                118.8905247,
                32.0760919
              ],
              [
                118.8904984,
                32.0760912
              ],
              [
                118.8904765,
                32.0760846
              ],
              [
                118.890459,
                32.0760717
              ],
              [
                118.8904484,
                32.0760541
              ],
              [
                118.8904463,
                32.0760345
              ],
              [
                118.8904528,
                32.0760156
              ],
              [
                118.8904656,
                32.0760013
              ],
              [
                118.8904834,
                32.0759915
              ],
              [
                118.890504,
                32.0759874
              ],
              [
                118.890525,
                32.0759895
              ]
            ],
            [
              [
                118.890479,
                32.0761418
              ],
              [
                118.890499,
                32.0761366
              ],
              [
                118.8905193,
                32.0761405
              ],
              [
                118.8905346,
                32.0761526
              ],
              [
                118.8905408,
                32.0761695
              ],
              [
                118.8905361,
                32.0761867
              ],
              [
                118.8905219,
                32.0761997
              ],
              [
                118.8905019,
                32.0762049
              ],
              [
                118.8904816,
                32.076201
              ],
              [
                118.8904662,
                32.0761889
              ],
              [
                118.8904601,
                32.076172
              ],
              [
                118.8904648,
                32.0761547
              ],
              [
                118.890479,
                32.0761418
              ]
            ],
            [
              [
                118.8809793,
                32.0773185
              ],
              [
                118.8809625,
                32.0773304
              ],
              [
                118.8809296,
                32.0773236
              ],
              [
                118.8808552,
                32.0772969
              ],
              [
                118.8808177,
                32.0772622
              ],
              [
                118.8808063,
                32.0772162
              ],
              [
                118.8808197,
                32.0771662
              ],
              [
                118.8808586,
                32.0771264
              ],
              [
                118.8809196,
                32.077127
              ],
              [
                118.8810054,
                32.0771702
              ],
              [
                118.8810161,
                32.0772071
              ],
              [
                118.8809793,
                32.0773185
              ]
            ]
          ],
          [
            [
              [
                118.8805149,
                32.077011
              ],
              [
                118.8820440824602,
                32.075
              ],
              [
                118.88160438691473,
                32.075
              ],
              [
                118.88,
                32.075
              ],
              [
                118.88,
                32.077105623755244
              ],
              [
                118.88,
                32.077678845311546
              ],
              [
                118.8805149,
                32.077011
              ]
            ]
          ]
        ]
      }
    }
  ]
}
