{"type":"FeatureCollection","features":[{"type":"Feature","id":1,"properties":{"layer_id":"la_marinilla_zoning","name":"Marinilla","category":"0957 Ministerio","use":"Preservación","source_id":"gis-la_marinilla_zoning","provenance":"institutional","exact_site":false},"geometry":{"type":"MultiPolygon","coordinates":[[[[-75.34938465117334,6.189653692474526],[-75.3492254117174,6.189360803361164],[-75.34923103946215,6.1889463327084],[-75.34932744818208,6.188935534329226],[-75.34923020774788,6.188597631604791],[-75.34926615106332,6.188112507809775],[-75.34944935609064,6.188058913750049],[-75.34964689137266,6.18813688277297],[-75.34979706721938,6.188525244494596],[-75.34982105224094,6.188236846819766],[-75.34996952501652,6.18803875152302],[-75.34976229309054,6.187891455896185],[-75.34967117951823,6.18763919654109],[-75.34970132490908,6.187348132111125],[-75.34985886706401,6.187058014805393],[-75.3495957508919,6.186631728903799],[-75.34913755325978,6.1862130523666545],[-75.34910531923305,6.185891669782301],[-75.34935661766055,6.185621777167939],[-75.34989906122664,6.185675816012114],[-75.35029872565295,6.1849978461367225],[-75.34992336402324,6.185014649594267],[-75.34970287337296,6.184877731335644],[-75.34956635121499,6.184660471397817],[-75.3495126031479,6.184303957580782],[-75.34959445310457,6.1841089289281514],[-75.349747566604,6.183987510256356],[-75.34973239531746,6.183682404569347],[-75.34988005772682,6.183388312897557],[-75.35010887192398,6.183307433690497],[-75.35039202115865,6.183384188784293],[-75.35045356333845,6.183298570750677],[-75.35045473615881,6.183164617869334],[-75.3498795924022,6.18243962458333],[-75.34985139642414,6.182206137134965],[-75.35027212763386,6.181582096075135],[-75.35054912186042,6.181659832621602],[-75.35075750518659,6.18193981176705],[-75.3509895118387,6.181855516587889],[-75.35082989884275,6.181501866834134],[-75.3509819075863,6.1811299381487474],[-75.35083454756759,6.180811295069872],[-75.35095027295208,6.180485939741167],[-75.35082824006214,6.180050809862805],[-75.35093244606838,6.179834985392924],[-75.35115957598926,6.179712509767893],[-75.35082838822075,6.179686604249082],[-75.35103371222904,6.179523662775618],[-75.35079579735726,6.179482278192565],[-75.3506597360636,6.179279139424729],[-75.35048947855591,6.179214447079734],[-75.35062684696382,6.178941942087637],[-75.35089608860486,6.17881466343],[-75.35087050972392,6.178666758914013],[-75.34962420275941,6.178516369747986],[-75.34950781328057,6.178309544600523],[-75.3492552999991,6.178221049376241],[-75.3490178727705,6.177790739616146],[-75.349149951628,6.177267232048078],[-75.34875410419092,6.176877073809473],[-75.3487029438457,6.176542992054155],[-75.34840092320161,6.176461254173807],[-75.3481828717342,6.176094713598446],[-75.34781114356593,6.176327450804284],[-75.34728480657785,6.17592945470064],[-75.34728662083904,6.175644438781488],[-75.34681094396124,6.1755310761382365],[-75.34675521869731,6.175291296413042],[-75.34627747072678,6.175024552034435],[-75.34569525330778,6.174485909847095],[-75.3449904913737,6.174315706186167],[-75.34489647584165,6.173977960785396],[-75.3450102196427,6.173760009760314],[-75.3448090599547,6.173779295917836],[-75.34474577030777,6.174187613726116],[-75.34466521320422,6.174286557521279],[-75.34452721134113,6.174324067910674],[-75.34433172468061,6.174250995760102],[-75.34406908163089,6.173920128382753],[-75.34413544644856,6.173427381252384],[-75.34383453377194,6.173680380611711],[-75.34353527004839,6.173599199307005],[-75.34337228375891,6.172790970429056],[-75.34308769976101,6.172853666146624],[-75.3426064239481,6.173228828628206],[-75.34236551745497,6.173212186840185],[-75.34202343676385,6.172867965454072],[-75.34178588474941,6.172270726189131],[-75.3414351672065,6.172477426450789],[-75.34108000265977,6.172414733391198],[-75.340581861626,6.172467589567618],[-75.33955342742073,6.17241845231205],[-75.33816474145257,6.1727322215509615],[-75.33740731517854,6.172793080195514],[-75.33673968405692,6.172730742042232],[-75.33652082556753,6.172673176517098],[-75.33606888695857,6.172332598771838],[-75.3349390382656,6.171213514701723],[-75.33451649887766,6.171153118742574],[-75.33396809992634,6.170894400776058],[-75.3330425284171,6.17122641130449],[-75.33246320045401,6.171050627582136],[-75.33172058520822,6.170411217074051],[-75.3310152840605,6.170181979310142],[-75.33063335137906,6.169823603652558],[-75.33002392638824,6.169787350466151],[-75.32988657584855,6.169676683288059],[-75.32994981922,6.169463492956949],[-75.3298438655718,6.1693857306300135],[-75.32943739914175,6.169406615184327],[-75.32897696573332,6.169114538316274],[-75.32888033689193,6.169089239501416],[-75.32858890699836,6.1692454661651155],[-75.32832759521784,6.169230567527879],[-75.32829085097083,6.169391636566281],[-75.32823876304592,6.169316697348711],[-75.32814509072058,6.16933907039791],[-75.32786932803323,6.1696341859127966],[-75.3275238200612,6.169736193576179],[-75.3273063769485,6.169591988749981],[-75.32727874977974,6.169462839112437],[-75.32639538337062,6.169257961654835],[-75.32582916211533,6.168986346634447],[-75.3255404442067,6.168991371271971],[-75.32525222338121,6.1692024273515065],[-75.32492596244106,6.169137727529103],[-75.32457598429919,6.169267614826814],[-75.32440483876088,6.1695211143312],[-75.324087866259,6.169571428356254],[-75.32367735832334,6.1693476515900745],[-75.32344497198257,6.169414371806529],[-75.32317949685273,6.169308419246637],[-75.32292972374438,6.16897572785189],[-75.32301304368225,6.16855308889674],[-75.32288948982826,6.168447787311533],[-75.32245523098757,6.168409956603329],[-75.32223802586365,6.168077316020743],[-75.32201252131026,6.167957590905453],[-75.32170103031602,6.167942477075609],[-75.32160152495538,6.168074356557058],[-75.32168396099115,6.168277016643179],[-75.3216412551382,6.168544392100884],[-75.32150967945992,6.1686917675532404],[-75.32130120600137,6.168738388512349],[-75.32049431642797,6.1684507758975915],[-75.32005230391228,6.1679058657648556],[-75.3195100835636,6.167832378490531],[-75.31957315052894,6.167412145849335],[-75.31940102040718,6.167198348205693],[-75.31933859176405,6.16696784942811],[-75.3193987070804,6.166502054957671],[-75.31918159116148,6.166361225086534],[-75.31905612201545,6.166126401595755],[-75.3187545024574,6.166178679625378],[-75.31856079537151,6.166116385559938],[-75.31838515390474,6.165805607994097],[-75.31833225139329,6.1658297947930585],[-75.31823561109019,6.165674480044502],[-75.31811281240849,6.165686533787426],[-75.3178873483391,6.165428100597411],[-75.31791443221363,6.165357283153008],[-75.31780176507179,6.165208243915581],[-75.31814626418145,6.165013184494265],[-75.31811186359977,6.164653177217877],[-75.3178416009204,6.164422191340925],[-75.31776056150971,6.164087858931755],[-75.31787897585725,6.163872686867403],[-75.31812875034991,6.163761853876751],[-75.31809336584723,6.163524918864319],[-75.31820076680494,6.163015869420083],[-75.31862197857852,6.162428838812506],[-75.31851448454361,6.162056713246632],[-75.3182119960716,6.162093607930813],[-75.31794255744863,6.161884309440363],[-75.31716492995831,6.16179732760363],[-75.31698401121197,6.161723233970396],[-75.31686353459851,6.161488592732437],[-75.31651572259422,6.161305470375653],[-75.31643901536098,6.160631979660662],[-75.31634303793057,6.160459694449218],[-75.31592403153198,6.16012845875196],[-75.31571853816837,6.159633359950229],[-75.31573826841117,6.1594715831770595],[-75.3159145623236,6.159358578758804],[-75.31570459927391,6.159040482307513],[-75.31562894668217,6.158288752304432],[-75.31551686708646,6.158186059880133],[-75.31581430188517,6.157882359789104],[-75.31539478768588,6.157985588639187],[-75.31508068292132,6.157853672843718],[-75.31485311711039,6.1579855009811135],[-75.31438097857057,6.158025136455571],[-75.314264526871,6.158161822844506],[-75.31413065651371,6.158168519227525],[-75.31396551033974,6.157985890052394],[-75.3139921075376,6.1576644592228496],[-75.3137937862348,6.157668962816931],[-75.31357078991867,6.157531850871771],[-75.31306380735545,6.15747656371253],[-75.31285443453349,6.157376298013955],[-75.31262213623458,6.156914376248991],[-75.31225444907385,6.1566883197430124],[-75.31202222865808,6.156074596387579],[-75.31168050028805,6.1560456856882215],[-75.31134308365712,6.156227643300815],[-75.31106387024629,6.156230267111193],[-75.31089499429429,6.156209179590096],[-75.3107653350864,6.15600123389307],[-75.31052036932695,6.155969982662947],[-75.31043195579196,6.155882056776452],[-75.31045650172004,6.1557465973247245],[-75.31063293250553,6.155750957783024],[-75.31040411119523,6.155511915912744],[-75.31002943800615,6.154885286843286],[-75.3100551389052,6.153677210425851],[-75.30984829674692,6.153682955183462],[-75.30946550584319,6.154023164335898],[-75.30920068532072,6.154038859837026],[-75.30912717402381,6.153934298373305],[-75.30938539946158,6.153655981935687],[-75.30958414437048,6.1536805056282],[-75.30975460189684,6.153468051320694],[-75.30999159730888,6.153470752191096],[-75.30999288476036,6.1531739928140725],[-75.31109218238754,6.15231560632648],[-75.31102121334094,6.152156629048785],[-75.31105900601499,6.151797625911287],[-75.31096936640738,6.151731856067632],[-75.31093333754016,6.151493326682631],[-75.31118903018398,6.15125051711731],[-75.31120617562718,6.151123820472674],[-75.3106653479152,6.150056994754117],[-75.31026805633054,6.150101691496604],[-75.30976184164268,6.149715484395739],[-75.30961027624936,6.149407158450038],[-75.30943041052517,6.1493094200127425],[-75.3090524393338,6.148844601861429],[-75.30901146200446,6.148614916255129],[-75.30873131782211,6.14846151289137],[-75.30849998311359,6.148192661341392],[-75.30819478346314,6.147465368744704],[-75.30807781814644,6.147358275303327],[-75.30780173894803,6.147326462124214],[-75.30765471695372,6.14722421955348],[-75.30764218018969,6.146853908368379],[-75.30747399437591,6.146724619113865],[-75.30752785914763,6.146486620211189],[-75.30736037152286,6.146214294415395],[-75.3073392111462,6.146032125212366],[-75.30752063020212,6.145682750358251],[-75.30769295155008,6.145643067629764],[-75.3079594776654,6.1457287995946706],[-75.30814599455783,6.145419671523204],[-75.3081733715698,6.145222243101549],[-75.3078930950418,6.1447770799639745],[-75.3076455979946,6.144544293225574],[-75.30717226135116,6.144663678813824],[-75.30634084434566,6.144412709030517],[-75.30597769783007,6.144525240363362],[-75.30557059102975,6.145042799546758],[-75.30531620263174,6.145055085349807],[-75.30503224130995,6.144828474926856],[-75.30484571414856,6.144426078295921],[-75.30478947225119,6.143948598046257],[-75.30445171599305,6.1432679726980295],[-75.30446138148024,6.143072093385113],[-75.30463419200659,6.142789607994305],[-75.30462780087561,6.142543938302125],[-75.30480304544669,6.142415007284092],[-75.30466040963563,6.142364133886122],[-75.30458674774344,6.142188563724477],[-75.30432242619091,6.142271901857669],[-75.30413160805989,6.142172456896624],[-75.30352899686825,6.142302903428738],[-75.30310668469541,6.142170858889051],[-75.30284672989046,6.142268033702522],[-75.30245889218988,6.14220151639455],[-75.30217623865404,6.142416918107801],[-75.3021977981956,6.1427038408848755],[-75.30195087288351,6.143027662792089],[-75.30170003499768,6.143074972675756],[-75.3014461906453,6.142978134642278],[-75.30121497117456,6.14320786536793],[-75.30089647941,6.143171575025616],[-75.30085747779646,6.143077053861321],[-75.30076402611732,6.1432106453142],[-75.30034228456121,6.143188323235299],[-75.30011470852672,6.143063252227245],[-75.29986631607674,6.142483376390455],[-75.29935100175821,6.1423629216892675],[-75.29913213165354,6.1425151757048715],[-75.29904827559784,6.142345722854517],[-75.29881388892984,6.142244893142392],[-75.29861583510942,6.142044367432549],[-75.29859297144695,6.141875002198289],[-75.29869046840673,6.141695054139259],[-75.29854035517673,6.141463608597874],[-75.29858756068023,6.141322709831821],[-75.29815536365071,6.140905755678427],[-75.29796125616467,6.140747578611664],[-75.29750633782571,6.140766384094558],[-75.29741641893399,6.140675823890861],[-75.2974268242532,6.140489559340893],[-75.29722979519897,6.140610381068973],[-75.29708379249422,6.1402494557893705],[-75.29682493241353,6.1402033443745925],[-75.29666418574183,6.14006719434828],[-75.29655384443065,6.139806160031414],[-75.29663049616947,6.139593717988891],[-75.29649430541043,6.139430413740515],[-75.29615651897527,6.139270142269033],[-75.2960304682291,6.139039594915949],[-75.29607872259427,6.138810769049021],[-75.29638665264089,6.1384968062329754],[-75.29584224763057,6.1383265788049695],[-75.2958258649523,6.138076390979109],[-75.2953941707304,6.137606076576818],[-75.29553065167953,6.137462646382477],[-75.29546406642658,6.137282545359299],[-75.29502110133046,6.137294414862839],[-75.29476386359534,6.137129512850156],[-75.29454336806069,6.137125633067211],[-75.29450509504427,6.137048519553246],[-75.29424195605834,6.136971445884389],[-75.29412190625922,6.13672450986364],[-75.29389027542062,6.136956894341218],[-75.29360099799514,6.136958335823009],[-75.2934347274929,6.136829376022333],[-75.29336440001022,6.136600922532719],[-75.29310180687239,6.136487713632452],[-75.29282673045665,6.136107835215031],[-75.29216413613369,6.135794918448647],[-75.29194481496836,6.135570278313177],[-75.29145490136254,6.135536046353948],[-75.29118184421957,6.1354112537502],[-75.2907294447727,6.135093689355217],[-75.2906807733566,6.134807118402808],[-75.29030443596398,6.134653354469693],[-75.28999017777774,6.134647718623995],[-75.28973850369793,6.13446221156941],[-75.2896662346055,6.1347860490534085],[-75.28979717109878,6.135081360055232],[-75.28961219517494,6.135106381372022],[-75.28930410015859,6.1354806716529895],[-75.28912902783705,6.135535320814733],[-75.28909253654922,6.13578587903732],[-75.28891363722425,6.136004616995149],[-75.2886106678046,6.136099972030785],[-75.2883928884341,6.135985980959425],[-75.28825360056315,6.13636986538094],[-75.28802524790972,6.136540678036218],[-75.28780252497603,6.136574578471152],[-75.28770019835885,6.1369656033934294],[-75.2875510030316,6.137171132038926],[-75.28762157995735,6.137456825234886],[-75.28758119303268,6.1376067647664225],[-75.28742107203986,6.1377602536165705],[-75.2871772664071,6.1378046451448585],[-75.28713125241956,6.138269642877533],[-75.28689547510314,6.138432271816465],[-75.28666996503382,6.138416868150598],[-75.28646038586533,6.138240477718567],[-75.28627692619985,6.13839196368942],[-75.28552177567113,6.138548422184552],[-75.28513807427785,6.138753953093665],[-75.28465141521983,6.138643756685376],[-75.28435206220928,6.138313866842532],[-75.2841961112529,6.138400595878421],[-75.28405101833964,6.1382759622173735],[-75.28381496755239,6.138279111140259],[-75.2837540590551,6.138177192609246],[-75.2833836765645,6.13814514845749],[-75.28322177449569,6.1382298309325165],[-75.28317265150811,6.137894050612352],[-75.28305068884491,6.13791091500097],[-75.28297990923917,6.138131682995573],[-75.28279061144899,6.13828862415003],[-75.28271661444755,6.138123490382667],[-75.28237330479656,6.138104455670858],[-75.28204601070794,6.13773261851748],[-75.28195343740934,6.137718761786303],[-75.28121092848284,6.138220431440722],[-75.2809315573788,6.13823041116788],[-75.28068392119346,6.138356816847249],[-75.28045165337605,6.138332735541911],[-75.28014299138302,6.138515208154204],[-75.27981535068376,6.138457031831713],[-75.2796750680583,6.138333789514889],[-75.27954808897752,6.138402325511457],[-75.2792087529221,6.138329108783765],[-75.27909221712173,6.138187928067047],[-75.27831746544909,6.13805678637689],[-75.27752035607337,6.13803852570539],[-75.27742918062138,6.1378799402107385],[-75.27727792290334,6.1380269752844585],[-75.27697803613627,6.138040029815768],[-75.27673245490533,6.138219864964733],[-75.27645166312881,6.1380553101677435],[-75.2761616806021,6.138349755295936],[-75.27580351617598,6.138486682291875],[-75.27563377092972,6.138361388176081],[-75.27521793429995,6.138588799899869],[-75.27468536631562,6.138352986060037],[-75.27466497855636,6.137909764450581],[-75.27434669495369,6.138049619060019],[-75.27394894606775,6.13749657389759],[-75.27437567715411,6.137276381857763],[-75.27442229155885,6.137347405416803],[-75.27468312326094,6.137270997628373],[-75.27496347378069,6.137332587022679],[-75.27518954787905,6.137535367398541],[-75.27527180324302,6.137773283040249],[-75.27523775529806,6.138052507306834],[-75.27532999153416,6.13806159294344],[-75.27581131235553,6.1378438146902],[-75.27599261077006,6.1375925822226955],[-75.27635098782358,6.137445020010944],[-75.27672008891543,6.1374610571928665],[-75.27690792215027,6.137587967745322],[-75.27710470352126,6.137179496077796],[-75.27736074802714,6.136982790387732],[-75.27750899733043,6.136959843538608],[-75.27777712006323,6.137099333438455],[-75.27793277570139,6.1374749905127],[-75.27939357420581,6.13766468732419],[-75.27951717727427,6.137566072998275],[-75.28016537451083,6.137976231389429],[-75.28064263682118,6.138130909946],[-75.28078519194791,6.138029756750409],[-75.28077710469694,6.137842418973606],[-75.28140095803295,6.137825987317607],[-75.28186722259319,6.137485812476591],[-75.282217908544,6.137537250145005],[-75.2825969098706,6.13788987215775],[-75.28277965634223,6.137562727742881],[-75.28299580905508,6.137445072631463],[-75.28346716129116,6.137562680074642],[-75.2835803170399,6.137752888723782],[-75.28363725708688,6.137645839100064],[-75.28400153513147,6.137648371771941],[-75.28411451598488,6.137765898380708],[-75.2843018921376,6.137707936143406],[-75.28460825732951,6.137915484839185],[-75.28489216699137,6.137990813736523],[-75.28504754923853,6.138154569437332],[-75.2855141672055,6.1379730667260075],[-75.28552736477631,6.137851550887768],[-75.28582237632583,6.137502705831226],[-75.28614775419632,6.137582041052608],[-75.28642189933711,6.1374617570033205],[-75.2866042094704,6.13727488880124],[-75.2869278583903,6.137223242280658],[-75.28689158450209,6.136956081989115],[-75.28701128123897,6.136767806584049],[-75.2868978281733,6.136611828224223],[-75.28688469490301,6.136424907134707],[-75.28729576828755,6.136130036208293],[-75.28740549923245,6.135855923910854],[-75.28778451000025,6.135886235172426],[-75.28790481867378,6.135638001572883],[-75.28812295104197,6.135433095306244],[-75.28834706454857,6.135321219258444],[-75.28855989888585,6.135352640117576],[-75.28876497950249,6.134877857556598],[-75.28907449608685,6.134615577286742],[-75.28910652620556,6.1343764555870255],[-75.28938342670179,6.134262443811662],[-75.28953146794038,6.1340823204216335],[-75.28973579093719,6.134035842082416],[-75.28993844585287,6.134090258488202],[-75.29014343152339,6.134266721658284],[-75.29041756842184,6.134183311203029],[-75.29060916807475,6.134340430998188],[-75.29099184574692,6.134451890823366],[-75.29109628972965,6.134622487187023],[-75.29150130970623,6.1348190176164215],[-75.29167020404782,6.1350865405240045],[-75.29190013321406,6.135081766370909],[-75.29211445280397,6.134940353906721],[-75.2923984403999,6.135019620421343],[-75.29257579360771,6.135319093625087],[-75.29335410383901,6.135735001493292],[-75.29340866956123,6.135809128185836],[-75.29326994173836,6.1359351556776005],[-75.29338531682264,6.136168892515846],[-75.29356440664598,6.13608775665419],[-75.29387232791312,6.13608069406054],[-75.29393960713404,6.136159207978166],[-75.29412381950999,6.136166773967814],[-75.29424447811859,6.136098480400341],[-75.29447996265786,6.136206863063244],[-75.29462425371065,6.136131301730157],[-75.29507559437997,6.136432118093675],[-75.2951569238528,6.136698107416451],[-75.29560098757595,6.136816980617937],[-75.29587926461065,6.136745236289898],[-75.29616602258004,6.136872896900601],[-75.29625633589623,6.137066963763864],[-75.29615822100838,6.137246035091178],[-75.29632196385164,6.137524264191354],[-75.29621501665066,6.137820395655935],[-75.29645594562913,6.1378203953224935],[-75.29649060155421,6.138026377805677],[-75.29688482603744,6.138612989456875],[-75.29685313120184,6.138828407935004],[-75.2965688793557,6.1388621060922315],[-75.29653994699576,6.1390055731794355],[-75.29703155351211,6.1393310640789895],[-75.29715493196852,6.139274679102707],[-75.29734987618312,6.139682397536854],[-75.29758237842306,6.139933624495324],[-75.29787276083873,6.140060105837107],[-75.29791884465608,6.140330297457511],[-75.29822323162331,6.140336188622134],[-75.29821268947167,6.140492384770737],[-75.29884385639612,6.140970060289161],[-75.29918818604962,6.141036160092711],[-75.2991542384759,6.141532472427383],[-75.29936919679066,6.141720726611631],[-75.29974838770116,6.141833821103849],[-75.29981349926915,6.142052902211713],[-75.30023270343801,6.14224152167242],[-75.30028086937438,6.142463675901735],[-75.30064326559501,6.1425846365649726],[-75.30098331152688,6.142484923304323],[-75.30117833994427,6.142613841551144],[-75.30172547468284,6.142600799860613],[-75.30172698132375,6.142494121016709],[-75.3019170224375,6.142359776428797],[-75.30215129668042,6.141994209174934],[-75.30252240457244,6.14187510048083],[-75.30262611324258,6.141714098852745],[-75.30286302836693,6.141798279957781],[-75.30308332635349,6.14161460349929],[-75.30318683192735,6.141765348116857],[-75.30338026736975,6.141784147580513],[-75.30343810217113,6.142007077776744],[-75.30410164541935,6.141680111635792],[-75.30437706114448,6.141871858975228],[-75.30497705183943,6.141824487398146],[-75.30501975609465,6.14202625015362],[-75.30518800303885,6.142156402472088],[-75.30526514622309,6.14240147405823],[-75.3051020418583,6.14270761401562],[-75.30469234493219,6.14316083210069],[-75.30505072891594,6.143916691173714],[-75.30509128230607,6.144272468279699],[-75.30525543998371,6.144230702939888],[-75.30528063964414,6.144434470750255],[-75.30540703965633,6.1445843724445615],[-75.30554527610306,6.14432445451956],[-75.30635962021357,6.144137674388096],[-75.30670948117486,6.144181289582186],[-75.30727963566378,6.14443116576652],[-75.30753771466868,6.144172040674217],[-75.3078223034515,6.144207752330705],[-75.30793700010197,6.144487783468474],[-75.30849008899692,6.144851364608745],[-75.30863168455016,6.145457446476355],[-75.30856568172955,6.14565472160435],[-75.30843755471143,6.145663345640591],[-75.30824482788287,6.145889793623266],[-75.3079115887151,6.146023818341629],[-75.30802814290392,6.14613791184392],[-75.30780218462337,6.146134796808184],[-75.3078882052507,6.146253988439858],[-75.30810648600152,6.146193861391141],[-75.30828302033561,6.146287866061433],[-75.3082919280819,6.146632819022669],[-75.30868759380364,6.146785109004587],[-75.30878837737204,6.146942382176217],[-75.3089793057362,6.147033340200396],[-75.30896660405767,6.147318446144311],[-75.30916814763644,6.14733550581703],[-75.3092978898821,6.147454495403405],[-75.30931770311504,6.147744698256701],[-75.30915138500308,6.147973863792845],[-75.30962703316641,6.148211351365642],[-75.30964092242448,6.148780736638732],[-75.30981211486817,6.149169884254627],[-75.31004258483173,6.149286960254053],[-75.3099440549646,6.149490794672947],[-75.31016318846768,6.149576121081155],[-75.31023941848274,6.1497428264118295],[-75.31037333792565,6.149816714285577],[-75.31139728096913,6.149806470250821],[-75.31198493059956,6.150083326341221],[-75.31200087004059,6.150339264594477],[-75.31175582728636,6.150578256466072],[-75.31180675018604,6.150824732089189],[-75.31157302518366,6.1512989375733635],[-75.31122783668867,6.151516291688662],[-75.31132259349337,6.1517350744335175],[-75.31126204517454,6.15205148297307],[-75.31136049204662,6.152256480449244],[-75.31133309840585,6.152444616534164],[-75.3108665688526,6.152723950848353],[-75.3102307717094,6.153274131623813],[-75.31024713235243,6.154070018914769],[-75.31040499155205,6.154389885934598],[-75.31034772369732,6.154683761529707],[-75.31041767090997,6.154846191222882],[-75.31071878212163,6.154928758979031],[-75.31077610859305,6.155115419656552],[-75.31109040538169,6.155309971176571],[-75.31129059133114,6.155689570858514],[-75.31140996526682,6.155726627759704],[-75.31165668783125,6.155624748763502],[-75.31213326117656,6.155794094396267],[-75.31277729407871,6.156332432794078],[-75.31304881369195,6.1564614615385445],[-75.31327385698046,6.1568870821120685],[-75.31342416866441,6.157009738382215],[-75.31379693656272,6.15699186031628],[-75.31390718865786,6.1571761086105905],[-75.314067277256,6.157046959979475],[-75.31426311712914,6.157148392502284],[-75.31445246740947,6.157140341422203],[-75.31459967644201,6.157327169042755],[-75.31479872297126,6.15739627897749],[-75.31513463044818,6.157289640102897],[-75.3154480745932,6.157567551993395],[-75.31591596858304,6.157467457140016],[-75.31621072843099,6.157640628395593],[-75.31628121488743,6.157843151834436],[-75.31621815989504,6.158162759358676],[-75.3161233273498,6.158313782312369],[-75.31591569126311,6.158382304666245],[-75.31589772273962,6.158528852325553],[-75.31642256511145,6.1592525901759085],[-75.31627040100228,6.159825427223589],[-75.31628713891511,6.160069548563456],[-75.31671981436273,6.160333513479925],[-75.31675707396492,6.160587703112744],[-75.31706281746736,6.160982314227102],[-75.31702098111337,6.161091011012314],[-75.31719702783471,6.161163200717135],[-75.31723852616683,6.161109871492274],[-75.31764143972025,6.161154386509975],[-75.31804328259132,6.161374358614459],[-75.31822379529844,6.16137555578767],[-75.31834859264646,6.161537728378985],[-75.3186180067422,6.161478201995771],[-75.3188192488097,6.161610591066981],[-75.31905642177057,6.162446210366525],[-75.31895672485318,6.16274081977692],[-75.31871791505372,6.163013290526915],[-75.31852578091832,6.163421245140003],[-75.31856381329105,6.163650381951265],[-75.31872675529705,6.163748880247838],[-75.3187180555239,6.164169841188698],[-75.31863799513829,6.164313884631316],[-75.31878710358731,6.164619642436226],[-75.31874113684366,6.165229702529489],[-75.31881511803293,6.165298893703877],[-75.319033162354,6.165082783233619],[-75.31928547113154,6.165072348443534],[-75.31931587834539,6.165276470229312],[-75.31956498559066,6.1655937193727],[-75.31951970206903,6.166037677345527],[-75.3199165049318,6.166166530724902],[-75.32002362604821,6.166306807589511],[-75.31978311824508,6.166673589059321],[-75.31980601846212,6.16706548118],[-75.31997842641528,6.1671943982521364],[-75.32002990781464,6.167334780856851],[-75.32020545952233,6.167282004914911],[-75.32020829367305,6.167371091012984],[-75.32062429876268,6.167519852025865],[-75.32072512323165,6.167694034965446],[-75.32071768706062,6.167897064392703],[-75.32089731346949,6.167980067446233],[-75.32094991820335,6.16779940695746],[-75.321300891298,6.167393407896283],[-75.32158291235491,6.167267318625496],[-75.32163302361258,6.167374713223543],[-75.32198076677204,6.167527524175297],[-75.32222298666132,6.167483665897658],[-75.32272450446901,6.168011238899731],[-75.3231572386649,6.168087646335309],[-75.32311600470736,6.1679723345029],[-75.32318939642373,6.167939383306655],[-75.3234569418812,6.168055357102938],[-75.3236358873939,6.168451988117396],[-75.32364973666081,6.168715449807307],[-75.32391029636463,6.168757115645972],[-75.32414113603626,6.168493540950526],[-75.32439673260133,6.168503065651719],[-75.32460415574445,6.1686149055272],[-75.32470657274905,6.168550938017954],[-75.32486568563223,6.168676255922375],[-75.32550551859387,6.1684856127037255],[-75.32609641438066,6.168628495658515],[-75.32619211064217,6.168582503135971],[-75.32652899747902,6.168731572543555],[-75.326979105559,6.168731661912728],[-75.32758599085595,6.168859051927676],[-75.32765820697246,6.168600919781687],[-75.32783826804068,6.168662091209857],[-75.32802674575444,6.168597528124728],[-75.32842978985389,6.168693431537412],[-75.32886352947742,6.168648825831066],[-75.32950458186392,6.168719917196399],[-75.32958777586214,6.168819128653295],[-75.32997876336819,6.168849403073806],[-75.3304247478984,6.1690434651670545],[-75.33058132158047,6.169454003967804],[-75.33105731954521,6.169889131348901],[-75.33190404213323,6.170156062855007],[-75.3323010638146,6.170447029675238],[-75.33251476597307,6.17076933142709],[-75.33294620195726,6.1709042140180745],[-75.3339054214527,6.170529722025428],[-75.3342117472608,6.170601793087322],[-75.3344611805962,6.170786541559003],[-75.33481314996095,6.170813516911876],[-75.3352923299334,6.171101534153841],[-75.33558985726474,6.171496050154231],[-75.33662806442568,6.172312776755578],[-75.33694358768564,6.1724396181483865],[-75.33794018401778,6.1724825399398355],[-75.33920137051027,6.172172891960107],[-75.3401136498604,6.17204632769944],[-75.34047977518138,6.17217911027443],[-75.34128086753506,6.172175458905923],[-75.34152451561162,6.171980202919245],[-75.34181782802787,6.171947249242257],[-75.3420421692142,6.172085203769041],[-75.34219599169764,6.172570062005643],[-75.34245825677199,6.172915247771143],[-75.34293112128456,6.172587226424476],[-75.34335337683136,6.172479974701576],[-75.34366502562482,6.172697317125244],[-75.34373186396328,6.173329355100678],[-75.34404317162375,6.173027942060759],[-75.34421310811206,6.172988123744146],[-75.34438220734062,6.173086202593019],[-75.34446881204205,6.173316404894204],[-75.34440226209593,6.173912199447547],[-75.34444675691378,6.173943860772949],[-75.34449639082557,6.1739629910457765],[-75.3444245238973,6.173807568087491],[-75.34445653029314,6.173649004495141],[-75.34455652784685,6.1735284649410485],[-75.34488001983459,6.173414604807854],[-75.34514583856908,6.173474437070527],[-75.3453369920287,6.17378079201481],[-75.3452662543658,6.174045617513084],[-75.34589390272258,6.174261094583043],[-75.34662493041021,6.174884550887334],[-75.34690336886582,6.174870921698483],[-75.3471940828538,6.174985416269972],[-75.34766228855561,6.175026294252191],[-75.34785506640218,6.175168563064413],[-75.34797052204395,6.17540865211016],[-75.34833302249062,6.175417040898815],[-75.34872834146904,6.175762722726265],[-75.34901827864361,6.175683703789697],[-75.34918587196016,6.175735424884407],[-75.3492349115935,6.175860280090712],[-75.34970624051716,6.175984626992607],[-75.34981011255026,6.176332465031437],[-75.34997563501848,6.176441680162051],[-75.34983021906166,6.176673059447745],[-75.34951767579075,6.176817556331302],[-75.34988636955323,6.177133149921699],[-75.3499608209096,6.177388517323413],[-75.34988483885712,6.177696028847502],[-75.34966402978617,6.177824796425386],[-75.34984249303695,6.177989145426629],[-75.35004529672165,6.177798259217038],[-75.35023618120046,6.177778107237661],[-75.35043176090437,6.177902016872254],[-75.35057201661118,6.178174559406871],[-75.35087098509688,6.178147994753892],[-75.35119226525707,6.178254387336117],[-75.35138681056168,6.178557691193036],[-75.35139739057249,6.179113565048607],[-75.35203206151452,6.17924158152064],[-75.35219603004208,6.179489986301823],[-75.35224148687048,6.179863730194224],[-75.35212924485876,6.1801824220875075],[-75.35191917892956,6.180326814589597],[-75.35203193711729,6.180568043841269],[-75.35195535661205,6.180962235590624],[-75.35149042171066,6.181465528049084],[-75.3516716691823,6.181847102238627],[-75.35165507069027,6.18221899320925],[-75.35145997608628,6.182406542215335],[-75.35110965702191,6.182468252515816],[-75.3507926816541,6.182631361137993],[-75.3510323916469,6.183000375597081],[-75.35107137447679,6.183391116440231],[-75.3509735638729,6.183771635360782],[-75.3507655401365,6.183956102112936],[-75.35089295487654,6.184199717106748],[-75.35084287567554,6.184412522661933],[-75.35093974419807,6.184533783671049],[-75.35038713237081,6.186259042392558],[-75.35086148350969,6.186734691666989],[-75.35063517944418,6.187358490190113],[-75.35081103313019,6.187513601407849],[-75.35085700436863,6.187899043103492],[-75.35067992678358,6.188208551702392],[-75.35090180390912,6.188329843868126],[-75.35101441451496,6.188981033667171],[-75.35092948930065,6.189081225173238],[-75.35069581087652,6.189142178731314],[-75.35056609754088,6.18934790521521],[-75.35023511257691,6.189346814808542],[-75.35001361176177,6.189878862764316],[-75.35008695184634,6.190147402715602],[-75.3499425121469,6.190275608884334],[-75.34973203706309,6.190297478626519],[-75.34947699969037,6.190444132669107],[-75.34938465117334,6.189653692474526]],[[-75.30557827556841,6.144497373862659],[-75.30557774921452,6.144651054805171],[-75.30566843025673,6.144465406118686],[-75.30557827556841,6.144497373862659]]],[[[-75.35055045014354,6.178811141674471],[-75.35060173780272,6.178738334308714],[-75.35073133387867,6.178797307220902],[-75.35055045014354,6.178811141674471]]]]}},{"type":"Feature","id":2,"properties":{"layer_id":"la_marinilla_zoning","name":"Marinilla","category":"0957 Ministerio","use":"Restauración","source_id":"gis-la_marinilla_zoning","provenance":"institutional","exact_site":false},"geometry":{"type":"MultiPolygon","coordinates":[[[[-75.31194205622035,6.155692083641629],[-75.31164145915115,6.155623411321029],[-75.31140996526682,6.155726627759704],[-75.31129059133114,6.155689570858514],[-75.31109040538169,6.155309971176571],[-75.31077610859305,6.155115419656552],[-75.31071878212163,6.154928758979031],[-75.31041767090997,6.154846191222882],[-75.31034772369732,6.154683761529707],[-75.31040499155205,6.154389885934598],[-75.31024713235243,6.154070018914769],[-75.31023012168318,6.153277798521515],[-75.3108665688526,6.152723950848353],[-75.31133309840585,6.152444616534164],[-75.31136049204662,6.152256480449244],[-75.31126204517454,6.15205148297307],[-75.31132259349337,6.1517350744335175],[-75.31122783668867,6.151516291688662],[-75.31157302518366,6.1512989375733635],[-75.31180675018604,6.150824732089189],[-75.31175582728636,6.150578256466072],[-75.31197196563453,6.150388540130923],[-75.3120092790077,6.150150764073007],[-75.31192054644588,6.150010069360032],[-75.31149291357147,6.149823237390658],[-75.31037333792565,6.149816714285577],[-75.31023941848274,6.1497428264118295],[-75.31016318846768,6.149576121081155],[-75.3099440549646,6.149490794672947],[-75.31001211091267,6.149369097211914],[-75.31023678980353,6.149490385779843],[-75.31040995658647,6.149704923378585],[-75.31141662953648,6.149695134790791],[-75.31197493276224,6.149855045516384],[-75.31202963032698,6.1501073806820505],[-75.31208099761706,6.149998450323949],[-75.31215775834978,6.150004138592552],[-75.31214050874765,6.150215397018999],[-75.31203813819154,6.150246560808019],[-75.31199197563403,6.150385547193793],[-75.31186068497682,6.150525713255717],[-75.31192538189215,6.15069765669519],[-75.31189225237546,6.150918041019965],[-75.3116241397834,6.151426686936012],[-75.3113900898482,6.151575942668727],[-75.31139295111528,6.1520314573655615],[-75.3114749207395,6.152272514075954],[-75.31143101102518,6.152500894535717],[-75.31059816339457,6.15309678565845],[-75.31035574228211,6.153324600345879],[-75.31034656901437,6.15344980939354],[-75.31045351895821,6.15438364891906],[-75.31058207520141,6.154570067301104],[-75.31050172521171,6.154755681985807],[-75.31077339208555,6.154827479004183],[-75.31088870710705,6.155149755301694],[-75.31117673235444,6.155237131291059],[-75.31132300516157,6.155654314226728],[-75.31159749701233,6.155510358900613],[-75.31209862504993,6.155645816721329],[-75.31261343038672,6.156046081777146],[-75.31268658363182,6.156224898487892],[-75.31194205622035,6.155692083641629]]],[[[-75.30990486529431,6.153814772065168],[-75.30947028651542,6.1541384800755345],[-75.30914709467707,6.1541410965582966],[-75.3090160974648,6.153985575190544],[-75.30905257762366,6.153815291406553],[-75.30928963025322,6.153585599487524],[-75.30954016559737,6.153542526788839],[-75.3096741254713,6.153386035400109],[-75.30986214872198,6.153331957796289],[-75.3099312159129,6.153076422645864],[-75.31095468909889,6.152286094916387],[-75.31094106486309,6.151869248741884],[-75.31082152237366,6.151477618851109],[-75.31096299842939,6.151156136153281],[-75.31101704244925,6.151222728350991],[-75.31109837574692,6.151179234737154],[-75.31085513576362,6.150735266881066],[-75.3106714867159,6.150164848869692],[-75.31026392425117,6.150217070164137],[-75.30994914215147,6.150032691995649],[-75.3095914388874,6.149690171217582],[-75.30921005304009,6.149038430014124],[-75.30943041052517,6.1493094200127425],[-75.30957138497826,6.14936193608003],[-75.3096822845329,6.149623142989301],[-75.30994782862867,6.149803805370033],[-75.3100215204534,6.1499459564356265],[-75.3102832730529,6.150105734652796],[-75.3106653479152,6.150056994754117],[-75.31121701271815,6.151161834082039],[-75.31093333754016,6.151493326682631],[-75.31096936640738,6.151731856067632],[-75.31105900601499,6.151797625911287],[-75.31102121334094,6.152156629048785],[-75.31109218238754,6.15231560632648],[-75.30999288476036,6.1531739928140725],[-75.30999159730888,6.153470752191096],[-75.30975460189684,6.153468051320694],[-75.30958414437048,6.1536805056282],[-75.30938539946158,6.153655981935687],[-75.30912717402381,6.153934298373305],[-75.30920068532072,6.154038859837026],[-75.30946550584319,6.154023164335898],[-75.30984829674692,6.153682955183462],[-75.3100551389052,6.153677210425851],[-75.31002943800615,6.154885286843286],[-75.31030644586104,6.155330511791905],[-75.31011034638117,6.155249261615311],[-75.31000652976836,6.155069627437051],[-75.30990486529431,6.153814772065168]]],[[[-75.3443059293653,6.17432052911486],[-75.34406081476993,6.174076676733295],[-75.34403136321279,6.173644271458792],[-75.34392839494596,6.173716370150145],[-75.34394495483765,6.173959904989934],[-75.3438853775982,6.173737343711979],[-75.34366598160356,6.1737578925407055],[-75.34349708489044,6.173651262976317],[-75.34335005038352,6.172859793614605],[-75.34312234471064,6.172917233877699],[-75.34263130033085,6.173296730957531],[-75.34234399957296,6.1732812302364835],[-75.34196093770572,6.1729042756082695],[-75.34178721236943,6.172353895532932],[-75.34146144950104,6.172547240623805],[-75.33955129261481,6.172491358442701],[-75.33817682237265,6.172803526251223],[-75.33737983106019,6.172853542296982],[-75.33661002998441,6.172759684901552],[-75.3364062866716,6.172672551844423],[-75.33618559462734,6.172425051334998],[-75.33654206462145,6.172682132975614],[-75.33742831722398,6.172792903843763],[-75.33823304593191,6.172720628262815],[-75.33954253342459,6.1724191639244514],[-75.340581861626,6.172467589567618],[-75.34108000265977,6.172414733391198],[-75.3414487326054,6.172476045659164],[-75.34178588474941,6.172270726189131],[-75.34202343676385,6.172867965454072],[-75.34236551745497,6.173212186840185],[-75.3426064239481,6.173228828628206],[-75.34308769976101,6.172853666146624],[-75.34337228375891,6.172790970429056],[-75.34353527004839,6.173599199307005],[-75.34383453377194,6.173680380611711],[-75.34413544644856,6.173427381252384],[-75.34406908163089,6.173920128382753],[-75.34416581729052,6.174117230557651],[-75.34437859886305,6.174275768920418],[-75.34466521320422,6.174286557521279],[-75.34474577030777,6.174187613726116],[-75.3448090599547,6.173779295917836],[-75.3450102196427,6.173760009760314],[-75.34487142967961,6.173816107659651],[-75.34481595054277,6.1742048503364995],[-75.34470751561363,6.174345193908895],[-75.34453787649426,6.174397632649105],[-75.3443059293653,6.17432052911486]]],[[[-75.30531247449026,6.145169981564617],[-75.3050891435247,6.145038435924428],[-75.30482466914167,6.144723417717168],[-75.30467601503132,6.143995239297955],[-75.30434468568326,6.143306526380458],[-75.30435592712162,6.143030280536434],[-75.30462378513482,6.142638475278244],[-75.30445527191998,6.143282217701226],[-75.30478947225119,6.143948598046257],[-75.30492678133422,6.144675052032824],[-75.30523270103443,6.145008577239504],[-75.30562040061764,6.145021628254742],[-75.30597769783007,6.144525240363362],[-75.30640706248985,6.144413089763162],[-75.30717226135116,6.144663678813824],[-75.3076455979946,6.144544293225574],[-75.30807955478444,6.145036127771266],[-75.30761515979663,6.1446759060332425],[-75.30715291162896,6.144775013497699],[-75.30661261865103,6.144520594702343],[-75.30634024197117,6.144525827457411],[-75.30597501507535,6.14467872891489],[-75.30569256368912,6.145110324126041],[-75.30531247449026,6.145169981564617]]],[[[-75.30842978683013,6.145677848369404],[-75.30857679057668,6.1456435529433335],[-75.30863168455016,6.145457446476355],[-75.3084967756764,6.144865631285295],[-75.30793700010197,6.144487783468474],[-75.30786761840805,6.144261507090361],[-75.30774036409349,6.1441566433161405],[-75.3074650450887,6.144204620442028],[-75.30727963566378,6.14443116576652],[-75.30649602292176,6.144137024369903],[-75.30554527610306,6.14432445451956],[-75.30541324001275,6.1445753048218],[-75.30540666391666,6.144395954267561],[-75.30546864871981,6.14432883433252],[-75.30595144975321,6.144121500024265],[-75.30633975978549,6.144026429272123],[-75.3067478537375,6.144075009946258],[-75.30725905113954,6.144310438117425],[-75.30748004989084,6.144074188314372],[-75.30777873641979,6.144050362779122],[-75.30794968831096,6.144181069936243],[-75.30802970094962,6.144416097104758],[-75.30856735484407,6.144765638255245],[-75.30874373568984,6.145409156567868],[-75.30863845695941,6.145741121901962],[-75.30820236778047,6.14604455695828],[-75.30791519238913,6.146048898908354],[-75.30824482788287,6.145889793623266],[-75.30842978683013,6.145677848369404]]],[[[-75.3348300185621,6.1712579584794325],[-75.33449162647538,6.17122102306445],[-75.33394632583469,6.17097372123105],[-75.33312760976591,6.171282019607807],[-75.33286976816282,6.171268805693358],[-75.33239049466717,6.171095024817405],[-75.33166645155718,6.170510727465065],[-75.3309436721589,6.170271190815739],[-75.33058167707368,6.169923995718266],[-75.33016582743141,6.169910517951027],[-75.32996685999832,6.169746960396218],[-75.33063335137906,6.169823603652558],[-75.3310152840605,6.170181979310142],[-75.33174062466688,6.170423976900481],[-75.33246320045401,6.171050627582136],[-75.3330425284171,6.17122641130449],[-75.33396809992634,6.170894400776058],[-75.33451649887766,6.171153118742574],[-75.33498736281148,6.171236796008009],[-75.33541330651212,6.171742448839359],[-75.3348300185621,6.1712579584794325]]],[[[-75.31583000965186,6.157466209899834],[-75.3154480745932,6.157567551993395],[-75.3151459051377,6.157292359117177],[-75.31475631125637,6.157383751801443],[-75.31491585425995,6.15722528281357],[-75.31515397877679,6.1571783047222555],[-75.31547287493724,6.157431923462691],[-75.31595897518741,6.157360006868968],[-75.31632404426587,6.157605014804711],[-75.31639412404752,6.157843352358634],[-75.31634057442905,6.158145379530834],[-75.31611665117804,6.158483985236276],[-75.31624231519329,6.158914939619094],[-75.31647552661882,6.159095421003352],[-75.31654247538862,6.159374172625532],[-75.31645594730219,6.159614877720011],[-75.3162978862958,6.159766491937801],[-75.31642256511145,6.1592525901759085],[-75.31589772273962,6.158528852325553],[-75.31591569126311,6.158382304666245],[-75.316110451256,6.15832285100577],[-75.3161976898193,6.158205347651905],[-75.31627571729958,6.157800046041585],[-75.31612167333249,6.157557908912662],[-75.31583000965186,6.157466209899834]]],[[[-75.27428424012598,6.1379840875863305],[-75.27384745148137,6.1375489448185725],[-75.27394894606775,6.13749657389759],[-75.27428424012598,6.1379840875863305]]],[[[-75.30097942143016,6.14318741447946],[-75.30125180649564,6.143198552878211],[-75.3014461906453,6.142978134642278],[-75.30171547389911,6.143076310543544],[-75.30196390560455,6.143020960287232],[-75.3021977981956,6.1427038408848755],[-75.30217623865404,6.142416918107801],[-75.30245889218988,6.14220151639455],[-75.30284672989046,6.142268033702522],[-75.30310668469541,6.142170858889051],[-75.30346799604509,6.142302438275667],[-75.30385253462538,6.142250158773025],[-75.30352911422476,6.1424159104657985],[-75.30334613680095,6.142388414035614],[-75.30318133910133,6.142255658119842],[-75.30284665737054,6.142381040706572],[-75.30252154889853,6.14229168271856],[-75.30223893284663,6.142509078228703],[-75.30220479617219,6.142859941270841],[-75.30200951702328,6.143124900664635],[-75.30171542108371,6.14318931845232],[-75.30149553544032,6.143092239318854],[-75.3012189772699,6.143320801588095],[-75.30097942143016,6.14318741447946]]],[[[-75.3482868360742,6.175350947675651],[-75.34797052204395,6.17540865211016],[-75.34778325266392,6.174952469785081],[-75.34760060038705,6.175007039421522],[-75.34773997771924,6.174856504668832],[-75.34817603501081,6.1748076253727096],[-75.34841550462252,6.175004388082702],[-75.34847006330162,6.175333152531587],[-75.34866201564016,6.175649629262371],[-75.3482868360742,6.175350947675651]],[[-75.34829601735093,6.175010653918463],[-75.34799397191173,6.174915696460957],[-75.34802793254106,6.1749833275658546],[-75.34817206926242,6.174983043040293],[-75.34835530218227,6.175154737072374],[-75.34829601735093,6.175010653918463]]],[[[-75.31857645733501,6.161477491113451],[-75.31834859264646,6.161537728378985],[-75.31822379529844,6.16137555578767],[-75.31794715086689,6.16131612085583],[-75.31820513942719,6.161250777544086],[-75.31842429500979,6.161406489382273],[-75.31860672434124,6.161364486099544],[-75.3187950858751,6.161432110245295],[-75.31893874747499,6.161596162814066],[-75.31913340914265,6.162133893100299],[-75.31914673783777,6.162586570852397],[-75.31867175506746,6.16328759428203],[-75.31861248669375,6.1635276854338885],[-75.31867156009335,6.163713208632487],[-75.31856381329105,6.163650381951265],[-75.31855166776782,6.163294934874602],[-75.31895672485318,6.16274081977692],[-75.31905641547354,6.1623773672840585],[-75.3188192488097,6.161610591066981],[-75.31857645733501,6.161477491113451]]],[[[-75.32002990781464,6.167334780856851],[-75.31976274214895,6.166940120509384],[-75.31978311824508,6.166673589059321],[-75.32002362604821,6.166306807589511],[-75.3199165049318,6.166166530724902],[-75.31951970206903,6.166037677345527],[-75.31956498559066,6.1655937193727],[-75.31931587834539,6.165276470229312],[-75.3192994578568,6.1651365017429125],[-75.31950136316797,6.165276393336709],[-75.31966813354244,6.165543561294838],[-75.3196286472495,6.166000885176548],[-75.31997722119674,6.1660709465233206],[-75.3201331077033,6.166278077155505],[-75.3200845779355,6.166509969656813],[-75.3198936417326,6.1667063618148426],[-75.31987861486034,6.166919590997688],[-75.31993204717571,6.167014962869582],[-75.32008107839084,6.1670268268305355],[-75.32006641455665,6.167093523750121],[-75.3201401914643,6.167032954296499],[-75.32017879867298,6.167078566033314],[-75.32007843462063,6.16714085727646],[-75.32014042199614,6.167307004360752],[-75.32002990781464,6.167334780856851]]],[[[-75.2825969098706,6.13788987215775],[-75.28217867357145,6.137517379453198],[-75.28186722259319,6.137485812476591],[-75.28150670127886,6.137768495148854],[-75.28124906867544,6.137838679028889],[-75.28167345056382,6.137433897251478],[-75.28184825400689,6.137374356289785],[-75.28224347870703,6.137422849605774],[-75.28254685361063,6.137726069489115],[-75.28275937461505,6.137422792340595],[-75.28297287120934,6.1373333875382725],[-75.28341846172283,6.137420263496758],[-75.28364965757046,6.137645901928899],[-75.2835803170399,6.137752888723782],[-75.28346716129116,6.137562680074642],[-75.28299580905508,6.137445072631463],[-75.28277965634223,6.137562727742881],[-75.2825969098706,6.13788987215775]]],[[[-75.30469234493219,6.14316083210069],[-75.30512308524798,6.142678999028357],[-75.30526626325843,6.142388118614203],[-75.30499278488018,6.141898820143009],[-75.3052729856924,6.142080283683033],[-75.30537931717704,6.142372133836712],[-75.30524138188615,6.142702013576077],[-75.3053797836154,6.142645293396524],[-75.30527377543295,6.142851374903028],[-75.3051564505704,6.142817368411826],[-75.30479189003096,6.143136166754975],[-75.30515700107074,6.143878524003284],[-75.3051912926285,6.144133791447977],[-75.30526976101802,6.144162090356392],[-75.30509128230607,6.144272468279699],[-75.30505072891594,6.143916691173714],[-75.30469234493219,6.14316083210069]]],[[[-75.34166801311214,6.171923907993368],[-75.34128086753506,6.172175458905923],[-75.34047977518138,6.17217911027443],[-75.3401136498604,6.17204632769944],[-75.33966401776621,6.172131531528014],[-75.33920137051027,6.172172891960107],[-75.33794018401778,6.1724825399398355],[-75.33720266330545,6.172468878435062],[-75.3369133467008,6.172433054995549],[-75.33818920294122,6.172390346497213],[-75.33945083170947,6.172083197262405],[-75.3401103899835,6.172016062443453],[-75.34046718398419,6.172086711919087],[-75.3405108733224,6.172121218404336],[-75.34127680499269,6.172102752832835],[-75.34163968849472,6.171909934536226],[-75.34181382825777,6.171881441409882],[-75.34208850319632,6.172025953558171],[-75.34228160892779,6.172597989820653],[-75.34252446128163,6.172880023531953],[-75.342382660094,6.172857075927489],[-75.34219599169764,6.172570062005643],[-75.3420332576306,6.172072573611029],[-75.34166801311214,6.171923907993368]],[[-75.34039226548528,6.172094044790603],[-75.3403792653034,6.1721008973727916],[-75.34041178414564,6.172106679883838],[-75.34039226548528,6.172094044790603]]],[[[-75.29152362628946,6.134847151839761],[-75.29109628972965,6.134622487187023],[-75.2910084840867,6.134461220502052],[-75.29060916807475,6.134340430998188],[-75.29041756842184,6.134183311203029],[-75.29014343152339,6.134266721658284],[-75.28993844585287,6.134090258488202],[-75.28973579093719,6.134035842082416],[-75.28953146794038,6.1340823204216335],[-75.28938342670179,6.134262443811662],[-75.28916195772264,6.1343536314983185],[-75.28946500054623,6.133990188216087],[-75.28975530589801,6.13392453503009],[-75.28998922161678,6.133989322752519],[-75.29018615683312,6.134158468560988],[-75.29054748336975,6.134125784083938],[-75.29104701759913,6.134353292786556],[-75.29120495731458,6.1345893777083464],[-75.2914504572023,6.134656411003661],[-75.29152362628946,6.134847151839761]]],[[[-75.35085020841863,6.187136467862202],[-75.35100412785559,6.186949611609457],[-75.35101702684709,6.1867829367130165],[-75.35090114548821,6.186755393117606],[-75.35089633605847,6.18661886799475],[-75.3506657557444,6.1865759600770724],[-75.35039649653807,6.186190991292072],[-75.35061432579167,6.186343154485372],[-75.35069954863361,6.186305224135298],[-75.35110257560639,6.186689771216942],[-75.35105931566072,6.187136190207246],[-75.35113702869742,6.187420134215013],[-75.3509747881398,6.187490584021188],[-75.35078618227844,6.18739496678277],[-75.35085020841863,6.187136467862202]]],[[[-75.31571418129417,6.159594128474188],[-75.31591718747623,6.160118854473205],[-75.31634303793057,6.160459694449218],[-75.31643901536098,6.160631979660662],[-75.31651572259422,6.161305470375653],[-75.31686353459851,6.161488592732437],[-75.31698068817511,6.16164328459986],[-75.31666320840596,6.161549545196046],[-75.31642183070159,6.1613682389570394],[-75.31636815629274,6.161183397877857],[-75.31641810792661,6.16065934664484],[-75.31582117710813,6.160178328832451],[-75.3156495027063,6.159839167771834],[-75.31571418129417,6.159594128474188]]],[[[-75.35053944108314,6.185872903624736],[-75.35087621362585,6.184874798440511],[-75.3508944519664,6.184595121564844],[-75.35102876050743,6.184815971549403],[-75.35106344049913,6.185410295448321],[-75.35098225729212,6.185422844911163],[-75.35087657375776,6.18561841772561],[-75.3506833393223,6.185649398791794],[-75.35053944108314,6.185872903624736]],[[-75.35081316388809,6.185497757370569],[-75.35079183231828,6.185390735638839],[-75.35075000507192,6.1855242508569495],[-75.35081316388809,6.185497757370569]],[[-75.3508239591777,6.185184797645488],[-75.35080591699781,6.185276409115359],[-75.35088446690062,6.185281950699135],[-75.35088497530401,6.185193371903982],[-75.3508239591777,6.185184797645488]]],[[[-75.33299618427925,6.170883907010768],[-75.33251476597307,6.17076933142709],[-75.3323010638146,6.170447029675238],[-75.33190404213323,6.170156062855007],[-75.33111630534633,6.169923599956118],[-75.33058693658273,6.169457873098501],[-75.33082913544145,6.169546975790254],[-75.33128059862482,6.1698983083672445],[-75.33171363063909,6.169962796596754],[-75.3322115761658,6.170234197486502],[-75.33239397116853,6.170381204542005],[-75.33257730004061,6.170732978678588],[-75.33299618427925,6.170883907010768]]],[[[-75.29654313025767,6.13888673240898],[-75.29683481740508,6.138845379306887],[-75.2968862322893,6.13862827469965],[-75.29646831836574,6.137893933903877],[-75.29666673436927,6.138017659709284],[-75.29695355041092,6.138460802556232],[-75.29698769211011,6.138811084889772],[-75.29679774000604,6.138988770123406],[-75.29709854788288,6.139311503622481],[-75.29693733283638,6.139282702018514],[-75.29653994699576,6.1390055731794355],[-75.29654313025767,6.13888673240898]]],[[[-75.3009483784183,6.142484856605592],[-75.30064326559501,6.1425846365649726],[-75.30028086937438,6.142463675901735],[-75.30022322996504,6.142230453440674],[-75.29981349926915,6.142052902211713],[-75.29978828514216,6.141938004374526],[-75.29995270237728,6.141922518719082],[-75.30024297260077,6.142099356654541],[-75.30039259398174,6.142361868853963],[-75.30056704243745,6.142464374433748],[-75.30104022360001,6.142379236696267],[-75.30130879243465,6.142614442993021],[-75.3009483784183,6.142484856605592]]],[[[-75.31085604838995,6.156235503242925],[-75.31077802115313,6.156113693052982],[-75.31039474444219,6.156014942376514],[-75.31030177831038,6.155860570853586],[-75.31035824230047,6.155681941005199],[-75.31019646713506,6.155545496025289],[-75.3105878827206,6.155698512873444],[-75.31063293250553,6.155750957783024],[-75.31045650172004,6.1557465973247245],[-75.31042372510407,6.155870169677663],[-75.31052036932695,6.155969982662947],[-75.3107653350864,6.15600123389307],[-75.31089499429429,6.156209179590096],[-75.31128920732665,6.156242831434689],[-75.31165176952662,6.156050543091135],[-75.31151313189113,6.156265971729228],[-75.31132722725215,6.156350657652875],[-75.31085604838995,6.156235503242925]]],[[[-75.29908609721457,6.141001622583667],[-75.29890367236837,6.141012115022385],[-75.29821268947167,6.140492384770737],[-75.29820122374488,6.140400810331082],[-75.29851695011112,6.140532002957],[-75.29894738046282,6.140903440606458],[-75.29916515843333,6.1408978583116305],[-75.29928567059311,6.140974440349319],[-75.29932925363319,6.141198744125843],[-75.29914530898111,6.141483522737567],[-75.29912133698372,6.141352121908981],[-75.29922317115908,6.141106673190633],[-75.29908609721457,6.141001622583667]]],[[[-75.3074123254149,6.1456327019745185],[-75.30764600226453,6.145528576688409],[-75.30799367140096,6.145616239750029],[-75.30814423091576,6.14542322025011],[-75.3079594776654,6.1457287995946706],[-75.30764587048373,6.145641583562822],[-75.3074783600966,6.145736596627226],[-75.30733649594087,6.146123458021078],[-75.30752785914763,6.146486620211189],[-75.30749388768648,6.146636722499351],[-75.30722522675391,6.146151601795602],[-75.3074123254149,6.1456327019745185]]],[[[-75.30347937279961,6.141999314076735],[-75.30336646334291,6.141771776035355],[-75.30318683192735,6.141765348116857],[-75.30312268969062,6.141670924651006],[-75.30340872014257,6.141665159608249],[-75.30353454834408,6.141904260960667],[-75.30386293981749,6.1416400798799],[-75.30415058569524,6.14156587958724],[-75.30431221350652,6.141649820101819],[-75.30440641101713,6.141863182630012],[-75.30470690318576,6.141828653931678],[-75.30437706114448,6.141871858975228],[-75.30411435233088,6.141678757451189],[-75.30347937279961,6.141999314076735]]],[[[-75.32942476129763,6.16872386985543],[-75.32850976829802,6.16869727571615],[-75.32804262700608,6.16859886389996],[-75.32772404570204,6.168624858744694],[-75.3280262425631,6.168484522083621],[-75.32854411839723,6.168620266647222],[-75.32899089702491,6.168550161767512],[-75.32942476129763,6.16872386985543]]],[[[-75.34566490551865,6.17452159306164],[-75.34494937007473,6.174375178672221],[-75.34484169145482,6.1742061257962595],[-75.34489826246272,6.173991603365576],[-75.3449904913737,6.174315706186167],[-75.34558354335014,6.174411133257164],[-75.34627747072678,6.175024552034435],[-75.34675521869731,6.175291296413042],[-75.34677955849178,6.1753927091705245],[-75.34626225517226,6.175103403971035],[-75.34566490551865,6.17452159306164]]],[[[-75.3231572386649,6.168087646335309],[-75.32268815988265,6.167982963051666],[-75.32256356549159,6.167771230227968],[-75.32222298666132,6.167483665897658],[-75.32198076677204,6.167527524175297],[-75.32161363486011,6.167335365761742],[-75.32194792814393,6.167417948318562],[-75.32227435429037,6.167382975264214],[-75.32263979478421,6.167687771186049],[-75.32275946696966,6.167894544808449],[-75.32312976457679,6.16796081301655],[-75.3231572386649,6.168087646335309]]],[[[-75.31391395559574,6.158152230477499],[-75.31386243605793,6.157788465432119],[-75.3136672039532,6.157737520634905],[-75.31346614619137,6.157524658280817],[-75.3137937862348,6.157668962816931],[-75.3139921075376,6.1576644592228496],[-75.31396551033974,6.157985890052394],[-75.31413065651371,6.158168519227525],[-75.314264526871,6.158161822844506],[-75.31438097857057,6.158025136455571],[-75.31469711236791,6.157973463184531],[-75.3145004141588,6.158026870710358],[-75.31427162970665,6.158280406005906],[-75.31409321226971,6.158275131537813],[-75.31391395559574,6.158152230477499]]],[[[-75.34589390272258,6.174261094583043],[-75.3452662543658,6.174045617513084],[-75.3453369920287,6.17378079201481],[-75.34518455093465,6.1734978780274545],[-75.34488001983459,6.173414604807854],[-75.34459317882745,6.1735078449235],[-75.34487709799288,6.173342340621332],[-75.34522304257185,6.173436668342053],[-75.34540812812314,6.173768063163378],[-75.34534261207513,6.174055116342577],[-75.34593154448196,6.1741993587191555],[-75.34667911699339,6.174881898416249],[-75.34589390272258,6.174261094583043]]],[[[-75.29585651986672,6.136743348975884],[-75.29560098757595,6.136816980617937],[-75.29542837932597,6.136746750721075],[-75.29585155252265,6.136630450742629],[-75.29618946052453,6.136747845449234],[-75.29636917895158,6.137047543156528],[-75.29625214739161,6.1373242985597996],[-75.29615822100838,6.137246035091178],[-75.29625497419546,6.137084641849292],[-75.29619598487113,6.136902358935209],[-75.29585651986672,6.136743348975884]]],[[[-75.32881485699183,6.169483079640549],[-75.32829288762402,6.169394570101518],[-75.32832759521784,6.169230567527879],[-75.32862088277882,6.169238831059162],[-75.32888033689193,6.169089239501416],[-75.32906987921291,6.169144557288822],[-75.32909448387387,6.169212115835584],[-75.32896904579844,6.169140436416211],[-75.32881485699183,6.169483079640549]]],[[[-75.31625868971291,6.159932259644149],[-75.31680613897932,6.160260673590383],[-75.31700806621318,6.160925802564812],[-75.31675707396492,6.160587703112744],[-75.31671981436273,6.160333513479925],[-75.31628713891511,6.160069548563456],[-75.31625868971291,6.159932259644149]]],[[[-75.34906259390564,6.177401233976575],[-75.34879739410114,6.177171782588387],[-75.34880630398408,6.177042401559756],[-75.34873474561277,6.177117577914963],[-75.34861211332172,6.177012906648285],[-75.34875679166954,6.176996217344873],[-75.34866167027748,6.176867805797843],[-75.34872881089547,6.176828366479227],[-75.34896959683263,6.177104712135465],[-75.34891412816079,6.1771864663122305],[-75.349149951628,6.177267232048078],[-75.3490009185228,6.1777204799856245],[-75.34927476213814,6.178238401649424],[-75.34894506058137,6.1778026807924284],[-75.34893708462248,6.177613648383351],[-75.34906259390564,6.177401233976575]]],[[[-75.2918505257592,6.1358479118239195],[-75.29143198953604,6.135966758832774],[-75.2913143878372,6.135947763320882],[-75.2917420345254,6.1357844854997685],[-75.29206464440497,6.135785617169399],[-75.29200854297147,6.13564998969894],[-75.29224126160855,6.13589531382229],[-75.29229329619396,6.136122983337393],[-75.29209687367405,6.136241061367636],[-75.29210785978803,6.135972835478267],[-75.2918505257592,6.1358479118239195]]],[[[-75.35239212910825,6.180415968996542],[-75.3525617349996,6.180531831503618],[-75.3522700306212,6.180896942083707],[-75.3521505241177,6.180594415565067],[-75.35223115293756,6.180469672578953],[-75.35239212910825,6.180415968996542]]],[[[-75.32619211064217,6.168582503135971],[-75.32609641438066,6.168628495658515],[-75.32550551859387,6.1684856127037255],[-75.32516025077865,6.168578336393572],[-75.3253354525049,6.16839945462945],[-75.32554007411174,6.168375613722884],[-75.326027160058,6.168471470436413],[-75.32645739544756,6.168717818808071],[-75.32619211064217,6.168582503135971]]],[[[-75.35107960846682,6.183285265047831],[-75.35129662952913,6.183245052398082],[-75.35128439044591,6.183336621872099],[-75.35104335804262,6.183672388234661],[-75.35106345207454,6.184023420716281],[-75.35096680640015,6.184194844615045],[-75.35094433333096,6.184482714542877],[-75.35086053147168,6.184421980619105],[-75.35098969705365,6.183978359802324],[-75.35096002217146,6.183795386358903],[-75.35107960846682,6.183285265047831]]],[[[-75.2824879578935,6.138207130869854],[-75.28198728750294,6.137832826651119],[-75.28182722751151,6.137972312245164],[-75.28153776126116,6.138055540688016],[-75.28188730315182,6.137734329817804],[-75.28199529873784,6.137718878067222],[-75.28237330479656,6.138104455670858],[-75.28271661444755,6.138123490382667],[-75.28275148854553,6.138232077134023],[-75.2824879578935,6.138207130869854]]],[[[-75.29233022397752,6.135001826075722],[-75.29211445280397,6.134940353906721],[-75.29190013321406,6.135081766370909],[-75.29167020404782,6.1350865405240045],[-75.29156070866718,6.1349244426980505],[-75.29184770584858,6.134968219132556],[-75.29207176569965,6.1348337830966875],[-75.29227312043193,6.1348540874071835],[-75.29249586336451,6.135046120857711],[-75.29254639169395,6.135285400479902],[-75.29233022397752,6.135001826075722]]],[[[-75.30212007268116,6.141880053687596],[-75.30258412419006,6.141773747205996],[-75.30251330131304,6.141880384447727],[-75.30215129668042,6.141994209174934],[-75.30179503641766,6.14244598577876],[-75.30185077992834,6.142184463888133],[-75.30212007268116,6.141880053687596]]],[[[-75.35060014920562,6.179570188232673],[-75.3507692498331,6.179550457692695],[-75.35060439934676,6.179411603826256],[-75.35060938983936,6.17925555796299],[-75.35079579735726,6.179482278192565],[-75.35103371222904,6.179523662775618],[-75.35055185132154,6.180036530003561],[-75.35064396326756,6.179793931156628],[-75.35060014920562,6.179570188232673]]],[[[-75.34335337683136,6.172479974701576],[-75.3430268067825,6.172542528787571],[-75.3425966928322,6.172828516242868],[-75.34311847432002,6.1724515687014785],[-75.34351858073258,6.172455559589871],[-75.34377603858117,6.1727912393681565],[-75.343797834686,6.173261949704919],[-75.34373186396328,6.173329355100678],[-75.34366502562482,6.172697317125244],[-75.34335337683136,6.172479974701576]]],[[[-75.34829891156879,6.176440360039334],[-75.3482041836046,6.1764581189591885],[-75.34813934948744,6.176339511104186],[-75.3478710609324,6.1763798881692775],[-75.34818479476594,6.17609602982074],[-75.34848196856098,6.176512154971495],[-75.34839891700192,6.176612396044925],[-75.34826153039062,6.176579585610735],[-75.34829891156879,6.176440360039334]]],[[[-75.33487397988232,6.170843208774454],[-75.33528550023829,6.171008477978154],[-75.33620199198614,6.171975785646293],[-75.33558985726474,6.171496050154231],[-75.3352923299334,6.171101534153841],[-75.33487397988232,6.170843208774454]]],[[[-75.283678939655,6.13830003175607],[-75.28334021269418,6.138256435021873],[-75.28337138834937,6.138342390607734],[-75.28326418634593,6.13822980549044],[-75.2833836765645,6.13814514845749],[-75.2837540590551,6.138177192609246],[-75.28383070015713,6.138286827148352],[-75.28405101833964,6.1382759622173735],[-75.28415379200551,6.13834729547734],[-75.28389838782758,6.138418088721718],[-75.283678939655,6.13830003175607]]],[[[-75.30928107034849,6.147428856191724],[-75.30896660405767,6.147318446144311],[-75.30893910464304,6.146998993546474],[-75.30903630307904,6.146966255025424],[-75.30935052626653,6.147258250977662],[-75.30928107034849,6.147428856191724]]],[[[-75.29761449573398,6.140914593858561],[-75.29732545356484,6.140746817618332],[-75.29734855252754,6.140531011065085],[-75.2974268242532,6.140489559340893],[-75.29741641893399,6.140675823890861],[-75.29754586333881,6.140785642631964],[-75.29796125616467,6.140747578611664],[-75.29813024422553,6.140885285965238],[-75.29761449573398,6.140914593858561]]],[[[-75.30859198125346,6.146720718730151],[-75.30828188331981,6.146605393494576],[-75.30830212231253,6.146320711528105],[-75.3081260066911,6.1462048019020745],[-75.30831472515594,6.146298562227421],[-75.30834532551107,6.146583623197112],[-75.30870800634425,6.146659914595738],[-75.30890405626955,6.146974953155107],[-75.30859198125346,6.146720718730151]]],[[[-75.27517620914962,6.138649347586322],[-75.27473949189518,6.138478097522486],[-75.27476277051987,6.138409421866754],[-75.27521793429995,6.138588799899869],[-75.27563377092972,6.138361388176081],[-75.27573977138661,6.138439332738464],[-75.27517620914962,6.138649347586322]]],[[[-75.29340866956123,6.135809128185836],[-75.29296251315401,6.135531130601163],[-75.29299077527664,6.135464329065794],[-75.29285616057498,6.135470056433967],[-75.29293860577775,6.135408194376691],[-75.29314296796977,6.135468145156874],[-75.29338892649197,6.135554875927701],[-75.29350595680835,6.135683458191481],[-75.29340866956123,6.135809128185836]],[[-75.29332569926893,6.1356142657060095],[-75.29336269754491,6.135700549713642],[-75.2934333885414,6.135678604790603],[-75.29341895144593,6.135635582386302],[-75.29332569926893,6.1356142657060095]]],[[[-75.32752518265242,6.169736011289353],[-75.32786932803323,6.1696341859127966],[-75.3281094893668,6.169357756049325],[-75.32824289899291,6.169320149788276],[-75.32812366666052,6.169565225755782],[-75.32792588153728,6.169731995933713],[-75.3277262552858,6.169787697360166],[-75.32752518265242,6.169736011289353]]],[[[-75.27437567715411,6.137276381857763],[-75.27440429771468,6.137283918559315],[-75.27440754784526,6.137326157619257],[-75.27437567715411,6.137276381857763]]],[[[-75.28075365151503,6.138452098862731],[-75.28032683070644,6.138410743016892],[-75.28121092848284,6.138220431440722],[-75.28075365151503,6.138452098862731]]],[[[-75.32943739914175,6.169406615184327],[-75.3298438655718,6.1693857306300135],[-75.32994981922,6.169463492956949],[-75.32988657584855,6.169676683288059],[-75.32943739914175,6.169406615184327]]],[[[-75.33374041042063,6.170528244554795],[-75.33421679401738,6.170527245380337],[-75.33460599725387,6.170798903187304],[-75.3339054214527,6.170529722025428],[-75.33313182125997,6.170823538798208],[-75.33374041042063,6.170528244554795]]],[[[-75.2795811799174,6.13760988697289],[-75.28002842096585,6.137704210154216],[-75.28017860125235,6.137980858317706],[-75.2795811799174,6.13760988697289]]],[[[-75.30434637718443,6.142385092775033],[-75.30401253772901,6.142202281861511],[-75.30413160805989,6.142172456896624],[-75.30434668158287,6.142272086697108],[-75.30458674774344,6.142188563724477],[-75.30464403118326,6.1422905625843045],[-75.30434637718443,6.142385092775033]]],[[[-75.29338531682264,6.136168892515846],[-75.29326994173836,6.1359351556776005],[-75.29334916311136,6.135841339372502],[-75.29343585774797,6.136016598337934],[-75.29365409395953,6.135981742897447],[-75.29382523339048,6.136084408999572],[-75.29338531682264,6.136168892515846]]],[[[-75.35090644235187,6.177312157235247],[-75.35116843205518,6.177892248237009],[-75.35109679471094,6.177989151329316],[-75.35100988750494,6.177948587167555],[-75.35104416138822,6.177702070225324],[-75.3507706071167,6.177468729127686],[-75.35080909218081,6.177348051907809],[-75.35090644235187,6.177312157235247]]],[[[-75.31556949393914,6.158234279055902],[-75.31562894668217,6.158288752304432],[-75.31569951558654,6.1589842701348445],[-75.31557075368147,6.158683555325503],[-75.31556949393914,6.158234279055902]]],[[[-75.31888587948696,6.164892004246963],[-75.31916550378466,6.164891352301561],[-75.31926493191769,6.165067790865604],[-75.31903656343337,6.164941883852125],[-75.31892191219934,6.164970856217401],[-75.31896259781475,6.165127022941387],[-75.31889500546063,6.16519156571359],[-75.31878585184391,6.1650429319608415],[-75.31888587948696,6.164892004246963]]],[[[-75.31438826082027,6.157123434473702],[-75.31413689918173,6.157083019284815],[-75.31450352075063,6.15703954689745],[-75.3146209761097,6.157153394871278],[-75.31465521137741,6.15735054741166],[-75.31438826082027,6.157123434473702]]],[[[-75.35067608573621,6.189221985623398],[-75.35101441451496,6.188981033667171],[-75.35093027446538,6.188459115264713],[-75.35106308079699,6.188608586361355],[-75.35108238126678,6.189005606389542],[-75.35100599282437,6.189113829514523],[-75.35067608573621,6.189221985623398]]],[[[-75.28018625426563,6.1379835349432454],[-75.28059975383574,6.138001314331666],[-75.28077850657446,6.137913267297954],[-75.28078519194791,6.138029756750409],[-75.28064263682118,6.138130909946],[-75.28018625426563,6.1379835349432454]]],[[[-75.34970624051716,6.175984626992607],[-75.34923284545573,6.1758554008936954],[-75.34973979918722,6.175918048730902],[-75.34986340583528,6.176119323539552],[-75.3498772256748,6.176376747513177],[-75.34970624051716,6.175984626992607]]],[[[-75.2913670489156,6.135727798364061],[-75.29115086596077,6.135481215593326],[-75.29137659873258,6.135615561013845],[-75.29170806130537,6.1355292936787755],[-75.29196136889811,6.1355911324172085],[-75.29158551672094,6.135605408684004],[-75.2913670489156,6.135727798364061]]],[[[-75.31778040170282,6.162021297486022],[-75.31748968349538,6.161807911722634],[-75.3180612107909,6.161940059259219],[-75.31778040170282,6.162021297486022]]],[[[-75.29544356543975,6.137671541308181],[-75.2958258649523,6.138076390979109],[-75.29584292345322,6.138241366972492],[-75.29551388024741,6.137911757908793],[-75.29544356543975,6.137671541308181]]],[[[-75.34421310811206,6.172988123744146],[-75.34404714834514,6.173027011255601],[-75.34418311811008,6.172983564653269],[-75.34423410796812,6.172987882025087],[-75.3443218316059,6.173014233111086],[-75.34452012321816,6.173214256091899],[-75.34453492874805,6.173544267733709],[-75.3444245238973,6.173807568087491],[-75.34449639082557,6.1739629910457765],[-75.34440226209593,6.173912199447547],[-75.34445055494709,6.173233819402655],[-75.34438220734062,6.173086202593019],[-75.34421310811206,6.172988123744146]]],[[[-75.28938160662796,6.135308106655345],[-75.2894911043081,6.135282063539834],[-75.28961219517494,6.135106381372022],[-75.28972994420664,6.1350706135874065],[-75.28955093535434,6.135378072673178],[-75.28933110350994,6.13541623027053],[-75.28938160662796,6.135308106655345]]],[[[-75.3507830595226,6.178786671596134],[-75.35075512284551,6.178689183404852],[-75.35044256876061,6.1787028115415685],[-75.35027503830436,6.178627489408551],[-75.3508183948457,6.178616854731241],[-75.35089608860486,6.17881466343],[-75.3507830595226,6.178786671596134]]],[[[-75.31753083569974,6.161038232165533],[-75.31776760139105,6.161091178172884],[-75.3178905127385,6.1612793213752415],[-75.31764143972025,6.161154386509975],[-75.31731666473416,6.1611277246704175],[-75.31753083569974,6.161038232165533]]],[[[-75.28870478177629,6.134688888080014],[-75.28889424443194,6.13460651571049],[-75.28910652620556,6.1343764555870255],[-75.28895997455784,6.134722761947536],[-75.28877389467567,6.134738916680772],[-75.28870478177629,6.134688888080014]]],[[[-75.34956341418915,6.178558167448585],[-75.34936302631806,6.178278734070445],[-75.34950781328057,6.178309544600523],[-75.34967785075634,6.178550906992815],[-75.35002218926037,6.178580871483703],[-75.34975392476058,6.178634199382591],[-75.34956341418915,6.178558167448585]]],[[[-75.35219655361094,6.1826263373481],[-75.35199342618557,6.18248439682281],[-75.35223833496265,6.1823271759247],[-75.35219655361094,6.1826263373481]]],[[[-75.32486568563223,6.168676255922375],[-75.3247012622111,6.168448386006802],[-75.32491040102252,6.1684818581462295],[-75.3248334434129,6.1685683109767675],[-75.3250143798359,6.168548613867505],[-75.32512645105236,6.168586908034873],[-75.32486568563223,6.168676255922375]]],[[[-75.28646038586533,6.138240477718567],[-75.28662176815328,6.1385072878897295],[-75.28661319072117,6.138604111525689],[-75.28641919514074,6.138467449189094],[-75.28646038586533,6.138240477718567]]],[[[-75.28735795973057,6.135946210567853],[-75.28729576828755,6.136130036208293],[-75.28697306439634,6.136370033076196],[-75.28710001442639,6.136172298686064],[-75.28735795973057,6.135946210567853]]],[[[-75.35217265092031,6.179424536093907],[-75.35222273380218,6.179435130964869],[-75.3524810806379,6.179851166070457],[-75.35228806400198,6.17974627509496],[-75.35217265092031,6.179424536093907]]],[[[-75.35057540973537,6.180159186258453],[-75.35063060627525,6.180203272472565],[-75.35048459135506,6.180337688721973],[-75.35040317061464,6.18065049158602],[-75.35028342161017,6.180796002437922],[-75.35041399045592,6.180341791532087],[-75.35057540973537,6.180159186258453]]],[[[-75.2861977353242,6.138824216519767],[-75.2863120640951,6.1388680793314006],[-75.28600348301822,6.139059076311176],[-75.28588578523227,6.13936580861145],[-75.28582214106277,6.139178867208618],[-75.2861977353242,6.138824216519767]]],[[[-75.29868292591033,6.142112297401681],[-75.29904827559784,6.142345722854517],[-75.29909444242182,6.142452902239725],[-75.29881362627036,6.142343056731002],[-75.29868292591033,6.142112297401681]]],[[[-75.29456503016331,6.137163753983123],[-75.29473560484927,6.137121269471315],[-75.29494276742717,6.1372307859564135],[-75.29468377694076,6.137190617256749],[-75.29454608951173,6.137309330468705],[-75.29456503016331,6.137163753983123]]],[[[-75.34917920693923,6.1894643607159745],[-75.34914728933762,6.189177996257865],[-75.34923789668981,6.189059480650192],[-75.34923100310255,6.18939911928977],[-75.3493502212892,6.189545303558083],[-75.34917920693923,6.1894643607159745]]],[[[-75.30026657963523,6.143221351054578],[-75.30019849385,6.143102526020279],[-75.30041758229173,6.143214679801992],[-75.30069966904705,6.143217209666218],[-75.30050028028276,6.143312945679818],[-75.30026657963523,6.143221351054578]]],[[[-75.3208713442631,6.168575643911786],[-75.32106413736118,6.168633647263696],[-75.32120079675238,6.168729683291836],[-75.3210119130071,6.16876176689403],[-75.3208713442631,6.168575643911786]]],[[[-75.34907316130328,6.1836200106823425],[-75.34913649492992,6.183640278552822],[-75.3490567553982,6.1838039993723495],[-75.34883310582642,6.183937621469383],[-75.34907316130328,6.1836200106823425]]],[[[-75.33030594665328,6.1688747443296785],[-75.3295918769837,6.168820193100736],[-75.32954763189568,6.168763778633039],[-75.33030594665328,6.1688747443296785]]],[[[-75.29451087209121,6.136112488730961],[-75.29455931638246,6.13593522654916],[-75.29463900454093,6.135917836625932],[-75.29464332921705,6.136140732030289],[-75.29451087209121,6.136112488730961]]],[[[-75.30275412699747,6.141528703860936],[-75.30284101871783,6.141599832185647],[-75.3027707259467,6.14167550130871],[-75.30280005917474,6.141767400807387],[-75.30262734106115,6.141679416592635],[-75.30275412699747,6.141528703860936]]],[[[-75.27714298890055,6.138014429234826],[-75.27699023271713,6.138139259555411],[-75.27678444203724,6.138159003185486],[-75.27697803613627,6.138040029815768],[-75.27714298890055,6.138014429234826]]],[[[-75.29935100175821,6.1423629216892675],[-75.29940783475195,6.14248413016183],[-75.29917964324981,6.142556558013466],[-75.299144004001,6.142512177630119],[-75.29935100175821,6.1423629216892675]]],[[[-75.32641440654616,6.169472301809005],[-75.3261246996238,6.169545371863126],[-75.32623323520332,6.169445203507607],[-75.32641483245929,6.1694075598108],[-75.32641440654616,6.169472301809005]]],[[[-75.2944027656504,6.137456630293871],[-75.29445014015211,6.137505432597981],[-75.29438667961476,6.137625985149341],[-75.29422191244994,6.137579435922193],[-75.2944027656504,6.137456630293871]]],[[[-75.31190246602105,6.156089518476772],[-75.3116543480044,6.156050106010772],[-75.31202222865808,6.156074596387579],[-75.3121222689084,6.156269330243277],[-75.31190246602105,6.156089518476772]]],[[[-75.30812968993376,6.147533093819062],[-75.307804146014,6.14732650869594],[-75.30809607101031,6.147369565802173],[-75.3079898757537,6.147419320681157],[-75.30812968993376,6.147533093819062]]],[[[-75.29859801079222,6.14153298892428],[-75.29869046840673,6.141695054139259],[-75.29864373061721,6.1418287194316985],[-75.29858367966867,6.141699287592462],[-75.29859801079222,6.14153298892428]]],[[[-75.28820809744572,6.135379471979761],[-75.28843532318649,6.135218224306042],[-75.28852794495424,6.135337816321556],[-75.28820809744572,6.135379471979761]]],[[[-75.3133354680667,6.156933890002489],[-75.31356851198758,6.156923305028286],[-75.31370239601429,6.156986389034593],[-75.31342416866441,6.157009738382215],[-75.3133354680667,6.156933890002489]]],[[[-75.28797733858967,6.135210065732392],[-75.28802549969922,6.135294311503387],[-75.28769633109276,6.135434690795764],[-75.28780066322507,6.135336280630695],[-75.28797733858967,6.135210065732392]]],[[[-75.29944169019518,6.14242929958451],[-75.29950141912249,6.142373996935776],[-75.29968871490311,6.142459871394403],[-75.29956257527529,6.1425067804659355],[-75.29944169019518,6.14242929958451]]],[[[-75.29508643190573,6.136455014900983],[-75.29473172265438,6.136184435615013],[-75.29505622534165,6.136281082230883],[-75.29508643190573,6.136455014900983]]],[[[-75.27990843531845,6.138589140066531],[-75.27972659381845,6.138388026028017],[-75.27985964361768,6.1385013818479255],[-75.28000450556624,6.138509175320808],[-75.27990843531845,6.138589140066531]]],[[[-75.32668389858482,6.169685266145266],[-75.32658214889523,6.169660259662782],[-75.3264104411122,6.169639653333974],[-75.32657752083308,6.1695707251959355],[-75.32668389858482,6.169685266145266]]],[[[-75.28424802816144,6.138585975454033],[-75.28431030063186,6.138332700475593],[-75.28435206220928,6.138313866842532],[-75.284358470488,6.138581594719697],[-75.28424802816144,6.138585975454033]]],[[[-75.35020300324543,6.181720498189921],[-75.35006119414838,6.181949945062363],[-75.34998993758295,6.182022914076593],[-75.3500896022774,6.181789935374839],[-75.35020300324543,6.181720498189921]]],[[[-75.3129437884792,6.157435463587653],[-75.31287806466743,6.15759112731951],[-75.31278496028753,6.157549075825277],[-75.31284911223952,6.157480704790885],[-75.3129437884792,6.157435463587653]]],[[[-75.34968447033228,6.185499863740335],[-75.3497457891918,6.185540134908827],[-75.34970799281575,6.185623673966143],[-75.34957124651822,6.185593615359683],[-75.34968447033228,6.185499863740335]]],[[[-75.31811281240849,6.165686533787426],[-75.31823561109019,6.165674480044502],[-75.31829558966491,6.165770873598077],[-75.3181958880558,6.165798512150049],[-75.31811281240849,6.165686533787426]]],[[[-75.29932314660172,6.141663018602582],[-75.29945427040155,6.141682375930807],[-75.2996195922195,6.14177344328283],[-75.29936919679066,6.141720726611631],[-75.29932314660172,6.141663018602582]]],[[[-75.2782453168395,6.138055448673123],[-75.27854328706734,6.138091923904976],[-75.27862742734641,6.1381406068280615],[-75.2785263381499,6.13814663754639],[-75.2782453168395,6.138055448673123]]],[[[-75.2903465414276,6.1348095530431435],[-75.29035912603638,6.134689433620362],[-75.29053298145499,6.1347470429166355],[-75.2903465414276,6.1348095530431435]]],[[[-75.2844406587454,6.137793985742969],[-75.28462887220545,6.137861699653096],[-75.28475590657435,6.137957767127663],[-75.28460825732951,6.137915484839185],[-75.2844406587454,6.137793985742969]]],[[[-75.31784341548801,6.165263341060516],[-75.31791443221363,6.165357283153008],[-75.3178873483391,6.165428100597411],[-75.31778930671607,6.165359483246562],[-75.31784341548801,6.165263341060516]]],[[[-75.32063648150273,6.1673648876688265],[-75.32070197780267,6.167416902783617],[-75.3206159627006,6.167513336995701],[-75.32058211659869,6.167468697447031],[-75.32063648150273,6.1673648876688265]]],[[[-75.2906683827934,6.134955939676061],[-75.29071679971499,6.135074412706026],[-75.29063547658316,6.135092561400369],[-75.29059623985309,6.135029520227413],[-75.2906683827934,6.134955939676061]]],[[[-75.2746267606721,6.138785314041241],[-75.2745171443377,6.138760564883195],[-75.27446616730434,6.138697390082836],[-75.27457191292034,6.138697613330645],[-75.2746267606721,6.138785314041241]]],[[[-75.31069056830354,6.15117550897873],[-75.31067744326076,6.1510939088017755],[-75.31080374435092,6.151020425092259],[-75.31069056830354,6.15117550897873]]],[[[-75.29859297144695,6.141875002198289],[-75.29864216196272,6.141922575263674],[-75.29861583510942,6.142044367432549],[-75.29854708951503,6.14197315119832],[-75.29859297144695,6.141875002198289]]],[[[-75.30566843025673,6.144465406118686],[-75.30562345004596,6.144536156610714],[-75.30557774921452,6.144651054805171],[-75.30557827556841,6.144497373862659],[-75.30566843025673,6.144465406118686]]],[[[-75.29712240689805,6.140483802618161],[-75.29723093075246,6.140579166979447],[-75.29722979519897,6.140610381068973],[-75.29715071366644,6.14059656068777],[-75.29712240689805,6.140483802618161]]],[[[-75.33047596838163,6.169166310636827],[-75.33054099406678,6.169278124367769],[-75.3305757626722,6.169444983969908],[-75.33054602175551,6.169396728519467],[-75.33047596838163,6.169166310636827]]],[[[-75.30964092242448,6.148780736638732],[-75.30973022336875,6.148839169396738],[-75.30975106397372,6.149007667930589],[-75.30964092242448,6.148780736638732]]],[[[-75.29630969924044,6.137616428961342],[-75.29633740543441,6.137547558962811],[-75.29644040601703,6.137775908398749],[-75.29630969924044,6.137616428961342]]],[[[-75.3078882052507,6.146253988439858],[-75.3078834938697,6.146188033445245],[-75.30806970721083,6.146196563044215],[-75.3078882052507,6.146253988439858]]],[[[-75.29525638605661,6.136650701050085],[-75.29516949875878,6.136645024965872],[-75.29517301715754,6.1365807222192235],[-75.29525638605661,6.136650701050085]]],[[[-75.30984062379665,6.1491982598152175],[-75.309797763909,6.149092008530501],[-75.30990776305984,6.1491950911866855],[-75.30984062379665,6.1491982598152175]]],[[[-75.31960517733235,6.1678809588702626],[-75.31962467333169,6.167833208631285],[-75.31974982299197,6.16787636000624],[-75.31960517733235,6.1678809588702626]]],[[[-75.34968771348113,6.186817758984104],[-75.34973027166461,6.186898878061077],[-75.34977438459036,6.186969517344012],[-75.3496859622801,6.18691607116063],[-75.34968771348113,6.186817758984104]]],[[[-75.32236670198128,6.168417007097774],[-75.32242030626095,6.168387393978327],[-75.32249319236321,6.168426909530472],[-75.32236670198128,6.168417007097774]]],[[[-75.28458426101597,6.138641091859273],[-75.2847624843418,6.138706729530002],[-75.28478630248777,6.1387378300645015],[-75.28458426101597,6.138641091859273]]],[[[-75.31872583606224,6.163826165020533],[-75.31875475853413,6.163978953148263],[-75.31871598428314,6.164125653590032],[-75.31873702892915,6.163998032418026],[-75.31872583606224,6.163826165020533]]],[[[-75.31221805500184,6.156727240579936],[-75.31225444907385,6.1566883197430124],[-75.31229201952112,6.156738567825184],[-75.31221805500184,6.156727240579936]]],[[[-75.30873131782211,6.14846151289137],[-75.30883951501204,6.148513264848305],[-75.3088406143202,6.148553835445139],[-75.30882140818046,6.148566614361514],[-75.30873131782211,6.14846151289137]]],[[[-75.31914647531848,6.167562491605104],[-75.31925101111054,6.167618659294573],[-75.31930065226358,6.167688036728707],[-75.31926119188262,6.167662316917766],[-75.31914647531848,6.167562491605104]]],[[[-75.34744483060086,6.1760256948514884],[-75.3475491735859,6.176122531565247],[-75.3477107636467,6.176219427491688],[-75.34760865200917,6.176169889983725],[-75.34751042211896,6.176096430787484],[-75.34744483060086,6.1760256948514884]]],[[[-75.2991542384759,6.141532472427383],[-75.29919997176903,6.141557188525168],[-75.29923601075261,6.141625260061682],[-75.2991542384759,6.141532472427383]]],[[[-75.30844293581507,6.148118975900936],[-75.30848900793968,6.148153353265952],[-75.30849998311359,6.148192661341392],[-75.30844293581507,6.148118975900936]]],[[[-75.32627666526014,6.169597949502886],[-75.32631034052544,6.169571614224752],[-75.32632066770614,6.16961203089586],[-75.32627666526014,6.169597949502886]]],[[[-75.28504754923853,6.138154569437332],[-75.28501122891613,6.13810335862463],[-75.28508986457933,6.1381223816765855],[-75.28504754923853,6.138154569437332]]],[[[-75.35153641479201,6.181440986926513],[-75.35157745258333,6.181452335263887],[-75.35154263343757,6.181458732218822],[-75.35153641479201,6.181440986926513]]],[[[-75.29624084864048,6.137781165878015],[-75.2962762242817,6.137813086891508],[-75.29621501665066,6.137820395655935],[-75.29624084864048,6.137781165878015]]],[[[-75.27901126384464,6.138192689401908],[-75.27908485469796,6.13818793681922],[-75.27906851492311,6.138225470057686],[-75.27901126384464,6.138192689401908]]],[[[-75.27765918343793,6.1380422075442915],[-75.2777597024022,6.138048252547016],[-75.27781121170841,6.138048690696302],[-75.27772289615729,6.138055850594034],[-75.27765918343793,6.1380422075442915]]],[[[-75.31282054864876,6.156316144865465],[-75.31279714380975,6.156277746384661],[-75.31285377065684,6.156316719735174],[-75.31282054864876,6.156316144865465]]],[[[-75.33594268841998,6.172165807026391],[-75.33598199375783,6.172203392309178],[-75.33603332928116,6.172280158326477],[-75.33594268841998,6.172165807026391]]],[[[-75.32412506469231,6.168475957298905],[-75.32414113603626,6.168493540950526],[-75.32411105873351,6.168505435702916],[-75.32412506469231,6.168475957298905]]],[[[-75.34403261364608,6.173038078124327],[-75.34395119077988,6.173116243377918],[-75.34393202582469,6.173136184998487],[-75.34397531574193,6.173086600881391],[-75.34403261364608,6.173038078124327]]],[[[-75.34837232405192,6.174808710188713],[-75.34832374726018,6.174800677060293],[-75.3482951074344,6.174789240061388],[-75.34832730469657,6.174791739209664],[-75.34837232405192,6.174808710188713]]],[[[-75.2939164143496,6.13610834326853],[-75.2939291528918,6.136095167626029],[-75.29394481837186,6.1361009294531845],[-75.2939164143496,6.13610834326853]]],[[[-75.28332349479227,6.138697167895266],[-75.2833480910486,6.138702459686282],[-75.28335033389327,6.138704464856554],[-75.28332349479227,6.138697167895266]]],[[[-75.31292958190892,6.1563708612212595],[-75.31297955837879,6.156408836138796],[-75.3129280706954,6.156381374414524],[-75.31292958190892,6.1563708612212595]]],[[[-75.28416551861736,6.13863423386779],[-75.28411176376108,6.138665675562323],[-75.2841414636738,6.138642326800394],[-75.28416551861736,6.13863423386779]]],[[[-75.31306875180952,6.156482312418072],[-75.31307629427364,6.156482342110873],[-75.31308635948217,6.156505170918946],[-75.31306875180952,6.156482312418072]]],[[[-75.30959910997372,6.148520678670848],[-75.30960749942632,6.148513503216759],[-75.30959386315148,6.1485360946789696],[-75.30959910997372,6.148520678670848]]],[[[-75.32462330127443,6.168595279158563],[-75.32463274653314,6.1685925920693165],[-75.32460774400265,6.16861210565708],[-75.32462330127443,6.168595279158563]]],[[[-75.29413282816952,6.136163016067757],[-75.29412381950999,6.136166773967814],[-75.29412146588504,6.136165907812108],[-75.29413282816952,6.136163016067757]]],[[[-75.28496503068624,6.138693428866275],[-75.28496936291111,6.138694924132258],[-75.28493238290629,6.138694343264073],[-75.28496503068624,6.138693428866275]]],[[[-75.30780218462337,6.146134796808184],[-75.30781788119097,6.14612128618257],[-75.30780425564241,6.146137998917667],[-75.30780218462337,6.146134796808184]]],[[[-75.28929681453316,6.135480237107058],[-75.28930410015859,6.1354806716529895],[-75.28929984568737,6.135490822296025],[-75.28929681453316,6.135480237107058]]],[[[-75.32492596244106,6.169137727529103],[-75.32492954337951,6.169140502426082],[-75.32491854829094,6.1691435317702],[-75.32492596244106,6.169137727529103]]],[[[-75.3121602428268,6.156449601675449],[-75.31216111647525,6.156443957088229],[-75.31216360500716,6.156455098595174],[-75.3121602428268,6.156449601675449]]],[[[-75.32739753386764,6.169625053992311],[-75.32739974335837,6.169626186406383],[-75.32740885131031,6.169640409393364],[-75.32739753386764,6.169625053992311]]]]}},{"type":"Feature","id":3,"properties":{"layer_id":"la_marinilla_zoning","name":"Marinilla","category":"0957 Ministerio","use":"Uso Sostenible","source_id":"gis-la_marinilla_zoning","provenance":"institutional","exact_site":false},"geometry":{"type":"MultiPolygon","coordinates":[[[[-75.34944935609064,6.188058913750049],[-75.34926615106332,6.188112507809775],[-75.34928406105222,6.1877488327377925],[-75.3489261809178,6.186790162147884],[-75.34881045449491,6.1861981290640715],[-75.34897805940224,6.1853830161910714],[-75.34862462539766,6.184310936716772],[-75.34883310582642,6.183937621469383],[-75.34900119764099,6.183868098900114],[-75.34912232845898,6.183679503846656],[-75.34908240704414,6.1836014084553685],[-75.34942660797469,6.1829712512782775],[-75.34941655682441,6.182652117979985],[-75.34971994212151,6.182472800135808],[-75.34985139642414,6.182206137134965],[-75.34989762378649,6.182471955496002],[-75.35046236663226,6.183199664074215],[-75.35042694036532,6.1833742268985175],[-75.3500766554156,6.183308258917247],[-75.34984982208061,6.183421341082789],[-75.34973239531746,6.183682404569347],[-75.349747566604,6.183987510256356],[-75.34959445310457,6.1841089289281514],[-75.3495126031479,6.184303957580782],[-75.34956302790097,6.1846502012753195],[-75.34967969954755,6.184853694278323],[-75.34992336402324,6.185014649594267],[-75.35029872565295,6.1849978461367225],[-75.35025521316088,6.1851231718799085],[-75.34989906122664,6.185675816012114],[-75.34970799281575,6.185623673966143],[-75.3497457891918,6.185540134908827],[-75.34967075099148,6.185501420962046],[-75.34928702842853,6.185651557843387],[-75.3491065817231,6.18588314082931],[-75.34913755325978,6.1862130523666545],[-75.3495957508919,6.186631728903799],[-75.3496859622801,6.18691607116063],[-75.34985886706401,6.187058014805393],[-75.34966648954585,6.187558482253267],[-75.34976229309054,6.187891455896185],[-75.34996952501652,6.18803875152302],[-75.34982105224094,6.188236846819766],[-75.34982661597196,6.188508071473684],[-75.34967728206153,6.188169765655589],[-75.34944935609064,6.188058913750049]]],[[[-75.29675970290786,6.140133438299415],[-75.29645771086301,6.139997048239472],[-75.29611893666126,6.139547508119366],[-75.2956329561707,6.138383987662516],[-75.29539469878405,6.138039345176697],[-75.2951155051217,6.137852869445097],[-75.29446843702702,6.13768396672567],[-75.29438667961476,6.137625985149341],[-75.2944136225574,6.137458509852318],[-75.29422191244994,6.137579435922193],[-75.29385419421492,6.137482399163415],[-75.29341077052375,6.137102751069357],[-75.29323776048358,6.137150035583775],[-75.29316251234536,6.136869961702896],[-75.29305294525359,6.13679038277223],[-75.2918330634373,6.136389025822482],[-75.2905381604739,6.135387866603433],[-75.28979717109878,6.135081360055232],[-75.2896662346055,6.1347860490534085],[-75.28967463496485,6.134537998340376],[-75.28973850369793,6.13446221156941],[-75.28999017777774,6.134647718623995],[-75.29030443596398,6.134653354469693],[-75.2903465414276,6.1348095530431435],[-75.29053298145499,6.1347470429166355],[-75.2906807733566,6.134807118402808],[-75.29061243636839,6.135082836809441],[-75.29071679971499,6.135074412706026],[-75.29114243548709,6.135390023586091],[-75.2915125463656,6.135546434801928],[-75.29137659873258,6.135615561013845],[-75.29115086596077,6.135481215593326],[-75.29134754029052,6.135723351441078],[-75.29158551672094,6.135605408684004],[-75.29196136889811,6.1355911324172085],[-75.2920801314908,6.135763595901284],[-75.29171703586763,6.13579005526973],[-75.29132533337496,6.135960029114211],[-75.2919938044957,6.135873368656979],[-75.29213699134239,6.1360299288831035],[-75.29210837131227,6.136243619162149],[-75.292301044147,6.136100113536488],[-75.292150410957,6.135785902798539],[-75.29237515041237,6.135852254780832],[-75.29293289264692,6.136192804770117],[-75.29308657329153,6.136472669338182],[-75.29336440001022,6.136600922532719],[-75.2934347274929,6.136829376022333],[-75.29360099799514,6.136958335823009],[-75.29389027542062,6.136956894341218],[-75.29412190625922,6.13672450986364],[-75.29424195605834,6.136971445884389],[-75.294604281851,6.137107715906622],[-75.29453205404057,6.137305090816413],[-75.29468377694076,6.137190617256749],[-75.29502110133046,6.137294414862839],[-75.29546406642658,6.137282545359299],[-75.29553065167953,6.137462646382477],[-75.2953941707304,6.137606076576818],[-75.29551388024741,6.137911757908793],[-75.29570202421314,6.138042350070174],[-75.29584224763057,6.1383265788049695],[-75.29638665264089,6.1384968062329754],[-75.29607872259427,6.138810769049021],[-75.2960304682291,6.139039594915949],[-75.29615651897527,6.139270142269033],[-75.29656319632518,6.139486143236171],[-75.29663049616947,6.139593717988891],[-75.29656652587462,6.1398926663642355],[-75.29675970290786,6.140133438299415]]],[[[-75.35107960846682,6.183285265047831],[-75.35097640482589,6.182865649411548],[-75.3507926816541,6.182631361137993],[-75.35110965702191,6.182468252515816],[-75.35145997608628,6.182406542215335],[-75.35165507069027,6.18221899320925],[-75.3516716691823,6.181847102238627],[-75.35149042171066,6.181465528049084],[-75.35157745258333,6.181452335263887],[-75.35195535661205,6.180962235590624],[-75.35203193711729,6.180568043841269],[-75.35191917892956,6.180326814589597],[-75.35215170887035,6.180146466904834],[-75.35223758566639,6.179664383702734],[-75.3524810806379,6.179851166070457],[-75.35265662637268,6.180160321183334],[-75.3525617349996,6.180531831503618],[-75.35246108420654,6.180428333057553],[-75.35232711575537,6.180426447526153],[-75.3521418511651,6.1806330161010825],[-75.3522700306212,6.180896942083707],[-75.35210402983635,6.18122296846703],[-75.35223833496265,6.1823271759247],[-75.35210960855129,6.182362171084628],[-75.3519860632498,6.182525636467723],[-75.35219655361094,6.1826263373481],[-75.35209511066412,6.182813463769945],[-75.3516255296843,6.183000833754823],[-75.35129838849635,6.183248489762474],[-75.35107960846682,6.183285265047831]]],[[[-75.35222273380218,6.179435130964869],[-75.35196302347477,6.179196498741876],[-75.35139739057249,6.179113565048607],[-75.35138681056168,6.178557691193036],[-75.35116156537057,6.1782302958284765],[-75.35085161483659,6.1781457302877225],[-75.35057201661118,6.178174559406871],[-75.35043176090437,6.177902016872254],[-75.35023618120046,6.177778107237661],[-75.35004529672165,6.177798259217038],[-75.34984249303695,6.177989145426629],[-75.34966402978617,6.177824796425386],[-75.34990733332918,6.177660596255681],[-75.3499506569885,6.177282146774887],[-75.34985383487772,6.177093724160471],[-75.34951658381163,6.176810263033729],[-75.34980472128004,6.176693932563262],[-75.34997563501848,6.176441680162051],[-75.35059525061516,6.176856962621233],[-75.35090089907098,6.177268081994931],[-75.35076718199728,6.177455232222185],[-75.35104416138822,6.177702070225324],[-75.35102000624465,6.177965462546166],[-75.35109679471094,6.177989151329316],[-75.35116843205518,6.177892248237009],[-75.35134356898658,6.178256935454163],[-75.35209857634767,6.179012463333455],[-75.35222273380218,6.179435130964869]]],[[[-75.27508807654698,6.137415412765259],[-75.27479964975139,6.1372803599639125],[-75.27442229155885,6.137347405416803],[-75.27440429771468,6.137283918559315],[-75.2748461884116,6.137087314567139],[-75.27520628861993,6.137242893841747],[-75.27548655820428,6.137241790832444],[-75.2756972488762,6.13714575936468],[-75.2757582309416,6.137236177476885],[-75.27641030163912,6.1372116786563495],[-75.27672678429013,6.137362269725428],[-75.2769203925867,6.137265407130344],[-75.2771226888648,6.136894187637564],[-75.27728941049511,6.136788657863458],[-75.27767178240973,6.13688876925881],[-75.27787654131099,6.136850033527129],[-75.27819565262872,6.137049243159384],[-75.27889555431645,6.137190002179676],[-75.27951717727427,6.137566072998275],[-75.27939357420581,6.13766468732419],[-75.27793277570139,6.1374749905127],[-75.27777712006323,6.137099333438455],[-75.27744717218644,6.1369606799544325],[-75.27707446608638,6.137212520878115],[-75.27690792215027,6.137587967745322],[-75.27672008891543,6.1374610571928665],[-75.27635098782358,6.137445020010944],[-75.27599261077006,6.1375925822226955],[-75.27581131235553,6.1378438146902],[-75.27525297957007,6.13806967558454],[-75.27526426877351,6.137724670722452],[-75.27508807654698,6.137415412765259]]],[[[-75.28577571277495,6.138980286469895],[-75.2855590689438,6.139041974305544],[-75.28516235828008,6.138771407811202],[-75.28493210513166,6.13885828079359],[-75.28470389435174,6.138664889018779],[-75.28513807427785,6.138753953093665],[-75.28552177567113,6.138548422184552],[-75.28640652572786,6.1383111450231995],[-75.28642725174326,6.138485735491599],[-75.28660815089034,6.138606173121982],[-75.28654111487296,6.138315625721],[-75.28676792379174,6.138441498972903],[-75.28703568398299,6.138375587239323],[-75.28716002710291,6.138185133334183],[-75.2871772664071,6.1378046451448585],[-75.28742107203986,6.1377602536165705],[-75.28759838028519,6.137568975575208],[-75.2875510030316,6.137171132038926],[-75.28770019835885,6.1369656033934294],[-75.28780252497603,6.136574578471152],[-75.28802524790972,6.136540678036218],[-75.28825360056315,6.13636986538094],[-75.2883928884341,6.135985980959425],[-75.2886106678046,6.136099972030785],[-75.28891363722425,6.136004616995149],[-75.28909253654922,6.13578587903732],[-75.28912902783705,6.135535320814733],[-75.28929678797817,6.135479730824281],[-75.28888562231758,6.1363047179277315],[-75.28871169380123,6.136305473444711],[-75.28857552491068,6.136167149305736],[-75.28848846238334,6.136223989298862],[-75.28804243153546,6.136894985551286],[-75.28804839439985,6.137026439646087],[-75.28782000357492,6.137400724554579],[-75.28750009077504,6.137745847039917],[-75.28724619548413,6.13830865051086],[-75.28724874235932,6.138477815109096],[-75.28704839109274,6.138541105779089],[-75.28681679748422,6.13884281872375],[-75.28616453561794,6.1388295968847455],[-75.28583096534238,6.139178234488444],[-75.28577571277495,6.138980286469895]]],[[[-75.324397784569,6.169814089799371],[-75.32344497198257,6.169414371806529],[-75.32367735832334,6.1693476515900745],[-75.32404968508887,6.16956252895633],[-75.32429614757987,6.169562064282235],[-75.3244685508156,6.169476453457151],[-75.32457598429919,6.169267614826814],[-75.32492954337951,6.169140502426082],[-75.32526886610087,6.169198944718163],[-75.3255404442067,6.168991371271971],[-75.32582916211533,6.168986346634447],[-75.32639538337062,6.169257961654835],[-75.32727874977974,6.169462839112437],[-75.3273063769485,6.169591988749981],[-75.32726325853208,6.169684410291148],[-75.32672459869794,6.1696879511392035],[-75.32657752083308,6.1695707251959355],[-75.32641035183995,6.169640728883271],[-75.3261946262102,6.1695805574427025],[-75.32641440654616,6.169472301809005],[-75.32640644892925,6.169402814743622],[-75.3261246996238,6.169545371863126],[-75.32574742650307,6.169373105583616],[-75.32550904080351,6.169354929656649],[-75.3253871156513,6.169544317806859],[-75.32475211993325,6.16977562724186],[-75.324397784569,6.169814089799371]]],[[[-75.35054912186042,6.181659832621602],[-75.35024849574181,6.181556588015916],[-75.35021368938136,6.181156054415862],[-75.35046857284264,6.180367305590056],[-75.35063604951131,6.18018763308871],[-75.35048330511921,6.180213153511823],[-75.35055185132154,6.180036530003561],[-75.35074029978841,6.17978722334304],[-75.35113880957108,6.179703042916348],[-75.35090180120669,6.179868392419458],[-75.35082824006214,6.180050809862805],[-75.35095027295208,6.180485939741167],[-75.35083454756759,6.180811295069872],[-75.3509819075863,6.1811299381487474],[-75.35082989884275,6.181501866834134],[-75.3509895118387,6.181855516587889],[-75.35075750518659,6.18193981176705],[-75.35054912186042,6.181659832621602]]],[[[-75.30739994390653,6.1456491968255635],[-75.30700834262973,6.144740297807342],[-75.30728292237558,6.144774999381012],[-75.30761515979663,6.1446759060332425],[-75.30811739012121,6.145083204205806],[-75.30814599455783,6.145419671523204],[-75.30799367140096,6.145616239750029],[-75.30764600226453,6.145528576688409],[-75.30739994390653,6.1456491968255635]]],[[[-75.3182119960716,6.162093607930813],[-75.31851448454361,6.162056713246632],[-75.3186231601025,6.162422540022298],[-75.31820076680494,6.163015869420083],[-75.31809336584723,6.163524918864319],[-75.31812875034991,6.163761853876751],[-75.31791713470474,6.163842620604956],[-75.31777455143212,6.1640283818283965],[-75.3178416009204,6.164422191340925],[-75.3181476437302,6.164760646611516],[-75.31814626418145,6.165013184494265],[-75.31780176507179,6.165208243915581],[-75.31764982266094,6.164825542725205],[-75.31775977490051,6.164440388347757],[-75.31770211074642,6.16386008124516],[-75.31800088187491,6.163355967639173],[-75.31827267647616,6.162585659511946],[-75.31828337641707,6.162224818527867],[-75.3182119960716,6.162093607930813]]],[[[-75.28614775419632,6.137582041052608],[-75.28582237632583,6.137502705831226],[-75.28607614585889,6.137135035265977],[-75.28688469490301,6.136424907134707],[-75.2868978281733,6.136611828224223],[-75.28701128123897,6.136767806584049],[-75.28689158450209,6.136956081989115],[-75.2869278583903,6.137223242280658],[-75.2866042094704,6.13727488880124],[-75.28642189933711,6.1374617570033205],[-75.28614775419632,6.137582041052608]]],[[[-75.31856079537151,6.166116385559938],[-75.3187545024574,6.166178679625378],[-75.31905612201545,6.166126401595755],[-75.31918159116148,6.166361225086534],[-75.3193987070804,6.166502054957671],[-75.31933859176405,6.16696784942811],[-75.31940102040718,6.167198348205693],[-75.31957315052894,6.167412145849335],[-75.3195100835636,6.167832378490531],[-75.3190661271391,6.167492575091103],[-75.3191730239026,6.166894101904515],[-75.31913702995058,6.166715106708422],[-75.31856079537151,6.166116385559938]]],[[[-75.35065198853412,6.186284404803578],[-75.35061432579167,6.186343154485372],[-75.35040154233701,6.186154319232001],[-75.3506833393223,6.185649398791794],[-75.35087657375776,6.18561841772561],[-75.35098225729212,6.185422844911163],[-75.35106344049913,6.185410295448321],[-75.35110257560639,6.186689771216942],[-75.35065198853412,6.186284404803578]]],[[[-75.34872834146904,6.175762722726265],[-75.3486498248079,6.175548001224242],[-75.34847006330162,6.175333152531587],[-75.34841550462252,6.175004388082702],[-75.34817603501081,6.1748076253727096],[-75.34773997771924,6.174856504668832],[-75.34760060038705,6.175007039421522],[-75.34674244863926,6.174878798685184],[-75.34793635698807,6.174695981441939],[-75.34837232405192,6.174808710188713],[-75.34918587196016,6.175735424884407],[-75.34891790701515,6.1756806304908896],[-75.34872834146904,6.175762722726265]]],[[[-75.28778451000025,6.135886235172426],[-75.28740549923245,6.135855923910854],[-75.28750076555949,6.135702752206326],[-75.28744773573149,6.135630810017227],[-75.2875018614041,6.135680921814152],[-75.28747706194693,6.135614608402561],[-75.28769633109276,6.135434690795764],[-75.28802549969922,6.135294311503387],[-75.28797733858967,6.135210065732392],[-75.28806131549516,6.13512839486193],[-75.28846071252661,6.134973476457382],[-75.28870478177629,6.134688888080014],[-75.28886322235077,6.13477446904406],[-75.28855989888585,6.135352640117576],[-75.28846408898848,6.135227172166369],[-75.28836542900245,6.135237074386207],[-75.28790481867378,6.135638001572883],[-75.28778451000025,6.135886235172426]]],[[[-75.28343962511367,6.138425052876078],[-75.28293783672969,6.138464455997728],[-75.28256345596444,6.138263100443283],[-75.28286697929617,6.138248423968296],[-75.28305068884491,6.13791091500097],[-75.28313939863867,6.137890141307507],[-75.28319560568414,6.1381851751688705],[-75.28327710992087,6.138190620215551],[-75.28335658495446,6.1383385943019455],[-75.28340500378896,6.138316030187377],[-75.28334021269418,6.138256435021873],[-75.2836732848026,6.13828837165576],[-75.28389838782758,6.138418088721718],[-75.28431030063186,6.138332700475593],[-75.28424802816144,6.138585975454033],[-75.28385574043054,6.138825492669705],[-75.28372198591684,6.138582290741476],[-75.28343962511367,6.138425052876078]]],[[[-75.2761616806021,6.138349755295936],[-75.27641883278203,6.138067098864671],[-75.27673245490533,6.138219864964733],[-75.27727792290334,6.1380269752844585],[-75.27742918062138,6.1378799402107385],[-75.27752035607337,6.13803852570539],[-75.27887218298798,6.1381610277037435],[-75.27883424168407,6.138480731264047],[-75.27817867672648,6.138179954170133],[-75.27784009288091,6.1381096170177],[-75.2769649483984,6.138176389553643],[-75.27672138833002,6.138235646644678],[-75.27658981188284,6.138368251371047],[-75.27580351617598,6.138486682291875],[-75.2761616806021,6.138349755295936]]],[[[-75.2746267606721,6.138785314041241],[-75.27446616730434,6.138697390082836],[-75.2741798077189,6.138412617075679],[-75.27422504450118,6.13818120548454],[-75.27400696113354,6.137762786612322],[-75.27434669495369,6.138049619060019],[-75.27466497855636,6.137909764450581],[-75.27463770156135,6.1382010440153465],[-75.2747361588919,6.138471272561532],[-75.27499688599598,6.13865111205523],[-75.2746267606721,6.138785314041241]]],[[[-75.31092327906084,6.151002531419453],[-75.31064405443298,6.151096272355326],[-75.31022398074869,6.150529490433327],[-75.31066696974732,6.150165577357619],[-75.31109837574692,6.151179234737154],[-75.31101704244925,6.151222728350991],[-75.31092327906084,6.151002531419453]]],[[[-75.29822323162331,6.140336188622134],[-75.29791884465608,6.140330297457511],[-75.29785043648181,6.1400349236696306],[-75.29758237842306,6.139933624495324],[-75.29734987618312,6.139682397536854],[-75.29715493196852,6.139274679102707],[-75.29725659360594,6.139270130831497],[-75.29792424163725,6.139825205764987],[-75.29827061812706,6.140137829762294],[-75.29825157695886,6.140271685272248],[-75.29836349807343,6.140408788668752],[-75.29900148459105,6.1408898890056705],[-75.29845510996199,6.140490678457194],[-75.29820122374488,6.140400810331082],[-75.29822323162331,6.140336188622134]]],[[[-75.31223544610343,6.157188024393619],[-75.31212913766602,6.156360897934078],[-75.31221805500184,6.156727240579936],[-75.31262213623458,6.156914376248991],[-75.3127785009007,6.157275762030446],[-75.3129437884792,6.157435463587653],[-75.31278496028753,6.157549075825277],[-75.31223544610343,6.157188024393619]]],[[[-75.32102957575717,6.168767190504381],[-75.3214280691369,6.168727822573328],[-75.32159503970095,6.16861387243069],[-75.32168682526314,6.168311925695241],[-75.32160152495538,6.168074356557058],[-75.32170103031602,6.167942477075609],[-75.32201252131026,6.167957590905453],[-75.32223802586365,6.168077316020743],[-75.32238749371963,6.16835793531218],[-75.32230562603384,6.1684126626603915],[-75.32198975696481,6.168317143504935],[-75.3214059023696,6.168833236357919],[-75.32102957575717,6.168767190504381]]],[[[-75.3120377335861,6.1502507773369395],[-75.31214050874765,6.150215397018999],[-75.31215010756338,6.149992822292047],[-75.31202963032698,6.1501073806820505],[-75.31198235593983,6.149860315989301],[-75.31181275377656,6.14985486590423],[-75.31156261663028,6.149700187172852],[-75.31197152226298,6.149843160157736],[-75.31219741315078,6.149955053433348],[-75.312279711264,6.150290793221467],[-75.31225368657886,6.1505456064533615],[-75.31143355824837,6.151713718188276],[-75.3113900898482,6.151575942668727],[-75.3116241397834,6.151426686936012],[-75.31190249697133,6.150896932724385],[-75.31186068497682,6.150525713255717],[-75.3120377335861,6.1502507773369395]]],[[[-75.30935052626653,6.147258250977662],[-75.30969996616322,6.147910261757353],[-75.30973022336875,6.148839169396738],[-75.30959266331732,6.148626729942899],[-75.30967206551165,6.148409231641556],[-75.30962703316641,6.148211351365642],[-75.30915138500308,6.147973863792845],[-75.30931770311504,6.147744698256701],[-75.30928107034849,6.147428856191724],[-75.30935052626653,6.147258250977662]]],[[[-75.35085700436863,6.187899043103492],[-75.35081103313019,6.187513601407849],[-75.35063517944418,6.187358490190113],[-75.35085837194636,6.186764769583593],[-75.35073466257056,6.186550424916136],[-75.35090470901834,6.186628692550984],[-75.3509103504627,6.186765597386097],[-75.35101702684709,6.1867829367130165],[-75.35100412785559,6.186949611609457],[-75.35076777925903,6.187369387778328],[-75.35095347990676,6.187488825601035],[-75.3511404127393,6.1874392194642285],[-75.35111677609542,6.187803400542093],[-75.35096576630475,6.187825655349382],[-75.35086466668986,6.1879408356480505],[-75.35090180390912,6.188329843868126],[-75.35067992678358,6.188208551702392],[-75.35085700436863,6.187899043103492]]],[[[-75.30000462368635,6.143076095349776],[-75.29927180883706,6.142571355287378],[-75.29919289211652,6.142559155084313],[-75.29936492580325,6.142532067517671],[-75.29940267085097,6.142400869756609],[-75.29956257527529,6.1425067804659355],[-75.29986631607674,6.142483376390455],[-75.29992503488315,6.142745803194442],[-75.3000863716234,6.142891087661059],[-75.30014790548913,6.143078740660125],[-75.30000462368635,6.143076095349776]]],[[[-75.3481741667003,6.176763317102468],[-75.34793000004882,6.176406141209014],[-75.34808412624183,6.176336979819042],[-75.3482041836046,6.1764581189591885],[-75.34833881992746,6.1764603944997765],[-75.34829680654123,6.176608235336013],[-75.34839891700192,6.176612396044925],[-75.34848196856098,6.176512154971495],[-75.3487029438457,6.176542992054155],[-75.34872881089547,6.176828366479227],[-75.34865624563976,6.176891571501127],[-75.34875679166954,6.176996217344873],[-75.34861211332172,6.177012906648285],[-75.34831620698358,6.176778020365496],[-75.3481741667003,6.176763317102468]]],[[[-75.32302740651278,6.169148584467044],[-75.32270774860393,6.169031286262468],[-75.32245962405422,6.168450470786325],[-75.32282087778965,6.168433490098263],[-75.32301304368225,6.16855308889674],[-75.32292628965148,6.168920164472928],[-75.32302740651278,6.169148584467044]]],[[[-75.29781377660498,6.140897727562097],[-75.29813024422553,6.140885285965238],[-75.29856658244503,6.141286798164971],[-75.2985884893733,6.141724043101343],[-75.29781377660498,6.140897727562097]]],[[[-75.32391029636463,6.168757115645972],[-75.32364973666081,6.168715449807307],[-75.3236358873939,6.168451988117396],[-75.3234569418812,6.168055357102938],[-75.32413126222872,6.16840513781756],[-75.32391029636463,6.168757115645972]]],[[[-75.3206159627006,6.167513336995701],[-75.3208395963633,6.167463321817739],[-75.32101622114702,6.167366073131602],[-75.32138008533998,6.167325133926866],[-75.32094991820335,6.16779940695746],[-75.32089731346949,6.167980067446233],[-75.32071768706062,6.167897064392703],[-75.32072512323165,6.167694034965446],[-75.3206159627006,6.167513336995701]]],[[[-75.32758599085595,6.168859051927676],[-75.32652899747902,6.168731572543555],[-75.32638651539861,6.168654164209479],[-75.32691125495711,6.168672780388859],[-75.32719263144881,6.168486362956408],[-75.32765820697246,6.168600919781687],[-75.32758599085595,6.168859051927676]]],[[[-75.30903630307904,6.146966255025424],[-75.30890405626955,6.146974953155107],[-75.30885826065271,6.146810489511497],[-75.30864821017632,6.146622721836565],[-75.30834532551107,6.146583623197112],[-75.30827337418071,6.14625628731846],[-75.30780591589907,6.14613247300405],[-75.30802814290392,6.14613791184392],[-75.30794522401952,6.146080356168505],[-75.30830012753111,6.145989052174931],[-75.30841993669112,6.146400795390429],[-75.30891472962847,6.146720192302083],[-75.30922666835735,6.147082705742113],[-75.30903630307904,6.146966255025424]]],[[[-75.35023511257691,6.189346814808542],[-75.35056609754088,6.18934790521521],[-75.35008695184634,6.190147402715602],[-75.35001361176177,6.189878862764316],[-75.35023511257691,6.189346814808542]]],[[[-75.29932314660172,6.141663018602582],[-75.29914530898111,6.141483522737567],[-75.29931005679163,6.141263828500173],[-75.29988465311271,6.141903034955632],[-75.29978828514216,6.141938004374526],[-75.29971801731716,6.141815694449707],[-75.29932314660172,6.141663018602582]]],[[[-75.30790478709568,6.147393548589518],[-75.30748834311052,6.147240100865337],[-75.30733216110853,6.146406653576091],[-75.30749388768648,6.146636722499351],[-75.30747399437591,6.146724619113865],[-75.30764218018969,6.146853908368379],[-75.30765471695372,6.14722421955348],[-75.30790478709568,6.147393548589518]]],[[[-75.3302027841008,6.1688689591937775],[-75.3306618215823,6.169121127242689],[-75.33088221429797,6.169513276126339],[-75.33084120353459,6.169555044044063],[-75.33058132158047,6.169454003967804],[-75.3304247478984,6.1690434651670545],[-75.33012902970262,6.168906216170472],[-75.3302027841008,6.1688689591937775]]],[[[-75.31719702783471,6.161163200717135],[-75.31702098111337,6.161091011012314],[-75.31706281746736,6.160982314227102],[-75.31686625728965,6.160421206287541],[-75.31704689916774,6.160754383007267],[-75.31737847232014,6.160893791358399],[-75.31751728250276,6.161039511835526],[-75.31719702783471,6.161163200717135]]],[[[-75.33701624276769,6.172431571365458],[-75.33662806442568,6.172312776755578],[-75.33620199198614,6.171975785646293],[-75.33557279113566,6.171311912311625],[-75.3364699125263,6.172097547457162],[-75.33701624276769,6.172431571365458]]],[[[-75.34681094396124,6.1755310761382365],[-75.34728662083904,6.175644438781488],[-75.34728480657785,6.17592945470064],[-75.3468865574731,6.175838393613335],[-75.34681094396124,6.1755310761382365]]],[[[-75.31874113684366,6.165229702529489],[-75.31878079695097,6.1645869465237775],[-75.31863799513829,6.164313884631316],[-75.31870344846952,6.1642544467330564],[-75.31875320619545,6.164459960199491],[-75.31889012509153,6.164549121168391],[-75.31894330630406,6.164721777865024],[-75.31914626923493,6.16482067860949],[-75.31928547113154,6.165072348443534],[-75.31916550378466,6.164891352301561],[-75.31888587948696,6.164892004246963],[-75.31878585184391,6.1650429319608415],[-75.31889500546063,6.16519156571359],[-75.31881511803293,6.165298893703877],[-75.31874113684366,6.165229702529489]]],[[[-75.31485311711039,6.1579855009811135],[-75.31508068292132,6.157853672843718],[-75.31539478768588,6.157985588639187],[-75.31581430188517,6.157882359789104],[-75.31551686708646,6.158186059880133],[-75.31485311711039,6.1579855009811135]]],[[[-75.31004300791314,6.1551605128042945],[-75.30982460045905,6.155120665013518],[-75.30979574432331,6.155027510375286],[-75.3099683949678,6.15426478168285],[-75.31004300791314,6.1551605128042945]]],[[[-75.32020545952233,6.167282004914911],[-75.32014042199614,6.167307004360752],[-75.32007843462063,6.16714085727646],[-75.32017879867298,6.167078566033314],[-75.32029512069869,6.167250673268036],[-75.32063648150273,6.1673648876688265],[-75.3205875519306,6.167491509913221],[-75.32020829367305,6.167371091012984],[-75.32020545952233,6.167282004914911]]],[[[-75.35055717049147,6.178782097628207],[-75.35073133387867,6.178797307220902],[-75.35058528357744,6.178699946145147],[-75.35075512284551,6.178689183404852],[-75.35080569683561,6.178823715831977],[-75.35060351591302,6.178964897193702],[-75.35048947855591,6.179214447079734],[-75.35040593668742,6.179164060615314],[-75.35040496361091,6.179018948941532],[-75.35055717049147,6.178782097628207]]],[[[-75.31288952977192,6.1575737546237495],[-75.31297041219557,6.157448525077088],[-75.31335939678091,6.157473516740544],[-75.31353828323378,6.157617829973167],[-75.31331765780016,6.15757944233794],[-75.31303886275526,6.157663755006972],[-75.31288952977192,6.1575737546237495]]],[[[-75.34929286573643,6.190337622817341],[-75.34935330934927,6.189556709532989],[-75.34947699969037,6.190444132669107],[-75.34934966424346,6.190572516210108],[-75.34929286573643,6.190337622817341]]],[[[-75.29505622534165,6.136281082230883],[-75.29464332921705,6.136140732030289],[-75.29463900454093,6.135917836625932],[-75.2949608303907,6.136109547776814],[-75.29505622534165,6.136281082230883]]],[[[-75.31657988834219,6.159767536551021],[-75.3167033080057,6.160116795771393],[-75.31677193580666,6.160229316842131],[-75.31638502306957,6.159999874978049],[-75.31657988834219,6.159767536551021]]],[[[-75.29995270237728,6.141922518719082],[-75.30067287558346,6.142321167094207],[-75.30077621296108,6.142409895424175],[-75.30056704243745,6.142464374433748],[-75.30039259398174,6.142361868853963],[-75.3003027752592,6.142150254076862],[-75.29995270237728,6.141922518719082]]],[[[-75.30520775566528,6.144202824693297],[-75.30526976101802,6.144162090356392],[-75.3056420740567,6.1442778080787335],[-75.30540666391666,6.144395954267561],[-75.30540703965633,6.1445843724445615],[-75.30520775566528,6.144202824693297]]],[[[-75.30464149232016,6.142290537356062],[-75.30480304544669,6.142415007284092],[-75.30462780087561,6.142543938302125],[-75.3045844113292,6.142679726852636],[-75.30451457675711,6.142627487076179],[-75.3045312963629,6.142337892334916],[-75.30464149232016,6.142290537356062]]],[[[-75.28443940116307,6.13863201196048],[-75.28432558838388,6.138524560963621],[-75.28438893545454,6.138354482595911],[-75.2846116667583,6.138608791440559],[-75.28443940116307,6.13863201196048]]],[[[-75.27988965541047,6.1386400788835305],[-75.27954808897752,6.138402325511457],[-75.2796750680583,6.138333789514889],[-75.27985345201972,6.13858208672506],[-75.28014299138302,6.138515208154204],[-75.27988965541047,6.1386400788835305]]],[[[-75.28489216699137,6.137990813736523],[-75.28521693208411,6.138000492554647],[-75.28552736477631,6.137851550887768],[-75.2855141672055,6.1379730667260075],[-75.28508986457933,6.1381223816765855],[-75.28489216699137,6.137990813736523]]],[[[-75.3178754035931,6.16207731295248],[-75.31762928976296,6.162004155079196],[-75.31725378787026,6.161797103192837],[-75.31748968349538,6.161807911722634],[-75.31772972715808,6.162011901020422],[-75.3180612107909,6.161940059259219],[-75.31814058120084,6.16202040305416],[-75.3178754035931,6.16207731295248]]],[[[-75.32049431642797,6.1684507758975915],[-75.3208713442631,6.168575643911786],[-75.3210119130071,6.16876176689403],[-75.32074229821605,6.168683798672438],[-75.32049431642797,6.1684507758975915]]],[[[-75.31050426477888,6.15562162086343],[-75.31019646713506,6.155545496025289],[-75.31025409935383,6.155320871085595],[-75.31050426477888,6.15562162086343]]],[[[-75.3027707259467,6.14167550130871],[-75.30300554648694,6.141580970446459],[-75.30308332635349,6.14161460349929],[-75.3028540513916,6.141798050951568],[-75.3027707259467,6.14167550130871]]],[[[-75.29703082642014,6.140329124643901],[-75.29691676748904,6.14033017781103],[-75.29679668854578,6.140188073092714],[-75.29708379249422,6.1402494557893705],[-75.29723093075246,6.140579166979447],[-75.29703082642014,6.140329124643901]]],[[[-75.35096002217146,6.183795386358903],[-75.35098969705365,6.183978359802324],[-75.35088518791584,6.184162014874861],[-75.3507655401365,6.183956102112936],[-75.35096002217146,6.183795386358903]]],[[[-75.310472769768,6.15416104935981],[-75.3106676734383,6.154502745784411],[-75.31058066833394,6.1546089161115445],[-75.31045351895821,6.15438364891906],[-75.310472769768,6.15416104935981]]],[[[-75.32450089892463,6.168416319563868],[-75.3247012622111,6.168448386006802],[-75.32469930776861,6.1685546898455765],[-75.32460415574445,6.1686149055272],[-75.32439673260133,6.168503065651719],[-75.32450089892463,6.168416319563868]]],[[[-75.30990486529431,6.153814772065168],[-75.3099385706563,6.154020088945513],[-75.3097918161205,6.154063985975184],[-75.30971320520523,6.153972544094155],[-75.30990486529431,6.153814772065168]]],[[[-75.30390330851381,6.142368346920016],[-75.30378537499458,6.142300773463576],[-75.30401253772901,6.142202281861511],[-75.3041173876822,6.1423056845547945],[-75.30390330851381,6.142368346920016]]],[[[-75.28904577488169,6.134401989030059],[-75.28890829700248,6.134596571857482],[-75.28873768673978,6.134620865857984],[-75.2888531687464,6.134482993118361],[-75.28904577488169,6.134401989030059]]],[[[-75.28077710469694,6.137842418973606],[-75.2808712111856,6.137668758784283],[-75.28112552355992,6.137809623860664],[-75.28077710469694,6.137842418973606]]],[[[-75.34815626203839,6.174979239052643],[-75.34802793254106,6.1749833275658546],[-75.34799397191173,6.174915696460957],[-75.34822419032726,6.174957006813256],[-75.34835530218227,6.175154737072374],[-75.34815626203839,6.174979239052643]]],[[[-75.34403136321279,6.173644271458792],[-75.34401632301746,6.173882831105331],[-75.34407648837185,6.17410453614361],[-75.34394495483765,6.173959904989934],[-75.34392839494596,6.173716370150145],[-75.34403136321279,6.173644271458792]]],[[[-75.31896259781475,6.165127022941387],[-75.31892191219934,6.164970856217401],[-75.31903656343337,6.164941883852125],[-75.31915764391582,6.165059685521759],[-75.31896259781475,6.165127022941387]]],[[[-75.3073066683761,6.144171974571782],[-75.30725905113954,6.144310438117425],[-75.30701396021564,6.144201735008122],[-75.3073066683761,6.144171974571782]]],[[[-75.30883951501204,6.148513264848305],[-75.30901146200446,6.148614916255129],[-75.3090524393338,6.148844601861429],[-75.30882140818046,6.148566614361514],[-75.30883951501204,6.148513264848305]]],[[[-75.31379693656272,6.15699186031628],[-75.31402312765411,6.157024093688001],[-75.314067277256,6.157046959979475],[-75.31390718865786,6.1571761086105905],[-75.31379693656272,6.15699186031628]]],[[[-75.29645594562913,6.1378203953224935],[-75.29624818729025,6.137765715596846],[-75.29630969924044,6.137616428961342],[-75.29645594562913,6.1378203953224935]]],[[[-75.2968915824171,6.138943402201549],[-75.29702526146835,6.139144869372294],[-75.2971010753425,6.13931076573349],[-75.29679774000604,6.138988770123406],[-75.2968915824171,6.138943402201549]]],[[[-75.35052749686328,6.179236280920744],[-75.35059010270334,6.179259648128999],[-75.35060439934676,6.179411603826256],[-75.35074954096864,6.179578333035109],[-75.35060014920562,6.179570188232673],[-75.35052749686328,6.179236280920744]]],[[[-75.30245698407057,6.141767242223437],[-75.30263565788981,6.1414941074685405],[-75.30275412699747,6.141528703860936],[-75.30258412419006,6.141773747205996],[-75.30245698407057,6.141767242223437]]],[[[-75.31575404655482,6.159166577617254],[-75.3159145623236,6.159358578758804],[-75.31573826841117,6.1594715831770595],[-75.31576732272748,6.159380042444601],[-75.31575404655482,6.159166577617254]]],[[[-75.28212391872778,6.1379932823967],[-75.28190905999786,6.137964446870602],[-75.28182722751151,6.137972312245164],[-75.2819610956812,6.137833039626659],[-75.28212391872778,6.1379932823967]]],[[[-75.28703594444114,6.136076914035978],[-75.28720083732503,6.136074854845138],[-75.28701577110968,6.136276097496455],[-75.28698378763538,6.136152471601552],[-75.28703594444114,6.136076914035978]]],[[[-75.32512645105236,6.168586908034873],[-75.3248334434129,6.1685683109767675],[-75.32491040102252,6.1684818581462295],[-75.32518802329977,6.168528330037287],[-75.32512645105236,6.168586908034873]]],[[[-75.34923020774788,6.188597631604791],[-75.34930740726362,6.188829453515053],[-75.34932744818208,6.188935534329226],[-75.34923103946215,6.1889463327084],[-75.34923020774788,6.188597631604791]]],[[[-75.29424447811859,6.136098480400341],[-75.29447492586449,6.136088213809164],[-75.29454723429036,6.136163875674667],[-75.29447996265786,6.136206863063244],[-75.29424447811859,6.136098480400341]]],[[[-75.31678125599615,6.161585444954252],[-75.31696296365388,6.161630645919567],[-75.31698401121197,6.161723233970396],[-75.31716492995831,6.16179732760363],[-75.3168606227314,6.161686434236447],[-75.31678125599615,6.161585444954252]]],[[[-75.2926614793896,6.135325870446463],[-75.29278885950748,6.1353371410757065],[-75.29293860577775,6.135408194376691],[-75.29284540835681,6.135502585021919],[-75.2926614793896,6.135325870446463]]],[[[-75.28400153513147,6.137648371771941],[-75.2843018921376,6.137707936143406],[-75.28411451598488,6.137765898380708],[-75.28400153513147,6.137648371771941]]],[[[-75.3053764365662,6.142420545444746],[-75.3053797836154,6.142645293396524],[-75.30524444247052,6.142704025038998],[-75.30533175505566,6.142540750859748],[-75.3053764365662,6.142420545444746]]],[[[-75.30823040708096,6.147617964534444],[-75.3079898757537,6.147419320681157],[-75.30819478346314,6.147465368744704],[-75.30823040708096,6.147617964534444]]],[[[-75.32957065811227,6.1687705131385595],[-75.32938934876925,6.16868750199476],[-75.32989904742328,6.168792299297281],[-75.32957065811227,6.1687705131385595]]],[[[-75.3178610262879,6.161206265057034],[-75.3179790234957,6.161216011743473],[-75.31808616626638,6.161250770424333],[-75.31794715086689,6.16131612085583],[-75.3178610262879,6.161206265057034]]],[[[-75.30506787013893,6.141923511288557],[-75.30531819219223,6.1420549844769825],[-75.30531061104243,6.142146907170047],[-75.30524191550123,6.142045890825688],[-75.30506787013893,6.141923511288557]]],[[[-75.34908341707703,6.177283070788757],[-75.34898983193366,6.1772145747720195],[-75.34891412816079,6.1771864663122305],[-75.34898984730572,6.177132839502585],[-75.34910447800483,6.177208160892782],[-75.34908341707703,6.177283070788757]]],[[[-75.30141040130323,6.142606795902735],[-75.3016232859202,6.142562846198375],[-75.30172698132375,6.142494121016709],[-75.30172547468284,6.142600799860613],[-75.30141040130323,6.142606795902735]]],[[[-75.30834936248858,6.14786657251612],[-75.30842636421308,6.147940734213033],[-75.30844561610417,6.14807491476566],[-75.30834852875884,6.14794621038855],[-75.30834936248858,6.14786657251612]]],[[[-75.2890799314611,6.134540030444698],[-75.28907449608685,6.134615577286742],[-75.28895997455784,6.134722761947536],[-75.28899574365097,6.13463318754023],[-75.2890799314611,6.134540030444698]]],[[[-75.33920629427075,6.172128554987688],[-75.33950146246923,6.172074236947913],[-75.33911514282616,6.172156347096565],[-75.33920629427075,6.172128554987688]]],[[[-75.31833225139329,6.1658297947930585],[-75.31839766459713,6.165827833612288],[-75.31846653978559,6.166016706877555],[-75.31833225139329,6.1658297947930585]]],[[[-75.34877910674417,6.177035228993197],[-75.34882829601887,6.177089495828934],[-75.34879739410114,6.177171782588387],[-75.34873474561277,6.177117577914963],[-75.34877910674417,6.177035228993197]]],[[[-75.29332569926893,6.1356142657060095],[-75.29341895144593,6.135635582386302],[-75.2934333885414,6.135678604790603],[-75.29336269754491,6.135700549713642],[-75.29332569926893,6.1356142657060095]]],[[[-75.35079183231828,6.185390735638839],[-75.35083171218277,6.185467508034724],[-75.35075000507192,6.1855242508569495],[-75.35079183231828,6.185390735638839]]],[[[-75.34778325266392,6.174952469785081],[-75.34775973952841,6.174999523584364],[-75.34779840869115,6.1751080490407135],[-75.34768064802344,6.17503314061383],[-75.34778325266392,6.174952469785081]]],[[[-75.31990086389128,6.166693168865909],[-75.31991127879814,6.166860068736412],[-75.31993204717571,6.167014962869582],[-75.31987861486034,6.166919590997688],[-75.31990086389128,6.166693168865909]]],[[[-75.34800508108775,6.176231306548972],[-75.34787193902551,6.176381502884325],[-75.34781114356593,6.176327450804284],[-75.34791820481853,6.176287045945418],[-75.34800508108775,6.176231306548972]]],[[[-75.3508239591777,6.185184797645488],[-75.35088497530401,6.185193371903982],[-75.35088446690062,6.185281950699135],[-75.35080591699781,6.185276409115359],[-75.3508239591777,6.185184797645488]]],[[[-75.30316335051255,6.142268579857232],[-75.30323415995909,6.142312660968409],[-75.30305180846744,6.142326097140517],[-75.30316335051255,6.142268579857232]]],[[[-75.30448279069502,6.1417956156164895],[-75.30462094437748,6.141828465553023],[-75.30443208339811,6.14185211134835],[-75.30448279069502,6.1417956156164895]]],[[[-75.31277729407871,6.156332432794078],[-75.31276682274016,6.156264188172946],[-75.3129280706954,6.156381374414524],[-75.31277729407871,6.156332432794078]]],[[[-75.30085747779646,6.143077053861321],[-75.30089647941,6.143171575025616],[-75.30079424363728,6.143204098562798],[-75.30083243570179,6.143139195578001],[-75.30085747779646,6.143077053861321]]],[[[-75.29289704678602,6.135516919984434],[-75.29299815162854,6.13546908199807],[-75.29296251315401,6.135531130601163],[-75.29289704678602,6.135516919984434]]],[[[-75.34245496950658,6.172820402446237],[-75.34250594550767,6.17283122157583],[-75.34262122935462,6.172802865116826],[-75.34252446128163,6.172880023531953],[-75.34245496950658,6.172820402446237]]],[[[-75.28600348301822,6.139059076311176],[-75.2860883956065,6.139013574482427],[-75.28597082858325,6.139143370051642],[-75.28600348301822,6.139059076311176]]],[[[-75.30664810626858,6.144547875249614],[-75.3063758465975,6.144533499369313],[-75.30627896102055,6.144539646847862],[-75.30664810626858,6.144547875249614]]],[[[-75.34825207655884,6.175394388963034],[-75.34832846014203,6.1753738654517685],[-75.3483558861974,6.1754253846581415],[-75.34825207655884,6.175394388963034]]],[[[-75.31132300516157,6.155654314226728],[-75.311342698772,6.155572260924579],[-75.31140641560138,6.1555743568013055],[-75.31132300516157,6.155654314226728]]],[[[-75.31037462655088,6.153929180171004],[-75.31042138587631,6.15387048534327],[-75.31041672319247,6.153981969813859],[-75.31037462655088,6.153929180171004]]],[[[-75.32272145122397,6.167807412711209],[-75.32282834077911,6.167903408136528],[-75.32275946696966,6.167894544808449],[-75.32272145122397,6.167807412711209]]],[[[-75.31005879270981,6.15297478721012],[-75.3099312159129,6.153076422645864],[-75.30989697439038,6.153114837543112],[-75.30998472988404,6.1530043797039164],[-75.31005879270981,6.15297478721012]]],[[[-75.32146165612214,6.167282316216406],[-75.32158291235491,6.167267318625496],[-75.3214493081036,6.167290865545702],[-75.32146165612214,6.167282316216406]]],[[[-75.29394481837186,6.1361009294531845],[-75.29400978597388,6.136124828649354],[-75.29393960713404,6.136159207978166],[-75.29394481837186,6.1361009294531845]]],[[[-75.34054311281201,6.172123052388461],[-75.34046718398419,6.172086711919087],[-75.34062409860553,6.172110232972121],[-75.34054311281201,6.172123052388461]]],[[[-75.32005922279777,6.167084828074064],[-75.3201401914643,6.167032954296499],[-75.32006641455665,6.167093523750121],[-75.32005922279777,6.167084828074064]]],[[[-75.29525638605661,6.136650701050085],[-75.29532639758901,6.1366962891563634],[-75.29522849823816,6.1366970191773555],[-75.29525638605661,6.136650701050085]]],[[[-75.34887590992467,6.1772397149636085],[-75.34895290617567,6.177260962669798],[-75.34896404502884,6.1773159708580705],[-75.34887590992467,6.1772397149636085]]],[[[-75.27906851492311,6.138225470057686],[-75.27909221712173,6.138187928067047],[-75.27914778262571,6.138267105732942],[-75.27906851492311,6.138225470057686]]],[[[-75.31615602423932,6.158618145950491],[-75.31620023613822,6.158660131420719],[-75.3162183742761,6.15871256041169],[-75.31615602423932,6.158618145950491]]],[[[-75.34817171985382,6.1761576455674785],[-75.34813350587918,6.176112056079667],[-75.34818479476594,6.17609602982074],[-75.34817171985382,6.1761576455674785]]],[[[-75.34794152327613,6.17530737218474],[-75.34798004923478,6.175305074438049],[-75.34796410316419,6.175361406716669],[-75.34794152327613,6.17530737218474]]],[[[-75.29508643190573,6.136455014900983],[-75.29511934515176,6.136472516180136],[-75.29512142472684,6.136527344339718],[-75.29508643190573,6.136455014900983]]],[[[-75.30471749120645,6.141804771757627],[-75.30477593073694,6.141809262783349],[-75.3046877775879,6.141828437045984],[-75.30471749120645,6.141804771757627]]],[[[-75.27985964361768,6.1385013818479255],[-75.27984936505737,6.138474696790414],[-75.27992642822724,6.138493580856467],[-75.27985964361768,6.1385013818479255]]],[[[-75.29350595680835,6.135683458191481],[-75.29351839066511,6.135740150079487],[-75.29346983845069,6.135774609392585],[-75.2935020219821,6.135734102782949],[-75.29350595680835,6.135683458191481]]],[[[-75.34971801253788,6.191840618420697],[-75.34976486866232,6.191860870203315],[-75.34974428759611,6.191906720409146],[-75.34971801253788,6.191840618420697]]],[[[-75.30514703464016,6.142825568227208],[-75.30519284422076,6.142825973872466],[-75.30527377543295,6.142851374903028],[-75.30514703464016,6.142825568227208]]],[[[-75.28257170969385,6.137685875681649],[-75.28254685361063,6.137726069489115],[-75.28251001566687,6.137686281713538],[-75.28257170969385,6.137685875681649]]],[[[-75.34140024779109,6.172066245174593],[-75.34134947915585,6.172090074773105],[-75.34131554083197,6.1720959949836605],[-75.3413131103999,6.172079740108393],[-75.34140024779109,6.172066245174593]]],[[[-75.29338892649197,6.135554875927701],[-75.29345522891704,6.135580365554669],[-75.29346697075833,6.135608551283732],[-75.29338892649197,6.135554875927701]]],[[[-75.35110235490991,6.186796391903388],[-75.35110206206606,6.186937167819366],[-75.35109538993005,6.186823420606742],[-75.35110235490991,6.186796391903388]]],[[[-75.31074537914591,6.156115415082665],[-75.3107801920921,6.1561230617849425],[-75.31079594513753,6.156161459189854],[-75.31074537914591,6.156115415082665]]],[[[-75.2856679931466,6.137667759089968],[-75.28563551949004,6.137710129544243],[-75.28559666799777,6.137760929822678],[-75.28562642663391,6.137707097442803],[-75.2856679931466,6.137667759089968]]],[[[-75.29316155116885,6.1354822509398454],[-75.29320943232665,6.1354858700088055],[-75.29332087388941,6.135528713772143],[-75.29316155116885,6.1354822509398454]]],[[[-75.33969173371615,6.17208628867602],[-75.33960329888787,6.172075319233733],[-75.33971012624849,6.1720759934436416],[-75.33969173371615,6.17208628867602]]],[[[-75.299144004001,6.142512177630119],[-75.29917964324981,6.142556558013466],[-75.29915332469517,6.142545748470041],[-75.299144004001,6.142512177630119]]],[[[-75.27952035502283,6.137568247831983],[-75.27957929947065,6.137591542516374],[-75.2795883536969,6.137606949136549],[-75.2795811799174,6.13760988697289],[-75.27952035502283,6.137568247831983]]],[[[-75.31154472179144,6.14972035015549],[-75.31156315422015,6.14970981074595],[-75.31157619081512,6.149730160867694],[-75.31154472179144,6.14972035015549]]],[[[-75.33973293389833,6.172088069751467],[-75.33975421554943,6.1720762716173025],[-75.33980666388528,6.172077340420348],[-75.33973293389833,6.172088069751467]]],[[[-75.28588267916126,6.139366888030898],[-75.28585873151525,6.139277697107914],[-75.28588578523227,6.13936580861145],[-75.28588267916126,6.139366888030898]]],[[[-75.34453492874805,6.173544267733709],[-75.34456350302887,6.173526244125972],[-75.34453166979397,6.17355843079163],[-75.34453492874805,6.173544267733709]]],[[[-75.27573977138661,6.138439332738464],[-75.27575544021481,6.138450972095817],[-75.27570015123509,6.1384553588384225],[-75.27573977138661,6.138439332738464]]],[[[-75.35084287567554,6.184412522661933],[-75.3508623576418,6.184402595596666],[-75.35086053147168,6.184421980619105],[-75.35084287567554,6.184412522661933]]],[[[-75.31059816339457,6.15309678565845],[-75.31057947564324,6.153132736951471],[-75.31055634868684,6.153142465677578],[-75.31059816339457,6.15309678565845]]],[[[-75.30486842104804,6.141783278752371],[-75.30493403969145,6.141808171686937],[-75.30485469224469,6.141787135855699],[-75.30486842104804,6.141783278752371]]],[[[-75.34444832133951,6.17310829131312],[-75.34446841718866,6.17311163075346],[-75.34447004437381,6.17313257671344],[-75.34444832133951,6.17310829131312]]],[[[-75.3403792653034,6.1721008973727916],[-75.34039226548528,6.172094044790603],[-75.34041178414564,6.172106679883838],[-75.3403792653034,6.1721008973727916]]],[[[-75.30910086685468,6.15413567564857],[-75.309128115915,6.15413229244753],[-75.30910231105594,6.154140167220779],[-75.30910086685468,6.15413567564857]]],[[[-75.33735502731827,6.172458814980241],[-75.33728871619586,6.172455220686971],[-75.337226109252,6.172447258873991],[-75.33735502731827,6.172458814980241]]],[[[-75.32997876336819,6.168849403073806],[-75.33001569171745,6.168854889436781],[-75.33002349693757,6.168864168179542],[-75.32997876336819,6.168849403073806]]],[[[-75.35069558913231,6.189217688196017],[-75.350674062679,6.189239336080944],[-75.35067608573621,6.189221985623398],[-75.35069558913231,6.189217688196017]]],[[[-75.27919911986424,6.138328011322281],[-75.27918419616762,6.138306974297363],[-75.2792087529221,6.138329108783765],[-75.27919911986424,6.138328011322281]]],[[[-75.34925102564983,6.188387003455175],[-75.34924475631111,6.188450431991018],[-75.34924407127124,6.188418905982571],[-75.34925102564983,6.188387003455175]]],[[[-75.34228160892779,6.172597989820653],[-75.34228146513615,6.172588912739279],[-75.34229127912295,6.172614036483651],[-75.34228160892779,6.172597989820653]]],[[[-75.2918000746998,6.135575309083718],[-75.29180040481096,6.135572430258979],[-75.29184393472357,6.135579599284079],[-75.2918000746998,6.135575309083718]]],[[[-75.31929773577843,6.165128600585165],[-75.31930713045023,6.165149405583584],[-75.31930327132301,6.165148302910358],[-75.31929773577843,6.165128600585165]]],[[[-75.33469566036797,6.170805228487221],[-75.33471782686306,6.1708052298224985],[-75.3347255610271,6.17080733806583],[-75.33469566036797,6.170805228487221]]],[[[-75.2930151436373,6.135432857126764],[-75.29298899233336,6.135423032047333],[-75.29301559729697,6.135432251126542],[-75.2930151436373,6.135432857126764]]],[[[-75.31327134577973,6.156879058619074],[-75.3132781027006,6.156884836500047],[-75.31327385698046,6.1568870821120685],[-75.31327134577973,6.156879058619074]]],[[[-75.3295918769837,6.168820193100736],[-75.32960351906367,6.168821335777556],[-75.32959854786787,6.168821925398781],[-75.3295918769837,6.168820193100736]]],[[[-75.29184887799734,6.135579692962967],[-75.29184788271932,6.135579984784479],[-75.2918449831833,6.135579701499918],[-75.29184887799734,6.135579692962967]]]]}}]}
