{"type":"FeatureCollection","features":[{"type":"Feature","id":1,"properties":{"layer_id":"mass_movement","name":"Amenaza baja","amenaza":"baja","amenaza_label":"Amenaza baja","category":"Amenaza baja","source_id":"gis-mass_movement","provenance":"institutional","exact_site":false,"limitation":"Amenaza por movimiento en masa. No es la vulnerabilidad climática del reto."},"geometry":{"type":"MultiPolygon","coordinates":[[[[-75.47559,6.09512],[-75.47843,6.09274],[-75.4784,6.09365],[-75.47994,6.09316],[-75.48,6.08925],[-75.48301,6.09275],[-75.48195,6.09245],[-75.48139,6.0924],[-75.48164800493625,6.092493480049361],[-75.48111,6.09291],[-75.4818086878981,6.092551698513801],[-75.48367,6.09372],[-75.48264,6.0932],[-75.48022,6.09522],[-75.4808,6.09674],[-75.47821,6.09407],[-75.47559,6.09512]],[[-75.48153,6.09178],[-75.48141,6.09173],[-75.48145,6.09194],[-75.48153,6.09178]],[[-75.4804,6.09414],[-75.48048,6.09429],[-75.48063,6.09388],[-75.4804,6.09414]],[[-75.4778,6.09364],[-75.47774,6.09403],[-75.47791,6.0937],[-75.4778,6.09364]],[[-75.4782,6.09396],[-75.47902,6.09425],[-75.47851,6.09386],[-75.4782,6.09396]],[[-75.48056,6.09376],[-75.48113,6.09233],[-75.48084,6.09271],[-75.48056,6.09376]]],[[[-75.46458,6.10501],[-75.47212,6.097],[-75.46877,6.10079],[-75.46904,6.10386],[-75.46458,6.10501]],[[-75.46739,6.1026],[-75.46725,6.10239],[-75.46714,6.10291],[-75.46739,6.1026]]],[[[-75.49458,6.10598],[-75.49399,6.10725],[-75.49223,6.10476],[-75.49458,6.10598]]],[[[-75.46406,6.10469],[-75.46101,6.10817],[-75.45883,6.10867],[-75.45919,6.10676],[-75.45994,6.10796],[-75.46406,6.10469]]],[[[-75.45802,6.22569],[-75.45915,6.22686],[-75.45688,6.22868],[-75.45627,6.24004],[-75.45633,6.22754],[-75.45802,6.22569]],[[-75.45732,6.22686],[-75.45719,6.22676],[-75.45707,6.22706],[-75.45732,6.22686]]],[[[-75.45867,6.30613],[-75.45785,6.30551],[-75.45758,6.30387],[-75.45933,6.30599],[-75.46041,6.30336],[-75.46671,6.30417],[-75.46194,6.30556],[-75.45962,6.30743],[-75.46009,6.30933],[-75.45867,6.30613]],[[-75.45871115104741,6.306157876515989],[-75.45813,6.3051],[-75.45867,6.30613],[-75.45871115104741,6.306157876515989]],[[-75.45948,6.30676],[-75.45951,6.30692],[-75.46005,6.30679],[-75.45948,6.30676]]],[[[-75.45917,6.31558],[-75.46049,6.31354],[-75.46076,6.31584],[-75.45917,6.31558]]],[[[-75.45878,6.1049],[-75.45873,6.10693],[-75.45621,6.10584],[-75.45802,6.10411],[-75.45878,6.1049]],[[-75.45697,6.10563],[-75.45701,6.10583],[-75.45709,6.10568],[-75.45697,6.10563]],[[-75.45823,6.10463],[-75.45828,6.10474],[-75.45844,6.10467],[-75.45823,6.10463]],[[-75.45778,6.10599],[-75.45783,6.1061],[-75.45799,6.10602],[-75.45778,6.10599]]],[[[-75.45662,6.11188],[-75.45854,6.10861],[-75.45639,6.11343],[-75.45334,6.11452],[-75.45662,6.11188]]],[[[-75.45355,6.11739],[-75.45261,6.11861],[-75.45313982514571,6.117330666111576],[-75.45433,6.1162],[-75.45371,6.11695],[-75.45605,6.11719],[-75.45355,6.11739]]],[[[-75.44944,6.12716],[-75.45449,6.12864],[-75.4503,6.1285],[-75.44944,6.12716]]],[[[-75.45378,6.13108],[-75.45225,6.12904],[-75.45635,6.1304],[-75.45378,6.13108]]],[[[-75.4574,6.17466],[-75.45581,6.17465],[-75.45372,6.17339],[-75.45224,6.17471],[-75.45258,6.1733],[-75.45579,6.17262],[-75.45596,6.17356],[-75.45945,6.17407],[-75.4574,6.17466]],[[-75.45814,6.17424],[-75.4582,6.17435],[-75.45844,6.17428],[-75.45814,6.17424]],[[-75.45516,6.1737],[-75.45523,6.17392],[-75.45547,6.1738],[-75.45516,6.1737]],[[-75.45462,6.17334],[-75.4547,6.17346],[-75.4552,6.17338],[-75.45462,6.17334]]],[[[-75.45258,6.17527],[-75.44884,6.17669],[-75.45138,6.17413],[-75.45258,6.17527]]],[[[-75.4571,6.24337],[-75.45523,6.25299],[-75.45369,6.25448],[-75.45297,6.25767],[-75.45167,6.25485],[-75.4571,6.24337]],[[-75.45428,6.2529],[-75.45432,6.2531],[-75.4544,6.25295],[-75.45428,6.2529]]],[[[-75.45586,6.30438],[-75.45189,6.30809],[-75.45193,6.30473],[-75.45586,6.30438]],[[-75.45332,6.30511],[-75.45275,6.30493],[-75.45248,6.30528],[-75.45332,6.30511]]],[[[-75.44412,6.15262],[-75.44464,6.14376],[-75.44687,6.1466],[-75.44476,6.14453],[-75.44412,6.15262]]],[[[-75.44765,6.15165],[-75.44666,6.15244],[-75.44534,6.1505],[-75.44765,6.15165]]],[[[-75.4425,6.23698],[-75.44263,6.23605],[-75.44458,6.23764],[-75.4425,6.23698]]],[[[-75.44731,6.26182],[-75.44739,6.26287],[-75.44617,6.26155],[-75.44301,6.26221],[-75.44373,6.26052],[-75.44731,6.26182]],[[-75.44513,6.26162],[-75.44521,6.26147],[-75.44509,6.26142],[-75.44513,6.26162]]],[[[-75.44941,6.28575],[-75.45111,6.28738],[-75.45031,6.28791],[-75.44941,6.28575]]],[[[-75.44411,6.1815],[-75.43983,6.18251],[-75.43884,6.18505],[-75.4341,6.18431],[-75.43852,6.18397],[-75.44063,6.18088],[-75.44023,6.18172],[-75.44411,6.1815]]],[[[-75.43712,6.20397],[-75.43563,6.20187],[-75.43773,6.20272],[-75.43757785921864,6.203841494902683],[-75.44128,6.20603],[-75.43712,6.20397]]],[[[-75.44142,6.20891],[-75.43876,6.21],[-75.4426,6.20827],[-75.4455,6.20971],[-75.44142,6.20891]]],[[[-75.44454,6.2136],[-75.4396,6.21414],[-75.44135,6.21288],[-75.44454,6.2136]]],[[[-75.44121,6.24518],[-75.43909,6.24607],[-75.44178,6.24404],[-75.44157,6.2411],[-75.4432,6.24175],[-75.44121,6.24518]]],[[[-75.43502,6.15474],[-75.43601,6.15409],[-75.43599,6.15617],[-75.43502,6.15474]]],[[[-75.43394,6.16042],[-75.43787,6.16046],[-75.43591,6.16194],[-75.43314,6.16053],[-75.43209,6.15767],[-75.43284,6.15896],[-75.43394,6.16042]]],[[[-75.43151,6.17427],[-75.42908,6.16991],[-75.42521,6.16875],[-75.42559,6.16217],[-75.4344,6.16901],[-75.43546,6.16946],[-75.43578,6.16856],[-75.43921,6.16999],[-75.44167,6.17573],[-75.44655,6.17657],[-75.44478,6.17688],[-75.44394,6.1802],[-75.44094,6.18011],[-75.4370398887992,6.183271782799745],[-75.43319,6.18292],[-75.43471,6.18004],[-75.42876,6.18377],[-75.43016,6.18028],[-75.43115,6.18071],[-75.43525,6.17795],[-75.43192,6.17891],[-75.43215,6.17718],[-75.42974,6.17637],[-75.43343,6.17754],[-75.43151,6.17427]],[[-75.42789,6.16602],[-75.42797,6.16594],[-75.42786,6.16591],[-75.42789,6.16602]],[[-75.42825,6.16457],[-75.42833,6.16449],[-75.42822,6.16446],[-75.42825,6.16457]],[[-75.42716,6.16412],[-75.42724,6.16404],[-75.42713,6.16401],[-75.42716,6.16412]],[[-75.43433,6.17658],[-75.43441,6.1765],[-75.4343,6.17647],[-75.43433,6.17658]],[[-75.43658,6.17233],[-75.43666,6.17225],[-75.43655,6.17221],[-75.43658,6.17233]],[[-75.43452,6.18001],[-75.4346,6.17993],[-75.43449,6.1799],[-75.43452,6.18001]],[[-75.43585,6.17034],[-75.43593,6.17026],[-75.43582,6.17023],[-75.43585,6.17034]],[[-75.42843,6.16493],[-75.42851,6.16485],[-75.4284,6.16482],[-75.42843,6.16493]],[[-75.43091,6.18147],[-75.43099,6.18139],[-75.43088,6.18136],[-75.43091,6.18147]],[[-75.42771,6.16448],[-75.42779,6.1644],[-75.42768,6.16437],[-75.42771,6.16448]],[[-75.43444,6.18218],[-75.43452,6.1821],[-75.43441,6.18207],[-75.43444,6.18218]],[[-75.43605,6.17007],[-75.43621,6.16999],[-75.436,6.16996],[-75.43605,6.17007]],[[-75.42824,6.16567],[-75.42802,6.16561],[-75.42816,6.16575],[-75.42824,6.16567]],[[-75.43379,6.17772],[-75.43373,6.17794],[-75.43387,6.1778],[-75.43379,6.17772]],[[-75.42833,6.16476],[-75.42817,6.16462],[-75.42801,6.1647],[-75.42833,6.16476]],[[-75.42555,6.16495],[-75.42563,6.16471],[-75.42551,6.16465],[-75.42555,6.16495]],[[-75.4347,6.18219],[-75.4348,6.18203],[-75.43459,6.18198],[-75.4347,6.18219]],[[-75.43595,6.16962],[-75.43603,6.16931],[-75.43591,6.16923],[-75.43595,6.16962]],[[-75.43462,6.18126],[-75.43449,6.18117],[-75.43451,6.18148],[-75.43462,6.18126]],[[-75.43576,6.17011],[-75.43594,6.17011],[-75.43573,6.16978],[-75.43576,6.17011]],[[-75.44312,6.17685],[-75.44337,6.17662],[-75.44306,6.17654],[-75.44312,6.17685]],[[-75.43929,6.17096],[-75.43954,6.17106],[-75.43925,6.17058],[-75.43929,6.17096]],[[-75.43759,6.17397],[-75.43767,6.17313],[-75.43754,6.17303],[-75.43759,6.17397]],[[-75.43516,6.18195],[-75.43579,6.18183],[-75.43513,6.1818],[-75.43516,6.18195]],[[-75.42734,6.16413],[-75.4279,6.16419],[-75.42722,6.16374],[-75.42734,6.16413]],[[-75.42589,6.16661],[-75.42618,6.16623],[-75.42578,6.16619],[-75.42589,6.16661]],[[-75.42918,6.16811],[-75.42971,6.16771],[-75.42913,6.16771],[-75.42918,6.16811]],[[-75.43072,6.17069],[-75.4304,6.16988],[-75.43016,6.1702],[-75.43072,6.17069]],[[-75.43613,6.17055],[-75.43711,6.17303],[-75.43704,6.17128],[-75.43613,6.17055]],[[-75.43195,6.17111],[-75.43531,6.17089],[-75.43117,6.16956],[-75.43195,6.17111]],[[-75.44275,6.1765],[-75.43784,6.17665],[-75.44365,6.17868],[-75.44275,6.1765]],[[-75.43485,6.18231],[-75.4358,6.18212],[-75.43436,6.18237],[-75.43485,6.18231]]],[[[-75.43604,6.2042],[-75.434,6.20124],[-75.43467,6.19899],[-75.43557,6.20325],[-75.43679,6.20372],[-75.43583,6.20783],[-75.43604,6.2042]]],[[[-75.43139,6.21938],[-75.43807582342568,6.214608837248979],[-75.4391,6.21605],[-75.43139,6.21938]]],[[[-75.43601,6.04669],[-75.43413,6.04594],[-75.43321,6.04825],[-75.43371,6.05001],[-75.43665,6.05129],[-75.43635,6.05365],[-75.43302,6.04977],[-75.43302,6.04715],[-75.43302,6.04606],[-75.42226038442035,6.046135197139999],[-75.43453,6.04149],[-75.43459,6.04474],[-75.43736,6.04661],[-75.43661,6.04828],[-75.43601,6.04669]],[[-75.43264,6.04387],[-75.43272,6.04379],[-75.43261,6.04376],[-75.43264,6.04387]],[[-75.43627,6.04613],[-75.43635,6.04597],[-75.43623,6.04592],[-75.43627,6.04613]],[[-75.43518,6.05165],[-75.43496,6.05159],[-75.4351,6.05173],[-75.43518,6.05165]],[[-75.43528,6.05132],[-75.43555,6.05132],[-75.43525,6.05117],[-75.43528,6.05132]],[[-75.4338,6.04454],[-75.43428,6.04454],[-75.4337,6.04439],[-75.4338,6.04454]],[[-75.43582,6.05248],[-75.43545,6.05195],[-75.43575,6.05271],[-75.43582,6.05248]]],[[[-75.43137,6.09298],[-75.43337,6.09222],[-75.4304960957343,6.094076063171607],[-75.43158,6.08703],[-75.43137,6.09298]]],[[[-75.42861,6.15675],[-75.43087,6.15646],[-75.43065,6.1573],[-75.43209,6.15767],[-75.43087,6.15828],[-75.42861,6.15675]],[[-75.43082,6.15767],[-75.43086,6.15788],[-75.43094,6.15772],[-75.43082,6.15767]]],[[[-75.42847,6.1872],[-75.42892,6.18986],[-75.42796,6.18919],[-75.42847,6.1872]]],[[[-75.43355,6.19045],[-75.44236,6.19673],[-75.43281,6.19667],[-75.43273,6.18881],[-75.42985,6.1859],[-75.4228,6.18432],[-75.4223,6.18346],[-75.42655,6.18457],[-75.43138127917145,6.183963534772555],[-75.43004,6.18543],[-75.4329,6.18799],[-75.43367,6.19025],[-75.4375,6.19102],[-75.43355,6.19045]],[[-75.4342,6.19611],[-75.43428,6.19603],[-75.43417,6.196],[-75.4342,6.19611]],[[-75.42287,6.18412],[-75.42265,6.18406],[-75.42279,6.1842],[-75.42287,6.18412]]],[[[-75.42671,6.26105],[-75.42801,6.25947],[-75.42897,6.26024],[-75.42671,6.26105]]],[[[-75.42055,6.0528],[-75.41752,6.05451],[-75.41954,6.05139],[-75.42055,6.0528]]],[[[-75.42444,6.08042],[-75.41949,6.08109],[-75.41974,6.08009],[-75.42444,6.08042]],[[-75.42091,6.08037],[-75.42066,6.08037],[-75.42013,6.08055],[-75.42091,6.08037]]],[[[-75.41864,6.08047],[-75.41861,6.08142],[-75.41587,6.08127],[-75.41864,6.08047]]],[[[-75.42948,6.08006],[-75.42841,6.08363],[-75.43158,6.08462],[-75.4226,6.08366],[-75.42948,6.08006]],[[-75.42774,6.08283],[-75.42779,6.08294],[-75.42795,6.08287],[-75.42774,6.08283]],[[-75.42666,6.08365],[-75.42671,6.08376],[-75.42687,6.08368],[-75.42666,6.08365]],[[-75.42759,6.08406],[-75.42813,6.08377],[-75.42774,6.08373],[-75.42759,6.08406]],[[-75.42808,6.08349],[-75.42822,6.08325],[-75.42753,6.08343],[-75.42808,6.08349]]],[[[-75.42156,6.08546],[-75.41533,6.08718],[-75.42219,6.08362],[-75.42156,6.08546]]],[[[-75.4235,6.19096],[-75.42337,6.19246],[-75.42197,6.19223],[-75.4235,6.19096]]],[[[-75.43999,6.28013],[-75.44042,6.27615],[-75.43554,6.27168],[-75.43445,6.26776],[-75.4385,6.26255],[-75.43736,6.26083],[-75.4338,6.25439],[-75.42606,6.25036],[-75.42457,6.2525],[-75.42529,6.25686],[-75.42397,6.25618],[-75.42061,6.2613],[-75.42119,6.25748],[-75.4235,6.25592],[-75.42493,6.24979],[-75.42258,6.24444],[-75.41841,6.2428],[-75.40989,6.22775],[-75.40693,6.22826],[-75.40935,6.22955],[-75.39744,6.22832],[-75.38727,6.21741],[-75.38477,6.21786],[-75.3847,6.21405],[-75.38937,6.21248],[-75.39494,6.22319],[-75.41172,6.22786],[-75.4185,6.23809],[-75.43793,6.25541],[-75.44497,6.25433],[-75.4404,6.25787],[-75.43857,6.25615],[-75.43745,6.257],[-75.43831,6.25957],[-75.44106,6.25915],[-75.43863,6.26043],[-75.44098,6.26354],[-75.43795,6.26613],[-75.43743,6.2682],[-75.43918,6.2729],[-75.44256,6.27615],[-75.44599,6.27748],[-75.44942,6.27682],[-75.44762,6.2777],[-75.44727,6.28126],[-75.44982,6.28758],[-75.44871,6.29079],[-75.45358,6.29106],[-75.45151,6.29288],[-75.45265,6.2946],[-75.46069,6.29686],[-75.45528,6.2971],[-75.45717,6.30374],[-75.45509,6.30171],[-75.45686,6.30451],[-75.44943,6.29391],[-75.44685,6.29425],[-75.44816,6.28679],[-75.44547,6.28424],[-75.44325,6.28484],[-75.43999,6.28013]],[[-75.43700578034684,6.259955780346842],[-75.43692872887583,6.2598220058780125],[-75.43695,6.2599],[-75.43700578034684,6.259955780346842]],[[-75.4395,6.2633],[-75.43868,6.2627],[-75.43916,6.26372],[-75.4395,6.2633]],[[-75.4037340049674,6.226115166097483],[-75.40373893459204,6.226104871881324],[-75.40372,6.22611],[-75.4037340049674,6.226115166097483]],[[-75.4061,6.22782],[-75.40719,6.22739],[-75.4037340049674,6.226115166097483],[-75.4061,6.22782]],[[-75.38483,6.21422],[-75.38491,6.21414],[-75.3848,6.21411],[-75.38483,6.21422]],[[-75.39616,6.22604],[-75.39623,6.22596],[-75.39612,6.22593],[-75.39616,6.22604]],[[-75.41569,6.2362],[-75.41577,6.23612],[-75.41566,6.23609],[-75.41569,6.2362]],[[-75.41542,6.23521],[-75.4155,6.23513],[-75.41539,6.2351],[-75.41542,6.23521]],[[-75.42153,6.25797],[-75.42161,6.25789],[-75.4215,6.25786],[-75.42153,6.25797]],[[-75.43245,6.25297],[-75.43253,6.25289],[-75.43242,6.25286],[-75.43245,6.25297]],[[-75.44064,6.27528],[-75.44072,6.2752],[-75.44061,6.27517],[-75.44064,6.27528]],[[-75.44119,6.27908],[-75.44127,6.279],[-75.44116,6.27897],[-75.44119,6.27908]],[[-75.44445,6.28277],[-75.44453,6.2827],[-75.44442,6.28266],[-75.44445,6.28277]],[[-75.44616,6.27798],[-75.44624,6.2779],[-75.44613,6.27787],[-75.44616,6.27798]],[[-75.44853,6.28692],[-75.44861,6.28684],[-75.4485,6.28681],[-75.44853,6.28692]],[[-75.45072,6.29406],[-75.45079,6.29398],[-75.45068,6.29395],[-75.45072,6.29406]],[[-75.40232,6.22657],[-75.40248,6.22649],[-75.40227,6.22645],[-75.40232,6.22657]],[[-75.39345,6.22135],[-75.39361,6.22127],[-75.3934,6.22123],[-75.39345,6.22135]],[[-75.39318,6.22243],[-75.39334,6.22235],[-75.39313,6.22232],[-75.39318,6.22243]],[[-75.40196,6.22657],[-75.40212,6.22649],[-75.40191,6.22645],[-75.40196,6.22657]],[[-75.39572,6.22405],[-75.39588,6.22397],[-75.39567,6.22394],[-75.39572,6.22405]],[[-75.42477,6.25092],[-75.42485,6.25076],[-75.42473,6.25071],[-75.42477,6.25092]],[[-75.4311,6.25163],[-75.43118,6.25147],[-75.43106,6.25142],[-75.4311,6.25163]],[[-75.44827,6.28783],[-75.44835,6.28768],[-75.44823,6.28763],[-75.44827,6.28783]],[[-75.45507,6.30011],[-75.45515,6.29995],[-75.45504,6.2999],[-75.45507,6.30011]],[[-75.39118,6.22072],[-75.39126,6.22056],[-75.39114,6.22051],[-75.39118,6.22072]],[[-75.3937,6.22352],[-75.39356,6.22338],[-75.39348,6.22346],[-75.3937,6.22352]],[[-75.44382,6.28364],[-75.44368,6.28378],[-75.44376,6.28386],[-75.44382,6.28364]],[[-75.38775,6.2135],[-75.38799,6.21342],[-75.38769,6.21338],[-75.38775,6.2135]],[[-75.38936,6.21697],[-75.3893,6.21728],[-75.38944,6.21712],[-75.38936,6.21697]],[[-75.43968,6.25703],[-75.43953,6.2568],[-75.43945,6.25695],[-75.43968,6.25703]],[[-75.43888,6.2621],[-75.43873,6.26186],[-75.43865,6.26202],[-75.43888,6.2621]],[[-75.44488,6.27953],[-75.44474,6.27929],[-75.44466,6.27945],[-75.44488,6.27953]],[[-75.38955,6.21828],[-75.38963,6.21805],[-75.38951,6.21799],[-75.38955,6.21828]],[[-75.43128,6.25127],[-75.43136,6.25103],[-75.43124,6.25097],[-75.43128,6.25127]],[[-75.4441,6.28349],[-75.44397,6.28339],[-75.44389,6.2836],[-75.4441,6.28349]],[[-75.387,6.21739],[-75.3871,6.21722],[-75.38689,6.21718],[-75.387,6.21739]],[[-75.43583,6.2715],[-75.43593,6.27134],[-75.43572,6.2713],[-75.43583,6.2715]],[[-75.42999,6.25091],[-75.42968,6.25076],[-75.42992,6.25099],[-75.42999,6.25091]],[[-75.45488,6.30129],[-75.45457,6.30114],[-75.4548,6.30137],[-75.45488,6.30129]],[[-75.41336,6.23125],[-75.41352,6.2311],[-75.4133,6.23104],[-75.41336,6.23125]],[[-75.44294,6.27936],[-75.4431,6.27921],[-75.44288,6.27914],[-75.44294,6.27936]],[[-75.42919,6.24982],[-75.42887,6.24968],[-75.42902,6.24991],[-75.42919,6.24982]],[[-75.44462,6.27901],[-75.4443,6.27884],[-75.44454,6.27916],[-75.44462,6.27901]],[[-75.44347,6.28249],[-75.44334,6.2824],[-75.44322,6.2827],[-75.44347,6.28249]],[[-75.39473,6.22362],[-75.39489,6.22348],[-75.39458,6.2234],[-75.39473,6.22362]],[[-75.44628,6.28143],[-75.44644,6.28129],[-75.44613,6.28121],[-75.44628,6.28143]],[[-75.38974,6.21793],[-75.38991,6.21779],[-75.38969,6.21762],[-75.38974,6.21793]],[[-75.43458,6.26816],[-75.43475,6.26791],[-75.43454,6.26786],[-75.43458,6.26816]],[[-75.3862,6.2159],[-75.38578,6.2158],[-75.38604,6.21604],[-75.3862,6.2159]],[[-75.44559,6.27783],[-75.44607,6.27783],[-75.44549,6.27769],[-75.44559,6.27783]],[[-75.42519,6.24432],[-75.42487,6.24391],[-75.42494,6.24422],[-75.42519,6.24432]],[[-75.40683,6.22849],[-75.40614,6.22831],[-75.40635,6.22848],[-75.40683,6.22849]],[[-75.43988,6.25694],[-75.44014,6.25704],[-75.43984,6.25673],[-75.43988,6.25694]],[[-75.45526,6.30035],[-75.45513,6.30026],[-75.45517,6.30075],[-75.45526,6.30035]],[[-75.43692,6.26851],[-75.4371,6.26843],[-75.43688,6.26804],[-75.43692,6.26851]],[[-75.44005,6.25615],[-75.44041,6.25618],[-75.44002,6.25592],[-75.44005,6.25615]],[[-75.44407,6.27836],[-75.44361,6.27775],[-75.44347,6.27791],[-75.44407,6.27836]],[[-75.4411,6.2758],[-75.44145,6.27587],[-75.44106,6.27562],[-75.4411,6.2758]],[[-75.39082,6.22095],[-75.3908,6.22056],[-75.3906,6.22052],[-75.39082,6.22095]],[[-75.4549,6.29965],[-75.45507,6.29973],[-75.45485,6.29909],[-75.4549,6.29965]],[[-75.40346,6.22702],[-75.40275,6.22652],[-75.40251,6.22659],[-75.40346,6.22702]],[[-75.40767,6.22891],[-75.40718,6.22903],[-75.408,6.22903],[-75.40767,6.22891]],[[-75.44403,6.28111],[-75.44433,6.28126],[-75.44425,6.2809],[-75.44403,6.28111]],[[-75.43637,6.27096],[-75.43576,6.27037],[-75.43603,6.27086],[-75.43637,6.27096]],[[-75.44153,6.28032],[-75.44192,6.28011],[-75.44143,6.27996],[-75.44153,6.28032]],[[-75.39261,6.22226],[-75.39183,6.22176],[-75.39203,6.22214],[-75.39261,6.22226]],[[-75.41615,6.2366],[-75.41573,6.23633],[-75.41603,6.23701],[-75.41615,6.2366]],[[-75.39011,6.2201],[-75.39052,6.22036],[-75.39006,6.21988],[-75.39011,6.2201]],[[-75.3905,6.22007],[-75.39082,6.22016],[-75.39024,6.21961],[-75.3905,6.22007]],[[-75.44464,6.28131],[-75.44436,6.28144],[-75.44433,6.28198],[-75.44464,6.28131]],[[-75.3902,6.21821],[-75.38978,6.21831],[-75.38991,6.21895],[-75.3902,6.21821]],[[-75.44346,6.27738],[-75.44436,6.27749],[-75.44287,6.27697],[-75.44346,6.27738]],[[-75.39279,6.22208],[-75.39146,6.22091],[-75.39226,6.22186],[-75.39279,6.22208]],[[-75.43944,6.25652],[-75.44033,6.25644],[-75.43938,6.2561],[-75.43944,6.25652]],[[-75.38979,6.21658],[-75.3894,6.21532],[-75.38928,6.21617],[-75.38979,6.21658]],[[-75.45509,6.29801],[-75.45483,6.29839],[-75.45562,6.29854],[-75.45509,6.29801]],[[-75.45052,6.29353],[-75.44958,6.29301],[-75.44987,6.29372],[-75.45052,6.29353]],[[-75.44596,6.28309],[-75.44529,6.28331],[-75.44584,6.28426],[-75.44596,6.28309]],[[-75.38899,6.21276],[-75.38829,6.2134],[-75.38921,6.21559],[-75.38899,6.21276]],[[-75.43781,6.26576],[-75.43693,6.26527],[-75.43699,6.26727],[-75.43781,6.26576]]],[[[-75.39311,6.05204],[-75.38844,6.05063],[-75.38623,6.04683],[-75.38609,6.04262],[-75.38434,6.04091],[-75.38528,6.03988],[-75.38289136797101,6.0380098727391305],[-75.38476659260832,6.037741121782367],[-75.38977,6.04614],[-75.38963438334524,6.037874484630777],[-75.39683750473274,6.040243167850601],[-75.39506,6.04003],[-75.39249,6.04526],[-75.39467,6.0488],[-75.40008374317942,6.041668994199154],[-75.42702,6.04792],[-75.42733,6.05059],[-75.40928,6.04797],[-75.40857,6.04373],[-75.39627,6.04905],[-75.39467,6.05033],[-75.39467,6.05267],[-75.39168,6.05358],[-75.39066,6.05608],[-75.39174,6.05742],[-75.38867,6.05854],[-75.38641,6.05611],[-75.39311,6.05204]],[[-75.39041,6.05654],[-75.39049,6.05646],[-75.39038,6.05643],[-75.39041,6.05654]],[[-75.39041,6.05636],[-75.39049,6.05628],[-75.39038,6.05625],[-75.39041,6.05636]],[[-75.39048,6.04886],[-75.39056,6.04878],[-75.39045,6.04875],[-75.39048,6.04886]],[[-75.3877,6.05673],[-75.38778,6.05665],[-75.38767,6.05662],[-75.3877,6.05673]],[[-75.39365,6.0485],[-75.39373,6.04834],[-75.39361,6.04829],[-75.39365,6.0485]],[[-75.39356,6.05234],[-75.39342,6.05248],[-75.3935,6.05256],[-75.39356,6.05234]],[[-75.3865,6.04494],[-75.38635,6.0451],[-75.38643,6.04526],[-75.3865,6.04494]],[[-75.3929,6.04093],[-75.39267,6.04085],[-75.39282,6.04108],[-75.3929,6.04093]],[[-75.38696,6.04588],[-75.38709,6.04563],[-75.38692,6.04559],[-75.38696,6.04588]],[[-75.40067,6.04451],[-75.40034,6.04419],[-75.40026,6.04426],[-75.40067,6.04451]],[[-75.41743,6.04736],[-75.41758,6.0472],[-75.41727,6.04715],[-75.41743,6.04736]],[[-75.39182,6.0448],[-75.39163,6.04446],[-75.39149,6.04462],[-75.39182,6.0448]],[[-75.38807,6.05615],[-75.38785,6.05608],[-75.38774,6.05639],[-75.38807,6.05615]],[[-75.39096,6.04887],[-75.3912,6.04923],[-75.3909,6.04875],[-75.39096,6.04887]],[[-75.38666,6.04324],[-75.3865,6.04351],[-75.38672,6.04364],[-75.38666,6.04324]],[[-75.3886,6.05557],[-75.38814,6.05568],[-75.38851,6.05575],[-75.3886,6.05557]],[[-75.3903,6.0509],[-75.39048,6.0505],[-75.39027,6.05047],[-75.3903,6.0509]],[[-75.38919,6.05002],[-75.38874,6.0502],[-75.38919,6.0502],[-75.38919,6.05002]],[[-75.38959,6.04971],[-75.3904,6.04998],[-75.38998,6.04969],[-75.38959,6.04971]],[[-75.38954,6.05592],[-75.3892,6.05621],[-75.38931,6.05648],[-75.38954,6.05592]],[[-75.39291,6.04138],[-75.39239,6.04164],[-75.39267,6.04182],[-75.39291,6.04138]],[[-75.38474,6.03837],[-75.38456,6.03909],[-75.38474,6.03909],[-75.38474,6.03837]],[[-75.39055,6.05417],[-75.39007,6.05473],[-75.39103,6.05447],[-75.39055,6.05417]],[[-75.39218,6.04017],[-75.39182,6.03944],[-75.39124,6.03926],[-75.39218,6.04017]],[[-75.39387,6.04917],[-75.39349,6.04975],[-75.39344,6.0515],[-75.39387,6.04917]],[[-75.39113753036438,6.043725060728742],[-75.39112027472527,6.043690549450547],[-75.39077,6.0435],[-75.39113753036438,6.043725060728742]],[[-75.39202,6.04418],[-75.39228,6.04273],[-75.39123579781759,6.0437852357422255],[-75.39202,6.04418]]],[[[-75.39724,6.15848],[-75.3955,6.15758],[-75.39966,6.1573],[-75.39724,6.15848]]],[[[-75.40047,6.15829],[-75.40075,6.16155],[-75.39998,6.16028],[-75.40047,6.15829]]],[[[-75.40153,6.17931],[-75.40418,6.17902],[-75.40329,6.1803],[-75.40153,6.17931]]],[[[-75.39601,6.22016],[-75.39617,6.22181],[-75.39536,6.21899],[-75.39795,6.21863],[-75.39601,6.22016]],[[-75.39624,6.21971],[-75.39641,6.21962],[-75.3962,6.21924],[-75.39624,6.21971]]],[[[-75.40243,6.23472],[-75.40415,6.23976],[-75.40123378473754,6.234198811204235],[-75.40577,6.23607],[-75.40243,6.23472]]],[[[-75.38642,6.0531],[-75.38659,6.05166],[-75.38887,6.05152],[-75.38642,6.0531]]],[[[-75.39271,6.05361],[-75.39367,6.05472],[-75.39187,6.05473],[-75.39271,6.05361]]],[[[-75.39023704114958,6.160733572828216],[-75.39091,6.16356],[-75.38993178407351,6.162523208269532],[-75.38986,6.16088],[-75.38798,6.16111],[-75.39023704114958,6.160733572828216]],[[-75.39012,6.16144],[-75.39,6.16139],[-75.39004,6.1616],[-75.39012,6.16144]],[[-75.39007,6.161],[-75.39022,6.16124],[-75.3903,6.16108],[-75.39007,6.161]]],[[[-75.38937,6.21248],[-75.38471,6.21393],[-75.38441216494844,6.215319896907222],[-75.38438,6.20364],[-75.38937,6.21248]],[[-75.38596,6.21262],[-75.38628,6.21276],[-75.38618,6.21252],[-75.38596,6.21262]],[[-75.38691,6.21153],[-75.38713,6.21179],[-75.38687,6.21094],[-75.38691,6.21153]],[[-75.38537,6.21127],[-75.38574,6.21204],[-75.38583,6.21178],[-75.38537,6.21127]]],[[[-75.39193,6.21057],[-75.39269,6.21285],[-75.39076,6.21135],[-75.39193,6.21057]]],[[[-75.39388,6.21639],[-75.39357,6.21701],[-75.39104,6.21373],[-75.39388,6.21639]]],[[[-75.39276,6.23053],[-75.39654,6.22949],[-75.39815,6.23263],[-75.39637,6.23049],[-75.39466,6.23152],[-75.39656,6.23817],[-75.39276,6.23053]]],[[[-75.38694,6.23978],[-75.39075,6.24207],[-75.39453,6.23831],[-75.39083,6.24234],[-75.38694,6.23978]]],[[[-75.38271,6.06942],[-75.38191,6.07163],[-75.38127,6.07029],[-75.38271,6.06942]]],[[[-75.42628741129033,6.14695637096774],[-75.42556,6.14932],[-75.42603243620535,6.147100696487545],[-75.42511,6.14676],[-75.42321,6.14694],[-75.42153,6.14737],[-75.41597,6.15448],[-75.42257,6.16146],[-75.4227,6.17965],[-75.42243,6.17782],[-75.42081,6.17921],[-75.42213,6.18215],[-75.42572,6.18273],[-75.42221,6.18337],[-75.42071,6.18234],[-75.41923,6.17802],[-75.41566,6.1747],[-75.41647,6.17392],[-75.41585,6.16835],[-75.41453,6.16698],[-75.41613,6.16501],[-75.41172,6.15695],[-75.41320769099941,6.154010180335831],[-75.41157,6.15594],[-75.39447,6.15072],[-75.39167,6.15267],[-75.39586,6.15514],[-75.3955,6.15758],[-75.39402,6.15809],[-75.39455,6.15521],[-75.39165,6.15339],[-75.39031121680483,6.1605513587185605],[-75.39088,6.15186],[-75.38372,6.14929],[-75.37035,6.1577],[-75.37139,6.15773],[-75.3717,6.15957],[-75.36691,6.16647],[-75.3674,6.16919],[-75.37039,6.17149],[-75.37027,6.17324],[-75.37119,6.17248],[-75.37152,6.17313],[-75.37085656311963,6.176023957699942],[-75.3714,6.17645],[-75.36419,6.17545],[-75.36141,6.17846],[-75.36199,6.17788],[-75.36238,6.17908],[-75.3649,6.17933],[-75.36345,6.18039],[-75.36791,6.17808],[-75.36927,6.17952],[-75.36915,6.18121],[-75.37358,6.18222],[-75.3803,6.18807],[-75.38069,6.18713],[-75.38101,6.19226],[-75.38232,6.19513],[-75.38002,6.19806],[-75.38481,6.19868],[-75.38234,6.20255],[-75.38246,6.20427],[-75.38153,6.20296],[-75.38252,6.20453],[-75.37751,6.20365],[-75.37886,6.19943],[-75.37669,6.20261],[-75.378,6.19299],[-75.3736,6.19472],[-75.37793,6.19116],[-75.3767,6.18769],[-75.37273,6.18874],[-75.37273,6.18725],[-75.37154,6.18641],[-75.3659,6.18482],[-75.36101,6.18511],[-75.36053,6.1864],[-75.3635103773585,6.187890188679248],[-75.36273,6.18938],[-75.35555,6.19366],[-75.35211419963727,6.192246888560486],[-75.35246,6.19408],[-75.34894,6.195],[-75.35063,6.19388],[-75.34956066096824,6.192874821310148],[-75.34761,6.19322],[-75.34925,6.19295],[-75.3484,6.19508],[-75.35096,6.19626],[-75.34815,6.19584],[-75.34768707627119,6.194073767927013],[-75.3479061904231,6.196500878532808],[-75.34543,6.19288],[-75.3469,6.19427],[-75.34762,6.19278],[-75.34974208712984,6.1922727719248325],[-75.34898,6.18938],[-75.34619414459642,6.189657939170194],[-75.35108,6.17937],[-75.34745,6.17573],[-75.34426,6.17728],[-75.33808,6.17432],[-75.33463,6.17488],[-75.3348,6.17572],[-75.33255,6.17324],[-75.33078,6.17455],[-75.3319,6.17181],[-75.3283,6.16945],[-75.32197,6.16957],[-75.31834,6.16703],[-75.31571,6.15826],[-75.30761,6.15354],[-75.31757,6.15832],[-75.32012,6.16739],[-75.32372,6.16698],[-75.32416,6.16855],[-75.33037,6.16899],[-75.33116,6.16756],[-75.33786,6.17142],[-75.34388,6.17276],[-75.34516,6.17112],[-75.34672,6.17397],[-75.34979,6.17574],[-75.35276,6.17437],[-75.35125,6.17635],[-75.35237,6.17692],[-75.3529,6.18326],[-75.35397,6.18382],[-75.3595,6.18057],[-75.35894605959764,6.174726964150658],[-75.35497,6.16826],[-75.35717,6.16877],[-75.3543,6.1667],[-75.3523,6.16224],[-75.35117,6.14928],[-75.34906,6.14473],[-75.35663,6.15289],[-75.35607688641825,6.161411699081367],[-75.35821,6.17287],[-75.35834,6.17203],[-75.35882149480416,6.173025089261925],[-75.35942588336192,6.17317837621498],[-75.36088,6.17281],[-75.3611,6.173190000000003],[-75.35959,6.16166],[-75.36616,6.16074],[-75.364,6.15711],[-75.36781,6.15519],[-75.37211,6.1415],[-75.37582,6.14331],[-75.3713,6.13777],[-75.37688,6.13671],[-75.3772,6.13453],[-75.37382,6.13603],[-75.37503,6.13512],[-75.37561,6.13191],[-75.3771,6.13176],[-75.37681,6.12851],[-75.37858,6.12877],[-75.37927648203188,6.123964909483922],[-75.37775,6.12367],[-75.38183,6.12361],[-75.38291,6.1209],[-75.38127,6.11951],[-75.38235985109897,6.116928029267714],[-75.37626,6.11948],[-75.37683827683283,6.118578280192886],[-75.36925,6.1123],[-75.37727,6.11834],[-75.38055,6.11762],[-75.37786,6.11048],[-75.37917,6.10786],[-75.37881,6.10119],[-75.38029,6.1051],[-75.37854,6.11047],[-75.38093,6.11463],[-75.38859,6.10585],[-75.38641,6.10657],[-75.38494,6.10382],[-75.38782,6.10393],[-75.38755,6.10268],[-75.38873,6.10256],[-75.37991,6.08861],[-75.38101,6.08572],[-75.37993,6.08422],[-75.37981,6.07777],[-75.38348,6.07209],[-75.38454,6.05895],[-75.38232,6.05986],[-75.3725,6.05772],[-75.37512,6.0613],[-75.37166,6.05807],[-75.37081,6.05532],[-75.3783,6.05849],[-75.37946,6.05697],[-75.38641,6.05611],[-75.38799,6.06087],[-75.38656,6.0617],[-75.38511,6.06576],[-75.38576,6.07346],[-75.3819,6.07742],[-75.38507,6.07436],[-75.38293,6.09187],[-75.38693,6.0952],[-75.38866,6.10116],[-75.3908,6.10118],[-75.39301,6.09798],[-75.39664,6.0968],[-75.39744,6.09511],[-75.40358,6.09076],[-75.40386,6.09313],[-75.40396,6.09116],[-75.40719,6.08992],[-75.41557,6.07956],[-75.41247,6.08996],[-75.41123,6.08943],[-75.4092,6.09049],[-75.40805,6.09241],[-75.40723,6.09008],[-75.40527,6.09377],[-75.40116,6.09415],[-75.39883,6.09622],[-75.40428,6.0983],[-75.39841,6.09624],[-75.39831,6.09732],[-75.39771,6.09624],[-75.39217,6.0999],[-75.3902,6.10407],[-75.38967,6.10819],[-75.39057,6.10855],[-75.39499,6.1082],[-75.39588,6.10773],[-75.39788,6.106],[-75.39668,6.10793],[-75.40006,6.10771],[-75.40365,6.10318],[-75.40174,6.10571],[-75.40313,6.10597],[-75.40353,6.10825],[-75.41217,6.10542],[-75.41793,6.09818],[-75.41987,6.09738],[-75.42083,6.09456],[-75.42051,6.09715],[-75.41741,6.10048],[-75.41709,6.10292],[-75.42326,6.1091],[-75.43009,6.09805],[-75.43049465545307,6.09409015735214],[-75.43499,6.09248],[-75.4325,6.09362],[-75.43538,6.09948],[-75.4337,6.10066],[-75.43361,6.1047],[-75.43217,6.10458],[-75.4321,6.10562],[-75.43372,6.10645],[-75.4342,6.11074],[-75.43622,6.11115],[-75.43707,6.11022],[-75.435,6.11279],[-75.43667,6.11253],[-75.43554,6.11547],[-75.43288,6.11769],[-75.43416298932904,6.116895345709693],[-75.43427,6.11701],[-75.43577,6.1159],[-75.4434,6.118],[-75.44591,6.12107],[-75.44849,6.11763],[-75.45469,6.11554],[-75.45103059334731,6.116968061132753],[-75.44282,6.13554],[-75.44988,6.14068],[-75.43593,6.13845],[-75.43155,6.14624],[-75.42628741129033,6.14695637096774]],[[-75.41342,6.15376],[-75.41331730452961,6.153793573519164],[-75.41320769099941,6.154010180335831],[-75.41342,6.15376]],[[-75.41423,6.15199],[-75.41302,6.15302],[-75.41186,6.15427],[-75.41331730452961,6.153793573519164],[-75.41423,6.15199]],[[-75.41134,6.1483],[-75.40986413131685,6.1483427788024105],[-75.41302,6.15302],[-75.41134,6.1483]],[[-75.40908699298235,6.148065955016594],[-75.40927,6.14836],[-75.40986413131685,6.1483427788024105],[-75.40908699298235,6.148065955016594]],[[-75.40838,6.14693],[-75.40502,6.1486],[-75.4082,6.14775],[-75.40908699298235,6.148065955016594],[-75.40838,6.14693]],[[-75.35214132856132,6.191606645952973],[-75.35183,6.19213],[-75.35211419963727,6.192246888560486],[-75.35214132856132,6.191606645952973]],[[-75.35299,6.19018],[-75.35222,6.18975],[-75.35214132856132,6.191606645952973],[-75.35299,6.19018]],[[-75.36153,6.17499],[-75.35901,6.17461],[-75.35894605959764,6.174726964150658],[-75.36153,6.17499]],[[-75.38074,6.12441],[-75.37928,6.12395],[-75.37927648203188,6.123964909483922],[-75.38074,6.12441]],[[-75.38173,6.11872],[-75.38185756834532,6.118814358404181],[-75.38175688686337,6.11864350498027],[-75.38173,6.11872]],[[-75.38334,6.12133],[-75.38566,6.12063],[-75.38298,6.12185],[-75.3823,6.12423],[-75.38359,6.12532],[-75.3849,6.12444],[-75.3839,6.12245],[-75.38562,6.12285],[-75.3873,6.12078],[-75.38185756834532,6.118814358404181],[-75.38334,6.12133]],[[-75.4021363538254,6.093083594141453],[-75.402,6.09324],[-75.40260611650486,6.093096241598208],[-75.4021363538254,6.093083594141453]],[[-75.40302,6.09207],[-75.40126,6.09306],[-75.4021363538254,6.093083594141453],[-75.40302,6.09207]],[[-75.36055,6.17942],[-75.36416,6.17462],[-75.35956,6.17796],[-75.3601,6.18167],[-75.36055,6.17942]],[[-75.36425495409934,6.174653781546269],[-75.3631396721702,6.176145899349069],[-75.36438,6.17473],[-75.36425495409934,6.174653781546269]],[[-75.37386632712357,6.139984181621374],[-75.3742262993572,6.140459144985209],[-75.37457,6.14017],[-75.37386632712357,6.139984181621374]],[[-75.38288532300555,6.116059417875159],[-75.38248756225562,6.116716921187094],[-75.38452,6.11744],[-75.38288532300555,6.116059417875159]],[[-75.38594,6.11101],[-75.38316519884661,6.115596779737894],[-75.38491,6.11495],[-75.38594,6.11101]],[[-75.39109,6.11101],[-75.38878,6.11062],[-75.38861,6.10969],[-75.38659,6.11272],[-75.38807,6.11385],[-75.39109,6.11101]],[[-75.38862,6.10796],[-75.3888658701724,6.1100371790426715],[-75.38920215558105,6.107754731269113],[-75.38862,6.10796]],[[-75.42893,6.10584],[-75.42865,6.10381],[-75.42783,6.10485],[-75.42893,6.10584]],[[-75.43256,6.12091],[-75.43303,6.12066],[-75.43198,6.12025],[-75.43256,6.12091]],[[-75.41973,6.13234],[-75.41891712973408,6.131706597904915],[-75.41883,6.13176],[-75.41973,6.13234]],[[-75.41803,6.13128],[-75.41717,6.13345],[-75.41883,6.13176],[-75.41803,6.13128]],[[-75.42085,6.178212530612242],[-75.42121,6.17869],[-75.42136143023609,6.1785820128644335],[-75.42085,6.178212530612242]],[[-75.42080208530805,6.1781779146919416],[-75.4206883440198,6.178095742414298],[-75.42077992771084,6.1782000722891555],[-75.42080208530805,6.1781779146919416]],[[-75.41927,6.17648],[-75.41949,6.17723],[-75.4206883440198,6.178095742414298],[-75.41927,6.17648]],[[-75.40711289825282,6.130037153134639],[-75.40435,6.13148],[-75.40563,6.13574],[-75.40891,6.13652],[-75.41066,6.13472],[-75.40498,6.13159],[-75.40826,6.13076],[-75.41203,6.1245],[-75.40739,6.12965],[-75.40298,6.12926],[-75.40711289825282,6.130037153134639]],[[-75.40394,6.13148],[-75.40384,6.13044],[-75.40368,6.13139],[-75.40394,6.13148]],[[-75.38675922582588,6.120135634099809],[-75.3875,6.11983],[-75.38616,6.11976],[-75.38675922582588,6.120135634099809]],[[-75.36457,6.17161],[-75.36446,6.17158],[-75.3645,6.17169],[-75.36457,6.17161]],[[-75.38944,6.10845],[-75.38933,6.10842],[-75.38936,6.10853],[-75.38944,6.10845]],[[-75.38688,6.13042],[-75.38677,6.13039],[-75.3868,6.1305],[-75.38688,6.13042]],[[-75.38811,6.11957],[-75.388,6.11954],[-75.38803,6.11965],[-75.38811,6.11957]],[[-75.39161,6.11025],[-75.3915,6.11022],[-75.39153,6.11033],[-75.39161,6.11025]],[[-75.3915,6.13954],[-75.39139,6.13951],[-75.39143,6.13962],[-75.3915,6.13954]],[[-75.38166,6.14056],[-75.38155,6.14053],[-75.38158,6.14064],[-75.38166,6.14056]],[[-75.38751,6.13133],[-75.3874,6.1313],[-75.38743,6.13141],[-75.38751,6.13133]],[[-75.38906,6.1353],[-75.38895,6.13527],[-75.38898,6.13538],[-75.38906,6.1353]],[[-75.38697,6.13024],[-75.38686,6.13021],[-75.38689,6.13032],[-75.38697,6.13024]],[[-75.39126,6.15102],[-75.39115,6.15099],[-75.39118,6.1511],[-75.39126,6.15102]],[[-75.38953,6.10863],[-75.38942,6.1086],[-75.38945,6.10871],[-75.38953,6.10863]],[[-75.39603,6.10789],[-75.39592,6.10786],[-75.39595,6.10797],[-75.39603,6.10789]],[[-75.3882,6.11939],[-75.38809,6.11936],[-75.38812,6.11947],[-75.3882,6.11939]],[[-75.38944,6.10827],[-75.38933,6.10824],[-75.38936,6.10835],[-75.38944,6.10827]],[[-75.40286,6.1293],[-75.40275,6.12927],[-75.40278,6.12938],[-75.40286,6.1293]],[[-75.41637,6.15096],[-75.41626,6.15093],[-75.41629,6.15104],[-75.41637,6.15096]],[[-75.40171,6.14087],[-75.4016,6.14084],[-75.40164,6.14095],[-75.40171,6.14087]],[[-75.40438,6.14947],[-75.40434397044446,6.1495015001257105],[-75.40444822882097,6.149625767685599],[-75.40438,6.14947]],[[-75.40544,6.15189],[-75.40526,6.15117],[-75.40493,6.1502],[-75.40444822882097,6.149625767685599],[-75.40544,6.15189]],[[-75.40394,6.14902],[-75.4015,6.15067],[-75.40263,6.151],[-75.40394,6.14902]],[[-75.41747,6.12257],[-75.41736,6.12254],[-75.4174,6.12265],[-75.41747,6.12257]],[[-75.41099,6.12847],[-75.41088,6.12843],[-75.41091,6.12854],[-75.41099,6.12847]],[[-75.41368,6.15802],[-75.41357,6.15799],[-75.4136,6.1581],[-75.41368,6.15802]],[[-75.41484,6.15088],[-75.41473,6.15084],[-75.41476,6.15096],[-75.41484,6.15088]],[[-75.41969,6.17636],[-75.41958,6.17633],[-75.41961,6.17644],[-75.41969,6.17636]],[[-75.42799,6.10166],[-75.42788,6.10163],[-75.42791,6.10174],[-75.42799,6.10166]],[[-75.42692,6.1061],[-75.42681,6.10607],[-75.42684,6.10618],[-75.42692,6.1061]],[[-75.41702,6.12294],[-75.41691,6.12291],[-75.41695,6.12302],[-75.41702,6.12294]],[[-75.41996,6.17627],[-75.41985,6.17624],[-75.41988,6.17635],[-75.41996,6.17627]],[[-75.41828,6.1214],[-75.41817,6.12137],[-75.41821,6.12148],[-75.41828,6.1214]],[[-75.43977,6.11854],[-75.43966,6.11851],[-75.43969,6.11862],[-75.43977,6.11854]],[[-75.4348,6.11729],[-75.43469,6.11726],[-75.43472,6.11737],[-75.4348,6.11729]],[[-75.39318,6.11993],[-75.39297,6.11989],[-75.39302,6.12001],[-75.39318,6.11993]],[[-75.40129,6.14884],[-75.40108,6.1488],[-75.40113,6.14891],[-75.40129,6.14884]],[[-75.41877,6.16949],[-75.41857,6.16946],[-75.41862,6.16957],[-75.41877,6.16949]],[[-75.43189,6.10637],[-75.43177,6.10632],[-75.43181,6.10653],[-75.43189,6.10637]],[[-75.43,6.10837],[-75.42988,6.10832],[-75.42992,6.10852],[-75.43,6.10837]],[[-75.36313,6.16784],[-75.36301,6.16779],[-75.36305,6.16799],[-75.36313,6.16784]],[[-75.38881,6.14382],[-75.38869,6.14377],[-75.38873,6.14397],[-75.38881,6.14382]],[[-75.38032,6.14275],[-75.3802,6.1427],[-75.38024,6.14291],[-75.38032,6.14275]],[[-75.38704,6.11941],[-75.38692,6.11936],[-75.38696,6.11957],[-75.38704,6.11941]],[[-75.41397,6.12495],[-75.41385,6.1249],[-75.41388,6.12511],[-75.41397,6.12495]],[[-75.41847,6.12105],[-75.41835,6.121],[-75.41839,6.12121],[-75.41847,6.12105]],[[-75.41934,6.17755],[-75.41922,6.1775],[-75.41926,6.17771],[-75.41934,6.17755]],[[-75.43004,6.14318],[-75.43018,6.14332],[-75.43026,6.14324],[-75.43004,6.14318]],[[-75.41794,6.12312],[-75.41764,6.12308],[-75.4177,6.1232],[-75.41794,6.12312]],[[-75.43268,6.09597],[-75.43238,6.09593],[-75.43244,6.09604],[-75.43268,6.09597]],[[-75.3775,6.12894],[-75.37734,6.12902],[-75.37766,6.12909],[-75.3775,6.12894]],[[-75.41363,6.15441],[-75.41378,6.15449],[-75.41386,6.15426],[-75.41363,6.15441]],[[-75.41136,6.15413],[-75.4116,6.15398],[-75.41144,6.1539],[-75.41136,6.15413]],[[-75.38854,6.14175],[-75.38842,6.14169],[-75.38846,6.14199],[-75.38854,6.14175]],[[-75.38583,6.14158],[-75.38571,6.14151],[-75.38575,6.14181],[-75.38583,6.14158]],[[-75.41485,6.15344],[-75.41473,6.15338],[-75.41477,6.15367],[-75.41485,6.15344]],[[-75.42163,6.11898],[-75.42151,6.11892],[-75.42155,6.11921],[-75.42163,6.11898]],[[-75.43969,6.11821],[-75.43957,6.11815],[-75.43961,6.11844],[-75.43969,6.11821]],[[-75.41154,6.12855],[-75.41133,6.12843],[-75.41137,6.12864],[-75.41154,6.12855]],[[-75.41182,6.13633],[-75.41162,6.1363],[-75.41165,6.13649],[-75.41182,6.13633]],[[-75.36583,6.1624],[-75.36562,6.16236],[-75.36573,6.16256],[-75.36583,6.1624]],[[-75.39401,6.12599],[-75.3938,6.12595],[-75.39391,6.12615],[-75.39401,6.12599]],[[-75.43103,6.11885],[-75.43081,6.1188],[-75.43093,6.11901],[-75.43103,6.11885]],[[-75.43315,6.10293],[-75.43294,6.10289],[-75.43305,6.10309],[-75.43315,6.10293]],[[-75.39241,6.1195],[-75.39264,6.11973],[-75.39272,6.11965],[-75.39241,6.1195]],[[-75.3855,6.11446],[-75.38528,6.11439],[-75.38534,6.11461],[-75.3855,6.11446]],[[-75.42243,6.1129],[-75.42204,6.11286],[-75.42211,6.11298],[-75.42243,6.1129]],[[-75.38475,6.13186],[-75.38508,6.13171],[-75.38485,6.13163],[-75.38475,6.13186]],[[-75.36195,6.1647],[-75.36183,6.16463],[-75.36187,6.16502],[-75.36195,6.1647]],[[-75.43073,6.10685],[-75.4306,6.10678],[-75.43064,6.10717],[-75.43073,6.10685]],[[-75.36198,6.16413],[-75.36206,6.16429],[-75.36222,6.16388],[-75.36198,6.16413]],[[-75.4269,6.10805],[-75.42678,6.10835],[-75.42703,6.10815],[-75.4269,6.10805]],[[-75.41923,6.14595],[-75.41911,6.14625],[-75.41936,6.14605],[-75.41923,6.14595]],[[-75.40358,6.13632],[-75.40349,6.13653],[-75.4038,6.13637],[-75.40358,6.13632]],[[-75.41978,6.14857],[-75.41969,6.14879],[-75.42,6.14863],[-75.41978,6.14857]],[[-75.43509,6.11881],[-75.43488,6.1187],[-75.43491,6.11897],[-75.43509,6.11881]],[[-75.42861,6.11152],[-75.42869,6.1116],[-75.42884,6.11119],[-75.42861,6.11152]],[[-75.42586,6.1083],[-75.42564,6.10815],[-75.42572,6.10846],[-75.42586,6.1083]],[[-75.43145,6.10566],[-75.43123,6.10551],[-75.43131,6.10582],[-75.43145,6.10566]],[[-75.41831,6.12341],[-75.41809,6.12326],[-75.41817,6.12357],[-75.41831,6.12341]],[[-75.39992,6.14066],[-75.3998,6.14058],[-75.39984,6.14106],[-75.39992,6.14066]],[[-75.38011,6.12624],[-75.37989,6.12607],[-75.37994,6.12637],[-75.38011,6.12624]],[[-75.36975,6.17112],[-75.36943,6.17103],[-75.3695,6.17124],[-75.36975,6.17112]],[[-75.40324,6.12954],[-75.40293,6.12945],[-75.403,6.12966],[-75.40324,6.12954]],[[-75.4309,6.11763],[-75.43084,6.11802],[-75.43101,6.11768],[-75.4309,6.11763]],[[-75.40096,6.13461],[-75.4009,6.135],[-75.40107,6.13466],[-75.40096,6.13461]],[[-75.38677,6.11374],[-75.38654,6.11367],[-75.38664,6.11398],[-75.38677,6.11374]],[[-75.41317,6.15711],[-75.4135,6.15677],[-75.41342,6.15661],[-75.41317,6.15711]],[[-75.39272,6.14167],[-75.39288,6.14181],[-75.39306,6.14148],[-75.39272,6.14167]],[[-75.36232,6.16669],[-75.3621,6.16652],[-75.36221,6.16692],[-75.36232,6.16669]],[[-75.43878,6.128],[-75.43866,6.1283],[-75.439,6.12806],[-75.43878,6.128]],[[-75.44006,6.1189],[-75.43975,6.11869],[-75.43983,6.11897],[-75.44006,6.1189]],[[-75.37854,6.13343],[-75.37868,6.13352],[-75.37876,6.13328],[-75.37854,6.13343]],[[-75.4156,6.15098],[-75.41581,6.15105],[-75.41602,6.15088],[-75.4156,6.15098]],[[-75.41869,6.12096],[-75.4189,6.12103],[-75.4191,6.12086],[-75.41869,6.12096]],[[-75.41334,6.13738],[-75.41323,6.13769],[-75.41356,6.13745],[-75.41334,6.13738]],[[-75.41559,6.16263],[-75.4153,6.16223],[-75.41534,6.16252],[-75.41559,6.16263]],[[-75.43387,6.11455],[-75.4338,6.11503],[-75.434,6.11463],[-75.43387,6.11455]],[[-75.40288,6.13148],[-75.40248,6.13144],[-75.40262,6.13165],[-75.40288,6.13148]],[[-75.41595,6.15335],[-75.41573,6.15328],[-75.41584,6.15368],[-75.41595,6.15335]],[[-75.41849,6.12218],[-75.41836,6.12209],[-75.4184,6.12275],[-75.41849,6.12218]],[[-75.42001,6.17618],[-75.42059,6.17593],[-75.42044,6.17584],[-75.42001,6.17618]],[[-75.36165,6.1639],[-75.36146,6.16421],[-75.36187,6.16398],[-75.36165,6.1639]],[[-75.42232,6.11665],[-75.42213,6.11696],[-75.42254,6.11673],[-75.42232,6.11665]],[[-75.41494,6.15278],[-75.41464,6.15238],[-75.41468,6.15258],[-75.41494,6.15278]],[[-75.40319,6.13138],[-75.40333,6.13147],[-75.40346,6.1312],[-75.40319,6.13138]],[[-75.38939,6.11553],[-75.38917,6.11538],[-75.38929,6.11586],[-75.38939,6.11553]],[[-75.39163,6.1394],[-75.39176,6.13987],[-75.39196,6.1399],[-75.39163,6.1394]],[[-75.40673,6.15213],[-75.40642,6.15204],[-75.40675,6.15243],[-75.40673,6.15213]],[[-75.4214,6.17395],[-75.42102,6.17379],[-75.42104,6.17395],[-75.4214,6.17395]],[[-75.39833,6.13253],[-75.39827,6.13311],[-75.39845,6.13262],[-75.39833,6.13253]],[[-75.42083,6.16237],[-75.42059,6.16247],[-75.42119,6.1627],[-75.42083,6.16237]],[[-75.43553,6.11302],[-75.43531,6.11291],[-75.43535,6.11325],[-75.43553,6.11302]],[[-75.43293,6.10188],[-75.43273,6.10204],[-75.43332,6.1021],[-75.43293,6.10188]],[[-75.36494,6.16233],[-75.36502,6.16206],[-75.36466,6.16205],[-75.36494,6.16233]],[[-75.40253,6.13201],[-75.40261,6.13177],[-75.40233,6.13177],[-75.40253,6.13201]],[[-75.43132,6.14489],[-75.43141,6.14505],[-75.43173,6.14484],[-75.43132,6.14489]],[[-75.36271,6.16912],[-75.3628,6.16968],[-75.36304,6.16981],[-75.36271,6.16912]],[[-75.40224,6.14039],[-75.40197,6.14079],[-75.40237,6.14049],[-75.40224,6.14039]],[[-75.42029,6.1785],[-75.42009,6.17864],[-75.42078,6.1787],[-75.42029,6.1785]],[[-75.42171,6.14539],[-75.42139,6.14495],[-75.42144,6.14532],[-75.42171,6.14539]],[[-75.42009,6.17649],[-75.4202,6.17673],[-75.42051,6.1763],[-75.42009,6.17649]],[[-75.40975,6.10936],[-75.40971,6.10976],[-75.40996,6.10941],[-75.40975,6.10936]],[[-75.38013,6.14339],[-75.38058,6.14346],[-75.38049,6.14328],[-75.38013,6.14339]],[[-75.42318,6.11048],[-75.42371,6.11046],[-75.4237,6.11026],[-75.42318,6.11048]],[[-75.39574,6.10804],[-75.39546,6.10832],[-75.39597,6.10826],[-75.39574,6.10804]],[[-75.43307,6.10717],[-75.43277,6.10668],[-75.43281,6.10695],[-75.43307,6.10717]],[[-75.40984,6.12561],[-75.41016,6.12576],[-75.41027,6.12554],[-75.40984,6.12561]],[[-75.42041,6.11523],[-75.42057,6.11534],[-75.42059,6.11474],[-75.42041,6.11523]],[[-75.42863,6.11094],[-75.42831,6.11144],[-75.42876,6.11105],[-75.42863,6.11094]],[[-75.42609,6.10815],[-75.42594,6.10855],[-75.42631,6.10822],[-75.42609,6.10815]],[[-75.39952,6.1416],[-75.39967,6.14169],[-75.39983,6.14128],[-75.39952,6.1416]],[[-75.39021,6.13635],[-75.38979,6.13667],[-75.39034,6.13646],[-75.39021,6.13635]],[[-75.38166,6.12594],[-75.38173,6.12575],[-75.38128,6.12585],[-75.38166,6.12594]],[[-75.43051,6.14195],[-75.43048,6.14243],[-75.43072,6.14199],[-75.43051,6.14195]],[[-75.42155,6.11663],[-75.42105,6.11611],[-75.42134,6.11661],[-75.42155,6.11663]],[[-75.41284,6.13773],[-75.41292,6.1375],[-75.41247,6.13752],[-75.41284,6.13773]],[[-75.41623,6.10103],[-75.41612,6.1017],[-75.41635,6.10113],[-75.41623,6.10103]],[[-75.36351,6.17108],[-75.3636,6.17062],[-75.36332,6.17055],[-75.36351,6.17108]],[[-75.41299,6.12584],[-75.41307,6.12534],[-75.4128,6.12532],[-75.41299,6.12584]],[[-75.42483,6.11168],[-75.42464,6.11198],[-75.42532,6.11172],[-75.42483,6.11168]],[[-75.3807,6.14262],[-75.38038,6.14252],[-75.3806,6.14319],[-75.3807,6.14262]],[[-75.41421,6.15173],[-75.41459,6.15226],[-75.41433,6.15161],[-75.41421,6.15173]],[[-75.41563,6.1513],[-75.41569,6.15151],[-75.4162,6.15108],[-75.41563,6.1513]],[[-75.4318,6.09398],[-75.43216,6.09406],[-75.43241,6.09372],[-75.4318,6.09398]],[[-75.43297,6.09899],[-75.4323,6.09882],[-75.43236,6.09904],[-75.43297,6.09899]],[[-75.42682,6.13029],[-75.42632,6.12966],[-75.42649,6.13022],[-75.42682,6.13029]],[[-75.40145,6.15097],[-75.40149,6.15191],[-75.40158,6.15107],[-75.40145,6.15097]],[[-75.41438,6.12422],[-75.41509,6.12386],[-75.41473,6.12377],[-75.41438,6.12422]],[[-75.4342,6.12179],[-75.43335,6.12142],[-75.43357,6.1217],[-75.4342,6.12179]],[[-75.41433,6.138],[-75.41406,6.13792],[-75.41422,6.13847],[-75.41433,6.138]],[[-75.3628,6.16655],[-75.36297,6.16664],[-75.36304,6.16595],[-75.3628,6.16655]],[[-75.44758,6.11885],[-75.44777,6.11898],[-75.44819,6.11854],[-75.44758,6.11885]],[[-75.38421,6.13209],[-75.38453,6.13204],[-75.38466,6.13143],[-75.38421,6.13209]],[[-75.42168,6.18242],[-75.42131,6.1812],[-75.42136,6.18204],[-75.42168,6.18242]],[[-75.43795,6.12132],[-75.43729,6.12185],[-75.43808,6.12142],[-75.43795,6.12132]],[[-75.38946,6.14256],[-75.38905,6.1425],[-75.38874,6.14282],[-75.38946,6.14256]],[[-75.37918,6.13177],[-75.37892,6.13272],[-75.37949,6.13183],[-75.37918,6.13177]],[[-75.36343,6.16255],[-75.36306,6.16329],[-75.36411,6.16207],[-75.36343,6.16255]],[[-75.43942,6.11759],[-75.43922,6.11787],[-75.43946,6.11864],[-75.43942,6.11759]],[[-75.39949,6.14036],[-75.39979,6.14052],[-75.39966,6.13986],[-75.39949,6.14036]],[[-75.36491,6.17049],[-75.3648,6.1712],[-75.36521,6.1707],[-75.36491,6.17049]],[[-75.43013,6.09828],[-75.42993,6.09913],[-75.43034,6.0984],[-75.43013,6.09828]],[[-75.39397,6.14118],[-75.39325,6.14127],[-75.39423,6.1414],[-75.39397,6.14118]],[[-75.38677,6.13057],[-75.3867,6.13157],[-75.38698,6.13077],[-75.38677,6.13057]],[[-75.43329,6.09927],[-75.4332,6.09953],[-75.43459,6.09954],[-75.43329,6.09927]],[[-75.43011,6.1061],[-75.43054,6.10618],[-75.43108,6.10583],[-75.43011,6.1061]],[[-75.4308,6.09536],[-75.43106,6.09561],[-75.43133,6.09486],[-75.4308,6.09536]],[[-75.43452,6.11943],[-75.43366,6.1199],[-75.43474,6.11949],[-75.43452,6.11943]],[[-75.43243,6.11681],[-75.43229,6.11758],[-75.43265,6.11697],[-75.43243,6.11681]],[[-75.38715,6.11956],[-75.38765,6.11967],[-75.38794,6.11916],[-75.38715,6.11956]],[[-75.3861,6.14245],[-75.38674,6.14248],[-75.38584,6.14211],[-75.3861,6.14245]],[[-75.36414,6.16954],[-75.36328,6.16842],[-75.36336,6.1687],[-75.36414,6.16954]],[[-75.40997,6.12808],[-75.41011,6.12875],[-75.41046,6.12845],[-75.40997,6.12808]],[[-75.42447,6.10924],[-75.4237,6.10988],[-75.42487,6.10929],[-75.42447,6.10924]],[[-75.41543,6.1535],[-75.41559,6.15334],[-75.41477,6.15306],[-75.41543,6.1535]],[[-75.41079,6.12807],[-75.41182,6.12839],[-75.41084,6.12785],[-75.41079,6.12807]],[[-75.41872,6.10735],[-75.41832,6.10708],[-75.41819,6.10757],[-75.41872,6.10735]],[[-75.43395,6.11705],[-75.43472,6.11838],[-75.43463,6.11759],[-75.43395,6.11705]],[[-75.4144,6.15865],[-75.41375,6.15772],[-75.41384,6.15822],[-75.4144,6.15865]],[[-75.40274,6.10627],[-75.40283,6.10601],[-75.40186,6.10617],[-75.40274,6.10627]],[[-75.43183,6.14165],[-75.43066,6.14141],[-75.43118,6.14154],[-75.43183,6.14165]],[[-75.41673,6.1578],[-75.41649,6.1592],[-75.41693,6.15785],[-75.41673,6.1578]],[[-75.42168,6.17817],[-75.42186,6.17701],[-75.42153,6.17763],[-75.42168,6.17817]],[[-75.42129,6.11814],[-75.42167,6.11877],[-75.42168,6.11762],[-75.42129,6.11814]],[[-75.42624,6.11147],[-75.42804,6.11146],[-75.42669,6.11127],[-75.42624,6.11147]],[[-75.40329,6.15175],[-75.4023,6.1521],[-75.40321,6.15237],[-75.40329,6.15175]],[[-75.43971,6.12117],[-75.43818,6.1214],[-75.43959,6.12144],[-75.43971,6.12117]],[[-75.43387,6.12289],[-75.43409,6.12203],[-75.43334,6.12181],[-75.43387,6.12289]],[[-75.39154,6.15266],[-75.39119,6.1514],[-75.39065,6.1515],[-75.39154,6.15266]],[[-75.4189,6.17364],[-75.4192,6.17437],[-75.41923,6.17288],[-75.4189,6.17364]],[[-75.38085,6.14966],[-75.38073,6.15079],[-75.38125,6.14994],[-75.38085,6.14966]],[[-75.42202,6.17279],[-75.42159,6.1724],[-75.42049,6.17256],[-75.42202,6.17279]],[[-75.42088,6.11896],[-75.4211,6.11837],[-75.42085,6.11744],[-75.42088,6.11896]],[[-75.42242,6.17618],[-75.42244,6.1742],[-75.42215,6.17518],[-75.42242,6.17618]],[[-75.41497,6.12257],[-75.41709,6.12239],[-75.41725,6.12187],[-75.41497,6.12257]],[[-75.43042,6.12351],[-75.43102,6.12463],[-75.43088,6.1233],[-75.43042,6.12351]],[[-75.4153,6.12316],[-75.41507,6.12368],[-75.41678,6.123],[-75.4153,6.12316]],[[-75.41072,6.1346],[-75.41153,6.1357],[-75.41115,6.13446],[-75.41072,6.1346]],[[-75.43163,6.10366],[-75.43299,6.10342],[-75.43234,6.10287],[-75.43163,6.10366]],[[-75.41559,6.15174],[-75.41604,6.15322],[-75.41627,6.15283],[-75.41559,6.15174]],[[-75.42934,6.1254],[-75.43081,6.12598],[-75.43139,6.12509],[-75.42934,6.1254]],[[-75.37937,6.14793],[-75.37874,6.14746],[-75.37895,6.14903],[-75.37937,6.14793]],[[-75.3795,6.14967],[-75.37919,6.15046],[-75.38044,6.15077],[-75.3795,6.14967]],[[-75.41218,6.12435],[-75.41247,6.12488],[-75.41485,6.12251],[-75.41218,6.12435]],[[-75.41814,6.165],[-75.41711,6.16476],[-75.41717,6.16662],[-75.41814,6.165]],[[-75.38686,6.11591],[-75.3876,6.1146],[-75.38688,6.11404],[-75.38686,6.11591]],[[-75.38342,6.14802],[-75.38162,6.14807],[-75.38291,6.14932],[-75.38342,6.14802]],[[-75.38048,6.145],[-75.38113,6.14445],[-75.38108713606736,6.144417952199894],[-75.38048,6.145]],[[-75.38169,6.14384],[-75.38006,6.14365],[-75.38108713606736,6.144417952199894],[-75.38169,6.14384]],[[-75.38704,6.13003],[-75.38694,6.12891],[-75.38506,6.13132],[-75.38704,6.13003]],[[-75.41076,6.14371],[-75.40946,6.142],[-75.4098,6.14377],[-75.41076,6.14371]],[[-75.39851,6.13022],[-75.39993,6.12915],[-75.3982,6.12934],[-75.39851,6.13022]],[[-75.41754,6.11889],[-75.41921,6.11997],[-75.41901,6.11849],[-75.41754,6.11889]],[[-75.39093787596899,6.109665705426357],[-75.39057525444767,6.109836350848158],[-75.39143,6.1107],[-75.39093787596899,6.109665705426357]],[[-75.39103277080957,6.109621049030786],[-75.39084,6.10946],[-75.39093787596899,6.109665705426357],[-75.39103277080957,6.109621049030786]],[[-75.39163,6.11012],[-75.39246,6.10917],[-75.39103277080957,6.109621049030786],[-75.39163,6.11012]],[[-75.38942,6.10905],[-75.39044,6.1099],[-75.39057525444767,6.109836350848158],[-75.38942,6.10905]],[[-75.38973844108808,6.108990820682746],[-75.39055,6.10884],[-75.38951,6.10876],[-75.38973844108808,6.108990820682746]],[[-75.3921702425876,6.1090857681940705],[-75.39282,6.10878],[-75.3916,6.10892],[-75.3921702425876,6.1090857681940705]],[[-75.41482,6.14812],[-75.4144,6.14792],[-75.41486,6.15017],[-75.41482,6.14812]],[[-75.37788,6.14963],[-75.3744,6.1507],[-75.3778,6.15053],[-75.37788,6.14963]],[[-75.3673771609452,6.157745703116341],[-75.36669244522348,6.161623385918784],[-75.36745,6.15783],[-75.3673771609452,6.157745703116341]],[[-75.3679,6.15556],[-75.36656,6.1568],[-75.3673771609452,6.157745703116341],[-75.3679,6.15556]],[[-75.36587,6.16373],[-75.36354,6.16399],[-75.3637717550742,6.1677838410370125],[-75.36531,6.16746],[-75.36669244522348,6.161623385918784],[-75.36587,6.16373]],[[-75.3636,6.16782],[-75.36425,6.16927],[-75.3637717550742,6.1677838410370125],[-75.3636,6.16782]],[[-75.42907,6.10899],[-75.42983,6.1077],[-75.4288,6.10715],[-75.42823,6.10854],[-75.42907,6.10899]],[[-75.41739,6.1738],[-75.4181,6.17221],[-75.41701,6.17326],[-75.41725,6.17511],[-75.42088,6.17553],[-75.41739,6.1738]],[[-75.42063,6.14632],[-75.41883,6.1472],[-75.41693,6.14592],[-75.41942,6.14837],[-75.42063,6.14632]],[[-75.4279373803103,6.130950291887433],[-75.4268,6.12944],[-75.42775,6.13111],[-75.4279373803103,6.130950291887433]],[[-75.42802,6.13106],[-75.4285269281682,6.130447808059177],[-75.4279373803103,6.130950291887433],[-75.42802,6.13106]],[[-75.43012,6.12909],[-75.4292,6.1255],[-75.4285269281682,6.130447808059177],[-75.43012,6.12909]],[[-75.38312,6.14364],[-75.38347,6.14337],[-75.38263,6.13926],[-75.38312,6.14364]],[[-75.41577,6.13569],[-75.41482,6.13475],[-75.41207,6.1358],[-75.41577,6.13569]],[[-75.42181213166525,6.162765175108305],[-75.42176,6.16164],[-75.42004,6.16136],[-75.42181213166525,6.162765175108305]],[[-75.42181854267217,6.162903546007456],[-75.42202,6.16293],[-75.42181213166525,6.162765175108305],[-75.42181854267217,6.162903546007456]],[[-75.42004,6.16267],[-75.42188,6.16423],[-75.42181854267217,6.162903546007456],[-75.42004,6.16267]],[[-75.38125529116978,6.135445964456413],[-75.38133,6.1352],[-75.38123122029032,6.135105171478701],[-75.38125529116978,6.135445964456413]],[[-75.38704783049937,6.128363036494385],[-75.38443,6.12796],[-75.38165,6.13424],[-75.37899,6.13282],[-75.38123122029032,6.135105171478701],[-75.38704783049937,6.128363036494385]],[[-75.38748,6.12818],[-75.3877738931776,6.127885158779896],[-75.38704783049937,6.128363036494385],[-75.38748,6.12818]],[[-75.39275,6.12461],[-75.39061,6.12374],[-75.3877738931776,6.127885158779896],[-75.39275,6.12461]],[[-75.38463,6.13201],[-75.38068,6.13734],[-75.37836,6.13683],[-75.37879,6.14167],[-75.38463,6.13201]],[[-75.38734,6.13115],[-75.38899392979452,6.128139520547936],[-75.39222,6.12522],[-75.38744,6.1289],[-75.38734,6.13115]],[[-75.41389,6.13197],[-75.41657,6.13187],[-75.41359,6.13033],[-75.41389,6.13197]],[[-75.40156,6.13457],[-75.40375,6.136],[-75.4033,6.1318],[-75.39837,6.13339],[-75.40156,6.13457]],[[-75.42442,6.1339],[-75.42685,6.13042],[-75.4202074661003,6.132749518052604],[-75.42442,6.1339]],[[-75.41996533472803,6.132683389736649],[-75.41995,6.13271],[-75.4202074661003,6.132749518052604],[-75.41996533472803,6.132683389736649]],[[-75.42063,6.13153],[-75.41966,6.1326],[-75.41996533472803,6.132683389736649],[-75.42063,6.13153]],[[-75.39202,6.13332],[-75.39048024680723,6.135892692783041],[-75.39309,6.13731],[-75.39817,6.13258],[-75.39202,6.13332]],[[-75.38926,6.13523],[-75.39047,6.13603],[-75.39048024680723,6.135892692783041],[-75.38926,6.13523]],[[-75.39271,6.14568],[-75.38965,6.14268],[-75.3877,6.14562],[-75.39271,6.14568]],[[-75.43348,6.1232],[-75.43258,6.1239],[-75.4332,6.12366],[-75.43348,6.1232]],[[-75.41514,6.13665],[-75.41514,6.13811],[-75.41518,6.13725],[-75.41514,6.13665]],[[-75.41268,6.12541],[-75.41034,6.12784],[-75.41165,6.12658],[-75.41268,6.12541]],[[-75.38911,6.13794],[-75.38377,6.1401],[-75.38634,6.13934],[-75.38911,6.13794]],[[-75.41639,6.16567],[-75.41641,6.17077],[-75.41806,6.17212],[-75.41946,6.17238],[-75.42086,6.1723],[-75.41666,6.17051],[-75.41639,6.16567]],[[-75.41206,6.08635],[-75.41324,6.08569],[-75.41266,6.08332],[-75.41172,6.08439],[-75.41206,6.08635]],[[-75.40621,6.09113],[-75.40629,6.09105],[-75.40618,6.09102],[-75.40621,6.09113]],[[-75.41342,6.08352],[-75.41349,6.08344],[-75.41338,6.08341],[-75.41342,6.08352]],[[-75.41405,6.08361],[-75.41413,6.08353],[-75.41402,6.0835],[-75.41405,6.08361]],[[-75.41299,6.08325],[-75.41323,6.08318],[-75.41293,6.08314],[-75.41299,6.08325]],[[-75.40444,6.09223],[-75.40459,6.09208],[-75.40437,6.09202],[-75.40444,6.09223]],[[-75.40036,6.09414],[-75.40044,6.09382],[-75.40031,6.09375],[-75.40036,6.09414]],[[-75.39882,6.09479],[-75.39851,6.09474],[-75.39839,6.09501],[-75.39882,6.09479]],[[-75.39909,6.09524],[-75.39869,6.0952],[-75.39848,6.09545],[-75.39909,6.09524]],[[-75.40525,6.09093],[-75.40549,6.0916],[-75.40612,6.09114],[-75.40525,6.09093]],[[-75.4087,6.08822],[-75.40848,6.08836],[-75.41001,6.08996],[-75.4087,6.08822]],[[-75.38829685534591,6.105238427672956],[-75.38776,6.10541],[-75.38852,6.10564],[-75.38829685534591,6.105238427672956]],[[-75.3851,6.071744285714285],[-75.38505,6.07184],[-75.38512675675676,6.071801621621624],[-75.3851,6.071744285714285]],[[-75.38118,6.08221],[-75.38157906287672,6.083622413552454],[-75.3818677297368,6.081236100842527],[-75.38118,6.08221]],[[-75.38419,6.05698],[-75.3839291113767,6.0569782948455995],[-75.38338,6.05811],[-75.38419,6.05698]],[[-75.38846,6.10708],[-75.38853,6.107],[-75.38842,6.10697],[-75.38846,6.10708]],[[-75.38872,6.10374],[-75.3888,6.10366],[-75.38869,6.10363],[-75.38872,6.10374]],[[-75.38908,6.10247],[-75.38916,6.10239],[-75.38905,6.10236],[-75.38908,6.10247]],[[-75.38855,6.10952],[-75.38863,6.10945],[-75.38852,6.10941],[-75.38855,6.10952]],[[-75.38091,6.08478],[-75.38099,6.08462],[-75.38087,6.08457],[-75.38091,6.08478]],[[-75.38654,6.05782],[-75.38662,6.05767],[-75.3865,6.05762],[-75.38654,6.05782]],[[-75.38802,6.11044],[-75.3881,6.11028],[-75.38798,6.11023],[-75.38802,6.11044]],[[-75.38043,6.11489],[-75.38028,6.11475],[-75.3802,6.11483],[-75.38043,6.11489]],[[-75.38827,6.10908],[-75.38813,6.10894],[-75.38805,6.10902],[-75.38827,6.10908]],[[-75.38538,6.06423],[-75.38525,6.06413],[-75.38517,6.06434],[-75.38538,6.06423]],[[-75.38269,6.11396],[-75.38286,6.1138],[-75.38266,6.11377],[-75.38269,6.11396]],[[-75.38447,6.07031],[-75.38457,6.07014],[-75.38436,6.0701],[-75.38447,6.07031]],[[-75.38928,6.10592],[-75.38936,6.10552],[-75.38923,6.10544],[-75.38928,6.10592]],[[-75.38073,6.08435],[-75.38088,6.08452],[-75.38069,6.08394],[-75.38073,6.08435]],[[-75.38013,6.05787],[-75.37991,6.05782],[-75.37981,6.05821],[-75.38013,6.05787]],[[-75.38474,6.06447],[-75.3845,6.06466],[-75.38462,6.0648],[-75.38474,6.06447]],[[-75.37167,6.05741],[-75.372,6.05733],[-75.3716,6.05711],[-75.37167,6.05741]],[[-75.38732,6.11058],[-75.38766,6.11048],[-75.38726,6.11023],[-75.38732,6.11058]],[[-75.3821,6.05767],[-75.38173,6.05778],[-75.38201,6.05784],[-75.3821,6.05767]],[[-75.38106,6.05804],[-75.38146,6.05811],[-75.38099,6.0579],[-75.38106,6.05804]],[[-75.38672,6.05898],[-75.38689,6.05878],[-75.38668,6.05843],[-75.38672,6.05898]],[[-75.38629,6.05838],[-75.38621,6.05878],[-75.3864,6.05872],[-75.38629,6.05838]],[[-75.38457,6.07063],[-75.38426,6.07071],[-75.38432,6.07104],[-75.38457,6.07063]],[[-75.37976,6.0576],[-75.37954,6.05754],[-75.3794,6.05803],[-75.37976,6.0576]],[[-75.38649,6.05944],[-75.38727,6.05954],[-75.38641,6.05916],[-75.38649,6.05944]],[[-75.38458,6.06789],[-75.38476,6.06796],[-75.38444,6.06712],[-75.38458,6.06789]],[[-75.38539,6.09522],[-75.38497,6.09522],[-75.38538,6.09569],[-75.38539,6.09522]],[[-75.38338,6.05715],[-75.38276,6.05729],[-75.38288,6.05776],[-75.38338,6.05715]],[[-75.38908,6.10602],[-75.38864,6.10657],[-75.38909,6.10685],[-75.38908,6.10602]],[[-75.38827,6.10341],[-75.38871,6.10353],[-75.38823,6.10264],[-75.38827,6.10341]],[[-75.38592,6.06303],[-75.38597,6.06174],[-75.38564,6.06381],[-75.38592,6.06303]],[[-75.38462,6.06492],[-75.38406,6.06696],[-75.3847,6.0661],[-75.38462,6.06492]],[[-75.35093,6.19189],[-75.35207725792155,6.189814623310465],[-75.35057873704338,6.192003184730468],[-75.35093,6.19189]],[[-75.35460860851138,6.188049588557303],[-75.35295,6.18854],[-75.35290450791796,6.188606440326024],[-75.35460860851138,6.188049588557303]],[[-75.36033,6.18618],[-75.36030714225143,6.182362755989046],[-75.36012802585678,6.186245999424752],[-75.36033,6.18618]],[[-75.36263,6.18011],[-75.36037,6.181],[-75.36036349097351,6.181141115694454],[-75.36263,6.18011]],[[-75.36371,6.18155],[-75.36379,6.18147],[-75.36368,6.18144],[-75.36371,6.18155]],[[-75.36389,6.18164],[-75.36397,6.18156],[-75.36386,6.18153],[-75.36389,6.18164]],[[-75.3821,6.20275],[-75.38217,6.20267],[-75.38206,6.20264],[-75.3821,6.20275]],[[-75.37983,6.20013],[-75.37991,6.20005],[-75.3798,6.20002],[-75.37983,6.20013]],[[-75.35127,6.19261],[-75.35135,6.19246],[-75.35124,6.19241],[-75.35127,6.19261]],[[-75.36895,6.18054],[-75.36903,6.18039],[-75.36891,6.18034],[-75.36895,6.18054]],[[-75.36741,6.17972],[-75.36728,6.17962],[-75.3672,6.17983],[-75.36741,6.17972]],[[-75.37265,6.18677],[-75.37275,6.18661],[-75.37254,6.18657],[-75.37265,6.18677]],[[-75.37936,6.19399],[-75.37946,6.19383],[-75.37924,6.19378],[-75.37936,6.19399]],[[-75.37964,6.1996],[-75.3794,6.19927],[-75.37932,6.19943],[-75.37964,6.1996]],[[-75.35126,6.19226],[-75.35085,6.1921],[-75.35118,6.19233],[-75.35126,6.19226]],[[-75.36316,6.18087],[-75.36301,6.1806],[-75.36308,6.1811],[-75.36316,6.18087]],[[-75.37937,6.19881],[-75.37913,6.19847],[-75.37929,6.19896],[-75.37937,6.19881]],[[-75.38102,6.20206],[-75.38095,6.20266],[-75.3811,6.20247],[-75.38102,6.20206]],[[-75.37493,6.18632],[-75.37516,6.18641],[-75.37489,6.18611],[-75.37493,6.18632]],[[-75.36714,6.17944],[-75.36689,6.17966],[-75.36701,6.17984],[-75.36714,6.17944]],[[-75.38255,6.20061],[-75.38288,6.20095],[-75.38278,6.20053],[-75.38255,6.20061]],[[-75.37866,6.19627],[-75.37887,6.19681],[-75.37862,6.19605],[-75.37866,6.19627]],[[-75.36263,6.17959],[-75.36319,6.17987],[-75.36316,6.1796],[-75.36263,6.17959]],[[-75.38137,6.20317],[-75.38085,6.2027],[-75.38077,6.20302],[-75.38137,6.20317]],[[-75.37442,6.18504],[-75.37493,6.18523],[-75.37434,6.18467],[-75.37442,6.18504]],[[-75.36504,6.1812],[-75.3644,6.18116],[-75.36416,6.18156],[-75.36504,6.1812]],[[-75.37529,6.18679],[-75.37578,6.18705],[-75.37573,6.18673],[-75.37529,6.18679]],[[-75.37436,6.18397],[-75.37287,6.18369],[-75.37314,6.1839],[-75.37436,6.18397]],[[-75.37911,6.19745],[-75.37928,6.19771],[-75.37886,6.19685],[-75.37911,6.19745]],[[-75.38122,6.20166],[-75.3813,6.2028],[-75.38155,6.20006],[-75.37925,6.19785],[-75.38122,6.20166]],[[-75.35279,6.15234],[-75.35272642137878,6.152176638264912],[-75.35191,6.15244],[-75.35279,6.15234]],[[-75.3510947761194,6.147984216417912],[-75.35075,6.14809],[-75.35231997369804,6.151132293529694],[-75.3510947761194,6.147984216417912]],[[-75.3595352815226,6.173206122125297],[-75.36097,6.17357],[-75.36104100263852,6.173362453825857],[-75.3595352815226,6.173206122125297]],[[-75.3482,6.19496],[-75.34828,6.19488],[-75.34817,6.19485],[-75.3482,6.19496]],[[-75.31532,6.15779],[-75.3154,6.15771],[-75.31529,6.15768],[-75.31532,6.15779]],[[-75.35382,6.16304],[-75.3539,6.16296],[-75.35379,6.16293],[-75.35382,6.16304]],[[-75.35865,6.18129],[-75.35873,6.18121],[-75.35862,6.18118],[-75.35865,6.18129]],[[-75.3564,6.18663],[-75.35648,6.18655],[-75.35637,6.18652],[-75.3564,6.18663]],[[-75.36107,6.17631],[-75.36115,6.17623],[-75.36104,6.1762],[-75.36107,6.17631]],[[-75.35227,6.15902],[-75.35213,6.15917],[-75.35221,6.15924],[-75.35227,6.15902]],[[-75.32288,6.16809],[-75.32312,6.16801],[-75.32281,6.16797],[-75.32288,6.16809]],[[-75.3609,6.18052],[-75.36067,6.18067],[-75.36082,6.18075],[-75.3609,6.18052]],[[-75.35369,6.18456],[-75.35378,6.18433],[-75.35366,6.18426],[-75.35369,6.18456]],[[-75.36144,6.17632],[-75.36153,6.17608],[-75.3614,6.17602],[-75.36144,6.17632]],[[-75.356,6.1653],[-75.35608,6.16498],[-75.35596,6.16491],[-75.356,6.1653]],[[-75.35088,6.18333],[-75.35073,6.18366],[-75.35096,6.1835],[-75.35088,6.18333]],[[-75.35727,6.16903],[-75.35705,6.16898],[-75.35696,6.16919],[-75.35727,6.16903]],[[-75.34601,6.17446],[-75.34617,6.17433],[-75.34586,6.17425],[-75.34601,6.17446]],[[-75.35386,6.16206],[-75.354,6.1619],[-75.35378,6.16175],[-75.35386,6.16206]],[[-75.34463,6.1725],[-75.34441,6.17244],[-75.34429,6.17274],[-75.34463,6.1725]],[[-75.3527,6.16134],[-75.35292,6.16121],[-75.35261,6.16103],[-75.3527,6.16134]],[[-75.3626,6.17387],[-75.36288,6.17397],[-75.36248,6.17366],[-75.3626,6.17387]],[[-75.35335,6.16137],[-75.35373,6.16148],[-75.35324,6.16121],[-75.35335,6.16137]],[[-75.35053,6.18507],[-75.35041,6.18499],[-75.35019,6.18544],[-75.35053,6.18507]],[[-75.34526,6.17232],[-75.34571,6.17232],[-75.34523,6.17208],[-75.34526,6.17232]],[[-75.35316,6.16028],[-75.35297,6.16013],[-75.35299,6.16071],[-75.35316,6.16028]],[[-75.3569,6.16643],[-75.35656,6.16698],[-75.35681,6.16764],[-75.3569,6.16643]],[[-75.35162,6.18637],[-75.35144,6.18694],[-75.35168,6.18702],[-75.35162,6.18637]],[[-75.35466,6.16478],[-75.35429,6.16507],[-75.35455,6.16532],[-75.35466,6.16478]],[[-75.35118,6.18675],[-75.35101,6.18703],[-75.35144,6.18749],[-75.35118,6.18675]],[[-75.32265,6.16773],[-75.32231,6.16741],[-75.32151,6.16747],[-75.32265,6.16773]],[[-75.35165,6.15167],[-75.35177,6.15248],[-75.35199,6.15196],[-75.35165,6.15167]],[[-75.35143,6.1781],[-75.35251,6.17922],[-75.35198,6.17825],[-75.35143,6.1781]],[[-75.35073,6.18441],[-75.35039,6.18567],[-75.35096,6.18639],[-75.35073,6.18441]],[[-75.34553,6.17374],[-75.34553,6.17273],[-75.34473,6.17278],[-75.34553,6.17374]],[[-75.35632,6.18687],[-75.35361,6.18476],[-75.35181,6.18576],[-75.35471,6.18749],[-75.35632,6.18687]]],[[[-75.38358,6.19558],[-75.3872,6.19657],[-75.38423,6.19648],[-75.38358,6.19558]]],[[[-75.384,6.2375],[-75.38694,6.23978],[-75.38188,6.23756],[-75.384,6.2375]]],[[[-75.38453,6.27154],[-75.38287,6.27252],[-75.38237,6.27073],[-75.38453,6.27154]]],[[[-75.38275,6.06033],[-75.38122,6.06048],[-75.37729,6.05927],[-75.38275,6.06033]]],[[[-75.37762,6.06016],[-75.38138,6.06103],[-75.38026,6.06205],[-75.38174,6.06317],[-75.37762,6.06016]]],[[[-75.37666,6.24559],[-75.37977,6.24313],[-75.38035,6.23998],[-75.3802,6.24313],[-75.37666,6.24559]]],[[[-75.37784,6.24892],[-75.37675650106762,6.247605591459075],[-75.37844,6.24879],[-75.37709,6.25294],[-75.37786,6.25553],[-75.37624,6.25379],[-75.37784,6.24892]]],[[[-75.37804,6.25644],[-75.37935,6.26081],[-75.37855,6.2601],[-75.37804,6.25644]]],[[[-75.37861,6.26605],[-75.37787,6.26557],[-75.37923,6.26222],[-75.37861,6.26605]]],[[[-75.37282,6.13617],[-75.37111,6.13641],[-75.37117,6.13345],[-75.37046,6.13012],[-75.37319,6.12811],[-75.37574,6.1281],[-75.37663637392241,6.126995167025855],[-75.37584,6.13006],[-75.37383,6.12993],[-75.37237,6.13286],[-75.37282,6.13617]],[[-75.37261127192983,6.129053771929824],[-75.37254,6.12917],[-75.37389,6.12842],[-75.37261127192983,6.129053771929824]],[[-75.37153,6.13435],[-75.37142,6.13432],[-75.37145,6.13443],[-75.37153,6.13435]],[[-75.37157,6.13551],[-75.37172,6.13535],[-75.37164,6.13519],[-75.37157,6.13551]],[[-75.3719,6.13103],[-75.37168,6.13097],[-75.37175,6.13119],[-75.3719,6.13103]],[[-75.37529,6.12825],[-75.37529,6.12856],[-75.37547,6.1283],[-75.37529,6.12825]]],[[[-75.37399,6.13126],[-75.37493,6.133],[-75.37291,6.13275],[-75.37399,6.13126]]],[[[-75.36701,6.13957],[-75.36996,6.13918],[-75.36912,6.13999],[-75.36701,6.13957]]],[[[-75.37186,6.17595],[-75.37302830092095,6.1765690251148335],[-75.37125,6.17735],[-75.37186,6.17595]]],[[[-75.3675,6.17802],[-75.36394,6.17809],[-75.3647,6.17641],[-75.3675,6.17802]]],[[[-75.37438,6.17812],[-75.37231,6.18192],[-75.3701,6.18056],[-75.37239,6.17993],[-75.37216,6.17762],[-75.37438,6.17812]]],[[[-75.36241,6.2346],[-75.36208,6.23261],[-75.36459,6.23455],[-75.36241,6.2346]]],[[[-75.3522,6.14286],[-75.35179,6.14074],[-75.35244,6.1388],[-75.3522,6.14286]]],[[[-75.35713,6.14103],[-75.35265,6.14246],[-75.35706,6.14037],[-75.35713,6.14103]]],[[[-75.35344,6.14435],[-75.3541,6.14548],[-75.35173,6.14457],[-75.35344,6.14435]]],[[[-75.35842,6.16656],[-75.35907,6.16716],[-75.35884,6.17081],[-75.35842,6.16656]]],[[[-75.34712,6.1241],[-75.343,6.1217],[-75.34729,6.11606],[-75.34546,6.11537],[-75.34427,6.11223],[-75.34438847524753,6.112268217821783],[-75.34432,6.11207],[-75.34708,6.10951],[-75.3437,6.11029],[-75.34712,6.10728],[-75.34498,6.10554],[-75.34586634742499,6.105745259403683],[-75.34584,6.10367],[-75.34456,6.10177],[-75.34771669960098,6.102421586630222],[-75.34886,6.10677],[-75.34897,6.11041],[-75.34782,6.10788],[-75.34653,6.11199],[-75.34894,6.11494],[-75.34851,6.12155],[-75.35039,6.12297],[-75.34914,6.12309],[-75.34743261505233,6.125990576745069],[-75.34712,6.1241]],[[-75.34639,6.11951],[-75.34639662336234,6.119510672685236],[-75.3463952294854,6.119499541029197],[-75.34639,6.11951]],[[-75.34644477966103,6.119895254237288],[-75.34767,6.11964],[-75.34639662336234,6.119510672685236],[-75.34644477966103,6.119895254237288]],[[-75.34623,6.11994],[-75.34695,6.12393],[-75.34644477966103,6.119895254237288],[-75.34623,6.11994]],[[-75.34726,6.11358],[-75.34729,6.11369],[-75.34737,6.11361],[-75.34726,6.11358]],[[-75.34527,6.11377],[-75.3453,6.11388],[-75.34538,6.1138],[-75.34527,6.11377]],[[-75.34544,6.11105],[-75.34549,6.11117],[-75.34565,6.11109],[-75.34544,6.11105]],[[-75.34836,6.12072],[-75.3484,6.12102],[-75.34848,6.12079],[-75.34836,6.12072]],[[-75.34645,6.11774],[-75.3465,6.11794],[-75.34666,6.11786],[-75.34645,6.11774]],[[-75.34842,6.10861],[-75.34846,6.109],[-75.34863,6.10874],[-75.34842,6.10861]],[[-75.34755,6.12482],[-75.34767,6.1245],[-75.34743,6.12468],[-75.34755,6.12482]],[[-75.34825,6.10683],[-75.34816,6.10665],[-75.34767,6.10659],[-75.34825,6.10683]],[[-75.34814,6.12311],[-75.34827,6.12244],[-75.34823,6.12214],[-75.34814,6.12311]],[[-75.34772,6.10757],[-75.3481,6.10724],[-75.34739,6.10746],[-75.34772,6.10757]],[[-75.3471,6.10385],[-75.34718,6.10341],[-75.3463,6.10411],[-75.3471,6.10385]],[[-75.34786,6.12341],[-75.34839,6.12115],[-75.34733,6.12383],[-75.34786,6.12341]]],[[[-75.34535454545454,6.117851363636367],[-75.34401,6.11449],[-75.34605,6.1167],[-75.34535454545454,6.117851363636367]]],[[[-75.34802,6.14454],[-75.34439,6.14136],[-75.345,6.13575],[-75.34575,6.13791],[-75.34507985541265,6.132299181592229],[-75.34495,6.1349],[-75.34346,6.13218],[-75.34479,6.1312],[-75.34467,6.12769],[-75.34525562370628,6.128778793768473],[-75.3468410494097,6.126995553126369],[-75.34686673605947,6.129768698884763],[-75.34824,6.12898],[-75.34705,6.12756],[-75.34913,6.12664],[-75.34971,6.12357],[-75.35348,6.12801],[-75.35231,6.1306],[-75.35342,6.13307],[-75.35151,6.13588],[-75.35137,6.13891],[-75.35107,6.13766],[-75.35174,6.14262],[-75.34952,6.14472],[-75.34984,6.14029],[-75.34628,6.13993],[-75.34802,6.14454]],[[-75.34676,6.12983],[-75.34680073859522,6.129949406227363],[-75.34686673605947,6.129768698884763],[-75.34676,6.12983]],[[-75.34683,6.13514],[-75.3495,6.13469],[-75.3497,6.1364],[-75.35185,6.13386],[-75.35168,6.13353],[-75.34684,6.13425],[-75.34680073859522,6.129949406227363],[-75.34683,6.13514]],[[-75.34633255669961,6.141728893140398],[-75.34524976576749,6.140618827877501],[-75.34499,6.14107],[-75.34633255669961,6.141728893140398]],[[-75.34599,6.13972],[-75.34488,6.13734],[-75.3456817651544,6.139868513152883],[-75.34599,6.13972]],[[-75.34616,6.13539],[-75.34624,6.13531],[-75.34613,6.13528],[-75.34616,6.13539]],[[-75.35249,6.13339],[-75.35257,6.13324],[-75.35245,6.13319],[-75.35249,6.13339]],[[-75.34824,6.13818],[-75.34842,6.13802],[-75.34822,6.13799],[-75.34824,6.13818]],[[-75.35042,6.13639],[-75.3505,6.13607],[-75.35038,6.13599],[-75.35042,6.13639]],[[-75.34656,6.13919],[-75.34671,6.13894],[-75.34641,6.1389],[-75.34656,6.13919]],[[-75.3468,6.13762],[-75.34656,6.13782],[-75.34672,6.13794],[-75.3468,6.13762]],[[-75.34861,6.13732],[-75.34888,6.13716],[-75.34858,6.13708],[-75.34861,6.13732]],[[-75.34767,6.13079],[-75.34786,6.13098],[-75.34757,6.1304],[-75.34767,6.13079]],[[-75.34634,6.13895],[-75.34614,6.1389],[-75.34612,6.13948],[-75.34634,6.13895]],[[-75.35011,6.12442],[-75.34987,6.12486],[-75.35002,6.125],[-75.35011,6.12442]],[[-75.34783,6.13882],[-75.34755,6.13921],[-75.34815,6.13944],[-75.34783,6.13882]],[[-75.35061,6.13679],[-75.35142,6.13744],[-75.35102,6.13677],[-75.35061,6.13679]],[[-75.34642,6.13701],[-75.34573,6.13818],[-75.34616,6.13885],[-75.34642,6.13701]],[[-75.34901,6.12967],[-75.34968,6.12913],[-75.34846,6.12786],[-75.34901,6.12967]],[[-75.34654,6.13632],[-75.34879,6.13696],[-75.34907,6.13587],[-75.34654,6.13632]],[[-75.34441,6.13203],[-75.34443,6.1325],[-75.34461,6.13206],[-75.34441,6.13203]]],[[[-75.34997,6.17338],[-75.34798,6.17375],[-75.34739,6.17225],[-75.34997,6.17338]]],[[[-75.34787,6.17808],[-75.35059,6.17951],[-75.34858,6.17978],[-75.34565,6.17696],[-75.34739,6.17655],[-75.34787,6.17808]],[[-75.3475,6.17786],[-75.34753,6.17797],[-75.34761,6.17789],[-75.3475,6.17786]],[[-75.34898,6.17925],[-75.34871,6.17938],[-75.34907,6.17952],[-75.34898,6.17925]]],[[[-75.34467,6.18503],[-75.34371,6.18239],[-75.34652,6.18609],[-75.34467,6.18503]]],[[[-75.34727,6.23184],[-75.35034,6.23325],[-75.34902,6.23356],[-75.34727,6.23184]]],[[[-75.34086,6.11291],[-75.34291,6.10916],[-75.34270372748728,6.112787180474476],[-75.34086,6.11291]]],[[[-75.34273,6.16002],[-75.34195,6.16024],[-75.34154,6.15776],[-75.34273,6.16002]]],[[[-75.34233,6.17037],[-75.34396,6.16951],[-75.34397,6.17158],[-75.34233,6.17037]]],[[[-75.34398,6.20096],[-75.34361,6.2025],[-75.34222,6.20083],[-75.34398,6.20096]]],[[[-75.34404,6.23168],[-75.343,6.2294],[-75.34525,6.23216],[-75.34404,6.23168]]],[[[-75.34343,6.10678],[-75.34222,6.10586],[-75.3349,6.10299],[-75.33589,6.10027],[-75.33346,6.10218],[-75.33357,6.09958],[-75.3305,6.09654],[-75.33150980142585,6.094880736123691],[-75.34096,6.10372],[-75.34257,6.10127],[-75.34215,6.10514],[-75.33951,6.1031],[-75.34343,6.10678]],[[-75.33424,6.10135],[-75.33413,6.10132],[-75.33416,6.10143],[-75.33424,6.10135]],[[-75.33597,6.10243],[-75.33576,6.1024],[-75.33581,6.10251],[-75.33597,6.10243]],[[-75.33162,6.09667],[-75.3315,6.09662],[-75.33154,6.09683],[-75.33162,6.09667]],[[-75.33365,6.0983],[-75.33388,6.09854],[-75.33396,6.09846],[-75.33365,6.0983]],[[-75.33696,6.10252],[-75.33648,6.10249],[-75.33655,6.10263],[-75.33696,6.10252]],[[-75.33661,6.10289],[-75.33612,6.10285],[-75.33617,6.10306],[-75.33661,6.10289]],[[-75.33727,6.10191],[-75.33839,6.10312],[-75.33851,6.10297],[-75.33727,6.10191]]],[[[-75.33694,6.16509],[-75.33535,6.16026],[-75.33719,6.16433],[-75.34467,6.16421],[-75.3462,6.16539],[-75.34498,6.17101],[-75.34532,6.1662],[-75.34067,6.16436],[-75.33694,6.16509]]],[[[-75.3387,6.18877],[-75.33587,6.18657],[-75.34256,6.18926],[-75.3387,6.18877]]],[[[-75.33637,6.19895],[-75.33698,6.20052],[-75.34415,6.20016],[-75.34432518439804,6.198127860982614],[-75.34537,6.2008],[-75.33708,6.20075],[-75.33583,6.199],[-75.33174,6.20032],[-75.329,6.19883],[-75.32892,6.20072],[-75.32519,6.20095],[-75.32889,6.20054],[-75.32894,6.19861],[-75.33214,6.20014],[-75.33443,6.19731],[-75.33637,6.19895]]],[[[-75.3253,6.20136],[-75.32814,6.20394],[-75.32769,6.2053],[-75.32751,6.20651],[-75.32414,6.20407],[-75.3253,6.20136]],[[-75.32595,6.20318],[-75.32666,6.20588],[-75.32713150567795,6.205627988344544],[-75.32595,6.20318]]],[[[-75.32968,6.20868],[-75.32836,6.20634],[-75.33003,6.20769],[-75.32968,6.20868]]],[[[-75.32699,6.20656],[-75.32227,6.20628],[-75.32636,6.20811],[-75.32673,6.20794],[-75.32621,6.21511],[-75.32655,6.20895],[-75.32314,6.20763],[-75.32196,6.20619],[-75.32231,6.20463],[-75.32699,6.20656]]],[[[-75.32771,6.2147],[-75.32926,6.21246],[-75.32895,6.21443],[-75.32771,6.2147]]],[[[-75.32617,6.21548],[-75.32664,6.21853],[-75.32419,6.21742],[-75.32617,6.21548]]],[[[-75.32224,6.22802],[-75.32747,6.22954],[-75.32174,6.22842],[-75.32201,6.22551],[-75.3276,6.22468],[-75.32785,6.22104],[-75.32755,6.22211],[-75.32414,6.21892],[-75.32632902757426,6.219256941521251],[-75.33031,6.21367],[-75.32954,6.21075],[-75.32783487363518,6.210311811101781],[-75.32867,6.20923],[-75.32865456422965,6.209770251961997],[-75.3295,6.21028],[-75.33085,6.21308],[-75.33308,6.21167],[-75.33063,6.21357],[-75.33051,6.21605],[-75.33284,6.21909],[-75.33013,6.21628],[-75.33021,6.21811],[-75.32851289878906,6.218406089998505],[-75.33069,6.21856],[-75.33197,6.22075],[-75.32992363347458,6.219377457627119],[-75.33005,6.22149],[-75.32947,6.22307],[-75.32877,6.22443],[-75.32794672708668,6.22455261511475],[-75.32794,6.22488],[-75.32367,6.22587],[-75.32224,6.22802]],[[-75.32617,6.21948],[-75.3263504186655,6.219564195377233],[-75.32632902757426,6.219256941521251],[-75.32617,6.21948]],[[-75.32641,6.22042],[-75.32857,6.2206],[-75.3263504186655,6.219564195377233],[-75.32641,6.22042]],[[-75.33003503546101,6.219258628841599],[-75.32974125709296,6.2193993976429525],[-75.32992363347458,6.219377457627119],[-75.33003503546101,6.219258628841599]],[[-75.32797,6.22342],[-75.32794978467987,6.2244038122459475],[-75.33005,6.22149],[-75.32797,6.22342]],[[-75.32960566940913,6.219716619296934],[-75.32878,6.21986],[-75.32909374134465,6.220262675899044],[-75.32960566940913,6.219716619296934]],[[-75.32937836501901,6.223032661596977],[-75.32934467673122,6.223110039382987],[-75.32936,6.2231],[-75.32937836501901,6.223032661596977]],[[-75.3273,6.21811],[-75.32768733562035,6.218204555460266],[-75.32759817614965,6.218041667965704],[-75.3273,6.21811]],[[-75.32914464260068,6.217687269404011],[-75.32881515789474,6.21776277631579],[-75.3291,6.2178],[-75.32914464260068,6.217687269404011]],[[-75.32349,6.22592],[-75.32352,6.22603],[-75.3236,6.22595],[-75.32349,6.22592]],[[-75.32836,6.22211],[-75.32839,6.22222],[-75.32847,6.22214],[-75.32836,6.22211]],[[-75.32824,6.20991],[-75.32827,6.21002],[-75.32835,6.20994],[-75.32824,6.20991]],[[-75.32897,6.22115],[-75.32921,6.22103],[-75.32861,6.22072],[-75.32897,6.22115]],[[-75.32936,6.216],[-75.32956,6.21552],[-75.32943,6.21542],[-75.32936,6.216]]],[[[-75.31289,6.18817],[-75.31256,6.18743],[-75.31622,6.18813],[-75.31289,6.18817]]],[[[-75.31854,6.19465],[-75.31533,6.19083],[-75.31656,6.19077],[-75.31603,6.18968],[-75.31854,6.19465]]],[[[-75.3201,6.19626],[-75.31607,6.19788],[-75.31895,6.19496],[-75.32505,6.19735],[-75.3201,6.19626]],[[-75.32222,6.19657],[-75.32246,6.19649],[-75.32205,6.19642],[-75.32222,6.19657]]],[[[-75.31886,6.23223],[-75.32177,6.23156],[-75.3199,6.23389],[-75.31886,6.23223]]],[[[-75.31778,6.23496],[-75.31978,6.2361],[-75.31964,6.23818],[-75.32835,6.22939],[-75.31973,6.23878],[-75.31524,6.23736],[-75.3169,6.2372],[-75.31684,6.23303],[-75.31849,6.23084],[-75.31727,6.22955],[-75.31883,6.2287],[-75.31876,6.2311],[-75.31696,6.23297],[-75.31778,6.23496]],[[-75.31904,6.23583],[-75.31732,6.2361],[-75.31753,6.23798],[-75.31907,6.23772],[-75.31904,6.23583]]],[[[-75.31725,6.23829],[-75.31878,6.23971],[-75.31856,6.24122],[-75.31725,6.23829]]],[[[-75.29825,6.13055],[-75.29955,6.12833],[-75.29979,6.13259],[-75.29825,6.13055]]],[[[-75.30042,6.13455],[-75.30045,6.13317],[-75.30255,6.13659],[-75.30042,6.13455]]],[[[-75.3,6.14114],[-75.30222,6.14096],[-75.30151,6.14212],[-75.3,6.14114]]],[[[-75.30267,6.1422],[-75.3027,6.14099],[-75.30476,6.1411],[-75.30372394997394,6.141783561229809],[-75.30267,6.1422]]],[[[-75.30781,6.14436],[-75.3048,6.14445],[-75.30469,6.14342],[-75.30781,6.14436]]],[[[-75.30687,6.14767],[-75.30755,6.14633],[-75.31012085764124,6.149679621087306],[-75.30687,6.14767]]],[[[-75.30257770086527,6.1517989122373296],[-75.30083,6.15157],[-75.30337,6.15135],[-75.30499,6.15303],[-75.30257770086527,6.1517989122373296]]],[[[-75.29802,6.1585],[-75.29907,6.15997],[-75.29439,6.15848],[-75.29802,6.1585]]],[[[-75.28719,6.13211],[-75.30092,6.14266],[-75.30243,6.1419],[-75.30104,6.14393],[-75.29195,6.13589],[-75.28561515456721,6.140404833466305],[-75.28531,6.13854],[-75.28341,6.13927],[-75.28196,6.13751],[-75.28034631020769,6.137923751657093],[-75.28625,6.13623],[-75.28548,6.13736],[-75.28873,6.13402],[-75.28719,6.13211]],[[-75.28219,6.1376],[-75.28222,6.13771],[-75.2823,6.13763],[-75.28219,6.1376]],[[-75.28343,6.13907],[-75.28367,6.13887],[-75.28354,6.13877],[-75.28343,6.13907]],[[-75.28722,6.13609],[-75.28756,6.13598],[-75.28733,6.13578],[-75.28722,6.13609]],[[-75.28347,6.13819],[-75.28412,6.13827],[-75.28372,6.13805],[-75.28347,6.13819]],[[-75.28271,6.13763],[-75.28356,6.13754],[-75.28309,6.13742],[-75.28271,6.13763]]],[[[-75.29846364548494,6.15121],[-75.29153,6.15286],[-75.29353,6.15062],[-75.29242,6.14933],[-75.29949,6.15121],[-75.29846364548494,6.15121]]],[[[-75.28989,6.15781],[-75.28745,6.15783],[-75.28979,6.15661],[-75.28989,6.15781]]],[[[-75.2826,6.16083],[-75.28484,6.16106],[-75.28183,6.16179],[-75.2826,6.16083]]],[[[-75.29683,6.18055],[-75.29402,6.17762],[-75.29613,6.17812],[-75.29683,6.18055]]],[[[-75.28429,6.20445],[-75.28244,6.2092],[-75.28294,6.20556],[-75.27959,6.20496],[-75.28429,6.20445]]],[[[-75.27961,6.13692],[-75.28016890634339,6.137943228536374],[-75.27364283311228,6.137654527321266],[-75.27961,6.13692]]],[[[-75.26531307767247,6.141731192128051],[-75.26616912499097,6.14151346202359],[-75.26811,6.14355],[-75.26531307767247,6.141731192128051]]],[[[-75.27094,6.18314],[-75.27616434629752,6.182649914304548],[-75.27079,6.18363],[-75.26851,6.17942],[-75.27094,6.18314]]],[[[-75.26673938222656,6.187375628561418],[-75.26568,6.18763],[-75.26269,6.18538],[-75.26673938222656,6.187375628561418]]],[[[-75.26933,6.18396],[-75.27377,6.18998],[-75.2706,6.18902],[-75.26922,6.18678],[-75.26544,6.1837],[-75.26933,6.18396]],[[-75.26996,6.18593],[-75.27004,6.1857],[-75.26992,6.18563],[-75.26996,6.18593]],[[-75.27076,6.18784],[-75.27065,6.18744],[-75.27092,6.18874],[-75.27076,6.18784]]],[[[-75.26408,6.19012],[-75.26253,6.19451],[-75.26158,6.19245],[-75.26408,6.19012]]],[[[-75.27284,6.19137],[-75.27162,6.19287],[-75.27163,6.19634],[-75.26704,6.19251],[-75.27284,6.19137]],[[-75.2712,6.1928],[-75.27152,6.19263],[-75.27138,6.1925],[-75.2712,6.1928]]],[[[-75.28,6.21011],[-75.28034,6.21367],[-75.27859,6.21251],[-75.28,6.21011]],[[-75.28004,6.2123],[-75.28012,6.21215],[-75.28001,6.2121],[-75.28004,6.2123]]],[[[-75.25777,6.21997],[-75.25429,6.21457],[-75.25847,6.21745],[-75.25777,6.21997]]],[[[-75.27155,6.24131],[-75.2714,6.24286],[-75.26976,6.23821],[-75.27155,6.24131]]]]}},{"type":"Feature","id":2,"properties":{"layer_id":"mass_movement","name":"Amenaza alta","amenaza":"alta","amenaza_label":"Amenaza alta","category":"Amenaza alta","source_id":"gis-mass_movement","provenance":"institutional","exact_site":false,"limitation":"Amenaza por movimiento en masa. No es la vulnerabilidad climática del reto."},"geometry":{"type":"MultiPolygon","coordinates":[[[[-75.48065,6.18051],[-75.47937,6.17983],[-75.47939,6.17767],[-75.48065,6.18051]]],[[[-75.47924,6.10181],[-75.47863,6.10015],[-75.48123,6.10055],[-75.47924,6.10181]]],[[[-75.48041,6.10974],[-75.47621,6.10657],[-75.47846,6.10689],[-75.48041,6.10974]]],[[[-75.47810311019012,6.1125967024056225],[-75.47686,6.11263],[-75.47838,6.11076],[-75.47810311019012,6.1125967024056225]]],[[[-75.47936,6.1529],[-75.47836,6.15199],[-75.4807,6.15183],[-75.47936,6.1529]]],[[[-75.47643,6.1803],[-75.47705,6.17777],[-75.47841,6.17803],[-75.47643,6.1803]]],[[[-75.47943,6.18066],[-75.47806,6.17965],[-75.47893,6.17798],[-75.47943,6.18066]],[[-75.47904,6.1802],[-75.47915,6.18036],[-75.47923,6.18012],[-75.47904,6.1802]]],[[[-75.47615,6.18264],[-75.47411,6.18268],[-75.47617,6.18156],[-75.47615,6.18264]]],[[[-75.47565,6.11625],[-75.47397,6.11855],[-75.47293,6.11675],[-75.47425,6.11507],[-75.47565,6.11625]],[[-75.47392,6.11736],[-75.474,6.11728],[-75.47389,6.11725],[-75.47392,6.11736]],[[-75.47361,6.1171],[-75.47375,6.11694],[-75.47353,6.11679],[-75.47361,6.1171]],[[-75.47456,6.11607],[-75.47425,6.11598],[-75.47418,6.1165],[-75.47456,6.11607]]],[[[-75.47152,6.12588],[-75.47242,6.12676],[-75.46981,6.12715],[-75.47152,6.12588]]],[[[-75.47139,6.14089],[-75.47255,6.14],[-75.47307,6.14192],[-75.47139,6.14089]],[[-75.47219,6.14087],[-75.47236,6.14078],[-75.47214,6.14066],[-75.47219,6.14087]]],[[[-75.4732,6.15454],[-75.4749,6.15675],[-75.47305,6.15647],[-75.4732,6.15454]],[[-75.47338,6.15633],[-75.47367,6.15618],[-75.47345,6.15603],[-75.47338,6.15633]]],[[[-75.4737,6.17506],[-75.47265,6.17666],[-75.47102,6.17523],[-75.4737,6.17506]],[[-75.47299,6.17567],[-75.47307,6.17559],[-75.47296,6.17556],[-75.47299,6.17567]]],[[[-75.46646,6.15748],[-75.4672,6.15673],[-75.46803,6.15767],[-75.46822,6.15865],[-75.46646,6.15748]],[[-75.46699,6.15733],[-75.46716,6.15725],[-75.46695,6.15713],[-75.46699,6.15733]],[[-75.46754,6.15806],[-75.4677,6.15798],[-75.46749,6.15794],[-75.46754,6.15806]]],[[[-75.46436,6.11786],[-75.46467,6.11537],[-75.46707,6.11845],[-75.46617,6.11955],[-75.46644,6.11854],[-75.46436,6.11786]],[[-75.46649,6.1186],[-75.4667,6.11884],[-75.4668,6.11842],[-75.46649,6.1186]],[[-75.46619,6.11821],[-75.46635,6.11805],[-75.46612,6.11799],[-75.46619,6.11821]]],[[[-75.46341,6.14982],[-75.46335,6.15131],[-75.46192,6.15077],[-75.46341,6.14982]]],[[[-75.46403,6.18052],[-75.46441,6.18249],[-75.46277,6.18101],[-75.46403,6.18052]]],[[[-75.46711,6.25196],[-75.46516,6.25073],[-75.46721,6.24995],[-75.46711,6.25196]]],[[[-75.45732,6.09975],[-75.45948,6.09748],[-75.46242,6.09953],[-75.45732,6.09975]]],[[[-75.46243,6.10096],[-75.45977,6.10105],[-75.46285,6.10004],[-75.46243,6.10096]]],[[[-75.45758,6.25059],[-75.45987,6.25168],[-75.45958,6.25265],[-75.45758,6.25059]]],[[[-75.45483,6.26746],[-75.45504,6.26582],[-75.45632,6.26578],[-75.45483,6.26746]]],[[[-75.44885,6.05182],[-75.44915,6.05032],[-75.45048,6.0509],[-75.44885,6.05182]]],[[[-75.44881,6.10804],[-75.44879,6.10479],[-75.44767,6.10601],[-75.44736,6.1048],[-75.45306,6.10234],[-75.45514,6.10017],[-75.45971,6.10087],[-75.45483,6.1012],[-75.45421,6.10252],[-75.45032,6.10397],[-75.44881,6.10804]],[[-75.45831,6.10083],[-75.45836,6.10095],[-75.45852,6.10087],[-75.45831,6.10083]],[[-75.44902,6.10438],[-75.44906,6.10459],[-75.44914,6.10443],[-75.44902,6.10438]],[[-75.44902,6.10574],[-75.44906,6.10594],[-75.44914,6.10579],[-75.44902,6.10574]],[[-75.44938,6.10393],[-75.44942,6.10413],[-75.44959,6.10405],[-75.44938,6.10393]],[[-75.44803,6.10529],[-75.44809,6.1055],[-75.44825,6.10535],[-75.44803,6.10529]],[[-75.44938,6.10438],[-75.44944,6.1046],[-75.4496,6.10444],[-75.44938,6.10438]],[[-75.45389,6.10211],[-75.45395,6.10233],[-75.45411,6.10217],[-75.45389,6.10211]],[[-75.45434,6.1012],[-75.4544,6.10142],[-75.45456,6.10127],[-75.45434,6.1012]],[[-75.45687,6.10075],[-75.45694,6.10096],[-75.45718,6.10084],[-75.45687,6.10075]],[[-75.45402,6.10187],[-75.4541,6.10163],[-75.45388,6.10178],[-75.45402,6.10187]],[[-75.45046,6.10347],[-75.45049,6.10363],[-75.45103,6.1035],[-75.45046,6.10347]],[[-75.44893,6.10474],[-75.44897,6.10534],[-75.44912,6.1055],[-75.44893,6.10474]],[[-75.45524,6.10075],[-75.45532,6.10098],[-75.45682,6.10088],[-75.45524,6.10075]]],[[[-75.4503,6.27195],[-75.44926,6.27479],[-75.44954,6.27188],[-75.4503,6.27195]]],[[[-75.44555688151195,6.039001498526557],[-75.44658,6.03926],[-75.44487,6.04115],[-75.44555688151195,6.039001498526557]],[[-75.44591,6.0395],[-75.44599,6.03942],[-75.44588,6.03939],[-75.44591,6.0395]]],[[[-75.44546,6.05695],[-75.4438,6.05762],[-75.4446,6.05601],[-75.44546,6.05695]]],[[[-75.44586,6.05692],[-75.4469,6.05716],[-75.44421,6.059],[-75.44586,6.05692]]],[[[-75.44606,6.09249],[-75.44813,6.09205],[-75.44741,6.09232],[-75.44914,6.09512],[-75.44606,6.09249]]],[[[-75.44545,6.09663],[-75.44376,6.09427],[-75.44669,6.09693],[-75.44545,6.09663]]],[[[-75.44404,6.04205],[-75.44394,6.04522],[-75.44101,6.04356],[-75.43936,6.04355],[-75.44404,6.04205]],[[-75.44366,6.04493],[-75.44374,6.04485],[-75.44363,6.04482],[-75.44366,6.04493]]],[[[-75.44161,6.04445],[-75.44239,6.04702],[-75.4407,6.04584],[-75.44161,6.04445]],[[-75.44153,6.04549],[-75.44177,6.04541],[-75.44147,6.04537],[-75.44153,6.04549]]],[[[-75.44231,6.04872],[-75.44278,6.04991],[-75.44203,6.05],[-75.43969,6.04795],[-75.44231,6.04872]],[[-75.44207,6.04928],[-75.44223,6.0492],[-75.44202,6.04916],[-75.44207,6.04928]]],[[[-75.44093,6.04953],[-75.44405,6.05139],[-75.44319,6.05153],[-75.44093,6.04953]]],[[[-75.44193,6.05079],[-75.44389,6.0521],[-75.44169,6.05238],[-75.44193,6.05079]]],[[[-75.44143,6.05661],[-75.43926,6.05644],[-75.43894,6.05528],[-75.44143,6.05661]]],[[[-75.442,6.05991],[-75.43947,6.05837],[-75.44145,6.05863],[-75.442,6.05991]]],[[[-75.4061,6.05956],[-75.40434,6.05823],[-75.40499,6.05717],[-75.4061,6.05956]]],[[[-75.40701,6.06129],[-75.40703,6.05915],[-75.40863,6.05964],[-75.40701,6.06129]]],[[[-75.40412,6.0618],[-75.4061,6.05956],[-75.40488,6.0641],[-75.40286,6.06471],[-75.40412,6.0618]],[[-75.40488,6.06194],[-75.40496,6.06171],[-75.40484,6.06164],[-75.40488,6.06194]],[[-75.40478,6.06157],[-75.40486,6.06149],[-75.40475,6.06146],[-75.40478,6.06157]]],[[[-75.4076,6.0652],[-75.40442,6.06487],[-75.40633,6.06396],[-75.40598,6.06134],[-75.4076,6.0652]]],[[[-75.40079,6.0668],[-75.39967,6.0689],[-75.40219,6.06903],[-75.3994,6.07119],[-75.4012,6.06928],[-75.39777,6.06974],[-75.40079,6.0668]],[[-75.39925,6.06858],[-75.39951,6.06874],[-75.39966,6.06842],[-75.39925,6.06858]],[[-75.3995,6.0691],[-75.39966,6.06895],[-75.39944,6.06889],[-75.3995,6.0691]]],[[[-75.39776,6.25048],[-75.39995,6.25028],[-75.39966,6.25147],[-75.39776,6.25048]]],[[[-75.39525,6.25129],[-75.39921,6.2519],[-75.39972,6.25457],[-75.39678,6.2537],[-75.39525,6.25129]],[[-75.39658,6.25279],[-75.39666,6.25271],[-75.39655,6.25268],[-75.39658,6.25279]],[[-75.39686,6.25215],[-75.39673,6.25205],[-75.39665,6.25226],[-75.39686,6.25215]],[[-75.39715,6.25235],[-75.39731,6.25222],[-75.39709,6.25205],[-75.39715,6.25235]],[[-75.39789,6.25317],[-75.39794,6.25372],[-75.39782,6.25214],[-75.39789,6.25317]]],[[[-75.40513,6.25257],[-75.40803,6.25428],[-75.40713,6.25704],[-75.40566730828881,6.253770884025505],[-75.40543,6.25368],[-75.40513,6.25257]],[[-75.40662,6.25395],[-75.4067,6.25379],[-75.40658,6.25374],[-75.40662,6.25395]],[[-75.4071,6.25522],[-75.40726,6.25507],[-75.40704,6.25501],[-75.4071,6.25522]]],[[[-75.40985,6.25954],[-75.40837,6.2581],[-75.41097,6.25745],[-75.40985,6.25954]],[[-75.40936,6.25858],[-75.40909,6.25873],[-75.40981,6.25887],[-75.40936,6.25858]]],[[[-75.40407,6.25827],[-75.40355,6.25943],[-75.40169,6.25778],[-75.40407,6.25827]]],[[[-75.39492,6.25615],[-75.39856,6.26118],[-75.39629,6.26126],[-75.39582,6.25886],[-75.39514,6.25986],[-75.39327,6.25788],[-75.39366,6.25894],[-75.39264,6.25772],[-75.39344,6.25715],[-75.39022,6.25413],[-75.39371,6.25426],[-75.39263,6.25294],[-75.3946,6.25166],[-75.39389,6.24994],[-75.39487,6.2511],[-75.39430181818182,6.252645454545456],[-75.39402,6.2526],[-75.39387,6.25382],[-75.39563,6.25359],[-75.39721,6.25524],[-75.392,6.25493],[-75.39492,6.25615]],[[-75.39506,6.2594],[-75.39514,6.25932],[-75.39503,6.25929],[-75.39506,6.2594]],[[-75.39354,6.25769],[-75.3937,6.25761],[-75.39349,6.25757],[-75.39354,6.25769]],[[-75.39488,6.25672],[-75.39467,6.25667],[-75.39458,6.25688],[-75.39488,6.25672]],[[-75.39524,6.25428],[-75.39557,6.25409],[-75.39511,6.25368],[-75.39524,6.25428]],[[-75.39373,6.25698],[-75.39412,6.25603],[-75.3934,6.2564],[-75.39373,6.25698]]],[[[-75.39193,6.25936],[-75.39517,6.26052],[-75.39438,6.26105],[-75.39193,6.25936]],[[-75.39443,6.26069],[-75.39431,6.26064],[-75.39435,6.26085],[-75.39443,6.26069]]],[[[-75.38694,6.26161],[-75.38873313950185,6.262204238090731],[-75.3861,6.26238],[-75.38844,6.25966],[-75.38694,6.26161]]],[[[-75.39343,6.26743],[-75.3915,6.26861],[-75.39196,6.26604],[-75.39343,6.26743]],[[-75.39192,6.26811],[-75.3918,6.26806],[-75.39184,6.26827],[-75.39192,6.26811]]],[[[-75.39271,6.26797],[-75.39375,6.26877],[-75.39168,6.27012],[-75.39271,6.26797]]],[[[-75.38784,6.27517],[-75.38964405530169,6.274778973235103],[-75.38889,6.27634],[-75.39051489052157,6.276731772022987],[-75.38929,6.27797],[-75.38871,6.27592],[-75.38646,6.2755],[-75.38879,6.27557],[-75.38543,6.27516],[-75.38526,6.27427],[-75.38833,6.2737],[-75.38803,6.27201],[-75.39003,6.27398],[-75.38784,6.27517]],[[-75.38758,6.27407],[-75.38779,6.27396],[-75.38766,6.27386],[-75.38758,6.27407]],[[-75.38593,6.27456],[-75.38653,6.27481],[-75.3874,6.27473],[-75.38593,6.27456]]],[[[-75.38698,6.27761],[-75.38761,6.2759],[-75.38844,6.27714],[-75.38698,6.27761]]],[[[-75.39142,6.27771],[-75.39142,6.27951],[-75.39045,6.27874],[-75.39089855948752,6.276824277188692],[-75.39142,6.27771]],[[-75.39119,6.27765],[-75.39126,6.27786],[-75.39142,6.27771],[-75.39119,6.27765]],[[-75.39074,6.2781],[-75.39081,6.27832],[-75.39097,6.27816],[-75.39074,6.2781]]],[[[-75.37936,6.29349],[-75.38004,6.29202],[-75.38071,6.29389],[-75.37936,6.29349]]],[[[-75.37981,6.29734],[-75.37864,6.2966],[-75.37977,6.29585],[-75.38071,6.2965],[-75.37981,6.29734]],[[-75.38006,6.29669],[-75.37995,6.29666],[-75.37998,6.29677],[-75.38006,6.29669]],[[-75.38024,6.2966],[-75.38013,6.29657],[-75.38016,6.29668],[-75.38024,6.2966]],[[-75.37966,6.29633],[-75.37974,6.29641],[-75.3798,6.29619],[-75.37966,6.29633]]],[[[-75.37331,6.05267],[-75.37394,6.04722],[-75.36941844179944,6.047622656375139],[-75.37075155222763,6.045613567682169],[-75.37432,6.04637],[-75.37221069396385,6.043883711608447],[-75.37541,6.04571],[-75.37703,6.04354],[-75.37407,6.04849],[-75.37373,6.05063],[-75.37491646350573,6.049224497077818],[-75.37536,6.05197],[-75.37331,6.05267]],[[-75.37196,6.04628],[-75.37204,6.0462],[-75.37193,6.04617],[-75.37196,6.04628]],[[-75.37512,6.05081],[-75.37501,6.05078],[-75.37504,6.05089],[-75.37512,6.05081]],[[-75.37453,6.04603],[-75.37489,6.04611],[-75.37531,6.04584],[-75.37453,6.04603]]],[[[-75.31674,6.25451],[-75.31487,6.25446],[-75.31497,6.25234],[-75.31674,6.25451]]],[[[-75.3134,6.24007],[-75.31166,6.23919],[-75.31415,6.2391],[-75.3134,6.24007]]],[[[-75.31212,6.2575],[-75.31186,6.2541],[-75.3096,6.25467],[-75.31136,6.25262],[-75.31277,6.25497],[-75.31212,6.2575]],[[-75.31196,6.2549],[-75.31222,6.25467],[-75.31191,6.25461],[-75.31196,6.2549]]],[[[-75.30707,6.24851],[-75.30579,6.24798],[-75.30814,6.24544],[-75.30707,6.24851]]],[[[-75.30563,6.25589],[-75.31149,6.2521],[-75.30883,6.25461],[-75.3101,6.25642],[-75.30795,6.25503],[-75.30942,6.25624],[-75.30697,6.25709],[-75.3072315625,6.255249375000001],[-75.30563,6.25589]],[[-75.30733,6.25621],[-75.3076,6.25621],[-75.3073,6.25606],[-75.30733,6.25621]],[[-75.30726,6.25582],[-75.30742,6.25574],[-75.30721,6.2557],[-75.30726,6.25582]]],[[[-75.30691989918641,6.2590230876370745],[-75.30671,6.2573],[-75.30888,6.25801],[-75.30691989918641,6.2590230876370745]],[[-75.30698,6.2588],[-75.30706,6.25872],[-75.30695,6.25869],[-75.30698,6.2588]]],[[[-75.31105,6.25851],[-75.30935,6.25961],[-75.30968056512052,6.257785005063802],[-75.31105,6.25851]],[[-75.31096,6.2585],[-75.31074,6.25836],[-75.31001,6.25908],[-75.31096,6.2585]]],[[[-75.30839,6.25995],[-75.30898,6.26171],[-75.30636,6.26029],[-75.30839,6.25995]],[[-75.30793,6.26045],[-75.30843,6.26034],[-75.30785,6.26031],[-75.30793,6.26045]]],[[[-75.30876,6.26004],[-75.3115185966736,6.2625358731808705],[-75.31111,6.26298],[-75.30876,6.26004]]],[[[-75.30693,6.26101],[-75.30792,6.26202],[-75.30953,6.2642],[-75.30828,6.26604],[-75.30693,6.26101]],[[-75.30843,6.26359],[-75.30851,6.26351],[-75.3084,6.26347],[-75.30843,6.26359]]],[[[-75.30809,6.26867],[-75.3108,6.26696],[-75.30901,6.27],[-75.30809,6.26867]],[[-75.3086,6.26872],[-75.30865,6.26883],[-75.3088,6.26875],[-75.3086,6.26872]]],[[[-75.30195,6.24514],[-75.30018,6.24212],[-75.30267,6.24358],[-75.30195,6.24514]]],[[[-75.30048,6.25287],[-75.30118,6.2532],[-75.29979,6.25341],[-75.29903,6.2516],[-75.30048,6.25287]]],[[[-75.30146,6.26955],[-75.30142,6.26995],[-75.29982,6.26557],[-75.30133,6.26707],[-75.30146,6.26955]]],[[[-75.30451,6.27087],[-75.30394,6.27186],[-75.30227,6.26891],[-75.30451,6.27087]]],[[[-75.29992,6.27486],[-75.29981992555386,6.273204222800246],[-75.30237,6.27682],[-75.29992,6.27486]],[[-75.3003,6.27474],[-75.30052,6.2744],[-75.30006,6.27466],[-75.3003,6.27474]]],[[[-75.29958,6.27841],[-75.29914,6.27722],[-75.3008,6.27672],[-75.29958,6.27841]]],[[[-75.3003,6.27778],[-75.30124,6.27989],[-75.30045,6.2805],[-75.3003,6.27778]]],[[[-75.30254,6.27945],[-75.30184,6.27859],[-75.30174,6.28143],[-75.30254,6.27945]]],[[[-75.29456,6.26903],[-75.29495,6.26785],[-75.29669,6.26877],[-75.29456,6.26903]]],[[[-75.29776,6.26938],[-75.30018,6.26951],[-75.3006,6.27119],[-75.29944,6.27095],[-75.29776,6.26938]],[[-75.29933,6.27069],[-75.2996,6.27054],[-75.29929,6.27046],[-75.29933,6.27069]]],[[[-75.29645951008645,6.2726832853026036],[-75.29667,6.2701],[-75.29732,6.27166],[-75.29645951008645,6.2726832853026036]]],[[[-75.29976016865196,6.273119492864722],[-75.29939,6.27371],[-75.29768,6.27017],[-75.29976016865196,6.273119492864722]]],[[[-75.29677,6.27471],[-75.2969,6.27249],[-75.29814,6.27191],[-75.29677,6.27471]]],[[[-75.29663,6.27326],[-75.2962,6.27548],[-75.29552,6.27295],[-75.29663,6.27326]]],[[[-75.2842,6.25888],[-75.2867,6.25889],[-75.28572,6.26023],[-75.2842,6.25888]]],[[[-75.28426,6.23556],[-75.28234,6.23411],[-75.28521,6.23513],[-75.28426,6.23556]]],[[[-75.28372,6.24682],[-75.284,6.24792],[-75.28095,6.24802],[-75.28372,6.24682]]],[[[-75.28212,6.25106],[-75.28249,6.25247],[-75.28043,6.25144],[-75.28212,6.25106]]],[[[-75.28132,6.23162],[-75.28023,6.23289],[-75.2801,6.23046],[-75.28132,6.23162]]],[[[-75.28025,6.23652],[-75.28138,6.23456],[-75.28151,6.23637],[-75.28025,6.23652]]],[[[-75.27694,6.24758],[-75.27583,6.24447],[-75.27668,6.24522],[-75.27765,6.24589],[-75.27721873301672,6.247176488127197],[-75.27886,6.2463],[-75.27694,6.24758]],[[-75.27705,6.24578],[-75.27732,6.2461],[-75.27721,6.24563],[-75.27705,6.24578]]],[[[-75.28031,6.25325],[-75.27911,6.2513],[-75.28167,6.25377],[-75.28031,6.25325]]],[[[-75.27875,6.25631],[-75.27834,6.25472],[-75.27979,6.25516],[-75.27875,6.25631]]],[[[-75.28087,6.26443],[-75.2794,6.26282],[-75.28186,6.26404],[-75.28087,6.26443]]],[[[-75.27331,6.16646],[-75.27398,6.1684],[-75.27198,6.16912],[-75.27322,6.16344],[-75.27466,6.16582],[-75.27347,6.16622],[-75.27669,6.16594],[-75.27609,6.16683],[-75.27331,6.16646]],[[-75.27578,6.16643],[-75.27554,6.16646],[-75.27565,6.16667],[-75.27578,6.16643]],[[-75.27374,6.16549],[-75.27416,6.16565],[-75.27358,6.16528],[-75.27374,6.16549]],[[-75.27263,6.16779],[-75.27254,6.16812],[-75.27289,6.16804],[-75.27263,6.16779]]],[[[-75.27666,6.1703],[-75.27711,6.17201],[-75.27486,6.16969],[-75.27666,6.1703]]],[[[-75.27694,6.23042],[-75.27449,6.22998],[-75.27547,6.22906],[-75.27694,6.23042]],[[-75.27526,6.22965],[-75.27553,6.22983],[-75.27553,6.22965],[-75.27526,6.22965]]],[[[-75.27809,6.23357],[-75.27517,6.23055],[-75.27704,6.23148],[-75.27809,6.23357]]],[[[-75.27294,6.23142],[-75.27495,6.23476],[-75.27274,6.23571],[-75.27294,6.23142]],[[-75.27286,6.23386],[-75.27319,6.23368],[-75.27292,6.23363],[-75.27286,6.23386]],[[-75.27331,6.23374],[-75.27339,6.23366],[-75.27328,6.23363],[-75.27331,6.23374]]],[[[-75.27252,6.24279],[-75.27171,6.24171],[-75.27496,6.24203],[-75.27252,6.24279]]],[[[-75.2745,6.25279],[-75.27743,6.25202],[-75.27531,6.25383],[-75.2745,6.25279]]],[[[-75.26966,6.14875],[-75.26808,6.14835],[-75.27057,6.14626],[-75.26966,6.14875]],[[-75.26952,6.14789],[-75.26936,6.14804],[-75.2697,6.14796],[-75.26952,6.14789]]],[[[-75.26908,6.15471],[-75.26701,6.15434],[-75.2666,6.15346],[-75.26760594615676,6.15398738924724],[-75.26841,6.14957],[-75.27033,6.14967],[-75.26908,6.15471]],[[-75.26997,6.1498],[-75.26975,6.14974],[-75.26981,6.14996],[-75.26997,6.1498]],[[-75.26882,6.14987],[-75.26951,6.14979],[-75.26919,6.14971],[-75.26882,6.14987]],[[-75.26918,6.15096],[-75.26948,6.15114],[-75.26961,6.15073],[-75.26918,6.15096]]],[[[-75.27014,6.15422],[-75.27214,6.15398],[-75.27149,6.15719],[-75.27014,6.15422]],[[-75.27116,6.1545],[-75.27084,6.15444],[-75.27065,6.15475],[-75.27116,6.1545]]],[[[-75.26912,6.15961],[-75.26807958050257,6.154749263357759],[-75.26981,6.15756],[-75.26912,6.15961]],[[-75.26925,6.15845],[-75.26914,6.15842],[-75.26917,6.15853],[-75.26925,6.15845]]],[[[-75.27333,6.16272],[-75.27077,6.16294],[-75.26901,6.16019],[-75.27117,6.16214],[-75.27089965403624,6.161761515650741],[-75.27297,6.16112],[-75.26955,6.16021],[-75.27008,6.1572],[-75.27161,6.15833],[-75.27,6.15857],[-75.26993,6.16009],[-75.27388,6.15927],[-75.27333,6.16272]],[[-75.27204,6.16212],[-75.27207,6.16223],[-75.27215,6.16215],[-75.27204,6.16212]],[[-75.27312,6.1604],[-75.27315,6.16051],[-75.27323,6.16043],[-75.27312,6.1604]],[[-75.272,6.16052],[-75.27225,6.16032],[-75.27212,6.16022],[-75.272,6.16052]],[[-75.2733,6.16041],[-75.2736,6.16035],[-75.27339,6.16022],[-75.2733,6.16041]],[[-75.2705,6.16204],[-75.27064,6.16237],[-75.27072,6.1621],[-75.2705,6.16204]],[[-75.27022,6.15788],[-75.27029,6.1581],[-75.27062,6.15811],[-75.27022,6.15788]],[[-75.27237,6.1617],[-75.27252,6.16144],[-75.2723,6.1614],[-75.27237,6.1617]]],[[[-75.26839,6.22885],[-75.265,6.22798],[-75.26717,6.22763],[-75.26839,6.22885]]],[[[-75.26904,6.23203],[-75.26777231454007,6.2342177151335605],[-75.26682,6.23264],[-75.26904,6.23203]]],[[[-75.26903,6.24447],[-75.26742,6.24709],[-75.26783,6.24326],[-75.26956,6.2429],[-75.27055,6.24457],[-75.26903,6.24447]],[[-75.26906,6.24371],[-75.26906,6.24322],[-75.26857,6.24357],[-75.26906,6.24371]],[[-75.26846,6.2442],[-75.26873,6.24432],[-75.26863,6.24408],[-75.26846,6.2442]],[[-75.26873,6.24397],[-75.26881,6.24389],[-75.2687,6.24386],[-75.26873,6.24397]]],[[[-75.271,6.24568],[-75.2697,6.24643],[-75.26906,6.24521],[-75.271,6.24568]]],[[[-75.27004,6.25203],[-75.27034,6.25],[-75.27065,6.2516],[-75.26971,6.25235],[-75.26817,6.25163],[-75.26788,6.24924],[-75.26857,6.25103],[-75.26941,6.24978],[-75.26881,6.25134],[-75.27004,6.25203]]],[[[-75.26595,6.16846],[-75.26282,6.16694],[-75.26481,6.16761],[-75.26557,6.16662],[-75.26595,6.16846]]],[[[-75.26335,6.23839],[-75.26251,6.23823],[-75.26243,6.23528],[-75.26335,6.23839]]],[[[-75.25159,6.15552],[-75.24776394501488,6.150742410946884],[-75.24929159484101,6.150065308098403],[-75.2492,6.15234],[-75.25159,6.15552]]],[[[-75.24465,6.15658],[-75.24276,6.15467],[-75.24442,6.1552],[-75.24465,6.15658]]],[[[-75.25039,6.15523],[-75.25843,6.15804],[-75.2559,6.15913],[-75.2532,6.15815],[-75.25039,6.15523]],[[-75.25237,6.15665],[-75.25224,6.15656],[-75.25227,6.15696],[-75.25237,6.15665]],[[-75.25573,6.15795],[-75.25599,6.15769],[-75.25568,6.15764],[-75.25573,6.15795]],[[-75.25496,6.15795],[-75.25527,6.15776],[-75.25486,6.15764],[-75.25496,6.15795]],[[-75.2541,6.15778],[-75.25472,6.15752],[-75.25405,6.15746],[-75.2541,6.15778]],[[-75.25592,6.15805],[-75.25488,6.15801],[-75.25606,6.15839],[-75.25592,6.15805]],[[-75.25321,6.15652],[-75.25269,6.15671],[-75.25373,6.15715],[-75.25321,6.15652]]],[[[-75.25046,6.21153],[-75.251,6.20968],[-75.25147,6.21202],[-75.25046,6.21153]]]]}},{"type":"Feature","id":3,"properties":{"layer_id":"mass_movement","name":"Amenaza media","amenaza":"media","amenaza_label":"Amenaza media","category":"Amenaza media","source_id":"gis-mass_movement","provenance":"institutional","exact_site":false,"limitation":"Amenaza por movimiento en masa. No es la vulnerabilidad climática del reto."},"geometry":{"type":"MultiPolygon","coordinates":[[[[-75.45798,6.30486],[-75.45731,6.30478],[-75.45553,6.30139],[-75.45798,6.30486]],[[-75.45713,6.30415],[-75.45716,6.30426],[-75.45724,6.30418],[-75.45713,6.30415]]],[[[-75.43784,6.17665],[-75.44275,6.1765],[-75.4433,6.1783],[-75.43784,6.17665]],[[-75.44234,6.17708],[-75.44238,6.17729],[-75.44246,6.17713],[-75.44234,6.17708]]],[[[-75.45172,6.33237],[-75.45208,6.33546],[-75.45127,6.33513],[-75.45172,6.33237]]],[[[-75.43668,6.17339],[-75.43094,6.1697],[-75.43549,6.17158],[-75.43668,6.17339]]],[[[-75.42907,6.10899],[-75.42787,6.10871],[-75.4288,6.10715],[-75.42983,6.1077],[-75.42907,6.10899]],[[-75.42938,6.10782],[-75.42894,6.10792],[-75.42883,6.10859],[-75.42938,6.10782]]],[[[-75.42934,6.1254],[-75.43128,6.12459],[-75.43081,6.12598],[-75.42934,6.1254]]],[[[-75.42985,6.12885],[-75.4285269281682,6.130447808059177],[-75.4292,6.1255],[-75.42985,6.12885]]],[[[-75.42685,6.13042],[-75.42442,6.1339],[-75.4202074661003,6.132749518052604],[-75.42685,6.13042]]],[[[-75.4199,6.16132],[-75.42176,6.16164],[-75.42181246602236,6.1627723916490496],[-75.4199,6.16132]]],[[[-75.42004,6.16267],[-75.42181854267217,6.162903546007456],[-75.42188,6.16423],[-75.42004,6.16267]]],[[[-75.41777,6.17563],[-75.41731,6.17317],[-75.42088,6.17553],[-75.41777,6.17563]]],[[[-75.40848,6.08836],[-75.4091,6.08726],[-75.41001,6.08996],[-75.40848,6.08836]]],[[[-75.41948,6.11968],[-75.41754,6.11889],[-75.4188,6.11829],[-75.41948,6.11968]]],[[[-75.41657,6.13187],[-75.41389,6.13197],[-75.41359,6.13033],[-75.41657,6.13187]]],[[[-75.40826,6.13076],[-75.40498,6.13159],[-75.40891,6.13652],[-75.40563,6.13574],[-75.40408,6.12714],[-75.41021,6.12586],[-75.40826,6.13076]],[[-75.4071128982528,6.130037153134642],[-75.40624034129692,6.130332935153585],[-75.40645329809725,6.130381610993656],[-75.4071128982528,6.130037153134642]]],[[[-75.41898,6.13201],[-75.41717,6.13345],[-75.41803,6.13128],[-75.41898,6.13201]]],[[[-75.4145,6.13304],[-75.41577,6.13569],[-75.41207,6.1358],[-75.4145,6.13304]]],[[[-75.41693,6.14592],[-75.41883,6.1472],[-75.41936,6.14883],[-75.41693,6.14592]]],[[[-75.40907424833375,6.148045477659841],[-75.40499,6.14832],[-75.40838,6.14693],[-75.40907424833375,6.148045477659841]],[[-75.4084,6.14764],[-75.40852,6.14729],[-75.40821,6.14745],[-75.4084,6.14764]]],[[[-75.41616,6.1475],[-75.41486,6.15017],[-75.41482,6.14812],[-75.41616,6.1475]]],[[[-75.40994680198156,6.148340382551259],[-75.41134,6.1483],[-75.41302,6.15302],[-75.40994680198156,6.148340382551259]]],[[[-75.41641,6.17077],[-75.41639,6.16567],[-75.41666,6.17051],[-75.42124,6.17218],[-75.41641,6.17077]]],[[[-75.3954,6.03984],[-75.40008374317942,6.041668994199154],[-75.39467,6.0488],[-75.39249,6.04526],[-75.3954,6.03984]]],[[[-75.40375,6.136],[-75.39991,6.13268],[-75.3999,6.13228],[-75.40277,6.13455],[-75.4033,6.1318],[-75.40375,6.136]]],[[[-75.39516,6.13663],[-75.39175,6.13644],[-75.39817,6.13258],[-75.39516,6.13663]]],[[[-75.4015,6.15067],[-75.40394,6.14902],[-75.40263,6.151],[-75.4015,6.15067]]],[[[-75.4037340049674,6.226115166097483],[-75.40719,6.22739],[-75.40343,6.22675],[-75.4037340049674,6.226115166097483]]],[[[-75.39584,6.25693],[-75.39535,6.2588],[-75.39345,6.25728],[-75.39584,6.25693]]],[[[-75.38861,6.10969],[-75.39109,6.11101],[-75.3887,6.11377],[-75.38659,6.11272],[-75.38861,6.10969]],[[-75.38839,6.11333],[-75.38856,6.11308],[-75.38835,6.11303],[-75.38839,6.11333]],[[-75.38855,6.11274],[-75.38873,6.11243],[-75.38853,6.1124],[-75.38855,6.11274]],[[-75.38901,6.11148],[-75.38868,6.11181],[-75.38879,6.11198],[-75.38901,6.11148]]],[[[-75.3877738931776,6.127885158779896],[-75.39093,6.12499],[-75.39275,6.12461],[-75.3877738931776,6.127885158779896]]],[[[-75.38744,6.1289],[-75.39222,6.12522],[-75.3878,6.12922],[-75.38897,6.13022],[-75.38758,6.12994],[-75.38744,6.1289]]],[[[-75.38926,6.13523],[-75.39057,6.13469],[-75.39137094415427,6.135306110887907],[-75.39102,6.13638],[-75.38926,6.13523]],[[-75.39079,6.13601],[-75.39087,6.13578],[-75.39075,6.13572],[-75.39079,6.13601]]],[[[-75.38975,6.14417],[-75.39246,6.14201],[-75.39271,6.14568],[-75.38975,6.14417]]],[[[-75.38902,6.2735],[-75.38987,6.27473],[-75.38776,6.27484],[-75.38902,6.2735]]],[[[-75.38765,6.0445],[-75.38468051742097,6.037752810760884],[-75.39047,6.03827],[-75.38977,6.04614],[-75.38765,6.0445]]],[[[-75.38602,6.11996],[-75.38334,6.12133],[-75.38222358716173,6.117541843926997],[-75.38602,6.11996]],[[-75.3838,6.12097],[-75.38358,6.12091],[-75.38349,6.12112],[-75.3838,6.12097]]],[[[-75.38702,6.12034],[-75.3849,6.12444],[-75.38245,6.12457],[-75.38298,6.12185],[-75.38702,6.12034]],[[-75.38583,6.12239],[-75.3858184057971,6.1223378260869605],[-75.38579250000001,6.122302500000011],[-75.38583,6.12239]],[[-75.38346,6.12392],[-75.38362,6.12384],[-75.38341,6.1238],[-75.38346,6.12392]],[[-75.38302,6.12383],[-75.38326,6.12375],[-75.38296,6.12371],[-75.38302,6.12383]],[[-75.38543,6.12165],[-75.38551,6.12142],[-75.38539,6.12136],[-75.38543,6.12165]],[[-75.38381,6.12418],[-75.38398,6.1241],[-75.38377,6.12398],[-75.38381,6.12418]],[[-75.3835,6.12218],[-75.3837,6.12203],[-75.3834,6.12199],[-75.3835,6.12218]],[[-75.38452,6.12405],[-75.38431,6.12389],[-75.38426,6.12421],[-75.38452,6.12405]]],[[[-75.37946008856683,6.134007834138486],[-75.37985,6.13219],[-75.38165,6.13424],[-75.38252,6.13076],[-75.38377,6.13128],[-75.38527,6.12869],[-75.38443,6.12796],[-75.38704783049937,6.128363036494385],[-75.38211,6.13438],[-75.3807,6.13399],[-75.38172,6.13536],[-75.37879,6.14167],[-75.38131,6.13585],[-75.37946008856683,6.134007834138486]],[[-75.38526,6.12888],[-75.38534,6.1288],[-75.38523,6.12877],[-75.38526,6.12888]],[[-75.38535,6.12906],[-75.38543,6.12898],[-75.38532,6.12895],[-75.38535,6.12906]],[[-75.3805,6.13414],[-75.38066,6.13406],[-75.38045,6.13402],[-75.3805,6.13414]],[[-75.38354,6.13143],[-75.38321,6.1311],[-75.38313,6.13118],[-75.38354,6.13143]]],[[[-75.381,6.13958],[-75.38068,6.13818],[-75.3846,6.13212],[-75.381,6.13958]]],[[[-75.38342,6.14802],[-75.38291,6.14932],[-75.38162,6.14807],[-75.38342,6.14802]]],[[[-75.3721676158935,6.043931145535394],[-75.37316,6.04559],[-75.37223,6.04629],[-75.3721676158935,6.043931145535394]]],[[[-75.37786,6.11048],[-75.38055,6.11762],[-75.37727,6.11834],[-75.37313498793091,6.115166227648753],[-75.37686,6.11843],[-75.37474,6.12081],[-75.37707,6.11877],[-75.38136,6.11797],[-75.38291,6.1209],[-75.38183,6.12361],[-75.38036,6.12248],[-75.37775,6.12367],[-75.38078,6.12475],[-75.37731,6.1263],[-75.37845,6.12842],[-75.37681,6.12851],[-75.3771,6.13176],[-75.37561,6.13191],[-75.37503,6.13512],[-75.37382,6.13603],[-75.3772,6.13453],[-75.37688,6.13671],[-75.3713,6.13777],[-75.37433,6.14093],[-75.37013,6.13952],[-75.37582,6.14331],[-75.37211,6.1415],[-75.36781,6.15519],[-75.364,6.15711],[-75.36616,6.16074],[-75.35959,6.16166],[-75.3627,6.17173],[-75.35915,6.1714],[-75.35899,6.17308],[-75.35756,6.16902],[-75.35827,6.16936],[-75.35807,6.16632],[-75.35672,6.16513],[-75.35569,6.15953],[-75.35663,6.15289],[-75.3512,6.14637],[-75.35265,6.14259],[-75.35713,6.14103],[-75.35267,6.14246],[-75.35228989996773,6.141339192212553],[-75.3522,6.14286],[-75.3496,6.1458],[-75.34851,6.14249],[-75.34944,6.14139],[-75.34628,6.13993],[-75.34984,6.14029],[-75.34952,6.14472],[-75.35174,6.14262],[-75.35107,6.13766],[-75.35137,6.13891],[-75.35151,6.13588],[-75.35342,6.13307],[-75.35231,6.1306],[-75.35348,6.12801],[-75.34971,6.12357],[-75.34676,6.12983],[-75.34708,6.13189],[-75.34978,6.13128],[-75.34684,6.13425],[-75.351,6.13324],[-75.35102,6.13504],[-75.34683,6.13514],[-75.34584,6.13258],[-75.34754,6.12664],[-75.3476,6.12499],[-75.35039,6.12297],[-75.34851,6.12155],[-75.34894,6.11494],[-75.34653,6.11199],[-75.34782,6.10788],[-75.34897,6.11041],[-75.34886,6.10677],[-75.3462,6.10443],[-75.3635637191399,6.098617590201166],[-75.36505972340818,6.060450105274287],[-75.36947951529285,6.047520245258701],[-75.37332,6.04847],[-75.37352,6.04721],[-75.37388,6.04847],[-75.37211,6.05009],[-75.3716524055858,6.049064102845595],[-75.37154,6.0504],[-75.37270592162554,6.053862699564567],[-75.37536,6.05197],[-75.37609,6.04974],[-75.37428,6.04834],[-75.37703,6.04354],[-75.37541,6.04571],[-75.37552,6.04447],[-75.37499298996819,6.044087570344996],[-75.37477,6.04322],[-75.3723064779574,6.0437782423774316],[-75.37567646532901,6.040951382702792],[-75.38289136797101,6.0380098727391305],[-75.38516,6.04085],[-75.38484,6.03923],[-75.38551,6.04123],[-75.38434,6.04091],[-75.38609,6.04262],[-75.38623,6.04683],[-75.38844,6.05063],[-75.39311,6.05204],[-75.38338,6.05811],[-75.38377,6.05668],[-75.38055,6.05633],[-75.3783,6.05849],[-75.37081,6.05532],[-75.37166,6.05807],[-75.37512,6.0613],[-75.3725,6.05772],[-75.38232,6.05986],[-75.38454,6.05895],[-75.38348,6.07209],[-75.37981,6.07777],[-75.37993,6.08422],[-75.38101,6.08572],[-75.37991,6.08861],[-75.38873,6.10256],[-75.38755,6.10268],[-75.38782,6.10393],[-75.38494,6.10382],[-75.38641,6.10657],[-75.38859,6.10585],[-75.38093,6.11463],[-75.37921058982347,6.111637219106958],[-75.37962,6.1116],[-75.37854,6.11047],[-75.3804,6.10506],[-75.37881,6.10119],[-75.37917,6.10786],[-75.37786,6.11048]],[[-75.37264698836972,6.1147386533360635],[-75.37277,6.1151],[-75.37313498793091,6.115166227648753],[-75.37264698836972,6.1147386533360635]],[[-75.37213,6.11322],[-75.36943,6.11192],[-75.37264698836972,6.1147386533360635],[-75.37213,6.11322]],[[-75.38201,6.05533],[-75.38188705282147,6.055369172444895],[-75.38641,6.05611],[-75.38201,6.05533]],[[-75.37874407478932,6.124385733848316],[-75.37871404276605,6.124414984369133],[-75.37875,6.12439],[-75.37874407478932,6.124385733848316]],[[-75.37662,6.12587],[-75.37574,6.1281],[-75.37187,6.12822],[-75.37046,6.13012],[-75.37111,6.13641],[-75.37322,6.13569],[-75.37237,6.13286],[-75.37383,6.12993],[-75.37599,6.13028],[-75.37683,6.12625],[-75.37871404276605,6.124414984369133],[-75.37662,6.12587]],[[-75.38124169976511,6.055574789664744],[-75.37833848586075,6.056193656529861],[-75.37869,6.05703],[-75.38094,6.05577],[-75.38319,6.05603],[-75.38124169976511,6.055574789664744]],[[-75.3757027354275,6.055294862982215],[-75.37498,6.05401],[-75.37526862391435,6.055150064461699],[-75.3757027354275,6.055294862982215]],[[-75.37301560602994,6.05439856710102],[-75.37285994140277,6.0543201267224855],[-75.37287,6.05435],[-75.37301560602994,6.05439856710102]],[[-75.37514,6.05233],[-75.37522,6.05225],[-75.37511,6.05222],[-75.37514,6.05233]],[[-75.3802,6.05368],[-75.38028,6.0536],[-75.38017,6.05357],[-75.3802,6.05368]],[[-75.37494,6.04365],[-75.37502,6.04357],[-75.37491,6.04354],[-75.37494,6.04365]],[[-75.37487,6.05396],[-75.37495,6.05388],[-75.37484,6.05385],[-75.37487,6.05396]],[[-75.37593,6.04202],[-75.37601,6.04194],[-75.3759,6.04191],[-75.37593,6.04202]],[[-75.38526,6.05357],[-75.38533,6.05349],[-75.38522,6.05346],[-75.38526,6.05357]],[[-75.37974,6.05268],[-75.37982,6.0526],[-75.37971,6.05257],[-75.37974,6.05268]],[[-75.3848,6.05321],[-75.38488,6.05313],[-75.38477,6.0531],[-75.3848,6.05321]],[[-75.38299,6.05005],[-75.38307,6.04997],[-75.38296,6.04994],[-75.38299,6.05005]],[[-75.38389,6.05068],[-75.38397,6.0506],[-75.38386,6.05057],[-75.38389,6.05068]],[[-75.38444,6.05403],[-75.38452,6.05395],[-75.38441,6.05392],[-75.38444,6.05403]],[[-75.38417,6.05358],[-75.38425,6.0535],[-75.38414,6.05347],[-75.38417,6.05358]],[[-75.38091,6.05006],[-75.38099,6.04998],[-75.38088,6.04995],[-75.38091,6.05006]],[[-75.38408,6.05168],[-75.38416,6.0516],[-75.38405,6.05157],[-75.38408,6.05168]],[[-75.38478,6.04182],[-75.38485,6.04174],[-75.38474,6.04171],[-75.38478,6.04182]],[[-75.38091,6.04961],[-75.38099,6.04953],[-75.38088,6.0495],[-75.38091,6.04961]],[[-75.37767,6.0451],[-75.37783,6.04502],[-75.37762,6.04498],[-75.37767,6.0451]],[[-75.37587,6.05252],[-75.37595,6.05236],[-75.37583,6.05231],[-75.37587,6.05252]],[[-75.38036,6.04935],[-75.38022,6.04921],[-75.38014,6.04929],[-75.38036,6.04935]],[[-75.38443,6.05377],[-75.38429,6.05363],[-75.38421,6.05371],[-75.38443,6.05377]],[[-75.38001,6.05289],[-75.37978,6.05281],[-75.37993,6.05305],[-75.38001,6.05289]],[[-75.37621,6.05333],[-75.37607,6.0531],[-75.37599,6.05325],[-75.37621,6.05333]],[[-75.37624,6.05469],[-75.37632,6.05445],[-75.3762,6.05439],[-75.37624,6.05469]],[[-75.37596,6.05297],[-75.37604,6.05274],[-75.37592,6.05267],[-75.37596,6.05297]],[[-75.38019,6.05334],[-75.38004,6.05309],[-75.38011,6.0535],[-75.38019,6.05334]],[[-75.37928,6.0481],[-75.37912,6.04785],[-75.3792,6.04826],[-75.37928,6.0481]],[[-75.37748,6.04682],[-75.37757,6.0465],[-75.37744,6.04643],[-75.37748,6.04682]],[[-75.38399,6.05114],[-75.38408,6.05083],[-75.38395,6.05075],[-75.38399,6.05114]],[[-75.37486,6.0537],[-75.37462,6.05337],[-75.37454,6.05353],[-75.37486,6.0537]],[[-75.38579,6.05385],[-75.38546,6.05353],[-75.38539,6.05361],[-75.38579,6.05385]],[[-75.38318,6.03949],[-75.38343,6.03937],[-75.38311,6.03927],[-75.38318,6.03949]],[[-75.38549,6.05423],[-75.38532,6.05437],[-75.38559,6.05449],[-75.38549,6.05423]],[[-75.37973,6.0488],[-75.38001,6.0489],[-75.37961,6.04859],[-75.37973,6.0488]],[[-75.3832,6.05013],[-75.38358,6.05025],[-75.38353,6.05007],[-75.3832,6.05013]],[[-75.37847,6.04511],[-75.37807,6.04498],[-75.37787,6.04517],[-75.37847,6.04511]],[[-75.37624,6.05433],[-75.37632,6.05358],[-75.37619,6.05348],[-75.37624,6.05433]],[[-75.37694,6.04644],[-75.37666,6.04673],[-75.37677,6.04692],[-75.37694,6.04644]],[[-75.38461,6.05295],[-75.38409,6.05181],[-75.38401,6.05238],[-75.38461,6.05295]],[[-75.37633,6.04973],[-75.37659,6.04986],[-75.37609,6.04942],[-75.37633,6.04973]],[[-75.3755,6.04812],[-75.37528,6.04806],[-75.37526,6.04864],[-75.3755,6.04812]],[[-75.38228,6.04996],[-75.38154,6.04999],[-75.38173,6.05017],[-75.38228,6.04996]],[[-75.37591,6.04779],[-75.37555,6.04779],[-75.37555,6.04806],[-75.37591,6.04779]],[[-75.38215,6.05022],[-75.3816,6.05022],[-75.3816,6.0504],[-75.38215,6.05022]],[[-75.38401,6.05481],[-75.38436,6.05495],[-75.38427,6.05459],[-75.38401,6.05481]],[[-75.3859,6.05396],[-75.38643,6.05468],[-75.38634,6.05397],[-75.3859,6.05396]],[[-75.37895,6.04547],[-75.37831,6.04574],[-75.37871,6.04583],[-75.37895,6.04547]],[[-75.38301,6.05352],[-75.38382,6.05401],[-75.38346,6.05352],[-75.38301,6.05352]],[[-75.37749,6.04775],[-75.37699,6.0477],[-75.37689,6.04828],[-75.37749,6.04775]],[[-75.38058,6.05441],[-75.38031,6.05372],[-75.38082,6.05542],[-75.38058,6.05441]],[[-75.37614,6.04148],[-75.37735,6.0413],[-75.37607,6.04128],[-75.37614,6.04148]],[[-75.38512,6.05499],[-75.3845,6.0541],[-75.38431,6.05448],[-75.38512,6.05499]],[[-75.37709,6.05112],[-75.37682,6.04978],[-75.37633,6.05072],[-75.37709,6.05112]],[[-75.38663,6.05224],[-75.38722,6.05335],[-75.38887,6.05152],[-75.38663,6.05224]],[[-75.38375,6.05539],[-75.38378,6.05509],[-75.38339,6.05542],[-75.38375,6.05539]],[[-75.37581,6.0443],[-75.37554,6.04363],[-75.37576,6.04493],[-75.37581,6.0443]],[[-75.37236,6.04874],[-75.3727,6.04858],[-75.3723,6.04825],[-75.37236,6.04874]],[[-75.37302,6.04875],[-75.3727,6.04883],[-75.37257,6.04956],[-75.37302,6.04875]],[[-75.37287330220866,6.1224419330220865],[-75.37353,6.1229],[-75.37468,6.12246],[-75.37287330220866,6.1224419330220865]],[[-75.35385,6.12325],[-75.35367950205915,6.123787326843877],[-75.35995,6.12055],[-75.35385,6.12325]],[[-75.35352,6.12429],[-75.35657,6.12429],[-75.35364399417085,6.1238992304918725],[-75.35352,6.12429]],[[-75.35244,6.1388],[-75.35229508499933,6.141251478761478],[-75.35252866577909,6.140345317864089],[-75.35244,6.1388]],[[-75.34955,6.11876],[-75.34943,6.11873],[-75.34947,6.11884],[-75.34955,6.11876]],[[-75.35098,6.11514],[-75.35087,6.11511],[-75.3509,6.11522],[-75.35098,6.11514]],[[-75.35239,6.13629],[-75.35228,6.13626],[-75.35231,6.13637],[-75.35239,6.13629]],[[-75.35017,6.11659],[-75.35006,6.11656],[-75.35009,6.11667],[-75.35017,6.11659]],[[-75.35203,6.13638],[-75.35192,6.13635],[-75.35195,6.13646],[-75.35203,6.13638]],[[-75.34946,6.11903],[-75.34935,6.119],[-75.34938,6.11911],[-75.34946,6.11903]],[[-75.34869,6.14073],[-75.34858,6.1407],[-75.34861,6.14081],[-75.34869,6.14073]],[[-75.37432,6.0556],[-75.37421,6.05557],[-75.37424,6.05568],[-75.37432,6.0556]],[[-75.3783,6.05695],[-75.37819,6.05692],[-75.37822,6.05703],[-75.3783,6.05695]],[[-75.37992,6.05658],[-75.37981,6.05655],[-75.37984,6.05666],[-75.37992,6.05658]],[[-75.37526,6.08007],[-75.3753,6.08018],[-75.37537,6.0801],[-75.37526,6.08007]],[[-75.37684,6.08723],[-75.37673,6.0872],[-75.37676,6.08731],[-75.37684,6.08723]],[[-75.36729,6.09919],[-75.36718,6.09916],[-75.36721,6.09927],[-75.36729,6.09919]],[[-75.37138,6.10958],[-75.37127,6.10955],[-75.3713,6.10966],[-75.37138,6.10958]],[[-75.36711,6.09919],[-75.367,6.09916],[-75.36703,6.09927],[-75.36711,6.09919]],[[-75.37833,6.10739],[-75.37822,6.10736],[-75.37825,6.10747],[-75.37833,6.10739]],[[-75.3798,6.11706],[-75.37969,6.11703],[-75.37972,6.11714],[-75.3798,6.11706]],[[-75.37625,6.10821],[-75.37614,6.10818],[-75.37618,6.10829],[-75.37625,6.10821]],[[-75.38043,6.11733],[-75.38032,6.1173],[-75.38035,6.11741],[-75.38043,6.11733]],[[-75.37688,6.10703],[-75.37677,6.107],[-75.3768,6.10711],[-75.37688,6.10703]],[[-75.373,6.10849],[-75.37289,6.10846],[-75.37292,6.10857],[-75.373,6.10849]],[[-75.35015,6.1043],[-75.34994,6.10426],[-75.34999,6.10438],[-75.35015,6.1043]],[[-75.37414,6.0896],[-75.37393,6.08956],[-75.37398,6.08968],[-75.37414,6.0896]],[[-75.37655,6.11653],[-75.37634,6.1165],[-75.37639,6.11661],[-75.37655,6.11653]],[[-75.37094,6.11076],[-75.37073,6.11072],[-75.37078,6.11084],[-75.37094,6.11076]],[[-75.37752,6.10704],[-75.37732,6.107],[-75.37736,6.10712],[-75.37752,6.10704]],[[-75.35355,6.12933],[-75.35334,6.1293],[-75.35339,6.12941],[-75.35355,6.12933]],[[-75.37574,6.11852],[-75.37554,6.11849],[-75.37559,6.1186],[-75.37574,6.11852]],[[-75.34843,6.14048],[-75.34831,6.14043],[-75.34835,6.14064],[-75.34843,6.14048]],[[-75.34946,6.11625],[-75.34934,6.1162],[-75.34938,6.1164],[-75.34946,6.11625]],[[-75.34818,6.10974],[-75.34806,6.10969],[-75.3481,6.1099],[-75.34818,6.10974]],[[-75.36766,6.10057],[-75.36755,6.10052],[-75.36758,6.10072],[-75.36766,6.10057]],[[-75.37771,6.1085],[-75.37759,6.10845],[-75.37763,6.10865],[-75.37771,6.1085]],[[-75.37103,6.11141],[-75.37091,6.11136],[-75.37095,6.11156],[-75.37103,6.11141]],[[-75.38054,6.08661],[-75.38043,6.08656],[-75.38046,6.08677],[-75.38054,6.08661]],[[-75.37833,6.10434],[-75.37821,6.10429],[-75.37825,6.10449],[-75.37833,6.10434]],[[-75.37479,6.07985],[-75.37493,6.08],[-75.37501,6.07992],[-75.37479,6.07985]],[[-75.36989,6.11337],[-75.37003,6.11323],[-75.36996,6.11315],[-75.36989,6.11337]],[[-75.37859,6.08799],[-75.37851,6.08807],[-75.37873,6.08813],[-75.37859,6.08799]],[[-75.37847,6.10769],[-75.37861,6.10783],[-75.37869,6.10775],[-75.37847,6.10769]],[[-75.37664,6.07594],[-75.37634,6.0759],[-75.3764,6.07602],[-75.37664,6.07594]],[[-75.37933,6.08907],[-75.37949,6.08921],[-75.37965,6.08913],[-75.37933,6.08907]],[[-75.37989,6.10851],[-75.37973,6.10859],[-75.38005,6.10865],[-75.37989,6.10851]],[[-75.35071,6.13442],[-75.35079,6.13457],[-75.35086,6.13426],[-75.35071,6.13442]],[[-75.37175,6.09378],[-75.3719,6.09402],[-75.37198,6.09387],[-75.37175,6.09378]],[[-75.37784,6.10896],[-75.37799,6.10919],[-75.37807,6.10904],[-75.37784,6.10896]],[[-75.34956,6.10448],[-75.34971,6.10456],[-75.34979,6.10433],[-75.34956,6.10448]],[[-75.37613,6.11643],[-75.37637,6.11628],[-75.37621,6.1162],[-75.37613,6.11643]],[[-75.37249,6.11377],[-75.37236,6.1137],[-75.3724,6.114],[-75.37249,6.11377]],[[-75.37932,6.062],[-75.3791,6.06189],[-75.37915,6.06209],[-75.37932,6.062]],[[-75.38275,6.06235],[-75.38254,6.06224],[-75.38258,6.06244],[-75.38275,6.06235]],[[-75.35028,6.12192],[-75.35007,6.12189],[-75.3501,6.12209],[-75.35028,6.12192]],[[-75.3795,6.06238],[-75.37929,6.06234],[-75.3794,6.06254],[-75.3795,6.06238]],[[-75.3787,6.10569],[-75.37849,6.10564],[-75.3786,6.10585],[-75.3787,6.10569]],[[-75.37876,6.11375],[-75.37899,6.11398],[-75.37907,6.1139],[-75.37876,6.11375]],[[-75.35481,6.11959],[-75.35459,6.11953],[-75.35465,6.11975],[-75.35481,6.11959]],[[-75.37725,6.06105],[-75.37702,6.06099],[-75.37709,6.0612],[-75.37725,6.06105]],[[-75.38019,6.08582],[-75.38006,6.08575],[-75.38011,6.08614],[-75.38019,6.08582]],[[-75.3781,6.10369],[-75.37794,6.10365],[-75.37798,6.10394],[-75.3781,6.10369]],[[-75.38199,6.11207],[-75.38223,6.11185],[-75.38207,6.11175],[-75.38199,6.11207]],[[-75.37451,6.11919],[-75.37444,6.11927],[-75.37484,6.11951],[-75.37451,6.11919]],[[-75.35083,6.11454],[-75.35091,6.11505],[-75.35099,6.11481],[-75.35083,6.11454]],[[-75.38645,6.09943],[-75.38597,6.09939],[-75.38605,6.09951],[-75.38645,6.09943]],[[-75.35078,6.11529],[-75.3506,6.11559],[-75.35092,6.11542],[-75.35078,6.11529]],[[-75.37535,6.08652],[-75.37585,6.08636],[-75.37569,6.08628],[-75.37535,6.08652]],[[-75.37906,6.08861],[-75.37925,6.08895],[-75.37939,6.08879],[-75.37906,6.08861]],[[-75.3484,6.12612],[-75.34801,6.12588],[-75.34813,6.12612],[-75.3484,6.12612]],[[-75.37072,6.08918],[-75.3705,6.08912],[-75.37062,6.08951],[-75.37072,6.08918]],[[-75.35295,6.13049],[-75.35356,6.13034],[-75.35307,6.13026],[-75.35295,6.13049]],[[-75.38022,6.10315],[-75.37965,6.10311],[-75.37969,6.10325],[-75.38022,6.10315]],[[-75.36682,6.09989],[-75.36696,6.1001],[-75.36703,6.09976],[-75.36682,6.09989]],[[-75.3477,6.11317],[-75.34809,6.11282],[-75.34786,6.11274],[-75.3477,6.11317]],[[-75.37732,6.11035],[-75.37732,6.11062],[-75.3775,6.11035],[-75.37732,6.11035]],[[-75.37967,6.10898],[-75.37949,6.10925],[-75.37989,6.10904],[-75.37967,6.10898]],[[-75.34867,6.11269],[-75.34872,6.11234],[-75.34854,6.11256],[-75.34867,6.11269]],[[-75.37773,6.05623],[-75.37796,6.05611],[-75.37741,6.05606],[-75.37773,6.05623]],[[-75.37846,6.10715],[-75.37855,6.1074],[-75.37887,6.10748],[-75.37846,6.10715]],[[-75.37948,6.11209],[-75.37956,6.11217],[-75.37998,6.11149],[-75.37948,6.11209]],[[-75.371,6.05517],[-75.37119,6.05533],[-75.37145,6.0551],[-75.371,6.05517]],[[-75.37869,6.07843],[-75.37848,6.07897],[-75.37882,6.0785],[-75.37869,6.07843]],[[-75.36993,6.07164],[-75.3703,6.0717],[-75.3704,6.07152],[-75.36993,6.07164]],[[-75.37551,6.05923],[-75.37578,6.05931],[-75.37588,6.05906],[-75.37551,6.05923]],[[-75.34903,6.11443],[-75.34879,6.11439],[-75.34883,6.11472],[-75.34903,6.11443]],[[-75.3493,6.11644],[-75.34947,6.11749],[-75.34955,6.11726],[-75.3493,6.11644]],[[-75.37211,6.05526],[-75.37238,6.05533],[-75.37253,6.05507],[-75.37211,6.05526]],[[-75.37493,6.083],[-75.37484,6.08258],[-75.37459,6.08267],[-75.37493,6.083]],[[-75.37999,6.10662],[-75.38015,6.10676],[-75.38028,6.10623],[-75.37999,6.10662]],[[-75.34836,6.1343],[-75.34863,6.13441],[-75.34906,6.1342],[-75.34836,6.1343]],[[-75.34818,6.11309],[-75.34843,6.11316],[-75.34855,6.11281],[-75.34818,6.11309]],[[-75.37709,6.07333],[-75.37678,6.07292],[-75.37682,6.07334],[-75.37709,6.07333]],[[-75.34956,6.11759],[-75.34955,6.11848],[-75.34982,6.11762],[-75.34956,6.11759]],[[-75.37681,6.0613],[-75.37697,6.06098],[-75.37654,6.06109],[-75.37681,6.0613]],[[-75.37171,6.08119],[-75.3719,6.08147],[-75.3718,6.08048],[-75.37171,6.08119]],[[-75.37677,6.10745],[-75.37637,6.10789],[-75.37718,6.10762],[-75.37677,6.10745]],[[-75.37661,6.06068],[-75.37603,6.06063],[-75.37611,6.06103],[-75.37661,6.06068]],[[-75.37979,6.10257],[-75.38006,6.1027],[-75.38006,6.10206],[-75.37979,6.10257]],[[-75.3487,6.11385],[-75.34846,6.11327],[-75.34829,6.11345],[-75.3487,6.11385]],[[-75.3775,6.1079],[-75.37711,6.10858],[-75.37808,6.10795],[-75.3775,6.1079]],[[-75.35122,6.12324],[-75.35044,6.12298],[-75.35048,6.12321],[-75.35122,6.12324]],[[-75.37893,6.06184],[-75.37793,6.06116],[-75.37801,6.06144],[-75.37893,6.06184]],[[-75.37641,6.06154],[-75.37752,6.06178],[-75.37671,6.06139],[-75.37641,6.06154]],[[-75.37695,6.06047],[-75.37775,6.06119],[-75.37716,6.06031],[-75.37695,6.06047]],[[-75.37715,6.11744],[-75.3776,6.11699],[-75.37745,6.11649],[-75.37715,6.11744]],[[-75.34948,6.11614],[-75.34984,6.11399],[-75.34956,6.11518],[-75.34948,6.11614]],[[-75.38276,6.06027],[-75.38351,6.06018],[-75.38391,6.05953],[-75.38276,6.06027]],[[-75.38149,6.06228],[-75.38195,6.06193],[-75.38203,6.06126],[-75.38149,6.06228]],[[-75.37302,6.05816],[-75.37517,6.05907],[-75.37376,6.05812],[-75.37302,6.05816]],[[-75.37724,6.05949],[-75.37503,6.05927],[-75.37589,6.05993],[-75.37724,6.05949]],[[-75.36675,6.06428],[-75.36556,6.06318],[-75.36551,6.06467],[-75.36675,6.06428]],[[-75.38275,6.06033],[-75.37729,6.05927],[-75.38122,6.06048],[-75.38275,6.06033]],[[-75.3786,6.07129],[-75.37718,6.07332],[-75.37924,6.07377],[-75.3786,6.07129]],[[-75.38026,6.06205],[-75.37762,6.06016],[-75.38174,6.06317],[-75.38026,6.06205]],[[-75.38191,6.07163],[-75.38271,6.06942],[-75.38127,6.07029],[-75.38191,6.07163]],[[-75.38001,6.11092],[-75.37988,6.1094],[-75.37991,6.10993],[-75.38001,6.11092]],[[-75.36016,6.13727],[-75.36005,6.13724],[-75.36008,6.13735],[-75.36016,6.13727]],[[-75.35692,6.14162],[-75.35681,6.14158],[-75.35684,6.14169],[-75.35692,6.14162]],[[-75.35602,6.14469],[-75.35591,6.14466],[-75.35594,6.14477],[-75.35602,6.14469]],[[-75.36431,6.13699],[-75.3642,6.13696],[-75.36423,6.13707],[-75.36431,6.13699]],[[-75.35439,6.14225],[-75.35428,6.14222],[-75.35431,6.14233],[-75.35439,6.14225]],[[-75.35339,6.14144],[-75.35328,6.14141],[-75.35331,6.14152],[-75.35339,6.14144]],[[-75.37118,6.13824],[-75.37107,6.13821],[-75.3711,6.13832],[-75.37118,6.13824]],[[-75.37108,6.13643],[-75.37097,6.1364],[-75.371,6.13651],[-75.37108,6.13643]],[[-75.36386,6.13663],[-75.36375,6.1366],[-75.36378,6.13671],[-75.36386,6.13663]],[[-75.37172,6.13679],[-75.37161,6.13676],[-75.37164,6.13687],[-75.37172,6.13679]],[[-75.37495,6.1272],[-75.37484,6.12717],[-75.37487,6.12728],[-75.37495,6.1272]],[[-75.37504,6.12738],[-75.37493,6.12735],[-75.37496,6.12746],[-75.37504,6.12738]],[[-75.36964,6.13824],[-75.36953,6.13821],[-75.36956,6.13832],[-75.36964,6.13824]],[[-75.37513,6.12765],[-75.37502,6.12762],[-75.37505,6.12773],[-75.37513,6.12765]],[[-75.37873,6.12213],[-75.37862,6.1221],[-75.37865,6.12221],[-75.37873,6.12213]],[[-75.37757,6.12755],[-75.37746,6.12752],[-75.37749,6.12763],[-75.37757,6.12755]],[[-75.35621,6.14587],[-75.356,6.14584],[-75.35605,6.14595],[-75.35621,6.14587]],[[-75.35648,6.14578],[-75.35627,6.14574],[-75.35632,6.14586],[-75.35648,6.14578]],[[-75.36432,6.13636],[-75.36411,6.13632],[-75.36416,6.13644],[-75.36432,6.13636]],[[-75.35723,6.1569],[-75.35702,6.15686],[-75.35707,6.15698],[-75.35723,6.1569]],[[-75.37342,6.12757],[-75.37321,6.12753],[-75.37326,6.12765],[-75.37342,6.12757]],[[-75.37352,6.13299],[-75.37331,6.13296],[-75.37336,6.13307],[-75.37352,6.13299]],[[-75.35638,6.14155],[-75.35626,6.1415],[-75.3563,6.1417],[-75.35638,6.14155]],[[-75.35412,6.14137],[-75.354,6.14132],[-75.35404,6.14153],[-75.35412,6.14137]],[[-75.35385,6.14119],[-75.35373,6.14114],[-75.35377,6.14135],[-75.35385,6.14119]],[[-75.35611,6.14191],[-75.35599,6.14186],[-75.35603,6.14206],[-75.35611,6.14191]],[[-75.38144,6.12187],[-75.38133,6.12182],[-75.38136,6.12202],[-75.38144,6.12187]],[[-75.3754,6.12658],[-75.37529,6.12653],[-75.37532,6.12674],[-75.3754,6.12658]],[[-75.37614,6.13119],[-75.37602,6.13114],[-75.37606,6.13135],[-75.37614,6.13119]],[[-75.37809,6.11916],[-75.37798,6.11911],[-75.37801,6.11932],[-75.37809,6.11916]],[[-75.358,6.15707],[-75.35808,6.15715],[-75.35814,6.15693],[-75.358,6.15707]],[[-75.35746,6.15789],[-75.35754,6.15797],[-75.3576,6.15775],[-75.35746,6.15789]],[[-75.36468,6.15615],[-75.36476,6.15623],[-75.36482,6.15601],[-75.36468,6.15615]],[[-75.37455,6.12759],[-75.37469,6.12773],[-75.37477,6.12765],[-75.37455,6.12759]],[[-75.35468,6.1447],[-75.35437,6.14466],[-75.35444,6.14478],[-75.35468,6.1447]],[[-75.3828,6.12095],[-75.3825,6.12091],[-75.38256,6.12103],[-75.3828,6.12095]],[[-75.3819,6.12296],[-75.38178,6.1229],[-75.38182,6.1232],[-75.3819,6.12296]],[[-75.36921,6.13887],[-75.36899,6.13875],[-75.36904,6.13895],[-75.36921,6.13887]],[[-75.37703,6.12656],[-75.37682,6.12644],[-75.37686,6.12664],[-75.37703,6.12656]],[[-75.36405,6.137],[-75.36384,6.13696],[-75.36395,6.13716],[-75.36405,6.137]],[[-75.37471,6.13508],[-75.37449,6.13503],[-75.37461,6.13524],[-75.37471,6.13508]],[[-75.35679,6.1581],[-75.35657,6.15804],[-75.35664,6.15826],[-75.35679,6.1581]],[[-75.37794,6.12442],[-75.37772,6.12436],[-75.37778,6.12457],[-75.37794,6.12442]],[[-75.38191,6.12269],[-75.38169,6.12263],[-75.38175,6.12285],[-75.38191,6.12269]],[[-75.35736,6.15681],[-75.35759,6.15689],[-75.35769,6.15666],[-75.35736,6.15681]],[[-75.36495,6.13762],[-75.36465,6.13759],[-75.36469,6.13775],[-75.36495,6.13762]],[[-75.35674,6.16142],[-75.35689,6.1615],[-75.35706,6.16118],[-75.35674,6.16142]],[[-75.35805,6.13209],[-75.35793,6.13239],[-75.35818,6.13218],[-75.35805,6.13209]],[[-75.37617,6.12542],[-75.37649,6.12574],[-75.37657,6.12566],[-75.37617,6.12542]],[[-75.37551,6.12734],[-75.37529,6.12717],[-75.37534,6.12747],[-75.37551,6.12734]],[[-75.3755,6.13056],[-75.37561,6.13072],[-75.37569,6.13048],[-75.3755,6.13056]],[[-75.37678,6.13142],[-75.37647,6.13132],[-75.37654,6.13154],[-75.37678,6.13142]],[[-75.35969,6.1363],[-75.35956,6.13646],[-75.35988,6.13664],[-75.35969,6.1363]],[[-75.35772,6.15769],[-75.35804,6.15728],[-75.35796,6.1572],[-75.35772,6.15769]],[[-75.38121,6.12124],[-75.38137,6.12157],[-75.38154,6.12132],[-75.38121,6.12124]],[[-75.36171,6.16014],[-75.36186,6.16023],[-75.36194,6.15999],[-75.36171,6.16014]],[[-75.36569,6.15485],[-75.36557,6.15513],[-75.3659,6.15498],[-75.36569,6.15485]],[[-75.36352,6.13631],[-75.36311,6.13615],[-75.36319,6.1364],[-75.36352,6.13631]],[[-75.37737,6.12233],[-75.37717,6.12228],[-75.3773,6.1226],[-75.37737,6.12233]],[[-75.37748,6.12353],[-75.37757,6.12341],[-75.37703,6.12342],[-75.37748,6.12353]],[[-75.37794,6.12207],[-75.37778,6.12215],[-75.37846,6.12249],[-75.37794,6.12207]],[[-75.38157,6.12247],[-75.38162,6.12212],[-75.38144,6.12234],[-75.38157,6.12247]],[[-75.36248,6.16033],[-75.36267,6.16047],[-75.36276,6.16019],[-75.36248,6.16033]],[[-75.35726,6.16469],[-75.35743,6.16485],[-75.35753,6.16461],[-75.35726,6.16469]],[[-75.37088,6.13685],[-75.37066,6.13722],[-75.3713,6.13689],[-75.37088,6.13685]],[[-75.37654,6.135],[-75.3768,6.13515],[-75.37687,6.1348],[-75.37654,6.135]],[[-75.37738,6.11961],[-75.37722,6.11996],[-75.3778,6.11953],[-75.37738,6.11961]],[[-75.36993,6.1407],[-75.37042,6.1409],[-75.37038,6.14064],[-75.36993,6.1407]],[[-75.35546,6.14466],[-75.35507,6.14513],[-75.35567,6.1447],[-75.35546,6.14466]],[[-75.36741,6.13838],[-75.36691,6.13822],[-75.36699,6.13862],[-75.36741,6.13838]],[[-75.37427,6.13651],[-75.37552,6.13644],[-75.37504,6.13635],[-75.37427,6.13651]],[[-75.38153,6.12114],[-75.38181,6.12139],[-75.38198,6.12104],[-75.38153,6.12114]],[[-75.36625,6.15531],[-75.36667,6.15525],[-75.36662,6.1549],[-75.36625,6.15531]],[[-75.3755,6.12595],[-75.37501,6.1259],[-75.37514,6.12622],[-75.3755,6.12595]],[[-75.37417,6.13538],[-75.37368,6.13494],[-75.37383,6.13552],[-75.37417,6.13538]],[[-75.35703,6.15916],[-75.35649,6.15912],[-75.35652,6.15954],[-75.35703,6.15916]],[[-75.36977,6.1382],[-75.37029,6.13861],[-75.37039,6.13819],[-75.36977,6.1382]],[[-75.37641,6.12475],[-75.37712,6.12484],[-75.37722,6.12445],[-75.37641,6.12475]],[[-75.37598,6.13109],[-75.37659,6.13096],[-75.3765,6.1305],[-75.37598,6.13109]],[[-75.3567,6.16103],[-75.35714,6.16074],[-75.35682,6.16025],[-75.3567,6.16103]],[[-75.35744,6.16332],[-75.35753,6.16262],[-75.35717,6.16206],[-75.35744,6.16332]],[[-75.37574,6.13615],[-75.37602,6.13634],[-75.37652,6.1355],[-75.37574,6.13615]],[[-75.35687,6.1579],[-75.35742,6.1575],[-75.3572,6.1571],[-75.35687,6.1579]],[[-75.37055,6.13896],[-75.37161,6.13978],[-75.37075,6.13871],[-75.37055,6.13896]],[[-75.36948,6.13835],[-75.36757,6.13844],[-75.368,6.13916],[-75.36948,6.13835]],[[-75.35295,6.14381],[-75.35442,6.14309],[-75.35439,6.14251],[-75.35295,6.14381]],[[-75.3812,6.12087],[-75.38041,6.11866],[-75.3803,6.12041],[-75.3812,6.12087]],[[-75.36722,6.13949],[-75.36996,6.13918],[-75.36676782873576,6.139176072179606],[-75.36722,6.13949]],[[-75.3647136191554,6.136090729947127],[-75.36565,6.1384],[-75.36676782873576,6.139176072179606],[-75.3647136191554,6.136090729947127]],[[-75.36432,6.13512],[-75.36262,6.13517],[-75.3647136191554,6.136090729947127],[-75.36432,6.13512]],[[-75.35834,6.1697],[-75.35884,6.17081],[-75.35876,6.16659],[-75.35834,6.1697]],[[-75.37291,6.13275],[-75.37493,6.133],[-75.37421,6.13106],[-75.37291,6.13275]]],[[[-75.37788,6.14963],[-75.3778,6.15053],[-75.3745,6.15008],[-75.37788,6.14963]]],[[[-75.3679,6.15556],[-75.3673771609452,6.157745703116341],[-75.36656,6.1568],[-75.3679,6.15556]]],[[[-75.36332,6.16638],[-75.3652,6.16553],[-75.36323,6.16533],[-75.36354,6.16399],[-75.36339,6.16518],[-75.36596,6.16475],[-75.36415,6.16758],[-75.36531,6.16746],[-75.36365232205367,6.167808984830806],[-75.36332,6.16638]],[[-75.36375,6.16633],[-75.36443183169503,6.166334485734836],[-75.36446,6.16621],[-75.36375,6.16633]]],[[[-75.36416,6.17462],[-75.36419,6.17545],[-75.36809,6.17751],[-75.36219051231676,6.1772387093849215],[-75.36055,6.17942],[-75.3601,6.18167],[-75.35956,6.17796],[-75.36416,6.17462]]],[[[-75.5053942128308,6.181468588187885],[-75.50551527401097,6.191083982110733],[-75.4847053544711,6.19067811175717],[-75.4851,6.19165],[-75.48268,6.19766],[-75.48573,6.2014],[-75.48475,6.21033],[-75.49174,6.22865],[-75.48174,6.2302],[-75.47342,6.23663],[-75.47386,6.23974],[-75.47174,6.24453],[-75.47912,6.25176],[-75.4856,6.26216],[-75.48415,6.29069],[-75.48903,6.29548],[-75.48713,6.29881],[-75.491,6.30568],[-75.48345,6.31075],[-75.48233,6.31979],[-75.4755,6.31707],[-75.46657,6.31975],[-75.45535,6.32647],[-75.45905,6.32534],[-75.45297174112665,6.329579044618796],[-75.45164,6.33132],[-75.45127,6.33513],[-75.44947,6.33418],[-75.44855,6.33025],[-75.4428851589745,6.323128211705691],[-75.43587,6.32196],[-75.43145810753735,6.316479533788176],[-75.42299,6.31589],[-75.42068,6.3081],[-75.4277,6.29678],[-75.42314,6.28204],[-75.41751,6.28027],[-75.41295,6.27608],[-75.41044,6.26537],[-75.41002190153247,6.265435584073339],[-75.40881,6.26103],[-75.39872,6.26375],[-75.39972,6.2723],[-75.39555,6.27568],[-75.39327,6.27484],[-75.39327,6.2791],[-75.38734,6.29086],[-75.3888,6.29384],[-75.38573,6.29547],[-75.38384,6.30036],[-75.38218,6.30102],[-75.38384,6.30136],[-75.37035,6.30864],[-75.36679168782274,6.306515428154213],[-75.36754477092154,6.2942422233975766],[-75.3694230079237,6.2891389990031845],[-75.37111,6.28785],[-75.37151706616487,6.28579167860924],[-75.37128,6.28323],[-75.36878803494112,6.27848373814888],[-75.36819771491209,6.276653172393606],[-75.3675565966955,6.272864696774766],[-75.36765177491829,6.269023535337376],[-75.36902197515337,6.26383739810808],[-75.36145431669715,6.250446116142174],[-75.34809828652982,6.253418788025404],[-75.33668770941723,6.250483377862028],[-75.32308052854927,6.256436726668496],[-75.3178294321436,6.2701941477562295],[-75.3171289732247,6.271788140628644],[-75.31682,6.27168],[-75.31706434694989,6.271935206814322],[-75.31642523632704,6.2730850166427485],[-75.31607,6.27306],[-75.31606526964401,6.273724260428337],[-75.3152,6.27386],[-75.31493079846489,6.275341661826955],[-75.31065483122617,6.279417822089405],[-75.30537459764729,6.282066993972094],[-75.30351266575668,6.282577046162528],[-75.30184,6.27859],[-75.30162619804149,6.280853403410258],[-75.2971813978777,6.282949844388567],[-75.28481457392952,6.280155866242891],[-75.28286053342697,6.279546385693799],[-75.27623956868082,6.277069681364761],[-75.27762,6.2762],[-75.27565249361938,6.27681813294085],[-75.27423,6.27449],[-75.27525,6.26868],[-75.2786523560535,6.269550745151131],[-75.27114,6.25876],[-75.2714,6.25517],[-75.27016,6.25434],[-75.26976,6.25423],[-75.27068,6.2496],[-75.27004,6.25203],[-75.26881,6.25134],[-75.26941,6.24978],[-75.26857,6.25103],[-75.26788,6.24924],[-75.26788,6.25174],[-75.25882,6.24766],[-75.25951,6.23401],[-75.2621,6.22846],[-75.26344,6.22884],[-75.27007,6.23793],[-75.26168,6.22565],[-75.25829,6.2238],[-75.26225,6.2267],[-75.2617,6.22859],[-75.24827,6.21568],[-75.24306,6.20884],[-75.24064,6.19939],[-75.24576,6.18802],[-75.25192,6.18454],[-75.25072,6.19379],[-75.25233,6.18452],[-75.25129,6.18113],[-75.25688,6.17124],[-75.26239589749228,6.168112157229246],[-75.25664,6.16515],[-75.25441,6.16581],[-75.2519,6.16279],[-75.24981,6.15699],[-75.24572,6.15693],[-75.24712,6.15923],[-75.24311,6.15825],[-75.24166369322349,6.156211010106472],[-75.23798,6.16229],[-75.23827144975478,6.159708655184205],[-75.23748,6.16136],[-75.2369,6.16284],[-75.23511779820097,6.161537934758694],[-75.24019938789274,6.155301752503246],[-75.24776394501488,6.150742410946884],[-75.25159,6.15552],[-75.24883,6.15064],[-75.26363833533516,6.142258042704132],[-75.26811,6.14355],[-75.26616912499097,6.14151346202359],[-75.27364283311228,6.137654527321266],[-75.28561515456721,6.140404833466305],[-75.29049,6.13564],[-75.29867,6.14123],[-75.29886,6.14383],[-75.30449,6.14253],[-75.30267,6.1422],[-75.30334386167769,6.141933742459064],[-75.3025,6.13731],[-75.30224261550627,6.140665190721848],[-75.3027,6.14099],[-75.30243,6.1419],[-75.29994,6.14212],[-75.29388,6.13481],[-75.28927,6.13403],[-75.28719,6.13211],[-75.28873,6.13402],[-75.28625,6.13623],[-75.28087,6.13658],[-75.28031819952756,6.137926837882556],[-75.27552954556059,6.1367997222646835],[-75.28741563887102,6.13198241686546],[-75.28413000315298,6.113378056210457],[-75.28505815844368,6.107681528013933],[-75.28779,6.10244],[-75.29497,6.11019],[-75.28773478389536,6.102273674187859],[-75.2900356221952,6.0995198880385875],[-75.29302047083036,6.097079883281515],[-75.29625277201623,6.094926594770319],[-75.29678,6.09702],[-75.29643881111619,6.094815821145655],[-75.30179030644578,6.092372059247895],[-75.30891092989748,6.091433689593258],[-75.30922,6.09266],[-75.30891296758907,6.0914335433899325],[-75.3178036607534,6.090795640717417],[-75.32518591069365,6.091650215212196],[-75.33134403213164,6.09477155172417],[-75.3305,6.09654],[-75.33357,6.09958],[-75.33346,6.10218],[-75.33558,6.10012],[-75.33531,6.10349],[-75.34241,6.10605],[-75.34291,6.10916],[-75.34086,6.11291],[-75.3439,6.11354],[-75.34381,6.11805],[-75.3443405882353,6.116719411764705],[-75.34515,6.11819],[-75.34577,6.11889],[-75.343,6.1217],[-75.34534,6.12273],[-75.34742,6.12574],[-75.3471734097093,6.126829670628668],[-75.34356,6.12883],[-75.34439,6.14136],[-75.34886,6.14432],[-75.34873,6.14574],[-75.35072,6.14748],[-75.35103,6.159],[-75.35281,6.15972],[-75.35192,6.16007],[-75.35299,6.16384],[-75.35687,6.16862],[-75.35412,6.16822],[-75.35676,6.16939],[-75.35946,6.17721],[-75.3595,6.18057],[-75.35397,6.18382],[-75.3529,6.18326],[-75.35237,6.17692],[-75.35125,6.17635],[-75.35287,6.17375],[-75.35106,6.17514],[-75.34637,6.1733],[-75.34516,6.17112],[-75.34388,6.17276],[-75.33723,6.17124],[-75.33659366798052,6.170360704845815],[-75.33806,6.17032],[-75.33407,6.16966],[-75.33116,6.16756],[-75.33037,6.16899],[-75.32416,6.16855],[-75.32489,6.16801],[-75.32413320468643,6.167911378359751],[-75.32404,6.16569],[-75.32366,6.16748],[-75.3197,6.16716],[-75.31757,6.15832],[-75.31401,6.155],[-75.31357815939279,6.155899127134725],[-75.31037,6.15517],[-75.31112,6.15238],[-75.31161,6.15008],[-75.31013,6.15318],[-75.30526,6.15354],[-75.30435813868613,6.15248895985401],[-75.30448,6.15396],[-75.30946,6.15394],[-75.31078,6.15689],[-75.31571,6.15826],[-75.31854,6.16733],[-75.3319,6.17181],[-75.3318,6.17339],[-75.32839,6.17598],[-75.32928,6.17548],[-75.33255,6.17324],[-75.34745,6.17573],[-75.35108,6.17937],[-75.34868,6.18648],[-75.34513,6.18808],[-75.35032,6.19076],[-75.34964,6.19254],[-75.34708,6.1924],[-75.3469,6.19427],[-75.34543,6.19288],[-75.34795,6.19654],[-75.3444,6.19726],[-75.34415,6.20016],[-75.33799,6.20056],[-75.33423,6.19703],[-75.33214,6.20014],[-75.32948895476088,6.199146889271867],[-75.33179,6.20043],[-75.33583,6.199],[-75.33738,6.20094],[-75.33974,6.20143],[-75.33994225016546,6.200920589013898],[-75.34228065545688,6.200902873822296],[-75.34361,6.2025],[-75.34469,6.19862],[-75.34741,6.19844],[-75.34824,6.19562],[-75.35096,6.19626],[-75.35214238723873,6.192258481848182],[-75.36352,6.18876],[-75.36436,6.18602],[-75.36353,6.1879],[-75.36053,6.1864],[-75.36101,6.18511],[-75.36924,6.18569],[-75.36936,6.18716],[-75.37154,6.18641],[-75.37225,6.18806],[-75.372,6.18702],[-75.37421,6.18698],[-75.37377,6.18851],[-75.37439,6.18715],[-75.3767,6.18769],[-75.37792,6.19145],[-75.3736,6.19472],[-75.378,6.19299],[-75.37669,6.20261],[-75.37912,6.19944],[-75.37784,6.20413],[-75.38279,6.20471],[-75.38439,6.21571],[-75.38010685213492,6.217030157953735],[-75.3836,6.21696],[-75.38457,6.21598],[-75.38477,6.21786],[-75.38727,6.21741],[-75.39744,6.22832],[-75.40935,6.22955],[-75.40989,6.22775],[-75.41542,6.23918],[-75.42478,6.24948],[-75.42397,6.25464],[-75.42285,6.25551],[-75.42119,6.25748],[-75.42057,6.26141],[-75.42397,6.25618],[-75.42584,6.25716],[-75.42606,6.25036],[-75.4338,6.25439],[-75.4369,6.26238],[-75.4385,6.26255],[-75.43445,6.26776],[-75.43554,6.27168],[-75.44278,6.28586],[-75.44547,6.28424],[-75.44816,6.28679],[-75.44685,6.29425],[-75.44943,6.29391],[-75.4504,6.29688],[-75.45785,6.30551],[-75.45743,6.30649],[-75.45871638347566,6.306365511276549],[-75.46009,6.30933],[-75.45962,6.30743],[-75.46194,6.30556],[-75.46558,6.30572],[-75.46041,6.30336],[-75.46062,6.30432],[-75.4588,6.30565],[-75.45825,6.30362],[-75.4579083994559,6.303526059850374],[-75.45723,6.30191],[-75.45565,6.30127],[-75.45537,6.29959],[-75.45679,6.29965],[-75.45556,6.2994],[-75.4562,6.29798],[-75.45528,6.2971],[-75.45737,6.29624],[-75.46069,6.29686],[-75.45382,6.29534],[-75.45151,6.29288],[-75.45358,6.29106],[-75.44871,6.29079],[-75.44982,6.28758],[-75.44724,6.2804],[-75.44762,6.2777],[-75.44942,6.27682],[-75.44599,6.27748],[-75.44256,6.27615],[-75.44226,6.27466],[-75.43918,6.2729],[-75.43743,6.2682],[-75.43825,6.26586],[-75.43961,6.26689],[-75.43905,6.26608],[-75.44098,6.26354],[-75.43863,6.26043],[-75.44106,6.25915],[-75.43831,6.25957],[-75.44016,6.25902],[-75.43778871399411,6.258012203447495],[-75.43745,6.257],[-75.43857,6.25615],[-75.4404,6.25787],[-75.44497,6.25433],[-75.44046,6.25501],[-75.43835,6.2556],[-75.43646,6.25255],[-75.43441,6.25242],[-75.43364,6.25014],[-75.4371,6.24908],[-75.43922,6.24602],[-75.44102,6.24557],[-75.44398,6.24708],[-75.4432,6.24175],[-75.44157,6.2411],[-75.44094,6.2453],[-75.43868,6.246],[-75.43629,6.24888],[-75.43186,6.25004],[-75.4185,6.23809],[-75.41172,6.22786],[-75.40774,6.2273],[-75.3947,6.22301],[-75.38937,6.21248],[-75.39442,6.2152],[-75.39079,6.21261],[-75.38811,6.21208],[-75.37925,6.19785],[-75.38225419700214,6.201961006423981],[-75.38481,6.19868],[-75.38262,6.19561],[-75.38002,6.19806],[-75.38243,6.19516],[-75.38069,6.18579],[-75.37918,6.18718],[-75.36799,6.17901],[-75.368,6.1779],[-75.3714,6.17645],[-75.37057,6.17309],[-75.37119,6.17248],[-75.37014,6.17308],[-75.37039,6.17149],[-75.3674,6.16919],[-75.36773,6.1615],[-75.37512,6.15275],[-75.38957,6.15108],[-75.39129,6.15264],[-75.39076,6.15924],[-75.38798,6.16111],[-75.38986,6.16088],[-75.38924,6.16179],[-75.39022,6.16182],[-75.3915,6.16613],[-75.39062,6.16001],[-75.39445,6.16223],[-75.39103,6.15989],[-75.39165,6.15339],[-75.39455,6.15521],[-75.39455,6.1586],[-75.39482,6.15737],[-75.39724,6.15848],[-75.3989805694098,6.157631292601829],[-75.39167,6.15267],[-75.39447,6.15072],[-75.41157,6.15594],[-75.41405,6.15179],[-75.41378,6.15409],[-75.41172,6.15695],[-75.41613,6.16501],[-75.41453,6.16698],[-75.41585,6.16835],[-75.41568,6.17127],[-75.41474,6.17184],[-75.41592,6.17144],[-75.41647,6.17392],[-75.41566,6.1747],[-75.41923,6.17802],[-75.42182,6.1843],[-75.43245270950214,6.188529821059455],[-75.43001,6.18482],[-75.43265,6.18311],[-75.42883,6.18464],[-75.42244,6.18378],[-75.42572,6.18273],[-75.42213,6.18215],[-75.42081,6.17921],[-75.42243,6.17782],[-75.4227,6.17965],[-75.42257,6.16146],[-75.41597,6.15448],[-75.42153,6.14737],[-75.42511,6.14676],[-75.42556,6.14932],[-75.42867,6.14799],[-75.42543,6.14665],[-75.42985,6.14735],[-75.4323,6.14542],[-75.43388,6.1419],[-75.43808,6.14721],[-75.43453,6.13996],[-75.43541,6.13941],[-75.43593,6.13845],[-75.44988,6.14068],[-75.44281,6.1351],[-75.4484620838104,6.127934307304793],[-75.44856,6.12792],[-75.45233,6.11772],[-75.44809,6.11794],[-75.44591,6.12107],[-75.4434,6.118],[-75.43574,6.11569],[-75.43288,6.11769],[-75.43554,6.11547],[-75.43667,6.11253],[-75.435,6.11279],[-75.4376,6.11029],[-75.43447,6.11099],[-75.43372,6.10645],[-75.4321,6.10562],[-75.43217,6.10458],[-75.43361,6.1047],[-75.4337,6.10066],[-75.43538,6.09948],[-75.4325,6.09362],[-75.4351,6.09245],[-75.43049465545307,6.09409015735214],[-75.43009,6.09805],[-75.42326,6.1091],[-75.41709,6.10292],[-75.41741,6.10048],[-75.42051,6.09715],[-75.42083,6.09456],[-75.41987,6.09738],[-75.41793,6.09818],[-75.41217,6.10542],[-75.40353,6.10825],[-75.40313,6.10597],[-75.40174,6.10571],[-75.40365,6.10318],[-75.40006,6.10771],[-75.39668,6.10793],[-75.39788,6.106],[-75.38967,6.10819],[-75.39129,6.10564],[-75.39217,6.0999],[-75.39771,6.09624],[-75.39831,6.09732],[-75.39841,6.09624],[-75.40428,6.0983],[-75.39883,6.09622],[-75.40116,6.09415],[-75.40505,6.09384],[-75.40463,6.09326],[-75.40718,6.09205],[-75.40629,6.09161],[-75.40723,6.09008],[-75.40783,6.09244],[-75.4092,6.09049],[-75.41127,6.09094],[-75.41123,6.08943],[-75.41247,6.08996],[-75.41254,6.08636],[-75.41416,6.08644],[-75.41449,6.08316],[-75.41451,6.08146],[-75.41577,6.08124],[-75.41557,6.07956],[-75.41109,6.08304],[-75.40719,6.08992],[-75.40396,6.09116],[-75.40386,6.09313],[-75.40358,6.09076],[-75.39744,6.09511],[-75.39664,6.0968],[-75.39639,6.09582],[-75.39301,6.09798],[-75.3908,6.10118],[-75.3887,6.10095],[-75.38935,6.10037],[-75.38546,6.09204],[-75.39161,6.08858],[-75.38547,6.09161],[-75.38507,6.0934],[-75.38254,6.08232],[-75.38576,6.07533],[-75.3846,6.07551],[-75.38601,6.07381],[-75.38549,6.0675],[-75.38793694217041,6.059957822385233],[-75.38718,6.05921],[-75.39185,6.05763],[-75.39066,6.05608],[-75.39229,6.05574],[-75.39115,6.05497],[-75.39168,6.05358],[-75.39467,6.05267],[-75.39467,6.05033],[-75.40857,6.04373],[-75.42503,6.05178],[-75.42702,6.04792],[-75.41991814682353,6.0477562944146595],[-75.43302,6.04606],[-75.43302,6.04715],[-75.43302,6.04977],[-75.43512,6.05194],[-75.43459,6.05345],[-75.43583,6.05289],[-75.43635,6.05365],[-75.43665,6.05129],[-75.43371,6.05001],[-75.43321,6.04825],[-75.43413,6.04594],[-75.43736,6.04661],[-75.43459,6.04474],[-75.43426776414327,6.0414625075311505],[-75.44025520607988,6.039272244755666],[-75.44618889705319,6.039047697930261],[-75.45514101492158,6.042321683503276],[-75.45608749637935,6.043027015930829],[-75.45558,6.04526],[-75.45648452082422,6.043322884606535],[-75.45900261416699,6.0453803059905376],[-75.4644749436448,6.050905492050536],[-75.46593529593946,6.053457807983488],[-75.46696282169867,6.055926083347111],[-75.46988088594406,6.0648412724611855],[-75.47095398474119,6.06870064429692],[-75.4711955117283,6.0706914598121084],[-75.46923551777084,6.080803558834324],[-75.47956159708916,6.086254845285807],[-75.48251010678679,6.088888830141599],[-75.48582336163872,6.093792900933715],[-75.48719717078568,6.097663319218313],[-75.49204189015018,6.102053969690914],[-75.49186,6.10287],[-75.49321484681084,6.103598811336923],[-75.49423263835669,6.105250011932917],[-75.49508569153451,6.106992040438666],[-75.49658436857429,6.11259589952929],[-75.49665707801704,6.116470015822585],[-75.4948609417979,6.133621177481296],[-75.49544874516435,6.13493438299394],[-75.49606973101064,6.136789564165595],[-75.49650649359494,6.1386965405802165],[-75.49681243536351,6.142592572032941],[-75.49473277170058,6.159477115573783],[-75.49634105469354,6.160559852346099],[-75.49792273183228,6.161880207751534],[-75.49936017698144,6.16335628105969],[-75.50174304374788,6.166711435141517],[-75.50497513482837,6.177581101947111],[-75.5053942128308,6.181468588187885]],[[-75.27146,6.24345],[-75.27297,6.24486],[-75.27593,6.24504],[-75.27731423520369,6.247003957639424],[-75.27778,6.24637],[-75.2767,6.24469],[-75.27294,6.24483],[-75.27007,6.23793],[-75.27146,6.24345]],[[-75.28448,6.1427],[-75.28567,6.14074],[-75.28561515456721,6.140404833466305],[-75.28448,6.1427]],[[-75.30343,6.14206],[-75.30472,6.14139],[-75.30334386167769,6.141933742459064],[-75.30343,6.14206]],[[-75.30215329175947,6.14097763919822],[-75.30014,6.14151],[-75.30243,6.1419],[-75.30215329175947,6.14097763919822]],[[-75.39975379593733,6.157642687519076],[-75.39966,6.1573],[-75.3989805694098,6.157631292601829],[-75.39975379593733,6.157642687519076]],[[-75.40093,6.16194],[-75.40025,6.15765],[-75.39975379593733,6.157642687519076],[-75.40093,6.16194]],[[-75.4327314571401,6.18895316401392],[-75.43273,6.18881],[-75.43245270950214,6.188529821059455],[-75.4327314571401,6.18895316401392]],[[-75.43422,6.1975],[-75.44297,6.19676],[-75.44278,6.19612],[-75.43561,6.19618],[-75.43355,6.19045],[-75.4374366544656,6.190985754374957],[-75.4327314571401,6.18895316401392],[-75.43422,6.1975]],[[-75.4375,6.19102],[-75.43933999343689,6.1912619842485235],[-75.4374366544656,6.190985754374957],[-75.4375,6.19102]],[[-75.43049607738241,6.094076242757887],[-75.43049,6.09408],[-75.43049465545307,6.09409015735214],[-75.43049607738241,6.094076242757887]],[[-75.43137,6.09298],[-75.43158,6.08703],[-75.43049607738241,6.094076242757887],[-75.43137,6.09298]],[[-75.43244,6.04711],[-75.43257,6.04732],[-75.43302,6.04715],[-75.43244,6.04711]],[[-75.34613,6.18992],[-75.34599820008611,6.18967748815846],[-75.34467,6.18981],[-75.34613,6.18992]],[[-75.32818,6.19739],[-75.32728,6.19807],[-75.32878094358973,6.200372689855064],[-75.32897519238794,6.198939862281944],[-75.32818,6.19739]],[[-75.39311,6.27669],[-75.39251125318066,6.275531768447838],[-75.39203,6.27633],[-75.39311,6.27669]],[[-75.38963,6.27345],[-75.38837506471958,6.272363136408923],[-75.38747114787145,6.271580279852959],[-75.38833,6.2737],[-75.38526,6.27427],[-75.38543,6.27516],[-75.38879,6.27557],[-75.38646,6.2755],[-75.38871,6.27592],[-75.38929,6.27797],[-75.39039,6.27414],[-75.39184774876679,6.2754625148834835],[-75.39006,6.27374],[-75.39204,6.27262],[-75.39061,6.27227],[-75.38963,6.27345]],[[-75.38676814519529,6.2767503583885915],[-75.38667813231227,6.276385113805565],[-75.38662,6.2769],[-75.38676814519529,6.2767503583885915]],[[-75.39093,6.27669],[-75.39051489052157,6.276731772022987],[-75.39093906567498,6.276834043502666],[-75.39093,6.27669]],[[-75.39038,6.27888],[-75.39111,6.27955],[-75.39093906567498,6.276834043502666],[-75.39038,6.27888]],[[-75.38743680812459,6.271495526435159],[-75.38963572459409,6.270815598316301],[-75.38739,6.27138],[-75.38743680812459,6.271495526435159]],[[-75.39123894607681,6.270319865357827],[-75.39195,6.2701],[-75.39464233184822,6.2673625452716335],[-75.39271,6.26797],[-75.39123894607681,6.270319865357827]],[[-75.39342607954417,6.265028114274086],[-75.39553,6.26646],[-75.39332,6.26342],[-75.39342607954417,6.265028114274086]],[[-75.39038,6.26275],[-75.38894,6.26205],[-75.38902,6.26258],[-75.39038,6.26275]],[[-75.385561599826,6.248638942950632],[-75.38665,6.2465],[-75.38551,6.24849],[-75.385561599826,6.248638942950632]],[[-75.39496,6.23105],[-75.39637,6.23049],[-75.397,6.23201],[-75.39874,6.23244],[-75.39654,6.22949],[-75.39139,6.23121],[-75.39387,6.23082],[-75.39546,6.23691],[-75.39075,6.24207],[-75.38013446337321,6.233063908365655],[-75.38119563285933,6.2388096227523775],[-75.38528,6.23792],[-75.39083,6.24234],[-75.39656,6.23817],[-75.39496,6.23105]],[[-75.38044,6.23916],[-75.37998215365484,6.241840076166823],[-75.38119563285933,6.2388096227523775],[-75.38044,6.23916]],[[-75.38002886354275,6.23249213686916],[-75.38005048045805,6.232375405526514],[-75.37238,6.23378],[-75.38002886354275,6.23249213686916]],[[-75.38087,6.22795],[-75.3795,6.22204],[-75.37930827551278,6.221932154975946],[-75.38087,6.22795]],[[-75.37891422921659,6.220413763247946],[-75.38005064321733,6.217115210921137],[-75.37862,6.21928],[-75.37891422921659,6.220413763247946]],[[-75.47487,6.13769],[-75.47474,6.12281],[-75.47448372278998,6.1224370024765244],[-75.47487,6.13769]],[[-75.47666,6.14225],[-75.47595,6.13824],[-75.47487,6.13769],[-75.47666,6.14225]],[[-75.46593,6.12002],[-75.46707,6.11845],[-75.46512,6.11674],[-75.4702,6.11826],[-75.47420446765406,6.12203056183315],[-75.47037,6.11807],[-75.46381900051986,6.115523441900412],[-75.46593,6.12002]],[[-75.46883,6.10103],[-75.46974,6.10177],[-75.46878612764816,6.100806293912571],[-75.46756683252624,6.101989927199448],[-75.46035,6.10775],[-75.45881,6.10769],[-75.45928,6.10858],[-75.45748,6.10863],[-75.45662,6.11188],[-75.45334,6.11452],[-75.45639,6.11343],[-75.45857,6.10904],[-75.46316225856795,6.112819908858232],[-75.45887,6.10923],[-75.4631146547257,6.106252800495664],[-75.46904,6.10386],[-75.46883,6.10103]],[[-75.45414,6.10053],[-75.45306,6.10234],[-75.45045,6.1028],[-75.44726,6.10562],[-75.44879,6.10479],[-75.44881,6.10804],[-75.45032,6.10397],[-75.45363,6.10288],[-75.45483,6.1012],[-75.46351,6.10032],[-75.46449,6.09909],[-75.45933,6.09773],[-75.45995,6.09848],[-75.45984597709551,6.099231801900586],[-75.46079196823868,6.099851359480269],[-75.45414,6.10053]],[[-75.45572,6.097],[-75.45943,6.09831],[-75.45769423891703,6.099569283868965],[-75.45995,6.09848],[-75.45572,6.097]],[[-75.4494769454035,6.087582796649803],[-75.44600706781485,6.079700502608256],[-75.44673,6.08212],[-75.4494769454035,6.087582796649803]],[[-75.44599,6.07909],[-75.44599856186376,6.079396251281003],[-75.44867,6.07687],[-75.44599,6.07909]],[[-75.45106687714615,6.07221196955834],[-75.44796275300004,6.076417361920025],[-75.44989,6.07516],[-75.45106687714615,6.07221196955834]],[[-75.44052,6.0634],[-75.44231687572069,6.067979740659402],[-75.44048,6.06313],[-75.44209,6.0605],[-75.43949,6.0644],[-75.44052,6.0634]],[[-75.44194,6.06031],[-75.43947,6.05837],[-75.44019,6.05995],[-75.44209,6.0605],[-75.44194,6.06031]],[[-75.44345642335766,6.059582544316996],[-75.44403,6.06032],[-75.44349,6.05956],[-75.44345642335766,6.059582544316996]],[[-75.44506197260023,6.05493284067325],[-75.44372,6.05541],[-75.44494,6.05788],[-75.4469,6.05716],[-75.44506197260023,6.05493284067325]],[[-75.44586,6.04974],[-75.4457942137272,6.049624874022601],[-75.44580940222438,6.04994281989714],[-75.44586,6.04974]],[[-75.44551818181819,6.049141818181821],[-75.44545,6.04907],[-75.44548,6.04918],[-75.44551818181819,6.049141818181821]],[[-75.44493,6.04457],[-75.44369,6.04573],[-75.44423659221597,6.046465899763938],[-75.44493,6.04457]],[[-75.4409,6.04359],[-75.44394,6.04522],[-75.44429420018788,6.04226318786119],[-75.43936,6.04355],[-75.44238,6.04289],[-75.4409,6.04359]],[[-75.47608,6.17173],[-75.47317,6.16542],[-75.47367,6.16968],[-75.47608,6.17173]],[[-75.47594711343308,6.1579403881397194],[-75.47593,6.15794],[-75.47452,6.15863],[-75.47594711343308,6.1579403881397194]],[[-75.47486984204794,6.155430959513447],[-75.47472,6.15591],[-75.47593,6.15794],[-75.47486984204794,6.155430959513447]],[[-75.47559370967741,6.152136290322581],[-75.47608399870909,6.149501865578415],[-75.47513,6.1526],[-75.47559370967741,6.152136290322581]],[[-75.47552526215242,6.145154928889803],[-75.47541,6.14545],[-75.47548373497338,6.145840896365745],[-75.47552526215242,6.145154928889803]],[[-75.48078,6.15805],[-75.47629203419811,6.157948211084905],[-75.48204114011433,6.158727122209039],[-75.48078,6.15805]],[[-75.48,6.08925],[-75.47994,6.09316],[-75.47902,6.09237],[-75.47538,6.09415],[-75.47516,6.09585],[-75.47821,6.09407],[-75.47974,6.09619],[-75.4808,6.09674],[-75.48034,6.09517],[-75.48489,6.09394],[-75.48294,6.09315],[-75.48,6.08925]],[[-75.47349,6.09624],[-75.4723,6.09736],[-75.46877,6.10079],[-75.47230543908739,6.097389914980623],[-75.47349,6.09624]],[[-75.44216,6.06167],[-75.44205,6.06164],[-75.44208,6.06175],[-75.44216,6.06167]],[[-75.45098,6.05053],[-75.45087,6.0505],[-75.4509,6.05061],[-75.45098,6.05053]],[[-75.44162,6.06176],[-75.44151,6.06173],[-75.44154,6.06184],[-75.44162,6.06176]],[[-75.44997,6.07828],[-75.44986,6.07825],[-75.44989,6.07836],[-75.44997,6.07828]],[[-75.44225,6.06149],[-75.44214,6.06146],[-75.44217,6.06157],[-75.44225,6.06149]],[[-75.45215,6.04727],[-75.45204,6.04724],[-75.45207,6.04735],[-75.45215,6.04727]],[[-75.45474,6.04561],[-75.45477,6.04572],[-75.45485,6.04564],[-75.45474,6.04561]],[[-75.45585,6.04582],[-75.45574,6.04579],[-75.45577,6.0459],[-75.45585,6.04582]],[[-75.45672,6.06986],[-75.45661,6.06983],[-75.45664,6.06994],[-75.45672,6.06986]],[[-75.44846,6.05361],[-75.44835,6.05358],[-75.44838,6.05369],[-75.44846,6.05361]],[[-75.46236,6.0524],[-75.46225,6.05237],[-75.46229,6.05248],[-75.46236,6.0524]],[[-75.46078,6.06886],[-75.46067,6.06882],[-75.4607,6.06893],[-75.46078,6.06886]],[[-75.45503,6.04347],[-75.45492,6.04344],[-75.45495,6.04355],[-75.45503,6.04347]],[[-75.45404,6.08189],[-75.45393,6.08186],[-75.45396,6.08197],[-75.45404,6.08189]],[[-75.45557,6.0799],[-75.45546,6.07987],[-75.45549,6.07998],[-75.45557,6.0799]],[[-75.44844,6.0819],[-75.44833,6.08187],[-75.44836,6.08198],[-75.44844,6.0819]],[[-75.45337,6.0677],[-75.45326,6.06767],[-75.45329,6.06778],[-75.45337,6.0677]],[[-75.46165,6.08937],[-75.46154,6.08934],[-75.46157,6.08945],[-75.46165,6.08937]],[[-75.46684,6.10807],[-75.46673,6.10804],[-75.46676,6.10815],[-75.46684,6.10807]],[[-75.46415,6.11323],[-75.46404,6.1132],[-75.46407,6.11331],[-75.46415,6.11323]],[[-75.4622,6.05891],[-75.46209,6.05888],[-75.46212,6.05899],[-75.4622,6.05891]],[[-75.46346,6.05673],[-75.46335,6.0567],[-75.46338,6.05681],[-75.46346,6.05673]],[[-75.46178,6.07102],[-75.46167,6.07099],[-75.4617,6.0711],[-75.46178,6.07102]],[[-75.46238,6.09208],[-75.46226,6.09205],[-75.4623,6.09216],[-75.46238,6.09208]],[[-75.45695,6.08875],[-75.45684,6.08872],[-75.45687,6.08883],[-75.45695,6.08875]],[[-75.47443,6.10941],[-75.47432,6.10938],[-75.47435,6.10949],[-75.47443,6.10941]],[[-75.46857,6.11385],[-75.46846,6.11382],[-75.46849,6.11393],[-75.46857,6.11385]],[[-75.46061,6.10863],[-75.4605,6.1086],[-75.46053,6.10871],[-75.46061,6.10863]],[[-75.47455,6.11863],[-75.47444,6.1186],[-75.47447,6.11871],[-75.47455,6.11863]],[[-75.4658,6.05338],[-75.46569,6.05335],[-75.46572,6.05346],[-75.4658,6.05338]],[[-75.46999,6.06621],[-75.46987,6.06618],[-75.46991,6.06629],[-75.46999,6.06621]],[[-75.46519,6.06252],[-75.46508,6.06249],[-75.46511,6.0626],[-75.46519,6.06252]],[[-75.46691,6.06405],[-75.4668,6.06402],[-75.46683,6.06413],[-75.46691,6.06405]],[[-75.46517,6.09135],[-75.46506,6.09132],[-75.46509,6.09143],[-75.46517,6.09135]],[[-75.46998,6.1011],[-75.46987,6.10107],[-75.46991,6.10118],[-75.46998,6.1011]],[[-75.463,6.06186],[-75.46303,6.06197],[-75.46311,6.06189],[-75.463,6.06186]],[[-75.44628,6.04991],[-75.44617,6.04988],[-75.4462,6.04999],[-75.44628,6.04991]],[[-75.46209,6.05267],[-75.46198,6.05264],[-75.46201,6.05275],[-75.46209,6.05267]],[[-75.46689,6.05844],[-75.46678,6.05841],[-75.46682,6.05852],[-75.46689,6.05844]],[[-75.45738,6.04409],[-75.45727,6.04406],[-75.4573,6.04417],[-75.45738,6.04409]],[[-75.45109,6.05731],[-75.45098,6.05728],[-75.45101,6.05739],[-75.45109,6.05731]],[[-75.46354,6.05348],[-75.46343,6.05345],[-75.46346,6.05356],[-75.46354,6.05348]],[[-75.46498,6.08674],[-75.46487,6.08671],[-75.4649,6.08682],[-75.46498,6.08674]],[[-75.46471,6.08747],[-75.4646,6.08744],[-75.46463,6.08755],[-75.46471,6.08747]],[[-75.47322,6.09567],[-75.47311,6.09564],[-75.47314,6.09575],[-75.47322,6.09567]],[[-75.47334,6.10471],[-75.47323,6.10468],[-75.47326,6.10479],[-75.47334,6.10471]],[[-75.47026,6.10472],[-75.47015,6.10469],[-75.47019,6.1048],[-75.47026,6.10472]],[[-75.46442,6.11287],[-75.46431,6.11284],[-75.46434,6.11295],[-75.46442,6.11287]],[[-75.47879,6.11708],[-75.47868,6.11705],[-75.47871,6.11716],[-75.47879,6.11708]],[[-75.4769,6.12143],[-75.47679,6.1214],[-75.47682,6.12151],[-75.4769,6.12143]],[[-75.47445,6.11845],[-75.47434,6.11842],[-75.47438,6.11853],[-75.47445,6.11845]],[[-75.48003,6.14537],[-75.47992,6.14534],[-75.47996,6.14545],[-75.48003,6.14537]],[[-75.47108,6.06982],[-75.47097,6.06979],[-75.471,6.0699],[-75.47108,6.06982]],[[-75.46763,6.06432],[-75.46752,6.06429],[-75.46755,6.0644],[-75.46763,6.06432]],[[-75.47726,6.08725],[-75.47715,6.08722],[-75.47719,6.08733],[-75.47726,6.08725]],[[-75.46727,6.09795],[-75.46716,6.09792],[-75.46719,6.09803],[-75.46727,6.09795]],[[-75.47965,6.10298],[-75.47954,6.10295],[-75.47957,6.10306],[-75.47965,6.10298]],[[-75.47566,6.09666],[-75.47555,6.09663],[-75.47558,6.09674],[-75.47566,6.09666]],[[-75.47916,6.08607],[-75.47905,6.08604],[-75.47908,6.08615],[-75.47916,6.08607]],[[-75.47879,6.11943],[-75.47868,6.1194],[-75.47871,6.11951],[-75.47879,6.11943]],[[-75.47319,6.11999],[-75.47308,6.11996],[-75.47312,6.12007],[-75.47319,6.11999]],[[-75.47706,6.11157],[-75.47695,6.11154],[-75.47698,6.11165],[-75.47706,6.11157]],[[-75.47256,6.118],[-75.47245,6.11797],[-75.47248,6.11808],[-75.47256,6.118]],[[-75.47723,6.11076],[-75.47712,6.11073],[-75.47716,6.11084],[-75.47723,6.11076]],[[-75.47678,6.10995],[-75.47667,6.10992],[-75.4767,6.11003],[-75.47678,6.10995]],[[-75.48665,6.1205],[-75.48654,6.12047],[-75.48657,6.12058],[-75.48665,6.1205]],[[-75.47739,6.10081],[-75.47728,6.10078],[-75.47731,6.10089],[-75.47739,6.10081]],[[-75.48179,6.12693],[-75.48168,6.1269],[-75.48171,6.12701],[-75.48179,6.12693]],[[-75.47572,6.11691],[-75.47561,6.11688],[-75.47564,6.11699],[-75.47572,6.11691]],[[-75.47453,6.11348],[-75.47442,6.11345],[-75.47445,6.11356],[-75.47453,6.11348]],[[-75.47842,6.11347],[-75.47831,6.11344],[-75.47834,6.11355],[-75.47842,6.11347]],[[-75.47998,6.12558],[-75.47987,6.12555],[-75.4799,6.12566],[-75.47998,6.12558]],[[-75.47563,6.12007],[-75.47552,6.12004],[-75.47555,6.12015],[-75.47563,6.12007]],[[-75.47012,6.11665],[-75.47,6.11662],[-75.47004,6.11673],[-75.47012,6.11665]],[[-75.48054,6.131],[-75.48043,6.13097],[-75.48046,6.13108],[-75.48054,6.131]],[[-75.48215,6.12693],[-75.48204,6.1269],[-75.48207,6.12701],[-75.48215,6.12693]],[[-75.47451,6.10588],[-75.4744,6.10585],[-75.47443,6.10596],[-75.47451,6.10588]],[[-75.47017,6.10129],[-75.47006,6.10125],[-75.47009,6.10136],[-75.47017,6.10129]],[[-75.467,6.09804],[-75.46689,6.09801],[-75.46692,6.09812],[-75.467,6.09804]],[[-75.4753,6.0963],[-75.47519,6.09627],[-75.47522,6.09638],[-75.4753,6.0963]],[[-75.479,6.09665],[-75.47889,6.09662],[-75.47893,6.09673],[-75.479,6.09665]],[[-75.47733,6.11329],[-75.47722,6.11326],[-75.47725,6.11337],[-75.47733,6.11329]],[[-75.48288,6.1272],[-75.48277,6.12717],[-75.4828,6.12728],[-75.48288,6.1272]],[[-75.48746,6.11842],[-75.48735,6.11839],[-75.48738,6.1185],[-75.48746,6.11842]],[[-75.47979,6.15559],[-75.47968,6.15556],[-75.47971,6.15567],[-75.47979,6.15559]],[[-75.48041,6.15152],[-75.4803,6.15149],[-75.48033,6.1516],[-75.48041,6.15152]],[[-75.49507,6.12798],[-75.49496,6.12795],[-75.49499,6.12806],[-75.49507,6.12798]],[[-75.49451,6.1193],[-75.4944,6.11927],[-75.49443,6.11938],[-75.49451,6.1193]],[[-75.49324,6.11804],[-75.49313,6.11801],[-75.49316,6.11812],[-75.49324,6.11804]],[[-75.49603,6.11433],[-75.49592,6.11429],[-75.49595,6.11441],[-75.49603,6.11433]],[[-75.48653,6.144],[-75.48642,6.14397],[-75.48646,6.14408],[-75.48653,6.144]],[[-75.49289,6.12211],[-75.49278,6.12208],[-75.49281,6.12219],[-75.49289,6.12211]],[[-75.48326,6.13425],[-75.48315,6.13422],[-75.48318,6.13433],[-75.48326,6.13425]],[[-75.48369,6.12783],[-75.48358,6.1278],[-75.48361,6.12791],[-75.48369,6.12783]],[[-75.48779,6.14165],[-75.48768,6.14162],[-75.48771,6.14173],[-75.48779,6.14165]],[[-75.48042,6.08707],[-75.48031,6.08704],[-75.48035,6.08715],[-75.48042,6.08707]],[[-75.48755,6.1186],[-75.48744,6.11857],[-75.48747,6.11868],[-75.48755,6.1186]],[[-75.48709,6.14924],[-75.48698,6.14921],[-75.48701,6.14932],[-75.48709,6.14924]],[[-75.48069,6.15577],[-75.48058,6.15574],[-75.48062,6.15585],[-75.48069,6.15577]],[[-75.49201,6.12979],[-75.4919,6.12976],[-75.49193,6.12987],[-75.49201,6.12979]],[[-75.48541,6.09392],[-75.4853,6.09389],[-75.48533,6.094],[-75.48541,6.09392]],[[-75.49585,6.11532],[-75.49574,6.11529],[-75.49577,6.1154],[-75.49585,6.11532]],[[-75.44937,6.05361],[-75.44916,6.05358],[-75.44921,6.05369],[-75.44937,6.05361]],[[-75.45054,6.05035],[-75.45033,6.05032],[-75.45038,6.05043],[-75.45054,6.05035]],[[-75.4488,6.07739],[-75.44859,6.07735],[-75.44864,6.07747],[-75.4488,6.07739]],[[-75.45118,6.05641],[-75.45098,6.05637],[-75.45103,6.05649],[-75.45118,6.05641]],[[-75.45513,6.04402],[-75.45492,6.04398],[-75.45497,6.04409],[-75.45513,6.04402]],[[-75.46116,6.07157],[-75.46095,6.07154],[-75.461,6.07165],[-75.46116,6.07157]],[[-75.46061,6.0694],[-75.4604,6.06937],[-75.46045,6.06948],[-75.46061,6.0694]],[[-75.47481,6.11276],[-75.4746,6.11272],[-75.47465,6.11284],[-75.47481,6.11276]],[[-75.47514,6.102],[-75.47493,6.10197],[-75.47498,6.10208],[-75.47514,6.102]],[[-75.46228,6.08884],[-75.46208,6.0888],[-75.46213,6.08891],[-75.46228,6.08884]],[[-75.46329,6.06],[-75.46309,6.05996],[-75.46314,6.06007],[-75.46329,6.06]],[[-75.46637,6.06035],[-75.46616,6.06031],[-75.46621,6.06043],[-75.46637,6.06035]],[[-75.4672,6.06767],[-75.46699,6.06763],[-75.46704,6.06775],[-75.4672,6.06767]],[[-75.4643,6.10058],[-75.46409,6.10055],[-75.46414,6.10066],[-75.4643,6.10058]],[[-75.47724,6.10923],[-75.47703,6.10919],[-75.47708,6.10931],[-75.47724,6.10923]],[[-75.47766,6.09621],[-75.47745,6.09617],[-75.4775,6.09629],[-75.47766,6.09621]],[[-75.47532,6.10037],[-75.47511,6.10034],[-75.47516,6.10045],[-75.47532,6.10037]],[[-75.47477,6.09613],[-75.47456,6.09609],[-75.47461,6.0962],[-75.47477,6.09613]],[[-75.46748,6.07237],[-75.46727,6.07233],[-75.46732,6.07245],[-75.46748,6.07237]],[[-75.48047,6.10199],[-75.48026,6.10195],[-75.48031,6.10207],[-75.48047,6.10199]],[[-75.47174,6.11241],[-75.47153,6.11237],[-75.47158,6.11248],[-75.47174,6.11241]],[[-75.49559,6.11478],[-75.49538,6.11475],[-75.49543,6.11486],[-75.49559,6.11478]],[[-75.47302,6.11982],[-75.47281,6.11978],[-75.47286,6.11989],[-75.47302,6.11982]],[[-75.48709,6.1459],[-75.48688,6.14587],[-75.48693,6.14598],[-75.48709,6.1459]],[[-75.48267,6.14745],[-75.48246,6.14742],[-75.48251,6.14753],[-75.48267,6.14745]],[[-75.47825,6.11646],[-75.47804,6.11642],[-75.47809,6.11654],[-75.47825,6.11646]],[[-75.48567,6.12087],[-75.48546,6.12083],[-75.48551,6.12095],[-75.48567,6.12087]],[[-75.44299,6.06684],[-75.44287,6.06679],[-75.44291,6.067],[-75.44299,6.06684]],[[-75.44648,6.05381],[-75.44636,6.05376],[-75.4464,6.05397],[-75.44648,6.05381]],[[-75.44786,6.06258],[-75.44774,6.06253],[-75.44778,6.06273],[-75.44786,6.06258]],[[-75.4582,6.04755],[-75.45809,6.0475],[-75.45812,6.0477],[-75.4582,6.04755]],[[-75.45729,6.07919],[-75.45717,6.07914],[-75.45721,6.07934],[-75.45729,6.07919]],[[-75.46446,6.09056],[-75.46434,6.09051],[-75.46437,6.09072],[-75.46446,6.09056]],[[-75.45416,6.09158],[-75.45405,6.09153],[-75.45408,6.09174],[-75.45416,6.09158]],[[-75.46445,6.05494],[-75.46434,6.05489],[-75.46437,6.0551],[-75.46445,6.05494]],[[-75.46667,6.10927],[-75.46655,6.10922],[-75.46659,6.10942],[-75.46667,6.10927]],[[-75.46252,6.11064],[-75.4624,6.11059],[-75.46244,6.11079],[-75.46252,6.11064]],[[-75.46034,6.0696],[-75.46022,6.06955],[-75.46026,6.06975],[-75.46034,6.0696]],[[-75.4598,6.07032],[-75.45968,6.07027],[-75.45972,6.07048],[-75.4598,6.07032]],[[-75.46737,6.06307],[-75.46725,6.06302],[-75.46728,6.06323],[-75.46737,6.06307]],[[-75.4749,6.11476],[-75.47479,6.11471],[-75.47482,6.11492],[-75.4749,6.11476]],[[-75.47147,6.11215],[-75.47135,6.1121],[-75.47138,6.1123],[-75.47147,6.11215]],[[-75.46578,6.11289],[-75.46566,6.11284],[-75.4657,6.11304],[-75.46578,6.11289]],[[-75.4739,6.11232],[-75.47379,6.11227],[-75.47382,6.11248],[-75.4739,6.11232]],[[-75.46735,6.05711],[-75.46723,6.05706],[-75.46727,6.05726],[-75.46735,6.05711]],[[-75.47662,6.11304],[-75.4765,6.11299],[-75.47653,6.1132],[-75.47662,6.11304]],[[-75.48001,6.13147],[-75.47989,6.13142],[-75.47992,6.13163],[-75.48001,6.13147]],[[-75.48142,6.15533],[-75.48131,6.15528],[-75.48134,6.15549],[-75.48142,6.15533]],[[-75.47606,6.10924],[-75.47595,6.10919],[-75.47598,6.1094],[-75.47606,6.10924]],[[-75.46587,6.11343],[-75.46575,6.11338],[-75.46579,6.11358],[-75.46587,6.11343]],[[-75.47932,6.14467],[-75.4792,6.14462],[-75.47924,6.14483],[-75.47932,6.14467]],[[-75.48387,6.12559],[-75.48376,6.12554],[-75.48379,6.12574],[-75.48387,6.12559]],[[-75.48127,6.09667],[-75.48115,6.09662],[-75.48119,6.09682],[-75.48127,6.09667]],[[-75.47928,6.13093],[-75.47916,6.13088],[-75.4792,6.13109],[-75.47928,6.13093]],[[-75.47989,6.08672],[-75.47977,6.08667],[-75.47981,6.08688],[-75.47989,6.08672]],[[-75.48701,6.14944],[-75.48689,6.14939],[-75.48693,6.1496],[-75.48701,6.14944]],[[-75.47607,6.11051],[-75.47595,6.11046],[-75.47599,6.11067],[-75.47607,6.11051]],[[-75.48091,6.13138],[-75.48079,6.13133],[-75.48083,6.13154],[-75.48091,6.13138]],[[-75.4801,6.09965],[-75.47999,6.0996],[-75.48002,6.09981],[-75.4801,6.09965]],[[-75.48315,6.1255],[-75.48303,6.12545],[-75.48307,6.12565],[-75.48315,6.1255]],[[-75.49044,6.11364],[-75.49032,6.11359],[-75.49035,6.11379],[-75.49044,6.11364]],[[-75.49514,6.11525],[-75.49502,6.1152],[-75.49506,6.11541],[-75.49514,6.11525]],[[-75.48956,6.12286],[-75.48944,6.12281],[-75.48948,6.12301],[-75.48956,6.12286]],[[-75.49209,6.12493],[-75.49197,6.12488],[-75.49201,6.12509],[-75.49209,6.12493]],[[-75.49407,6.12041],[-75.49395,6.12036],[-75.49399,6.12056],[-75.49407,6.12041]],[[-75.49658,6.11308],[-75.49646,6.11303],[-75.49649,6.11323],[-75.49658,6.11308]],[[-75.44455,6.06198],[-75.44447,6.06205],[-75.44469,6.06212],[-75.44455,6.06198]],[[-75.45102,6.04673],[-75.4511,6.04681],[-75.45116,6.04659],[-75.45102,6.04673]],[[-75.4577,6.0792],[-75.45784,6.07934],[-75.45792,6.07926],[-75.4577,6.0792]],[[-75.44732,6.05193],[-75.44724,6.05201],[-75.44746,6.05207],[-75.44732,6.05193]],[[-75.45396,6.0677],[-75.45404,6.06778],[-75.45411,6.06756],[-75.45396,6.0677]],[[-75.46197,6.05351],[-75.46211,6.05365],[-75.46219,6.05357],[-75.46197,6.05351]],[[-75.47005,6.07055],[-75.47013,6.07063],[-75.47019,6.07041],[-75.47005,6.07055]],[[-75.46751,6.10842],[-75.46765,6.10828],[-75.46758,6.1082],[-75.46751,6.10842]],[[-75.47865,6.1132],[-75.47873,6.11328],[-75.47879,6.11305],[-75.47865,6.1132]],[[-75.47311,6.10828],[-75.47303,6.10836],[-75.47325,6.10842],[-75.47311,6.10828]],[[-75.48468,6.14658],[-75.4846,6.14666],[-75.48483,6.14672],[-75.48468,6.14658]],[[-75.46987,6.1077],[-75.46995,6.10778],[-75.47001,6.10756],[-75.46987,6.1077]],[[-75.48421,6.13491],[-75.48435,6.13505],[-75.48443,6.13497],[-75.48421,6.13491]],[[-75.48578,6.12828],[-75.48548,6.12824],[-75.48554,6.12836],[-75.48578,6.12828]],[[-75.44729,6.05046],[-75.44699,6.05042],[-75.44705,6.05053],[-75.44729,6.05046]],[[-75.4564,6.04718],[-75.4561,6.04714],[-75.45616,6.04726],[-75.4564,6.04718]],[[-75.45666,6.04392],[-75.45636,6.04389],[-75.45642,6.044],[-75.45666,6.04392]],[[-75.46645,6.09226],[-75.46615,6.09222],[-75.46621,6.09234],[-75.46645,6.09226]],[[-75.46848,6.10826],[-75.46818,6.10822],[-75.46824,6.10834],[-75.46848,6.10826]],[[-75.48129,6.1038],[-75.48099,6.10376],[-75.48105,6.10387],[-75.48129,6.1038]],[[-75.44727,6.06214],[-75.44743,6.06228],[-75.44759,6.06221],[-75.44727,6.06214]],[[-75.48093,6.12782],[-75.48108,6.12766],[-75.481,6.12751],[-75.48093,6.12782]],[[-75.49011,6.1476],[-75.49025,6.14744],[-75.49017,6.14728],[-75.49011,6.1476]],[[-75.4931,6.11848],[-75.49324,6.11832],[-75.49317,6.11816],[-75.4931,6.11848]],[[-75.47892,6.14803],[-75.47908,6.14817],[-75.47924,6.14809],[-75.47892,6.14803]],[[-75.45759,6.07875],[-75.45751,6.07891],[-75.45774,6.07899],[-75.45759,6.07875]],[[-75.47133,6.11876],[-75.47125,6.11892],[-75.47148,6.119],[-75.47133,6.11876]],[[-75.47049,6.07101],[-75.47065,6.07109],[-75.47073,6.07086],[-75.47049,6.07101]],[[-75.47205,6.11295],[-75.4722,6.11303],[-75.47228,6.1128],[-75.47205,6.11295]],[[-75.4748,6.09604],[-75.47496,6.09612],[-75.47504,6.09589],[-75.4748,6.09604]],[[-75.45619,6.06999],[-75.45607,6.06992],[-75.45611,6.07022],[-75.45619,6.06999]],[[-75.45043,6.04279],[-75.45031,6.04273],[-75.45035,6.04302],[-75.45043,6.04279]],[[-75.45733,6.09276],[-75.45721,6.0927],[-75.45725,6.093],[-75.45733,6.09276]],[[-75.45733,6.09439],[-75.45721,6.09433],[-75.45725,6.09462],[-75.45733,6.09439]],[[-75.47218,6.10836],[-75.47206,6.1083],[-75.4721,6.1086],[-75.47218,6.10836]],[[-75.48405,6.12144],[-75.48393,6.12138],[-75.48397,6.12168],[-75.48405,6.12144]],[[-75.48288,6.12578],[-75.48276,6.12572],[-75.4828,6.12602],[-75.48288,6.12578]],[[-75.48859,6.13164],[-75.48847,6.13158],[-75.48851,6.13188],[-75.48859,6.13164]],[[-75.49034,6.14547],[-75.49022,6.14541],[-75.49026,6.14571],[-75.49034,6.14547]],[[-75.47841,6.11823],[-75.47833,6.11844],[-75.47854,6.11833],[-75.47841,6.11823]],[[-75.47716,6.12366],[-75.47708,6.12387],[-75.47729,6.12376],[-75.47716,6.12366]],[[-75.48189,6.13539],[-75.4818,6.13561],[-75.48202,6.13549],[-75.48189,6.13539]],[[-75.44626,6.04798],[-75.44618,6.04819],[-75.44639,6.04808],[-75.44626,6.04798]],[[-75.4589,6.04722],[-75.45882,6.04744],[-75.45903,6.04732],[-75.4589,6.04722]],[[-75.46407,6.0925],[-75.46399,6.09271],[-75.4642,6.0926],[-75.46407,6.0925]],[[-75.47338,6.09528],[-75.4733,6.09549],[-75.47351,6.09538],[-75.47338,6.09528]],[[-75.47784,6.10621],[-75.47775,6.10642],[-75.47797,6.10631],[-75.47784,6.10621]],[[-75.48705,6.10537],[-75.48696,6.10558],[-75.48718,6.10547],[-75.48705,6.10537]],[[-75.46711,6.06811],[-75.4669,6.068],[-75.46694,6.0682],[-75.46711,6.06811]],[[-75.46338,6.09271],[-75.46317,6.09259],[-75.46321,6.0928],[-75.46338,6.09271]],[[-75.47012,6.11267],[-75.4699,6.11255],[-75.46995,6.11276],[-75.47012,6.11267]],[[-75.4812,6.10261],[-75.48099,6.10249],[-75.48103,6.10269],[-75.4812,6.10261]],[[-75.49052,6.14742],[-75.49032,6.1474],[-75.49035,6.14759],[-75.49052,6.14742]],[[-75.44577,6.06039],[-75.44557,6.06037],[-75.4456,6.06056],[-75.44577,6.06039]],[[-75.46192,6.08982],[-75.46172,6.0898],[-75.46175,6.08999],[-75.46192,6.08982]],[[-75.46084,6.09362],[-75.46064,6.09359],[-75.46067,6.09379],[-75.46084,6.09362]],[[-75.46478,6.11413],[-75.46458,6.11411],[-75.46461,6.1143],[-75.46478,6.11413]],[[-75.46365,6.09201],[-75.46344,6.09196],[-75.46355,6.09217],[-75.46365,6.09201]],[[-75.47905,6.11131],[-75.47884,6.11127],[-75.47896,6.11147],[-75.47905,6.11131]],[[-75.48512,6.14962],[-75.4849,6.14958],[-75.48502,6.14979],[-75.48512,6.14962]],[[-75.49347,6.13089],[-75.49325,6.13085],[-75.49337,6.13105],[-75.49347,6.13089]],[[-75.44884,6.0772],[-75.44892,6.07728],[-75.44907,6.07697],[-75.44884,6.0772]],[[-75.49138,6.12612],[-75.49116,6.12606],[-75.49123,6.12628],[-75.49138,6.12612]],[[-75.46289,6.11056],[-75.46267,6.11049],[-75.46274,6.11071],[-75.46289,6.11056]],[[-75.46736,6.05748],[-75.46714,6.05742],[-75.46721,6.05763],[-75.46736,6.05748]],[[-75.47364,6.10953],[-75.47342,6.10947],[-75.47348,6.10969],[-75.47364,6.10953]],[[-75.47699,6.1152],[-75.47659,6.11516],[-75.47666,6.11528],[-75.47699,6.1152]],[[-75.46036,6.06858],[-75.46051,6.06832],[-75.46043,6.06817],[-75.46036,6.06858]],[[-75.47375,6.10934],[-75.47383,6.1095],[-75.47391,6.10908],[-75.47375,6.10934]],[[-75.44921,6.06007],[-75.44909,6.05999],[-75.44913,6.06039],[-75.44921,6.06007]],[[-75.47811,6.09606],[-75.47799,6.09599],[-75.47803,6.09638],[-75.47811,6.09606]],[[-75.48584,6.14866],[-75.48571,6.14858],[-75.48575,6.14897],[-75.48584,6.14866]],[[-75.46717,6.05791],[-75.46687,6.05787],[-75.46691,6.05803],[-75.46717,6.05791]],[[-75.46493,6.10058],[-75.46463,6.10055],[-75.46467,6.10071],[-75.46493,6.10058]],[[-75.45628,6.09213],[-75.45644,6.09236],[-75.45661,6.09228],[-75.45628,6.09213]],[[-75.47924,6.0965],[-75.47949,6.09673],[-75.47964,6.09666],[-75.47924,6.0965]],[[-75.47957,6.14869],[-75.47945,6.14899],[-75.4797,6.14879],[-75.47957,6.14869]],[[-75.48377,6.12521],[-75.48357,6.1249],[-75.4836,6.12514],[-75.48377,6.12521]],[[-75.48462,6.14057],[-75.48443,6.14027],[-75.48446,6.14051],[-75.48462,6.14057]],[[-75.47723,6.15213],[-75.47714,6.15235],[-75.47745,6.15219],[-75.47723,6.15213]],[[-75.49064,6.13239],[-75.49055,6.1326],[-75.49086,6.13245],[-75.49064,6.13239]],[[-75.45053,6.05764],[-75.45044,6.05786],[-75.45075,6.0577],[-75.45053,6.05764]],[[-75.45465,6.04335],[-75.45456,6.04356],[-75.45486,6.0434],[-75.45465,6.04335]],[[-75.47107,6.11047],[-75.47098,6.11069],[-75.47129,6.11053],[-75.47107,6.11047]],[[-75.48196,6.09499],[-75.48187,6.0952],[-75.48218,6.09504],[-75.48196,6.09499]],[[-75.47872,6.08582],[-75.4785,6.08577],[-75.47864,6.08605],[-75.47872,6.08582]],[[-75.47163,6.10463],[-75.47133,6.1046],[-75.47143,6.10479],[-75.47163,6.10463]],[[-75.46633,6.11208],[-75.46611,6.11193],[-75.46619,6.11224],[-75.46633,6.11208]],[[-75.46098,6.06979],[-75.46076,6.06964],[-75.46084,6.06995],[-75.46098,6.06979]],[[-75.46822,6.1119],[-75.46801,6.11175],[-75.46809,6.11205],[-75.46822,6.1119]],[[-75.47698,6.14688],[-75.47668,6.1468],[-75.47683,6.14702],[-75.47698,6.14688]],[[-75.4811,6.13177],[-75.48079,6.13169],[-75.48094,6.13191],[-75.4811,6.13177]],[[-75.48439,6.14568],[-75.48408,6.1456],[-75.48423,6.14582],[-75.48439,6.14568]],[[-75.47042,6.08795],[-75.47011,6.08788],[-75.47026,6.08809],[-75.47042,6.08795]],[[-75.46973,6.0659],[-75.46942,6.06582],[-75.46957,6.06604],[-75.46973,6.0659]],[[-75.47405,6.09613],[-75.47356,6.09609],[-75.47364,6.09621],[-75.47405,6.09613]],[[-75.47646,6.12135],[-75.47598,6.12131],[-75.47606,6.12143],[-75.47646,6.12135]],[[-75.48009,6.12586],[-75.4796,6.12582],[-75.47968,6.12594],[-75.48009,6.12586]],[[-75.45796,6.06702],[-75.45788,6.06717],[-75.45826,6.06717],[-75.45796,6.06702]],[[-75.47259,6.11188],[-75.47274,6.11231],[-75.47283,6.11199],[-75.47259,6.11188]],[[-75.44998,6.04163],[-75.44976,6.04146],[-75.44982,6.04176],[-75.44998,6.04163]],[[-75.48153,6.15591],[-75.48131,6.15574],[-75.48136,6.15604],[-75.48153,6.15591]],[[-75.45914,6.09193],[-75.45883,6.09188],[-75.459,6.0921],[-75.45914,6.09193]],[[-75.46135,6.07181],[-75.46104,6.07172],[-75.46111,6.07193],[-75.46135,6.07181]],[[-75.48051,6.13019],[-75.48034,6.12979],[-75.48037,6.13012],[-75.48051,6.13019]],[[-75.48159,6.12702],[-75.48141,6.12663],[-75.48145,6.12695],[-75.48159,6.12702]],[[-75.47117,6.09967],[-75.47095,6.09962],[-75.471,6.09992],[-75.47117,6.09967]],[[-75.48073,6.13129],[-75.48052,6.13124],[-75.48056,6.13154],[-75.48073,6.13129]],[[-75.46413,6.06283],[-75.46391,6.06276],[-75.464,6.06307],[-75.46413,6.06283]],[[-75.47301,6.1081],[-75.47278,6.10803],[-75.47288,6.10834],[-75.47301,6.1081]],[[-75.48464,6.136],[-75.48442,6.13593],[-75.48451,6.13624],[-75.48464,6.136]],[[-75.46563,6.05367],[-75.46533,6.05363],[-75.46538,6.05384],[-75.46563,6.05367]],[[-75.47373,6.11259],[-75.47343,6.11255],[-75.47348,6.11276],[-75.47373,6.11259]],[[-75.47799,6.15136],[-75.47768,6.15132],[-75.47773,6.15153],[-75.47799,6.15136]],[[-75.49637,6.11511],[-75.49608,6.11526],[-75.49659,6.11525],[-75.49637,6.11511]],[[-75.46218,6.05852],[-75.462,6.05882],[-75.46231,6.05864],[-75.46218,6.05852]],[[-75.47398,6.10049],[-75.47376,6.10043],[-75.47389,6.10077],[-75.47398,6.10049]],[[-75.45401,6.07897],[-75.45389,6.07926],[-75.45423,6.07902],[-75.45401,6.07897]],[[-75.46128,6.0694],[-75.46136,6.06948],[-75.46169,6.06898],[-75.46128,6.0694]],[[-75.48519,6.14873],[-75.48538,6.1488],[-75.48547,6.14863],[-75.48519,6.14873]],[[-75.49325,6.1224],[-75.49344,6.12247],[-75.49353,6.1223],[-75.49325,6.1224]],[[-75.46277,6.06897],[-75.46295,6.06903],[-75.46305,6.06886],[-75.46277,6.06897]],[[-75.46747,6.07302],[-75.46766,6.07309],[-75.46776,6.07292],[-75.46747,6.07302]],[[-75.4809,6.09604],[-75.48109,6.0961],[-75.48118,6.09593],[-75.4809,6.09604]],[[-75.45084,6.05636],[-75.45043,6.05629],[-75.45064,6.0565],[-75.45084,6.05636]],[[-75.47299,6.10295],[-75.47259,6.10288],[-75.47279,6.10309],[-75.47299,6.10295]],[[-75.48817,6.14247],[-75.48817,6.14292],[-75.4883,6.14239],[-75.48817,6.14247]],[[-75.4594,6.07816],[-75.45965,6.07798],[-75.45953,6.07773],[-75.4594,6.07816]],[[-75.45688,6.09002],[-75.45666,6.08981],[-75.45674,6.0902],[-75.45688,6.09002]],[[-75.47267,6.11899],[-75.47245,6.11879],[-75.47253,6.11918],[-75.47267,6.11899]],[[-75.47625,6.12095],[-75.47586,6.12109],[-75.47647,6.1211],[-75.47625,6.12095]],[[-75.48634,6.13668],[-75.48613,6.1362],[-75.48617,6.13654],[-75.48634,6.13668]],[[-75.45307,6.06842],[-75.45321,6.06851],[-75.45329,6.06827],[-75.45307,6.06842]],[[-75.49021,6.14643],[-75.49035,6.14652],[-75.49043,6.14628],[-75.49021,6.14643]],[[-75.48582,6.12665],[-75.48597,6.12674],[-75.48605,6.1265],[-75.48582,6.12665]],[[-75.45455,6.09362],[-75.45484,6.09383],[-75.45498,6.09359],[-75.45455,6.09362]],[[-75.44906,6.0535],[-75.44901,6.05335],[-75.44865,6.05336],[-75.44906,6.0535]],[[-75.48112,6.10175],[-75.48137,6.10162],[-75.48092,6.10165],[-75.48112,6.10175]],[[-75.47613,6.14617],[-75.47582,6.14647],[-75.47627,6.14629],[-75.47613,6.14617]],[[-75.4937,6.11786],[-75.49331,6.11783],[-75.49335,6.11803],[-75.4937,6.11786]],[[-75.48289,6.12649],[-75.48222,6.12644],[-75.48231,6.12657],[-75.48289,6.12649]],[[-75.48362,6.14416],[-75.48352,6.14447],[-75.48385,6.14423],[-75.48362,6.14416]],[[-75.48827,6.10117],[-75.48808,6.10148],[-75.48832,6.1016],[-75.48827,6.10117]],[[-75.44994,6.06019],[-75.45002,6.06003],[-75.44966,6.06005],[-75.44994,6.06019]],[[-75.4661,6.09217],[-75.46579,6.09195],[-75.46583,6.09224],[-75.4661,6.09217]],[[-75.4836,6.09269],[-75.48336,6.09279],[-75.48387,6.09293],[-75.4836,6.09269]],[[-75.46605,6.07225],[-75.46574,6.07207],[-75.46583,6.07238],[-75.46605,6.07225]],[[-75.45538,6.08978],[-75.45559,6.09021],[-75.45571,6.08997],[-75.45538,6.08978]],[[-75.48427,6.1261],[-75.48458,6.12591],[-75.48451,6.12568],[-75.48427,6.1261]],[[-75.4752,6.11848],[-75.47498,6.11842],[-75.47503,6.11882],[-75.4752,6.11848]],[[-75.48324,6.12045],[-75.48302,6.12039],[-75.48307,6.12078],[-75.48324,6.12045]],[[-75.46816,6.06709],[-75.46809,6.06723],[-75.46846,6.06713],[-75.46816,6.06709]],[[-75.46932,6.06784],[-75.46946,6.06793],[-75.46959,6.06766],[-75.46932,6.06784]],[[-75.46578,6.11433],[-75.46595,6.11441],[-75.46606,6.11419],[-75.46578,6.11433]],[[-75.47466,6.09459],[-75.47478,6.09483],[-75.47493,6.09452],[-75.47466,6.09459]],[[-75.47272,6.10457],[-75.47232,6.10441],[-75.47239,6.10466],[-75.47272,6.10457]],[[-75.44825,6.04269],[-75.44835,6.04276],[-75.44852,6.04242],[-75.44825,6.04269]],[[-75.45626,6.09243],[-75.45594,6.09216],[-75.45606,6.09255],[-75.45626,6.09243]],[[-75.46084,6.11026],[-75.46141,6.11001],[-75.46109,6.11015],[-75.46084,6.11026]],[[-75.49578,6.11498],[-75.49547,6.11493],[-75.49556,6.11524],[-75.49578,6.11498]],[[-75.46016,6.09355],[-75.46044,6.09362],[-75.46067,6.09345],[-75.46016,6.09355]],[[-75.47867,6.09506],[-75.47894,6.09563],[-75.47901,6.0954],[-75.47867,6.09506]],[[-75.44525,6.05425],[-75.44517750193542,6.054472016566063],[-75.44539,6.05452],[-75.44525,6.05425]],[[-75.45002,6.07521],[-75.45016,6.07536],[-75.45041,6.07512],[-75.45002,6.07521]],[[-75.4899,6.14767],[-75.48941,6.1474],[-75.48957,6.14762],[-75.4899,6.14767]],[[-75.47907,6.08762],[-75.47887,6.08704],[-75.47894,6.08747],[-75.47907,6.08762]],[[-75.44906,6.086],[-75.44917,6.08627],[-75.44945,6.08633],[-75.44906,6.086]],[[-75.47684,6.1],[-75.47655,6.0997],[-75.47659,6.09994],[-75.47684,6.1]],[[-75.46414,6.10682],[-75.46375,6.10679],[-75.46381,6.10692],[-75.46414,6.10682]],[[-75.48743,6.14885],[-75.48743,6.14912],[-75.48761,6.14885],[-75.48743,6.14885]],[[-75.48611,6.12662],[-75.48629,6.12661],[-75.48629,6.12634],[-75.48611,6.12662]],[[-75.45828,6.07828],[-75.45843,6.07836],[-75.45856,6.07803],[-75.45828,6.07828]],[[-75.47797,6.08867],[-75.47775,6.08907],[-75.4781,6.08877],[-75.47797,6.08867]],[[-75.48607,6.11917],[-75.48657,6.11951],[-75.48639,6.11925],[-75.48607,6.11917]],[[-75.48946,6.14499],[-75.48972,6.1448],[-75.4898,6.14448],[-75.48946,6.14499]],[[-75.49526,6.11352],[-75.49583,6.11339],[-75.49586,6.11319],[-75.49526,6.11352]],[[-75.45891,6.09733],[-75.45855,6.09733],[-75.45905,6.09752],[-75.45891,6.09733]],[[-75.44902,6.04995],[-75.44861,6.04987],[-75.44889,6.05018],[-75.44902,6.04995]],[[-75.44923,6.06649],[-75.44892,6.06641],[-75.44914,6.06681],[-75.44923,6.06649]],[[-75.4838,6.14253],[-75.48362,6.14226],[-75.48365,6.14283],[-75.4838,6.14253]],[[-75.4696,6.06627],[-75.46955,6.0665],[-75.46982,6.06633],[-75.4696,6.06627]],[[-75.45761,6.09114],[-75.4572,6.09098],[-75.45729,6.09128],[-75.45761,6.09114]],[[-75.47732,6.09528],[-75.47754,6.0954],[-75.47767,6.09519],[-75.47732,6.09528]],[[-75.48484,6.14709],[-75.48496,6.14727],[-75.48511,6.14696],[-75.48484,6.14709]],[[-75.4806,6.09975],[-75.48067,6.09999],[-75.48083,6.09958],[-75.4806,6.09975]],[[-75.48591,6.12092],[-75.48583,6.12132],[-75.48614,6.12113],[-75.48591,6.12092]],[[-75.47918,6.10995],[-75.47936,6.11003],[-75.4795,6.10977],[-75.47918,6.10995]],[[-75.46967,6.11181],[-75.46945,6.11174],[-75.46969,6.11232],[-75.46967,6.11181]],[[-75.47961,6.11177],[-75.47996,6.11167],[-75.47924,6.11168],[-75.47961,6.11177]],[[-75.47601,6.10826],[-75.47626,6.10868],[-75.47634,6.1084],[-75.47601,6.10826]],[[-75.48283,6.1327],[-75.4829,6.13227],[-75.48272,6.13247],[-75.48283,6.1327]],[[-75.44717,6.05295],[-75.4471,6.0531],[-75.44757,6.05298],[-75.44717,6.05295]],[[-75.45947,6.09459],[-75.45951,6.09508],[-75.4596,6.09468],[-75.45947,6.09459]],[[-75.46886,6.11491],[-75.46864,6.11437],[-75.46869,6.11483],[-75.46886,6.11491]],[[-75.44452,6.05951],[-75.44421,6.05946],[-75.44428,6.05974],[-75.44452,6.05951]],[[-75.47925,6.14973],[-75.47894,6.14969],[-75.47901,6.14996],[-75.47925,6.14973]],[[-75.47022,6.06649],[-75.46997,6.06636],[-75.47,6.06678],[-75.47022,6.06649]],[[-75.46016,6.06741],[-75.45967,6.06738],[-75.45974,6.06752],[-75.46016,6.06741]],[[-75.48219,6.14986],[-75.48212,6.15],[-75.48267,6.14989],[-75.48219,6.14986]],[[-75.47768,6.10786],[-75.47721,6.10784],[-75.47723,6.10799],[-75.47768,6.10786]],[[-75.46877,6.09412],[-75.46895,6.09412],[-75.46895,6.09375],[-75.46877,6.09412]],[[-75.46309,6.06086],[-75.46298,6.06117],[-75.46349,6.06092],[-75.46309,6.06086]],[[-75.45787,6.09201],[-75.45748,6.09152],[-75.45754,6.09192],[-75.45787,6.09201]],[[-75.47308,6.10239],[-75.47259,6.10233],[-75.47283,6.10264],[-75.47308,6.10239]],[[-75.45741,6.08926],[-75.45702,6.08881],[-75.45722,6.08919],[-75.45741,6.08926]],[[-75.46843,6.09338],[-75.46879,6.0937],[-75.46867,6.09332],[-75.46843,6.09338]],[[-75.47903,6.09931],[-75.47872,6.09906],[-75.47878,6.09955],[-75.47903,6.09931]],[[-75.47632,6.14879],[-75.47625,6.14921],[-75.47654,6.14885],[-75.47632,6.14879]],[[-75.46057,6.06629],[-75.46023,6.0666],[-75.46079,6.06642],[-75.46057,6.06629]],[[-75.46297,6.0659],[-75.46289,6.06616],[-75.46339,6.06632],[-75.46297,6.0659]],[[-75.45503,6.09466],[-75.45543,6.09527],[-75.45533,6.09483],[-75.45503,6.09466]],[[-75.48881,6.14681],[-75.48851,6.14677],[-75.48855,6.14707],[-75.48881,6.14681]],[[-75.47654,6.11467],[-75.47623,6.11462],[-75.4763,6.11489],[-75.47654,6.11467]],[[-75.47925,6.12929],[-75.47915,6.12902],[-75.47875,6.12906],[-75.47925,6.12929]],[[-75.48588,6.09467],[-75.48557,6.09425],[-75.48561,6.09458],[-75.48588,6.09467]],[[-75.46637,6.05605],[-75.46579,6.05597],[-75.46589,6.05611],[-75.46637,6.05605]],[[-75.48501,6.11978],[-75.48464,6.11921],[-75.48471,6.11947],[-75.48501,6.11978]],[[-75.46984,6.1133],[-75.46963,6.11265],[-75.46967,6.11334],[-75.46984,6.1133]],[[-75.4763,6.15157],[-75.47649,6.15181],[-75.47663,6.15131],[-75.4763,6.15157]],[[-75.47662,6.10084],[-75.47713,6.1009],[-75.47722,6.10073],[-75.47662,6.10084]],[[-75.46581,6.0569],[-75.46573,6.05656],[-75.46541,6.05663],[-75.46581,6.0569]],[[-75.46338,6.05821],[-75.46317,6.05815],[-75.46323,6.05857],[-75.46338,6.05821]],[[-75.48493,6.13957],[-75.4851,6.13985],[-75.48518,6.13936],[-75.48493,6.13957]],[[-75.47369,6.11092],[-75.47371,6.11159],[-75.47382,6.11102],[-75.47369,6.11092]],[[-75.49326,6.13148],[-75.49313,6.13185],[-75.49366,6.13153],[-75.49326,6.13148]],[[-75.45477,6.04437],[-75.45471,6.04463],[-75.45512,6.04421],[-75.45477,6.04437]],[[-75.4632,6.08965],[-75.46253,6.08952],[-75.46268,6.08974],[-75.4632,6.08965]],[[-75.46625,6.10893],[-75.46641,6.10908],[-75.46668,6.1082],[-75.46625,6.10893]],[[-75.48544,6.14904],[-75.48528,6.14953],[-75.48561,6.14916],[-75.48544,6.14904]],[[-75.49387,6.13117],[-75.49397,6.13133],[-75.49447,6.13099],[-75.49387,6.13117]],[[-75.45009,6.04985],[-75.44975,6.04995],[-75.45028,6.0503],[-75.45009,6.04985]],[[-75.47906,6.11021],[-75.47866,6.10982],[-75.47872,6.11028],[-75.47906,6.11021]],[[-75.47343,6.11359],[-75.47371,6.11373],[-75.474,6.11348],[-75.47343,6.11359]],[[-75.46323,6.08958],[-75.46386,6.09019],[-75.46383,6.09001],[-75.46323,6.08958]],[[-75.48767,6.10139],[-75.48746,6.10197],[-75.4878,6.1015],[-75.48767,6.10139]],[[-75.47016,6.1084],[-75.4703,6.10901],[-75.47038,6.10857],[-75.47016,6.1084]],[[-75.45744,6.09271],[-75.45772,6.09283],[-75.4577,6.09246],[-75.45744,6.09271]],[[-75.47738,6.15123],[-75.47754,6.15135],[-75.47777,6.151],[-75.47738,6.15123]],[[-75.44908,6.04626],[-75.44919,6.04605],[-75.44855,6.04603],[-75.44908,6.04626]],[[-75.47417,6.10558],[-75.47368,6.1054],[-75.47376,6.10571],[-75.47417,6.10558]],[[-75.48421,6.0929],[-75.48414,6.09338],[-75.48453,6.09316],[-75.48421,6.0929]],[[-75.47706,6.11131],[-75.47676,6.11073],[-75.4768,6.1112],[-75.47706,6.11131]],[[-75.47896,6.10963],[-75.47839,6.10946],[-75.47844,6.10968],[-75.47896,6.10963]],[[-75.47317,6.1088],[-75.47353,6.10888],[-75.47363,6.10865],[-75.47317,6.1088]],[[-75.44617,6.05864],[-75.44638,6.05886],[-75.4465,6.05851],[-75.44617,6.05864]],[[-75.48764,6.14763],[-75.48777,6.1478],[-75.48819,6.14753],[-75.48764,6.14763]],[[-75.44874,6.05092],[-75.44825,6.05078],[-75.4483,6.05117],[-75.44874,6.05092]],[[-75.47538,6.1202],[-75.47462,6.11996],[-75.47478,6.12019],[-75.47538,6.1202]],[[-75.48598,6.15023],[-75.48606,6.15043],[-75.48648,6.15003],[-75.48598,6.15023]],[[-75.48715,6.14533],[-75.48705,6.14581],[-75.48755,6.14567],[-75.48715,6.14533]],[[-75.47306,6.11213],[-75.47299,6.11259],[-75.47337,6.1118],[-75.47306,6.11213]],[[-75.47824,6.11792],[-75.47845,6.11808],[-75.47853,6.11765],[-75.47824,6.11792]],[[-75.46518,6.05342],[-75.4646,6.05309],[-75.46463,6.05342],[-75.46518,6.05342]],[[-75.44896,6.06054],[-75.44932,6.0612],[-75.44939,6.06087],[-75.44896,6.06054]],[[-75.4879,6.1283],[-75.48786,6.12805],[-75.48742,6.12811],[-75.4879,6.1283]],[[-75.46185,6.09229],[-75.46222,6.09256],[-75.46201,6.09205],[-75.46185,6.09229]],[[-75.47918,6.0963],[-75.47938,6.09591],[-75.47902,6.09595],[-75.47918,6.0963]],[[-75.47556,6.1144],[-75.47585,6.11457],[-75.47599,6.11397],[-75.47556,6.1144]],[[-75.47453,6.11222],[-75.47509,6.11196],[-75.47469,6.11191],[-75.47453,6.11222]],[[-75.48548,6.14829],[-75.4849,6.14813],[-75.48514,6.14844],[-75.48548,6.14829]],[[-75.4641,6.058],[-75.46344,6.05797],[-75.46352,6.05811],[-75.4641,6.058]],[[-75.48102,6.10407],[-75.48062,6.10391],[-75.4809,6.1043],[-75.48102,6.10407]],[[-75.47352,6.11377],[-75.47315,6.11422],[-75.47345,6.11438],[-75.47352,6.11377]],[[-75.47716,6.10854],[-75.4764,6.10829],[-75.47654,6.10847],[-75.47716,6.10854]],[[-75.4464,6.04986],[-75.44648,6.04946],[-75.44614,6.04935],[-75.4464,6.04986]],[[-75.46926,6.06864],[-75.46944,6.06884],[-75.46974,6.0686],[-75.46926,6.06864]],[[-75.47595,6.10956],[-75.4763,6.11023],[-75.47623,6.10977],[-75.47595,6.10956]],[[-75.46787,6.06823],[-75.46799,6.06839],[-75.46847,6.06804],[-75.46787,6.06823]],[[-75.4631,6.11227],[-75.46343,6.11281],[-75.46388,6.1129],[-75.4631,6.11227]],[[-75.48828,6.14373],[-75.48845,6.14418],[-75.48854,6.14351],[-75.48828,6.14373]],[[-75.45475,6.04419],[-75.45429,6.0438],[-75.45446,6.04423],[-75.45475,6.04419]],[[-75.46853,6.06835],[-75.4681,6.06877],[-75.46875,6.06842],[-75.46853,6.06835]],[[-75.49477,6.13448],[-75.49494,6.13458],[-75.49501,6.13398],[-75.49477,6.13448]],[[-75.4761,6.10352],[-75.47575,6.10314],[-75.47579,6.10362],[-75.4761,6.10352]],[[-75.47831,6.09685],[-75.47786,6.09724],[-75.47855,6.0972],[-75.47831,6.09685]],[[-75.46272,6.06803],[-75.46304,6.06814],[-75.46333,6.06788],[-75.46272,6.06803]],[[-75.48683,6.12707],[-75.48663,6.12755],[-75.48705,6.1272],[-75.48683,6.12707]],[[-75.47105,6.11108],[-75.47182,6.11094],[-75.47171,6.1107],[-75.47105,6.11108]],[[-75.48705,6.12692],[-75.48744,6.12678],[-75.48737,6.12656],[-75.48705,6.12692]],[[-75.44913,6.0768],[-75.44924,6.07694],[-75.44972,6.07652],[-75.44913,6.0768]],[[-75.45083,6.07664],[-75.45111,6.07655],[-75.451,6.07621],[-75.45083,6.07664]],[[-75.46402,6.05252],[-75.46425,6.05276],[-75.46439,6.05222],[-75.46402,6.05252]],[[-75.48401,6.12822],[-75.48458,6.12877],[-75.48452,6.12836],[-75.48401,6.12822]],[[-75.48973,6.14506],[-75.49023,6.14518],[-75.49035,6.14493],[-75.48973,6.14506]],[[-75.47732,6.11773],[-75.47726,6.11732],[-75.4769,6.11739],[-75.47732,6.11773]],[[-75.45616,6.09095],[-75.45576,6.09044],[-75.4558,6.09077],[-75.45616,6.09095]],[[-75.45719,6.07177],[-75.45728,6.07194],[-75.45773,6.07145],[-75.45719,6.07177]],[[-75.4763,6.10558],[-75.47664,6.1058],[-75.47677,6.10535],[-75.4763,6.10558]],[[-75.44082,6.06259],[-75.44106,6.06286],[-75.44121,6.06232],[-75.44082,6.06259]],[[-75.45832,6.09009],[-75.45858,6.08965],[-75.45814475409836,6.089664754098361],[-75.45832,6.09009]],[[-75.48915,6.12779],[-75.48979,6.1269],[-75.48944,6.12695],[-75.48915,6.12779]],[[-75.47421,6.1098],[-75.47476,6.11041],[-75.47461,6.10988],[-75.47421,6.1098]],[[-75.47996,6.11073],[-75.47938,6.11027],[-75.47943,6.11067],[-75.47996,6.11073]],[[-75.47197,6.1093],[-75.47176,6.10975],[-75.47228,6.10937],[-75.47197,6.1093]],[[-75.47816,6.11358],[-75.47782,6.11373],[-75.47804,6.11407],[-75.47816,6.11358]],[[-75.4743,6.11988],[-75.47371,6.11933],[-75.47377,6.11982],[-75.4743,6.11988]],[[-75.45863,6.07964],[-75.45898,6.07975],[-75.4592,6.07936],[-75.45863,6.07964]],[[-75.46705,6.06498],[-75.46734,6.06496],[-75.4671,6.06439],[-75.46705,6.06498]],[[-75.49279,6.11859],[-75.49295,6.11819],[-75.49254,6.11833],[-75.49279,6.11859]],[[-75.48152,6.14985],[-75.48242,6.14956],[-75.48176,6.14973],[-75.48152,6.14985]],[[-75.47644,6.10806],[-75.47671,6.10824],[-75.47707,6.10789],[-75.47644,6.10806]],[[-75.49392,6.14513],[-75.49414,6.14571],[-75.49423,6.14521],[-75.49392,6.14513]],[[-75.47671,6.11072],[-75.47622,6.11064],[-75.47615,6.11113],[-75.47671,6.11072]],[[-75.45371,6.06707],[-75.45404,6.06725],[-75.45429,6.06689],[-75.45371,6.06707]],[[-75.44694,6.05333],[-75.4468,6.05255],[-75.44659,6.05273],[-75.44694,6.05333]],[[-75.45427,6.09204],[-75.45544,6.09269],[-75.45506,6.0924],[-75.45427,6.09204]],[[-75.45855,6.06925],[-75.4582,6.06994],[-75.4586,6.06985],[-75.45855,6.06925]],[[-75.46172,6.05454],[-75.46151,6.0554],[-75.46185,6.05466],[-75.46172,6.05454]],[[-75.45026,6.04316],[-75.44968,6.04264],[-75.44975,6.04301],[-75.45026,6.04316]],[[-75.44299,6.06358],[-75.44322,6.06375],[-75.44344,6.06314],[-75.44299,6.06358]],[[-75.46824,6.1169],[-75.46784,6.116],[-75.46789,6.11649],[-75.46824,6.1169]],[[-75.47972,6.103],[-75.48014,6.10317],[-75.4803,6.10285],[-75.47972,6.103]],[[-75.47837,6.10322],[-75.47808,6.1038],[-75.47859,6.10336],[-75.47837,6.10322]],[[-75.46363,6.05996],[-75.46374,6.06072],[-75.46385,6.06002],[-75.46363,6.05996]],[[-75.47658,6.10883],[-75.47658,6.10901],[-75.47739,6.10883],[-75.47658,6.10883]],[[-75.46098,6.07114],[-75.46162,6.07114],[-75.46134,6.07095],[-75.46098,6.07114]],[[-75.47725,6.08875],[-75.47712,6.08906],[-75.47774,6.08866],[-75.47725,6.08875]],[[-75.47121,6.09366],[-75.47081,6.09401],[-75.47161,6.09373],[-75.47121,6.09366]],[[-75.47846,6.11438],[-75.47856,6.11465],[-75.47893,6.11368],[-75.47846,6.11438]],[[-75.4794,6.13134],[-75.47967,6.13152],[-75.47974,6.13088],[-75.4794,6.13134]],[[-75.46975,6.06854],[-75.47012,6.06884],[-75.47011,6.06824],[-75.46975,6.06854]],[[-75.4657,6.11263],[-75.46581,6.11191],[-75.46544,6.11177],[-75.4657,6.11263]],[[-75.47177,6.09917],[-75.47219,6.09885],[-75.47182,6.09858],[-75.47177,6.09917]],[[-75.47611,6.11629],[-75.47655,6.11663],[-75.47645,6.1155],[-75.47611,6.11629]],[[-75.45271,6.06937],[-75.45301,6.06951],[-75.4532,6.06874],[-75.45271,6.06937]],[[-75.47008,6.07127],[-75.47044,6.07146],[-75.47083,6.07121],[-75.47008,6.07127]],[[-75.46665,6.11211],[-75.467,6.11305],[-75.46689,6.11229],[-75.46665,6.11211]],[[-75.46447,6.11353],[-75.46554,6.11385],[-75.46552,6.11363],[-75.46447,6.11353]],[[-75.48837,6.14534],[-75.48778,6.14496],[-75.48789,6.14534],[-75.48837,6.14534]],[[-75.46634,6.09927],[-75.46663,6.09921],[-75.46639,6.09873],[-75.46634,6.09927]],[[-75.46929,6.10726],[-75.46944,6.1076],[-75.46983,6.10717],[-75.46929,6.10726]],[[-75.4726,6.11862],[-75.4733,6.11815],[-75.47267,6.11802],[-75.4726,6.11862]],[[-75.44802,6.05247],[-75.44753,6.05186],[-75.44768,6.05218],[-75.44802,6.05247]],[[-75.47858,6.15005],[-75.47851,6.15048],[-75.47925,6.15009],[-75.47858,6.15005]],[[-75.4763,6.14972],[-75.47681,6.14983],[-75.47718,6.14948],[-75.4763,6.14972]],[[-75.44998,6.05728],[-75.44906,6.05769],[-75.45057,6.05733],[-75.44998,6.05728]],[[-75.48146,6.09629],[-75.48144,6.09666],[-75.48219,6.09604],[-75.48146,6.09629]],[[-75.4761,6.10642],[-75.47698,6.10615],[-75.47714,6.10583],[-75.4761,6.10642]],[[-75.47236,6.10286],[-75.47159,6.10243],[-75.47199,6.103],[-75.47236,6.10286]],[[-75.47392,6.09492],[-75.47363,6.0953],[-75.47441,6.09496],[-75.47392,6.09492]],[[-75.47958,6.10353],[-75.47949,6.10416],[-75.48012,6.10345],[-75.47958,6.10353]],[[-75.47391,6.10507],[-75.47455,6.1051],[-75.47428,6.10483],[-75.47391,6.10507]],[[-75.47863,6.09762],[-75.47876,6.09856],[-75.47888,6.09781],[-75.47863,6.09762]],[[-75.4668,6.11345],[-75.4676,6.11392],[-75.46701,6.11318],[-75.4668,6.11345]],[[-75.44748,6.05181],[-75.44766,6.05151],[-75.44703,6.05128],[-75.44748,6.05181]],[[-75.44959,6.067],[-75.45068,6.06701],[-75.44997,6.06681],[-75.44959,6.067]],[[-75.46849,6.06908],[-75.469,6.06933],[-75.46911,6.06892],[-75.46849,6.06908]],[[-75.4579,6.0786],[-75.45798,6.07914],[-75.45829,6.07864],[-75.4579,6.0786]],[[-75.4696,6.1139],[-75.46997,6.11404],[-75.47018,6.11305],[-75.4696,6.1139]],[[-75.45564,6.09176],[-75.45586,6.09175],[-75.45571,6.09083],[-75.45564,6.09176]],[[-75.48084,6.11835],[-75.48088,6.11916],[-75.4816,6.11811],[-75.48084,6.11835]],[[-75.46893,6.11306],[-75.46918,6.1135],[-75.46958,6.11289],[-75.46893,6.11306]],[[-75.47813,6.15288],[-75.47759,6.1524],[-75.4774,6.15289],[-75.47813,6.15288]],[[-75.45081,6.07444],[-75.45166,6.07444],[-75.45178,6.07414],[-75.45081,6.07444]],[[-75.47176,6.10502],[-75.4728,6.10554],[-75.47218,6.1051],[-75.47176,6.10502]],[[-75.47567,6.10558],[-75.47509,6.10624],[-75.47625,6.10562],[-75.47567,6.10558]],[[-75.49487,6.11796],[-75.49506,6.11813],[-75.49597,6.11787],[-75.49487,6.11796]],[[-75.48097,6.14957],[-75.47975,6.14932],[-75.47981,6.14953],[-75.48097,6.14957]],[[-75.45003,6.0587],[-75.44908,6.0581],[-75.44914,6.05867],[-75.45003,6.0587]],[[-75.45822,6.08298],[-75.45923,6.08331],[-75.45921,6.08289],[-75.45822,6.08298]],[[-75.46266,6.10676],[-75.46346,6.10743],[-75.46296,6.10641],[-75.46266,6.10676]],[[-75.4769,6.15217],[-75.47746,6.15184],[-75.47701,6.15163],[-75.4769,6.15217]],[[-75.44701,6.05003],[-75.44741,6.04998],[-75.44669,6.04912],[-75.44701,6.05003]],[[-75.47482,6.10943],[-75.47387,6.10857],[-75.47401,6.10879],[-75.47482,6.10943]],[[-75.45506,6.04266],[-75.4549,6.04321],[-75.45555,6.04307],[-75.45506,6.04266]],[[-75.45782,6.08173],[-75.45759,6.08214],[-75.45903,6.08175],[-75.45782,6.08173]],[[-75.47532,6.11114],[-75.4751,6.11068],[-75.4745,6.11092],[-75.47532,6.11114]],[[-75.48244,6.12676],[-75.48343,6.12682],[-75.48328,6.12641],[-75.48244,6.12676]],[[-75.47473,6.10275],[-75.47516,6.10274],[-75.47443,6.10211],[-75.47473,6.10275]],[[-75.45548,6.07432],[-75.45582,6.07475],[-75.45603,6.07408],[-75.45548,6.07432]],[[-75.477,6.11442],[-75.47697,6.11511],[-75.47764,6.11421],[-75.477,6.11442]],[[-75.48475,6.1474],[-75.48387,6.14788],[-75.48421,6.14814],[-75.48475,6.1474]],[[-75.46856,6.10795],[-75.46976,6.10807],[-75.46895,6.10781],[-75.46856,6.10795]],[[-75.48731,6.14101],[-75.48748,6.14157],[-75.48763,6.14039],[-75.48731,6.14101]],[[-75.44875,6.05198],[-75.44838,6.05136],[-75.44847,6.05235],[-75.44875,6.05198]],[[-75.47932,6.10246],[-75.47957,6.10272],[-75.48012,6.10195],[-75.47932,6.10246]],[[-75.47418,6.11026],[-75.4738,6.11223],[-75.47423,6.11146],[-75.47418,6.11026]],[[-75.45931,6.09069],[-75.45847,6.09007],[-75.45871,6.09054],[-75.45931,6.09069]],[[-75.48774,6.14844],[-75.48698,6.14831],[-75.48676,6.14873],[-75.48774,6.14844]],[[-75.48512,6.14178],[-75.48502,6.14213],[-75.48625,6.14149],[-75.48512,6.14178]],[[-75.47621,6.12469],[-75.47757,6.12513],[-75.47717,6.12452],[-75.47621,6.12469]],[[-75.47662,6.11706],[-75.47709,6.11699],[-75.47702,6.1161],[-75.47662,6.11706]],[[-75.45088,6.06157],[-75.45053,6.05945],[-75.45058,6.06049],[-75.45088,6.06157]],[[-75.48581,6.13736],[-75.48636,6.13812],[-75.48635,6.13694],[-75.48581,6.13736]],[[-75.48027,6.08713],[-75.47914,6.08659],[-75.4792,6.08738],[-75.48027,6.08713]],[[-75.45884,6.08134],[-75.45944,6.08122],[-75.45962,6.08062],[-75.45884,6.08134]],[[-75.48313,6.14771],[-75.48192,6.1476],[-75.48197,6.14791],[-75.48313,6.14771]],[[-75.47931,6.11781],[-75.47989,6.11734],[-75.47962,6.11698],[-75.47931,6.11781]],[[-75.46189,6.05705],[-75.4624,6.05801],[-75.46228,6.05695],[-75.46189,6.05705]],[[-75.48398,6.12775],[-75.48516,6.1284],[-75.48486,6.12798],[-75.48398,6.12775]],[[-75.49368,6.14502],[-75.49274,6.14521],[-75.49395,6.14579],[-75.49368,6.14502]],[[-75.48539,6.14682],[-75.48611,6.14665],[-75.48468,6.14632],[-75.48539,6.14682]],[[-75.47855303425774,6.145482659053836],[-75.47771,6.14567],[-75.47858,6.14567],[-75.47855303425774,6.145482659053836]],[[-75.47861,6.14547],[-75.47839,6.14435],[-75.47855303425774,6.145482659053836],[-75.47861,6.14547]],[[-75.47833,6.14991],[-75.4789,6.14965],[-75.47763,6.1492],[-75.47833,6.14991]],[[-75.44896,6.05996],[-75.44921,6.05939],[-75.44849,6.05944],[-75.44896,6.05996]],[[-75.44736,6.05724],[-75.44779,6.05787],[-75.44795,6.05672],[-75.44736,6.05724]],[[-75.47579,6.11213],[-75.47672,6.11156],[-75.47604,6.11127],[-75.47579,6.11213]],[[-75.48976,6.14564],[-75.48928,6.14624],[-75.48997,6.14679],[-75.48976,6.14564]],[[-75.47965,6.11618],[-75.4798,6.11502],[-75.47925,6.11511],[-75.47965,6.11618]],[[-75.48592,6.1057],[-75.48506,6.10447],[-75.4851,6.10488],[-75.48592,6.1057]],[[-75.47422,6.11858],[-75.47386,6.11903],[-75.47491,6.11926],[-75.47422,6.11858]],[[-75.45739,6.07523],[-75.45631,6.07558],[-75.45682,6.07611],[-75.45739,6.07523]],[[-75.44989,6.07617],[-75.44922,6.07581],[-75.44855,6.07655],[-75.44989,6.07617]],[[-75.44711,6.05364],[-75.44792,6.05397],[-75.44773,6.05344],[-75.44711,6.05364]],[[-75.45868,6.09301],[-75.45911,6.09253],[-75.45825,6.09216],[-75.45868,6.09301]],[[-75.47607,6.11896],[-75.47595,6.11836],[-75.4753,6.119],[-75.47607,6.11896]],[[-75.47591,6.11482],[-75.47424,6.11372],[-75.47457,6.11409],[-75.47591,6.11482]],[[-75.4495,6.05947],[-75.45015,6.05985],[-75.45027,6.05905],[-75.4495,6.05947]],[[-75.4684,6.11407],[-75.46721,6.11297],[-75.46779,6.11378],[-75.4684,6.11407]],[[-75.48657,6.14802],[-75.48562,6.14768],[-75.48558,6.14823],[-75.48657,6.14802]],[[-75.46855,6.06614],[-75.46888,6.06676],[-75.46915,6.06597],[-75.46855,6.06614]],[[-75.47826,6.09981],[-75.47897,6.09993],[-75.47832,6.09874],[-75.47826,6.09981]],[[-75.47615,6.10318],[-75.47715,6.10372],[-75.47729,6.10295],[-75.47615,6.10318]],[[-75.45184,6.07531],[-75.45059,6.07589],[-75.45124,6.07611],[-75.45184,6.07531]],[[-75.47738,6.11702],[-75.47784,6.11737],[-75.47755,6.1161],[-75.47738,6.11702]],[[-75.47561,6.11287],[-75.47626,6.11288],[-75.47558,6.1121],[-75.47561,6.11287]],[[-75.46425,6.10599],[-75.46486,6.10624],[-75.46559,6.10549],[-75.46425,6.10599]],[[-75.47003,6.10865],[-75.46832,6.10867],[-75.46928,6.10916],[-75.47003,6.10865]],[[-75.4799,6.11014],[-75.48063,6.1113],[-75.48039,6.10987],[-75.4799,6.11014]],[[-75.45657,6.08909],[-75.45728,6.0903],[-75.45792,6.09029],[-75.45657,6.08909]],[[-75.46106,6.06037],[-75.4619,6.06055],[-75.46186,6.05962],[-75.46106,6.06037]],[[-75.48867,6.12291],[-75.48808,6.12182],[-75.48796,6.12309],[-75.48867,6.12291]],[[-75.45843,6.09724],[-75.45686,6.09659],[-75.458,6.09742],[-75.45843,6.09724]],[[-75.46737,6.09814],[-75.46667,6.09899],[-75.46828,6.09796],[-75.46737,6.09814]],[[-75.45923,6.09337],[-75.45965,6.09445],[-75.45978,6.09328],[-75.45923,6.09337]],[[-75.46979,6.10234],[-75.4692,6.1028],[-75.47016,6.10356],[-75.46979,6.10234]],[[-75.45125,6.05845],[-75.45152,6.05872],[-75.45219,6.05939],[-75.45187,6.05843],[-75.45125,6.05845]],[[-75.47643,6.08741],[-75.47657,6.08846],[-75.47743,6.08847],[-75.47643,6.08741]],[[-75.47536,6.09991],[-75.47695,6.09895],[-75.47613,6.09943],[-75.47536,6.09991]],[[-75.47511,6.11836],[-75.47593,6.11786],[-75.47592,6.11712],[-75.47511,6.11836]],[[-75.48893,6.14413],[-75.48983,6.14427],[-75.48857,6.14257],[-75.48893,6.14413]],[[-75.46686,6.11044],[-75.46574,6.11103],[-75.46694,6.11136],[-75.46686,6.11044]],[[-75.45837,6.0904],[-75.45806,6.09075],[-75.45967,6.09182],[-75.45837,6.0904]],[[-75.46458,6.08891],[-75.46267,6.08918],[-75.46379,6.08983],[-75.46458,6.08891]],[[-75.47335,6.09725],[-75.47532,6.09686],[-75.47395,6.09687],[-75.47335,6.09725]],[[-75.46058,6.09201],[-75.45951,6.09242],[-75.46015,6.09304],[-75.46058,6.09201]],[[-75.47884,6.09597],[-75.47817,6.09436],[-75.47813,6.09527],[-75.47884,6.09597]],[[-75.48655,6.10386],[-75.48695,6.10248],[-75.48564,6.10423],[-75.48655,6.10386]],[[-75.49374,6.14487],[-75.49298,6.14409],[-75.49254,6.14463],[-75.49374,6.14487]],[[-75.46091,6.06138],[-75.4616,6.06303],[-75.46339,6.06352],[-75.46091,6.06138]],[[-75.46185,6.09286],[-75.46109,6.09106],[-75.46141,6.09302],[-75.46185,6.09286]],[[-75.47715,6.09898],[-75.47813,6.10024],[-75.47787,6.09839],[-75.47715,6.09898]],[[-75.47864,6.10281],[-75.47904,6.10189],[-75.47742,6.1011],[-75.47864,6.10281]],[[-75.44243,6.06304],[-75.44296,6.06223],[-75.44138,6.0625],[-75.44243,6.06304]],[[-75.4879,6.10171],[-75.4866,6.10505],[-75.48788,6.1025],[-75.4879,6.10171]],[[-75.47897,6.117],[-75.47863,6.11546],[-75.4786118733302,6.115453543925825],[-75.47897,6.117]],[[-75.47764,6.11515],[-75.47779,6.11653],[-75.4779,6.1152],[-75.47764,6.11515]],[[-75.47571,6.1084],[-75.47355,6.10806],[-75.47424,6.10844],[-75.47571,6.1084]],[[-75.46191,6.07085],[-75.46271,6.06967],[-75.46138,6.0698],[-75.46191,6.07085]],[[-75.44921,6.05164],[-75.45009,6.05198],[-75.45048,6.0509],[-75.44921,6.05164]],[[-75.47836,6.15199],[-75.47886,6.15249],[-75.4807,6.15183],[-75.47836,6.15199]],[[-75.47897181248737,6.151349169529197],[-75.4799,6.1515],[-75.48027,6.15046],[-75.47897181248737,6.151349169529197]],[[-75.47894363233665,6.1513445902547055],[-75.47881,6.15146],[-75.47897181248737,6.151349169529197],[-75.47894363233665,6.1513445902547055]],[[-75.47961,6.1505],[-75.4783,6.15124],[-75.48013,6.15032],[-75.47961,6.1505]],[[-75.47924,6.10181],[-75.48123,6.10055],[-75.47927,6.10127],[-75.47924,6.10181]],[[-75.49399,6.10725],[-75.49458,6.10598],[-75.49223,6.10476],[-75.49399,6.10725]],[[-75.47809487379809,6.112651337139421],[-75.47838,6.11076],[-75.47762,6.11222],[-75.47602,6.11214],[-75.47809487379809,6.112651337139421]],[[-75.47808,6.11275],[-75.47925,6.11236],[-75.47809487379809,6.112651337139421],[-75.47808,6.11275]],[[-75.47846,6.10689],[-75.47621,6.10657],[-75.47806,6.10772],[-75.48041,6.10974],[-75.47846,6.10689]],[[-75.47797,6.11005],[-75.47736,6.10962],[-75.47761,6.10997],[-75.47797,6.11005]],[[-75.45758,6.07912],[-75.45725,6.07947],[-75.4575,6.07947],[-75.45758,6.07912]],[[-75.45422,6.09036],[-75.45412,6.09139],[-75.4543,6.09086],[-75.45422,6.09036]],[[-75.47907,6.11501],[-75.47898,6.11386],[-75.47898,6.11421],[-75.47907,6.11501]],[[-75.44362,6.0614],[-75.44284,6.06161],[-75.44309,6.06187],[-75.44362,6.0614]],[[-75.45675,6.07496],[-75.45559,6.07526],[-75.45598,6.0752],[-75.45675,6.07496]],[[-75.44981,6.06045],[-75.45048,6.06148],[-75.45013,6.06085],[-75.44981,6.06045]],[[-75.46296,6.11225],[-75.46322,6.11055],[-75.46291,6.1116],[-75.46296,6.11225]],[[-75.46558,6.05548],[-75.46354,6.05666],[-75.46458,6.05628],[-75.46558,6.05548]],[[-75.45825,6.09761],[-75.45842,6.09765],[-75.4584,6.09758],[-75.45825,6.09761]],[[-75.44596769364287,6.044357613365157],[-75.44504,6.04467],[-75.44605,6.04476],[-75.44596769364287,6.044357613365157]],[[-75.47566,6.10862],[-75.47524,6.10942],[-75.47552,6.11186],[-75.4758,6.10944],[-75.47566,6.10862]],[[-75.46708,6.11276],[-75.4685,6.11357],[-75.46769,6.11163],[-75.46708,6.11276]],[[-75.47605,6.11308],[-75.47647,6.11402],[-75.47687141132076,6.113481841509434],[-75.47605,6.11308]],[[-75.47397,6.11855],[-75.47565,6.11625],[-75.47358,6.11432],[-75.47276,6.11685],[-75.47397,6.11855]],[[-75.50011010900431,6.18965064426666],[-75.50378773068834,6.19014485298813],[-75.5014,6.18946],[-75.50011010900431,6.18965064426666]],[[-75.48394,6.16115],[-75.48397,6.16126],[-75.48405,6.16118],[-75.48394,6.16115]],[[-75.48838,6.16494],[-75.48841,6.16505],[-75.48849,6.16497],[-75.48838,6.16494]],[[-75.48955,6.16466],[-75.48958,6.16477],[-75.48966,6.16469],[-75.48955,6.16466]],[[-75.49683,6.18508],[-75.49686,6.18519],[-75.49694,6.18511],[-75.49683,6.18508]],[[-75.4975,6.1651],[-75.49753,6.16521],[-75.49761,6.16513],[-75.4975,6.1651]],[[-75.48223,6.16242],[-75.48226,6.16253],[-75.48234,6.16245],[-75.48223,6.16242]],[[-75.49788,6.17187],[-75.49791,6.17198],[-75.49799,6.1719],[-75.49788,6.17187]],[[-75.49768,6.16509],[-75.49771,6.1652],[-75.49779,6.16513],[-75.49768,6.16509]],[[-75.49701,6.18498],[-75.49706,6.1851],[-75.49722,6.18502],[-75.49701,6.18498]],[[-75.49038,6.16963],[-75.49042,6.16975],[-75.49058,6.16967],[-75.49038,6.16963]],[[-75.48774,6.16358],[-75.48779,6.1637],[-75.48795,6.16362],[-75.48774,6.16358]],[[-75.50485,6.17864],[-75.5049,6.17875],[-75.50506,6.17867],[-75.50485,6.17864]],[[-75.50485,6.179],[-75.5049,6.17911],[-75.50506,6.17903],[-75.50485,6.179]],[[-75.49773,6.18525],[-75.49778,6.18537],[-75.49794,6.18529],[-75.49773,6.18525]],[[-75.49437,6.17848],[-75.49442,6.1786],[-75.49458,6.17852],[-75.49437,6.17848]],[[-75.49593,6.1858],[-75.49598,6.18592],[-75.49614,6.18584],[-75.49593,6.1858]],[[-75.47447,6.16561],[-75.4745,6.16581],[-75.47459,6.16566],[-75.47447,6.16561]],[[-75.4885,6.1775],[-75.48854,6.17771],[-75.48862,6.17755],[-75.4885,6.1775]],[[-75.495,6.17794],[-75.49504,6.17814],[-75.49512,6.17799],[-75.495,6.17794]],[[-75.48962,6.17029],[-75.48968,6.17007],[-75.48954,6.17021],[-75.48962,6.17029]],[[-75.49653,6.18457],[-75.49676,6.18465],[-75.49661,6.18442],[-75.49653,6.18457]],[[-75.48277,6.1626],[-75.48281,6.1629],[-75.48289,6.16267],[-75.48277,6.1626]],[[-75.499,6.18534],[-75.49904,6.18564],[-75.49912,6.1854],[-75.499,6.18534]],[[-75.48611,6.16277],[-75.48614,6.16297],[-75.48631,6.1628],[-75.48611,6.16277]],[[-75.49616,6.18251],[-75.49657,6.18258],[-75.4964,6.18243],[-75.49616,6.18251]],[[-75.49137,6.169],[-75.49144,6.16912],[-75.49176,6.16904],[-75.49137,6.169]],[[-75.49569,6.17479],[-75.49603,6.17471],[-75.4959,6.17459],[-75.49569,6.17479]],[[-75.48724,6.16614],[-75.48742,6.16583],[-75.48709,6.16606],[-75.48724,6.16614]],[[-75.48788,6.16506],[-75.48795,6.16474],[-75.48772,6.16496],[-75.48788,6.16506]],[[-75.48708,6.16361],[-75.48733,6.16341],[-75.4872,6.16331],[-75.48708,6.16361]],[[-75.48726,6.16443],[-75.48751,6.16422],[-75.48738,6.16413],[-75.48726,6.16443]],[[-75.48653,6.16307],[-75.48678,6.16287],[-75.48665,6.16277],[-75.48653,6.16307]],[[-75.49715,6.16998],[-75.4973,6.17019],[-75.49746,6.17006],[-75.49715,6.16998]],[[-75.48394,6.1617],[-75.48402,6.162],[-75.48416,6.16185],[-75.48394,6.1617]],[[-75.48802,6.16512],[-75.48807,6.16542],[-75.48824,6.16529],[-75.48802,6.16512]],[[-75.48368,6.16369],[-75.48377,6.16399],[-75.4839,6.16375],[-75.48368,6.16369]],[[-75.48823,6.17714],[-75.48828,6.17735],[-75.48853,6.17719],[-75.48823,6.17714]],[[-75.49704,6.16121],[-75.49711,6.16161],[-75.49726,6.16142],[-75.49704,6.16121]],[[-75.48738,6.16223],[-75.48741,6.16256],[-75.48759,6.16256],[-75.48738,6.16223]],[[-75.48738,6.16642],[-75.48779,6.16619],[-75.48757,6.16612],[-75.48738,6.16642]],[[-75.4876,6.18022],[-75.48769,6.18052],[-75.48801,6.18056],[-75.4876,6.18022]],[[-75.48598,6.162],[-75.48633,6.1617],[-75.4862,6.1616],[-75.48598,6.162]],[[-75.48391,6.18574],[-75.48395,6.18591],[-75.48431,6.18605],[-75.48391,6.18574]],[[-75.5047,6.17858],[-75.50427,6.17863],[-75.5046,6.17876],[-75.5047,6.17858]],[[-75.48575,6.16214],[-75.48585,6.16254],[-75.48606,6.16219],[-75.48575,6.16214]],[[-75.49099,6.16921],[-75.49131,6.16913],[-75.49034,6.16887],[-75.49099,6.16921]],[[-75.48976,6.16958],[-75.49023,6.16932],[-75.48983,6.16927],[-75.48976,6.16958]],[[-75.48389,6.16833],[-75.48409,6.1679],[-75.48387,6.16784],[-75.48389,6.16833]],[[-75.50235,6.17741],[-75.50226,6.17707],[-75.50197,6.1771],[-75.50235,6.17741]],[[-75.49055,6.16602],[-75.49059,6.16676],[-75.49076,6.16607],[-75.49055,6.16602]],[[-75.48413,6.16314],[-75.48417,6.16381],[-75.48434,6.16369],[-75.48413,6.16314]],[[-75.48865,6.16335],[-75.48842,6.1629],[-75.48824,6.16321],[-75.48865,6.16335]],[[-75.4974,6.184],[-75.49702,6.18358],[-75.49675,6.18369],[-75.4974,6.184]],[[-75.48801,6.16367],[-75.48821,6.16417],[-75.48831,6.16376],[-75.48801,6.16367]],[[-75.48217,6.16337],[-75.48227,6.16273],[-75.48201,6.16299],[-75.48217,6.16337]],[[-75.48575,6.16097],[-75.48578,6.1612],[-75.48642,6.16128],[-75.48575,6.16097]],[[-75.49763,6.16639],[-75.49753,6.16569],[-75.49722,6.16623],[-75.49763,6.16639]],[[-75.4823,6.16395],[-75.48289,6.16409],[-75.4825,6.16256],[-75.4823,6.16395]],[[-75.483,6.1623],[-75.48379,6.16247],[-75.48377,6.16138],[-75.483,6.1623]],[[-75.49204,6.16733],[-75.48816,6.16725],[-75.48881,6.16813],[-75.49204,6.16733]],[[-75.50291,6.17635],[-75.50357,6.17643],[-75.50349,6.17608],[-75.50291,6.17635]],[[-75.47615,6.18264],[-75.47645,6.18168],[-75.47481,6.18281],[-75.47615,6.18264]],[[-75.47473222904624,6.182709002890174],[-75.47487,6.18269],[-75.47489070866142,6.182614068241467],[-75.47473222904624,6.182709002890174]],[[-75.47367573033708,6.1835989887640475],[-75.47396,6.1834],[-75.47369844930417,6.1835156858846965],[-75.47367573033708,6.1835989887640475]],[[-75.47328,6.1838],[-75.4724,6.18409],[-75.47316,6.18396],[-75.47328,6.1838]],[[-75.47786,6.20123],[-75.47889,6.19912],[-75.47771758550282,6.200658794027559],[-75.47786,6.20123]],[[-75.47372,6.23964],[-75.47209,6.24115],[-75.4719991942494,6.242026924105668],[-75.47372,6.23964]],[[-75.46586,6.24086],[-75.46748,6.24038],[-75.46635,6.23958],[-75.46586,6.24086]],[[-75.46344,6.25092],[-75.46168,6.24854],[-75.46198,6.24966],[-75.46344,6.25092]],[[-75.46648,6.25395],[-75.46716,6.25407],[-75.46629,6.25309],[-75.46648,6.25395]],[[-75.47505,6.30363],[-75.47558,6.30495],[-75.47572229773463,6.304381391585762],[-75.47505,6.30363]],[[-75.45763110644603,6.099537680908863],[-75.45732,6.09975],[-75.45767546977586,6.099578347294542],[-75.45763110644603,6.099537680908863]],[[-75.45802,6.10411],[-75.45621,6.10584],[-75.45873,6.10693],[-75.45907,6.10477],[-75.45802,6.10411]],[[-75.4567,6.10658],[-75.45673,6.10838],[-75.4568,6.10753],[-75.4567,6.10658]],[[-75.45866,6.11254],[-75.46002723404256,6.112408936170213],[-75.45929,6.11226],[-75.45866,6.11254]],[[-75.46004040955631,6.1124718316268485],[-75.46028,6.11246],[-75.46005597911227,6.1124147432550044],[-75.46004040955631,6.1124718316268485]],[[-75.45393,6.11531],[-75.451,6.11698],[-75.4527876,6.116282400000002],[-75.45433,6.11588],[-75.45393,6.11531]],[[-75.45397,6.12175],[-75.4556,6.12167],[-75.45503,6.12163],[-75.45397,6.12175]],[[-75.45739,6.13434],[-75.4583,6.13576],[-75.45815,6.13486],[-75.45739,6.13434]],[[-75.45596,6.17356],[-75.45597,6.17281],[-75.45258,6.1733],[-75.45224,6.17471],[-75.45468,6.17366],[-75.4574,6.17466],[-75.45945,6.17407],[-75.45596,6.17356]],[[-75.44884,6.17669],[-75.45258,6.17527],[-75.44959,6.17611],[-75.44884,6.17669]],[[-75.4493606134372,6.176165287244402],[-75.44938,6.17616],[-75.44938,6.1761457480314945],[-75.4493606134372,6.176165287244402]],[[-75.45196,6.17663],[-75.45034,6.17618],[-75.45147,6.1771],[-75.45196,6.17663]],[[-75.45802,6.22569],[-75.45633,6.22754],[-75.45663235847026,6.233291816029275],[-75.45688,6.22868],[-75.45802,6.22569]],[[-75.45546,6.23857],[-75.45627,6.24004],[-75.45662252465483,6.233474950690336],[-75.45546,6.23857]],[[-75.44918,6.27018],[-75.44970409387099,6.270526099726132],[-75.45031,6.27052],[-75.44957,6.26944],[-75.44918,6.27018]],[[-75.44733,6.27055],[-75.44926762343096,6.270530493723849],[-75.44918,6.27018],[-75.44733,6.27055]],[[-75.44862,6.27894],[-75.44966,6.27775],[-75.44817,6.27817],[-75.44862,6.27894]],[[-75.44941,6.28575],[-75.45031,6.28791],[-75.45074475935829,6.28735],[-75.44941,6.28575]],[[-75.44201,6.05736],[-75.4428,6.05781],[-75.44245,6.05735],[-75.44201,6.05736]],[[-75.43151,6.17427],[-75.43343,6.17754],[-75.42974,6.17637],[-75.43215,6.17718],[-75.43192,6.17891],[-75.43525,6.17795],[-75.42803,6.18331],[-75.43471,6.18004],[-75.43368,6.18424],[-75.43645,6.18375],[-75.43869,6.18249],[-75.43736826730256,6.183005569491912],[-75.44094,6.18011],[-75.44394,6.1802],[-75.44478,6.17688],[-75.44655,6.17657],[-75.44167,6.17573],[-75.43839,6.16924],[-75.4344,6.16901],[-75.42559,6.16217],[-75.42521,6.16875],[-75.42853,6.16834],[-75.42814,6.17516],[-75.43151,6.17427]],[[-75.43942826324957,6.191273592933565],[-75.44153,6.19155],[-75.43944808812546,6.191263019666417],[-75.43942826324957,6.191273592933565]],[[-75.44531,6.19212],[-75.44639,6.19117],[-75.44495,6.19104],[-75.44531,6.19212]],[[-75.44287372337392,6.323113834969251],[-75.44264,6.32282],[-75.43915336008024,6.322206429287863],[-75.44287372337392,6.323113834969251]],[[-75.4298,6.09434],[-75.42976,6.09403],[-75.4296,6.09336],[-75.4298,6.09434]],[[-75.43131,6.31613],[-75.4306808203125,6.316336171874999],[-75.43144283828383,6.316443498349834],[-75.43131,6.31613]],[[-75.39570772651564,6.061351197534969],[-75.392,6.05961],[-75.39046314554749,6.0596298303800324],[-75.39570772651564,6.061351197534969]],[[-75.40753,6.06672],[-75.40633,6.06396],[-75.40359,6.06483],[-75.40488,6.0641],[-75.40586,6.06055],[-75.40885,6.05999],[-75.40434,6.05823],[-75.4061,6.05956],[-75.40412,6.0618],[-75.40471,6.06399],[-75.40286,6.06471],[-75.40176,6.06588],[-75.40414,6.06479],[-75.40376,6.06641],[-75.4066,6.06518],[-75.40753,6.06672]],[[-75.40883520588525,6.065589488496097],[-75.40864,6.06525],[-75.4088114246861,6.065581161325417],[-75.40883520588525,6.065589488496097]],[[-75.41729,6.06855],[-75.41473,6.06693],[-75.41142868558474,6.066497615457115],[-75.41530637497003,6.067855418364901],[-75.41532,6.06798],[-75.41729,6.06855]],[[-75.4338,6.06228],[-75.43368062698283,6.0623868227977615],[-75.43866,6.06441],[-75.4338,6.06228]],[[-75.47781,6.19828],[-75.4748,6.19554],[-75.47694,6.19754],[-75.47781,6.19828]],[[-75.44514,6.20581],[-75.44877,6.20463],[-75.44314,6.20517],[-75.44514,6.20581]],[[-75.45919,6.10676],[-75.45992307673919,6.107385643079128],[-75.46009,6.10734],[-75.45919,6.10676]],[[-75.37074,6.17928],[-75.37063,6.17925],[-75.37066,6.17936],[-75.37074,6.17928]],[[-75.372,6.17946],[-75.37189,6.17943],[-75.37192,6.17954],[-75.372,6.17946]],[[-75.37498,6.17981],[-75.37487,6.17978],[-75.3749,6.17989],[-75.37498,6.17981]],[[-75.37235,6.17575],[-75.37224,6.17572],[-75.37227,6.17583],[-75.37235,6.17575]],[[-75.37443,6.17547],[-75.37432,6.17544],[-75.37435,6.17555],[-75.37443,6.17547]],[[-75.37326,6.17575],[-75.37315,6.17572],[-75.37318,6.17583],[-75.37326,6.17575]],[[-75.3776,6.17791],[-75.37749,6.17788],[-75.37752,6.17799],[-75.3776,6.17791]],[[-75.38449,6.19046],[-75.38438,6.19043],[-75.38441,6.19054],[-75.38449,6.19046]],[[-75.38779,6.06126],[-75.38768,6.06123],[-75.38771,6.06134],[-75.38779,6.06126]],[[-75.39343,6.07897],[-75.39332,6.07894],[-75.39335,6.07905],[-75.39343,6.07897]],[[-75.39487,6.07634],[-75.39476,6.07631],[-75.39479,6.07642],[-75.39487,6.07634]],[[-75.3864,6.08522],[-75.38629,6.08519],[-75.38633,6.0853],[-75.3864,6.08522]],[[-75.39557,6.10473],[-75.39546,6.1047],[-75.39549,6.10481],[-75.39557,6.10473]],[[-75.39182,6.15934],[-75.39171,6.15931],[-75.39175,6.15942],[-75.39182,6.15934]],[[-75.38282,6.16949],[-75.38271,6.16946],[-75.38274,6.16957],[-75.38282,6.16949]],[[-75.37471,6.17837],[-75.3746,6.17834],[-75.37463,6.17845],[-75.37471,6.17837]],[[-75.37253,6.17566],[-75.37242,6.17563],[-75.37245,6.17574],[-75.37253,6.17566]],[[-75.39241,6.21268],[-75.3923,6.21265],[-75.39233,6.21276],[-75.39241,6.21268]],[[-75.3864,6.19298],[-75.38629,6.19295],[-75.38632,6.19306],[-75.3864,6.19298]],[[-75.38916,6.06677],[-75.38905,6.06674],[-75.38908,6.06685],[-75.38916,6.06677]],[[-75.38898,6.06668],[-75.38887,6.06665],[-75.3889,6.06676],[-75.38898,6.06668]],[[-75.40099,6.0681],[-75.40088,6.06807],[-75.40091,6.06818],[-75.40099,6.0681]],[[-75.39325,6.07761],[-75.39314,6.07758],[-75.39317,6.07769],[-75.39325,6.07761]],[[-75.39145,6.07825],[-75.39134,6.07822],[-75.39137,6.07833],[-75.39145,6.07825]],[[-75.39059,6.06135],[-75.39048,6.06132],[-75.39051,6.06143],[-75.39059,6.06135]],[[-75.3918,6.07481],[-75.39169,6.07478],[-75.39172,6.07489],[-75.3918,6.07481]],[[-75.39629,6.10219],[-75.39618,6.10216],[-75.39621,6.10227],[-75.39629,6.10219]],[[-75.39709,6.09568],[-75.39698,6.09565],[-75.39701,6.09576],[-75.39709,6.09568]],[[-75.38866,6.19488],[-75.38855,6.19485],[-75.38858,6.19496],[-75.38866,6.19488]],[[-75.3865,6.19768],[-75.38639,6.19765],[-75.38642,6.19776],[-75.3865,6.19768]],[[-75.3934,6.21132],[-75.39329,6.21129],[-75.39332,6.2114],[-75.3934,6.21132]],[[-75.38844,6.06723],[-75.38833,6.0672],[-75.38836,6.06731],[-75.38844,6.06723]],[[-75.39052,6.06758],[-75.39041,6.06755],[-75.39044,6.06766],[-75.39052,6.06758]],[[-75.39687,6.0823],[-75.39676,6.08227],[-75.39679,6.08238],[-75.39687,6.0823]],[[-75.39271,6.07942],[-75.3926,6.07939],[-75.39263,6.0795],[-75.39271,6.07942]],[[-75.39874,6.07028],[-75.39863,6.07025],[-75.39866,6.07036],[-75.39874,6.07028]],[[-75.3855,6.08559],[-75.38539,6.08556],[-75.38542,6.08567],[-75.3855,6.08559]],[[-75.39767,6.07453],[-75.39756,6.0745],[-75.39759,6.07461],[-75.39767,6.07453]],[[-75.39407,6.07888],[-75.39396,6.07885],[-75.39399,6.07896],[-75.39407,6.07888]],[[-75.39687,6.07995],[-75.39676,6.07992],[-75.39679,6.08003],[-75.39687,6.07995]],[[-75.39452,6.0796],[-75.39441,6.07957],[-75.39444,6.07968],[-75.39452,6.0796]],[[-75.3974,6.0748],[-75.39729,6.07477],[-75.39732,6.07488],[-75.3974,6.0748]],[[-75.399,6.10228],[-75.39889,6.10225],[-75.39892,6.10236],[-75.399,6.10228]],[[-75.40071,6.10047],[-75.4006,6.10044],[-75.40063,6.10055],[-75.40071,6.10047]],[[-75.3998,6.09577],[-75.39969,6.09574],[-75.39972,6.09585],[-75.3998,6.09577]],[[-75.39796,6.15842],[-75.39785,6.15839],[-75.39788,6.1585],[-75.39796,6.15842]],[[-75.39607,6.15815],[-75.39596,6.15812],[-75.39599,6.15823],[-75.39607,6.15815]],[[-75.39308,6.15545],[-75.39297,6.15542],[-75.393,6.15553],[-75.39308,6.15545]],[[-75.40642,6.18136],[-75.40631,6.18133],[-75.40634,6.18144],[-75.40642,6.18136]],[[-75.39304,6.21295],[-75.39293,6.21292],[-75.39296,6.21303],[-75.39304,6.21295]],[[-75.39304,6.21322],[-75.39293,6.21319],[-75.39296,6.2133],[-75.39304,6.21322]],[[-75.40062,6.10029],[-75.40051,6.10025],[-75.40054,6.10036],[-75.40062,6.10029]],[[-75.39367,6.06559],[-75.39356,6.06556],[-75.39359,6.06567],[-75.39367,6.06559]],[[-75.39088,6.06758],[-75.39077,6.06755],[-75.3908,6.06766],[-75.39088,6.06758]],[[-75.40668,6.06763],[-75.40657,6.0676],[-75.4066,6.06771],[-75.40668,6.06763]],[[-75.40515,6.06845],[-75.40504,6.06842],[-75.40507,6.06853],[-75.40515,6.06845]],[[-75.39822,6.07914],[-75.39811,6.07911],[-75.39814,6.07922],[-75.39822,6.07914]],[[-75.4022,6.07931],[-75.40208,6.07928],[-75.40212,6.07939],[-75.4022,6.07931]],[[-75.40913,6.07296],[-75.40902,6.07293],[-75.40905,6.07304],[-75.40913,6.07296]],[[-75.40701,6.09231],[-75.4069,6.09228],[-75.40693,6.09239],[-75.40701,6.09231]],[[-75.39998,6.09568],[-75.39987,6.09565],[-75.3999,6.09576],[-75.39998,6.09568]],[[-75.40385,6.08997],[-75.40374,6.08994],[-75.40377,6.09005],[-75.40385,6.08997]],[[-75.40269,6.09775],[-75.40258,6.09772],[-75.40261,6.09783],[-75.40269,6.09775]],[[-75.39578,6.07914],[-75.39567,6.07911],[-75.3957,6.07922],[-75.39578,6.07914]],[[-75.39796,6.08167],[-75.39785,6.08164],[-75.39788,6.08175],[-75.39796,6.08167]],[[-75.392,6.15925],[-75.39189,6.15922],[-75.39193,6.15933],[-75.392,6.15925]],[[-75.39842,6.15842],[-75.39831,6.15839],[-75.39834,6.1585],[-75.39842,6.15842]],[[-75.39318,6.16069],[-75.39307,6.16066],[-75.3931,6.16077],[-75.39318,6.16069]],[[-75.40476,6.16527],[-75.40465,6.16524],[-75.40468,6.16535],[-75.40476,6.16527]],[[-75.39832,6.15824],[-75.39821,6.15821],[-75.39825,6.15832],[-75.39832,6.15824]],[[-75.39282,6.16042],[-75.39271,6.16039],[-75.39274,6.1605],[-75.39282,6.16042]],[[-75.40033,6.16429],[-75.40022,6.16426],[-75.40025,6.16437],[-75.40033,6.16429]],[[-75.40398,6.18227],[-75.40387,6.18224],[-75.40391,6.18235],[-75.40398,6.18227]],[[-75.40221,6.19584],[-75.4021,6.19581],[-75.40213,6.19592],[-75.40221,6.19584]],[[-75.3865,6.19714],[-75.38639,6.19711],[-75.38642,6.19722],[-75.3865,6.19714]],[[-75.4066,6.17919],[-75.40649,6.17916],[-75.40652,6.17927],[-75.4066,6.17919]],[[-75.38773,6.18313],[-75.38762,6.1831],[-75.38765,6.18321],[-75.38773,6.18313]],[[-75.40488,6.18055],[-75.40477,6.18052],[-75.4048,6.18063],[-75.40488,6.18055]],[[-75.42262,6.19289],[-75.42251,6.19286],[-75.42254,6.19297],[-75.42262,6.19289]],[[-75.3955,6.07354],[-75.39539,6.07351],[-75.39542,6.07362],[-75.3955,6.07354]],[[-75.39881,6.09839],[-75.3987,6.09836],[-75.39873,6.09847],[-75.39881,6.09839]],[[-75.3943,6.09985],[-75.39419,6.09982],[-75.39422,6.09993],[-75.3943,6.09985]],[[-75.3981,6.10156],[-75.39798,6.10153],[-75.39802,6.10164],[-75.3981,6.10156]],[[-75.39909,6.10255],[-75.39898,6.10252],[-75.39901,6.10263],[-75.39909,6.10255]],[[-75.4151,6.18252],[-75.41499,6.18248],[-75.41502,6.1826],[-75.4151,6.18252]],[[-75.41136,6.17041],[-75.41125,6.17038],[-75.41128,6.17049],[-75.41136,6.17041]],[[-75.41132,6.19102],[-75.41121,6.19099],[-75.41124,6.1911],[-75.41132,6.19102]],[[-75.42243,6.08287],[-75.42232,6.08284],[-75.42235,6.08295],[-75.42243,6.08287]],[[-75.42451,6.08115],[-75.4244,6.08112],[-75.42443,6.08123],[-75.42451,6.08115]],[[-75.41358,6.15314],[-75.41347,6.15311],[-75.4135,6.15322],[-75.41358,6.15314]],[[-75.4056,6.06917],[-75.40549,6.06914],[-75.40552,6.06925],[-75.4056,6.06917]],[[-75.42117,6.0836],[-75.42106,6.08357],[-75.42109,6.08368],[-75.42117,6.0836]],[[-75.42956,6.07978],[-75.42945,6.07975],[-75.42948,6.07986],[-75.42956,6.07978]],[[-75.41509,6.07186],[-75.41498,6.07183],[-75.41501,6.07194],[-75.41509,6.07186]],[[-75.41386,6.08687],[-75.41375,6.08684],[-75.41379,6.08695],[-75.41386,6.08687]],[[-75.40774,6.09231],[-75.40763,6.09228],[-75.40766,6.09239],[-75.40774,6.09231]],[[-75.42189,6.08315],[-75.42178,6.08312],[-75.42181,6.08323],[-75.42189,6.08315]],[[-75.4071,6.09268],[-75.40699,6.09264],[-75.40703,6.09275],[-75.4071,6.09268]],[[-75.42775,6.15084],[-75.42764,6.15081],[-75.42767,6.15092],[-75.42775,6.15084]],[[-75.4303,6.15798],[-75.43019,6.15795],[-75.43022,6.15806],[-75.4303,6.15798]],[[-75.41471,6.17076],[-75.41459,6.17073],[-75.41463,6.17084],[-75.41471,6.17076]],[[-75.41227,6.17195],[-75.41216,6.17192],[-75.41219,6.17203],[-75.41227,6.17195]],[[-75.41029,6.17376],[-75.41018,6.17373],[-75.41021,6.17384],[-75.41029,6.17376]],[[-75.4093,6.17503],[-75.40919,6.175],[-75.40922,6.17511],[-75.4093,6.17503]],[[-75.41945,6.18928],[-75.41934,6.18925],[-75.41937,6.18936],[-75.41945,6.18928]],[[-75.42577,6.18864],[-75.42566,6.18861],[-75.42569,6.18872],[-75.42577,6.18864]],[[-75.41263,6.09745],[-75.41252,6.09742],[-75.41255,6.09753],[-75.41263,6.09745]],[[-75.42893,6.15409],[-75.42882,6.15406],[-75.42886,6.15417],[-75.42893,6.15409]],[[-75.42921,6.15744],[-75.4291,6.15741],[-75.42914,6.15752],[-75.42921,6.15744]],[[-75.42766,6.15003],[-75.42755,6.15],[-75.42758,6.15011],[-75.42766,6.15003]],[[-75.42703,6.15039],[-75.42692,6.15036],[-75.42695,6.15047],[-75.42703,6.15039]],[[-75.4292,6.07897],[-75.42909,6.07894],[-75.42912,6.07905],[-75.4292,6.07897]],[[-75.43555,6.09125],[-75.43544,6.09122],[-75.43547,6.09133],[-75.43555,6.09125]],[[-75.42889,6.09913],[-75.42878,6.0991],[-75.42881,6.09921],[-75.42889,6.09913]],[[-75.43049,6.09108],[-75.43038,6.09105],[-75.43041,6.09116],[-75.43049,6.09108]],[[-75.42848,6.15401],[-75.42837,6.15397],[-75.4284,6.15408],[-75.42848,6.15401]],[[-75.42911,6.15039],[-75.429,6.15036],[-75.42903,6.15047],[-75.42911,6.15039]],[[-75.4293,6.15418],[-75.42919,6.15415],[-75.42922,6.15426],[-75.4293,6.15418]],[[-75.41525,6.17112],[-75.41514,6.17109],[-75.41517,6.1712],[-75.41525,6.17112]],[[-75.42441,6.18656],[-75.4243,6.18653],[-75.42433,6.18664],[-75.42441,6.18656]],[[-75.42945,6.07047],[-75.42934,6.07044],[-75.42937,6.07055],[-75.42945,6.07047]],[[-75.43486,6.06946],[-75.43475,6.06943],[-75.43478,6.06954],[-75.43486,6.06946]],[[-75.43917,6.09368],[-75.43906,6.09365],[-75.43909,6.09376],[-75.43917,6.09368]],[[-75.43609,6.09233],[-75.43598,6.0923],[-75.43602,6.09241],[-75.43609,6.09233]],[[-75.44845,6.08652],[-75.44834,6.08648],[-75.44837,6.08659],[-75.44845,6.08652]],[[-75.44325,6.10163],[-75.44314,6.10159],[-75.44317,6.1017],[-75.44325,6.10163]],[[-75.43755,6.09468],[-75.43744,6.09465],[-75.43747,6.09476],[-75.43755,6.09468]],[[-75.44111,6.07596],[-75.441,6.07593],[-75.44103,6.07604],[-75.44111,6.07596]],[[-75.43573,6.09034],[-75.43562,6.09031],[-75.43565,6.09042],[-75.43573,6.09034]],[[-75.4237,6.08242],[-75.42359,6.08239],[-75.42362,6.0825],[-75.4237,6.08242]],[[-75.43808,6.0907],[-75.43797,6.09067],[-75.438,6.09078],[-75.43808,6.0907]],[[-75.44146,6.10552],[-75.44135,6.10549],[-75.44138,6.1056],[-75.44146,6.10552]],[[-75.44272,6.10533],[-75.44261,6.1053],[-75.44264,6.10541],[-75.44272,6.10533]],[[-75.42959,6.09253],[-75.42948,6.0925],[-75.42951,6.09261],[-75.42959,6.09253]],[[-75.43897,6.08771],[-75.43886,6.08768],[-75.43889,6.08779],[-75.43897,6.08771]],[[-75.43311,6.08881],[-75.433,6.08878],[-75.43303,6.08889],[-75.43311,6.08881]],[[-75.43537,6.09134],[-75.43526,6.09131],[-75.43529,6.09142],[-75.43537,6.09134]],[[-75.43931,6.14928],[-75.4392,6.14925],[-75.43923,6.14936],[-75.43931,6.14928]],[[-75.42985,6.1578],[-75.42974,6.15777],[-75.42977,6.15788],[-75.42985,6.1578]],[[-75.42767,6.15374],[-75.42756,6.15371],[-75.42759,6.15382],[-75.42767,6.15374]],[[-75.43012,6.15789],[-75.43001,6.15786],[-75.43004,6.15797],[-75.43012,6.15789]],[[-75.42812,6.15392],[-75.42801,6.15389],[-75.42804,6.154],[-75.42812,6.15392]],[[-75.44306,6.16852],[-75.44295,6.16849],[-75.44298,6.1686],[-75.44306,6.16852]],[[-75.42749,6.15365],[-75.42738,6.15362],[-75.42741,6.15373],[-75.42749,6.15365]],[[-75.44314,6.16518],[-75.44303,6.16515],[-75.44306,6.16526],[-75.44314,6.16518]],[[-75.4197,6.18079],[-75.41959,6.18076],[-75.41962,6.18087],[-75.4197,6.18079]],[[-75.4293,6.19053],[-75.42919,6.19049],[-75.42922,6.1906],[-75.4293,6.19053]],[[-75.44493,6.19076],[-75.44482,6.19073],[-75.44485,6.19084],[-75.44493,6.19076]],[[-75.44592,6.19229],[-75.44581,6.19226],[-75.44584,6.19237],[-75.44592,6.19229]],[[-75.43818,6.20379],[-75.43807,6.20376],[-75.43811,6.20387],[-75.43818,6.20379]],[[-75.41105,6.19111],[-75.41094,6.19108],[-75.41097,6.19119],[-75.41105,6.19111]],[[-75.43706,6.18978],[-75.43695,6.18975],[-75.43699,6.18986],[-75.43706,6.18978]],[[-75.43402,6.19892],[-75.43391,6.19889],[-75.43394,6.199],[-75.43402,6.19892]],[[-75.4431,6.11076],[-75.44299,6.11073],[-75.44302,6.11084],[-75.4431,6.11076]],[[-75.44165,6.07442],[-75.44154,6.07439],[-75.44157,6.0745],[-75.44165,6.07442]],[[-75.43748,6.06973],[-75.43737,6.0697],[-75.4374,6.06981],[-75.43748,6.06973]],[[-75.43346,6.088],[-75.43335,6.08797],[-75.43339,6.08808],[-75.43346,6.088]],[[-75.43581,6.08826],[-75.4357,6.08823],[-75.43573,6.08834],[-75.43581,6.08826]],[[-75.43337,6.08818],[-75.43326,6.08815],[-75.4333,6.08826],[-75.43337,6.08818]],[[-75.44186,6.08472],[-75.44175,6.08469],[-75.44178,6.0848],[-75.44186,6.08472]],[[-75.43573,6.09251],[-75.43562,6.09248],[-75.43565,6.09259],[-75.43573,6.09251]],[[-75.44524,6.10162],[-75.44513,6.10159],[-75.44516,6.1017],[-75.44524,6.10162]],[[-75.4389,6.09359],[-75.43879,6.09356],[-75.43882,6.09367],[-75.4389,6.09359]],[[-75.43727,6.09468],[-75.43716,6.09465],[-75.4372,6.09476],[-75.43727,6.09468]],[[-75.44557,6.09059],[-75.44546,6.09056],[-75.44549,6.09067],[-75.44557,6.09059]],[[-75.43591,6.09242],[-75.4358,6.09239],[-75.43584,6.0925],[-75.43591,6.09242]],[[-75.44784,6.12946],[-75.44773,6.12943],[-75.44776,6.12954],[-75.44784,6.12946]],[[-75.44023,6.15506],[-75.44012,6.15503],[-75.44015,6.15514],[-75.44023,6.15506]],[[-75.44158,6.1528],[-75.44147,6.15277],[-75.4415,6.15288],[-75.44158,6.1528]],[[-75.44232,6.15994],[-75.44221,6.15991],[-75.44224,6.16002],[-75.44232,6.15994]],[[-75.43985,6.14864],[-75.43974,6.14861],[-75.43977,6.14872],[-75.43985,6.14864]],[[-75.42669,6.15925],[-75.42658,6.15922],[-75.42661,6.15933],[-75.42669,6.15925]],[[-75.42621,6.14985],[-75.4261,6.14982],[-75.42614,6.14993],[-75.42621,6.14985]],[[-75.44114,6.15985],[-75.44103,6.15982],[-75.44106,6.15993],[-75.44114,6.15985]],[[-75.42685,6.1503],[-75.42674,6.15027],[-75.42677,6.15038],[-75.42685,6.1503]],[[-75.44268,6.16003],[-75.44257,6.16],[-75.4426,6.16011],[-75.44268,6.16003]],[[-75.4347,6.14721],[-75.43459,6.14718],[-75.43462,6.14729],[-75.4347,6.14721]],[[-75.43608,6.15715],[-75.43597,6.15712],[-75.436,6.15723],[-75.43608,6.15715]],[[-75.43543,6.15119],[-75.43532,6.15115],[-75.43535,6.15126],[-75.43543,6.15119]],[[-75.43237,6.15653],[-75.43226,6.1565],[-75.43229,6.15661],[-75.43237,6.15653]],[[-75.44075,6.18335],[-75.44064,6.18332],[-75.44067,6.18343],[-75.44075,6.18335]],[[-75.44787,6.17674],[-75.44776,6.17671],[-75.44779,6.17682],[-75.44787,6.17674]],[[-75.44176,6.19086],[-75.44165,6.19082],[-75.44169,6.19093],[-75.44176,6.19086]],[[-75.43679,6.18969],[-75.43668,6.18966],[-75.43671,6.18977],[-75.43679,6.18969]],[[-75.43891,6.16935],[-75.4388,6.16932],[-75.43883,6.16943],[-75.43891,6.16935]],[[-75.44021,6.18318],[-75.4401,6.18314],[-75.44013,6.18325],[-75.44021,6.18318]],[[-75.44274,6.18226],[-75.44263,6.18223],[-75.44266,6.18234],[-75.44274,6.18226]],[[-75.43797,6.19005],[-75.43786,6.19002],[-75.43789,6.19013],[-75.43797,6.19005]],[[-75.43375,6.20046],[-75.43364,6.20043],[-75.43367,6.20054],[-75.43375,6.20046]],[[-75.44689,6.07495],[-75.44678,6.07492],[-75.44681,6.07503],[-75.44689,6.07495]],[[-75.43514,6.07028],[-75.43503,6.07025],[-75.43506,6.07036],[-75.43514,6.07028]],[[-75.44391,6.07532],[-75.4438,6.07529],[-75.44383,6.0754],[-75.44391,6.07532]],[[-75.44163,6.06836],[-75.44152,6.06833],[-75.44155,6.06844],[-75.44163,6.06836]],[[-75.43088,6.06531],[-75.43077,6.06528],[-75.4308,6.06539],[-75.43088,6.06531]],[[-75.45198,6.08985],[-75.45187,6.08982],[-75.4519,6.08993],[-75.45198,6.08985]],[[-75.43419,6.08999],[-75.43408,6.08996],[-75.43411,6.09007],[-75.43419,6.08999]],[[-75.45675,6.11669],[-75.45664,6.11666],[-75.45667,6.11677],[-75.45675,6.11669]],[[-75.4488,6.15187],[-75.44869,6.15184],[-75.44872,6.15195],[-75.4488,6.15187]],[[-75.44781,6.15179],[-75.4477,6.15176],[-75.44773,6.15187],[-75.44781,6.15179]],[[-75.44224,6.164],[-75.44213,6.16397],[-75.44216,6.16408],[-75.44224,6.164]],[[-75.43611,6.16872],[-75.436,6.16869],[-75.43603,6.1688],[-75.43611,6.16872]],[[-75.44376,6.1574],[-75.44365,6.15737],[-75.44368,6.15748],[-75.44376,6.1574]],[[-75.43913,6.18517],[-75.43902,6.18514],[-75.43905,6.18525],[-75.43913,6.18517]],[[-75.44548,6.19654],[-75.44537,6.19651],[-75.4454,6.19662],[-75.44548,6.19654]],[[-75.43831,6.11167],[-75.4382,6.11164],[-75.43823,6.11175],[-75.43831,6.11167]],[[-75.46017,6.14751],[-75.46006,6.14748],[-75.46009,6.14759],[-75.46017,6.14751]],[[-75.46225,6.14931],[-75.46214,6.14928],[-75.46217,6.14939],[-75.46225,6.14931]],[[-75.45102,6.17158],[-75.45091,6.17155],[-75.45094,6.17166],[-75.45102,6.17158]],[[-75.45012,6.1733],[-75.45001,6.17327],[-75.45004,6.17338],[-75.45012,6.1733]],[[-75.44339,6.19139],[-75.44328,6.19136],[-75.44331,6.19147],[-75.44339,6.19139]],[[-75.44021,6.07831],[-75.4401,6.07828],[-75.44013,6.07839],[-75.44021,6.07831]],[[-75.45745,6.10728],[-75.45734,6.10725],[-75.45737,6.10736],[-75.45745,6.10728]],[[-75.46186,6.10302],[-75.46175,6.10299],[-75.46178,6.1031],[-75.46186,6.10302]],[[-75.4465,6.09945],[-75.44639,6.09942],[-75.44642,6.09953],[-75.4465,6.09945]],[[-75.45436,6.09934],[-75.45425,6.09931],[-75.45428,6.09942],[-75.45436,6.09934]],[[-75.45426,6.09527],[-75.45414,6.09524],[-75.45418,6.09535],[-75.45426,6.09527]],[[-75.45435,6.09545],[-75.45424,6.09542],[-75.45427,6.09553],[-75.45435,6.09545]],[[-75.44153,6.09946],[-75.44142,6.09943],[-75.44145,6.09954],[-75.44153,6.09946]],[[-75.44883,6.09185],[-75.44872,6.09182],[-75.44875,6.09193],[-75.44883,6.09185]],[[-75.45073,6.09573],[-75.45062,6.0957],[-75.45066,6.09581],[-75.45073,6.09573]],[[-75.45924,6.1024],[-75.45913,6.10237],[-75.45916,6.10248],[-75.45924,6.1024]],[[-75.44958,6.10269],[-75.44947,6.10266],[-75.4495,6.10277],[-75.44958,6.10269]],[[-75.45346,6.1016],[-75.45335,6.10157],[-75.45338,6.10168],[-75.45346,6.1016]],[[-75.45698,6.10322],[-75.45687,6.10319],[-75.45691,6.1033],[-75.45698,6.10322]],[[-75.45682,6.10991],[-75.45671,6.10988],[-75.45674,6.10999],[-75.45682,6.10991]],[[-75.46279,6.11324],[-75.46268,6.11321],[-75.46271,6.11332],[-75.46279,6.11324]],[[-75.46213,6.10402],[-75.46202,6.10399],[-75.46206,6.1041],[-75.46213,6.10402]],[[-75.45996,6.10294],[-75.45985,6.10291],[-75.45989,6.10302],[-75.45996,6.10294]],[[-75.44659,6.09963],[-75.44648,6.0996],[-75.44651,6.09971],[-75.44659,6.09963]],[[-75.46235,6.11794],[-75.46224,6.11791],[-75.46227,6.11802],[-75.46235,6.11794]],[[-75.43829,6.10426],[-75.43818,6.10423],[-75.43821,6.10434],[-75.43829,6.10426]],[[-75.44142,6.09223],[-75.44131,6.0922],[-75.44134,6.09231],[-75.44142,6.09223]],[[-75.44588,6.10343],[-75.44577,6.1034],[-75.4458,6.10351],[-75.44588,6.10343]],[[-75.45644,6.1034],[-75.45633,6.10337],[-75.45636,6.10348],[-75.45644,6.1034]],[[-75.45076,6.10414],[-75.45065,6.10411],[-75.45068,6.10422],[-75.45076,6.10414]],[[-75.45915,6.10204],[-75.45904,6.10201],[-75.45907,6.10212],[-75.45915,6.10204]],[[-75.44081,6.10181],[-75.4407,6.10178],[-75.44074,6.10189],[-75.44081,6.10181]],[[-75.46653,6.12697],[-75.46642,6.12694],[-75.46645,6.12705],[-75.46653,6.12697]],[[-75.4575,6.12979],[-75.45739,6.12976],[-75.45743,6.12987],[-75.4575,6.12979]],[[-75.46391,6.12707],[-75.4638,6.12703],[-75.46383,6.12714],[-75.46391,6.12707]],[[-75.45601,6.14706],[-75.4559,6.14703],[-75.45593,6.14714],[-75.45601,6.14706]],[[-75.45711,6.11705],[-75.457,6.11702],[-75.45703,6.11713],[-75.45711,6.11705]],[[-75.45265,6.13794],[-75.45254,6.13791],[-75.45257,6.13802],[-75.45265,6.13794]],[[-75.45767,6.12455],[-75.45756,6.12452],[-75.45759,6.12463],[-75.45767,6.12455]],[[-75.45283,6.13803],[-75.45272,6.138],[-75.45275,6.13811],[-75.45283,6.13803]],[[-75.46995,6.12416],[-75.46984,6.12413],[-75.46987,6.12424],[-75.46995,6.12416]],[[-75.46147,6.12816],[-75.46136,6.12813],[-75.4614,6.12824],[-75.46147,6.12816]],[[-75.45698,6.13649],[-75.45687,6.13645],[-75.4569,6.13656],[-75.45698,6.13649]],[[-75.46933,6.12678],[-75.46922,6.12675],[-75.46925,6.12686],[-75.46933,6.12678]],[[-75.44943,6.15287],[-75.44932,6.15284],[-75.44936,6.15295],[-75.44943,6.15287]],[[-75.44544,6.14555],[-75.44533,6.14552],[-75.44536,6.14563],[-75.44544,6.14555]],[[-75.45935,6.14471],[-75.45924,6.14467],[-75.45927,6.14478],[-75.45935,6.14471]],[[-75.44329,6.15252],[-75.44318,6.15249],[-75.44321,6.1526],[-75.44329,6.15252]],[[-75.4424,6.15614],[-75.44229,6.15611],[-75.44232,6.15622],[-75.4424,6.15614]],[[-75.45997,6.1749],[-75.45986,6.17487],[-75.45989,6.17498],[-75.45997,6.1749]],[[-75.46658,6.18148],[-75.46647,6.18145],[-75.4665,6.18156],[-75.46658,6.18148]],[[-75.44299,6.17431],[-75.44288,6.17428],[-75.44291,6.17439],[-75.44299,6.17431]],[[-75.45094,6.17438],[-75.45083,6.17435],[-75.45086,6.17446],[-75.45094,6.17438]],[[-75.46349,6.17507],[-75.46338,6.17504],[-75.46341,6.17515],[-75.46349,6.17507]],[[-75.46304,6.1748],[-75.46293,6.17477],[-75.46296,6.17488],[-75.46304,6.1748]],[[-75.45267,6.18287],[-75.45256,6.18284],[-75.45259,6.18295],[-75.45267,6.18287]],[[-75.44499,6.17891],[-75.44488,6.17888],[-75.44491,6.17899],[-75.44499,6.17891]],[[-75.45347,6.17528],[-75.45336,6.17525],[-75.45339,6.17536],[-75.45347,6.17528]],[[-75.44828,6.19735],[-75.44817,6.19732],[-75.44821,6.19743],[-75.44828,6.19735]],[[-75.47004,6.1925],[-75.46993,6.19247],[-75.46996,6.19258],[-75.47004,6.1925]],[[-75.4492,6.20168],[-75.44909,6.20165],[-75.44912,6.20176],[-75.4492,6.20168]],[[-75.44875,6.20096],[-75.44864,6.20093],[-75.44867,6.20104],[-75.44875,6.20096]],[[-75.4582,6.18837],[-75.45809,6.18834],[-75.45812,6.18845],[-75.4582,6.18837]],[[-75.4574,6.19561],[-75.45729,6.19558],[-75.45732,6.19569],[-75.4574,6.19561]],[[-75.46,6.18828],[-75.45989,6.18825],[-75.45993,6.18836],[-75.46,6.18828]],[[-75.4573,6.19172],[-75.45719,6.19169],[-75.45722,6.1918],[-75.4573,6.19172]],[[-75.4561,6.11181],[-75.45599,6.11178],[-75.45602,6.11189],[-75.4561,6.11181]],[[-75.45647,6.11352],[-75.45636,6.11349],[-75.45639,6.1136],[-75.45647,6.11352]],[[-75.45827,6.11298],[-75.45816,6.11295],[-75.4582,6.11306],[-75.45827,6.11298]],[[-75.46501,6.1663],[-75.4649,6.16627],[-75.46493,6.16638],[-75.46501,6.1663]],[[-75.45919,6.11731],[-75.45908,6.11728],[-75.45911,6.11739],[-75.45919,6.11731]],[[-75.46099,6.11387],[-75.46088,6.11384],[-75.46091,6.11395],[-75.46099,6.11387]],[[-75.46343,6.1164],[-75.46332,6.11637],[-75.46335,6.11648],[-75.46343,6.1164]],[[-75.46506,6.11866],[-75.46495,6.11862],[-75.46498,6.11873],[-75.46506,6.11866]],[[-75.45956,6.12247],[-75.45945,6.12244],[-75.45948,6.12255],[-75.45956,6.12247]],[[-75.46081,6.11388],[-75.4607,6.11384],[-75.46073,6.11395],[-75.46081,6.11388]],[[-75.46489,6.12299],[-75.46478,6.12296],[-75.46481,6.12307],[-75.46489,6.12299]],[[-75.46493,6.13863],[-75.46482,6.1386],[-75.46485,6.13871],[-75.46493,6.13863]],[[-75.46855,6.13853],[-75.46844,6.1385],[-75.46847,6.13861],[-75.46855,6.13853]],[[-75.46358,6.13954],[-75.46347,6.13951],[-75.4635,6.13962],[-75.46358,6.13954]],[[-75.47005,6.12633],[-75.46994,6.1263],[-75.46997,6.12641],[-75.47005,6.12633]],[[-75.44671,6.147],[-75.4466,6.14697],[-75.44663,6.14708],[-75.44671,6.147]],[[-75.47071,6.13645],[-75.4706,6.13642],[-75.47063,6.13653],[-75.47071,6.13645]],[[-75.47353,6.14476],[-75.47342,6.14473],[-75.47345,6.14484],[-75.47353,6.14476]],[[-75.46571,6.15816],[-75.4656,6.15813],[-75.46563,6.15824],[-75.46571,6.15816]],[[-75.45983,6.18981],[-75.45972,6.18978],[-75.45975,6.18989],[-75.45983,6.18981]],[[-75.46493,6.10401],[-75.46482,6.10398],[-75.46486,6.10409],[-75.46493,6.10401]],[[-75.45898,6.10719],[-75.45887,6.10716],[-75.4589,6.10727],[-75.45898,6.10719]],[[-75.46033,6.10619],[-75.46022,6.10616],[-75.46026,6.10627],[-75.46033,6.10619]],[[-75.46635,6.12688],[-75.46624,6.12685],[-75.46627,6.12696],[-75.46635,6.12688]],[[-75.46237,6.12707],[-75.46226,6.12704],[-75.4623,6.12715],[-75.46237,6.12707]],[[-75.47234,6.13708],[-75.47223,6.13705],[-75.47226,6.13716],[-75.47234,6.13708]],[[-75.45893,6.12184],[-75.45882,6.1218],[-75.45885,6.12191],[-75.45893,6.12184]],[[-75.4583,6.12247],[-75.45819,6.12244],[-75.45822,6.12255],[-75.4583,6.12247]],[[-75.4637,6.11568],[-75.46359,6.11564],[-75.46362,6.11576],[-75.4637,6.11568]],[[-75.46234,6.11414],[-75.46223,6.11411],[-75.46226,6.11422],[-75.46234,6.11414]],[[-75.47032,6.12642],[-75.47021,6.12639],[-75.47024,6.1265],[-75.47032,6.12642]],[[-75.45757,6.11886],[-75.45746,6.11882],[-75.45749,6.11893],[-75.45757,6.11886]],[[-75.46924,6.1266],[-75.46913,6.12657],[-75.46916,6.12668],[-75.46924,6.1266]],[[-75.46328,6.12842],[-75.46317,6.12839],[-75.4632,6.1285],[-75.46328,6.12842]],[[-75.45707,6.13504],[-75.45696,6.13501],[-75.45699,6.13512],[-75.45707,6.13504]],[[-75.46545,6.12815],[-75.46534,6.12812],[-75.46537,6.12823],[-75.46545,6.12815]],[[-75.45696,6.13043],[-75.45685,6.1304],[-75.45689,6.13051],[-75.45696,6.13043]],[[-75.47186,6.12858],[-75.47175,6.12855],[-75.47178,6.12866],[-75.47186,6.12858]],[[-75.46605,6.15237],[-75.46594,6.15234],[-75.46597,6.15245],[-75.46605,6.15237]],[[-75.4657,6.15707],[-75.46559,6.15704],[-75.46562,6.15715],[-75.4657,6.15707]],[[-75.46506,6.15247],[-75.46495,6.15243],[-75.46498,6.15254],[-75.46506,6.15247]],[[-75.45947,6.15465],[-75.45936,6.15462],[-75.45939,6.15473],[-75.45947,6.15465]],[[-75.47003,6.152],[-75.46992,6.15197],[-75.46995,6.15208],[-75.47003,6.152]],[[-75.44501,6.15206],[-75.4449,6.15203],[-75.44493,6.15214],[-75.44501,6.15206]],[[-75.46442,6.15048],[-75.46431,6.15045],[-75.46434,6.15056],[-75.46442,6.15048]],[[-75.46421,6.13927],[-75.4641,6.13924],[-75.46413,6.13935],[-75.46421,6.13927]],[[-75.46412,6.13674],[-75.46401,6.13671],[-75.46404,6.13682],[-75.46412,6.13674]],[[-75.46946,6.14161],[-75.46935,6.14157],[-75.46938,6.14169],[-75.46946,6.14161]],[[-75.4748,6.14747],[-75.47469,6.14744],[-75.47472,6.14755],[-75.4748,6.14747]],[[-75.47217,6.14223],[-75.47206,6.1422],[-75.47209,6.14231],[-75.47217,6.14223]],[[-75.47243,6.17206],[-75.47232,6.17203],[-75.47235,6.17214],[-75.47243,6.17206]],[[-75.47256,6.1877],[-75.47245,6.18767],[-75.47248,6.18778],[-75.47256,6.1877]],[[-75.47334,6.17423],[-75.47323,6.1742],[-75.47326,6.17431],[-75.47334,6.17423]],[[-75.47208,6.17731],[-75.47197,6.17728],[-75.472,6.17739],[-75.47208,6.17731]],[[-75.47338,6.12361],[-75.47327,6.12358],[-75.47331,6.12369],[-75.47338,6.12361]],[[-75.47049,6.12316],[-75.47038,6.12313],[-75.47041,6.12324],[-75.47049,6.12316]],[[-75.46207,6.11478],[-75.46196,6.11475],[-75.46199,6.11486],[-75.46207,6.11478]],[[-75.47272,6.14666],[-75.47261,6.14663],[-75.47264,6.14674],[-75.47272,6.14666]],[[-75.47317,6.14358],[-75.47306,6.14355],[-75.47309,6.14366],[-75.47317,6.14358]],[[-75.47142,6.13265],[-75.47131,6.13262],[-75.47134,6.13273],[-75.47142,6.13265]],[[-75.47605,6.14186],[-75.47594,6.14183],[-75.47597,6.14194],[-75.47605,6.14186]],[[-75.46466,6.17308],[-75.46455,6.17305],[-75.46458,6.17316],[-75.46466,6.17308]],[[-75.47437,6.15434],[-75.47426,6.15431],[-75.47429,6.15442],[-75.47437,6.15434]],[[-75.47382,6.15371],[-75.47371,6.15368],[-75.47375,6.15379],[-75.47382,6.15371]],[[-75.47532,6.17332],[-75.47521,6.17329],[-75.47524,6.1734],[-75.47532,6.17332]],[[-75.47617,6.18625],[-75.47606,6.18622],[-75.47609,6.18633],[-75.47617,6.18625]],[[-75.47951,6.1875],[-75.4794,6.18747],[-75.47943,6.18758],[-75.47951,6.1875]],[[-75.47801,6.19953],[-75.4779,6.1995],[-75.47793,6.19961],[-75.47801,6.19953]],[[-75.47783,6.19917],[-75.47772,6.19914],[-75.47775,6.19925],[-75.47783,6.19917]],[[-75.46784,6.18111],[-75.46773,6.18108],[-75.46777,6.18119],[-75.46784,6.18111]],[[-75.47398,6.14467],[-75.47387,6.14464],[-75.4739,6.14475],[-75.47398,6.14467]],[[-75.46887,6.15905],[-75.46876,6.15902],[-75.46879,6.15913],[-75.46887,6.15905]],[[-75.47505,6.17188],[-75.47494,6.17184],[-75.47497,6.17195],[-75.47505,6.17188]],[[-75.47083,6.18355],[-75.47072,6.18352],[-75.47075,6.18363],[-75.47083,6.18355]],[[-75.47653,6.18634],[-75.47642,6.1863],[-75.47645,6.18641],[-75.47653,6.18634]],[[-75.47324,6.1726],[-75.47313,6.17257],[-75.47316,6.17268],[-75.47324,6.1726]],[[-75.4778,6.1895],[-75.47769,6.18947],[-75.47772,6.18958],[-75.4778,6.1895]],[[-75.42307,6.08261],[-75.42286,6.08257],[-75.42291,6.08269],[-75.42307,6.08261]],[[-75.42847,6.07301],[-75.42826,6.07297],[-75.42831,6.07309],[-75.42847,6.07301]],[[-75.4441,6.07559],[-75.44389,6.07556],[-75.44394,6.07567],[-75.4441,6.07559]],[[-75.44145,6.10037],[-75.44124,6.10033],[-75.44129,6.10045],[-75.44145,6.10037]],[[-75.43577,6.06929],[-75.43557,6.06925],[-75.43561,6.06936],[-75.43577,6.06929]],[[-75.44364,6.11085],[-75.44344,6.11081],[-75.44349,6.11093],[-75.44364,6.11085]],[[-75.44698,6.10867],[-75.44677,6.10864],[-75.44682,6.10875],[-75.44698,6.10867]],[[-75.43325,6.10572],[-75.43304,6.10569],[-75.43309,6.1058],[-75.43325,6.10572]],[[-75.39217,6.07491],[-75.39196,6.07487],[-75.39201,6.07499],[-75.39217,6.07491]],[[-75.39613,6.07074],[-75.39592,6.0707],[-75.39597,6.07082],[-75.39613,6.07074]],[[-75.43429,6.089],[-75.43408,6.08896],[-75.43413,6.08908],[-75.43429,6.089]],[[-75.44278,6.09223],[-75.44258,6.09219],[-75.44263,6.09231],[-75.44278,6.09223]],[[-75.43773,6.09134],[-75.43752,6.0913],[-75.43757,6.09142],[-75.43773,6.09134]],[[-75.39769,6.07996],[-75.39748,6.07992],[-75.39753,6.08004],[-75.39769,6.07996]],[[-75.39205,6.06578],[-75.39185,6.06574],[-75.3919,6.06586],[-75.39205,6.06578]],[[-75.39533,6.07662],[-75.39512,6.07658],[-75.39517,6.0767],[-75.39533,6.07662]],[[-75.43926,6.09314],[-75.43906,6.09311],[-75.43911,6.09322],[-75.43926,6.09314]],[[-75.45745,6.10675],[-75.45724,6.10671],[-75.45729,6.10683],[-75.45745,6.10675]],[[-75.44707,6.10659],[-75.44686,6.10656],[-75.44691,6.10667],[-75.44707,6.10659]],[[-75.44656,6.08408],[-75.44635,6.08405],[-75.4464,6.08416],[-75.44656,6.08408]],[[-75.43673,6.09026],[-75.43652,6.09022],[-75.43657,6.09034],[-75.43673,6.09026]],[[-75.39848,6.10644],[-75.39827,6.10641],[-75.39832,6.10652],[-75.39848,6.10644]],[[-75.44193,6.07524],[-75.44172,6.0752],[-75.44177,6.07532],[-75.44193,6.07524]],[[-75.45238,6.10143],[-75.45217,6.10139],[-75.45222,6.10151],[-75.45238,6.10143]],[[-75.40296,6.0945],[-75.40275,6.09446],[-75.4028,6.09458],[-75.40296,6.0945]],[[-75.4046,6.09947],[-75.40439,6.09943],[-75.40444,6.09955],[-75.4046,6.09947]],[[-75.46088,6.10583],[-75.46067,6.1058],[-75.46072,6.10591],[-75.46088,6.10583]],[[-75.40761,6.07496],[-75.4074,6.07492],[-75.40745,6.07504],[-75.40761,6.07496]],[[-75.45323,6.11489],[-75.45302,6.11486],[-75.45307,6.11497],[-75.45323,6.11489]],[[-75.44762,6.10958],[-75.44741,6.10954],[-75.44746,6.10965],[-75.44762,6.10958]],[[-75.45078,6.10921],[-75.45057,6.10917],[-75.45062,6.10928],[-75.45078,6.10921]],[[-75.3974,6.07453],[-75.3972,6.0745],[-75.39725,6.07461],[-75.3974,6.07453]],[[-75.40621,6.09277],[-75.406,6.09274],[-75.40605,6.09285],[-75.40621,6.09277]],[[-75.45998,6.10656],[-75.45977,6.10652],[-75.45982,6.10664],[-75.45998,6.10656]],[[-75.46314,6.10456],[-75.46293,6.10453],[-75.46298,6.10464],[-75.46314,6.10456]],[[-75.46289,6.11297],[-75.46268,6.11294],[-75.46273,6.11305],[-75.46289,6.11297]],[[-75.45952,6.10475],[-75.45932,6.10472],[-75.45937,6.10483],[-75.45952,6.10475]],[[-75.40576,6.09359],[-75.40555,6.09355],[-75.4056,6.09367],[-75.40576,6.09359]],[[-75.40323,6.09423],[-75.40302,6.09419],[-75.40307,6.09431],[-75.40323,6.09423]],[[-75.42731,6.1523],[-75.4271,6.15226],[-75.42715,6.15237],[-75.42731,6.1523]],[[-75.42849,6.19044],[-75.42828,6.19041],[-75.42833,6.19052],[-75.42849,6.19044]],[[-75.43743,6.15137],[-75.43722,6.15133],[-75.43727,6.15145],[-75.43743,6.15137]],[[-75.42795,6.15383],[-75.42774,6.1538],[-75.42779,6.15391],[-75.42795,6.15383]],[[-75.37985,6.17194],[-75.37964,6.17191],[-75.37969,6.17202],[-75.37985,6.17194]],[[-75.38726,6.17319],[-75.38705,6.17315],[-75.3871,6.17327],[-75.38726,6.17319]],[[-75.43976,6.14729],[-75.43956,6.14726],[-75.4396,6.14737],[-75.43976,6.14729]],[[-75.43734,6.18988],[-75.43714,6.18984],[-75.43718,6.18996],[-75.43734,6.18988]],[[-75.44022,6.18372],[-75.44001,6.18369],[-75.44006,6.1838],[-75.44022,6.18372]],[[-75.44504,6.1961],[-75.44483,6.19606],[-75.44488,6.19617],[-75.44504,6.1961]],[[-75.44163,6.17025],[-75.44142,6.17021],[-75.44147,6.17033],[-75.44163,6.17025]],[[-75.44752,6.17665],[-75.44731,6.17662],[-75.44736,6.17673],[-75.44752,6.17665]],[[-75.43234362922418,6.158360837696329],[-75.43209,6.15767],[-75.43188681528663,6.1577715923566885],[-75.43234362922418,6.158360837696329]],[[-75.43314,6.16053],[-75.43591,6.16194],[-75.43832,6.16028],[-75.43953,6.16086],[-75.43881,6.15999],[-75.43589,6.16113],[-75.43607,6.16029],[-75.43394,6.16042],[-75.43234362922418,6.158360837696329],[-75.43314,6.16053]],[[-75.43087,6.15646],[-75.42861,6.15675],[-75.43055440236687,6.158066343195266],[-75.43042,6.15815],[-75.43087,6.15828],[-75.43188681528663,6.1577715923566885],[-75.43087,6.15646]],[[-75.39055,6.15392],[-75.39035,6.15389],[-75.39039,6.154],[-75.39055,6.15392]],[[-75.39173,6.15627],[-75.39153,6.15624],[-75.39157,6.15635],[-75.39173,6.15627]],[[-75.39417,6.15627],[-75.39396,6.15623],[-75.39401,6.15634],[-75.39417,6.15627]],[[-75.44016,6.15968],[-75.43995,6.15964],[-75.44,6.15976],[-75.44016,6.15968]],[[-75.44227,6.17314],[-75.44206,6.1731],[-75.44211,6.17322],[-75.44227,6.17314]],[[-75.44819,6.15631],[-75.44798,6.15628],[-75.44803,6.15639],[-75.44819,6.15631]],[[-75.44062,6.16465],[-75.44041,6.16461],[-75.44046,6.16473],[-75.44062,6.16465]],[[-75.45109,6.19698],[-75.45088,6.19695],[-75.45093,6.19706],[-75.45109,6.19698]],[[-75.3935,6.21367],[-75.39329,6.21364],[-75.39334,6.21375],[-75.3935,6.21367]],[[-75.4573,6.1515],[-75.45709,6.15146],[-75.45714,6.15158],[-75.4573,6.1515]],[[-75.39645,6.20002],[-75.39624,6.19998],[-75.39629,6.20009],[-75.39645,6.20002]],[[-75.3926,6.21313],[-75.39239,6.2131],[-75.39244,6.21321],[-75.3926,6.21313]],[[-75.44322,6.19185],[-75.44301,6.19182],[-75.44306,6.19193],[-75.44322,6.19185]],[[-75.39037,6.15438],[-75.39017,6.15434],[-75.39022,6.15446],[-75.39037,6.15438]],[[-75.46018,6.15013],[-75.45998,6.1501],[-75.46003,6.15021],[-75.46018,6.15013]],[[-75.46056,6.15637],[-75.46035,6.15633],[-75.4604,6.15645],[-75.46056,6.15637]],[[-75.44818,6.15342],[-75.44797,6.15338],[-75.44802,6.1535],[-75.44818,6.15342]],[[-75.46069,6.13802],[-75.46049,6.13798],[-75.46054,6.1381],[-75.46069,6.13802]],[[-75.44946,6.1941],[-75.44925,6.19406],[-75.4493,6.19417],[-75.44946,6.1941]],[[-75.45146,6.19834],[-75.45125,6.1983],[-75.4513,6.19842],[-75.45146,6.19834]],[[-75.45399,6.19887],[-75.45378,6.19884],[-75.45383,6.19895],[-75.45399,6.19887]],[[-75.45985,6.19506],[-75.45964,6.19503],[-75.45969,6.19514],[-75.45985,6.19506]],[[-75.44706,6.17665],[-75.44686,6.17662],[-75.44691,6.17673],[-75.44706,6.17665]],[[-75.45681,6.17238],[-75.4566,6.17234],[-75.45665,6.17246],[-75.45681,6.17238]],[[-75.40086,6.15914],[-75.40066,6.15911],[-75.4007,6.15922],[-75.40086,6.15914]],[[-75.45925,6.13667],[-75.45904,6.13663],[-75.45909,6.13674],[-75.45925,6.13667]],[[-75.39408,6.15374],[-75.39387,6.1537],[-75.39392,6.15381],[-75.39408,6.15374]],[[-75.46274,6.1588],[-75.46253,6.15877],[-75.46258,6.15888],[-75.46274,6.1588]],[[-75.39726,6.19965],[-75.39705,6.19962],[-75.3971,6.19973],[-75.39726,6.19965]],[[-75.46368,6.17535],[-75.46347,6.17531],[-75.46352,6.17542],[-75.46368,6.17535]],[[-75.46759,6.18419],[-75.46738,6.18416],[-75.46743,6.18427],[-75.46759,6.18419]],[[-75.47249,6.12271],[-75.47228,6.12267],[-75.47233,6.12279],[-75.47249,6.12271]],[[-75.45541,6.1195],[-75.4552,6.11946],[-75.45525,6.11958],[-75.45541,6.1195]],[[-75.46674,6.17073],[-75.46653,6.17069],[-75.46658,6.17081],[-75.46674,6.17073]],[[-75.4813,6.17864],[-75.4811,6.17861],[-75.48115,6.17872],[-75.4813,6.17864]],[[-75.47074,6.14423],[-75.47053,6.14419],[-75.47058,6.14431],[-75.47074,6.14423]],[[-75.47426,6.14458],[-75.47405,6.14455],[-75.4741,6.14466],[-75.47426,6.14458]],[[-75.47636,6.18743],[-75.47615,6.18739],[-75.4762,6.1875],[-75.47636,6.18743]],[[-75.41801,6.18848],[-75.4178,6.18844],[-75.41785,6.18856],[-75.41801,6.18848]],[[-75.47168,6.16005],[-75.47147,6.16001],[-75.47152,6.16013],[-75.47168,6.16005]],[[-75.41563,6.17475],[-75.41542,6.17471],[-75.41547,6.17482],[-75.41563,6.17475]],[[-75.47135,6.13682],[-75.47114,6.13678],[-75.47119,6.13689],[-75.47135,6.13682]],[[-75.46918,6.13501],[-75.46897,6.13498],[-75.46902,6.13509],[-75.46918,6.13501]],[[-75.47151,6.12967],[-75.4713,6.12964],[-75.47135,6.12975],[-75.47151,6.12967]],[[-75.47838,6.20116],[-75.47817,6.20113],[-75.47822,6.20124],[-75.47838,6.20116]],[[-75.46591,6.12905],[-75.4657,6.12902],[-75.46575,6.12913],[-75.46591,6.12905]],[[-75.47672,6.18562],[-75.47651,6.18558],[-75.47656,6.1857],[-75.47672,6.18562]],[[-75.47963,6.19601],[-75.47943,6.19597],[-75.47947,6.19608],[-75.47963,6.19601]],[[-75.47781,6.19122],[-75.47761,6.19118],[-75.47766,6.1913],[-75.47781,6.19122]],[[-75.47778,6.1773],[-75.47757,6.17726],[-75.47762,6.17738],[-75.47778,6.1773]],[[-75.48068,6.18208],[-75.48047,6.18204],[-75.48052,6.18216],[-75.48068,6.18208]],[[-75.42814,6.15909],[-75.42802,6.15904],[-75.42806,6.15924],[-75.42814,6.15909]],[[-75.42281,6.19291],[-75.42269,6.19286],[-75.42273,6.19307],[-75.42281,6.19291]],[[-75.42696,6.1901],[-75.42684,6.19005],[-75.42687,6.19025],[-75.42696,6.1901]],[[-75.43429,6.08973],[-75.43417,6.08968],[-75.43421,6.08989],[-75.43429,6.08973]],[[-75.43479,6.14687],[-75.43468,6.14682],[-75.43471,6.14702],[-75.43479,6.14687]],[[-75.43273,6.15221],[-75.43261,6.15216],[-75.43265,6.15236],[-75.43273,6.15221]],[[-75.43627,6.15753],[-75.43615,6.15748],[-75.43619,6.15769],[-75.43627,6.15753]],[[-75.44185,6.15065],[-75.44173,6.1506],[-75.44177,6.1508],[-75.44185,6.15065]],[[-75.43446,6.15699],[-75.43434,6.15694],[-75.43438,6.15715],[-75.43446,6.15699]],[[-75.43437,6.15654],[-75.43425,6.15649],[-75.43429,6.1567],[-75.43437,6.15654]],[[-75.42972,6.06642],[-75.4296,6.06637],[-75.42963,6.06658],[-75.42972,6.06642]],[[-75.44656,6.19168],[-75.44644,6.19163],[-75.44648,6.19183],[-75.44656,6.19168]],[[-75.44322,6.15778],[-75.4431,6.15773],[-75.44314,6.15794],[-75.44322,6.15778]],[[-75.44286,6.15543],[-75.44274,6.15538],[-75.44277,6.15559],[-75.44286,6.15543]],[[-75.44764,6.19014],[-75.44752,6.19009],[-75.44756,6.19029],[-75.44764,6.19014]],[[-75.45267,6.17864],[-75.45255,6.17859],[-75.45259,6.1788],[-75.45267,6.17864]],[[-75.44518,6.07452],[-75.44506,6.07447],[-75.4451,6.07467],[-75.44518,6.07452]],[[-75.44744,6.07478],[-75.44732,6.07473],[-75.44736,6.07494],[-75.44744,6.07478]],[[-75.44848,6.12821],[-75.44836,6.12816],[-75.4484,6.12836],[-75.44848,6.12821]],[[-75.45422,6.1498],[-75.4541,6.14975],[-75.45414,6.14996],[-75.45422,6.1498]],[[-75.44346,6.10996],[-75.44334,6.10991],[-75.44338,6.11012],[-75.44346,6.10996]],[[-75.44714,6.20415],[-75.44702,6.2041],[-75.44705,6.2043],[-75.44714,6.20415]],[[-75.44929,6.19782],[-75.44917,6.19777],[-75.44921,6.19797],[-75.44929,6.19782]],[[-75.4418,6.20028],[-75.44168,6.20023],[-75.44171,6.20043],[-75.4418,6.20028]],[[-75.46164,6.12112],[-75.46153,6.12107],[-75.46156,6.12128],[-75.46164,6.12112]],[[-75.45848,6.12158],[-75.45837,6.12153],[-75.4584,6.12174],[-75.45848,6.12158]],[[-75.44685,6.09332],[-75.44673,6.09327],[-75.44677,6.09347],[-75.44685,6.09332]],[[-75.45644,6.09863],[-75.45632,6.09858],[-75.45636,6.09878],[-75.45644,6.09863]],[[-75.44917,6.15216],[-75.44905,6.15211],[-75.44909,6.15232],[-75.44917,6.15216]],[[-75.46145,6.11706],[-75.46134,6.11701],[-75.46137,6.11721],[-75.46145,6.11706]],[[-75.46827,6.16667],[-75.46815,6.16662],[-75.46818,6.16682],[-75.46827,6.16667]],[[-75.46499,6.15917],[-75.46488,6.15912],[-75.46491,6.15933],[-75.46499,6.15917]],[[-75.46345,6.12239],[-75.46334,6.12234],[-75.46337,6.12254],[-75.46345,6.12239]],[[-75.4602,6.1214],[-75.46008,6.12135],[-75.46012,6.12155],[-75.4602,6.1214]],[[-75.47662,6.18509],[-75.47651,6.18504],[-75.47654,6.18524],[-75.47662,6.18509]],[[-75.4698,6.13177],[-75.46968,6.13172],[-75.46972,6.13193],[-75.4698,6.13177]],[[-75.47001,6.17688],[-75.46989,6.17683],[-75.46993,6.17703],[-75.47001,6.17688]],[[-75.47006,6.12607],[-75.46994,6.12602],[-75.46998,6.12623],[-75.47006,6.12607]],[[-75.4674,6.18186],[-75.46728,6.18181],[-75.46732,6.18201],[-75.4674,6.18186]],[[-75.47142,6.12842],[-75.4713,6.12837],[-75.47134,6.12858],[-75.47142,6.12842]],[[-75.47386,6.12959],[-75.47374,6.12954],[-75.47378,6.12975],[-75.47386,6.12959]],[[-75.47431,6.13013],[-75.47419,6.13008],[-75.47423,6.13029],[-75.47431,6.13013]],[[-75.47527,6.15083],[-75.47515,6.15078],[-75.47519,6.15099],[-75.47527,6.15083]],[[-75.47392,6.15391],[-75.4738,6.15386],[-75.47384,6.15406],[-75.47392,6.15391]],[[-75.37301,6.18146],[-75.37289,6.18141],[-75.37293,6.18162],[-75.37301,6.18146]],[[-75.47726,6.1878],[-75.47715,6.18775],[-75.47718,6.18795],[-75.47726,6.1878]],[[-75.47066,6.18366],[-75.47054,6.18361],[-75.47058,6.18381],[-75.47066,6.18366]],[[-75.48009,6.1962],[-75.47997,6.19615],[-75.48,6.19635],[-75.48009,6.1962]],[[-75.48234,6.19646],[-75.48223,6.19641],[-75.48226,6.19662],[-75.48234,6.19646]],[[-75.47747,6.19883],[-75.47736,6.19878],[-75.47739,6.19898],[-75.47747,6.19883]],[[-75.47049,6.11866],[-75.47037,6.11861],[-75.47041,6.11882],[-75.47049,6.11866]],[[-75.4725,6.12905],[-75.47239,6.129],[-75.47242,6.12921],[-75.4725,6.12905]],[[-75.4734,6.12625],[-75.47328,6.1262],[-75.47332,6.1264],[-75.4734,6.12625]],[[-75.38271,6.16191],[-75.3826,6.16186],[-75.38263,6.16207],[-75.38271,6.16191]],[[-75.37759,6.17196],[-75.37747,6.17191],[-75.37751,6.17212],[-75.37759,6.17196]],[[-75.37145,6.17207],[-75.37133,6.17202],[-75.37137,6.17222],[-75.37145,6.17207]],[[-75.39598,6.15835],[-75.39587,6.1583],[-75.3959,6.15851],[-75.39598,6.15835]],[[-75.38569,6.1978],[-75.38558,6.19775],[-75.38561,6.19795],[-75.38569,6.1978]],[[-75.38867,6.19779],[-75.38856,6.19774],[-75.38859,6.19794],[-75.38867,6.19779]],[[-75.39558,6.10375],[-75.39546,6.1037],[-75.3955,6.10391],[-75.39558,6.10375]],[[-75.3985,6.15292],[-75.39838,6.15287],[-75.39842,6.15308],[-75.3985,6.15292]],[[-75.39526,6.15854],[-75.39514,6.15849],[-75.39518,6.15869],[-75.39526,6.15854]],[[-75.39868,6.07925],[-75.39856,6.0792],[-75.3986,6.0794],[-75.39868,6.07925]],[[-75.39344,6.07835],[-75.39332,6.0783],[-75.39336,6.07851],[-75.39344,6.07835]],[[-75.40373,6.18699],[-75.40362,6.18694],[-75.40365,6.18715],[-75.40373,6.18699]],[[-75.39614,6.0741],[-75.39602,6.07405],[-75.39606,6.07425],[-75.39614,6.0741]],[[-75.39877,6.07879],[-75.39865,6.07874],[-75.39869,6.07895],[-75.39877,6.07879]],[[-75.40404,6.09044],[-75.40392,6.09039],[-75.40396,6.0906],[-75.40404,6.09044]],[[-75.40151,6.1634],[-75.40139,6.16335],[-75.40143,6.16356],[-75.40151,6.1634]],[[-75.41514,6.08779],[-75.41502,6.08774],[-75.41506,6.08795],[-75.41514,6.08779]],[[-75.40554,6.07606],[-75.40542,6.07601],[-75.40546,6.07622],[-75.40554,6.07606]],[[-75.40768,6.06684],[-75.40756,6.06679],[-75.4076,6.06699],[-75.40768,6.06684]],[[-75.40734,6.07507],[-75.40722,6.07502],[-75.40726,6.07522],[-75.40734,6.07507]],[[-75.40318,6.07435],[-75.40307,6.0743],[-75.4031,6.07451],[-75.40318,6.07435]],[[-75.37431,6.17749],[-75.37445,6.17763],[-75.37453,6.17755],[-75.37431,6.17749]],[[-75.37079,6.1794],[-75.37093,6.17954],[-75.37101,6.17946],[-75.37079,6.1794]],[[-75.38201,6.1895],[-75.38215,6.18964],[-75.38223,6.18956],[-75.38201,6.1895]],[[-75.38736,6.08468],[-75.38744,6.08476],[-75.3875,6.08454],[-75.38736,6.08468]],[[-75.38765,6.16715],[-75.38779,6.16729],[-75.38787,6.16721],[-75.38765,6.16715]],[[-75.39564,6.07212],[-75.39578,6.07226],[-75.39586,6.07218],[-75.39564,6.07212]],[[-75.39348,6.15499],[-75.39362,6.15484],[-75.39354,6.15476],[-75.39348,6.15499]],[[-75.39068,6.18628],[-75.39076,6.18636],[-75.39082,6.18614],[-75.39068,6.18628]],[[-75.3942,6.07892],[-75.39412,6.07899],[-75.39434,6.07906],[-75.3942,6.07892]],[[-75.40716,6.09304],[-75.40724,6.09312],[-75.4073,6.0929],[-75.40716,6.09304]],[[-75.41513,6.17492],[-75.41521,6.175],[-75.41527,6.17478],[-75.41513,6.17492]],[[-75.41115,6.17171],[-75.41129,6.17185],[-75.41137,6.17177],[-75.41115,6.17171]],[[-75.42329,6.08246],[-75.42321,6.08254],[-75.42343,6.0826],[-75.42329,6.08246]],[[-75.42763,6.08024],[-75.42771,6.08032],[-75.42777,6.0801],[-75.42763,6.08024]],[[-75.43275,6.183],[-75.43289,6.18286],[-75.43281,6.18278],[-75.43275,6.183]],[[-75.42927,6.15756],[-75.42941,6.1577],[-75.42949,6.15762],[-75.42927,6.15756]],[[-75.43107,6.08388],[-75.43121,6.08402],[-75.43129,6.08394],[-75.43107,6.08388]],[[-75.43671,6.10004],[-75.43685,6.10018],[-75.43693,6.1001],[-75.43671,6.10004]],[[-75.442,6.15743],[-75.44214,6.15758],[-75.44222,6.1575],[-75.442,6.15743]],[[-75.43768,6.09467],[-75.43782,6.09453],[-75.43774,6.09445],[-75.43768,6.09467]],[[-75.43808,6.14579],[-75.438,6.14587],[-75.43822,6.14593],[-75.43808,6.14579]],[[-75.44553,6.19645],[-75.44561,6.19653],[-75.44567,6.19631],[-75.44553,6.19645]],[[-75.45169,6.13135],[-75.45177,6.13142],[-75.45183,6.1312],[-75.45169,6.13135]],[[-75.44796,6.15658],[-75.44804,6.15666],[-75.4481,6.15644],[-75.44796,6.15658]],[[-75.44481,6.09041],[-75.44489,6.09049],[-75.44495,6.09027],[-75.44481,6.09041]],[[-75.44519,6.13257],[-75.44533,6.13271],[-75.44541,6.13263],[-75.44519,6.13257]],[[-75.45612,6.13444],[-75.45626,6.13458],[-75.45634,6.1345],[-75.45612,6.13444]],[[-75.46241,6.18984],[-75.46255,6.18998],[-75.46263,6.1899],[-75.46241,6.18984]],[[-75.45706,6.11226],[-75.45714,6.11234],[-75.4572,6.11212],[-75.45706,6.11226]],[[-75.45692,6.12991],[-75.45706,6.13006],[-75.45714,6.12998],[-75.45692,6.12991]],[[-75.45061,6.13463],[-75.45075,6.13477],[-75.45083,6.13469],[-75.45061,6.13463]],[[-75.44896,6.08841],[-75.44904,6.08849],[-75.4491,6.08827],[-75.44896,6.08841]],[[-75.45249,6.09649],[-75.45241,6.09657],[-75.45263,6.09663],[-75.45249,6.09649]],[[-75.46259,6.15729],[-75.46274,6.15743],[-75.46281,6.15735],[-75.46259,6.15729]],[[-75.45942,6.15329],[-75.4595,6.15337],[-75.45956,6.15315],[-75.45942,6.15329]],[[-75.45703,6.13434],[-75.45717,6.13448],[-75.45725,6.13441],[-75.45703,6.13434]],[[-75.45531,6.13955],[-75.45545,6.13941],[-75.45537,6.13933],[-75.45531,6.13955]],[[-75.45998,6.19415],[-75.46006,6.19423],[-75.46012,6.19401],[-75.45998,6.19415]],[[-75.46731,6.12871],[-75.46745,6.12885],[-75.46753,6.12877],[-75.46731,6.12871]],[[-75.46344,6.17466],[-75.46336,6.17474],[-75.46358,6.1748],[-75.46344,6.17466]],[[-75.46939,6.1316],[-75.46953,6.13174],[-75.46961,6.13166],[-75.46939,6.1316]],[[-75.47448,6.14223],[-75.47456,6.1423],[-75.47462,6.14208],[-75.47448,6.14223]],[[-75.4765,6.1888],[-75.47664,6.18895],[-75.47672,6.18887],[-75.4765,6.1888]],[[-75.47487,6.15346],[-75.47501,6.1536],[-75.47509,6.15352],[-75.47487,6.15346]],[[-75.3827,6.18966],[-75.38239,6.18962],[-75.38246,6.18973],[-75.3827,6.18966]],[[-75.40634,6.18182],[-75.40604,6.18178],[-75.4061,6.1819],[-75.40634,6.18182]],[[-75.43635,6.18961],[-75.43605,6.18957],[-75.43611,6.18969],[-75.43635,6.18961]],[[-75.45654,6.17238],[-75.45624,6.17235],[-75.4563,6.17246],[-75.45654,6.17238]],[[-75.44693,6.19248],[-75.44663,6.19244],[-75.44669,6.19256],[-75.44693,6.19248]],[[-75.44521,6.1923],[-75.44491,6.19226],[-75.44497,6.19238],[-75.44521,6.1923]],[[-75.46319,6.1598],[-75.46289,6.15976],[-75.46295,6.15988],[-75.46319,6.1598]],[[-75.45808,6.13794],[-75.45778,6.1379],[-75.45784,6.13801],[-75.45808,6.13794]],[[-75.4576,6.12926],[-75.4573,6.12922],[-75.45736,6.12934],[-75.4576,6.12926]],[[-75.47249,6.1558],[-75.47218,6.15576],[-75.47225,6.15588],[-75.47249,6.1558]],[[-75.46306,6.1419],[-75.46275,6.14186],[-75.46282,6.14198],[-75.46306,6.1419]],[[-75.46959,6.11838],[-75.46929,6.11834],[-75.46935,6.11846],[-75.46959,6.11838]],[[-75.4724,6.12316],[-75.4721,6.12313],[-75.47216,6.12324],[-75.4724,6.12316]],[[-75.46445,6.12373],[-75.46415,6.12369],[-75.46421,6.12381],[-75.46445,6.12373]],[[-75.47294,6.12271],[-75.47264,6.12267],[-75.4727,6.12279],[-75.47294,6.12271]],[[-75.46924,6.15816],[-75.46894,6.15812],[-75.469,6.15824],[-75.46924,6.15816]],[[-75.46908,6.13257],[-75.46878,6.13254],[-75.46884,6.13265],[-75.46908,6.13257]],[[-75.39596,6.07499],[-75.39566,6.07495],[-75.39572,6.07507],[-75.39596,6.07499]],[[-75.39053,6.06741],[-75.39023,6.06737],[-75.39029,6.06749],[-75.39053,6.06741]],[[-75.40616,6.07262],[-75.40586,6.07258],[-75.40592,6.07269],[-75.40616,6.07262]],[[-75.43339,6.0909],[-75.43309,6.09086],[-75.43315,6.09098],[-75.43339,6.0909]],[[-75.43719,6.09152],[-75.43689,6.09149],[-75.43695,6.0916],[-75.43719,6.09152]],[[-75.44157,6.07596],[-75.44127,6.07593],[-75.44133,6.07604],[-75.44157,6.07596]],[[-75.44498,6.10344],[-75.44468,6.1034],[-75.44474,6.10351],[-75.44498,6.10344]],[[-75.44921,6.09384],[-75.4489,6.09381],[-75.44896,6.09392],[-75.44921,6.09384]],[[-75.45248,6.10116],[-75.45217,6.10112],[-75.45223,6.10124],[-75.45248,6.10116]],[[-75.40709,6.06703],[-75.40725,6.06718],[-75.40732,6.06695],[-75.40709,6.06703]],[[-75.38846,6.06618],[-75.3883,6.06626],[-75.38862,6.06632],[-75.38846,6.06618]],[[-75.44661,6.10012],[-75.44645,6.10019],[-75.44677,6.10026],[-75.44661,6.10012]],[[-75.45631,6.11166],[-75.45615,6.11174],[-75.45646,6.11181],[-75.45631,6.11166]],[[-75.43523,6.09073],[-75.43531,6.09088],[-75.43538,6.09057],[-75.43523,6.09073]],[[-75.45709,6.19662],[-75.45717,6.19678],[-75.45724,6.19646],[-75.45709,6.19662]],[[-75.37636,6.17193],[-75.3765,6.17177],[-75.37642,6.17161],[-75.37636,6.17193]],[[-75.43173,6.17808],[-75.43157,6.17816],[-75.43189,6.17822],[-75.43173,6.17808]],[[-75.41084,6.17135],[-75.41069,6.17143],[-75.411,6.1715],[-75.41084,6.17135]],[[-75.44831,6.15172],[-75.44847,6.15187],[-75.44863,6.15179],[-75.44831,6.15172]],[[-75.45916,6.19012],[-75.45932,6.19026],[-75.45947,6.19018],[-75.45916,6.19012]],[[-75.45255,6.18525],[-75.45271,6.1854],[-75.45287,6.18532],[-75.45255,6.18525]],[[-75.46388,6.17709],[-75.46372,6.17717],[-75.46404,6.17724],[-75.46388,6.17709]],[[-75.45949,6.18967],[-75.45933,6.18975],[-75.45965,6.18981],[-75.45949,6.18967]],[[-75.4336,6.15809],[-75.43375,6.15832],[-75.43383,6.15817],[-75.4336,6.15809]],[[-75.43802,6.16224],[-75.43794,6.1624],[-75.43817,6.16248],[-75.43802,6.16224]],[[-75.43347,6.10484],[-75.43361,6.10508],[-75.4337,6.10492],[-75.43347,6.10484]],[[-75.45088,6.13499],[-75.45103,6.13523],[-75.45111,6.13507],[-75.45088,6.13499]],[[-75.37501,6.16818],[-75.37515,6.16842],[-75.37523,6.16826],[-75.37501,6.16818]],[[-75.4508,6.10019],[-75.45094,6.10042],[-75.45102,6.10027],[-75.4508,6.10019]],[[-75.46319,6.18315],[-75.46311,6.18331],[-75.46333,6.18339],[-75.46319,6.18315]],[[-75.47955,6.1898],[-75.47947,6.18995],[-75.4797,6.19003],[-75.47955,6.1898]],[[-75.41249,6.17184],[-75.41273,6.1717],[-75.41257,6.17162],[-75.41249,6.17184]],[[-75.4592,6.10474],[-75.45943,6.10459],[-75.45928,6.10451],[-75.4592,6.10474]],[[-75.37354,6.17515],[-75.37342,6.17508],[-75.37346,6.17538],[-75.37354,6.17515]],[[-75.37292,6.18175],[-75.3728,6.18169],[-75.37284,6.18198],[-75.37292,6.18175]],[[-75.38776,6.15306],[-75.38763,6.15299],[-75.38767,6.15329],[-75.38776,6.15306]],[[-75.41188,6.15616],[-75.41176,6.1561],[-75.4118,6.15639],[-75.41188,6.15616]],[[-75.40142,6.16369],[-75.4013,6.16363],[-75.40134,6.16392],[-75.40142,6.16369]],[[-75.40798,6.0749],[-75.40785,6.07483],[-75.40789,6.07513],[-75.40798,6.0749]],[[-75.41649,6.19186],[-75.41636,6.19179],[-75.4164,6.19209],[-75.41649,6.19186]],[[-75.42243,6.18497],[-75.42231,6.18491],[-75.42235,6.18521],[-75.42243,6.18497]],[[-75.42972,6.06761],[-75.4296,6.06755],[-75.42964,6.06785],[-75.42972,6.06761]],[[-75.42849,6.15115],[-75.42837,6.15108],[-75.4284,6.15138],[-75.42849,6.15115]],[[-75.42551,6.15188],[-75.42539,6.15181],[-75.42543,6.15211],[-75.42551,6.15188]],[[-75.42985,6.19173],[-75.42973,6.19167],[-75.42977,6.19197],[-75.42985,6.19173]],[[-75.4343,6.19778],[-75.43417,6.19771],[-75.43421,6.19801],[-75.4343,6.19778]],[[-75.44595,6.19693],[-75.44582,6.19687],[-75.44586,6.19717],[-75.44595,6.19693]],[[-75.45012,6.09649],[-75.44999,6.09642],[-75.45003,6.09672],[-75.45012,6.09649]],[[-75.4399,6.19984],[-75.43978,6.19978],[-75.43982,6.20008],[-75.4399,6.19984]],[[-75.44845,6.1878],[-75.44833,6.18773],[-75.44837,6.18803],[-75.44845,6.1878]],[[-75.44136,6.16901],[-75.44124,6.16895],[-75.44128,6.16925],[-75.44136,6.16901]],[[-75.46435,6.11824],[-75.46423,6.11817],[-75.46427,6.11847],[-75.46435,6.11824]],[[-75.45019,6.09106],[-75.45007,6.091],[-75.45011,6.0913],[-75.45019,6.09106]],[[-75.47188,6.12925],[-75.47175,6.12918],[-75.47179,6.12948],[-75.47188,6.12925]],[[-75.46733,6.1185],[-75.46721,6.11844],[-75.46725,6.11874],[-75.46733,6.1185]],[[-75.46371,6.11643],[-75.46359,6.11637],[-75.46363,6.11667],[-75.46371,6.11643]],[[-75.46943,6.15981],[-75.4693,6.15975],[-75.46934,6.16004],[-75.46943,6.15981]],[[-75.4734,6.12391],[-75.47328,6.12385],[-75.47331,6.12414],[-75.4734,6.12391]],[[-75.48298,6.19684],[-75.48286,6.19677],[-75.4829,6.19707],[-75.48298,6.19684]],[[-75.47414,6.13006],[-75.47401,6.12999],[-75.47405,6.13029],[-75.47414,6.13006]],[[-75.47338,6.18764],[-75.47326,6.18758],[-75.4733,6.18788],[-75.47338,6.18764]],[[-75.47989,6.18862],[-75.47977,6.18856],[-75.47981,6.18885],[-75.47989,6.18862]],[[-75.37407,6.18213],[-75.37398,6.18235],[-75.3742,6.18223],[-75.37407,6.18213]],[[-75.39368,6.07713],[-75.3936,6.07734],[-75.39381,6.07723],[-75.39368,6.07713]],[[-75.40745,6.09219],[-75.40736,6.0924],[-75.40757,6.09229],[-75.40745,6.09219]],[[-75.42739,6.19357],[-75.42731,6.19378],[-75.42752,6.19367],[-75.42739,6.19357]],[[-75.42938,6.15867],[-75.4293,6.15888],[-75.42951,6.15877],[-75.42938,6.15867]],[[-75.43066,6.16482],[-75.43058,6.16503],[-75.43079,6.16492],[-75.43066,6.16482]],[[-75.42898,6.18118],[-75.4289,6.1814],[-75.42911,6.18128],[-75.42898,6.18118]],[[-75.45837,6.19169],[-75.45828,6.1919],[-75.4585,6.19179],[-75.45837,6.19169]],[[-75.46311,6.14123],[-75.46303,6.14144],[-75.46324,6.14133],[-75.46311,6.14123]],[[-75.45665,6.12208],[-75.45657,6.12229],[-75.45678,6.12218],[-75.45665,6.12208]],[[-75.45848,6.12967],[-75.4584,6.12988],[-75.45861,6.12977],[-75.45848,6.12967]],[[-75.46585,6.15171],[-75.46577,6.15192],[-75.46598,6.15181],[-75.46585,6.15171]],[[-75.46963,6.14429],[-75.46954,6.1445],[-75.46976,6.14439],[-75.46963,6.14429]],[[-75.43611,6.06889],[-75.43602,6.0691],[-75.43624,6.06899],[-75.43611,6.06889]],[[-75.42986,6.09756],[-75.42977,6.09777],[-75.42999,6.09766],[-75.42986,6.09756]],[[-75.48375,6.19343],[-75.48367,6.19364],[-75.48388,6.19353],[-75.48375,6.19343]],[[-75.44155,6.08081],[-75.44147,6.08102],[-75.44168,6.08091],[-75.44155,6.08081]],[[-75.45896,6.10626],[-75.45888,6.10647],[-75.45909,6.10635],[-75.45896,6.10626]],[[-75.4119,6.09004],[-75.41168,6.08992],[-75.41173,6.09012],[-75.4119,6.09004]],[[-75.37518,6.18044],[-75.37496,6.18032],[-75.37501,6.18053],[-75.37518,6.18044]],[[-75.38232,6.1835],[-75.38211,6.18338],[-75.38215,6.18358],[-75.38232,6.1835]],[[-75.39574,6.16837],[-75.39553,6.16825],[-75.39557,6.16845],[-75.39574,6.16837]],[[-75.45094,6.17193],[-75.45073,6.17182],[-75.45077,6.17202],[-75.45094,6.17193]],[[-75.46363,6.15355],[-75.46342,6.15343],[-75.46346,6.15363],[-75.46363,6.15355]],[[-75.47191,6.14404],[-75.4717,6.14392],[-75.47175,6.14412],[-75.47191,6.14404]],[[-75.4741,6.15198],[-75.47389,6.15187],[-75.47393,6.15207],[-75.4741,6.15198]],[[-75.3903,6.16314],[-75.3901,6.16311],[-75.39013,6.16331],[-75.3903,6.16314]],[[-75.43191,6.18636],[-75.43171,6.18633],[-75.43174,6.18653],[-75.43191,6.18636]],[[-75.45374,6.17509],[-75.45354,6.17506],[-75.45357,6.17526],[-75.45374,6.17509]],[[-75.4611,6.15808],[-75.4609,6.15805],[-75.46093,6.15825],[-75.4611,6.15808]],[[-75.4759,6.18688],[-75.4757,6.18685],[-75.47573,6.18704],[-75.4759,6.18688]],[[-75.39434,6.07987],[-75.39414,6.07984],[-75.39417,6.08003],[-75.39434,6.07987]],[[-75.39776,6.0748],[-75.39756,6.07477],[-75.39759,6.07496],[-75.39776,6.0748]],[[-75.40244,6.06909],[-75.40224,6.06906],[-75.40227,6.06926],[-75.40244,6.06909]],[[-75.41796,6.10151],[-75.41776,6.10148],[-75.41779,6.10167],[-75.41796,6.10151]],[[-75.42986,6.09108],[-75.42966,6.09105],[-75.42969,6.09125],[-75.42986,6.09108]],[[-75.4468,6.07513],[-75.4466,6.0751],[-75.44663,6.07529],[-75.4468,6.07513]],[[-75.44503,6.09068],[-75.44483,6.09065],[-75.44486,6.09085],[-75.44503,6.09068]],[[-75.45472,6.09915],[-75.45452,6.09912],[-75.45455,6.09932],[-75.45472,6.09915]],[[-75.4568,6.10322],[-75.4566,6.10319],[-75.45663,6.10338],[-75.4568,6.10322]],[[-75.45863,6.10945],[-75.45843,6.10942],[-75.45845,6.10962],[-75.45863,6.10945]],[[-75.37191,6.17242],[-75.37169,6.17238],[-75.37181,6.17258],[-75.37191,6.17242]],[[-75.37518,6.1801],[-75.37496,6.18005],[-75.37508,6.18026],[-75.37518,6.1801]],[[-75.37923,6.17584],[-75.37902,6.17579],[-75.37913,6.176],[-75.37923,6.17584]],[[-75.39317,6.07808],[-75.39296,6.07803],[-75.39307,6.07824],[-75.39317,6.07808]],[[-75.40059,6.15617],[-75.40038,6.15612],[-75.40049,6.15633],[-75.40059,6.15617]],[[-75.42559,6.15014],[-75.42538,6.15009],[-75.4255,6.1503],[-75.42559,6.15014]],[[-75.43203,6.15925],[-75.43182,6.15921],[-75.43193,6.15942],[-75.43203,6.15925]],[[-75.44259,6.15453],[-75.44237,6.15448],[-75.44249,6.15469],[-75.44259,6.15453]],[[-75.45441,6.15007],[-75.45419,6.15002],[-75.45431,6.15023],[-75.45441,6.15007]],[[-75.45646,6.17483],[-75.45625,6.17479],[-75.45636,6.17499],[-75.45646,6.17483]],[[-75.44957,6.09502],[-75.44936,6.09498],[-75.44947,6.09519],[-75.44957,6.09502]],[[-75.47362,6.1417],[-75.47341,6.14165],[-75.47353,6.14186],[-75.47362,6.1417]],[[-75.46932,6.1192],[-75.46911,6.11916],[-75.46922,6.11936],[-75.46932,6.1192]],[[-75.43442,6.08863],[-75.4345,6.08871],[-75.43465,6.0884],[-75.43442,6.08863]],[[-75.43478,6.08818],[-75.43486,6.08826],[-75.43501,6.08794],[-75.43478,6.08818]],[[-75.4387,6.10248],[-75.43893,6.10271],[-75.43901,6.10263],[-75.4387,6.10248]],[[-75.45665,6.12928],[-75.45688,6.12951],[-75.45696,6.12943],[-75.45665,6.12928]],[[-75.42985,6.1543],[-75.42955,6.15415],[-75.42958,6.1543],[-75.42985,6.1543]],[[-75.47057,6.14859],[-75.47027,6.14844],[-75.4703,6.14859],[-75.47057,6.14859]],[[-75.38472,6.20224],[-75.3845,6.20218],[-75.38456,6.20239],[-75.38472,6.20224]],[[-75.38569,6.19311],[-75.38547,6.19305],[-75.38554,6.19326],[-75.38569,6.19311]],[[-75.42979,6.16461],[-75.42957,6.16455],[-75.42964,6.16476],[-75.42979,6.16461]],[[-75.43533,6.14001],[-75.43511,6.13995],[-75.43517,6.14016],[-75.43533,6.14001]],[[-75.43864,6.16115],[-75.43842,6.16109],[-75.43848,6.16131],[-75.43864,6.16115]],[[-75.44693,6.19015],[-75.44671,6.19009],[-75.44677,6.1903],[-75.44693,6.19015]],[[-75.45632,6.11808],[-75.4561,6.11801],[-75.45616,6.11823],[-75.45632,6.11808]],[[-75.46681,6.12293],[-75.46659,6.12287],[-75.46665,6.12309],[-75.46681,6.12293]],[[-75.46301,6.11905],[-75.46279,6.11899],[-75.46285,6.11921],[-75.46301,6.11905]],[[-75.41924,6.09711],[-75.41902,6.09704],[-75.41908,6.09726],[-75.41924,6.09711]],[[-75.42979,6.09292],[-75.42957,6.09286],[-75.42964,6.09308],[-75.42979,6.09292]],[[-75.4345,6.09553],[-75.43428,6.09547],[-75.43434,6.09569],[-75.4345,6.09553]],[[-75.43611,6.09191],[-75.43589,6.09185],[-75.43596,6.09207],[-75.43611,6.09191]],[[-75.45639,6.1113],[-75.45617,6.11123],[-75.45624,6.11145],[-75.45639,6.1113]],[[-75.4611,6.11499],[-75.46088,6.11493],[-75.46094,6.11514],[-75.4611,6.11499]],[[-75.45983,6.11111],[-75.4596,6.11104],[-75.45967,6.11126],[-75.45983,6.11111]],[[-75.3893,6.06707],[-75.38947,6.06722],[-75.38971,6.06714],[-75.3893,6.06707]],[[-75.39278,6.06605],[-75.39239,6.06601],[-75.39246,6.06613],[-75.39278,6.06605]],[[-75.44736,6.11112],[-75.44696,6.11108],[-75.44703,6.1112],[-75.44736,6.11112]],[[-75.43819,6.0927],[-75.43779,6.09266],[-75.43786,6.09278],[-75.43819,6.0927]],[[-75.45346,6.09745],[-75.45307,6.09741],[-75.45314,6.09753],[-75.45346,6.09745]],[[-75.42813,6.15013],[-75.42773,6.15009],[-75.4278,6.15021],[-75.42813,6.15013]],[[-75.43403,6.19992],[-75.43364,6.19989],[-75.43371,6.2],[-75.43403,6.19992]],[[-75.45582,6.13523],[-75.45542,6.13519],[-75.45549,6.13531],[-75.45582,6.13523]],[[-75.46411,6.13015],[-75.46372,6.13011],[-75.46379,6.13023],[-75.46411,6.13015]],[[-75.46784,6.13818],[-75.46744,6.13814],[-75.46751,6.13826],[-75.46784,6.13818]],[[-75.46699,6.12689],[-75.4666,6.12685],[-75.46667,6.12697],[-75.46699,6.12689]],[[-75.47104,6.1191],[-75.47064,6.11906],[-75.47071,6.11918],[-75.47104,6.1191]],[[-75.36843,6.1784],[-75.36869,6.17856],[-75.36884,6.17848],[-75.36843,6.1784]],[[-75.38247,6.19537],[-75.38273,6.19552],[-75.38289,6.19544],[-75.38247,6.19537]],[[-75.38209,6.18895],[-75.38235,6.1891],[-75.38251,6.18902],[-75.38209,6.18895]],[[-75.45219,6.11654],[-75.45243,6.11678],[-75.45251,6.11663],[-75.45219,6.11654]],[[-75.44036,6.15699],[-75.44043,6.1574],[-75.44051,6.15725],[-75.44036,6.15699]],[[-75.46329,6.11833],[-75.46336,6.11874],[-75.46344,6.11859],[-75.46329,6.11833]],[[-75.46401,6.15151],[-75.46408,6.15192],[-75.46416,6.15176],[-75.46401,6.15151]],[[-75.41354,6.08691],[-75.41361,6.08732],[-75.41369,6.08716],[-75.41354,6.08691]],[[-75.41258,6.09683],[-75.41299,6.09675],[-75.41283,6.09667],[-75.41258,6.09683]],[[-75.45219,6.11707],[-75.4526,6.11699],[-75.45244,6.11691],[-75.45219,6.11707]],[[-75.43989,6.14691],[-75.44021,6.14676],[-75.43998,6.14668],[-75.43989,6.14691]],[[-75.43876,6.16124],[-75.43891,6.16157],[-75.43899,6.16133],[-75.43876,6.16124]],[[-75.40436,6.0982],[-75.4046,6.09829],[-75.40469,6.09805],[-75.40436,6.0982]],[[-75.43442,6.09026],[-75.43465,6.09035],[-75.43475,6.09012],[-75.43442,6.09026]],[[-75.3866,6.19529],[-75.38647,6.19521],[-75.38651,6.1956],[-75.3866,6.19529]],[[-75.3969,6.19725],[-75.39678,6.19718],[-75.39682,6.19757],[-75.3969,6.19725]],[[-75.40377,6.0902],[-75.40365,6.09012],[-75.40369,6.09051],[-75.40377,6.0902]],[[-75.40671,6.07392],[-75.40659,6.07384],[-75.40663,6.07423],[-75.40671,6.07392]],[[-75.47143,6.12908],[-75.4713,6.129],[-75.47134,6.12939],[-75.47143,6.12908]],[[-75.46778,6.11779],[-75.46766,6.11771],[-75.4677,6.1181],[-75.46778,6.11779]],[[-75.47637,6.19099],[-75.47625,6.19092],[-75.47629,6.19131],[-75.47637,6.19099]],[[-75.48508,6.20434],[-75.48496,6.20427],[-75.485,6.20466],[-75.48508,6.20434]],[[-75.45121,6.17701],[-75.45092,6.17697],[-75.45096,6.17713],[-75.45121,6.17701]],[[-75.40013,6.09986],[-75.40028,6.1001],[-75.40045,6.10001],[-75.40013,6.09986]],[[-75.45133,6.13154],[-75.45141,6.13171],[-75.45156,6.13139],[-75.45133,6.13154]],[[-75.45428,6.12204],[-75.45437,6.12221],[-75.45451,6.12189],[-75.45428,6.12204]],[[-75.43482,6.15023],[-75.43465,6.15032],[-75.43498,6.15046],[-75.43482,6.15023]],[[-75.46176,6.1058],[-75.46155,6.10599],[-75.46189,6.10591],[-75.46176,6.1058]],[[-75.4619,6.10397],[-75.46196,6.10384],[-75.46169,6.10387],[-75.4619,6.10397]],[[-75.4662,6.12529],[-75.46626,6.12517],[-75.46599,6.12519],[-75.4662,6.12529]],[[-75.39542,6.06833],[-75.39526,6.06841],[-75.39567,6.06857],[-75.39542,6.06833]],[[-75.45591,6.12277],[-75.45599,6.12292],[-75.45614,6.12251],[-75.45591,6.12277]],[[-75.44671,6.19648],[-75.44696,6.19671],[-75.44712,6.19663],[-75.44671,6.19648]],[[-75.40152,6.07943],[-75.40176,6.07975],[-75.40184,6.0796],[-75.40152,6.07943]],[[-75.40504,6.06743],[-75.40492,6.06773],[-75.40517,6.06752],[-75.40504,6.06743]],[[-75.44322,6.09445],[-75.4431,6.09475],[-75.44334,6.09455],[-75.44322,6.09445]],[[-75.4579,6.11412],[-75.45778,6.11442],[-75.45803,6.11422],[-75.4579,6.11412]],[[-75.37775,6.17254],[-75.37763,6.17284],[-75.37787,6.17264],[-75.37775,6.17254]],[[-75.38211,6.18275],[-75.38199,6.18305],[-75.38224,6.18284],[-75.38211,6.18275]],[[-75.39178,6.1867],[-75.39166,6.187],[-75.39191,6.1868],[-75.39178,6.1867]],[[-75.40228,6.19535],[-75.40216,6.19565],[-75.40241,6.19545],[-75.40228,6.19535]],[[-75.4797,6.19741],[-75.47958,6.19771],[-75.47983,6.19751],[-75.4797,6.19741]],[[-75.47285,6.1293],[-75.47266,6.129],[-75.47269,6.12924],[-75.47285,6.1293]],[[-75.39095,6.07448],[-75.39109,6.07466],[-75.39136,6.07466],[-75.39095,6.07448]],[[-75.47079,6.17475],[-75.4707,6.17496],[-75.47101,6.17481],[-75.47079,6.17475]],[[-75.39214,6.07379],[-75.39205,6.074],[-75.39236,6.07384],[-75.39214,6.07379]],[[-75.39132,6.07361],[-75.39124,6.07382],[-75.39154,6.07367],[-75.39132,6.07361]],[[-75.44222,6.09509],[-75.44214,6.0953],[-75.44244,6.09515],[-75.44222,6.09509]],[[-75.39658,6.06783],[-75.39637,6.06772],[-75.3964,6.06798],[-75.39658,6.06783]],[[-75.42739,6.18383],[-75.42718,6.18372],[-75.42722,6.18398],[-75.42739,6.18383]],[[-75.43014,6.09125],[-75.42993,6.09114],[-75.42996,6.09141],[-75.43014,6.09125]],[[-75.45979,6.10301],[-75.45958,6.10291],[-75.45962,6.10317],[-75.45979,6.10301]],[[-75.465,6.15968],[-75.46479,6.15958],[-75.46482,6.15984],[-75.465,6.15968]],[[-75.46115,6.13802],[-75.46094,6.13798],[-75.46108,6.13826],[-75.46115,6.13802]],[[-75.38962,6.15208],[-75.38953,6.15228],[-75.38983,6.15221],[-75.38962,6.15208]],[[-75.39144,6.15859],[-75.39116,6.15875],[-75.39158,6.15872],[-75.39144,6.15859]],[[-75.40107,6.09514],[-75.40077,6.0951],[-75.40087,6.09529],[-75.40107,6.09514]],[[-75.43431,6.20218],[-75.434,6.20214],[-75.4341,6.20233],[-75.43431,6.20218]],[[-75.44091,6.16908],[-75.4406,6.16904],[-75.4407,6.16923],[-75.44091,6.16908]],[[-75.46336,6.12111],[-75.46306,6.12107],[-75.46316,6.12126],[-75.46336,6.12111]],[[-75.46987,6.12344],[-75.46957,6.1234],[-75.46967,6.12359],[-75.46987,6.12344]],[[-75.39726,6.07393],[-75.39734,6.07417],[-75.39741,6.07366],[-75.39726,6.07393]],[[-75.38463,6.19021],[-75.38496,6.19054],[-75.38504,6.19046],[-75.38463,6.19021]],[[-75.42563,6.15215],[-75.42566,6.15244],[-75.42586,6.15248],[-75.42563,6.15215]],[[-75.4356,6.09089],[-75.43568,6.09097],[-75.43592,6.09056],[-75.4356,6.09089]],[[-75.46363,6.17501],[-75.46396,6.17533],[-75.46403,6.17525],[-75.46363,6.17501]],[[-75.42563,6.14943],[-75.4258,6.14968],[-75.42596,6.14952],[-75.42563,6.14943]],[[-75.45859,6.19547],[-75.45829,6.19539],[-75.45844,6.19561],[-75.45859,6.19547]],[[-75.46649,6.17312],[-75.46618,6.17304],[-75.46633,6.17326],[-75.46649,6.17312]],[[-75.39802,6.06481],[-75.39771,6.06473],[-75.39787,6.06495],[-75.39802,6.06481]],[[-75.48015,6.18167],[-75.47984,6.18159],[-75.47999,6.18181],[-75.48015,6.18167]],[[-75.4639,6.15232],[-75.46368,6.15217],[-75.46376,6.15247],[-75.4639,6.15232]],[[-75.47308,6.17209],[-75.47286,6.17194],[-75.47294,6.17225],[-75.47308,6.17209]],[[-75.4788,6.18374],[-75.47858,6.18359],[-75.47866,6.18389],[-75.4788,6.18374]],[[-75.41365,6.06862],[-75.41317,6.06858],[-75.41325,6.0687],[-75.41365,6.06862]],[[-75.44844,6.11093],[-75.44795,6.11089],[-75.44803,6.11102],[-75.44844,6.11093]],[[-75.45699,6.09817],[-75.4565,6.09813],[-75.45658,6.09825],[-75.45699,6.09817]],[[-75.44835,6.11066],[-75.44786,6.11062],[-75.44794,6.11074],[-75.44835,6.11066]],[[-75.45024,6.10912],[-75.44975,6.10908],[-75.44983,6.1092],[-75.45024,6.10912]],[[-75.40643,6.1792],[-75.40594,6.17916],[-75.40602,6.17928],[-75.40643,6.1792]],[[-75.46726,6.16079],[-75.46678,6.16075],[-75.46686,6.16087],[-75.46726,6.16079]],[[-75.46937,6.12597],[-75.46922,6.12594],[-75.46926,6.12631],[-75.46937,6.12597]],[[-75.42735,6.15221],[-75.42766,6.15229],[-75.42777,6.15206],[-75.42735,6.15221]],[[-75.46436,6.17708],[-75.46451,6.17751],[-75.4646,6.17719],[-75.46436,6.17708]],[[-75.46031,6.12432],[-75.46018,6.12424],[-75.46022,6.12473],[-75.46031,6.12432]],[[-75.3966,6.07232],[-75.39638,6.07215],[-75.39643,6.07245],[-75.3966,6.07232]],[[-75.4393,6.10322],[-75.43908,6.10305],[-75.43913,6.10335],[-75.4393,6.10322]],[[-75.44255,6.17382],[-75.44233,6.17365],[-75.44238,6.17395],[-75.44255,6.17382]],[[-75.43842,6.14625],[-75.4382,6.14608],[-75.43825,6.14639],[-75.43842,6.14625]],[[-75.45729,6.10815],[-75.45707,6.10798],[-75.45712,6.10828],[-75.45729,6.10815]],[[-75.4621,6.1179],[-75.46188,6.11773],[-75.46193,6.11803],[-75.4621,6.1179]],[[-75.43557,6.20325],[-75.43563564655173,6.203275290065011],[-75.43551897252624,6.2030084699575365],[-75.43557,6.20325]],[[-75.43594,6.20787],[-75.43679,6.20372],[-75.43563564655173,6.203275290065011],[-75.43594,6.20787]],[[-75.43467,6.19899],[-75.4338,6.20136],[-75.43551897252624,6.2030084699575365],[-75.43467,6.19899]],[[-75.45877,6.19309],[-75.45846,6.19304],[-75.45863,6.19326],[-75.45877,6.19309]],[[-75.47593,6.19043],[-75.47562,6.19037],[-75.47578,6.19059],[-75.47593,6.19043]],[[-75.44731,6.09079],[-75.447,6.09074],[-75.44717,6.09095],[-75.44731,6.09079]],[[-75.46013,6.15345],[-75.46025,6.15366],[-75.4604,6.15341],[-75.46013,6.15345]],[[-75.4425,6.08591],[-75.44211,6.08587],[-75.44215,6.08602],[-75.4425,6.08591]],[[-75.46137,6.18738],[-75.46098,6.18734],[-75.46101,6.18749],[-75.46137,6.18738]],[[-75.46977,6.15192],[-75.46937,6.15188],[-75.46941,6.15203],[-75.46977,6.15192]],[[-75.4788,6.19823],[-75.47882,6.19854],[-75.47893,6.19832],[-75.4788,6.19823]],[[-75.45618,6.1073],[-75.45629,6.10747],[-75.45637,6.10723],[-75.45618,6.1073]],[[-75.46942,6.12571],[-75.46953,6.12588],[-75.46961,6.12563],[-75.46942,6.12571]],[[-75.46298,6.15267],[-75.46309,6.15283],[-75.46317,6.15259],[-75.46298,6.15267]],[[-75.46906,6.15988],[-75.46916,6.16005],[-75.46924,6.15981],[-75.46906,6.15988]],[[-75.41394,6.06846],[-75.41401,6.06835],[-75.41365,6.06837],[-75.41394,6.06846]],[[-75.45673,6.12901],[-75.45708,6.12925],[-75.45724,6.12917],[-75.45673,6.12901]],[[-75.37662,6.17463],[-75.37631,6.17454],[-75.37637,6.17475],[-75.37662,6.17463]],[[-75.44804,6.08623],[-75.44821,6.08608],[-75.44823,6.08572],[-75.44804,6.08623]],[[-75.44749,6.10939],[-75.44732,6.109],[-75.44735,6.10932],[-75.44749,6.10939]],[[-75.43012,6.18973],[-75.42991,6.18968],[-75.42995,6.18998],[-75.43012,6.18973]],[[-75.4319,6.0703],[-75.43168,6.07025],[-75.43173,6.07055],[-75.4319,6.0703]],[[-75.43423,6.10094],[-75.43402,6.10089],[-75.43406,6.10119],[-75.43423,6.10094]],[[-75.44729,6.19176],[-75.44708,6.19171],[-75.44712,6.19201],[-75.44729,6.19176]],[[-75.46125,6.17392],[-75.46103,6.17387],[-75.46107,6.17417],[-75.46125,6.17392]],[[-75.46381,6.11877],[-75.4636,6.11872],[-75.46364,6.11902],[-75.46381,6.11877]],[[-75.46381,6.11678],[-75.46359,6.11673],[-75.46364,6.11703],[-75.46381,6.11678]],[[-75.40758,6.09181],[-75.40735,6.09174],[-75.40745,6.09205],[-75.40758,6.09181]],[[-75.43389,6.10566],[-75.43367,6.1056],[-75.43377,6.1059],[-75.43389,6.10566]],[[-75.44456,6.17968],[-75.44434,6.17961],[-75.44443,6.17992],[-75.44456,6.17968]],[[-75.42605,6.15005],[-75.42574,6.15],[-75.42579,6.15022],[-75.42605,6.15005]],[[-75.44149,6.18309],[-75.44118,6.18305],[-75.44123,6.18326],[-75.44149,6.18309]],[[-75.44036,6.19982],[-75.44005,6.19978],[-75.4401,6.19999],[-75.44036,6.19982]],[[-75.4492,6.19636],[-75.44889,6.19632],[-75.44894,6.19653],[-75.4492,6.19636]],[[-75.46299,6.11433],[-75.46268,6.11429],[-75.46273,6.1145],[-75.46299,6.11433]],[[-75.44423,6.19197],[-75.4444,6.19185],[-75.44404,6.19187],[-75.44423,6.19197]],[[-75.46216,6.1532],[-75.46232,6.15338],[-75.46245,6.15305],[-75.46216,6.1532]],[[-75.43915,6.10266],[-75.43918,6.10288],[-75.43948,6.10282],[-75.43915,6.10266]],[[-75.44652,6.1019],[-75.44594,6.10186],[-75.44602,6.10198],[-75.44652,6.1019]],[[-75.41202,6.17205],[-75.41144,6.17201],[-75.41152,6.17212],[-75.41202,6.17205]],[[-75.45762,6.09826],[-75.45704,6.09821],[-75.45712,6.09833],[-75.45762,6.09826]],[[-75.38584,6.08474],[-75.38566,6.08447],[-75.38569,6.08482],[-75.38584,6.08474]],[[-75.41049,6.19172],[-75.41031,6.19163],[-75.41035,6.19201],[-75.41049,6.19172]],[[-75.40291,6.09774],[-75.40315,6.0974],[-75.40307,6.09724],[-75.40291,6.09774]],[[-75.41675,6.17711],[-75.41683,6.17726],[-75.41708,6.17676],[-75.41675,6.17711]],[[-75.46194,6.1337],[-75.46162,6.13378],[-75.46222,6.13386],[-75.46194,6.1337]],[[-75.46349,6.12547],[-75.46341,6.12563],[-75.46382,6.12589],[-75.46349,6.12547]],[[-75.46835,6.15972],[-75.46813,6.15966],[-75.46827,6.16],[-75.46835,6.15972]],[[-75.38445,6.19],[-75.38461,6.1901],[-75.38477,6.18968],[-75.38445,6.19]],[[-75.4285,6.15006],[-75.42816,6.15022],[-75.42875,6.15021],[-75.4285,6.15006]],[[-75.39759,6.09874],[-75.39792,6.09855],[-75.39777,6.09842],[-75.39759,6.09874]],[[-75.43622,6.09051],[-75.43647,6.09025],[-75.43633,6.09009],[-75.43622,6.09051]],[[-75.43761,6.06949],[-75.43775,6.06964],[-75.43785,6.06922],[-75.43761,6.06949]],[[-75.4212,6.08347],[-75.42136,6.08361],[-75.42154,6.08328],[-75.4212,6.08347]],[[-75.43659,6.09521],[-75.43693,6.09502],[-75.43677,6.09488],[-75.43659,6.09521]],[[-75.45385,6.09485],[-75.45404,6.09519],[-75.45418,6.09503],[-75.45385,6.09485]],[[-75.47201,6.14533],[-75.47185,6.14547],[-75.47227,6.14558],[-75.47201,6.14533]],[[-75.46164,6.10351],[-75.4619,6.10375],[-75.46206,6.10361],[-75.46164,6.10351]],[[-75.45614,6.1291],[-75.456,6.12926],[-75.45633,6.12944],[-75.45614,6.1291]],[[-75.44645,6.1093],[-75.44645,6.10967],[-75.44659,6.10923],[-75.44645,6.1093]],[[-75.39227,6.06578],[-75.39287,6.0657],[-75.39263,6.06562],[-75.39227,6.06578]],[[-75.3951,6.1512],[-75.39495,6.15117],[-75.39499,6.15163],[-75.3951,6.1512]],[[-75.40942,6.07384],[-75.40921,6.07347],[-75.40925,6.07377],[-75.40942,6.07384]],[[-75.38827,6.06613],[-75.38787,6.06602],[-75.38803,6.06624],[-75.38827,6.06613]],[[-75.43485,6.09205],[-75.43445,6.09194],[-75.43461,6.09216],[-75.43485,6.09205]],[[-75.44101,6.10089],[-75.44061,6.10079],[-75.44077,6.101],[-75.44101,6.10089]],[[-75.44116,6.08905],[-75.44076,6.08894],[-75.44092,6.08916],[-75.44116,6.08905]],[[-75.39211,6.08931],[-75.39181,6.08916],[-75.39184,6.08931],[-75.39211,6.08931]],[[-75.45446,6.12721],[-75.45437,6.12761],[-75.45461,6.12772],[-75.45446,6.12721]],[[-75.46345,6.11781],[-75.46332,6.11772],[-75.46337,6.1183],[-75.46345,6.11781]],[[-75.40004,6.0771],[-75.39982,6.07693],[-75.39993,6.07733],[-75.40004,6.0771]],[[-75.42298,6.18597],[-75.42276,6.18581],[-75.42287,6.18621],[-75.42298,6.18597]],[[-75.44127,6.10588],[-75.44099,6.10558],[-75.44111,6.10582],[-75.44127,6.10588]],[[-75.47359,6.12588],[-75.4731,6.12584],[-75.47314,6.12598],[-75.47359,6.12588]],[[-75.46019,6.1128],[-75.4597,6.11276],[-75.45974,6.11291],[-75.46019,6.1128]],[[-75.40217,6.07548],[-75.40204,6.07578],[-75.40238,6.07554],[-75.40217,6.07548]],[[-75.39797,6.08031],[-75.39766,6.0801],[-75.39773,6.08038],[-75.39797,6.08031]],[[-75.44402,6.19223],[-75.44421,6.19229],[-75.44431,6.19213],[-75.44402,6.19223]],[[-75.47481,6.14975],[-75.47499,6.14982],[-75.47509,6.14965],[-75.47481,6.14975]],[[-75.4551,6.09884],[-75.4547,6.09876],[-75.4549,6.09898],[-75.4551,6.09884]],[[-75.46129,6.18841],[-75.46089,6.18833],[-75.46109,6.18855],[-75.46129,6.18841]],[[-75.4426,6.16412],[-75.44236,6.16424],[-75.44278,6.16437],[-75.4426,6.16412]],[[-75.44634,6.09981],[-75.44612,6.0996],[-75.44619,6.09999],[-75.44634,6.09981]],[[-75.47756,6.19013],[-75.47733,6.18992],[-75.47741,6.19031],[-75.47756,6.19013]],[[-75.39652,6.07053],[-75.39676,6.07065],[-75.39686,6.07032],[-75.39652,6.07053]],[[-75.44182,6.07999],[-75.44163,6.0803],[-75.44195,6.08008],[-75.44182,6.07999]],[[-75.4604,6.13142],[-75.4602,6.13093],[-75.46023,6.13127],[-75.4604,6.13142]],[[-75.45062,6.09371],[-75.45062,6.09402],[-75.4508,6.09376],[-75.45062,6.09371]],[[-75.43604,6.15779],[-75.43588,6.1573],[-75.43592,6.15772],[-75.43604,6.15779]],[[-75.44615,6.19057],[-75.4463,6.19066],[-75.44638,6.19042],[-75.44615,6.19057]],[[-75.45665,6.19642],[-75.45679,6.19651],[-75.45687,6.19627],[-75.45665,6.19642]],[[-75.45898,6.1909],[-75.45913,6.19099],[-75.45921,6.19075],[-75.45898,6.1909]],[[-75.47894,6.18841],[-75.47908,6.1885],[-75.47916,6.18826],[-75.47894,6.18841]],[[-75.45895,6.18917],[-75.45878,6.1893],[-75.45928,6.18936],[-75.45895,6.18917]],[[-75.44869,6.19718],[-75.4484,6.1974],[-75.44892,6.19735],[-75.44869,6.19718]],[[-75.46608,6.12196],[-75.46577,6.12188],[-75.46598,6.12217],[-75.46608,6.12196]],[[-75.47517,6.14444],[-75.47486,6.14436],[-75.47507,6.14466],[-75.47517,6.14444]],[[-75.44928,6.10931],[-75.44912,6.10908],[-75.44916,6.10956],[-75.44928,6.10931]],[[-75.44197,6.16392],[-75.44159,6.16389],[-75.44163,6.16409],[-75.44197,6.16392]],[[-75.4644,6.17588],[-75.46402,6.17585],[-75.46406,6.17605],[-75.4644,6.17588]],[[-75.39194,6.08983],[-75.39127,6.08979],[-75.39136,6.08991],[-75.39194,6.08983]],[[-75.45609,6.10025],[-75.45542,6.10021],[-75.45551,6.10033],[-75.45609,6.10025]],[[-75.44649,6.19628],[-75.44582,6.19624],[-75.44591,6.19636],[-75.44649,6.19628]],[[-75.45613,6.1732],[-75.45664,6.17308],[-75.45648,6.17294],[-75.45613,6.1732]],[[-75.48031,6.18756],[-75.4802,6.18787],[-75.48053,6.18763],[-75.48031,6.18756]],[[-75.46045,6.11164],[-75.46067,6.11171],[-75.46062,6.11148],[-75.46045,6.11164]],[[-75.47722,6.19359],[-75.47751,6.19375],[-75.47792,6.19366],[-75.47722,6.19359]],[[-75.38901,6.18338],[-75.38909,6.18322],[-75.38873,6.18324],[-75.38901,6.18338]],[[-75.42629,6.06766],[-75.42638,6.0675],[-75.42602,6.06753],[-75.42629,6.06766]],[[-75.47219,6.17766],[-75.47227,6.17749],[-75.47191,6.17752],[-75.47219,6.17766]],[[-75.44536,6.07099],[-75.44514,6.07085],[-75.44518,6.07125],[-75.44536,6.07099]],[[-75.40109,6.16446],[-75.40133,6.16419],[-75.40123,6.16395],[-75.40109,6.16446]],[[-75.44859,6.20073],[-75.44836,6.20066],[-75.44848,6.20106],[-75.44859,6.20073]],[[-75.39931,6.20006],[-75.39911,6.20046],[-75.39944,6.20015],[-75.39931,6.20006]],[[-75.46623,6.19338],[-75.46614,6.19378],[-75.46642,6.19344],[-75.46623,6.19338]],[[-75.41461,6.08861],[-75.4143,6.08856],[-75.41451,6.08886],[-75.41461,6.08861]],[[-75.46226,6.15674],[-75.46212,6.1569],[-75.46254,6.15717],[-75.46226,6.15674]],[[-75.44707,6.08495],[-75.44689,6.08526],[-75.4473,6.08502],[-75.44707,6.08495]],[[-75.44037,6.17176],[-75.44028,6.17153],[-75.4401,6.17165],[-75.44037,6.17176]],[[-75.41509,6.06804],[-75.415,6.06781],[-75.41483,6.06793],[-75.41509,6.06804]],[[-75.46021,6.12275],[-75.45963,6.12271],[-75.45974,6.12286],[-75.46021,6.12275]],[[-75.46067,6.1119],[-75.46042,6.11186],[-75.46046,6.1122],[-75.46067,6.1119]],[[-75.46518,6.12204],[-75.46496,6.12197],[-75.46501,6.12237],[-75.46518,6.12204]],[[-75.4549,6.0959],[-75.4546,6.09551],[-75.45464,6.0957],[-75.4549,6.0959]],[[-75.40604,6.06996],[-75.40604,6.07026],[-75.40625,6.07001],[-75.40604,6.06996]],[[-75.46522,6.1509],[-75.46522,6.1512],[-75.46543,6.15095],[-75.46522,6.1509]],[[-75.44509,6.17797],[-75.44478,6.17789],[-75.44486,6.17819],[-75.44509,6.17797]],[[-75.431,6.08472],[-75.43093,6.08487],[-75.4313,6.08476],[-75.431,6.08472]],[[-75.44545,6.0836],[-75.44537,6.08374],[-75.44575,6.08364],[-75.44545,6.0836]],[[-75.39101,6.16781],[-75.39094,6.16795],[-75.39131,6.16785],[-75.39101,6.16781]],[[-75.41303,6.09663],[-75.41325,6.09673],[-75.41336,6.09632],[-75.41303,6.09663]],[[-75.45871,6.1912],[-75.45926,6.19142],[-75.45921,6.19127],[-75.45871,6.1912]],[[-75.44091,6.18323],[-75.44079,6.18354],[-75.44113,6.1834],[-75.44091,6.18323]],[[-75.47268,6.17167],[-75.47256,6.17197],[-75.4729,6.17183],[-75.47268,6.17167]],[[-75.46851,6.15881],[-75.46873,6.15892],[-75.46879,6.1587],[-75.46851,6.15881]],[[-75.46314,6.10343],[-75.46284,6.10335],[-75.46307,6.10369],[-75.46314,6.10343]],[[-75.39441,6.15243],[-75.39444,6.15283],[-75.39453,6.15252],[-75.39441,6.15243]],[[-75.45535,6.09663],[-75.45496,6.09632],[-75.45508,6.09652],[-75.45535,6.09663]],[[-75.42673,6.15322],[-75.42702,6.15353],[-75.42731,6.15356],[-75.42673,6.15322]],[[-75.39336,6.07619],[-75.39305,6.07614],[-75.3931,6.07643],[-75.39336,6.07619]],[[-75.46039,6.12248],[-75.45963,6.12244],[-75.45972,6.12256],[-75.46039,6.12248]],[[-75.46949,6.18442],[-75.46959,6.18426],[-75.46926,6.18426],[-75.46949,6.18442]],[[-75.40093,6.06507],[-75.40106,6.06521],[-75.40127,6.06498],[-75.40093,6.06507]],[[-75.47212,6.14273],[-75.47224,6.14287],[-75.47245,6.14263],[-75.47212,6.14273]],[[-75.47195,6.15531],[-75.47164,6.15522],[-75.47197,6.1556],[-75.47195,6.15531]],[[-75.39827,6.07799],[-75.39841,6.07842],[-75.39851,6.07811],[-75.39827,6.07799]],[[-75.45955,6.12014],[-75.45991,6.1202],[-75.45983,6.12003],[-75.45955,6.12014]],[[-75.44238,6.09803],[-75.44276,6.09819],[-75.44317,6.09811],[-75.44238,6.09803]],[[-75.3973,6.15197],[-75.39722,6.15219],[-75.39761,6.15223],[-75.3973,6.15197]],[[-75.42902,6.07005],[-75.42885,6.07053],[-75.42909,6.07067],[-75.42902,6.07005]],[[-75.44187,6.16931],[-75.4418,6.16951],[-75.44227,6.16943],[-75.44187,6.16931]],[[-75.40687,6.06729],[-75.40698,6.06762],[-75.40706,6.06723],[-75.40687,6.06729]],[[-75.47326,6.17399],[-75.47277,6.17384],[-75.4728,6.17399],[-75.47326,6.17399]],[[-75.43729,6.09256],[-75.4368,6.09248],[-75.43718,6.09264],[-75.43729,6.09256]],[[-75.38163,6.15349],[-75.3814,6.15328],[-75.3815,6.15377],[-75.38163,6.15349]],[[-75.45529,6.09793],[-75.45521,6.09809],[-75.45571,6.09816],[-75.45529,6.09793]],[[-75.43509,6.06839],[-75.43517,6.06866],[-75.43541,6.06824],[-75.43509,6.06839]],[[-75.4405,6.18283],[-75.44019,6.18278],[-75.44027,6.18309],[-75.4405,6.18283]],[[-75.47514,6.14542],[-75.47474,6.14559],[-75.47526,6.14566],[-75.47514,6.14542]],[[-75.43596,6.0687],[-75.43565,6.06862],[-75.43571,6.06893],[-75.43596,6.0687]],[[-75.46242,6.10299],[-75.46211,6.1029],[-75.46217,6.10321],[-75.46242,6.10299]],[[-75.43946,6.18143],[-75.43937,6.18179],[-75.43968,6.18158],[-75.43946,6.18143]],[[-75.44042,6.15498],[-75.44065,6.15524],[-75.44054,6.15489],[-75.44042,6.15498]],[[-75.43959,6.16018],[-75.43948,6.1605],[-75.43981,6.16038],[-75.43959,6.16018]],[[-75.44481,6.19709],[-75.44531,6.19665],[-75.44515,6.19657],[-75.44481,6.19709]],[[-75.42443,6.1869],[-75.4243,6.1868],[-75.42434,6.18756],[-75.42443,6.1869]],[[-75.42789,6.07997],[-75.42838,6.07986],[-75.42831,6.07963],[-75.42789,6.07997]],[[-75.44196,6.15291],[-75.44165,6.15286],[-75.4417,6.15317],[-75.44196,6.15291]],[[-75.37114,6.17298],[-75.37152,6.17313],[-75.37141,6.17287],[-75.37114,6.17298]],[[-75.39922,6.15879],[-75.39903,6.15821],[-75.3991,6.15864],[-75.39922,6.15879]],[[-75.42976,6.06852],[-75.42987,6.06866],[-75.43,6.06834],[-75.42976,6.06852]],[[-75.44512,6.07418],[-75.44524,6.07432],[-75.44536,6.074],[-75.44512,6.07418]],[[-75.44696,6.09735],[-75.44674,6.09688],[-75.44678,6.09725],[-75.44696,6.09735]],[[-75.46827,6.12914],[-75.46778,6.12901],[-75.46783,6.12922],[-75.46827,6.12914]],[[-75.41437,6.16511],[-75.41447,6.16535],[-75.4147,6.16475],[-75.41437,6.16511]],[[-75.40489,6.09351],[-75.40527,6.09377],[-75.40541,6.09361],[-75.40489,6.09351]],[[-75.46921,6.12458],[-75.46911,6.12507],[-75.4694,6.12464],[-75.46921,6.12458]],[[-75.46285,6.1251],[-75.46302,6.125],[-75.46239,6.12501],[-75.46285,6.1251]],[[-75.45674,6.10152],[-75.45691,6.10142],[-75.45628,6.10143],[-75.45674,6.10152]],[[-75.42717,6.15043],[-75.42706,6.15064],[-75.42758,6.15076],[-75.42717,6.15043]],[[-75.4435,6.08825],[-75.4432,6.08794],[-75.44325,6.08815],[-75.4435,6.08825]],[[-75.4722,6.18572],[-75.4719,6.18541],[-75.47195,6.18562],[-75.4722,6.18572]],[[-75.39574,6.06881],[-75.39601,6.06881],[-75.39601,6.06862],[-75.39574,6.06881]],[[-75.41403,6.08829],[-75.41421,6.08829],[-75.41421,6.08802],[-75.41403,6.08829]],[[-75.45851,6.10716],[-75.45851,6.10734],[-75.45878,6.10716],[-75.45851,6.10716]],[[-75.47197,6.14464],[-75.47215,6.14464],[-75.47215,6.14437],[-75.47197,6.14464]],[[-75.47327,6.1893],[-75.47354,6.1893],[-75.47354,6.18911],[-75.47327,6.1893]],[[-75.37766,6.17426],[-75.37744,6.17466],[-75.37779,6.17436],[-75.37766,6.17426]],[[-75.41824,6.10124],[-75.41812,6.10088],[-75.41799,6.10104],[-75.41824,6.10124]],[[-75.3896,6.183],[-75.38948,6.1833],[-75.38991,6.18305],[-75.3896,6.183]],[[-75.46998,6.15262],[-75.4704,6.15248],[-75.47004,6.15236],[-75.46998,6.15262]],[[-75.44935,6.11238],[-75.44886,6.11234],[-75.44904,6.11256],[-75.44935,6.11238]],[[-75.47645,6.1848],[-75.47605,6.1845],[-75.47609,6.18467],[-75.47645,6.1848]],[[-75.44047,6.10388],[-75.44008,6.10359],[-75.4402,6.10383],[-75.44047,6.10388]],[[-75.45071,6.16486],[-75.45074,6.16525],[-75.45087,6.1649],[-75.45071,6.16486]],[[-75.46118,6.10356],[-75.46146,6.10338],[-75.46137,6.10305],[-75.46118,6.10356]],[[-75.46066,6.15689],[-75.46044,6.15679],[-75.46048,6.15712],[-75.46066,6.15689]],[[-75.44343,6.16817],[-75.44295,6.16813],[-75.44299,6.16839],[-75.44343,6.16817]],[[-75.46593,6.15833],[-75.46635,6.15817],[-75.46602,6.1581],[-75.46593,6.15833]],[[-75.44996,6.17309],[-75.44965,6.17281],[-75.44972,6.1732],[-75.44996,6.17309]],[[-75.4544,6.11636],[-75.45468,6.11642],[-75.45477,6.11625],[-75.4544,6.11636]],[[-75.46186,6.15698],[-75.46191,6.15663],[-75.46173,6.15685],[-75.46186,6.15698]],[[-75.40766,6.09275],[-75.40727,6.09264],[-75.4073,6.09279],[-75.40766,6.09275]],[[-75.41883,6.1893],[-75.41844,6.18917],[-75.41848,6.18938],[-75.41883,6.1893]],[[-75.42819,6.15184],[-75.428,6.15117],[-75.42805,6.15164],[-75.42819,6.15184]],[[-75.46157,6.15941],[-75.46126,6.15904],[-75.4613,6.1593],[-75.46157,6.15941]],[[-75.44181,6.19076],[-75.44238,6.19055],[-75.44241,6.19035],[-75.44181,6.19076]],[[-75.45901,6.10262],[-75.45922,6.10318],[-75.45942,6.10321],[-75.45901,6.10262]],[[-75.43978,6.07674],[-75.43947,6.07665],[-75.43962,6.07703],[-75.43978,6.07674]],[[-75.45551,6.10156],[-75.45581,6.10142],[-75.45527,6.10144],[-75.45551,6.10156]],[[-75.46373,6.11791],[-75.4636,6.11781],[-75.46364,6.11866],[-75.46373,6.11791]],[[-75.46002,6.15421],[-75.45962,6.15417],[-75.45967,6.15444],[-75.46002,6.15421]],[[-75.47084476411834,6.127696578302657],[-75.47083105927587,6.127611901954502],[-75.47076,6.12765],[-75.47084476411834,6.127696578302657]],[[-75.47117,6.1283],[-75.47278,6.12876],[-75.47084476411834,6.127696578302657],[-75.47117,6.1283]],[[-75.47242,6.12676],[-75.47152,6.12588],[-75.46977,6.1277],[-75.47083105927587,6.127611901954502],[-75.47242,6.12676]],[[-75.44202,6.17212],[-75.44219,6.17223],[-75.44227,6.17192],[-75.44202,6.17212]],[[-75.44548,6.07502],[-75.44564,6.07514],[-75.44573,6.07482],[-75.44548,6.07502]],[[-75.44822,6.08866],[-75.44839,6.08878],[-75.44847,6.08846],[-75.44822,6.08866]],[[-75.43074,6.08888],[-75.43074,6.08917],[-75.43104,6.08892],[-75.43074,6.08888]],[[-75.47355,6.12719],[-75.47356,6.12748],[-75.47386,6.12723],[-75.47355,6.12719]],[[-75.39175,6.0775],[-75.39199,6.07763],[-75.39227,6.07711],[-75.39175,6.0775]],[[-75.44239,6.08694],[-75.44261,6.08707],[-75.44268,6.08681],[-75.44239,6.08694]],[[-75.39008,6.15298],[-75.39029,6.15311],[-75.39037,6.15285],[-75.39008,6.15298]],[[-75.46812,6.11879],[-75.46834,6.11892],[-75.46841,6.11866],[-75.46812,6.11879]],[[-75.43011,6.0887],[-75.43002,6.0891],[-75.43033,6.08891],[-75.43011,6.0887]],[[-75.4629,6.11389],[-75.46223,6.11375],[-75.46228,6.11395],[-75.4629,6.11389]],[[-75.47314,6.14467],[-75.47309,6.1445],[-75.47265,6.14452],[-75.47314,6.14467]],[[-75.46391,6.17088],[-75.4637,6.17127],[-75.46413,6.17093],[-75.46391,6.17088]],[[-75.45756,6.09865],[-75.45785,6.09879],[-75.45774,6.09843],[-75.45756,6.09865]],[[-75.44434,6.15225],[-75.44451,6.15234],[-75.44466,6.15208],[-75.44434,6.15225]],[[-75.43805,6.10496],[-75.43782,6.10477],[-75.43796,6.10538],[-75.43805,6.10496]],[[-75.47206,6.13276],[-75.47196,6.13257],[-75.4718,6.13281],[-75.47206,6.13276]],[[-75.46443,6.11841],[-75.46508,6.11841],[-75.46475,6.1183],[-75.46443,6.11841]],[[-75.38353,6.19608],[-75.38322,6.19603],[-75.38344,6.19643],[-75.38353,6.19608]],[[-75.43801,6.20551],[-75.43763,6.20521],[-75.43768,6.20542],[-75.43801,6.20551]],[[-75.39935,6.0669],[-75.39934,6.06721],[-75.39966,6.06698],[-75.39935,6.0669]],[[-75.43293,6.18273],[-75.43329,6.18234],[-75.43329,6.18186],[-75.43293,6.18273]],[[-75.45586,6.11653],[-75.45561,6.11675],[-75.45612,6.11688],[-75.45586,6.11653]],[[-75.37176,6.17508],[-75.37201,6.17584],[-75.3721,6.17552],[-75.37176,6.17508]],[[-75.42394,6.06816],[-75.42424,6.06826],[-75.42431,6.06806],[-75.42394,6.06816]],[[-75.46461,6.12504],[-75.46434,6.12545],[-75.46474,6.12515],[-75.46461,6.12504]],[[-75.46545,6.16043],[-75.46515,6.16039],[-75.46519,6.16058],[-75.46545,6.16043]],[[-75.44445,6.07911],[-75.44399,6.0789],[-75.44406,6.07904],[-75.44445,6.07911]],[[-75.47452,6.14539],[-75.47405,6.14518],[-75.47413,6.14532],[-75.47452,6.14539]],[[-75.46629,6.18217],[-75.46614,6.1824],[-75.46651,6.18223],[-75.46629,6.18217]],[[-75.44393,6.18185],[-75.44353,6.18178],[-75.44362,6.18208],[-75.44393,6.18185]],[[-75.46417,6.14926],[-75.46377,6.14918],[-75.46386,6.14949],[-75.46417,6.14926]],[[-75.47266,6.18449],[-75.47226,6.18442],[-75.47235,6.18472],[-75.47266,6.18449]],[[-75.39841,6.10176],[-75.39885,6.10214],[-75.39893,6.10184],[-75.39841,6.10176]],[[-75.44167,6.07597],[-75.44179,6.07614],[-75.44203,6.07591],[-75.44167,6.07597]],[[-75.43109,6.17879],[-75.43078,6.17874],[-75.43089,6.17913],[-75.43109,6.17879]],[[-75.46495,6.15126],[-75.46484,6.15184],[-75.46504,6.15133],[-75.46495,6.15126]],[[-75.45714,6.13519],[-75.45704,6.13538],[-75.45744,6.13523],[-75.45714,6.13519]],[[-75.46699,6.12237],[-75.46668,6.12215],[-75.4668,6.12262],[-75.46699,6.12237]],[[-75.43444,6.14927],[-75.43423,6.14917],[-75.43426,6.1495],[-75.43444,6.14927]],[[-75.44644,6.10389],[-75.44532,6.10385],[-75.44541,6.10396],[-75.44644,6.10389]],[[-75.44,6.06522],[-75.44025,6.06535],[-75.44037,6.06512],[-75.44,6.06522]],[[-75.40655,6.06846],[-75.40666,6.06869],[-75.40694,6.06851],[-75.40655,6.06846]],[[-75.44744,6.14127],[-75.44713,6.14118],[-75.44747,6.14167],[-75.44744,6.14127]],[[-75.44469,6.17843],[-75.44481,6.17856],[-75.4451,6.17832],[-75.44469,6.17843]],[[-75.43251,6.15655],[-75.43293,6.15661],[-75.43301,6.15644],[-75.43251,6.15655]],[[-75.46926,6.1523],[-75.46968,6.15236],[-75.46976,6.15219],[-75.46926,6.1523]],[[-75.39753,6.20077],[-75.39715,6.20052],[-75.39717,6.20077],[-75.39753,6.20077]],[[-75.43498,6.09587],[-75.43522,6.09595],[-75.4353,6.09569],[-75.43498,6.09587]],[[-75.46117,6.15705],[-75.46114,6.15763],[-75.4613,6.15714],[-75.46117,6.15705]],[[-75.39863,6.20055],[-75.39855,6.20081],[-75.39899,6.20052],[-75.39863,6.20055]],[[-75.46889,6.14458],[-75.46905,6.14469],[-75.46921,6.14438],[-75.46889,6.14458]],[[-75.3841,6.0866],[-75.38453,6.08668],[-75.3848,6.08651],[-75.3841,6.0866]],[[-75.4692,6.13023],[-75.46963,6.13031],[-75.46989,6.13014],[-75.4692,6.13023]],[[-75.4595,6.19047],[-75.45941,6.19087],[-75.45974,6.19108],[-75.4595,6.19047]],[[-75.43752,6.09067],[-75.43746,6.09081],[-75.43791,6.09077],[-75.43752,6.09067]],[[-75.39038,6.06497],[-75.38995,6.06466],[-75.39009,6.06487],[-75.39038,6.06497]],[[-75.46252,6.11328],[-75.46223,6.11321],[-75.46227,6.11364],[-75.46252,6.11328]],[[-75.47582,6.14952],[-75.4756,6.14897],[-75.47564,6.14944],[-75.47582,6.14952]],[[-75.37104,6.17957],[-75.37152,6.17974],[-75.37167,6.17949],[-75.37104,6.17957]],[[-75.44004,6.15847],[-75.43995,6.15895],[-75.44025,6.15852],[-75.44004,6.15847]],[[-75.39046,6.15339],[-75.39066,6.15325],[-75.39002,6.15322],[-75.39046,6.15339]],[[-75.3931,6.15297],[-75.39372,6.15327],[-75.3938,6.15312],[-75.3931,6.15297]],[[-75.42911,6.15894],[-75.42899,6.15943],[-75.42933,6.15911],[-75.42911,6.15894]],[[-75.38554,6.18373],[-75.38549,6.18405],[-75.38576,6.18379],[-75.38554,6.18373]],[[-75.4328,6.10519],[-75.43249,6.10515],[-75.43256,6.10542],[-75.4328,6.10519]],[[-75.45542,6.13504],[-75.45572,6.13492],[-75.4555,6.13483],[-75.45542,6.13504]],[[-75.47282,6.12186],[-75.47276,6.122],[-75.47367,6.122],[-75.47282,6.12186]],[[-75.47218,6.13155],[-75.4723,6.13176],[-75.47252,6.13147],[-75.47218,6.13155]],[[-75.44057,6.07659],[-75.4401,6.07656],[-75.44012,6.07672],[-75.44057,6.07659]],[[-75.41402,6.08684],[-75.41403,6.08702],[-75.41439,6.08684],[-75.41402,6.08684]],[[-75.45931,6.10273],[-75.45949,6.10273],[-75.45949,6.10237],[-75.45931,6.10273]],[[-75.44178,6.09834],[-75.44158,6.09865],[-75.44218,6.09839],[-75.44178,6.09834]],[[-75.46169,6.14919],[-75.4616,6.1494],[-75.462,6.14927],[-75.46169,6.14919]],[[-75.44971,6.09127],[-75.44967,6.09204],[-75.44984,6.09138],[-75.44971,6.09127]],[[-75.47301,6.18707],[-75.47281,6.18704],[-75.47283,6.18738],[-75.47301,6.18707]],[[-75.40511,6.18187],[-75.40535,6.18209],[-75.40545,6.18179],[-75.40511,6.18187]],[[-75.46106,6.11656],[-75.4611,6.11723],[-75.46119,6.11666],[-75.46106,6.11656]],[[-75.44797,6.08825],[-75.4482,6.08832],[-75.44833,6.08805],[-75.44797,6.08825]],[[-75.46246,6.127],[-75.46268,6.12707],[-75.46275,6.12647],[-75.46246,6.127]],[[-75.47514,6.17373],[-75.47526,6.17423],[-75.47534,6.17365],[-75.47514,6.17373]],[[-75.47118,6.14434],[-75.47122,6.14454],[-75.47172,6.14467],[-75.47118,6.14434]],[[-75.3963,6.19813],[-75.39668,6.1982],[-75.3969,6.19802],[-75.3963,6.19813]],[[-75.47815,6.17422],[-75.47823,6.17378],[-75.47807,6.17387],[-75.47815,6.17422]],[[-75.43854,6.09322],[-75.43864,6.09301],[-75.43828,6.09289],[-75.43854,6.09322]],[[-75.43779,6.20024],[-75.43761,6.20053],[-75.43824,6.20028],[-75.43779,6.20024]],[[-75.47416,6.14444],[-75.4748,6.14431],[-75.474,6.14433],[-75.47416,6.14444]],[[-75.3735,6.17436],[-75.37338,6.1747],[-75.37382,6.17462],[-75.3735,6.17436]],[[-75.45024,6.07266],[-75.45002,6.0722],[-75.45006,6.07276],[-75.45024,6.07266]],[[-75.42614,6.18937],[-75.42624,6.18963],[-75.42641,6.18913],[-75.42614,6.18937]],[[-75.44038,6.19177],[-75.44033,6.19156],[-75.43998,6.19164],[-75.44038,6.19177]],[[-75.46358,6.12522],[-75.46373,6.12554],[-75.46389,6.12511],[-75.46358,6.12522]],[[-75.44887,6.09301],[-75.44919,6.09232],[-75.44903,6.09224],[-75.44887,6.09301]],[[-75.4309,6.17841],[-75.43033,6.17838],[-75.43037,6.17859],[-75.4309,6.17841]],[[-75.44845,6.10384],[-75.4486,6.10397],[-75.44905,6.10371],[-75.44845,6.10384]],[[-75.39962,6.07546],[-75.39975,6.07596],[-75.39993,6.07552],[-75.39962,6.07546]],[[-75.46077,6.11973],[-75.46111,6.11958],[-75.46038,6.1196],[-75.46077,6.11973]],[[-75.46804,6.12476],[-75.46801,6.12525],[-75.46822,6.12487],[-75.46804,6.12476]],[[-75.43206,6.16605],[-75.43156,6.16563],[-75.43168,6.16602],[-75.43206,6.16605]],[[-75.43456,6.07479],[-75.43467,6.07499],[-75.43498,6.07438],[-75.43456,6.07479]],[[-75.43426,6.10119],[-75.43445,6.10129],[-75.43468,6.10078],[-75.43426,6.10119]],[[-75.4524,6.0943],[-75.4523,6.09458],[-75.45281,6.09491],[-75.4524,6.0943]],[[-75.47937,6.19919],[-75.47907,6.19904],[-75.4791,6.19937],[-75.47937,6.19919]],[[-75.44349,6.10146],[-75.4438,6.10153],[-75.44416,6.10136],[-75.44349,6.10146]],[[-75.44235,6.20025],[-75.44195,6.20014],[-75.44202,6.20052],[-75.44235,6.20025]],[[-75.4302,6.19111],[-75.43057,6.19143],[-75.43043,6.19098],[-75.4302,6.19111]],[[-75.39962,6.15686],[-75.39982,6.15698],[-75.39996,6.1561],[-75.39962,6.15686]],[[-75.44606,6.18186],[-75.44633,6.18186],[-75.44633,6.18159],[-75.44606,6.18186]],[[-75.45649,6.13085],[-75.45676,6.13085],[-75.45676,6.13058],[-75.45649,6.13085]],[[-75.4528,6.11906],[-75.45231,6.11902],[-75.45236,6.11932],[-75.4528,6.11906]],[[-75.44977,6.10766],[-75.44957,6.107],[-75.44961,6.10769],[-75.44977,6.10766]],[[-75.4673,6.18379],[-75.46693,6.18353],[-75.46696,6.18377],[-75.4673,6.18379]],[[-75.45954,6.10556],[-75.45932,6.1049],[-75.45936,6.10542],[-75.45954,6.10556]],[[-75.3975,6.06561],[-75.398,6.06604],[-75.39812,6.06578],[-75.3975,6.06561]],[[-75.44165,6.10488],[-75.44122,6.10488],[-75.44135,6.10512],[-75.44165,6.10488]],[[-75.42894,6.06915],[-75.42908,6.0693],[-75.42928,6.06891],[-75.42894,6.06915]],[[-75.44511,6.10298],[-75.44544,6.10319],[-75.44544,6.10273],[-75.44511,6.10298]],[[-75.44879,6.1541],[-75.44886,6.1545],[-75.44904,6.15413],[-75.44879,6.1541]],[[-75.47385,6.14639],[-75.47382,6.14622],[-75.47333,6.14629],[-75.47385,6.14639]],[[-75.43356,6.18473],[-75.43398,6.18483],[-75.43376,6.18448],[-75.43356,6.18473]],[[-75.37651,6.17286],[-75.37679,6.17243],[-75.37643,6.17242],[-75.37651,6.17286]],[[-75.4601,6.11506],[-75.45952,6.11502],[-75.45972,6.1153],[-75.4601,6.11506]],[[-75.41301,6.09432],[-75.41293,6.09464],[-75.41343,6.09528],[-75.41301,6.09432]],[[-75.46699,6.13751],[-75.46689,6.13772],[-75.46756,6.13755],[-75.46699,6.13751]],[[-75.44045,6.15527],[-75.44121,6.15578],[-75.44114,6.15561],[-75.44045,6.15527]],[[-75.46242,6.10485],[-75.46203,6.1048],[-75.46208,6.10521],[-75.46242,6.10485]],[[-75.38381,6.20167],[-75.38445,6.2012],[-75.38401,6.20126],[-75.38381,6.20167]],[[-75.43044,6.08858],[-75.43069,6.08873],[-75.43077,6.08838],[-75.43044,6.08858]],[[-75.47365,6.15101],[-75.47326,6.15097],[-75.4733,6.15118],[-75.47365,6.15101]],[[-75.47105,6.12361],[-75.47047,6.12358],[-75.47055,6.12372],[-75.47105,6.12361]],[[-75.4734,6.12472],[-75.4731,6.12457],[-75.47313,6.12501],[-75.4734,6.12472]],[[-75.4412,6.08491],[-75.44169,6.08476],[-75.44135,6.08455],[-75.4412,6.08491]],[[-75.3886,6.09428],[-75.38821,6.09405],[-75.38825,6.09434],[-75.3886,6.09428]],[[-75.41569,6.08915],[-75.41529,6.08892],[-75.41533,6.08921],[-75.41569,6.08915]],[[-75.47416,6.15507],[-75.47372,6.15467],[-75.47391,6.15492],[-75.47416,6.15507]],[[-75.43754,6.1002],[-75.43747,6.09988],[-75.43721,6.10004],[-75.43754,6.1002]],[[-75.38342,6.20354],[-75.3832,6.20382],[-75.38382,6.2037],[-75.38342,6.20354]],[[-75.47348,6.14408],[-75.4736,6.14422],[-75.4738,6.14362],[-75.47348,6.14408]],[[-75.45191,6.17374],[-75.45234,6.17384],[-75.45229,6.17361],[-75.45191,6.17374]],[[-75.46237,6.12475],[-75.46283,6.12481],[-75.46292,6.12463],[-75.46237,6.12475]],[[-75.47221,6.15431],[-75.47191,6.15422],[-75.47197,6.15457],[-75.47221,6.15431]],[[-75.38528,6.07498],[-75.38506,6.07532],[-75.3855,6.07504],[-75.38528,6.07498]],[[-75.39843,6.09758],[-75.39824,6.09761],[-75.39872,6.09821],[-75.39843,6.09758]],[[-75.448,6.19994],[-75.448,6.20039],[-75.44818,6.19994],[-75.448,6.19994]],[[-75.48194,6.18112],[-75.48146,6.18087],[-75.48149,6.18112],[-75.48194,6.18112]],[[-75.42934,6.19064],[-75.43011,6.19098],[-75.43021,6.1908],[-75.42934,6.19064]],[[-75.45123,6.10133],[-75.4513,6.10089],[-75.45106,6.10097],[-75.45123,6.10133]],[[-75.45626,6.14794],[-75.45649,6.14777],[-75.45604,6.14762],[-75.45626,6.14794]],[[-75.44246,6.16569],[-75.443,6.16557],[-75.44308,6.1653],[-75.44246,6.16569]],[[-75.44432,6.07233],[-75.44455,6.07252],[-75.44464,6.07212],[-75.44432,6.07233]],[[-75.42884,6.06675],[-75.42919,6.06656],[-75.42864,6.06661],[-75.42884,6.06675]],[[-75.44193,6.1748],[-75.44201,6.1745],[-75.4416,6.17457],[-75.44193,6.1748]],[[-75.40309,6.09716],[-75.40342,6.0973],[-75.40361,6.09704],[-75.40309,6.09716]],[[-75.42682,6.15963],[-75.42739,6.15971],[-75.42787,6.15928],[-75.42682,6.15963]],[[-75.44786,6.10977],[-75.44842,6.10984],[-75.44853,6.10962],[-75.44786,6.10977]],[[-75.44206,6.09896],[-75.44231,6.0991],[-75.44245,6.09876],[-75.44206,6.09896]],[[-75.45929,6.11207],[-75.45975,6.11217],[-75.45974,6.11193],[-75.45929,6.11207]],[[-75.39765,6.07919],[-75.39739,6.07875],[-75.39742,6.07937],[-75.39765,6.07919]],[[-75.43798,6.09419],[-75.43827,6.09412],[-75.43837,6.09365],[-75.43798,6.09419]],[[-75.46852,6.15141],[-75.46902,6.15192],[-75.46913,6.15168],[-75.46852,6.15141]],[[-75.4738,6.15115],[-75.47387,6.15173],[-75.47402,6.15134],[-75.4738,6.15115]],[[-75.44862,6.20133],[-75.44895,6.2015],[-75.44903,6.20126],[-75.44862,6.20133]],[[-75.46538,6.1776],[-75.46521,6.17721],[-75.46487,6.17726],[-75.46538,6.1776]],[[-75.39046,6.21113],[-75.39118,6.21052],[-75.39098,6.21044],[-75.39046,6.21113]],[[-75.4714,6.13163],[-75.47127,6.13196],[-75.47162,6.13181],[-75.4714,6.13163]],[[-75.37456,6.16962],[-75.37506,6.16969],[-75.37515,6.16949],[-75.37456,6.16962]],[[-75.44068,6.16371],[-75.44056,6.16401],[-75.44099,6.16376],[-75.44068,6.16371]],[[-75.46916,6.17448],[-75.46942,6.17497],[-75.46956,6.17479],[-75.46916,6.17448]],[[-75.40643,6.17938],[-75.40594,6.17934],[-75.40607,6.17958],[-75.40643,6.17938]],[[-75.42342,6.18622],[-75.42378,6.1863],[-75.42388,6.18604],[-75.42342,6.18622]],[[-75.47514,6.14639],[-75.47478,6.14599],[-75.47483,6.14629],[-75.47514,6.14639]],[[-75.44537,6.14533],[-75.44497,6.14489],[-75.44504,6.14528],[-75.44537,6.14533]],[[-75.4458,6.09014],[-75.44618,6.09006],[-75.44626,6.08962],[-75.4458,6.09014]],[[-75.479,6.19494],[-75.47915,6.19501],[-75.47928,6.19443],[-75.479,6.19494]],[[-75.45651,6.11651],[-75.45619,6.11648],[-75.45623,6.11697],[-75.45651,6.11651]],[[-75.3849,6.18964],[-75.38569,6.18943],[-75.38577,6.18905],[-75.3849,6.18964]],[[-75.45441,6.1987],[-75.45405,6.19811],[-75.4541,6.19852],[-75.45441,6.1987]],[[-75.40711,6.09123],[-75.40702,6.09088],[-75.40676,6.09109],[-75.40711,6.09123]],[[-75.37685,6.17409],[-75.37706,6.17396],[-75.37669,6.17369],[-75.37685,6.17409]],[[-75.4123,6.09016],[-75.41278,6.09058],[-75.41261,6.09023],[-75.4123,6.09016]],[[-75.4747,6.15006],[-75.47455,6.15046],[-75.47509,6.1501],[-75.4747,6.15006]],[[-75.44943,6.10967],[-75.44912,6.10963],[-75.44916,6.11004],[-75.44943,6.10967]],[[-75.45623,6.12013],[-75.45632,6.11977],[-75.45597,6.11994],[-75.45623,6.12013]],[[-75.42994,6.09476],[-75.42981,6.0951],[-75.43025,6.09481],[-75.42994,6.09476]],[[-75.44012,6.1475],[-75.44077,6.14748],[-75.44031,6.1474],[-75.44012,6.1475]],[[-75.39208,6.09885],[-75.39276,6.09825],[-75.39219,6.09862],[-75.39208,6.09885]],[[-75.45006,6.17176],[-75.45031,6.17185],[-75.45044,6.17147],[-75.45006,6.17176]],[[-75.39364,6.081],[-75.39342,6.08093],[-75.39347,6.0816],[-75.39364,6.081]],[[-75.46089,6.15791],[-75.46045,6.15733],[-75.46049,6.15761],[-75.46089,6.15791]],[[-75.43881,6.1116],[-75.43895,6.11185],[-75.43912,6.11124],[-75.43881,6.1116]],[[-75.42287,6.1941],[-75.42276,6.19443],[-75.42335,6.19391],[-75.42287,6.1941]],[[-75.47158,6.15273],[-75.47091,6.15269],[-75.47114,6.15299],[-75.47158,6.15273]],[[-75.46371,6.15486],[-75.46297,6.1547],[-75.46299,6.15486],[-75.46371,6.15486]],[[-75.45926,6.15247],[-75.45965,6.15257],[-75.45975,6.15231],[-75.45926,6.15247]],[[-75.44331,6.14479],[-75.44342,6.14507],[-75.4436,6.14463],[-75.44331,6.14479]],[[-75.45862,6.11295],[-75.45887,6.11307],[-75.45919,6.1128],[-75.45862,6.11295]],[[-75.40981,6.07372],[-75.4102,6.07456],[-75.41059,6.07468],[-75.40981,6.07372]],[[-75.4593,6.11577],[-75.45938,6.11551],[-75.45865,6.11554],[-75.4593,6.11577]],[[-75.4062,6.07094],[-75.4065,6.07108],[-75.40662,6.07064],[-75.4062,6.07094]],[[-75.4239,6.14752],[-75.42439,6.1476],[-75.4246,6.14735],[-75.4239,6.14752]],[[-75.44235,6.15776],[-75.44285,6.15795],[-75.44295,6.15753],[-75.44235,6.15776]],[[-75.4726,6.1502],[-75.47296,6.15027],[-75.4731,6.15001],[-75.4726,6.1502]],[[-75.44767,6.08998],[-75.44709,6.08983],[-75.44719,6.09023],[-75.44767,6.08998]],[[-75.48191,6.17987],[-75.48183,6.18019],[-75.48231,6.18014],[-75.48191,6.17987]],[[-75.39886,6.09869],[-75.39951,6.09935],[-75.40008,6.09965],[-75.39886,6.09869]],[[-75.38588,6.189],[-75.38648,6.18819],[-75.3864,6.18795],[-75.38588,6.189]],[[-75.41496,6.08905],[-75.41466,6.08838],[-75.41474,6.08869],[-75.41496,6.08905]],[[-75.46241,6.12576],[-75.46252,6.126],[-75.46328,6.12529],[-75.46241,6.12576]],[[-75.39679,6.07932],[-75.39658,6.07882],[-75.39634,6.07889],[-75.39679,6.07932]],[[-75.4425,6.16922],[-75.44284,6.16896],[-75.44277,6.16864],[-75.4425,6.16922]],[[-75.43818,6.15143],[-75.4384,6.15155],[-75.43885,6.15128],[-75.43818,6.15143]],[[-75.46052,6.11484],[-75.46045,6.1156],[-75.46073,6.11489],[-75.46052,6.11484]],[[-75.43905,6.1466],[-75.43865,6.14654],[-75.43869,6.14686],[-75.43905,6.1466]],[[-75.43533,6.15685],[-75.43482,6.15726],[-75.43555,6.15699],[-75.43533,6.15685]],[[-75.44833,6.19958],[-75.44859,6.19952],[-75.44867,6.19894],[-75.44833,6.19958]],[[-75.45014,6.15449],[-75.45008,6.15399],[-75.44982,6.15415],[-75.45014,6.15449]],[[-75.45808,6.13575],[-75.45741,6.13564],[-75.45758,6.13586],[-75.45808,6.13575]],[[-75.45834,6.15495],[-75.45912,6.155],[-75.45921,6.15469],[-75.45834,6.15495]],[[-75.39678,6.20043],[-75.3966,6.20083],[-75.39709,6.20048],[-75.39678,6.20043]],[[-75.44044,6.06488],[-75.44065,6.06458],[-75.44022,6.06468],[-75.44044,6.06488]],[[-75.43545,6.11073],[-75.43587,6.11067],[-75.43607,6.1103],[-75.43545,6.11073]],[[-75.46853,6.14085],[-75.46832,6.1414],[-75.46875,6.14091],[-75.46853,6.14085]],[[-75.44128,6.18685],[-75.44106,6.1872],[-75.44159,6.1869],[-75.44128,6.18685]],[[-75.40328,6.06698],[-75.40352,6.06711],[-75.40381,6.06674],[-75.40328,6.06698]],[[-75.45951,6.19199],[-75.45963,6.19174],[-75.45899,6.19179],[-75.45951,6.19199]],[[-75.44862,6.20398],[-75.44903,6.20403],[-75.4493,6.20376],[-75.44862,6.20398]],[[-75.47073,6.16065],[-75.4704,6.1607],[-75.47077,6.16113],[-75.47073,6.16065]],[[-75.4432,6.07226],[-75.44318,6.07261],[-75.44365,6.07231],[-75.4432,6.07226]],[[-75.48105,6.18136],[-75.48092,6.1806],[-75.48098,6.18108],[-75.48105,6.18136]],[[-75.43453,6.14641],[-75.43431,6.14628],[-75.43435,6.1472],[-75.43453,6.14641]],[[-75.41484,6.0815],[-75.41499,6.08182],[-75.41523,6.08142],[-75.41484,6.0815]],[[-75.4334,6.1577],[-75.43465,6.15741],[-75.43446,6.15726],[-75.4334,6.1577]],[[-75.44564,6.15506],[-75.44517,6.15438],[-75.44526,6.15484],[-75.44564,6.15506]],[[-75.44238,6.09677],[-75.44285,6.09713],[-75.4437,6.0972],[-75.44238,6.09677]],[[-75.44688,6.17093],[-75.44657,6.17083],[-75.4467,6.17142],[-75.44688,6.17093]],[[-75.46103,6.1036],[-75.46021,6.10404],[-75.46059,6.10411],[-75.46103,6.1036]],[[-75.37385,6.18225],[-75.37464,6.18123],[-75.37434,6.18129],[-75.37385,6.18225]],[[-75.47057,6.14739],[-75.46972,6.14736],[-75.4698,6.1475],[-75.47057,6.14739]],[[-75.47451,6.13363],[-75.4739,6.1334],[-75.47468,6.13409],[-75.47451,6.13363]],[[-75.44654,6.10874],[-75.44596,6.10801],[-75.446,6.10833],[-75.44654,6.10874]],[[-75.45333,6.19875],[-75.453,6.19888],[-75.45373,6.19897],[-75.45333,6.19875]],[[-75.44398,6.10206],[-75.44388,6.10163],[-75.44352,6.10175],[-75.44398,6.10206]],[[-75.44224,6.15401],[-75.44244,6.15416],[-75.44269,6.15361],[-75.44224,6.15401]],[[-75.37559,6.16952],[-75.37579,6.16937],[-75.37535,6.1687],[-75.37559,6.16952]],[[-75.46203,6.14019],[-75.46251,6.14043],[-75.46243,6.14002],[-75.46203,6.14019]],[[-75.4811,6.17996],[-75.48099,6.18023],[-75.48159,6.18029],[-75.4811,6.17996]],[[-75.43018,6.067],[-75.4296,6.06673],[-75.42967,6.067],[-75.43018,6.067]],[[-75.38862,6.06736],[-75.38917,6.06759],[-75.38909,6.06724],[-75.38862,6.06736]],[[-75.45553,6.09908],[-75.45585,6.09925],[-75.456,6.09876],[-75.45553,6.09908]],[[-75.43269,6.08981],[-75.43284,6.09],[-75.43331,6.08965],[-75.43269,6.08981]],[[-75.4288,6.07216],[-75.42844,6.07283],[-75.42897,6.07221],[-75.4288,6.07216]],[[-75.47106,6.14687],[-75.4716,6.14725],[-75.47147,6.14678],[-75.47106,6.14687]],[[-75.3968,6.07131],[-75.39706,6.07145],[-75.39722,6.07086],[-75.3968,6.07131]],[[-75.45605,6.13519],[-75.45602,6.13586],[-75.45627,6.13537],[-75.45605,6.13519]],[[-75.39377,6.07889],[-75.3935,6.07803],[-75.39355,6.0786],[-75.39377,6.07889]],[[-75.43007,6.06768],[-75.42994,6.06813],[-75.43064,6.06761],[-75.43007,6.06768]],[[-75.43771,6.14761],[-75.43793,6.14793],[-75.43839,6.14749],[-75.43771,6.14761]],[[-75.47108,6.14736],[-75.47041,6.14779],[-75.47133,6.1474],[-75.47108,6.14736]],[[-75.46865,6.1329],[-75.46913,6.13303],[-75.46939,6.13268],[-75.46865,6.1329]],[[-75.46071,6.11931],[-75.461,6.11946],[-75.46095,6.11885],[-75.46071,6.11931]],[[-75.45734,6.12619],[-75.45733,6.12691],[-75.45756,6.12603],[-75.45734,6.12619]],[[-75.3926,6.07695],[-75.39261,6.07771],[-75.39282,6.07701],[-75.3926,6.07695]],[[-75.46246,6.11722],[-75.46224,6.11601],[-75.46227,6.11661],[-75.46246,6.11722]],[[-75.38638,6.08303],[-75.38663,6.08333],[-75.38678,6.08281],[-75.38638,6.08303]],[[-75.4654,6.16006],[-75.46582,6.15989],[-75.46528,6.15958],[-75.4654,6.16006]],[[-75.43313,6.15652],[-75.43354,6.15663],[-75.4337,6.15627],[-75.43313,6.15652]],[[-75.44219,6.192],[-75.44278,6.19186],[-75.44182,6.19174],[-75.44219,6.192]],[[-75.47033,6.14254],[-75.4706,6.14269],[-75.47049,6.14216],[-75.47033,6.14254]],[[-75.37148,6.1748],[-75.37139,6.17503],[-75.37218,6.17453],[-75.37148,6.1748]],[[-75.39596,6.07527],[-75.39679,6.0755],[-75.39636,6.07518],[-75.39596,6.07527]],[[-75.4607,6.12413],[-75.46045,6.12406],[-75.46049,6.12483],[-75.4607,6.12413]],[[-75.44818,6.17675],[-75.44857,6.17683],[-75.4487,6.17648],[-75.44818,6.17675]],[[-75.40765,6.07451],[-75.40845,6.07426],[-75.40856,6.07371],[-75.40765,6.07451]],[[-75.47822,6.1749],[-75.47792,6.17482],[-75.47797,6.1752],[-75.47822,6.1749]],[[-75.47906,6.1776],[-75.47802,6.17744],[-75.47814,6.17758],[-75.47906,6.1776]],[[-75.4698,6.14022],[-75.4694,6.14082],[-75.47002,6.14028],[-75.4698,6.14022]],[[-75.47185,6.15491],[-75.47249,6.15492],[-75.47224,6.15471],[-75.47185,6.15491]],[[-75.46304,6.15726],[-75.4633,6.15736],[-75.46346,6.15674],[-75.46304,6.15726]],[[-75.48174,6.19705],[-75.482,6.19699],[-75.48208,6.1965],[-75.48174,6.19705]],[[-75.40223,6.07688],[-75.40214,6.07625],[-75.40194,6.07625],[-75.40223,6.07688]],[[-75.43492,6.15854],[-75.43425,6.1583],[-75.43429,6.15854],[-75.43492,6.15854]],[[-75.4595,6.17355],[-75.45868,6.17306],[-75.45903,6.17344],[-75.4595,6.17355]],[[-75.38954,6.18622],[-75.38958,6.18638],[-75.39037,6.18613],[-75.38954,6.18622]],[[-75.40468,6.18206],[-75.40457,6.18182],[-75.40418,6.18196],[-75.40468,6.18206]],[[-75.44876,6.2023],[-75.44837,6.2022],[-75.44841,6.20264],[-75.44876,6.2023]],[[-75.44301,6.1821],[-75.44329,6.18218],[-75.44348,6.18174],[-75.44301,6.1821]],[[-75.46927,6.12528],[-75.46958,6.12522],[-75.4697,6.12458],[-75.46927,6.12528]],[[-75.44261,6.09855],[-75.44327,6.0986],[-75.44236,6.0983],[-75.44261,6.09855]],[[-75.36948,6.16999],[-75.36939,6.17036],[-75.37001,6.17079],[-75.36948,6.16999]],[[-75.39562,6.0683],[-75.39596,6.06839],[-75.39622,6.06804],[-75.39562,6.0683]],[[-75.43283,6.15332],[-75.43189,6.15279],[-75.43207,6.15304],[-75.43283,6.15332]],[[-75.44943,6.17544],[-75.44983,6.17538],[-75.45017,6.17494],[-75.44943,6.17544]],[[-75.4694,6.17427],[-75.4699,6.17452],[-75.46976,6.17407],[-75.4694,6.17427]],[[-75.47089,6.18375],[-75.4706,6.18406],[-75.47129,6.18481],[-75.47089,6.18375]],[[-75.47339,6.14709],[-75.47446,6.14706],[-75.47375,6.14686],[-75.47339,6.14709]],[[-75.47398,6.14648],[-75.47482,6.14673],[-75.47438,6.14632],[-75.47398,6.14648]],[[-75.45779,6.12872],[-75.45712,6.12868],[-75.45718,6.1289],[-75.45779,6.12872]],[[-75.45786,6.19111],[-75.45737,6.19042],[-75.45742,6.19091],[-75.45786,6.19111]],[[-75.37512,6.16925],[-75.37475,6.16821],[-75.37481,6.16886],[-75.37512,6.16925]],[[-75.39166,6.16152],[-75.39109,6.16094],[-75.39117,6.16141],[-75.39166,6.16152]],[[-75.44347,6.13539],[-75.44386,6.13563],[-75.44399,6.13515],[-75.44347,6.13539]],[[-75.43056,6.06693],[-75.43084,6.06675],[-75.43099,6.06609],[-75.43056,6.06693]],[[-75.46858,6.12589],[-75.46888,6.12597],[-75.46943,6.12545],[-75.46858,6.12589]],[[-75.45042,6.10884],[-75.44966,6.10863],[-75.4497,6.10888],[-75.45042,6.10884]],[[-75.47394,6.15089],[-75.47447,6.151],[-75.47426,6.15049],[-75.47394,6.15089]],[[-75.39018,6.09998],[-75.38964,6.10022],[-75.39033,6.10058],[-75.39018,6.09998]],[[-75.44646,6.0981],[-75.44629,6.09743],[-75.44635,6.09783],[-75.44646,6.0981]],[[-75.37519,6.17007],[-75.37543,6.17052],[-75.37597,6.1704],[-75.37519,6.17007]],[[-75.47593,6.18693],[-75.47736,6.18689],[-75.47658,6.1868],[-75.47593,6.18693]],[[-75.40383,6.06981],[-75.40446,6.06991],[-75.40445,6.06961],[-75.40383,6.06981]],[[-75.44672,6.1813],[-75.44661,6.18098],[-75.44611,6.18109],[-75.44672,6.1813]],[[-75.46602,6.12621],[-75.46626,6.12643],[-75.46681,6.1259],[-75.46602,6.12621]],[[-75.38253,6.18906],[-75.38394,6.18994],[-75.38442,6.18994],[-75.38253,6.18906]],[[-75.46127,6.19556],[-75.46078,6.19594],[-75.46176,6.19561],[-75.46127,6.19556]],[[-75.4708,6.15402],[-75.47177,6.15442],[-75.47106,6.15409],[-75.4708,6.15402]],[[-75.40703,6.17943],[-75.40649,6.17934],[-75.40653,6.17968],[-75.40703,6.17943]],[[-75.45487,6.09714],[-75.45411,6.09757],[-75.45513,6.09728],[-75.45487,6.09714]],[[-75.44114,6.15291],[-75.44083,6.15286],[-75.44087,6.15354],[-75.44114,6.15291]],[[-75.39516,6.20016],[-75.3945,6.20048],[-75.39574,6.20021],[-75.39516,6.20016]],[[-75.4431,6.19046],[-75.44283,6.19096],[-75.44338,6.19061],[-75.4431,6.19046]],[[-75.4825,6.18063],[-75.48178,6.18051],[-75.48222,6.18096],[-75.4825,6.18063]],[[-75.45764,6.10355],[-75.45664,6.10359],[-75.45731,6.10374],[-75.45764,6.10355]],[[-75.47296,6.12589],[-75.47231,6.12608],[-75.47261,6.12642],[-75.47296,6.12589]],[[-75.43285,6.08916],[-75.43253,6.08954],[-75.43386,6.08903],[-75.43285,6.08916]],[[-75.44734,6.19036],[-75.4473,6.19094],[-75.44764,6.19043],[-75.44734,6.19036]],[[-75.46537,6.15916],[-75.46548,6.15808],[-75.46529,6.15829],[-75.46537,6.15916]],[[-75.44151,6.16059],[-75.44197,6.16043],[-75.44188,6.16005],[-75.44151,6.16059]],[[-75.46046,6.1388],[-75.46085,6.13892],[-75.46082,6.13838],[-75.46046,6.1388]],[[-75.46613,6.19242],[-75.46586,6.19139],[-75.46597,6.19202],[-75.46613,6.19242]],[[-75.45234,6.13137],[-75.45151,6.1318],[-75.45345,6.13207],[-75.45234,6.13137]],[[-75.44496,6.18],[-75.44568,6.17984],[-75.4454,6.17965],[-75.44496,6.18]],[[-75.43984,6.16024],[-75.44021,6.1605],[-75.44072,6.16031],[-75.43984,6.16024]],[[-75.46242,6.1749],[-75.46163,6.17492],[-75.46278,6.17536],[-75.46242,6.1749]],[[-75.44238,6.10606],[-75.44171,6.10558],[-75.44201,6.10615],[-75.44238,6.10606]],[[-75.45068,6.17217],[-75.44974,6.172],[-75.44997,6.1723],[-75.45068,6.17217]],[[-75.45995,6.11586],[-75.46021,6.11605],[-75.46028,6.1152],[-75.45995,6.11586]],[[-75.44206,6.19121],[-75.44253,6.19132],[-75.44272,6.19088],[-75.44206,6.19121]],[[-75.48052,6.18127],[-75.48069,6.18097],[-75.48016,6.181],[-75.48052,6.18127]],[[-75.44019,6.20063],[-75.44079,6.20072],[-75.44126,6.19994],[-75.44019,6.20063]],[[-75.46931,6.14704],[-75.46864,6.14655],[-75.46885,6.14713],[-75.46931,6.14704]],[[-75.45295,6.14705],[-75.45322,6.14671],[-75.45278,6.14646],[-75.45295,6.14705]],[[-75.40427,6.09013],[-75.40449,6.09041],[-75.40492,6.08988],[-75.40427,6.09013]],[[-75.43636,6.11217],[-75.43665,6.11231],[-75.43715,6.11187],[-75.43636,6.11217]],[[-75.39404,6.0755],[-75.39361,6.07591],[-75.39431,6.07563],[-75.39404,6.0755]],[[-75.43997,6.07605],[-75.44022,6.07642],[-75.44039,6.07562],[-75.43997,6.07605]],[[-75.45825,6.1526],[-75.45925,6.15339],[-75.45886,6.15285],[-75.45825,6.1526]],[[-75.43506,6.09504],[-75.43453,6.09532],[-75.43648,6.09524],[-75.43506,6.09504]],[[-75.45718,6.09985],[-75.45633,6.09938],[-75.45597,6.09943],[-75.45718,6.09985]],[[-75.45876,6.15368],[-75.458,6.15336],[-75.45804,6.15365],[-75.45876,6.15368]],[[-75.38203,6.15328],[-75.38187,6.15386],[-75.38234,6.15333],[-75.38203,6.15328]],[[-75.45858,6.19498],[-75.45878,6.19466],[-75.45817,6.19454],[-75.45858,6.19498]],[[-75.4453,6.09021],[-75.44581,6.09],[-75.44507,6.08993],[-75.4453,6.09021]],[[-75.40009,6.15697],[-75.40032,6.15715],[-75.40095,6.156],[-75.40009,6.15697]],[[-75.44582,6.07933],[-75.44516,6.07926],[-75.44587,6.0799],[-75.44582,6.07933]],[[-75.43484,6.15571],[-75.43519,6.15545],[-75.43464,6.1551],[-75.43484,6.15571]],[[-75.44202,6.17144],[-75.44142,6.17076],[-75.44146,6.17109],[-75.44202,6.17144]],[[-75.46864,6.12996],[-75.46882,6.1298],[-75.46829,6.12944],[-75.46864,6.12996]],[[-75.45648,6.1386],[-75.45666,6.13876],[-75.45764,6.13831],[-75.45648,6.1386]],[[-75.44434,6.13346],[-75.44468,6.13361],[-75.44517,6.13291],[-75.44434,6.13346]],[[-75.46447,6.12421],[-75.46444,6.12463],[-75.46503,6.12382],[-75.46447,6.12421]],[[-75.46771,6.11929],[-75.46853,6.11938],[-75.46878,6.11912],[-75.46771,6.11929]],[[-75.45767,6.11353],[-75.4579,6.1138],[-75.45802,6.11287],[-75.45767,6.11353]],[[-75.45858,6.11429],[-75.45874,6.11443],[-75.45876,6.11335],[-75.45858,6.11429]],[[-75.46409,6.15218],[-75.46439,6.15239],[-75.46472,6.15192],[-75.46409,6.15218]],[[-75.44569,6.09462],[-75.44484,6.09445],[-75.44492,6.09492],[-75.44569,6.09462]],[[-75.44563,6.09213],[-75.44574,6.09232],[-75.44651,6.09141],[-75.44563,6.09213]],[[-75.43826,6.14781],[-75.43965,6.14906],[-75.44022,6.1491],[-75.43826,6.14781]],[[-75.37303,6.18136],[-75.3741,6.17987],[-75.37358,6.17995],[-75.37303,6.18136]],[[-75.43359,6.10589],[-75.43352,6.10531],[-75.43299,6.10538],[-75.43359,6.10589]],[[-75.36917,6.1698],[-75.3689,6.16892],[-75.36856,6.169],[-75.36917,6.1698]],[[-75.44823,6.09269],[-75.44858,6.09285],[-75.44885,6.09212],[-75.44823,6.09269]],[[-75.45637,6.1198],[-75.45657,6.12059],[-75.45713,6.12041],[-75.45637,6.1198]],[[-75.41461,6.08816],[-75.4155,6.08868],[-75.41502,6.08808],[-75.41461,6.08816]],[[-75.44943,6.09338],[-75.44985,6.0933],[-75.44993,6.09245],[-75.44943,6.09338]],[[-75.47372,6.19051],[-75.47381,6.18999],[-75.473,6.19032],[-75.47372,6.19051]],[[-75.4711,6.13183],[-75.47115,6.13102],[-75.47061,6.13106],[-75.4711,6.13183]],[[-75.46176,6.114],[-75.46182,6.11487],[-75.46209,6.11363],[-75.46176,6.114]],[[-75.47271,6.15393],[-75.47312,6.15368],[-75.47281,6.15336],[-75.47271,6.15393]],[[-75.46272,6.19113],[-75.46283,6.19171],[-75.46337,6.19091],[-75.46272,6.19113]],[[-75.36901,6.16665],[-75.3681,6.16592],[-75.3687,6.16687],[-75.36901,6.16665]],[[-75.46009,6.10263],[-75.46027,6.10296],[-75.4606,6.10243],[-75.46009,6.10263]],[[-75.44053,6.15471],[-75.44114,6.15488],[-75.44104,6.15438],[-75.44053,6.15471]],[[-75.4687,6.12255],[-75.46902,6.12345],[-75.46932,6.12307],[-75.4687,6.12255]],[[-75.38489,6.19775],[-75.38419,6.19726],[-75.3839,6.19735],[-75.38489,6.19775]],[[-75.44161,6.0751],[-75.44203,6.07505],[-75.44212,6.07454],[-75.44161,6.0751]],[[-75.45826,6.11503],[-75.45811,6.11526],[-75.4592,6.11506],[-75.45826,6.11503]],[[-75.43086,6.18357],[-75.43075,6.18217],[-75.43066,6.18286],[-75.43086,6.18357]],[[-75.45069,6.09178],[-75.45098,6.09176],[-75.45089,6.09063],[-75.45069,6.09178]],[[-75.46849,6.16065],[-75.46824,6.16159],[-75.4688,6.1607],[-75.46849,6.16065]],[[-75.47652,6.17433],[-75.47538,6.17446],[-75.47547,6.17486],[-75.47652,6.17433]],[[-75.46658,6.13033],[-75.46761,6.13065],[-75.46782,6.13028],[-75.46658,6.13033]],[[-75.44465,6.08048],[-75.44575,6.0805],[-75.44485,6.08012],[-75.44465,6.08048]],[[-75.40485,6.09917],[-75.40491,6.09944],[-75.40551,6.09885],[-75.40485,6.09917]],[[-75.41446,6.0877],[-75.41404,6.08717],[-75.41384,6.08793],[-75.41446,6.0877]],[[-75.40609,6.0931],[-75.40595,6.09342],[-75.40708,6.09314],[-75.40609,6.0931]],[[-75.40661,6.06821],[-75.40585,6.06797],[-75.40589,6.06835],[-75.40661,6.06821]],[[-75.44358,6.07296],[-75.44399,6.07325],[-75.44455,6.07267],[-75.44358,6.07296]],[[-75.39172,6.15999],[-75.39236,6.16047],[-75.39204,6.1598],[-75.39172,6.15999]],[[-75.40208,6.16332],[-75.40308,6.1643],[-75.40457,6.16509],[-75.40208,6.16332]],[[-75.43212,6.18654],[-75.4326,6.18727],[-75.43355,6.18774],[-75.43212,6.18654]],[[-75.46793,6.12191],[-75.4684,6.12218],[-75.4688,6.12167],[-75.46793,6.12191]],[[-75.40465,6.06969],[-75.40475,6.07004],[-75.40544,6.06955],[-75.40465,6.06969]],[[-75.36897,6.17855],[-75.36909,6.17882],[-75.37021,6.17751],[-75.36897,6.17855]],[[-75.45544,6.11748],[-75.4548,6.11784],[-75.45532,6.11798],[-75.45544,6.11748]],[[-75.45241,6.09625],[-75.45265,6.09609],[-75.45167,6.09564],[-75.45241,6.09625]],[[-75.44328,6.10644],[-75.44383,6.10685],[-75.44327,6.10581],[-75.44328,6.10644]],[[-75.46738,6.15609],[-75.46736,6.15547],[-75.46681,6.15555],[-75.46738,6.15609]],[[-75.40052,6.1575],[-75.40043,6.15779],[-75.40149,6.15703],[-75.40052,6.1575]],[[-75.43059,6.19334],[-75.43094,6.19451],[-75.43082,6.1931],[-75.43059,6.19334]],[[-75.45282,6.18786],[-75.45334,6.1873],[-75.45271,6.18714],[-75.45282,6.18786]],[[-75.40784,6.20804],[-75.40716,6.20865],[-75.40866,6.20884],[-75.40784,6.20804]],[[-75.4785,6.18715],[-75.47887,6.18629],[-75.47827,6.18626],[-75.4785,6.18715]],[[-75.42722,6.15835],[-75.42806,6.15897],[-75.42761,6.15813],[-75.42722,6.15835]],[[-75.42316,6.18684],[-75.42341,6.18768],[-75.42352,6.18681],[-75.42316,6.18684]],[[-75.45862,6.13713],[-75.4596,6.13766],[-75.45956,6.13703],[-75.45862,6.13713]],[[-75.42562,6.15143],[-75.42669,6.15309],[-75.42688,6.15232],[-75.42562,6.15143]],[[-75.44684,6.11171],[-75.44645,6.11096],[-75.44614,6.11197],[-75.44684,6.11171]],[[-75.43042,6.17937],[-75.43007,6.17955],[-75.43084,6.17997],[-75.43042,6.17937]],[[-75.45803,6.11834],[-75.45773,6.1181],[-75.45776,6.11957],[-75.45803,6.11834]],[[-75.44563,6.13243],[-75.44651,6.13137],[-75.44571,6.13183],[-75.44563,6.13243]],[[-75.4433,6.1084],[-75.44411,6.10866],[-75.44396,6.10821],[-75.4433,6.1084]],[[-75.47372,6.12226],[-75.47228,6.12222],[-75.47232,6.12245],[-75.47372,6.12226]],[[-75.42987,6.06639],[-75.43004,6.06678],[-75.43044,6.06563],[-75.42987,6.06639]],[[-75.45248,6.18609],[-75.45276,6.18686],[-75.4529,6.18569],[-75.45248,6.18609]],[[-75.46714,6.12996],[-75.46664,6.12897],[-75.46605,6.12903],[-75.46714,6.12996]],[[-75.44436,6.08161],[-75.44369,6.08206],[-75.44503,6.08166],[-75.44436,6.08161]],[[-75.43416,6.15907],[-75.43497,6.15951],[-75.43468,6.15897],[-75.43416,6.15907]],[[-75.40285,6.10549],[-75.40321,6.10589],[-75.4035,6.10499],[-75.40285,6.10549]],[[-75.42322,6.18924],[-75.42302,6.19008],[-75.42371,6.18928],[-75.42322,6.18924]],[[-75.4486,6.13049],[-75.44975,6.13145],[-75.44967,6.1311],[-75.4486,6.13049]],[[-75.46764,6.12758],[-75.46926,6.12698],[-75.46891,6.12698],[-75.46764,6.12758]],[[-75.46098,6.10413],[-75.46134,6.10521],[-75.46172,6.10412],[-75.46098,6.10413]],[[-75.4719,6.1514],[-75.47255,6.15162],[-75.4721,6.15086],[-75.4719,6.1514]],[[-75.45629,6.09908],[-75.4571,6.09936],[-75.45683,6.09879],[-75.45629,6.09908]],[[-75.44921,6.15486],[-75.45005,6.15476],[-75.44983,6.15432],[-75.44921,6.15486]],[[-75.46873,6.12453],[-75.46934,6.12393],[-75.46881,6.12345],[-75.46873,6.12453]],[[-75.4369,6.20031],[-75.43608,6.19988],[-75.43628,6.20028],[-75.4369,6.20031]],[[-75.44376,6.10765],[-75.4445,6.10823],[-75.44437,6.10741],[-75.44376,6.10765]],[[-75.46205,6.12806],[-75.46297,6.12797],[-75.46276,6.12717],[-75.46205,6.12806]],[[-75.46294,6.12489],[-75.46393,6.12499],[-75.46379,6.12423],[-75.46294,6.12489]],[[-75.40191,6.07002],[-75.40135,6.07136],[-75.40219,6.06998],[-75.40191,6.07002]],[[-75.44236,6.20069],[-75.44282,6.2009],[-75.44317,6.20041],[-75.44236,6.20069]],[[-75.42777,6.08602],[-75.42664,6.08561],[-75.42675,6.08631],[-75.42777,6.08602]],[[-75.40456,6.06654],[-75.40493,6.06711],[-75.40534,6.06613],[-75.40456,6.06654]],[[-75.46965,6.14362],[-75.46917,6.14275],[-75.46921,6.14394],[-75.46965,6.14362]],[[-75.44479,6.10427],[-75.44626,6.10449],[-75.44584,6.10416],[-75.44479,6.10427]],[[-75.43688,6.09901],[-75.43609,6.0989],[-75.43698,6.09966],[-75.43688,6.09901]],[[-75.47029,6.18275],[-75.46941,6.18295],[-75.47074,6.18337],[-75.47029,6.18275]],[[-75.39606,6.07373],[-75.3962,6.07229],[-75.3958,6.07265],[-75.39606,6.07373]],[[-75.42874,6.19104],[-75.42743,6.19241],[-75.42835,6.19246],[-75.42874,6.19104]],[[-75.44083,6.16516],[-75.44213,6.16581],[-75.44146,6.16465],[-75.44083,6.16516]],[[-75.42653,6.15964],[-75.42527,6.15987],[-75.42562,6.16037],[-75.42653,6.15964]],[[-75.44266,6.07555],[-75.44193,6.07569],[-75.44317,6.07613],[-75.44266,6.07555]],[[-75.47207,6.13012],[-75.47058,6.12973],[-75.4708,6.13012],[-75.47207,6.13012]],[[-75.42198,6.17986],[-75.42166,6.17927],[-75.42125,6.17963],[-75.42198,6.17986]],[[-75.42941,6.19235],[-75.42977,6.19406],[-75.42975,6.19212],[-75.42941,6.19235]],[[-75.45107,6.13535],[-75.45259,6.13759],[-75.45402,6.13777],[-75.45107,6.13535]],[[-75.47223,6.17678],[-75.47238,6.17788],[-75.47301,6.1777],[-75.47223,6.17678]],[[-75.40556,6.0681],[-75.40619,6.06765],[-75.40538,6.06759],[-75.40556,6.0681]],[[-75.43764,6.11302],[-75.43882,6.1126],[-75.43905,6.11206],[-75.43764,6.11302]],[[-75.46313,6.15963],[-75.46405,6.16012],[-75.46393,6.15954],[-75.46313,6.15963]],[[-75.43474,6.06994],[-75.4357,6.07014],[-75.43687,6.06938],[-75.43474,6.06994]],[[-75.45141,6.09196],[-75.45269,6.09366],[-75.45198,6.09219],[-75.45141,6.09196]],[[-75.39615,6.07218],[-75.39695,6.07165],[-75.39613,6.07154],[-75.39615,6.07218]],[[-75.46057,6.15031],[-75.4618,6.15068],[-75.46109,6.15007],[-75.46057,6.15031]],[[-75.46647,6.1265],[-75.46777,6.12706],[-75.46826,6.12664],[-75.46647,6.1265]],[[-75.44567,6.09051],[-75.44599,6.09084],[-75.44678,6.09005],[-75.44567,6.09051]],[[-75.44108,6.0889],[-75.44304,6.08914],[-75.44263,6.08863],[-75.44108,6.0889]],[[-75.43344,6.15938],[-75.43502,6.15992],[-75.43383,6.15917],[-75.43344,6.15938]],[[-75.44395,6.07471],[-75.44456,6.07525],[-75.44483,6.07406],[-75.44395,6.07471]],[[-75.43789,6.18513],[-75.4387,6.18582],[-75.44123,6.18656],[-75.43789,6.18513]],[[-75.43627,6.20648],[-75.43608,6.20797],[-75.43666,6.2063],[-75.43627,6.20648]],[[-75.44719,6.10679],[-75.44664,6.10691],[-75.44715,6.1084],[-75.44719,6.10679]],[[-75.44866,6.09702],[-75.44934,6.09575],[-75.44918,6.09525],[-75.44866,6.09702]],[[-75.47225,6.14573],[-75.47184,6.14664],[-75.47302,6.14578],[-75.47225,6.14573]],[[-75.463,6.12436],[-75.46446,6.12263],[-75.46369,6.12288],[-75.463,6.12436]],[[-75.45599,6.129],[-75.45713,6.12819],[-75.45501,6.12872],[-75.45599,6.129]],[[-75.46074,6.17754],[-75.46135,6.17886],[-75.46125,6.17738],[-75.46074,6.17754]],[[-75.44369,6.08937],[-75.44197,6.08926],[-75.44336,6.08988],[-75.44369,6.08937]],[[-75.44541,6.09855],[-75.44376,6.09734],[-75.44489,6.0982],[-75.44541,6.09855]],[[-75.40575,6.18003],[-75.40494,6.18012],[-75.40633,6.18118],[-75.40575,6.18003]],[[-75.43115,6.15862],[-75.43176,6.15916],[-75.43194,6.15808],[-75.43115,6.15862]],[[-75.44736,6.137],[-75.44737,6.13784],[-75.44888,6.13872],[-75.44736,6.137]],[[-75.44818,6.10715],[-75.44845,6.10885],[-75.44852,6.1061],[-75.44818,6.10715]],[[-75.47241,6.15973],[-75.47066,6.15902],[-75.47171,6.15982],[-75.47241,6.15973]],[[-75.42847,6.1872],[-75.42796,6.18919],[-75.42912,6.19018],[-75.42847,6.1872]],[[-75.46669,6.12263],[-75.46632,6.12206],[-75.46574,6.12311],[-75.46669,6.12263]],[[-75.43533,6.20081],[-75.4361,6.20051],[-75.43581,6.19985],[-75.43533,6.20081]],[[-75.46673,6.12061],[-75.46661,6.12191],[-75.46787,6.12064],[-75.46673,6.12061]],[[-75.42658,6.06747],[-75.42703,6.06805],[-75.42768,6.06748],[-75.42658,6.06747]],[[-75.45066,6.11382],[-75.45096,6.11311],[-75.45073950914181,6.113117669247241],[-75.45066,6.11382]],[[-75.45078,6.11276],[-75.44981,6.11315],[-75.45073950914181,6.113117669247241],[-75.45078,6.11276]],[[-75.47303,6.15324],[-75.47181,6.15169],[-75.47253,6.15314],[-75.47303,6.15324]],[[-75.38737,6.09433],[-75.3888,6.09618],[-75.38871,6.09549],[-75.38737,6.09433]],[[-75.45525,6.11685],[-75.45599,6.11605],[-75.45528,6.11611],[-75.45525,6.11685]],[[-75.47359,6.1239],[-75.47376,6.12477],[-75.4738329172631,6.124612822788433],[-75.47359,6.1239]],[[-75.4742,6.12569],[-75.47421,6.1238],[-75.4738329172631,6.124612822788433],[-75.4742,6.12569]],[[-75.43102,6.17999],[-75.43207,6.17921],[-75.43171,6.17873],[-75.43102,6.17999]],[[-75.44098,6.07425],[-75.44232,6.07297],[-75.44128,6.07372],[-75.44098,6.07425]],[[-75.42524,6.14771],[-75.42483,6.14766],[-75.42491,6.1496],[-75.42524,6.14771]],[[-75.45219,6.09393],[-75.45207,6.09295],[-75.45112,6.09208],[-75.45219,6.09393]],[[-75.37324,6.18156],[-75.37464,6.18012],[-75.37369,6.18057],[-75.37324,6.18156]],[[-75.39541,6.10347],[-75.39568,6.10134],[-75.39426,6.10006],[-75.39541,6.10347]],[[-75.47158,6.14324],[-75.47183,6.14225],[-75.47076,6.14333],[-75.47158,6.14324]],[[-75.43556,6.16905],[-75.43419,6.1677],[-75.43424,6.16826],[-75.43556,6.16905]],[[-75.41886,6.08851],[-75.41648,6.08868],[-75.41662,6.08919],[-75.41886,6.08851]],[[-75.44222,6.10673],[-75.44336,6.10705],[-75.44292,6.10612],[-75.44222,6.10673]],[[-75.4666,6.12002],[-75.46843,6.11958],[-75.46725,6.11959],[-75.4666,6.12002]],[[-75.4516,6.09429],[-75.45075,6.09216],[-75.45066,6.09299],[-75.4516,6.09429]],[[-75.46847,6.12266],[-75.46759,6.12201],[-75.46731,6.12296],[-75.46847,6.12266]],[[-75.4333,6.15078],[-75.4339,6.15134],[-75.43408,6.15018],[-75.4333,6.15078]],[[-75.46829,6.1677],[-75.46915,6.16916],[-75.46892,6.16763],[-75.46829,6.1677]],[[-75.42993,6.17786],[-75.43136,6.178],[-75.43144,6.17745],[-75.42993,6.17786]],[[-75.43555,6.14017],[-75.43595,6.14062],[-75.43642,6.13878],[-75.43555,6.14017]],[[-75.44758,6.15308],[-75.44928,6.15282],[-75.44783,6.15238],[-75.44758,6.15308]],[[-75.45519,6.0976],[-75.45367,6.09757],[-75.45383,6.09866],[-75.45519,6.0976]],[[-75.45374,6.1402],[-75.45473,6.13913],[-75.45353,6.13969],[-75.45374,6.1402]],[[-75.45242,6.09123],[-75.45298,6.09356],[-75.45455,6.09459],[-75.45242,6.09123]],[[-75.45788,6.13164],[-75.4597,6.13344],[-75.46005,6.13308],[-75.45788,6.13164]],[[-75.44885,6.10809],[-75.44863,6.10995],[-75.44893,6.1103],[-75.44885,6.10809]],[[-75.44688,6.13731],[-75.4471,6.13674],[-75.44544,6.13608],[-75.44688,6.13731]],[[-75.40269,6.17709],[-75.40153,6.17931],[-75.40329,6.1803],[-75.40269,6.17709]],[[-75.42987,6.15438],[-75.43284,6.15402],[-75.43073,6.15412],[-75.42987,6.15438]],[[-75.39554,6.0721],[-75.39399,6.07317],[-75.39485,6.07339],[-75.39554,6.0721]],[[-75.47035,6.17873],[-75.47147,6.17825],[-75.47073,6.17724],[-75.47035,6.17873]],[[-75.45119,6.13616],[-75.45096,6.13742],[-75.45238,6.13785],[-75.45119,6.13616]],[[-75.37532,6.17906],[-75.37518,6.17754],[-75.37487,6.1792],[-75.37532,6.17906]],[[-75.43502,6.15474],[-75.43599,6.15617],[-75.43617,6.15415],[-75.43502,6.15474]],[[-75.46954,6.11884],[-75.46969,6.11991],[-75.46789,6.12056],[-75.47041,6.11986],[-75.46954,6.11884]],[[-75.46192,6.15077],[-75.46335,6.15131],[-75.4636,6.14959],[-75.46192,6.15077]],[[-75.38643,6.1957],[-75.38548001675042,6.196242847571189],[-75.38885,6.19727],[-75.38643,6.1957]],[[-75.38301,6.19549],[-75.38524,6.19638],[-75.38548001675042,6.196242847571189],[-75.38301,6.19549]],[[-75.40057,6.07294],[-75.39974,6.07192],[-75.39976,6.07357],[-75.40057,6.07294]],[[-75.38789,6.092],[-75.387,6.09319],[-75.38781,6.09395],[-75.38789,6.092]],[[-75.43144,6.18619],[-75.4335,6.18474],[-75.43176,6.18429],[-75.43144,6.18619]],[[-75.37136714587479,6.177298553146982],[-75.37302830092095,6.1765690251148335],[-75.37186,6.17595],[-75.37136714587479,6.177298553146982]],[[-75.37125,6.17735],[-75.3705,6.17882],[-75.37136714587479,6.177298553146982],[-75.37125,6.17735]],[[-75.3732,6.17666],[-75.37462,6.17587],[-75.37302830092095,6.1765690251148335],[-75.3732,6.17666]],[[-75.44765,6.15165],[-75.44534,6.1505],[-75.44666,6.15244],[-75.44765,6.15165]],[[-75.45534,6.12268],[-75.45682042013915,6.121209130958527],[-75.45629,6.121],[-75.45534,6.12268]],[[-75.45755,6.12266],[-75.45689,6.12114],[-75.45682042013915,6.121209130958527],[-75.45755,6.12266]],[[-75.41609,6.17398],[-75.41509756857216,6.173988629838503],[-75.41535,6.17442],[-75.41609,6.17398]],[[-75.41498411731132,6.173794757430743],[-75.41494,6.17399],[-75.41509756857216,6.173988629838503],[-75.41498411731132,6.173794757430743]],[[-75.41541,6.17191],[-75.41456,6.17307],[-75.41498411731132,6.173794757430743],[-75.41541,6.17191]],[[-75.41861,6.08142],[-75.41864,6.08047],[-75.41587,6.08127],[-75.41861,6.08142]],[[-75.44932,6.13472],[-75.44949,6.13381],[-75.44725,6.13416],[-75.44932,6.13472]],[[-75.46646,6.15748],[-75.46822,6.15865],[-75.46809,6.15736],[-75.46646,6.15748]],[[-75.43462,6.15123],[-75.43623,6.15349],[-75.4357,6.15168],[-75.43462,6.15123]],[[-75.42425,6.18758],[-75.42339,6.18839],[-75.4244,6.18978],[-75.42425,6.18758]],[[-75.42166,6.19296],[-75.42363,6.19221],[-75.4244,6.18978],[-75.42166,6.19296]],[[-75.46039,6.11609],[-75.46182,6.11588],[-75.46172269310448,6.115866504883101],[-75.46039,6.11609]],[[-75.46232,6.11438],[-75.46212,6.1156],[-75.46361,6.11555],[-75.46232,6.11438]],[[-75.44669,6.09693],[-75.44376,6.09427],[-75.44545,6.09663],[-75.44669,6.09693]],[[-75.4732,6.15454],[-75.47305,6.15647],[-75.47501,6.1568],[-75.4732,6.15454]],[[-75.48078,6.18021],[-75.47939,6.17767],[-75.47958,6.18022],[-75.48078,6.18021]],[[-75.4739,6.17648],[-75.4737,6.17506],[-75.47102,6.17523],[-75.4739,6.17648]],[[-75.47246,6.14817],[-75.4725,6.1502],[-75.47424,6.1483],[-75.47497,6.14947],[-75.47456,6.14739],[-75.47246,6.14817]],[[-75.47251,6.14186],[-75.47346,6.14253],[-75.472511747791,6.1417787277184726],[-75.47251,6.14186]],[[-75.47255,6.14],[-75.4713,6.13963],[-75.47069,6.14175],[-75.472511747791,6.1417787277184726],[-75.47255,6.14]],[[-75.45449,6.12864],[-75.44944,6.12716],[-75.4503,6.1285],[-75.45449,6.12864]],[[-75.45315,6.14587],[-75.45394,6.14948],[-75.45552,6.15106],[-75.45578,6.14699],[-75.45315,6.14587]],[[-75.37239,6.17993],[-75.37034,6.17966],[-75.37231,6.18192],[-75.37438,6.17812],[-75.37239,6.17993]],[[-75.41974,6.08009],[-75.4193,6.08129],[-75.42444,6.08042],[-75.41974,6.08009]],[[-75.39777,6.06974],[-75.4012,6.06928],[-75.3994,6.07119],[-75.40219,6.06903],[-75.39967,6.0689],[-75.40079,6.0668],[-75.39777,6.06974]],[[-75.41612,6.08852],[-75.42219,6.08362],[-75.41533,6.08718],[-75.41612,6.08852]],[[-75.45751,6.11907],[-75.45708,6.11925],[-75.45743,6.11925],[-75.45751,6.11907]],[[-75.40575,6.0897],[-75.40542,6.08946],[-75.40551,6.08963],[-75.40575,6.0897]],[[-75.46889,6.17403],[-75.46876,6.17458],[-75.46894,6.17426],[-75.46889,6.17403]],[[-75.46533,6.12378],[-75.46568,6.12445],[-75.46556,6.12418],[-75.46533,6.12378]],[[-75.43924,6.19987],[-75.43905,6.20052],[-75.43933,6.20009],[-75.43924,6.19987]],[[-75.44956,6.09223],[-75.44896,6.09337],[-75.4494,6.09277],[-75.44956,6.09223]],[[-75.47274,6.12683],[-75.47235,6.12747],[-75.47271,6.12716],[-75.47274,6.12683]],[[-75.42767,6.08481],[-75.42708,6.08536],[-75.42742,6.08515],[-75.42767,6.08481]],[[-75.46528,6.12238],[-75.46503,6.12293],[-75.46536,6.1231],[-75.46528,6.12238]],[[-75.4736,6.1798],[-75.47403,6.18074],[-75.47413,6.18014],[-75.4736,6.1798]],[[-75.37506,6.18078],[-75.37486,6.18225],[-75.37517,6.18129],[-75.37506,6.18078]],[[-75.44363,6.19092],[-75.44453,6.1912],[-75.44419,6.19087],[-75.44363,6.19092]],[[-75.47088,6.12334],[-75.47232,6.12364],[-75.47178,6.12351],[-75.47088,6.12334]],[[-75.4503,6.1321],[-75.44769,6.13061],[-75.44923,6.13163],[-75.4503,6.1321]],[[-75.39553,6.07374],[-75.39491,6.07561],[-75.39521,6.07495],[-75.39553,6.07374]],[[-75.44319,6.10123],[-75.44643,6.10156],[-75.44508,6.10137],[-75.44319,6.10123]],[[-75.45948,6.10641],[-75.46073,6.1044],[-75.46013,6.10435],[-75.45948,6.10641]],[[-75.46164,6.1138],[-75.45865,6.11486],[-75.46030228169015,6.1146534647887325],[-75.46137,6.11498],[-75.46164,6.1138]],[[-75.45756,6.13046],[-75.4614,6.13349],[-75.46032,6.13189],[-75.45756,6.13046]],[[-75.47816,6.18077],[-75.47943,6.18066],[-75.47893,6.17798],[-75.47672,6.17831],[-75.47643,6.1803],[-75.47816,6.18077]],[[-75.46217,6.18024],[-75.46441,6.18249],[-75.46403,6.18052],[-75.46217,6.18024]],[[-75.44771241303505,6.094006707616708],[-75.44733,6.09437],[-75.44914,6.09512],[-75.44606,6.09249],[-75.44771241303505,6.094006707616708]],[[-75.45237,6.11849],[-75.45605,6.11719],[-75.45371,6.11695],[-75.45237,6.11849]],[[-75.45225,6.12904],[-75.45192,6.12997],[-75.45431,6.13123],[-75.45625,6.13007],[-75.45225,6.12904]],[[-75.44464,6.14376],[-75.44357,6.14383],[-75.44412,6.15262],[-75.44509,6.15066],[-75.44476,6.14453],[-75.44789,6.14781],[-75.44464,6.14376]],[[-75.44969,6.17189],[-75.44717,6.17245],[-75.44834,6.17392],[-75.44969,6.17189]],[[-75.43257,6.15142],[-75.43442,6.15333],[-75.43591,6.15376],[-75.43429,6.15147],[-75.43257,6.15142]],[[-75.44574,6.18116],[-75.44094,6.1805],[-75.43852,6.18397],[-75.4341,6.18431],[-75.44086,6.1875],[-75.44051,6.18712],[-75.43717,6.18504],[-75.43887,6.18516],[-75.43983,6.18251],[-75.44574,6.18116]],[[-75.42264,6.08361],[-75.43158,6.08462],[-75.42841,6.08363],[-75.42948,6.08006],[-75.42264,6.08361]],[[-75.39249,6.21066],[-75.39076,6.21135],[-75.39269,6.21285],[-75.39249,6.21066]],[[-75.43814,6.21067],[-75.4377,6.21408],[-75.43807653592451,6.214565107632801],[-75.43814,6.21067]],[[-75.4331,6.21753],[-75.43139,6.21938],[-75.43849,6.21592],[-75.44185,6.21722],[-75.43933,6.21618],[-75.43913,6.2152],[-75.43807653592451,6.214565107632801],[-75.4331,6.21753]],[[-75.38896,6.23826],[-75.38904,6.23818],[-75.38893,6.23815],[-75.38896,6.23826]],[[-75.38331,6.21793],[-75.38339,6.21785],[-75.38328,6.21782],[-75.38331,6.21793]],[[-75.39751,6.26265],[-75.39759,6.26257],[-75.39748,6.26254],[-75.39751,6.26265]],[[-75.38732,6.23483],[-75.3874,6.23475],[-75.38729,6.23472],[-75.38732,6.23483]],[[-75.39275,6.27125],[-75.39282,6.27117],[-75.39271,6.27114],[-75.39275,6.27125]],[[-75.39077,6.27414],[-75.39084,6.27406],[-75.39073,6.27403],[-75.39077,6.27414]],[[-75.3983,6.25297],[-75.39838,6.25289],[-75.39827,6.25286],[-75.3983,6.25297]],[[-75.3941,6.23517],[-75.39418,6.23509],[-75.39407,6.23506],[-75.3941,6.23517]],[[-75.39472,6.26781],[-75.3948,6.26773],[-75.39469,6.2677],[-75.39472,6.26781]],[[-75.39455,6.26853],[-75.39462,6.26845],[-75.39451,6.26842],[-75.39455,6.26853]],[[-75.39284,6.27486],[-75.39292,6.27478],[-75.39281,6.27475],[-75.39284,6.27486]],[[-75.39209,6.26383],[-75.39217,6.26375],[-75.39206,6.26372],[-75.39209,6.26383]],[[-75.39528,6.27395],[-75.39536,6.27387],[-75.39525,6.27384],[-75.39528,6.27395]],[[-75.39945,6.24203],[-75.39953,6.24195],[-75.39942,6.24192],[-75.39945,6.24203]],[[-75.38949,6.23536],[-75.38957,6.23528],[-75.38946,6.23525],[-75.38949,6.23536]],[[-75.39786,6.21925],[-75.39793,6.21917],[-75.39782,6.21914],[-75.39786,6.21925]],[[-75.39999,6.24203],[-75.40007,6.24195],[-75.39996,6.24192],[-75.39999,6.24203]],[[-75.3958,6.26373],[-75.39588,6.26365],[-75.39577,6.26362],[-75.3958,6.26373]],[[-75.39235,6.25651],[-75.39243,6.25643],[-75.39232,6.2564],[-75.39235,6.25651]],[[-75.40778,6.2506],[-75.40786,6.25052],[-75.40775,6.25049],[-75.40778,6.2506]],[[-75.4011,6.25332],[-75.40118,6.25325],[-75.40107,6.25321],[-75.4011,6.25332]],[[-75.40147,6.25405],[-75.40154,6.25397],[-75.40143,6.25394],[-75.40147,6.25405]],[[-75.39773,6.24294],[-75.39781,6.24286],[-75.3977,6.24283],[-75.39773,6.24294]],[[-75.39779,6.26391],[-75.39787,6.26383],[-75.39776,6.2638],[-75.39779,6.26391]],[[-75.39759,6.25966],[-75.39767,6.25958],[-75.39756,6.25955],[-75.39759,6.25966]],[[-75.40057,6.25685],[-75.40065,6.25677],[-75.40054,6.25674],[-75.40057,6.25685]],[[-75.39396,6.24937],[-75.39403,6.24929],[-75.39392,6.24925],[-75.39396,6.24937]],[[-75.4003,6.25739],[-75.40038,6.25732],[-75.40027,6.25728],[-75.4003,6.25739]],[[-75.38973,6.25851],[-75.38981,6.25843],[-75.3897,6.2584],[-75.38973,6.25851]],[[-75.3967,6.26201],[-75.39678,6.26194],[-75.39667,6.2619],[-75.3967,6.26201]],[[-75.40905,6.25303],[-75.40913,6.25295],[-75.40902,6.25292],[-75.40905,6.25303]],[[-75.39498,6.26265],[-75.39506,6.26257],[-75.39495,6.26254],[-75.39498,6.26265]],[[-75.39221,6.27477],[-75.39229,6.27469],[-75.39218,6.27466],[-75.39221,6.27477]],[[-75.39464,6.27151],[-75.39472,6.27143],[-75.39461,6.2714],[-75.39464,6.27151]],[[-75.40337,6.22096],[-75.40345,6.22088],[-75.40334,6.22084],[-75.40337,6.22096]],[[-75.40183,6.2196],[-75.40191,6.21952],[-75.4018,6.21949],[-75.40183,6.2196]],[[-75.39728,6.24312],[-75.39736,6.24304],[-75.39725,6.24301],[-75.39728,6.24312]],[[-75.39809,6.24194],[-75.39817,6.24186],[-75.39806,6.24183],[-75.39809,6.24194]],[[-75.39901,6.24583],[-75.39908,6.24575],[-75.39897,6.24572],[-75.39901,6.24583]],[[-75.40787,6.25195],[-75.40795,6.25187],[-75.40784,6.25184],[-75.40787,6.25195]],[[-75.40635,6.25774],[-75.40643,6.25766],[-75.40632,6.25763],[-75.40635,6.25774]],[[-75.40527,6.26],[-75.40535,6.25992],[-75.40524,6.25989],[-75.40527,6.26]],[[-75.40183,6.25649],[-75.40191,6.25641],[-75.4018,6.25638],[-75.40183,6.25649]],[[-75.40228,6.25377],[-75.40236,6.25369],[-75.40225,6.25366],[-75.40228,6.25377]],[[-75.41133,6.26216],[-75.41141,6.26208],[-75.4113,6.26205],[-75.41133,6.26216]],[[-75.39589,6.26247],[-75.39596,6.26239],[-75.39585,6.26236],[-75.39589,6.26247]],[[-75.41904,6.27344],[-75.41912,6.27336],[-75.41901,6.27333],[-75.41904,6.27344]],[[-75.41251,6.26378],[-75.41259,6.2637],[-75.41248,6.26367],[-75.41251,6.26378]],[[-75.40492,6.26109],[-75.405,6.26101],[-75.40489,6.26098],[-75.40492,6.26109]],[[-75.4019,6.24745],[-75.40198,6.24737],[-75.40187,6.24734],[-75.4019,6.24745]],[[-75.40174,6.25378],[-75.40181,6.2537],[-75.4017,6.25367],[-75.40174,6.25378]],[[-75.41642,6.27218],[-75.4165,6.2721],[-75.41639,6.27207],[-75.41642,6.27218]],[[-75.4231,6.27216],[-75.42318,6.27208],[-75.42307,6.27205],[-75.4231,6.27216]],[[-75.41334,6.27056],[-75.41342,6.27048],[-75.41331,6.27045],[-75.41334,6.27056]],[[-75.41196,6.25917],[-75.41204,6.25909],[-75.41193,6.25906],[-75.41196,6.25917]],[[-75.42569,6.25823],[-75.42577,6.25815],[-75.42566,6.25812],[-75.42569,6.25823]],[[-75.41936,6.25717],[-75.41944,6.25709],[-75.41933,6.25706],[-75.41936,6.25717]],[[-75.41014,6.25592],[-75.41022,6.25584],[-75.41011,6.25581],[-75.41014,6.25592]],[[-75.42551,6.25787],[-75.42559,6.25779],[-75.42547,6.25776],[-75.42551,6.25787]],[[-75.41416,6.27128],[-75.41424,6.2712],[-75.41413,6.27117],[-75.41416,6.27128]],[[-75.42535,6.2012],[-75.42524,6.20117],[-75.42527,6.20128],[-75.42535,6.2012]],[[-75.43137,6.21899],[-75.43145,6.21891],[-75.43134,6.21888],[-75.43137,6.21899]],[[-75.42677,6.22388],[-75.42685,6.2238],[-75.42674,6.22377],[-75.42677,6.22388]],[[-75.41185,6.21524],[-75.41193,6.21516],[-75.41182,6.21513],[-75.41185,6.21524]],[[-75.40842,6.25285],[-75.4085,6.25277],[-75.40839,6.25274],[-75.40842,6.25285]],[[-75.41214,6.25908],[-75.41222,6.259],[-75.41211,6.25897],[-75.41214,6.25908]],[[-75.40859,6.2496],[-75.40867,6.24952],[-75.40856,6.24949],[-75.40859,6.2496]],[[-75.42018,6.25969],[-75.42026,6.25962],[-75.42015,6.25958],[-75.42018,6.25969]],[[-75.43059,6.26554],[-75.43066,6.26546],[-75.43055,6.26543],[-75.43059,6.26554]],[[-75.41259,6.26062],[-75.41267,6.26054],[-75.41256,6.26051],[-75.41259,6.26062]],[[-75.42571,6.26872],[-75.42579,6.26864],[-75.42568,6.26861],[-75.42571,6.26872]],[[-75.42428,6.27288],[-75.42436,6.2728],[-75.42425,6.27277],[-75.42428,6.27288]],[[-75.42383,6.27189],[-75.4239,6.27181],[-75.42379,6.27178],[-75.42383,6.27189]],[[-75.42717,6.2717],[-75.42725,6.27162],[-75.42714,6.27159],[-75.42717,6.2717]],[[-75.41885,6.27018],[-75.41893,6.27011],[-75.41882,6.27007],[-75.41885,6.27018]],[[-75.42454,6.27044],[-75.42462,6.27036],[-75.42451,6.27033],[-75.42454,6.27044]],[[-75.41645,6.24868],[-75.41653,6.2486],[-75.41642,6.24857],[-75.41645,6.24868]],[[-75.41647,6.25672],[-75.41655,6.25664],[-75.41644,6.25661],[-75.41647,6.25672]],[[-75.4261,6.27803],[-75.42618,6.27795],[-75.42607,6.27792],[-75.4261,6.27803]],[[-75.42481,6.20211],[-75.4247,6.20208],[-75.42473,6.20219],[-75.42481,6.20211]],[[-75.43976,6.21598],[-75.43984,6.2159],[-75.43973,6.21587],[-75.43976,6.21598]],[[-75.42112,6.23917],[-75.4212,6.23909],[-75.42109,6.23906],[-75.42112,6.23917]],[[-75.42315,6.25526],[-75.42323,6.25518],[-75.42312,6.25515],[-75.42315,6.25526]],[[-75.42487,6.25706],[-75.42495,6.25698],[-75.42484,6.25695],[-75.42487,6.25706]],[[-75.41958,6.27271],[-75.41966,6.27263],[-75.41955,6.2726],[-75.41958,6.27271]],[[-75.42617,6.26962],[-75.42625,6.26954],[-75.42614,6.26951],[-75.42617,6.26962]],[[-75.42788,6.30216],[-75.42796,6.30208],[-75.42785,6.30205],[-75.42788,6.30216]],[[-75.42824,6.30198],[-75.42832,6.3019],[-75.42821,6.30187],[-75.42824,6.30198]],[[-75.4249,6.20193],[-75.42479,6.2019],[-75.42482,6.20201],[-75.4249,6.20193]],[[-75.44806,6.20954],[-75.44814,6.20946],[-75.44803,6.20943],[-75.44806,6.20954]],[[-75.42866,6.22035],[-75.42874,6.22027],[-75.42863,6.22024],[-75.42866,6.22035]],[[-75.42342,6.21801],[-75.4235,6.21793],[-75.42339,6.2179],[-75.42342,6.21801]],[[-75.43392,6.22684],[-75.434,6.22676],[-75.43389,6.22673],[-75.43392,6.22684]],[[-75.44202,6.21652],[-75.4421,6.21644],[-75.44199,6.21641],[-75.44202,6.21652]],[[-75.44371,6.20612],[-75.44379,6.20604],[-75.44368,6.20601],[-75.44371,6.20612]],[[-75.43236,6.21925],[-75.43244,6.21917],[-75.43233,6.21914],[-75.43236,6.21925]],[[-75.42225,6.22036],[-75.42233,6.22029],[-75.42222,6.22025],[-75.42225,6.22036]],[[-75.43612,6.23814],[-75.43619,6.23806],[-75.43608,6.23803],[-75.43612,6.23814]],[[-75.427,6.27505],[-75.42707,6.27497],[-75.42696,6.27494],[-75.427,6.27505]],[[-75.41559,6.26811],[-75.41567,6.26803],[-75.41556,6.268],[-75.41559,6.26811]],[[-75.44297,6.26813],[-75.44305,6.26805],[-75.44294,6.26802],[-75.44297,6.26813]],[[-75.42614,6.25995],[-75.42622,6.25987],[-75.42611,6.25984],[-75.42614,6.25995]],[[-75.44988,6.28511],[-75.44996,6.28503],[-75.44985,6.285],[-75.44988,6.28511]],[[-75.43275,6.29881],[-75.43283,6.29873],[-75.43272,6.2987],[-75.43275,6.29881]],[[-75.43363,6.28868],[-75.43371,6.2886],[-75.4336,6.28857],[-75.43363,6.28868]],[[-75.43389,6.24917],[-75.43396,6.24909],[-75.43385,6.24906],[-75.43389,6.24917]],[[-75.43819,6.30611],[-75.43827,6.30604],[-75.43816,6.306],[-75.43819,6.30611]],[[-75.44154,6.24102],[-75.44162,6.24094],[-75.44151,6.24091],[-75.44154,6.24102]],[[-75.43989,6.22927],[-75.43997,6.22919],[-75.43986,6.22916],[-75.43989,6.22927]],[[-75.44226,6.23912],[-75.44234,6.23904],[-75.44223,6.23901],[-75.44226,6.23912]],[[-75.43264,6.22178],[-75.43272,6.22171],[-75.43261,6.22167],[-75.43264,6.22178]],[[-75.43546,6.22973],[-75.43554,6.22965],[-75.43543,6.22962],[-75.43546,6.22973]],[[-75.44343,6.23649],[-75.44351,6.23641],[-75.4434,6.23638],[-75.44343,6.23649]],[[-75.45734,6.23438],[-75.45741,6.2343],[-75.4573,6.23427],[-75.45734,6.23438]],[[-75.43245,6.21962],[-75.43253,6.21954],[-75.43242,6.21951],[-75.43245,6.21962]],[[-75.44572,6.21551],[-75.4458,6.21543],[-75.44569,6.2154],[-75.44572,6.21551]],[[-75.44504,6.23215],[-75.44512,6.23207],[-75.44501,6.23204],[-75.44504,6.23215]],[[-75.43142,6.23716],[-75.43149,6.23708],[-75.43138,6.23705],[-75.43142,6.23716]],[[-75.4536,6.25825],[-75.45368,6.25817],[-75.45357,6.25814],[-75.4536,6.25825]],[[-75.43997,6.26181],[-75.44005,6.26173],[-75.43994,6.2617],[-75.43997,6.26181]],[[-75.44585,6.26279],[-75.44592,6.26271],[-75.44581,6.26268],[-75.44585,6.26279]],[[-75.44114,6.26064],[-75.44122,6.26056],[-75.44111,6.26053],[-75.44114,6.26064]],[[-75.44111,6.24635],[-75.44118,6.24627],[-75.44107,6.24624],[-75.44111,6.24635]],[[-75.44149,6.25467],[-75.44157,6.25459],[-75.44146,6.25456],[-75.44149,6.25467]],[[-75.44466,6.25936],[-75.44474,6.25928],[-75.44463,6.25925],[-75.44466,6.25936]],[[-75.44424,6.27238],[-75.44432,6.2723],[-75.44421,6.27227],[-75.44424,6.27238]],[[-75.44192,6.24762],[-75.442,6.24754],[-75.44189,6.24751],[-75.44192,6.24762]],[[-75.44147,6.24644],[-75.44155,6.24636],[-75.44144,6.24633],[-75.44147,6.24644]],[[-75.43461,6.25044],[-75.43469,6.25036],[-75.43458,6.25033],[-75.43461,6.25044]],[[-75.44279,6.26804],[-75.44287,6.26796],[-75.44276,6.26793],[-75.44279,6.26804]],[[-75.45531,6.25472],[-75.45539,6.25464],[-75.45528,6.25461],[-75.45531,6.25472]],[[-75.44036,6.27293],[-75.44044,6.27285],[-75.44033,6.27282],[-75.44036,6.27293]],[[-75.43845,6.26778],[-75.43853,6.2677],[-75.43842,6.26767],[-75.43845,6.26778]],[[-75.44509,6.28485],[-75.44517,6.28477],[-75.44506,6.28474],[-75.44509,6.28485]],[[-75.43583,6.30377],[-75.43591,6.30369],[-75.4358,6.30366],[-75.43583,6.30377]],[[-75.42815,6.3018],[-75.42823,6.30172],[-75.42812,6.30169],[-75.42815,6.3018]],[[-75.45185,6.20944],[-75.45193,6.20936],[-75.45182,6.20933],[-75.45185,6.20944]],[[-75.44536,6.21334],[-75.44544,6.21327],[-75.44533,6.21323],[-75.44536,6.21334]],[[-75.45639,6.21982],[-75.45647,6.21975],[-75.45636,6.21971],[-75.45639,6.21982]],[[-75.44851,6.20963],[-75.44859,6.20955],[-75.44848,6.20952],[-75.44851,6.20963]],[[-75.45438,6.20934],[-75.45446,6.20926],[-75.45435,6.20923],[-75.45438,6.20934]],[[-75.44599,6.21434],[-75.44607,6.21426],[-75.44596,6.21423],[-75.44599,6.21434]],[[-75.44543,6.20656],[-75.44551,6.20648],[-75.4454,6.20645],[-75.44543,6.20656]],[[-75.43414,6.24221],[-75.43422,6.24213],[-75.43411,6.2421],[-75.43414,6.24221]],[[-75.44477,6.22935],[-75.44484,6.22927],[-75.44473,6.22924],[-75.44477,6.22935]],[[-75.44262,6.23975],[-75.4427,6.23967],[-75.44259,6.23964],[-75.44262,6.23975]],[[-75.4401,6.24265],[-75.44018,6.24257],[-75.44007,6.24254],[-75.4401,6.24265]],[[-75.43624,6.25242],[-75.43632,6.25234],[-75.43621,6.25231],[-75.43624,6.25242]],[[-75.44663,6.25258],[-75.44671,6.2525],[-75.4466,6.25247],[-75.44663,6.25258]],[[-75.43443,6.24872],[-75.43451,6.24864],[-75.4344,6.24861],[-75.43443,6.24872]],[[-75.43889,6.2262],[-75.43896,6.22612],[-75.43885,6.22609],[-75.43889,6.2262]],[[-75.45573,6.27506],[-75.4558,6.27498],[-75.45569,6.27495],[-75.45573,6.27506]],[[-75.44972,6.26025],[-75.4498,6.26017],[-75.44969,6.26014],[-75.44972,6.26025]],[[-75.44096,6.26055],[-75.44104,6.26047],[-75.44093,6.26044],[-75.44096,6.26055]],[[-75.44831,6.27128],[-75.44839,6.2712],[-75.44828,6.27117],[-75.44831,6.27128]],[[-75.44304,6.26153],[-75.44312,6.26145],[-75.44301,6.26142],[-75.44304,6.26153]],[[-75.43613,6.28017],[-75.43621,6.2801],[-75.4361,6.28006],[-75.43613,6.28017]],[[-75.44819,6.29497],[-75.44827,6.29489],[-75.44816,6.29486],[-75.44819,6.29497]],[[-75.46398,6.32024],[-75.46406,6.32016],[-75.46394,6.32013],[-75.46398,6.32024]],[[-75.45853,6.31004],[-75.45861,6.30996],[-75.4585,6.30993],[-75.45853,6.31004]],[[-75.43368,6.30766],[-75.43375,6.30758],[-75.43364,6.30755],[-75.43368,6.30766]],[[-75.43358,6.30748],[-75.43366,6.3074],[-75.43355,6.30737],[-75.43358,6.30748]],[[-75.45102,6.30852],[-75.4511,6.30844],[-75.45099,6.30841],[-75.45102,6.30852]],[[-75.44518,6.2147],[-75.44526,6.21462],[-75.44515,6.21459],[-75.44518,6.2147]],[[-75.45955,6.21945],[-75.45963,6.21938],[-75.45952,6.21934],[-75.45955,6.21945]],[[-75.45586,6.25743],[-75.45594,6.25735],[-75.45583,6.25732],[-75.45586,6.25743]],[[-75.45604,6.25779],[-75.45612,6.25771],[-75.45601,6.25768],[-75.45604,6.25779]],[[-75.45035,6.25871],[-75.45043,6.25863],[-75.45032,6.2586],[-75.45035,6.25871]],[[-75.45438,6.20898],[-75.45446,6.2089],[-75.45435,6.20887],[-75.45438,6.20898]],[[-75.45176,6.21062],[-75.45184,6.21054],[-75.45173,6.21051],[-75.45176,6.21062]],[[-75.44886,6.20511],[-75.44894,6.20503],[-75.44883,6.205],[-75.44886,6.20511]],[[-75.45339,6.21115],[-75.45347,6.21107],[-75.45336,6.21104],[-75.45339,6.21115]],[[-75.45138,6.20329],[-75.45146,6.20322],[-75.45135,6.20318],[-75.45138,6.20329]],[[-75.44742,6.20981],[-75.4475,6.20973],[-75.44739,6.2097],[-75.44742,6.20981]],[[-75.45825,6.20499],[-75.45833,6.20491],[-75.45822,6.20488],[-75.45825,6.20499]],[[-75.44904,6.20502],[-75.44912,6.20494],[-75.44901,6.20491],[-75.44904,6.20502]],[[-75.4707,6.19755],[-75.47078,6.19747],[-75.47067,6.19744],[-75.4707,6.19755]],[[-75.46692,6.20389],[-75.467,6.20381],[-75.46689,6.20378],[-75.46692,6.20389]],[[-75.44818,6.22057],[-75.44825,6.22049],[-75.44814,6.22046],[-75.44818,6.22057]],[[-75.45593,6.21693],[-75.45601,6.21685],[-75.4559,6.21682],[-75.45593,6.21693]],[[-75.46153,6.21439],[-75.46161,6.21431],[-75.4615,6.21428],[-75.46153,6.21439]],[[-75.46035,6.21412],[-75.46043,6.21404],[-75.46032,6.21401],[-75.46035,6.21412]],[[-75.45541,6.22227],[-75.45549,6.22219],[-75.45538,6.22216],[-75.45541,6.22227]],[[-75.45663,6.24161],[-75.45671,6.24153],[-75.4566,6.2415],[-75.45663,6.24161]],[[-75.44743,6.24706],[-75.44751,6.24698],[-75.4474,6.24695],[-75.44743,6.24706]],[[-75.45902,6.22343],[-75.4591,6.22335],[-75.45899,6.22332],[-75.45902,6.22343]],[[-75.45362,6.2314],[-75.4537,6.23132],[-75.45359,6.23129],[-75.45362,6.2314]],[[-75.44468,6.2326],[-75.44476,6.23252],[-75.44465,6.23249],[-75.44468,6.2326]],[[-75.4599,6.2482],[-75.45998,6.24812],[-75.45987,6.24809],[-75.4599,6.2482]],[[-75.45776,6.2228],[-75.45784,6.22273],[-75.45773,6.22269],[-75.45776,6.2228]],[[-75.46453,6.25678],[-75.46461,6.2567],[-75.4645,6.25667],[-75.46453,6.25678]],[[-75.46351,6.2472],[-75.46359,6.24712],[-75.46348,6.24709],[-75.46351,6.2472]],[[-75.4582,6.25309],[-75.45828,6.25301],[-75.45817,6.25298],[-75.4582,6.25309]],[[-75.4591,6.25245],[-75.45918,6.25237],[-75.45907,6.25234],[-75.4591,6.25245]],[[-75.45327,6.26955],[-75.45335,6.26947],[-75.45324,6.26944],[-75.45327,6.26955]],[[-75.46542,6.25144],[-75.4655,6.25136],[-75.46539,6.25133],[-75.46542,6.25144]],[[-75.45727,6.24387],[-75.45735,6.24379],[-75.45724,6.24376],[-75.45727,6.24387]],[[-75.45113,6.27896],[-75.45121,6.27888],[-75.4511,6.27885],[-75.45113,6.27896]],[[-75.45298,6.26151],[-75.45306,6.26143],[-75.45295,6.2614],[-75.45298,6.26151]],[[-75.44353,6.27545],[-75.44361,6.27538],[-75.4435,6.27534],[-75.44353,6.27545]],[[-75.45303,6.28094],[-75.45311,6.28086],[-75.453,6.28083],[-75.45303,6.28094]],[[-75.45067,6.2767],[-75.45075,6.27662],[-75.45064,6.27659],[-75.45067,6.2767]],[[-75.45095,6.27878],[-75.45103,6.2787],[-75.45092,6.27867],[-75.45095,6.27878]],[[-75.44665,6.29524],[-75.44673,6.29516],[-75.44662,6.29513],[-75.44665,6.29524]],[[-75.45841,6.26357],[-75.45848,6.26349],[-75.45837,6.26346],[-75.45841,6.26357]],[[-75.45545,6.30688],[-75.45553,6.3068],[-75.45542,6.30677],[-75.45545,6.30688]],[[-75.46169,6.31175],[-75.46177,6.31167],[-75.46166,6.31164],[-75.46169,6.31175]],[[-75.45318,6.303],[-75.45326,6.30292],[-75.45315,6.30289],[-75.45318,6.303]],[[-75.45528,6.31086],[-75.45536,6.31078],[-75.45525,6.31075],[-75.45528,6.31086]],[[-75.45581,6.3058],[-75.45589,6.30572],[-75.45578,6.30569],[-75.45581,6.3058]],[[-75.46043,6.31311],[-75.46051,6.31303],[-75.4604,6.313],[-75.46043,6.31311]],[[-75.4613,6.29747],[-75.46137,6.29739],[-75.46126,6.29736],[-75.4613,6.29747]],[[-75.46611,6.30604],[-75.46619,6.30596],[-75.46608,6.30593],[-75.46611,6.30604]],[[-75.45644,6.30797],[-75.45652,6.30789],[-75.45641,6.30785],[-75.45644,6.30797]],[[-75.45644,6.30589],[-75.45652,6.30581],[-75.45641,6.30578],[-75.45644,6.30589]],[[-75.45345,6.30201],[-75.45353,6.30193],[-75.45342,6.3019],[-75.45345,6.30201]],[[-75.45877,6.30018],[-75.45885,6.30011],[-75.45874,6.30007],[-75.45877,6.30018]],[[-75.45714,6.29712],[-75.45722,6.29704],[-75.45711,6.29701],[-75.45714,6.29712]],[[-75.44674,6.29506],[-75.44682,6.29498],[-75.44671,6.29495],[-75.44674,6.29506]],[[-75.45957,6.29494],[-75.45965,6.29486],[-75.45954,6.29483],[-75.45957,6.29494]],[[-75.45862,6.20906],[-75.4587,6.20898],[-75.45859,6.20895],[-75.45862,6.20906]],[[-75.46117,6.2143],[-75.46125,6.21422],[-75.46114,6.21419],[-75.46117,6.2143]],[[-75.46026,6.21457],[-75.46034,6.21449],[-75.46023,6.21446],[-75.46026,6.21457]],[[-75.45735,6.20409],[-75.45743,6.20401],[-75.45732,6.20398],[-75.45735,6.20409]],[[-75.46681,6.26653],[-75.46689,6.26645],[-75.46678,6.26642],[-75.46681,6.26653]],[[-75.45442,6.2578],[-75.45449,6.25772],[-75.45438,6.25769],[-75.45442,6.2578]],[[-75.45905,6.269],[-75.45913,6.26892],[-75.45902,6.26889],[-75.45905,6.269]],[[-75.46923,6.25695],[-75.46931,6.25687],[-75.4692,6.25684],[-75.46923,6.25695]],[[-75.47259,6.26254],[-75.47267,6.26246],[-75.47256,6.26243],[-75.47259,6.26254]],[[-75.45739,6.28907],[-75.45747,6.28899],[-75.45736,6.28896],[-75.45739,6.28907]],[[-75.461,6.28816],[-75.46108,6.28808],[-75.46097,6.28805],[-75.461,6.28816]],[[-75.4598,6.31193],[-75.45988,6.31185],[-75.45977,6.31182],[-75.4598,6.31193]],[[-75.45701,6.2153],[-75.45709,6.21522],[-75.45698,6.21519],[-75.45701,6.2153]],[[-75.46684,6.2414],[-75.46692,6.24132],[-75.46681,6.24129],[-75.46684,6.2414]],[[-75.45591,6.24225],[-75.45599,6.24217],[-75.45588,6.24214],[-75.45591,6.24225]],[[-75.45797,6.23492],[-75.45805,6.23484],[-75.45794,6.23481],[-75.45797,6.23492]],[[-75.46184,6.23147],[-75.46192,6.23139],[-75.46181,6.23136],[-75.46184,6.23147]],[[-75.46062,6.24874],[-75.4607,6.24866],[-75.46059,6.24863],[-75.46062,6.24874]],[[-75.46921,6.25008],[-75.46929,6.25],[-75.46918,6.24997],[-75.46921,6.25008]],[[-75.46149,6.30316],[-75.46157,6.30308],[-75.46146,6.30305],[-75.46149,6.30316]],[[-75.46035,6.31627],[-75.46043,6.31619],[-75.46032,6.31616],[-75.46035,6.31627]],[[-75.46512,6.30758],[-75.4652,6.3075],[-75.46509,6.30747],[-75.46512,6.30758]],[[-75.46078,6.30868],[-75.46086,6.3086],[-75.46075,6.30857],[-75.46078,6.30868]],[[-75.46566,6.20633],[-75.46574,6.20625],[-75.46563,6.20622],[-75.46566,6.20633]],[[-75.46746,6.2028],[-75.46754,6.20272],[-75.46743,6.20269],[-75.46746,6.2028]],[[-75.46414,6.21049],[-75.46422,6.21041],[-75.46411,6.21038],[-75.46414,6.21049]],[[-75.4653,6.20434],[-75.46538,6.20426],[-75.46527,6.20423],[-75.4653,6.20434]],[[-75.46183,6.22786],[-75.46191,6.22778],[-75.4618,6.22775],[-75.46183,6.22786]],[[-75.46236,6.22053],[-75.46244,6.22045],[-75.46233,6.22042],[-75.46236,6.22053]],[[-75.45072,6.22626],[-75.4508,6.22618],[-75.45069,6.22615],[-75.45072,6.22626]],[[-75.47573,6.22176],[-75.47581,6.22168],[-75.4757,6.22165],[-75.47573,6.22176]],[[-75.45385,6.21396],[-75.45393,6.21388],[-75.45382,6.21385],[-75.45385,6.21396]],[[-75.46408,6.22179],[-75.46416,6.22171],[-75.46405,6.22168],[-75.46408,6.22179]],[[-75.46236,6.22162],[-75.46244,6.22154],[-75.46233,6.22151],[-75.46236,6.22162]],[[-75.47855,6.22727],[-75.47862,6.22719],[-75.47851,6.22716],[-75.47855,6.22727]],[[-75.48198,6.22726],[-75.48206,6.22718],[-75.48195,6.22715],[-75.48198,6.22726]],[[-75.46417,6.22125],[-75.46425,6.22117],[-75.46414,6.22114],[-75.46417,6.22125]],[[-75.45568,6.22344],[-75.45576,6.22336],[-75.45565,6.22333],[-75.45568,6.22344]],[[-75.4668,6.26247],[-75.46688,6.26239],[-75.46677,6.26236],[-75.4668,6.26247]],[[-75.47076,6.25595],[-75.47084,6.25587],[-75.47073,6.25584],[-75.47076,6.25595]],[[-75.46742,6.25686],[-75.4675,6.25678],[-75.46739,6.25675],[-75.46742,6.25686]],[[-75.46744,6.26373],[-75.46752,6.26365],[-75.46741,6.26362],[-75.46744,6.26373]],[[-75.46758,6.248],[-75.46766,6.24792],[-75.46755,6.24789],[-75.46758,6.248]],[[-75.45919,6.25426],[-75.45927,6.25418],[-75.45916,6.25415],[-75.45919,6.25426]],[[-75.46731,6.24791],[-75.46739,6.24783],[-75.46728,6.2478],[-75.46731,6.24791]],[[-75.46708,6.26418],[-75.46716,6.2641],[-75.46705,6.26407],[-75.46708,6.26418]],[[-75.45532,6.25933],[-75.4554,6.25925],[-75.45529,6.25922],[-75.45532,6.25933]],[[-75.46875,6.24791],[-75.46883,6.24783],[-75.46872,6.2478],[-75.46875,6.24791]],[[-75.45685,6.25454],[-75.45692,6.25446],[-75.45681,6.25443],[-75.45685,6.25454]],[[-75.47512,6.26344],[-75.4752,6.26336],[-75.47509,6.26333],[-75.47512,6.26344]],[[-75.4683,6.24755],[-75.46838,6.24747],[-75.46827,6.24744],[-75.4683,6.24755]],[[-75.46905,6.25686],[-75.46913,6.25678],[-75.46902,6.25675],[-75.46905,6.25686]],[[-75.46288,6.24919],[-75.46296,6.24911],[-75.46285,6.24908],[-75.46288,6.24919]],[[-75.45731,6.25996],[-75.45739,6.25988],[-75.45728,6.25985],[-75.45731,6.25996]],[[-75.46122,6.26908],[-75.4613,6.269],[-75.46119,6.26897],[-75.46122,6.26908]],[[-75.46271,6.28752],[-75.46279,6.28744],[-75.46268,6.28741],[-75.46271,6.28752]],[[-75.47813,6.275],[-75.47821,6.27492],[-75.4781,6.27489],[-75.47813,6.275]],[[-75.47339,6.29237],[-75.47347,6.29229],[-75.47336,6.29226],[-75.47339,6.29237]],[[-75.46899,6.30477],[-75.46907,6.30469],[-75.46896,6.30466],[-75.46899,6.30477]],[[-75.47447,6.29092],[-75.47455,6.29084],[-75.47444,6.29081],[-75.47447,6.29092]],[[-75.47216,6.30666],[-75.47224,6.30658],[-75.47213,6.30655],[-75.47216,6.30666]],[[-75.46301,6.29701],[-75.46309,6.29693],[-75.46298,6.2969],[-75.46301,6.29701]],[[-75.46364,6.29746],[-75.46372,6.29738],[-75.46361,6.29735],[-75.46364,6.29746]],[[-75.47432,6.30439],[-75.4744,6.30431],[-75.47429,6.30428],[-75.47432,6.30439]],[[-75.47638,6.29535],[-75.47646,6.29527],[-75.47635,6.29524],[-75.47638,6.29535]],[[-75.46265,6.29719],[-75.46273,6.29711],[-75.46262,6.29708],[-75.46265,6.29719]],[[-75.46484,6.3065],[-75.46492,6.30642],[-75.46481,6.30639],[-75.46484,6.3065]],[[-75.4805,6.21407],[-75.48058,6.21399],[-75.48047,6.21396],[-75.4805,6.21407]],[[-75.47394,6.26308],[-75.47402,6.263],[-75.47391,6.26297],[-75.47394,6.26308]],[[-75.46414,6.20977],[-75.46422,6.20969],[-75.4641,6.20966],[-75.46414,6.20977]],[[-75.47458,6.26362],[-75.47466,6.26354],[-75.47455,6.26351],[-75.47458,6.26362]],[[-75.47714,6.27473],[-75.47721,6.27465],[-75.4771,6.27462],[-75.47714,6.27473]],[[-75.47375,6.25811],[-75.47383,6.25803],[-75.47372,6.258],[-75.47375,6.25811]],[[-75.4753,6.26362],[-75.47538,6.26354],[-75.47527,6.26351],[-75.4753,6.26362]],[[-75.47022,6.25414],[-75.47029,6.25406],[-75.47018,6.25403],[-75.47022,6.25414]],[[-75.47529,6.26181],[-75.47537,6.26173],[-75.47526,6.2617],[-75.47529,6.26181]],[[-75.47468,6.26697],[-75.47475,6.26689],[-75.47464,6.26686],[-75.47468,6.26697]],[[-75.46922,6.25279],[-75.4693,6.25271],[-75.46919,6.25268],[-75.46922,6.25279]],[[-75.46788,6.26075],[-75.46796,6.26067],[-75.46785,6.26064],[-75.46788,6.26075]],[[-75.47501,6.25774],[-75.47509,6.25766],[-75.47498,6.25763],[-75.47501,6.25774]],[[-75.47402,6.29165],[-75.4741,6.29157],[-75.47399,6.29154],[-75.47402,6.29165]],[[-75.48261,6.29587],[-75.48269,6.29579],[-75.48258,6.29576],[-75.48261,6.29587]],[[-75.47465,6.29155],[-75.47473,6.29147],[-75.47462,6.29144],[-75.47465,6.29155]],[[-75.4847,6.30048],[-75.48478,6.3004],[-75.48467,6.30037],[-75.4847,6.30048]],[[-75.47375,6.2921],[-75.47383,6.29202],[-75.47372,6.29199],[-75.47375,6.2921]],[[-75.47517,6.31524],[-75.47525,6.31516],[-75.47513,6.31513],[-75.47517,6.31524]],[[-75.4804,6.31396],[-75.48048,6.31388],[-75.48037,6.31385],[-75.4804,6.31396]],[[-75.46991,6.20876],[-75.46999,6.20868],[-75.46988,6.20865],[-75.46991,6.20876]],[[-75.46575,6.20425],[-75.46583,6.20417],[-75.46572,6.20414],[-75.46575,6.20425]],[[-75.48015,6.21949],[-75.48023,6.21941],[-75.48012,6.21938],[-75.48015,6.21949]],[[-75.48052,6.22347],[-75.4806,6.22339],[-75.48049,6.22336],[-75.48052,6.22347]],[[-75.47463,6.25106],[-75.47471,6.25098],[-75.4746,6.25095],[-75.47463,6.25106]],[[-75.47393,6.29201],[-75.47401,6.29193],[-75.4739,6.2919],[-75.47393,6.29201]],[[-75.47259,6.26326],[-75.47267,6.26319],[-75.47256,6.26315],[-75.47259,6.26326]],[[-75.47233,6.26688],[-75.47241,6.2668],[-75.4723,6.26677],[-75.47233,6.26688]],[[-75.4752,6.29336],[-75.47528,6.29328],[-75.47517,6.29325],[-75.4752,6.29336]],[[-75.46927,6.30612],[-75.46935,6.30604],[-75.46924,6.30601],[-75.46927,6.30612]],[[-75.48426,6.30337],[-75.48434,6.30329],[-75.48423,6.30326],[-75.48426,6.30337]],[[-75.47556,6.26054],[-75.47564,6.26047],[-75.47553,6.26043],[-75.47556,6.26054]],[[-75.48956,6.22381],[-75.48964,6.22373],[-75.48953,6.2237],[-75.48956,6.22381]],[[-75.42781,6.30181],[-75.42796,6.30173],[-75.42776,6.30169],[-75.42781,6.30181]],[[-75.43603,6.30441],[-75.43619,6.30433],[-75.43598,6.30429],[-75.43603,6.30441]],[[-75.45376,6.30988],[-75.45392,6.3098],[-75.45371,6.30976],[-75.45376,6.30988]],[[-75.46018,6.31185],[-75.46034,6.31177],[-75.46013,6.31173],[-75.46018,6.31185]],[[-75.46712,6.30704],[-75.46728,6.30696],[-75.46707,6.30692],[-75.46712,6.30704]],[[-75.4215,6.27326],[-75.42166,6.27318],[-75.42145,6.27314],[-75.4215,6.27326]],[[-75.42465,6.27081],[-75.42481,6.27073],[-75.4246,6.27069],[-75.42465,6.27081]],[[-75.43701,6.22567],[-75.43716,6.22559],[-75.43696,6.22555],[-75.43701,6.22567]],[[-75.42447,6.27027],[-75.42463,6.27019],[-75.42442,6.27015],[-75.42447,6.27027]],[[-75.4353,6.26508],[-75.43546,6.26501],[-75.43525,6.26497],[-75.4353,6.26508]],[[-75.42683,6.27469],[-75.42699,6.27461],[-75.42678,6.27457],[-75.42683,6.27469]],[[-75.43355,6.21691],[-75.43371,6.21683],[-75.4335,6.21679],[-75.43355,6.21691]],[[-75.43624,6.28],[-75.4364,6.27992],[-75.43619,6.27988],[-75.43624,6.28]],[[-75.43629,6.23019],[-75.43645,6.23011],[-75.43624,6.23007],[-75.43629,6.23019]],[[-75.43503,6.26499],[-75.43519,6.26492],[-75.43498,6.26488],[-75.43503,6.26499]],[[-75.43188,6.27025],[-75.43204,6.27017],[-75.43183,6.27013],[-75.43188,6.27025]],[[-75.43604,6.23869],[-75.4362,6.23861],[-75.436,6.23857],[-75.43604,6.23869]],[[-75.4352,6.22703],[-75.43536,6.22695],[-75.43515,6.22691],[-75.4352,6.22703]],[[-75.43583,6.22431],[-75.43599,6.22423],[-75.43578,6.2242],[-75.43583,6.22431]],[[-75.39383,6.26329],[-75.39399,6.26321],[-75.39378,6.26318],[-75.39383,6.26329]],[[-75.39419,6.26365],[-75.39435,6.26357],[-75.39414,6.26354],[-75.39419,6.26365]],[[-75.44889,6.28141],[-75.44905,6.28133],[-75.44884,6.2813],[-75.44889,6.28141]],[[-75.45214,6.27996],[-75.4523,6.27988],[-75.45209,6.27984],[-75.45214,6.27996]],[[-75.43953,6.26019],[-75.43969,6.26011],[-75.43948,6.26008],[-75.43953,6.26019]],[[-75.45354,6.22671],[-75.4537,6.22663],[-75.45349,6.22659],[-75.45354,6.22671]],[[-75.44873,6.22012],[-75.44889,6.22004],[-75.44868,6.22001],[-75.44873,6.22012]],[[-75.45345,6.22707],[-75.45361,6.22699],[-75.4534,6.22695],[-75.45345,6.22707]],[[-75.44244,6.26724],[-75.4426,6.26716],[-75.44239,6.26712],[-75.44244,6.26724]],[[-75.45039,6.26604],[-75.45055,6.26596],[-75.45034,6.26593],[-75.45039,6.26604]],[[-75.45027,6.289],[-75.45043,6.28892],[-75.45022,6.28889],[-75.45027,6.289]],[[-75.45268,6.2108],[-75.45284,6.21072],[-75.45264,6.21068],[-75.45268,6.2108]],[[-75.44645,6.20973],[-75.44661,6.20965],[-75.4464,6.20962],[-75.44645,6.20973]],[[-75.44845,6.21569],[-75.44861,6.21561],[-75.4484,6.21558],[-75.44845,6.21569]],[[-75.44721,6.22374],[-75.44737,6.22366],[-75.44716,6.22363],[-75.44721,6.22374]],[[-75.39539,6.27215],[-75.39554,6.27207],[-75.39534,6.27203],[-75.39539,6.27215]],[[-75.38997,6.27225],[-75.39012,6.27217],[-75.38992,6.27214],[-75.38997,6.27225]],[[-75.44969,6.27671],[-75.44985,6.27663],[-75.44965,6.27659],[-75.44969,6.27671]],[[-75.45033,6.27662],[-75.45049,6.27654],[-75.45028,6.2765],[-75.45033,6.27662]],[[-75.45084,6.26559],[-75.451,6.26551],[-75.45079,6.26547],[-75.45084,6.26559]],[[-75.45084,6.26613],[-75.451,6.26605],[-75.45079,6.26601],[-75.45084,6.26613]],[[-75.44875,6.29533],[-75.44891,6.29526],[-75.4487,6.29522],[-75.44875,6.29533]],[[-75.44907,6.20972],[-75.44923,6.20965],[-75.44902,6.20961],[-75.44907,6.20972]],[[-75.44785,6.26306],[-75.44801,6.26298],[-75.4478,6.26295],[-75.44785,6.26306]],[[-75.45382,6.26531],[-75.45398,6.26523],[-75.45377,6.26519],[-75.45382,6.26531]],[[-75.45463,6.2644],[-75.45479,6.26432],[-75.45458,6.26429],[-75.45463,6.2644]],[[-75.46142,6.26809],[-75.46158,6.26801],[-75.46137,6.26798],[-75.46142,6.26809]],[[-75.39294,6.27035],[-75.3931,6.27027],[-75.39289,6.27023],[-75.39294,6.27035]],[[-75.39557,6.27188],[-75.39572,6.2718],[-75.39552,6.27176],[-75.39557,6.27188]],[[-75.45647,6.24198],[-75.45663,6.2419],[-75.45642,6.24186],[-75.45647,6.24198]],[[-75.46203,6.29367],[-75.46218,6.29359],[-75.46198,6.29356],[-75.46203,6.29367]],[[-75.40077,6.25622],[-75.40092,6.25614],[-75.40072,6.25611],[-75.40077,6.25622]],[[-75.40077,6.25577],[-75.40092,6.25569],[-75.40072,6.25566],[-75.40077,6.25577]],[[-75.46456,6.26049],[-75.46472,6.26041],[-75.46451,6.26037],[-75.46456,6.26049]],[[-75.46169,6.23428],[-75.46185,6.2342],[-75.46164,6.23416],[-75.46169,6.23428]],[[-75.46131,6.29684],[-75.46147,6.29676],[-75.46126,6.29672],[-75.46131,6.29684]],[[-75.40473,6.25278],[-75.40489,6.2527],[-75.40468,6.25266],[-75.40473,6.25278]],[[-75.46895,6.24845],[-75.46911,6.24837],[-75.4689,6.24834],[-75.46895,6.24845]],[[-75.45981,6.24197],[-75.45997,6.24189],[-75.45976,6.24185],[-75.45981,6.24197]],[[-75.45732,6.22299],[-75.45748,6.22291],[-75.45727,6.22288],[-75.45732,6.22299]],[[-75.45417,6.22652],[-75.45433,6.22645],[-75.45412,6.22641],[-75.45417,6.22652]],[[-75.45301,6.26477],[-75.45316,6.26469],[-75.45296,6.26465],[-75.45301,6.26477]],[[-75.45284,6.27037],[-75.453,6.27029],[-75.45279,6.27026],[-75.45284,6.27037]],[[-75.41341,6.21886],[-75.41357,6.21878],[-75.41336,6.21874],[-75.41341,6.21886]],[[-75.40077,6.25604],[-75.40092,6.25596],[-75.40072,6.25593],[-75.40077,6.25604]],[[-75.41288,6.26008],[-75.41304,6.26],[-75.41283,6.25997],[-75.41288,6.26008]],[[-75.4107,6.25557],[-75.41086,6.25549],[-75.41065,6.25545],[-75.4107,6.25557]],[[-75.4118,6.26198],[-75.41196,6.2619],[-75.41175,6.26187],[-75.4118,6.26198]],[[-75.41596,6.26161],[-75.41612,6.26153],[-75.41591,6.26149],[-75.41596,6.26161]],[[-75.4566,6.22146],[-75.45676,6.22138],[-75.45655,6.22134],[-75.4566,6.22146]],[[-75.40789,6.25286],[-75.40805,6.25278],[-75.40785,6.25275],[-75.40789,6.25286]],[[-75.45823,6.25969],[-75.45839,6.25961],[-75.45818,6.25958],[-75.45823,6.25969]],[[-75.46736,6.26102],[-75.46752,6.26094],[-75.46731,6.26091],[-75.46736,6.26102]],[[-75.46378,6.2387],[-75.46394,6.23863],[-75.46373,6.23859],[-75.46378,6.2387]],[[-75.4187,6.27344],[-75.41886,6.27337],[-75.41865,6.27333],[-75.4187,6.27344]],[[-75.47441,6.26037],[-75.47456,6.26029],[-75.47436,6.26026],[-75.47441,6.26037]],[[-75.4723,6.24863],[-75.47245,6.24855],[-75.47225,6.24851],[-75.4723,6.24863]],[[-75.41395,6.21705],[-75.41411,6.21697],[-75.4139,6.21693],[-75.41395,6.21705]],[[-75.47551,6.19799],[-75.47566,6.19791],[-75.47546,6.19788],[-75.47551,6.19799]],[[-75.41857,6.2569],[-75.41872,6.25682],[-75.41852,6.25679],[-75.41857,6.2569]],[[-75.47572,6.21038],[-75.47588,6.2103],[-75.47567,6.21026],[-75.47572,6.21038]],[[-75.48488,6.22427],[-75.48504,6.2242],[-75.48483,6.22416],[-75.48488,6.22427]],[[-75.42496,6.21711],[-75.42504,6.21695],[-75.42492,6.2169],[-75.42496,6.21711]],[[-75.42236,6.2634],[-75.42244,6.26325],[-75.42233,6.2632],[-75.42236,6.2634]],[[-75.42788,6.26709],[-75.42796,6.26694],[-75.42785,6.26689],[-75.42788,6.26709]],[[-75.4289,6.27523],[-75.42898,6.27507],[-75.42886,6.27502],[-75.4289,6.27523]],[[-75.42743,6.26755],[-75.42751,6.26739],[-75.4274,6.26734],[-75.42743,6.26755]],[[-75.42744,6.27143],[-75.42752,6.27128],[-75.42741,6.27123],[-75.42744,6.27143]],[[-75.43976,6.24735],[-75.43984,6.2472],[-75.43972,6.24715],[-75.43976,6.24735]],[[-75.433,6.21736],[-75.43308,6.2172],[-75.43296,6.21715],[-75.433,6.21736]],[[-75.43502,6.26599],[-75.4351,6.26583],[-75.43498,6.26578],[-75.43502,6.26599]],[[-75.44481,6.20983],[-75.44489,6.20967],[-75.44477,6.20962],[-75.44481,6.20983]],[[-75.44142,6.26082],[-75.4415,6.26066],[-75.44138,6.26061],[-75.44142,6.26082]],[[-75.42958,6.26013],[-75.42966,6.25997],[-75.42955,6.25992],[-75.42958,6.26013]],[[-75.43578,6.27973],[-75.43586,6.27957],[-75.43574,6.27952],[-75.43578,6.27973]],[[-75.43203,6.29719],[-75.43211,6.29703],[-75.43199,6.29698],[-75.43203,6.29719]],[[-75.44202,6.21417],[-75.4421,6.21402],[-75.44198,6.21397],[-75.44202,6.21417]],[[-75.45011,6.26839],[-75.45019,6.26824],[-75.45008,6.26819],[-75.45011,6.26839]],[[-75.44257,6.28649],[-75.44265,6.28634],[-75.44253,6.28629],[-75.44257,6.28649]],[[-75.44046,6.2384],[-75.44054,6.23825],[-75.44042,6.2382],[-75.44046,6.2384]],[[-75.45059,6.27833],[-75.45067,6.27818],[-75.45055,6.27813],[-75.45059,6.27833]],[[-75.45846,6.2125],[-75.45854,6.21235],[-75.45842,6.2123],[-75.45846,6.2125]],[[-75.45469,6.22399],[-75.45477,6.22384],[-75.45466,6.22379],[-75.45469,6.22399]],[[-75.44427,6.24653],[-75.44435,6.24637],[-75.44424,6.24632],[-75.44427,6.24653]],[[-75.45403,6.21125],[-75.45411,6.21109],[-75.45399,6.21104],[-75.45403,6.21125]],[[-75.45758,6.22191],[-75.45766,6.22175],[-75.45754,6.2217],[-75.45758,6.22191]],[[-75.45319,6.26938],[-75.45327,6.26922],[-75.45315,6.26917],[-75.45319,6.26938]],[[-75.46293,6.23147],[-75.46301,6.23132],[-75.4629,6.23127],[-75.46293,6.23147]],[[-75.45262,6.29334],[-75.4527,6.29318],[-75.45258,6.29313],[-75.45262,6.29334]],[[-75.4557,6.26368],[-75.45578,6.26352],[-75.45566,6.26347],[-75.4557,6.26368]],[[-75.46408,6.25443],[-75.46416,6.25428],[-75.46404,6.25423],[-75.46408,6.25443]],[[-75.45343,6.2579],[-75.45351,6.25774],[-75.45339,6.25769],[-75.45343,6.2579]],[[-75.45568,6.25455],[-75.45576,6.25439],[-75.45564,6.25434],[-75.45568,6.25455]],[[-75.45596,6.25934],[-75.45604,6.25918],[-75.45592,6.25913],[-75.45596,6.25934]],[[-75.45701,6.20997],[-75.45709,6.20982],[-75.45697,6.20977],[-75.45701,6.20997]],[[-75.46426,6.25479],[-75.46434,6.25464],[-75.46422,6.25459],[-75.46426,6.25479]],[[-75.45855,6.24676],[-75.45863,6.24661],[-75.45851,6.24656],[-75.45855,6.24676]],[[-75.45076,6.20674],[-75.45085,6.20658],[-75.45073,6.20653],[-75.45076,6.20674]],[[-75.45715,6.2653],[-75.45723,6.26514],[-75.45711,6.26509],[-75.45715,6.2653]],[[-75.4537,6.25853],[-75.45378,6.25837],[-75.45366,6.25832],[-75.4537,6.25853]],[[-75.45633,6.26123],[-75.45641,6.26108],[-75.45629,6.26103],[-75.45633,6.26123]],[[-75.46109,6.21575],[-75.46117,6.21559],[-75.46105,6.21554],[-75.46109,6.21575]],[[-75.46702,6.20371],[-75.4671,6.20356],[-75.46698,6.20351],[-75.46702,6.20371]],[[-75.46086,6.269],[-75.46094,6.26884],[-75.46083,6.26879],[-75.46086,6.269]],[[-75.45957,6.22262],[-75.45965,6.22247],[-75.45953,6.22242],[-75.45957,6.22262]],[[-75.45588,6.22797],[-75.45596,6.22781],[-75.45584,6.22776],[-75.45588,6.22797]],[[-75.46303,6.2322],[-75.46311,6.23204],[-75.46299,6.23199],[-75.46303,6.2322]],[[-75.46989,6.26472],[-75.46997,6.26457],[-75.46985,6.26452],[-75.46989,6.26472]],[[-75.45691,6.24116],[-75.45699,6.24101],[-75.45687,6.24096],[-75.45691,6.24116]],[[-75.4717,6.19836],[-75.47178,6.19821],[-75.47166,6.19816],[-75.4717,6.19836]],[[-75.46901,6.20732],[-75.46909,6.20717],[-75.46898,6.20712],[-75.46901,6.20732]],[[-75.47095,6.22413],[-75.47103,6.22398],[-75.47092,6.22393],[-75.47095,6.22413]],[[-75.47115,6.22946],[-75.47123,6.22931],[-75.47111,6.22926],[-75.47115,6.22946]],[[-75.47554,6.24952],[-75.47562,6.24937],[-75.4755,6.24932],[-75.47554,6.24952]],[[-75.4773,6.3005],[-75.47738,6.30035],[-75.47726,6.3003],[-75.4773,6.3005]],[[-75.4772,6.2986],[-75.47729,6.29845],[-75.47717,6.2984],[-75.4772,6.2986]],[[-75.46627,6.29728],[-75.46635,6.29712],[-75.46623,6.29707],[-75.46627,6.29728]],[[-75.46869,6.25677],[-75.46877,6.25662],[-75.46865,6.25657],[-75.46869,6.25677]],[[-75.46853,6.26581],[-75.46862,6.26566],[-75.4685,6.26561],[-75.46853,6.26581]],[[-75.47513,6.26507],[-75.47521,6.26492],[-75.47509,6.26487],[-75.47513,6.26507]],[[-75.47683,6.22728],[-75.47692,6.22712],[-75.4768,6.22707],[-75.47683,6.22728]],[[-75.47082,6.20804],[-75.4709,6.20788],[-75.47078,6.20783],[-75.47082,6.20804]],[[-75.4688,6.26482],[-75.46888,6.26466],[-75.46877,6.26461],[-75.4688,6.26482]],[[-75.47175,6.21943],[-75.47184,6.21927],[-75.47172,6.21922],[-75.47175,6.21943]],[[-75.47795,6.27501],[-75.47804,6.27485],[-75.47792,6.2748],[-75.47795,6.27501]],[[-75.38105,6.21794],[-75.38114,6.21779],[-75.38102,6.21774],[-75.38105,6.21794]],[[-75.38782,6.25074],[-75.3879,6.25059],[-75.38778,6.25054],[-75.38782,6.25074]],[[-75.4001,6.24637],[-75.40018,6.24622],[-75.40006,6.24617],[-75.4001,6.24637]],[[-75.40418,6.25188],[-75.40426,6.25172],[-75.40414,6.25167],[-75.40418,6.25188]],[[-75.39239,6.27351],[-75.39248,6.27336],[-75.39236,6.27331],[-75.39239,6.27351]],[[-75.43703,6.311],[-75.43711,6.31085],[-75.437,6.3108],[-75.43703,6.311]],[[-75.4002,6.25125],[-75.40028,6.2511],[-75.40016,6.25105],[-75.4002,6.25125]],[[-75.40084,6.25532],[-75.40092,6.25516],[-75.4008,6.25511],[-75.40084,6.25532]],[[-75.43162,6.31256],[-75.4317,6.3124],[-75.43158,6.31235],[-75.43162,6.31256]],[[-75.40743,6.21652],[-75.40751,6.21636],[-75.40739,6.21631],[-75.40743,6.21652]],[[-75.40933,6.25222],[-75.40941,6.25207],[-75.40929,6.25202],[-75.40933,6.25222]],[[-75.40582,6.25992],[-75.4059,6.25976],[-75.40579,6.25971],[-75.40582,6.25992]],[[-75.41226,6.27111],[-75.41235,6.27096],[-75.41223,6.27091],[-75.41226,6.27111]],[[-75.44954,6.32471],[-75.44962,6.32456],[-75.4495,6.32451],[-75.44954,6.32471]],[[-75.41688,6.27535],[-75.41696,6.27519],[-75.41685,6.27514],[-75.41688,6.27535]],[[-75.41622,6.26387],[-75.4163,6.26371],[-75.41618,6.26366],[-75.41622,6.26387]],[[-75.45391,6.30291],[-75.45399,6.30276],[-75.45387,6.30271],[-75.45391,6.30291]],[[-75.46322,6.30669],[-75.4633,6.30653],[-75.46319,6.30648],[-75.46322,6.30669]],[[-75.45599,6.30643],[-75.45607,6.30628],[-75.45596,6.30623],[-75.45599,6.30643]],[[-75.41965,6.26368],[-75.41973,6.26352],[-75.41962,6.26347],[-75.41965,6.26368]],[[-75.46008,6.31402],[-75.46016,6.31386],[-75.46004,6.31381],[-75.46008,6.31402]],[[-75.46061,6.31076],[-75.46069,6.31061],[-75.46058,6.31056],[-75.46061,6.31076]],[[-75.47235,6.30612],[-75.47243,6.30596],[-75.47231,6.30591],[-75.47235,6.30612]],[[-75.38439,6.21726],[-75.38433,6.21748],[-75.38447,6.21734],[-75.38439,6.21726]],[[-75.39344,6.23003],[-75.3933,6.22989],[-75.39322,6.22997],[-75.39344,6.23003]],[[-75.39198,6.25978],[-75.39176,6.25972],[-75.3919,6.25986],[-75.39198,6.25978]],[[-75.39652,6.22835],[-75.39638,6.22849],[-75.39646,6.22857],[-75.39652,6.22835]],[[-75.41,6.23984],[-75.40986,6.2397],[-75.40978,6.23978],[-75.41,6.23984]],[[-75.40517,6.26029],[-75.40495,6.26023],[-75.4051,6.26037],[-75.40517,6.26029]],[[-75.41618,6.24864],[-75.41612,6.24886],[-75.41626,6.24872],[-75.41618,6.24864]],[[-75.42518,6.20133],[-75.42504,6.20147],[-75.42512,6.20155],[-75.42518,6.20133]],[[-75.43903,6.2455],[-75.43896,6.24572],[-75.4391,6.24558],[-75.43903,6.2455]],[[-75.44252,6.26755],[-75.44237,6.26769],[-75.44245,6.26777],[-75.44252,6.26755]],[[-75.44143,6.30272],[-75.44129,6.30286],[-75.44137,6.30294],[-75.44143,6.30272]],[[-75.44352,6.2351],[-75.44337,6.23524],[-75.44345,6.23532],[-75.44352,6.2351]],[[-75.44843,6.28236],[-75.44837,6.28258],[-75.44851,6.28244],[-75.44843,6.28236]],[[-75.44989,6.28887],[-75.44983,6.28909],[-75.44997,6.28895],[-75.44989,6.28887]],[[-75.44467,6.30032],[-75.44453,6.30018],[-75.44445,6.30026],[-75.44467,6.30032]],[[-75.44278,6.30028],[-75.44264,6.30042],[-75.44272,6.3005],[-75.44278,6.30028]],[[-75.45983,6.22303],[-75.45969,6.22317],[-75.45977,6.22325],[-75.45983,6.22303]],[[-75.45067,6.20678],[-75.45053,6.20692],[-75.45061,6.207],[-75.45067,6.20678]],[[-75.46034,6.31316],[-75.4602,6.3133],[-75.46028,6.31338],[-75.46034,6.31316]],[[-75.46655,6.20535],[-75.46633,6.20528],[-75.46647,6.20542],[-75.46655,6.20535]],[[-75.46107,6.21494],[-75.46093,6.2148],[-75.46085,6.21488],[-75.46107,6.21494]],[[-75.45994,6.26416],[-75.4598,6.2643],[-75.45988,6.26438],[-75.45994,6.26416]],[[-75.46014,6.27452],[-75.45992,6.27446],[-75.46006,6.2746],[-75.46014,6.27452]],[[-75.46149,6.30724],[-75.46127,6.30718],[-75.46141,6.30732],[-75.46149,6.30724]],[[-75.46211,6.29688],[-75.46197,6.29702],[-75.46205,6.2971],[-75.46211,6.29688]],[[-75.46823,6.22102],[-75.46809,6.22116],[-75.46817,6.22124],[-75.46823,6.22102]],[[-75.46736,6.3075],[-75.46714,6.30743],[-75.46729,6.30757],[-75.46736,6.3075]],[[-75.47439,6.26743],[-75.47417,6.26737],[-75.47432,6.26751],[-75.47439,6.26743]],[[-75.4719,6.20863],[-75.47176,6.20877],[-75.47184,6.20885],[-75.4719,6.20863]],[[-75.47258,6.2301],[-75.47236,6.23004],[-75.4725,6.23018],[-75.47258,6.2301]],[[-75.46995,6.25931],[-75.46973,6.25924],[-75.46987,6.25938],[-75.46995,6.25931]],[[-75.47546,6.25947],[-75.47524,6.25941],[-75.47538,6.25955],[-75.47546,6.25947]],[[-75.47498,6.31339],[-75.47484,6.31353],[-75.47492,6.31361],[-75.47498,6.31339]],[[-75.48534,6.30161],[-75.48528,6.30183],[-75.48542,6.30169],[-75.48534,6.30161]],[[-75.47995,6.31374],[-75.47989,6.31396],[-75.48003,6.31382],[-75.47995,6.31374]],[[-75.48561,6.30197],[-75.48547,6.30211],[-75.48555,6.30219],[-75.48561,6.30197]],[[-75.41081,6.25891],[-75.41105,6.25883],[-75.41075,6.2588],[-75.41081,6.25891]],[[-75.42798,6.22551],[-75.42822,6.22543],[-75.42792,6.22539],[-75.42798,6.22551]],[[-75.43181,6.27296],[-75.43205,6.27288],[-75.43175,6.27284],[-75.43181,6.27296]],[[-75.42567,6.27487],[-75.42591,6.2748],[-75.42561,6.27476],[-75.42567,6.27487]],[[-75.44247,6.23921],[-75.44271,6.23914],[-75.44241,6.2391],[-75.44247,6.23921]],[[-75.40944,6.25132],[-75.40968,6.25124],[-75.40938,6.2512],[-75.40944,6.25132]],[[-75.41834,6.2692],[-75.41858,6.26912],[-75.41828,6.26908],[-75.41834,6.2692]],[[-75.43667,6.23019],[-75.43691,6.23011],[-75.43661,6.23007],[-75.43667,6.23019]],[[-75.45295,6.2381],[-75.45319,6.23802],[-75.45289,6.23798],[-75.45295,6.2381]],[[-75.45178,6.27625],[-75.45202,6.27618],[-75.45172,6.27614],[-75.45178,6.27625]],[[-75.44682,6.20856],[-75.44706,6.20848],[-75.44676,6.20844],[-75.44682,6.20856]],[[-75.44948,6.25863],[-75.44972,6.25855],[-75.44942,6.25851],[-75.44948,6.25863]],[[-75.44921,6.26008],[-75.44945,6.26],[-75.44915,6.25996],[-75.44921,6.26008]],[[-75.45382,6.22481],[-75.45406,6.22473],[-75.45376,6.22469],[-75.45382,6.22481]],[[-75.45054,6.21578],[-75.45078,6.2157],[-75.45048,6.21566],[-75.45054,6.21578]],[[-75.45347,6.26486],[-75.45371,6.26478],[-75.45341,6.26474],[-75.45347,6.26486]],[[-75.45579,6.25346],[-75.45603,6.25338],[-75.45573,6.25335],[-75.45579,6.25346]],[[-75.46096,6.29693],[-75.4612,6.29685],[-75.4609,6.29681],[-75.46096,6.29693]],[[-75.45091,6.28837],[-75.45115,6.28829],[-75.45085,6.28825],[-75.45091,6.28837]],[[-75.45498,6.25482],[-75.45522,6.25474],[-75.45492,6.2547],[-75.45498,6.25482]],[[-75.4517,6.28005],[-75.45194,6.27997],[-75.45164,6.27993],[-75.4517,6.28005]],[[-75.45494,6.27561],[-75.45518,6.27553],[-75.45488,6.2755],[-75.45494,6.27561]],[[-75.46943,6.2527],[-75.46967,6.25262],[-75.46937,6.25259],[-75.46943,6.2527]],[[-75.46011,6.24586],[-75.46035,6.24578],[-75.46004,6.24574],[-75.46011,6.24586]],[[-75.45698,6.22534],[-75.45722,6.22527],[-75.45692,6.22523],[-75.45698,6.22534]],[[-75.45923,6.22344],[-75.45947,6.22336],[-75.45917,6.22332],[-75.45923,6.22344]],[[-75.45913,6.21774],[-75.45937,6.21767],[-75.45907,6.21763],[-75.45913,6.21774]],[[-75.46564,6.22189],[-75.46588,6.22181],[-75.46558,6.22177],[-75.46564,6.22189]],[[-75.42648,6.30895],[-75.42672,6.30888],[-75.42642,6.30884],[-75.42648,6.30895]],[[-75.45783,6.30932],[-75.45807,6.30925],[-75.45777,6.30921],[-75.45783,6.30932]],[[-75.48754,6.30255],[-75.48778,6.30248],[-75.48748,6.30244],[-75.48754,6.30255]],[[-75.45919,6.31949],[-75.45904,6.31965],[-75.45912,6.31981],[-75.45919,6.31949]],[[-75.45805,6.303],[-75.45789,6.30285],[-75.45773,6.30293],[-75.45805,6.303]],[[-75.45072,6.26265],[-75.45058,6.26281],[-75.45066,6.26297],[-75.45072,6.26265]],[[-75.4576,6.26561],[-75.45754,6.26593],[-75.45768,6.26577],[-75.4576,6.26561]],[[-75.44946,6.29501],[-75.44939,6.29533],[-75.44954,6.29517],[-75.44946,6.29501]],[[-75.46474,6.3013],[-75.46468,6.30162],[-75.46482,6.30146],[-75.46474,6.3013]],[[-75.47251,6.26638],[-75.47245,6.2667],[-75.47259,6.26654],[-75.47251,6.26638]],[[-75.40788,6.25508],[-75.40774,6.25524],[-75.40782,6.25539],[-75.40788,6.25508]],[[-75.41692,6.25578],[-75.41677,6.25594],[-75.41685,6.25609],[-75.41692,6.25578]],[[-75.4612,6.26431],[-75.46089,6.26424],[-75.46105,6.26438],[-75.4612,6.26431]],[[-75.46784,6.24747],[-75.46753,6.24741],[-75.46769,6.24755],[-75.46784,6.24747]],[[-75.46452,6.22189],[-75.46436,6.22175],[-75.4642,6.22183],[-75.46452,6.22189]],[[-75.43071,6.24838],[-75.43056,6.24814],[-75.43048,6.2483],[-75.43071,6.24838]],[[-75.43085,6.26575],[-75.43063,6.26567],[-75.43077,6.26591],[-75.43085,6.26575]],[[-75.44501,6.25684],[-75.44486,6.2566],[-75.44478,6.25676],[-75.44501,6.25684]],[[-75.46245,6.25681],[-75.46222,6.25673],[-75.46237,6.25697],[-75.46245,6.25681]],[[-75.39964,6.2518],[-75.39949,6.25157],[-75.39941,6.25172],[-75.39964,6.2518]],[[-75.4734,6.26573],[-75.47318,6.26565],[-75.47332,6.26589],[-75.4734,6.26573]],[[-75.3959,6.26632],[-75.39566,6.26646],[-75.39581,6.26654],[-75.3959,6.26632]],[[-75.40735,6.25996],[-75.40712,6.26011],[-75.40727,6.26019],[-75.40735,6.25996]],[[-75.4107,6.26552],[-75.41055,6.26528],[-75.41047,6.26544],[-75.4107,6.26552]],[[-75.41436,6.27214],[-75.41428,6.27237],[-75.41451,6.27222],[-75.41436,6.27214]],[[-75.43089,6.27083],[-75.43081,6.27106],[-75.43104,6.27091],[-75.43089,6.27083]],[[-75.45616,6.29481],[-75.45608,6.29504],[-75.45631,6.29489],[-75.45616,6.29481]],[[-75.46139,6.29362],[-75.46131,6.29385],[-75.46155,6.2937],[-75.46139,6.29362]],[[-75.46994,6.25428],[-75.46971,6.25443],[-75.46986,6.25451],[-75.46994,6.25428]],[[-75.46166,6.29715],[-75.46142,6.2973],[-75.46158,6.29738],[-75.46166,6.29715]],[[-75.47539,6.26286],[-75.47515,6.263],[-75.47531,6.26308],[-75.47539,6.26286]],[[-75.39923,6.26138],[-75.39932,6.26115],[-75.39919,6.26108],[-75.39923,6.26138]],[[-75.40028,6.24673],[-75.40036,6.2465],[-75.40024,6.24644],[-75.40028,6.24673]],[[-75.41435,6.27337],[-75.41443,6.27313],[-75.41431,6.27307],[-75.41435,6.27337]],[[-75.41966,6.26404],[-75.41974,6.26381],[-75.41962,6.26374],[-75.41966,6.26404]],[[-75.43385,6.26618],[-75.43393,6.26594],[-75.43381,6.26588],[-75.43385,6.26618]],[[-75.45312,6.27625],[-75.4532,6.27602],[-75.45308,6.27595],[-75.45312,6.27625]],[[-75.45855,6.24514],[-75.45863,6.2449],[-75.45851,6.24484],[-75.45855,6.24514]],[[-75.46277,6.30714],[-75.46286,6.30691],[-75.46273,6.30684],[-75.46277,6.30714]],[[-75.46548,6.30641],[-75.46557,6.30618],[-75.46544,6.30611],[-75.46548,6.30641]],[[-75.46048,6.22588],[-75.46056,6.22564],[-75.46044,6.22558],[-75.46048,6.22588]],[[-75.46246,6.22108],[-75.46254,6.22085],[-75.46242,6.22078],[-75.46246,6.22108]],[[-75.46724,6.22107],[-75.46733,6.22083],[-75.46721,6.22077],[-75.46724,6.22107]],[[-75.4613,6.26122],[-75.46138,6.26099],[-75.46126,6.26092],[-75.4613,6.26122]],[[-75.46267,6.26709],[-75.46275,6.26686],[-75.46263,6.2668],[-75.46267,6.26709]],[[-75.46445,6.25769],[-75.46453,6.25745],[-75.46441,6.25739],[-75.46445,6.25769]],[[-75.46015,6.27271],[-75.46024,6.27247],[-75.46011,6.27241],[-75.46015,6.27271]],[[-75.47296,6.26544],[-75.47305,6.26521],[-75.47292,6.26514],[-75.47296,6.26544]],[[-75.47103,6.25198],[-75.47111,6.25174],[-75.47099,6.25168],[-75.47103,6.25198]],[[-75.47457,6.29066],[-75.47465,6.29042],[-75.47453,6.29036],[-75.47457,6.29066]],[[-75.47979,6.28612],[-75.47988,6.28589],[-75.47975,6.28583],[-75.47979,6.28612]],[[-75.47472,6.3128],[-75.4748,6.31257],[-75.47468,6.31251],[-75.47472,6.3128]],[[-75.39182,6.26003],[-75.39169,6.25993],[-75.39161,6.26014],[-75.39182,6.26003]],[[-75.41691,6.24839],[-75.41678,6.24829],[-75.4167,6.24851],[-75.41691,6.24839]],[[-75.43648,6.30439],[-75.43635,6.30429],[-75.43626,6.3045],[-75.43648,6.30439]],[[-75.44336,6.20801],[-75.44323,6.20791],[-75.44315,6.20812],[-75.44336,6.20801]],[[-75.45221,6.24107],[-75.45208,6.24097],[-75.452,6.24118],[-75.45221,6.24107]],[[-75.44446,6.21261],[-75.44433,6.21251],[-75.44425,6.21273],[-75.44446,6.21261]],[[-75.45272,6.26132],[-75.45259,6.26122],[-75.4525,6.26143],[-75.45272,6.26132]],[[-75.44186,6.25719],[-75.44173,6.25709],[-75.44165,6.2573],[-75.44186,6.25719]],[[-75.45708,6.23762],[-75.45695,6.23752],[-75.45687,6.23773],[-75.45708,6.23762]],[[-75.46556,6.19683],[-75.46543,6.19673],[-75.46534,6.19694],[-75.46556,6.19683]],[[-75.45373,6.26873],[-75.4536,6.26863],[-75.45352,6.26884],[-75.45373,6.26873]],[[-75.46416,6.31996],[-75.46403,6.31986],[-75.46395,6.32007],[-75.46416,6.31996]],[[-75.46897,6.22602],[-75.46884,6.22592],[-75.46876,6.22613],[-75.46897,6.22602]],[[-75.47654,6.25032],[-75.47641,6.25022],[-75.47632,6.25043],[-75.47654,6.25032]],[[-75.39872,6.23308],[-75.39888,6.233],[-75.39867,6.23288],[-75.39872,6.23308]],[[-75.41249,6.21605],[-75.41266,6.21597],[-75.41245,6.21585],[-75.41249,6.21605]],[[-75.40981,6.26271],[-75.40998,6.26262],[-75.40977,6.2625],[-75.40981,6.26271]],[[-75.44217,6.30285],[-75.44234,6.30277],[-75.44212,6.30265],[-75.44217,6.30285]],[[-75.45357,6.31014],[-75.45374,6.31006],[-75.45353,6.30994],[-75.45357,6.31014]],[[-75.43232,6.30134],[-75.43249,6.30125],[-75.43227,6.30114],[-75.43232,6.30134]],[[-75.4626,6.30605],[-75.46276,6.30597],[-75.46255,6.30585],[-75.4626,6.30605]],[[-75.44066,6.24464],[-75.44083,6.24455],[-75.44062,6.24444],[-75.44066,6.24464]],[[-75.45998,6.30796],[-75.46015,6.30787],[-75.45994,6.30776],[-75.45998,6.30796]],[[-75.46684,6.30703],[-75.46701,6.30695],[-75.4668,6.30683],[-75.46684,6.30703]],[[-75.45064,6.22436],[-75.45081,6.22428],[-75.45059,6.22416],[-75.45064,6.22436]],[[-75.45515,6.22272],[-75.45532,6.22264],[-75.45511,6.22252],[-75.45515,6.22272]],[[-75.45704,6.25418],[-75.45721,6.25409],[-75.45699,6.25397],[-75.45704,6.25418]],[[-75.4578,6.23392],[-75.45797,6.23384],[-75.45775,6.23372],[-75.4578,6.23392]],[[-75.45762,6.23483],[-75.45779,6.23474],[-75.45758,6.23463],[-75.45762,6.23483]],[[-75.45535,6.26476],[-75.45552,6.26467],[-75.45531,6.26456],[-75.45535,6.26476]],[[-75.45746,6.2436],[-75.45763,6.24351],[-75.45742,6.2434],[-75.45746,6.2436]],[[-75.45357,6.27606],[-75.45374,6.27598],[-75.45353,6.27586],[-75.45357,6.27606]],[[-75.45367,6.21043],[-75.45384,6.21035],[-75.45363,6.21023],[-75.45367,6.21043]],[[-75.47031,6.25161],[-75.47048,6.25152],[-75.47027,6.25141],[-75.47031,6.25161]],[[-75.46344,6.25136],[-75.46361,6.25127],[-75.4634,6.25116],[-75.46344,6.25136]],[[-75.47636,6.25087],[-75.47653,6.25079],[-75.47632,6.25067],[-75.47636,6.25087]],[[-75.47776,6.30122],[-75.47793,6.30113],[-75.47772,6.30102],[-75.47776,6.30122]],[[-75.47974,6.23007],[-75.47991,6.22998],[-75.4797,6.22987],[-75.47974,6.23007]],[[-75.42635,6.26926],[-75.42652,6.26909],[-75.42632,6.26906],[-75.42635,6.26926]],[[-75.43317,6.21907],[-75.43334,6.2189],[-75.43314,6.21887],[-75.43317,6.21907]],[[-75.44405,6.30076],[-75.44422,6.30059],[-75.44402,6.30057],[-75.44405,6.30076]],[[-75.45865,6.29051],[-75.45883,6.29034],[-75.45863,6.29031],[-75.45865,6.29051]],[[-75.45663,6.20653],[-75.4568,6.20636],[-75.4566,6.20633],[-75.45663,6.20653]],[[-75.46907,6.26544],[-75.46924,6.26527],[-75.46904,6.26524],[-75.46907,6.26544]],[[-75.39102,6.27225],[-75.39112,6.27209],[-75.39091,6.27204],[-75.39102,6.27225]],[[-75.38832,6.23836],[-75.38842,6.23819],[-75.38821,6.23815],[-75.38832,6.23836]],[[-75.39453,6.26438],[-75.39463,6.26422],[-75.39441,6.26417],[-75.39453,6.26438]],[[-75.4001,6.25171],[-75.4002,6.25154],[-75.39998,6.2515],[-75.4001,6.25171]],[[-75.39576,6.25072],[-75.39586,6.25056],[-75.39564,6.25052],[-75.39576,6.25072]],[[-75.4153,6.2617],[-75.4154,6.26154],[-75.41519,6.2615],[-75.4153,6.2617]],[[-75.42017,6.22182],[-75.42027,6.22166],[-75.42005,6.22162],[-75.42017,6.22182]],[[-75.41612,6.26324],[-75.41622,6.26308],[-75.416,6.26303],[-75.41612,6.26324]],[[-75.43868,6.25667],[-75.43878,6.25651],[-75.43857,6.25646],[-75.43868,6.25667]],[[-75.44218,6.20956],[-75.44228,6.2094],[-75.44206,6.20936],[-75.44218,6.20956]],[[-75.45319,6.20727],[-75.45329,6.20711],[-75.45308,6.20707],[-75.45319,6.20727]],[[-75.45849,6.26503],[-75.45859,6.26486],[-75.45838,6.26482],[-75.45849,6.26503]],[[-75.4554,6.22462],[-75.4555,6.22446],[-75.45529,6.22442],[-75.4554,6.22462]],[[-75.47556,6.262],[-75.47566,6.26184],[-75.47544,6.26179],[-75.47556,6.262]],[[-75.48299,6.30483],[-75.48309,6.30467],[-75.48288,6.30462],[-75.48299,6.30483]],[[-75.39137,6.23103],[-75.39106,6.23088],[-75.39129,6.23111],[-75.39137,6.23103]],[[-75.41741,6.27562],[-75.4171,6.27547],[-75.41733,6.2757],[-75.41741,6.27562]],[[-75.4601,6.28993],[-75.45995,6.29024],[-75.46018,6.29001],[-75.4601,6.28993]],[[-75.46247,6.29715],[-75.46224,6.29738],[-75.46232,6.29746],[-75.46247,6.29715]],[[-75.46583,6.20607],[-75.46552,6.20592],[-75.46575,6.20615],[-75.46583,6.20607]],[[-75.47079,6.26748],[-75.47056,6.26771],[-75.47064,6.26779],[-75.47079,6.26748]],[[-75.42752,6.26803],[-75.42779,6.26803],[-75.42749,6.26788],[-75.42752,6.26803]],[[-75.48536,6.30847],[-75.48563,6.30847],[-75.48533,6.30832],[-75.48536,6.30847]],[[-75.38759,6.21857],[-75.38774,6.21842],[-75.38752,6.21835],[-75.38759,6.21857]],[[-75.3898,6.27281],[-75.38996,6.27265],[-75.38974,6.27259],[-75.3898,6.27281]],[[-75.40953,6.25088],[-75.40969,6.25072],[-75.40947,6.25066],[-75.40953,6.25088]],[[-75.42547,6.26747],[-75.42563,6.26732],[-75.42541,6.26726],[-75.42547,6.26747]],[[-75.42286,6.27272],[-75.42302,6.27257],[-75.4228,6.27251],[-75.42286,6.27272]],[[-75.42785,6.28075],[-75.42801,6.2806],[-75.42779,6.28054],[-75.42785,6.28075]],[[-75.42667,6.31014],[-75.42682,6.30998],[-75.4266,6.30992],[-75.42667,6.31014]],[[-75.43542,6.23825],[-75.43558,6.23809],[-75.43536,6.23803],[-75.43542,6.23825]],[[-75.44294,6.20876],[-75.44309,6.2086],[-75.44287,6.20854],[-75.44294,6.20876]],[[-75.4414,6.20985],[-75.44156,6.20969],[-75.44134,6.20963],[-75.4414,6.20985]],[[-75.44899,6.27961],[-75.44915,6.27946],[-75.44893,6.2794],[-75.44899,6.27961]],[[-75.45609,6.29759],[-75.45625,6.29743],[-75.45602,6.29737],[-75.45609,6.29759]],[[-75.4537,6.21578],[-75.45386,6.21563],[-75.45364,6.21556],[-75.4537,6.21578]],[[-75.4605,6.22327],[-75.46066,6.22311],[-75.46044,6.22305],[-75.4605,6.22327]],[[-75.45483,6.26532],[-75.45499,6.26516],[-75.45476,6.2651],[-75.45483,6.26532]],[[-75.46448,6.22624],[-75.46464,6.22608],[-75.46442,6.22602],[-75.46448,6.22624]],[[-75.46271,6.30941],[-75.46287,6.30926],[-75.46265,6.30919],[-75.46271,6.30941]],[[-75.47578,6.29618],[-75.47594,6.29602],[-75.47572,6.29596],[-75.47578,6.29618]],[[-75.47878,6.20233],[-75.47894,6.20218],[-75.47872,6.20212],[-75.47878,6.20233]],[[-75.46462,6.25535],[-75.4642,6.25528],[-75.46438,6.25543],[-75.46462,6.25535]],[[-75.43873,6.30604],[-75.43832,6.30597],[-75.43849,6.30612],[-75.43873,6.30604]],[[-75.45915,6.30483],[-75.45909,6.30525],[-75.45923,6.30507],[-75.45915,6.30483]],[[-75.4481,6.29502],[-75.44795,6.29519],[-75.44803,6.29543],[-75.4481,6.29502]],[[-75.44008,6.27321],[-75.44002,6.27298],[-75.43985,6.27314],[-75.44008,6.27321]],[[-75.45828,6.30309],[-75.4586,6.30301],[-75.45821,6.30297],[-75.45828,6.30309]],[[-75.4342,6.21411],[-75.43452,6.21403],[-75.43413,6.21399],[-75.4342,6.21411]],[[-75.45285,6.2654],[-75.45317,6.26533],[-75.45278,6.26529],[-75.45285,6.2654]],[[-75.45448,6.26603],[-75.4548,6.26595],[-75.45441,6.26591],[-75.45448,6.26603]],[[-75.45579,6.2155],[-75.45611,6.21542],[-75.45572,6.21538],[-75.45579,6.2155]],[[-75.44931,6.22546],[-75.44964,6.22538],[-75.44924,6.22534],[-75.44931,6.22546]],[[-75.45732,6.24975],[-75.45765,6.24967],[-75.45725,6.24963],[-75.45732,6.24975]],[[-75.45477,6.24072],[-75.4551,6.24064],[-75.4547,6.2406],[-75.45477,6.24072]],[[-75.42275,6.27194],[-75.42268,6.27235],[-75.42283,6.27209],[-75.42275,6.27194]],[[-75.46182,6.21931],[-75.46167,6.21957],[-75.46175,6.21973],[-75.46182,6.21931]],[[-75.43287,6.27559],[-75.43245,6.27552],[-75.43271,6.27567],[-75.43287,6.27559]],[[-75.39698,6.22237],[-75.39672,6.22252],[-75.39713,6.22245],[-75.39698,6.22237]],[[-75.45488,6.21942],[-75.45462,6.21957],[-75.45503,6.2195],[-75.45488,6.21942]],[[-75.46821,6.21135],[-75.46788,6.2115],[-75.46811,6.21158],[-75.46821,6.21135]],[[-75.46518,6.30262],[-75.46503,6.30229],[-75.46495,6.30253],[-75.46518,6.30262]],[[-75.40365,6.25749],[-75.40373,6.25717],[-75.40361,6.2571],[-75.40365,6.25749]],[[-75.42102,6.26476],[-75.4211,6.26445],[-75.42097,6.26437],[-75.42102,6.26476]],[[-75.4384,6.21066],[-75.43849,6.21034],[-75.43836,6.21027],[-75.4384,6.21066]],[[-75.4598,6.31023],[-75.45989,6.30991],[-75.45976,6.30983],[-75.4598,6.31023]],[[-75.4654,6.30687],[-75.46548,6.30655],[-75.46535,6.30648],[-75.4654,6.30687]],[[-75.47053,6.19928],[-75.47061,6.19896],[-75.47049,6.19889],[-75.47053,6.19928]],[[-75.47467,6.2291],[-75.47476,6.22878],[-75.47463,6.22871],[-75.47467,6.2291]],[[-75.46583,6.3017],[-75.46596,6.30144],[-75.46579,6.30141],[-75.46583,6.3017]],[[-75.45649,6.21955],[-75.45662,6.2193],[-75.45645,6.21926],[-75.45649,6.21955]],[[-75.46626,6.26207],[-75.46602,6.26209],[-75.46613,6.26231],[-75.46626,6.26207]],[[-75.41694,6.26697],[-75.4168,6.2673],[-75.41703,6.26714],[-75.41694,6.26697]],[[-75.41947,6.26409],[-75.41924,6.26424],[-75.41932,6.26441],[-75.41947,6.26409]],[[-75.44132,6.26001],[-75.441,6.25986],[-75.44115,6.26009],[-75.44132,6.26001]],[[-75.45904,6.2973],[-75.45871,6.29715],[-75.45887,6.29738],[-75.45904,6.2973]],[[-75.42681,6.30254],[-75.42667,6.30242],[-75.42647,6.30261],[-75.42681,6.30254]],[[-75.41771,6.24853],[-75.41792,6.24863],[-75.41798,6.24851],[-75.41771,6.24853]],[[-75.46865,6.31159],[-75.46885,6.31169],[-75.46892,6.31157],[-75.46865,6.31159]],[[-75.47472,6.25164],[-75.47493,6.25174],[-75.475,6.25161],[-75.47472,6.25164]],[[-75.46205,6.31339],[-75.4618,6.31315],[-75.46164,6.31323],[-75.46205,6.31339]],[[-75.46078,6.30933],[-75.46037,6.30917],[-75.46062,6.3094],[-75.46078,6.30933]],[[-75.44905,6.27971],[-75.44864,6.27955],[-75.44889,6.27978],[-75.44905,6.27971]],[[-75.38297,6.21843],[-75.3828,6.21875],[-75.38312,6.21851],[-75.38297,6.21843]],[[-75.45586,6.2158],[-75.45569,6.21612],[-75.45602,6.21588],[-75.45586,6.2158]],[[-75.4663,6.24811],[-75.46608,6.24787],[-75.46598,6.24803],[-75.4663,6.24811]],[[-75.45672,6.27493],[-75.45648,6.27515],[-75.45664,6.27525],[-75.45672,6.27493]],[[-75.42599,6.26681],[-75.42586,6.26671],[-75.42574,6.26701],[-75.42599,6.26681]],[[-75.433,6.21915],[-75.43287,6.21905],[-75.43275,6.21935],[-75.433,6.21915]],[[-75.41858,6.26646],[-75.41845,6.26637],[-75.41833,6.26667],[-75.41858,6.26646]],[[-75.47224,6.26497],[-75.47211,6.26487],[-75.47199,6.26517],[-75.47224,6.26497]],[[-75.47822,6.20312],[-75.47809,6.20302],[-75.47797,6.20332],[-75.47822,6.20312]],[[-75.44815,6.28046],[-75.44831,6.28052],[-75.44812,6.28021],[-75.44815,6.28046]],[[-75.46548,6.20465],[-75.46564,6.20471],[-75.46545,6.20441],[-75.46548,6.20465]],[[-75.42944,6.27435],[-75.42922,6.2743],[-75.42913,6.27451],[-75.42944,6.27435]],[[-75.46856,6.20708],[-75.46834,6.20703],[-75.46826,6.20724],[-75.46856,6.20708]],[[-75.47062,6.19813],[-75.4704,6.19807],[-75.47031,6.19829],[-75.47062,6.19813]],[[-75.47179,6.26674],[-75.47157,6.26668],[-75.47148,6.2669],[-75.47179,6.26674]],[[-75.45167,6.27776],[-75.45185,6.2776],[-75.45164,6.27749],[-75.45167,6.27776]],[[-75.45418,6.26971],[-75.45436,6.26955],[-75.45414,6.26944],[-75.45418,6.26971]],[[-75.4502,6.26872],[-75.45038,6.26856],[-75.45017,6.26846],[-75.4502,6.26872]],[[-75.45656,6.21474],[-75.45674,6.21458],[-75.45653,6.21447],[-75.45656,6.21474]],[[-75.47485,6.26396],[-75.47503,6.2638],[-75.47482,6.26369],[-75.47485,6.26396]],[[-75.40956,6.2495],[-75.40976,6.24934],[-75.40946,6.24931],[-75.40956,6.2495]],[[-75.44318,6.25411],[-75.44338,6.25396],[-75.44308,6.25392],[-75.44318,6.25411]],[[-75.45196,6.26259],[-75.45217,6.26243],[-75.45187,6.2624],[-75.45196,6.26259]],[[-75.45149,6.29016],[-75.4517,6.29001],[-75.4514,6.28997],[-75.45149,6.29016]],[[-75.45972,6.22234],[-75.45992,6.22218],[-75.45962,6.22215],[-75.45972,6.22234]],[[-75.47032,6.23497],[-75.47052,6.23481],[-75.47022,6.23478],[-75.47032,6.23497]],[[-75.47542,6.24978],[-75.47562,6.24962],[-75.47532,6.24959],[-75.47542,6.24978]],[[-75.41674,6.25614],[-75.41651,6.25646],[-75.41659,6.25654],[-75.41674,6.25614]],[[-75.41918,6.25722],[-75.41894,6.25762],[-75.41926,6.2573],[-75.41918,6.25722]],[[-75.43929,6.24107],[-75.43904,6.24148],[-75.43936,6.24115],[-75.43929,6.24107]],[[-75.44462,6.20761],[-75.4443,6.20793],[-75.44438,6.20801],[-75.44462,6.20761]],[[-75.4857,6.30306],[-75.48538,6.30329],[-75.48567,6.30326],[-75.4857,6.30306]],[[-75.39357,6.26321],[-75.39372,6.26308],[-75.39342,6.263],[-75.39357,6.26321]],[[-75.43441,6.26745],[-75.43457,6.26731],[-75.43426,6.26723],[-75.43441,6.26745]],[[-75.44061,6.21726],[-75.44076,6.21712],[-75.44046,6.21704],[-75.44061,6.21726]],[[-75.43713,6.30469],[-75.43729,6.30455],[-75.43698,6.30447],[-75.43713,6.30469]],[[-75.44045,6.26011],[-75.4406,6.25997],[-75.4403,6.25989],[-75.44045,6.26011]],[[-75.45214,6.24155],[-75.4523,6.24141],[-75.45199,6.24133],[-75.45214,6.24155]],[[-75.45251,6.20955],[-75.45267,6.20941],[-75.45236,6.20933],[-75.45251,6.20955]],[[-75.45332,6.20927],[-75.45348,6.20913],[-75.45317,6.20906],[-75.45332,6.20927]],[[-75.45285,6.27111],[-75.45301,6.27097],[-75.4527,6.27089],[-75.45285,6.27111]],[[-75.45728,6.30527],[-75.45744,6.30513],[-75.45713,6.30505],[-75.45728,6.30527]],[[-75.46875,6.30542],[-75.46891,6.30528],[-75.4686,6.3052],[-75.46875,6.30542]],[[-75.47897,6.20469],[-75.47912,6.20455],[-75.47882,6.20447],[-75.47897,6.20469]],[[-75.3858,6.21857],[-75.38593,6.21842],[-75.38572,6.21827],[-75.3858,6.21857]],[[-75.42758,6.30923],[-75.42772,6.30907],[-75.4275,6.30893],[-75.42758,6.30923]],[[-75.44041,6.23878],[-75.44055,6.23862],[-75.44033,6.23847],[-75.44041,6.23878]],[[-75.45883,6.26901],[-75.45897,6.26886],[-75.45875,6.26871],[-75.45883,6.26901]],[[-75.46181,6.26982],[-75.46195,6.26966],[-75.46173,6.26951],[-75.46181,6.26982]],[[-75.46524,6.30181],[-75.46538,6.30165],[-75.46516,6.3015],[-75.46524,6.30181]],[[-75.45474,6.24302],[-75.45459,6.2432],[-75.45467,6.24353],[-75.45474,6.24302]],[[-75.46231,6.23676],[-75.46216,6.23695],[-75.46224,6.23727],[-75.46231,6.23676]],[[-75.4575,6.29984],[-75.45732,6.29969],[-75.45699,6.29977],[-75.4575,6.29984]],[[-75.47006,6.26401],[-75.46981,6.26368],[-75.46973,6.26391],[-75.47006,6.26401]],[[-75.4774,6.27512],[-75.47725,6.27478],[-75.47732,6.27528],[-75.4774,6.27512]],[[-75.42935,6.26041],[-75.42976,6.26032],[-75.42928,6.26028],[-75.42935,6.26041]],[[-75.46237,6.31004],[-75.46278,6.30996],[-75.46229,6.30992],[-75.46237,6.31004]],[[-75.4643,6.22144],[-75.46471,6.22136],[-75.46423,6.22132],[-75.4643,6.22144]],[[-75.4355,6.27558],[-75.43558,6.27517],[-75.43546,6.27509],[-75.4355,6.27558]],[[-75.41276,6.21534],[-75.41284,6.21493],[-75.41272,6.21485],[-75.41276,6.21534]],[[-75.38844,6.24008],[-75.38861,6.23995],[-75.38839,6.23978],[-75.38844,6.24008]],[[-75.411,6.26398],[-75.41117,6.26385],[-75.41094,6.26368],[-75.411,6.26398]],[[-75.45946,6.31421],[-75.45963,6.31407],[-75.45941,6.3139],[-75.45946,6.31421]],[[-75.44845,6.24888],[-75.44862,6.24874],[-75.4484,6.24857],[-75.44845,6.24888]],[[-75.46548,6.30162],[-75.46565,6.30149],[-75.46543,6.30132],[-75.46548,6.30162]],[[-75.39003,6.25328],[-75.39018,6.25311],[-75.38987,6.25306],[-75.39003,6.25328]],[[-75.39253,6.27488],[-75.39267,6.27471],[-75.39236,6.27466],[-75.39253,6.27488]],[[-75.41228,6.26208],[-75.41243,6.26192],[-75.41211,6.26187],[-75.41228,6.26208]],[[-75.44483,6.23641],[-75.44497,6.23625],[-75.44466,6.2362],[-75.44483,6.23641]],[[-75.45161,6.27463],[-75.45176,6.27447],[-75.45145,6.27442],[-75.45161,6.27463]],[[-75.4553,6.23259],[-75.45544,6.23243],[-75.45513,6.23237],[-75.4553,6.23259]],[[-75.46029,6.27497],[-75.46043,6.27481],[-75.46012,6.27476],[-75.46029,6.27497]],[[-75.47075,6.23562],[-75.4709,6.23546],[-75.47059,6.23541],[-75.47075,6.23562]],[[-75.43069,6.271],[-75.43065,6.27074],[-75.43044,6.27085],[-75.43069,6.271]],[[-75.46018,6.25231],[-75.45999,6.25239],[-75.4601,6.25255],[-75.46018,6.25231]],[[-75.42,6.26118],[-75.41981,6.26126],[-75.41992,6.26142],[-75.42,6.26118]],[[-75.39321,6.23889],[-75.39296,6.23857],[-75.39304,6.23897],[-75.39321,6.23889]],[[-75.4167,6.26243],[-75.41695,6.26231],[-75.41663,6.26222],[-75.4167,6.26243]],[[-75.45071,6.20901],[-75.45096,6.20889],[-75.45064,6.20879],[-75.45071,6.20901]],[[-75.46913,6.2076],[-75.46938,6.20748],[-75.46907,6.20739],[-75.46913,6.2076]],[[-75.45781,6.24363],[-75.45795,6.2437],[-75.45778,6.24331],[-75.45781,6.24363]],[[-75.46639,6.20501],[-75.46653,6.20508],[-75.46635,6.20468],[-75.46639,6.20501]],[[-75.43284,6.29493],[-75.43301,6.29468],[-75.4328,6.29463],[-75.43284,6.29493]],[[-75.44487,6.30104],[-75.44504,6.30079],[-75.44483,6.30074],[-75.44487,6.30104]],[[-75.44814,6.23803],[-75.44831,6.23777],[-75.4481,6.23773],[-75.44814,6.23803]],[[-75.45673,6.23918],[-75.4569,6.23893],[-75.45668,6.23888],[-75.45673,6.23918]],[[-75.46843,6.2575],[-75.4686,6.25725],[-75.46839,6.2572],[-75.46843,6.2575]],[[-75.47333,6.26553],[-75.4735,6.26528],[-75.47329,6.26523],[-75.47333,6.26553]],[[-75.47253,6.30594],[-75.4727,6.30569],[-75.47249,6.30564],[-75.47253,6.30594]],[[-75.4238,6.20163],[-75.42374,6.20202],[-75.42391,6.20168],[-75.4238,6.20163]],[[-75.46691,6.20401],[-75.4668,6.20396],[-75.46674,6.20435],[-75.46691,6.20401]],[[-75.482,6.31406],[-75.48213,6.31382],[-75.48191,6.31375],[-75.482,6.31406]],[[-75.46724,6.26773],[-75.46737,6.26749],[-75.46715,6.26742],[-75.46724,6.26773]],[[-75.43558,6.23426],[-75.43584,6.23409],[-75.43553,6.23405],[-75.43558,6.23426]],[[-75.44264,6.24066],[-75.4429,6.24049],[-75.44259,6.24045],[-75.44264,6.24066]],[[-75.44444,6.23605],[-75.44469,6.23588],[-75.44439,6.23584],[-75.44444,6.23605]],[[-75.46177,6.2671],[-75.46203,6.26693],[-75.46173,6.26689],[-75.46177,6.2671]],[[-75.46088,6.26936],[-75.46113,6.26919],[-75.46083,6.26915],[-75.46088,6.26936]],[[-75.48123,6.31397],[-75.48149,6.3138],[-75.48118,6.31376],[-75.48123,6.31397]],[[-75.44536,6.21209],[-75.44523,6.21197],[-75.44515,6.21237],[-75.44536,6.21209]],[[-75.45737,6.24162],[-75.45723,6.2415],[-75.45715,6.2419],[-75.45737,6.24162]],[[-75.45366,6.31042],[-75.45353,6.3103],[-75.45344,6.3107],[-75.45366,6.31042]],[[-75.39869,6.25744],[-75.39861,6.25776],[-75.39892,6.25751],[-75.39869,6.25744]],[[-75.45886,6.24469],[-75.45936,6.24461],[-75.45878,6.24457],[-75.45886,6.24469]],[[-75.46097,6.24165],[-75.46112,6.24158],[-75.46094,6.24131],[-75.46097,6.24165]],[[-75.42218,6.26245],[-75.42194,6.26279],[-75.42202,6.26295],[-75.42218,6.26245]],[[-75.45451,6.26549],[-75.45417,6.26526],[-75.45402,6.26534],[-75.45451,6.26549]],[[-75.4452,6.30255],[-75.44549,6.3024],[-75.44511,6.30237],[-75.4452,6.30255]],[[-75.48615,6.30098],[-75.4859,6.30124],[-75.48604,6.30139],[-75.48615,6.30098]],[[-75.43712,6.27887],[-75.43679,6.27906],[-75.43694,6.2792],[-75.43712,6.27887]],[[-75.46762,6.20672],[-75.46747,6.20679],[-75.46747,6.20715],[-75.46762,6.20672]],[[-75.44599,6.20969],[-75.44632,6.20983],[-75.44624,6.20966],[-75.44599,6.20969]],[[-75.44393,6.27574],[-75.44417,6.27563],[-75.44377,6.27552],[-75.44393,6.27574]],[[-75.4257,6.22644],[-75.42539,6.22639],[-75.4253,6.22661],[-75.4257,6.22644]],[[-75.45666,6.21387],[-75.45674,6.21338],[-75.45662,6.2133],[-75.45666,6.21387]],[[-75.46036,6.24794],[-75.46045,6.24745],[-75.46032,6.24737],[-75.46036,6.24794]],[[-75.46113,6.30815],[-75.46124,6.30791],[-75.46102,6.30775],[-75.46113,6.30815]],[[-75.43858,6.21196],[-75.43874,6.21202],[-75.43846,6.21172],[-75.43858,6.21196]],[[-75.48012,6.20515],[-75.48057,6.20505],[-75.48008,6.20501],[-75.48012,6.20515]],[[-75.45549,6.32057],[-75.45527,6.32051],[-75.45515,6.32081],[-75.45549,6.32057]],[[-75.41518,6.26485],[-75.41541,6.26478],[-75.4151,6.26457],[-75.41518,6.26485]],[[-75.4514,6.26503],[-75.45164,6.26496],[-75.45133,6.26475],[-75.4514,6.26503]],[[-75.42707,6.26775],[-75.42678,6.26785],[-75.42697,6.26791],[-75.42707,6.26775]],[[-75.45992,6.21948],[-75.45963,6.21958],[-75.45982,6.21965],[-75.45992,6.21948]],[[-75.47304,6.2302],[-75.47276,6.2303],[-75.47295,6.23037],[-75.47304,6.2302]],[[-75.46552,6.25589],[-75.46524,6.256],[-75.46543,6.25606],[-75.46552,6.25589]],[[-75.4539,6.30176],[-75.45361,6.30186],[-75.4538,6.30193],[-75.4539,6.30176]],[[-75.45548,6.25338],[-75.45568,6.25324],[-75.45528,6.25317],[-75.45548,6.25338]],[[-75.45321,6.21415],[-75.45341,6.21401],[-75.45301,6.21394],[-75.45321,6.21415]],[[-75.4137,6.21688],[-75.41385,6.21669],[-75.41363,6.21648],[-75.4137,6.21688]],[[-75.47424,6.2904],[-75.47439,6.29021],[-75.47416,6.29],[-75.47424,6.2904]],[[-75.45585,6.3068],[-75.45569,6.30677],[-75.45572,6.30707],[-75.45585,6.3068]],[[-75.43218,6.30091],[-75.432,6.30087],[-75.432,6.30118],[-75.43218,6.30091]],[[-75.46025,6.30998],[-75.46038,6.31005],[-75.46021,6.30956],[-75.46025,6.30998]],[[-75.43167,6.3012],[-75.43144,6.30135],[-75.43159,6.30144],[-75.43167,6.3012]],[[-75.46284,6.23169],[-75.46261,6.23184],[-75.46276,6.23193],[-75.46284,6.23169]],[[-75.46448,6.30645],[-75.46425,6.3066],[-75.4644,6.30669],[-75.46448,6.30645]],[[-75.44568,6.23577],[-75.44578,6.23555],[-75.44547,6.23547],[-75.44568,6.23577]],[[-75.45566,6.2148],[-75.45607,6.21494],[-75.45602,6.21478],[-75.45566,6.2148]],[[-75.47834,6.21574],[-75.47812,6.21559],[-75.47805,6.21589],[-75.47834,6.21574]],[[-75.40127,6.246],[-75.40162,6.24584],[-75.40123,6.2458],[-75.40127,6.246]],[[-75.47398,6.29204],[-75.47386,6.29256],[-75.47412,6.2922],[-75.47398,6.29204]],[[-75.41828,6.25744],[-75.41799,6.25747],[-75.41821,6.25758],[-75.41828,6.25744]],[[-75.46696,6.25526],[-75.46669,6.255],[-75.46654,6.25514],[-75.46696,6.25526]],[[-75.42656,6.2742],[-75.42633,6.27412],[-75.42622,6.27443],[-75.42656,6.2742]],[[-75.44397,6.30073],[-75.44375,6.30066],[-75.44364,6.30097],[-75.44397,6.30073]],[[-75.45607,6.26436],[-75.45585,6.26428],[-75.45574,6.26459],[-75.45607,6.26436]],[[-75.46835,6.26288],[-75.46813,6.2628],[-75.46802,6.26312],[-75.46835,6.26288]],[[-75.46211,6.29417],[-75.46189,6.2941],[-75.46178,6.29441],[-75.46211,6.29417]],[[-75.46209,6.25168],[-75.46187,6.25161],[-75.46176,6.25192],[-75.46209,6.25168]],[[-75.39222,6.27359],[-75.39209,6.27349],[-75.39211,6.27389],[-75.39222,6.27359]],[[-75.45145,6.2625],[-75.45132,6.2624],[-75.45135,6.2628],[-75.45145,6.2625]],[[-75.44286,6.26183],[-75.44247,6.26179],[-75.44238,6.26198],[-75.44286,6.26183]],[[-75.46613,6.21128],[-75.46601,6.21119],[-75.46593,6.21168],[-75.46613,6.21128]],[[-75.45814,6.22875],[-75.45801,6.22866],[-75.45794,6.22915],[-75.45814,6.22875]],[[-75.44447,6.25253],[-75.44419,6.25313],[-75.44455,6.25269],[-75.44447,6.25253]],[[-75.41296,6.25664],[-75.41322,6.25656],[-75.41291,6.25635],[-75.41296,6.25664]],[[-75.45942,6.30336],[-75.4596,6.3031],[-75.45938,6.30297],[-75.45942,6.30336]],[[-75.43575,6.27469],[-75.43543,6.27487],[-75.43569,6.27494],[-75.43575,6.27469]],[[-75.4762,6.26],[-75.47638,6.26008],[-75.47616,6.25971],[-75.4762,6.26]],[[-75.41855,6.23668],[-75.41826,6.23684],[-75.41895,6.23677],[-75.41855,6.23668]],[[-75.47949,6.28586],[-75.47971,6.28574],[-75.47939,6.28556],[-75.47949,6.28586]],[[-75.45501,6.22048],[-75.45514,6.22026],[-75.45483,6.22017],[-75.45501,6.22048]],[[-75.46911,6.25499],[-75.46892,6.25494],[-75.46883,6.25533],[-75.46911,6.25499]],[[-75.45686,6.22634],[-75.45645,6.22601],[-75.45669,6.22642],[-75.45686,6.22634]],[[-75.44056,6.20871],[-75.44015,6.20903],[-75.44053,6.209],[-75.44056,6.20871]],[[-75.39277,6.26032],[-75.39297,6.26006],[-75.39269,6.26002],[-75.39277,6.26032]],[[-75.47012,6.25229],[-75.46981,6.25248],[-75.46988,6.25271],[-75.47012,6.25229]],[[-75.47305,6.30667],[-75.47287,6.30635],[-75.47264,6.30642],[-75.47305,6.30667]],[[-75.43618,6.23063],[-75.43645,6.23037],[-75.43615,6.23034],[-75.43618,6.23063]],[[-75.44069,6.26154],[-75.44095,6.26128],[-75.44066,6.26125],[-75.44069,6.26154]],[[-75.45613,6.2605],[-75.4564,6.26024],[-75.45611,6.26021],[-75.45613,6.2605]],[[-75.46941,6.256],[-75.46916,6.25631],[-75.4693,6.25652],[-75.46941,6.256]],[[-75.40123,6.22503],[-75.40146,6.22513],[-75.40118,6.22483],[-75.40123,6.22503]],[[-75.46029,6.21991],[-75.46052,6.22001],[-75.46025,6.2197],[-75.46029,6.21991]],[[-75.45882,6.24508],[-75.45913,6.24488],[-75.45878,6.24484],[-75.45882,6.24508]],[[-75.45902,6.28193],[-75.45936,6.28185],[-75.45887,6.28172],[-75.45902,6.28193]],[[-75.45207,6.28702],[-75.45224,6.28669],[-75.45202,6.28662],[-75.45207,6.28702]],[[-75.39422,6.27478],[-75.39439,6.27445],[-75.39417,6.27439],[-75.39422,6.27478]],[[-75.42127,6.22045],[-75.42152,6.22065],[-75.42122,6.22026],[-75.42127,6.22045]],[[-75.43269,6.2293],[-75.43277,6.22966],[-75.43284,6.22922],[-75.43269,6.2293]],[[-75.44403,6.20739],[-75.44426,6.20717],[-75.44395,6.20709],[-75.44403,6.20739]],[[-75.45104,6.29868],[-75.45128,6.29846],[-75.45097,6.29838],[-75.45104,6.29868]],[[-75.44125,6.30323],[-75.44095,6.30319],[-75.44088,6.30334],[-75.44125,6.30323]],[[-75.4736,6.30532],[-75.4733,6.30528],[-75.47323,6.30542],[-75.4736,6.30532]],[[-75.46222,6.30353],[-75.46231,6.3032],[-75.46209,6.30305],[-75.46222,6.30353]],[[-75.45962,6.27338],[-75.4597,6.27312],[-75.45939,6.27304],[-75.45962,6.27338]],[[-75.43464,6.22679],[-75.43501,6.22691],[-75.4351,6.22677],[-75.43464,6.22679]],[[-75.46,6.25089],[-75.45988,6.2508],[-75.45991,6.2512],[-75.46,6.25089]],[[-75.45475,6.25799],[-75.45542,6.25791],[-75.45466,6.25787],[-75.45475,6.25799]],[[-75.46492,6.25572],[-75.46526,6.25576],[-75.46486,6.25549],[-75.46492,6.25572]],[[-75.4277,6.26698],[-75.42742,6.26712],[-75.42759,6.2672],[-75.4277,6.26698]],[[-75.40171,6.24738],[-75.40143,6.24749],[-75.40179,6.24755],[-75.40171,6.24738]],[[-75.45227,6.20223],[-75.452,6.20234],[-75.45236,6.2024],[-75.45227,6.20223]],[[-75.47539,6.26006],[-75.47508,6.2598],[-75.475,6.26002],[-75.47539,6.26006]],[[-75.47203,6.26713],[-75.47221,6.26683],[-75.47193,6.26694],[-75.47203,6.26713]],[[-75.4586,6.29967],[-75.45887,6.29984],[-75.45905,6.29971],[-75.4586,6.29967]],[[-75.47674,6.29743],[-75.47694,6.29731],[-75.47662,6.29704],[-75.47674,6.29743]],[[-75.41605,6.26455],[-75.41583,6.26448],[-75.41552,6.26478],[-75.41605,6.26455]],[[-75.47521,6.26634],[-75.47516,6.26601],[-75.47487,6.26611],[-75.47521,6.26634]],[[-75.47224,6.30613],[-75.47195,6.3061],[-75.47189,6.30649],[-75.47224,6.30613]],[[-75.46238,6.24638],[-75.46289,6.24647],[-75.4623,6.24628],[-75.46238,6.24638]],[[-75.4493,6.27196],[-75.44909,6.27209],[-75.44923,6.27229],[-75.4493,6.27196]],[[-75.39166,6.23241],[-75.39141,6.23283],[-75.39173,6.23267],[-75.39166,6.23241]],[[-75.44182,6.25956],[-75.44196,6.25938],[-75.44156,6.25926],[-75.44182,6.25956]],[[-75.47503,6.26275],[-75.47481,6.2627],[-75.47461,6.263],[-75.47503,6.26275]],[[-75.46082,6.31006],[-75.46115,6.3101],[-75.46066,6.30983],[-75.46082,6.31006]],[[-75.40094,6.25652],[-75.40122,6.25672],[-75.4013,6.25651],[-75.40094,6.25652]],[[-75.45898,6.275],[-75.45924,6.27507],[-75.45895,6.27467],[-75.45898,6.275]],[[-75.44978,6.28351],[-75.44954,6.28299],[-75.4497,6.28367],[-75.44978,6.28351]],[[-75.40787,6.24965],[-75.40763,6.24984],[-75.40774,6.24998],[-75.40787,6.24965]],[[-75.43898,6.22553],[-75.43873,6.22571],[-75.43885,6.22585],[-75.43898,6.22553]],[[-75.46188,6.31188],[-75.46155,6.31197],[-75.46179,6.31212],[-75.46188,6.31188]],[[-75.3939,6.26334],[-75.39365,6.26351],[-75.39386,6.26394],[-75.3939,6.26334]],[[-75.45497,6.25863],[-75.45437,6.25847],[-75.45462,6.25871],[-75.45497,6.25863]],[[-75.39083,6.25926],[-75.39032,6.25918],[-75.39049,6.25943],[-75.39083,6.25926]],[[-75.45776,6.25802],[-75.45761,6.25833],[-75.45803,6.25792],[-75.45776,6.25802]],[[-75.41614,6.2678],[-75.41598,6.26811],[-75.41641,6.2677],[-75.41614,6.2678]],[[-75.47213,6.24891],[-75.47246,6.24882],[-75.47207,6.24878],[-75.47213,6.24891]],[[-75.44746,6.26343],[-75.44783,6.26326],[-75.44735,6.26322],[-75.44746,6.26343]],[[-75.44835,6.27997],[-75.4486,6.28007],[-75.4483,6.27976],[-75.44835,6.27997]],[[-75.45519,6.30707],[-75.45545,6.30717],[-75.45515,6.30686],[-75.45519,6.30707]],[[-75.41355,6.25806],[-75.41328,6.25825],[-75.41355,6.25825],[-75.41355,6.25806]],[[-75.42747,6.25975],[-75.4272,6.25975],[-75.4272,6.25993],[-75.42747,6.25975]],[[-75.45087,6.22651],[-75.45069,6.22678],[-75.45087,6.22678],[-75.45087,6.22651]],[[-75.45479,6.23888],[-75.45452,6.23907],[-75.45479,6.23906],[-75.45479,6.23888]],[[-75.45344,6.2755],[-75.45326,6.27577],[-75.45344,6.27577],[-75.45344,6.2755]],[[-75.39282,6.26157],[-75.39308,6.26177],[-75.39296,6.26141],[-75.39282,6.26157]],[[-75.4657,6.22112],[-75.4651,6.22136],[-75.46567,6.22132],[-75.4657,6.22112]],[[-75.45469,6.22358],[-75.45418,6.22322],[-75.45455,6.22373],[-75.45469,6.22358]],[[-75.45182,6.26525],[-75.45207,6.26551],[-75.45219,6.26527],[-75.45182,6.26525]],[[-75.46313,6.2325],[-75.46278,6.23301],[-75.46329,6.2326],[-75.46313,6.2325]],[[-75.46169,6.25769],[-75.46201,6.25761],[-75.46161,6.2574],[-75.46169,6.25769]],[[-75.45367,6.21535],[-75.45385,6.21513],[-75.45364,6.21502],[-75.45367,6.21535]],[[-75.45255,6.26715],[-75.4527,6.26722],[-75.45251,6.26664],[-75.45255,6.26715]],[[-75.46479,6.24899],[-75.46419,6.24886],[-75.46451,6.24912],[-75.46479,6.24899]],[[-75.46953,6.23391],[-75.46907,6.23366],[-75.46883,6.23377],[-75.46953,6.23391]],[[-75.38764,6.23477],[-75.38796,6.2349],[-75.38786,6.23466],[-75.38764,6.23477]],[[-75.45029,6.26545],[-75.45056,6.26519],[-75.45025,6.26511],[-75.45029,6.26545]],[[-75.47128,6.21009],[-75.47115,6.21],[-75.47084,6.21039],[-75.47128,6.21009]],[[-75.46266,6.2672],[-75.46229,6.26731],[-75.46257,6.26737],[-75.46266,6.2672]],[[-75.45806,6.23421],[-75.45768,6.23432],[-75.45796,6.23439],[-75.45806,6.23421]],[[-75.4616,6.30979],[-75.46145,6.3103],[-75.46178,6.30993],[-75.4616,6.30979]],[[-75.40831,6.24874],[-75.40844,6.24888],[-75.40849,6.24852],[-75.40831,6.24874]],[[-75.45263,6.26951],[-75.45276,6.26964],[-75.45281,6.26929],[-75.45263,6.26951]],[[-75.4521,6.24068],[-75.45223,6.24081],[-75.45228,6.24046],[-75.4521,6.24068]],[[-75.45809,6.24652],[-75.45787,6.24616],[-75.45765,6.24629],[-75.45809,6.24652]],[[-75.46292,6.26115],[-75.46311,6.26145],[-75.46319,6.26122],[-75.46292,6.26115]],[[-75.45873,6.31078],[-75.45917,6.3106],[-75.45868,6.31056],[-75.45873,6.31078]],[[-75.43339,6.31148],[-75.43352,6.31124],[-75.43311,6.31117],[-75.43339,6.31148]],[[-75.41231,6.26461],[-75.41243,6.26438],[-75.41203,6.26431],[-75.41231,6.26461]],[[-75.39311,6.27436],[-75.39251,6.27444],[-75.39291,6.27461],[-75.39311,6.27436]],[[-75.47857,6.20441],[-75.47807,6.20452],[-75.47836,6.20459],[-75.47857,6.20441]],[[-75.44178,6.25977],[-75.44136,6.25968],[-75.44153,6.26002],[-75.44178,6.25977]],[[-75.45822,6.30029],[-75.45763,6.29988],[-75.45755,6.29996],[-75.45822,6.30029]],[[-75.45516,6.20966],[-75.45527,6.20937],[-75.45507,6.20932],[-75.45516,6.20966]],[[-75.40481,6.2511],[-75.40457,6.25134],[-75.40505,6.251],[-75.40481,6.2511]],[[-75.46509,6.22598],[-75.46545,6.22619],[-75.46554,6.22601],[-75.46509,6.22598]],[[-75.47089,6.19853],[-75.47058,6.19843],[-75.47047,6.19874],[-75.47089,6.19853]],[[-75.40555,6.25352],[-75.40543,6.25368],[-75.4059,6.25386],[-75.40555,6.25352]],[[-75.45423,6.2896],[-75.45411,6.28951],[-75.45411,6.29],[-75.45423,6.2896]],[[-75.44821,6.21609],[-75.44871,6.21609],[-75.44813,6.21594],[-75.44821,6.21609]],[[-75.46006,6.25593],[-75.46055,6.25592],[-75.45998,6.25578],[-75.46006,6.25593]],[[-75.43168,6.27027],[-75.43136,6.27044],[-75.43154,6.27052],[-75.43168,6.27027]],[[-75.44399,6.20795],[-75.44367,6.20812],[-75.44384,6.20821],[-75.44399,6.20795]],[[-75.45322,6.28026],[-75.453,6.28011],[-75.453,6.28051],[-75.45322,6.28026]],[[-75.45245,6.26617],[-75.45215,6.26646],[-75.45242,6.26646],[-75.45245,6.26617]],[[-75.40082,6.24605],[-75.40048,6.24665],[-75.4009,6.2462],[-75.40082,6.24605]],[[-75.46297,6.21365],[-75.46324,6.2136],[-75.46314,6.21341],[-75.46297,6.21365]],[[-75.46765,6.30671],[-75.46743,6.30665],[-75.46744,6.30705],[-75.46765,6.30671]],[[-75.45946,6.24719],[-75.45954,6.2467],[-75.45932,6.24665],[-75.45946,6.24719]],[[-75.44465,6.20731],[-75.44441,6.20727],[-75.44419,6.20766],[-75.44465,6.20731]],[[-75.46739,6.25471],[-75.46702,6.25467],[-75.46695,6.25498],[-75.46739,6.25471]],[[-75.4158,6.27597],[-75.41606,6.27581],[-75.41576,6.27578],[-75.4158,6.27597]],[[-75.38809,6.23422],[-75.38848,6.23429],[-75.38801,6.23408],[-75.38809,6.23422]],[[-75.46176,6.25139],[-75.46215,6.25146],[-75.46168,6.25125],[-75.46176,6.25139]],[[-75.44299,6.23184],[-75.44334,6.23199],[-75.44352,6.23184],[-75.44299,6.23184]],[[-75.43856,6.22577],[-75.43839,6.22595],[-75.4387,6.22621],[-75.43856,6.22577]],[[-75.46124,6.24599],[-75.46169,6.24599],[-75.46122,6.24583],[-75.46124,6.24599]],[[-75.45397,6.22581],[-75.45358,6.22578],[-75.45351,6.22593],[-75.45397,6.22581]],[[-75.46198,6.31226],[-75.46128,6.31206],[-75.46179,6.3124],[-75.46198,6.31226]],[[-75.459,6.24832],[-75.4587,6.24828],[-75.45861,6.24864],[-75.459,6.24832]],[[-75.45778,6.26368],[-75.45743,6.26318],[-75.45731,6.26343],[-75.45778,6.26368]],[[-75.44333,6.30035],[-75.4435,6.30069],[-75.4436,6.30042],[-75.44333,6.30035]],[[-75.39355,6.26984],[-75.39373,6.26961],[-75.39352,6.26951],[-75.39355,6.26984]],[[-75.45632,6.29463],[-75.4565,6.2944],[-75.45629,6.2943],[-75.45632,6.29463]],[[-75.47535,6.2612],[-75.47534,6.26049],[-75.47513,6.26092],[-75.47535,6.2612]],[[-75.47547,6.25881],[-75.47535,6.25872],[-75.47538,6.25921],[-75.47547,6.25881]],[[-75.43816,6.25788],[-75.43851,6.25804],[-75.43812,6.25755],[-75.43816,6.25788]],[[-75.45781,6.27497],[-75.45768,6.27486],[-75.45719,6.27512],[-75.45781,6.27497]],[[-75.48271,6.22748],[-75.4821,6.22729],[-75.48263,6.22776],[-75.48271,6.22748]],[[-75.46142,6.31096],[-75.4611,6.31114],[-75.46134,6.31122],[-75.46142,6.31096]],[[-75.41895,6.26926],[-75.41882,6.26917],[-75.41879,6.26975],[-75.41895,6.26926]],[[-75.41133,6.26164],[-75.411,6.26187],[-75.41141,6.26186],[-75.41133,6.26164]],[[-75.47143,6.26614],[-75.47123,6.26633],[-75.47134,6.26663],[-75.47143,6.26614]],[[-75.44522,6.30064],[-75.4454,6.30024],[-75.44519,6.3002],[-75.44522,6.30064]],[[-75.46203,6.2319],[-75.46171,6.23211],[-75.46188,6.23221],[-75.46203,6.2319]],[[-75.46805,6.25062],[-75.4684,6.25062],[-75.46801,6.25042],[-75.46805,6.25062]],[[-75.45601,6.30072],[-75.45616,6.30045],[-75.45576,6.30035],[-75.45601,6.30072]],[[-75.45149,6.27615],[-75.45136,6.27605],[-75.4514,6.27663],[-75.45149,6.27615]],[[-75.43818,6.26811],[-75.43776,6.26834],[-75.43805,6.26853],[-75.43818,6.26811]],[[-75.40663,6.25764],[-75.40681,6.25772],[-75.40659,6.25718],[-75.40663,6.25764]],[[-75.46802,6.2109],[-75.46732,6.21127],[-75.4678,6.21123],[-75.46802,6.2109]],[[-75.45972,6.24739],[-75.45998,6.24733],[-75.45969,6.24674],[-75.45972,6.24739]],[[-75.46262,6.24781],[-75.46236,6.24803],[-75.46249,6.24821],[-75.46262,6.24781]],[[-75.4631,6.26171],[-75.4628,6.26155],[-75.46271,6.26174],[-75.4631,6.26171]],[[-75.45977,6.22056],[-75.45951,6.22049],[-75.46002,6.22095],[-75.45977,6.22056]],[[-75.3954,6.27328],[-75.39574,6.27307],[-75.39534,6.27303],[-75.3954,6.27328]],[[-75.47843,6.30431],[-75.47894,6.30414],[-75.47836,6.30409],[-75.47843,6.30431]],[[-75.47511,6.29046],[-75.47498,6.29036],[-75.47481,6.29094],[-75.47511,6.29046]],[[-75.47269,6.26585],[-75.47236,6.26604],[-75.47229,6.26645],[-75.47269,6.26585]],[[-75.46406,6.28492],[-75.46355,6.28508],[-75.46374,6.28518],[-75.46406,6.28492]],[[-75.41144,6.26409],[-75.41177,6.26434],[-75.41189,6.26412],[-75.41144,6.26409]],[[-75.4137,6.26752],[-75.4138,6.26785],[-75.41388,6.26734],[-75.4137,6.26752]],[[-75.44091,6.23857],[-75.44078,6.23847],[-75.44071,6.23905],[-75.44091,6.23857]],[[-75.39976,6.25652],[-75.39994,6.25625],[-75.39963,6.2562],[-75.39976,6.25652]],[[-75.48112,6.20596],[-75.4813,6.20569],[-75.48099,6.20564],[-75.48112,6.20596]],[[-75.45882,6.27508],[-75.45846,6.27523],[-75.45874,6.27544],[-75.45882,6.27508]],[[-75.42198,6.21913],[-75.42205,6.21885],[-75.42176,6.21881],[-75.42198,6.21913]],[[-75.45628,6.27525],[-75.45594,6.27533],[-75.45606,6.27554],[-75.45628,6.27525]],[[-75.44311,6.2074],[-75.44308,6.2068],[-75.4429,6.20708],[-75.44311,6.2074]],[[-75.43122,6.30137],[-75.43092,6.30132],[-75.4308,6.3016],[-75.43122,6.30137]],[[-75.44433,6.2339],[-75.44402,6.23385],[-75.4439,6.23413],[-75.44433,6.2339]],[[-75.39086,6.25369],[-75.39068,6.25405],[-75.39086,6.25405],[-75.39086,6.25369]],[[-75.40261,6.25375],[-75.40243,6.25412],[-75.40261,6.25411],[-75.40261,6.25375]],[[-75.46183,6.3073],[-75.46165,6.30766],[-75.46183,6.30766],[-75.46183,6.3073]],[[-75.44403,6.25362],[-75.4436,6.25353],[-75.44385,6.25396],[-75.44403,6.25362]],[[-75.46863,6.30184],[-75.4685,6.30177],[-75.46821,6.30224],[-75.46863,6.30184]],[[-75.45586,6.30828],[-75.45644,6.30828],[-75.45578,6.30813],[-75.45586,6.30828]],[[-75.45808,6.25292],[-75.45764,6.25305],[-75.45799,6.25319],[-75.45808,6.25292]],[[-75.38499,6.23941],[-75.38456,6.23956],[-75.38467,6.23973],[-75.38499,6.23941]],[[-75.46274,6.2236],[-75.46261,6.2235],[-75.46227,6.22379],[-75.46274,6.2236]],[[-75.39739,6.25538],[-75.39713,6.25553],[-75.39747,6.2557],[-75.39739,6.25538]],[[-75.47741,6.27577],[-75.47752,6.276],[-75.47738,6.27544],[-75.47741,6.27577]],[[-75.45235,6.25911],[-75.45198,6.25928],[-75.45224,6.25936],[-75.45235,6.25911]],[[-75.40556,6.25928],[-75.40591,6.25918],[-75.40551,6.25908],[-75.40556,6.25928]],[[-75.46893,6.21069],[-75.46862,6.21064],[-75.46856,6.2109],[-75.46893,6.21069]],[[-75.40981,6.26379],[-75.40998,6.26327],[-75.40977,6.26314],[-75.40981,6.26379]],[[-75.46822,6.20579],[-75.46795,6.20609],[-75.46837,6.2061],[-75.46822,6.20579]],[[-75.42579,6.25931],[-75.42542,6.25953],[-75.42561,6.25961],[-75.42579,6.25931]],[[-75.45576,6.24052],[-75.45587,6.24073],[-75.45569,6.23988],[-75.45576,6.24052]],[[-75.40938,6.26101],[-75.4091,6.26127],[-75.40921,6.26146],[-75.40938,6.26101]],[[-75.46711,6.30503],[-75.46698,6.30493],[-75.46667,6.3054],[-75.46711,6.30503]],[[-75.45918,6.31128],[-75.45957,6.31141],[-75.45952,6.3112],[-75.45918,6.31128]],[[-75.45579,6.23695],[-75.45543,6.23722],[-75.45562,6.23728],[-75.45579,6.23695]],[[-75.46416,6.24857],[-75.46434,6.24808],[-75.46411,6.2479],[-75.46416,6.24857]],[[-75.4532,6.27489],[-75.45313,6.27526],[-75.45356,6.27501],[-75.4532,6.27489]],[[-75.402,6.24595],[-75.40178,6.24589],[-75.40172,6.24621],[-75.402,6.24595]],[[-75.45714,6.26298],[-75.45741,6.26269],[-75.45711,6.26265],[-75.45714,6.26298]],[[-75.4611,6.26322],[-75.4606,6.26288],[-75.46069,6.26314],[-75.4611,6.26322]],[[-75.47531,6.26014],[-75.47469,6.26072],[-75.47546,6.26022],[-75.47531,6.26014]],[[-75.43116,6.2753],[-75.4307,6.27533],[-75.43079,6.27551],[-75.43116,6.2753]],[[-75.42546,6.26867],[-75.42502,6.26917],[-75.42562,6.26876],[-75.42546,6.26867]],[[-75.45359,6.20829],[-75.45384,6.20821],[-75.45353,6.20797],[-75.45359,6.20829]],[[-75.45244,6.29972],[-75.45221,6.3],[-75.45249,6.29994],[-75.45244,6.29972]],[[-75.43851,6.25742],[-75.43836,6.25697],[-75.4382,6.25746],[-75.43851,6.25742]],[[-75.41313,6.25757],[-75.41274,6.25752],[-75.41263,6.25777],[-75.41313,6.25757]],[[-75.42346,6.27066],[-75.42361,6.27082],[-75.42373,6.27047],[-75.42346,6.27066]],[[-75.44365,6.233],[-75.44327,6.23369],[-75.44344,6.23379],[-75.44365,6.233]],[[-75.46585,6.24798],[-75.46552,6.24808],[-75.4659,6.2483],[-75.46585,6.24798]],[[-75.45657,6.25323],[-75.45605,6.25344],[-75.45645,6.25363],[-75.45657,6.25323]],[[-75.45436,6.23193],[-75.45472,6.2321],[-75.45432,6.23165],[-75.45436,6.23193]],[[-75.45371,6.29016],[-75.45396,6.29027],[-75.45365,6.28969],[-75.45371,6.29016]],[[-75.4535,6.27167],[-75.45398,6.27173],[-75.4539,6.27155],[-75.4535,6.27167]],[[-75.46725,6.2427],[-75.46773,6.24277],[-75.46764,6.24259],[-75.46725,6.2427]],[[-75.46702,6.20492],[-75.46662,6.20514],[-75.46673,6.20526],[-75.46702,6.20492]],[[-75.47062,6.24928],[-75.47085,6.24888],[-75.47053,6.24879],[-75.47062,6.24928]],[[-75.3876,6.23578],[-75.38794,6.23592],[-75.38777,6.23558],[-75.3876,6.23578]],[[-75.45624,6.26175],[-75.45593,6.26148],[-75.4558,6.26183],[-75.45624,6.26175]],[[-75.45621,6.299],[-75.45594,6.29927],[-75.45621,6.29927],[-75.45621,6.299]],[[-75.46757,6.25702],[-75.4673,6.25729],[-75.46757,6.25729],[-75.46757,6.25702]],[[-75.45488,6.22932],[-75.45455,6.22945],[-75.45481,6.2296],[-75.45488,6.22932]],[[-75.44095,6.30265],[-75.44077,6.30256],[-75.44061,6.30298],[-75.44095,6.30265]],[[-75.47471,6.25847],[-75.47494,6.25852],[-75.47444,6.258],[-75.47471,6.25847]],[[-75.45166,6.20344],[-75.45123,6.20362],[-75.45153,6.20376],[-75.45166,6.20344]],[[-75.44367,6.23589],[-75.44355,6.23631],[-75.44413,6.23585],[-75.44367,6.23589]],[[-75.45721,6.2524],[-75.45781,6.25261],[-75.45774,6.25238],[-75.45721,6.2524]],[[-75.45578,6.25674],[-75.45547,6.25669],[-75.45521,6.25709],[-75.45578,6.25674]],[[-75.44114,6.24601],[-75.44089,6.24597],[-75.44066,6.24637],[-75.44114,6.24601]],[[-75.46659,6.24568],[-75.46676,6.24545],[-75.46646,6.24536],[-75.46659,6.24568]],[[-75.41643,6.24751],[-75.41669,6.24716],[-75.41629,6.24708],[-75.41643,6.24751]],[[-75.38646,6.21888],[-75.38608,6.21902],[-75.38617,6.2193],[-75.38646,6.21888]],[[-75.44985,6.2686],[-75.44993,6.26841],[-75.44924,6.26855],[-75.44985,6.2686]],[[-75.39962,6.26151],[-75.39992,6.26166],[-75.39985,6.26134],[-75.39962,6.26151]],[[-75.45083,6.27766],[-75.45061,6.2779],[-75.45091,6.27808],[-75.45083,6.27766]],[[-75.46362,6.25154],[-75.46319,6.2517],[-75.46339,6.25183],[-75.46362,6.25154]],[[-75.46143,6.30826],[-75.46063,6.30816],[-75.4613,6.30852],[-75.46143,6.30826]],[[-75.42597,6.22593],[-75.42572,6.22614],[-75.42589,6.22643],[-75.42597,6.22593]],[[-75.45119,6.29948],[-75.45106,6.29937],[-75.45078,6.30005],[-75.45119,6.29948]],[[-75.45501,6.26451],[-75.45465,6.26468],[-75.45511,6.26484],[-75.45501,6.26451]],[[-75.43233,6.23819],[-75.4325,6.23835],[-75.4322,6.23768],[-75.43233,6.23819]],[[-75.41347,6.21508],[-75.41321,6.21464],[-75.41304,6.21497],[-75.41347,6.21508]],[[-75.47577,6.30278],[-75.47531,6.30289],[-75.47569,6.30301],[-75.47577,6.30278]],[[-75.46713,6.21137],[-75.467,6.21128],[-75.4667,6.21173],[-75.46713,6.21137]],[[-75.46807,6.25644],[-75.46766,6.25621],[-75.46736,6.25637],[-75.46807,6.25644]],[[-75.46978,6.25388],[-75.47021,6.25368],[-75.46973,6.25367],[-75.46978,6.25388]],[[-75.45872,6.242],[-75.45897,6.24226],[-75.45908,6.24193],[-75.45872,6.242]],[[-75.46769,6.25301],[-75.46814,6.25316],[-75.46765,6.25277],[-75.46769,6.25301]],[[-75.45327,6.21195],[-75.45317,6.21137],[-75.45323,6.21216],[-75.45327,6.21195]],[[-75.46584,6.30737],[-75.46572,6.30729],[-75.46566,6.30805],[-75.46584,6.30737]],[[-75.4729,6.26354],[-75.47274,6.26343],[-75.4727,6.2641],[-75.4729,6.26354]],[[-75.46725,6.26465],[-75.46687,6.26462],[-75.46692,6.26508],[-75.46725,6.26465]],[[-75.4571,6.21481],[-75.45764,6.21467],[-75.45707,6.21465],[-75.4571,6.21481]],[[-75.4477,6.2083],[-75.44739,6.20826],[-75.44732,6.20856],[-75.4477,6.2083]],[[-75.45613,6.25821],[-75.45545,6.2582],[-75.45585,6.2586],[-75.45613,6.25821]],[[-75.40199,6.24646],[-75.40178,6.24634],[-75.40168,6.24683],[-75.40199,6.24646]],[[-75.41783,6.25668],[-75.41752,6.25652],[-75.41745,6.25683],[-75.41783,6.25668]],[[-75.4877,6.30333],[-75.48739,6.30316],[-75.48731,6.30347],[-75.4877,6.30333]],[[-75.45064,6.23018],[-75.45069,6.23069],[-75.45092,6.2305],[-75.45064,6.23018]],[[-75.46313,6.24728],[-75.46294,6.24718],[-75.46282,6.24774],[-75.46313,6.24728]],[[-75.47054,6.20787],[-75.4698,6.20726],[-75.46966,6.20742],[-75.47054,6.20787]],[[-75.42143,6.21968],[-75.42188,6.21968],[-75.4214,6.21944],[-75.42143,6.21968]],[[-75.45132,6.27918],[-75.4511,6.27912],[-75.45114,6.27961],[-75.45132,6.27918]],[[-75.4752,6.25071],[-75.47555,6.25039],[-75.47514,6.25031],[-75.4752,6.25071]],[[-75.40989,6.25126],[-75.41041,6.25126],[-75.40983,6.25102],[-75.40989,6.25126]],[[-75.46015,6.27295],[-75.45983,6.27334],[-75.46004,6.27344],[-75.46015,6.27295]],[[-75.46149,6.26722],[-75.46125,6.26772],[-75.46155,6.26754],[-75.46149,6.26722]],[[-75.46743,6.20797],[-75.46784,6.20784],[-75.46735,6.20766],[-75.46743,6.20797]],[[-75.46827,6.19937],[-75.46809,6.19975],[-75.46831,6.19984],[-75.46827,6.19937]],[[-75.41385,6.25865],[-75.41355,6.2588],[-75.41378,6.25909],[-75.41385,6.25865]],[[-75.45654,6.24127],[-75.45623,6.24143],[-75.45647,6.24171],[-75.45654,6.24127]],[[-75.45598,6.23226],[-75.45573,6.23246],[-75.4559,6.23286],[-75.45598,6.23226]],[[-75.41378,6.26208],[-75.41323,6.26218],[-75.4134,6.26229],[-75.41378,6.26208]],[[-75.428,6.28984],[-75.42848,6.28963],[-75.42791,6.28949],[-75.428,6.28984]],[[-75.47554,6.25144],[-75.47533,6.2514],[-75.47511,6.25194],[-75.47554,6.25144]],[[-75.44605,6.23597],[-75.44565,6.23592],[-75.44544,6.2362],[-75.44605,6.23597]],[[-75.4597,6.30117],[-75.46023,6.30112],[-75.45965,6.30098],[-75.4597,6.30117]],[[-75.45963,6.31309],[-75.45941,6.31291],[-75.45949,6.31349],[-75.45963,6.31309]],[[-75.45106,6.30664],[-75.45069,6.3069],[-75.45093,6.307],[-75.45106,6.30664]],[[-75.40098,6.24701],[-75.40132,6.24666],[-75.40066,6.24692],[-75.40098,6.24701]],[[-75.40166,6.25584],[-75.40153,6.25574],[-75.40157,6.25651],[-75.40166,6.25584]],[[-75.45883,6.22084],[-75.45862,6.2207],[-75.45829,6.22119],[-75.45883,6.22084]],[[-75.47378,6.19815],[-75.47355,6.19846],[-75.4737,6.19882],[-75.47378,6.19815]],[[-75.45251,6.2873],[-75.4522,6.28725],[-75.45199,6.28774],[-75.45251,6.2873]],[[-75.43593,6.23728],[-75.43619,6.2374],[-75.43647,6.23716],[-75.43593,6.23728]],[[-75.40156,6.25336],[-75.40116,6.25358],[-75.40147,6.2537],[-75.40156,6.25336]],[[-75.39588,6.26719],[-75.39632,6.26737],[-75.39645,6.26717],[-75.39588,6.26719]],[[-75.4575,6.26033],[-75.45707,6.26073],[-75.45735,6.2607],[-75.4575,6.26033]],[[-75.39714,6.25576],[-75.39688,6.25555],[-75.39685,6.25616],[-75.39714,6.25576]],[[-75.44081,6.22968],[-75.44106,6.22946],[-75.44031,6.22943],[-75.44081,6.22968]],[[-75.39624,6.26383],[-75.39659,6.26367],[-75.39604,6.26344],[-75.39624,6.26383]],[[-75.45472,6.30304],[-75.45441,6.3028],[-75.45407,6.30293],[-75.45472,6.30304]],[[-75.39956,6.25642],[-75.39897,6.25662],[-75.39966,6.25663],[-75.39956,6.25642]],[[-75.45995,6.30005],[-75.45943,6.30038],[-75.45983,6.30047],[-75.45995,6.30005]],[[-75.47406,6.26093],[-75.47476,6.26084],[-75.474,6.26071],[-75.47406,6.26093]],[[-75.42825,6.2677],[-75.42859,6.26791],[-75.42845,6.26746],[-75.42825,6.2677]],[[-75.45943,6.27288],[-75.4597,6.27299],[-75.45939,6.27241],[-75.45943,6.27288]],[[-75.45843,6.22752],[-75.4582,6.2278],[-75.45845,6.22815],[-75.45843,6.22752]],[[-75.45239,6.27454],[-75.45199,6.27454],[-75.45229,6.27482],[-75.45239,6.27454]],[[-75.41601,6.27708],[-75.41577,6.27704],[-75.41561,6.27781],[-75.41601,6.27708]],[[-75.39425,6.21973],[-75.39373,6.21975],[-75.39416,6.22],[-75.39425,6.21973]],[[-75.3888,6.23638],[-75.38871,6.23695],[-75.3889,6.23691],[-75.3888,6.23638]],[[-75.45927,6.24643],[-75.45951,6.2465],[-75.45923,6.24592],[-75.45927,6.24643]],[[-75.44276,6.25992],[-75.44225,6.25951],[-75.44208,6.25983],[-75.44276,6.25992]],[[-75.38816,6.23856],[-75.38838,6.23882],[-75.38861,6.2385],[-75.38816,6.23856]],[[-75.4513,6.27751],[-75.45109,6.2774],[-75.451,6.27786],[-75.4513,6.27751]],[[-75.45738,6.21605],[-75.45641,6.21597],[-75.45726,6.21622],[-75.45738,6.21605]],[[-75.40221,6.25713],[-75.4018,6.25701],[-75.40159,6.25721],[-75.40221,6.25713]],[[-75.47156,6.25316],[-75.4712,6.25351],[-75.4712,6.25378],[-75.47156,6.25316]],[[-75.46099,6.31222],[-75.46101,6.31256],[-75.46144,6.31277],[-75.46099,6.31222]],[[-75.4026,6.25018],[-75.40309,6.25001],[-75.40251,6.24987],[-75.4026,6.25018]],[[-75.39682,6.26266],[-75.39707,6.26243],[-75.39649,6.26218],[-75.39682,6.26266]],[[-75.41671,6.27619],[-75.41609,6.27641],[-75.41627,6.27654],[-75.41671,6.27619]],[[-75.43392,6.29086],[-75.43427,6.29095],[-75.43418,6.2906],[-75.43392,6.29086]],[[-75.43381,6.21307],[-75.4334,6.21299],[-75.4333,6.2134],[-75.43381,6.21307]],[[-75.43684,6.27702],[-75.4367,6.27604],[-75.43659,6.27687],[-75.43684,6.27702]],[[-75.45137,6.29966],[-75.45155,6.29888],[-75.45133,6.29883],[-75.45137,6.29966]],[[-75.46028,6.29065],[-75.4598,6.29116],[-75.45987,6.29143],[-75.46028,6.29065]],[[-75.45375,6.25885],[-75.45337,6.25941],[-75.45382,6.25935],[-75.45375,6.25885]],[[-75.41721,6.26254],[-75.41699,6.2624],[-75.41687,6.26297],[-75.41721,6.26254]],[[-75.46101,6.3115],[-75.46076,6.31137],[-75.46059,6.31178],[-75.46101,6.3115]],[[-75.38959,6.253],[-75.38982,6.25289],[-75.38942,6.25243],[-75.38959,6.253]],[[-75.45801,6.2496],[-75.45855,6.25003],[-75.45828,6.2495],[-75.45801,6.2496]],[[-75.41853,6.25662],[-75.41824,6.25643],[-75.41816,6.25696],[-75.41853,6.25662]],[[-75.45276,6.23793],[-75.45249,6.23822],[-75.4528,6.23857],[-75.45276,6.23793]],[[-75.45743,6.23118],[-75.45761,6.2315],[-75.45739,6.23083],[-75.45743,6.23118]],[[-75.43419,6.22181],[-75.43369,6.22176],[-75.43338,6.22201],[-75.43419,6.22181]],[[-75.43586,6.27626],[-75.43533,6.27636],[-75.43555,6.27651],[-75.43586,6.27626]],[[-75.44793,6.26348],[-75.4478,6.2634],[-75.44757,6.26425],[-75.44793,6.26348]],[[-75.46195,6.26832],[-75.46173,6.26825],[-75.46174,6.26883],[-75.46195,6.26832]],[[-75.45912,6.32354],[-75.45871,6.32331],[-75.45849,6.32351],[-75.45912,6.32354]],[[-75.45263,6.26164],[-75.45232,6.26196],[-75.45252,6.26216],[-75.45263,6.26164]],[[-75.45814,6.29519],[-75.45739,6.29524],[-75.45804,6.29538],[-75.45814,6.29519]],[[-75.47978,6.31426],[-75.47991,6.31447],[-75.48041,6.31437],[-75.47978,6.31426]],[[-75.44639,6.25219],[-75.44605,6.2526],[-75.44698,6.25225],[-75.44639,6.25219]],[[-75.439,6.26719],[-75.43869,6.26713],[-75.43877,6.26763],[-75.439,6.26719]],[[-75.45935,6.24136],[-75.45895,6.24131],[-75.45872,6.24171],[-75.45935,6.24136]],[[-75.42529,6.26983],[-75.4257,6.26972],[-75.42523,6.26961],[-75.42529,6.26983]],[[-75.45952,6.27162],[-75.45939,6.27151],[-75.45929,6.27245],[-75.45952,6.27162]],[[-75.41605,6.26836],[-75.41544,6.26876],[-75.41581,6.26885],[-75.41605,6.26836]],[[-75.47485,6.25957],[-75.47432,6.25939],[-75.47468,6.25984],[-75.47485,6.25957]],[[-75.46071,6.24353],[-75.46126,6.24424],[-75.46134,6.24352],[-75.46071,6.24353]],[[-75.45812,6.28964],[-75.45768,6.28993],[-75.45784,6.29008],[-75.45812,6.28964]],[[-75.44961,6.2204],[-75.45026,6.22058],[-75.45018,6.22031],[-75.44961,6.2204]],[[-75.46262,6.21512],[-75.46222,6.21491],[-75.4621,6.21519],[-75.46262,6.21512]],[[-75.39522,6.2726],[-75.39583,6.27251],[-75.39516,6.27239],[-75.39522,6.2726]],[[-75.45517,6.31062],[-75.45488,6.31057],[-75.45463,6.31106],[-75.45517,6.31062]],[[-75.45846,6.25818],[-75.45796,6.25847],[-75.45812,6.25862],[-75.45846,6.25818]],[[-75.46849,6.24676],[-75.46782,6.24671],[-75.46776,6.24685],[-75.46849,6.24676]],[[-75.46352,6.26173],[-75.46377,6.26143],[-75.46341,6.26106],[-75.46352,6.26173]],[[-75.41066,6.25515],[-75.41047,6.255],[-75.40993,6.25558],[-75.41066,6.25515]],[[-75.4158,6.2752],[-75.41587,6.27572],[-75.41576,6.27487],[-75.4158,6.2752]],[[-75.44165,6.23102],[-75.44177,6.23039],[-75.44158,6.23033],[-75.44165,6.23102]],[[-75.47351,6.19906],[-75.4729,6.19914],[-75.47315,6.19937],[-75.47351,6.19906]],[[-75.40339,6.25023],[-75.40359,6.25036],[-75.40332,6.24959],[-75.40339,6.25023]],[[-75.45203,6.24203],[-75.45172,6.24178],[-75.45167,6.24222],[-75.45203,6.24203]],[[-75.46292,6.25947],[-75.46256,6.25952],[-75.46265,6.26023],[-75.46292,6.25947]],[[-75.45909,6.24611],[-75.45882,6.24633],[-75.4588,6.24696],[-75.45909,6.24611]],[[-75.43305,6.27254],[-75.43263,6.27331],[-75.43286,6.27343],[-75.43305,6.27254]],[[-75.45454,6.26804],[-75.45487,6.26847],[-75.4547,6.26787],[-75.45454,6.26804]],[[-75.46075,6.22203],[-75.46052,6.22196],[-75.46063,6.22264],[-75.46075,6.22203]],[[-75.47361,6.24974],[-75.47321,6.25033],[-75.47346,6.25045],[-75.47361,6.24974]],[[-75.44175,6.22838],[-75.44197,6.22845],[-75.4413,6.22771],[-75.44175,6.22838]],[[-75.41145,6.26713],[-75.41171,6.26698],[-75.4114,6.26648],[-75.41145,6.26713]],[[-75.41459,6.26264],[-75.41405,6.26274],[-75.41405,6.26307],[-75.41459,6.26264]],[[-75.46127,6.24243],[-75.46206,6.24234],[-75.46121,6.24221],[-75.46127,6.24243]],[[-75.44509,6.29265],[-75.44479,6.29283],[-75.44526,6.29308],[-75.44509,6.29265]],[[-75.45935,6.30972],[-75.4589,6.31007],[-75.45921,6.31015],[-75.45935,6.30972]],[[-75.4615,6.30879],[-75.46091,6.30872],[-75.46168,6.30904],[-75.4615,6.30879]],[[-75.46023,6.29418],[-75.45961,6.29468],[-75.46093,6.29397],[-75.46023,6.29418]],[[-75.45669,6.25969],[-75.45721,6.25989],[-75.45665,6.25931],[-75.45669,6.25969]],[[-75.46662,6.24116],[-75.46613,6.24148],[-75.46641,6.24161],[-75.46662,6.24116]],[[-75.41516,6.26412],[-75.41558,6.26425],[-75.4151,6.26367],[-75.41516,6.26412]],[[-75.47004,6.26678],[-75.46956,6.26713],[-75.47016,6.26712],[-75.47004,6.26678]],[[-75.45882,6.3077],[-75.4589,6.30857],[-75.45904,6.30801],[-75.45882,6.3077]],[[-75.46703,6.20093],[-75.46718,6.20155],[-75.46728,6.2013],[-75.46703,6.20093]],[[-75.47193,6.26597],[-75.47165,6.26549],[-75.47179,6.26624],[-75.47193,6.26597]],[[-75.44216,6.22932],[-75.44175,6.22924],[-75.44166,6.22983],[-75.44216,6.22932]],[[-75.47599,6.25244],[-75.47578,6.25239],[-75.4755,6.25304],[-75.47599,6.25244]],[[-75.45988,6.30952],[-75.45905,6.30881],[-75.45912,6.30911],[-75.45988,6.30952]],[[-75.46068,6.26993],[-75.46047,6.26988],[-75.46031,6.27064],[-75.46068,6.26993]],[[-75.45869,6.22788],[-75.45913,6.22771],[-75.45864,6.22757],[-75.45869,6.22788]],[[-75.45261,6.26056],[-75.45222,6.2605],[-75.45216,6.26135],[-75.45261,6.26056]],[[-75.46673,6.26293],[-75.46592,6.26319],[-75.46621,6.2633],[-75.46673,6.26293]],[[-75.45944,6.27517],[-75.45915,6.27526],[-75.46015,6.2757],[-75.45944,6.27517]],[[-75.47548,6.22124],[-75.47601,6.22107],[-75.47543,6.22093],[-75.47548,6.22124]],[[-75.46078,6.31276],[-75.45983,6.31222],[-75.46019,6.31293],[-75.46078,6.31276]],[[-75.4348,6.21411],[-75.43452,6.21457],[-75.43511,6.21368],[-75.4348,6.21411]],[[-75.43135,6.27624],[-75.43076,6.27619],[-75.43064,6.27653],[-75.43135,6.27624]],[[-75.47027,6.20818],[-75.46984,6.20814],[-75.46958,6.20855],[-75.47027,6.20818]],[[-75.44468,6.23523],[-75.44391,6.23508],[-75.44381,6.23542],[-75.44468,6.23523]],[[-75.45229,6.27743],[-75.45156,6.27628],[-75.45191,6.27731],[-75.45229,6.27743]],[[-75.41323,6.26806],[-75.41256,6.26816],[-75.41284,6.26841],[-75.41323,6.26806]],[[-75.41251,6.2613],[-75.41211,6.26123],[-75.41188,6.26164],[-75.41251,6.2613]],[[-75.45891,6.24933],[-75.45947,6.24971],[-75.45925,6.24921],[-75.45891,6.24933]],[[-75.45159,6.24382],[-75.45201,6.24472],[-75.452,6.24383],[-75.45159,6.24382]],[[-75.43898,6.26049],[-75.43958,6.26075],[-75.43971,6.26052],[-75.43898,6.26049]],[[-75.4633,6.29855],[-75.46286,6.29859],[-75.46401,6.29859],[-75.4633,6.29855]],[[-75.44361,6.2313],[-75.44279,6.23137],[-75.44348,6.23154],[-75.44361,6.2313]],[[-75.45722,6.25384],[-75.45789,6.25404],[-75.45803,6.25376],[-75.45722,6.25384]],[[-75.43979,6.26022],[-75.44001,6.26063],[-75.44087,6.26039],[-75.43979,6.26022]],[[-75.41577,6.26152],[-75.41533,6.26203],[-75.41553,6.26217],[-75.41577,6.26152]],[[-75.45278,6.21028],[-75.45187,6.21051],[-75.45313,6.21032],[-75.45278,6.21028]],[[-75.46726,6.20448],[-75.46689,6.20462],[-75.46726,6.20493],[-75.46726,6.20448]],[[-75.40854,6.24989],[-75.40824,6.24998],[-75.40842,6.25059],[-75.40854,6.24989]],[[-75.38142,6.21869],[-75.38218,6.21904],[-75.38269,6.21887],[-75.38142,6.21869]],[[-75.46412,6.32036],[-75.46404,6.32088],[-75.4648,6.32081],[-75.46412,6.32036]],[[-75.42484,6.26937],[-75.42434,6.26957],[-75.42499,6.26982],[-75.42484,6.26937]],[[-75.4393,6.2801],[-75.43884,6.27986],[-75.43805,6.27999],[-75.4393,6.2801]],[[-75.39564,6.26753],[-75.39551,6.26742],[-75.3949,6.26801],[-75.39564,6.26753]],[[-75.39052,6.25291],[-75.39031,6.25252],[-75.38974,6.25244],[-75.39052,6.25291]],[[-75.45167,6.26568],[-75.45113,6.26553],[-75.45209,6.26623],[-75.45167,6.26568]],[[-75.46136,6.2428],[-75.46201,6.24288],[-75.46199,6.24261],[-75.46136,6.2428]],[[-75.4125,6.2601],[-75.4119,6.26037],[-75.412,6.26077],[-75.4125,6.2601]],[[-75.46404,6.25029],[-75.46366,6.25047],[-75.46443,6.2505],[-75.46404,6.25029]],[[-75.43416,6.21205],[-75.43379,6.21285],[-75.43443,6.21223],[-75.43416,6.21205]],[[-75.47769,6.2736],[-75.47777,6.2734],[-75.47665,6.27336],[-75.47769,6.2736]],[[-75.46104,6.30058],[-75.46037,6.30101],[-75.46091,6.30089],[-75.46104,6.30058]],[[-75.4591,6.25086],[-75.45964,6.25119],[-75.45906,6.25053],[-75.4591,6.25086]],[[-75.45143,6.28033],[-75.45126,6.28074],[-75.45204,6.28071],[-75.45143,6.28033]],[[-75.4099,6.2521],[-75.4098,6.25249],[-75.41057,6.2518],[-75.4099,6.2521]],[[-75.41161,6.2604],[-75.41269,6.26001],[-75.41157,6.25997],[-75.41161,6.2604]],[[-75.46728,6.2022],[-75.46667,6.20255],[-75.46753,6.20237],[-75.46728,6.2022]],[[-75.40555,6.25669],[-75.40613,6.25713],[-75.40608,6.25661],[-75.40555,6.25669]],[[-75.42978,6.26658],[-75.4301,6.26692],[-75.43023,6.26638],[-75.42978,6.26658]],[[-75.46628,6.30177],[-75.46596,6.30199],[-75.46602,6.30271],[-75.46628,6.30177]],[[-75.45798,6.32437],[-75.45732,6.32487],[-75.45769,6.32498],[-75.45798,6.32437]],[[-75.45646,6.24101],[-75.45673,6.24041],[-75.45642,6.24033],[-75.45646,6.24101]],[[-75.39364,6.26241],[-75.39481,6.26276],[-75.39447,6.26241],[-75.39364,6.26241]],[[-75.45634,6.26514],[-75.45584,6.26525],[-75.45589,6.26577],[-75.45634,6.26514]],[[-75.45376,6.21272],[-75.45417,6.21334],[-75.4542,6.21257],[-75.45376,6.21272]],[[-75.43985,6.21498],[-75.43914,6.21385],[-75.43879,6.21394],[-75.43985,6.21498]],[[-75.45076,6.29851],[-75.45046,6.29879],[-75.45071,6.29916],[-75.45076,6.29851]],[[-75.45943,6.21867],[-75.45913,6.21946],[-75.45978,6.21876],[-75.45943,6.21867]],[[-75.45542,6.22394],[-75.45477,6.22414],[-75.45521,6.22435],[-75.45542,6.22394]],[[-75.47048,6.2505],[-75.46975,6.2506],[-75.47051,6.25082],[-75.47048,6.2505]],[[-75.45986,6.31137],[-75.46011,6.31115],[-75.45991,6.31025],[-75.45986,6.31137]],[[-75.461,6.28956],[-75.45994,6.28955],[-75.46086,6.28981],[-75.461,6.28956]],[[-75.40857,6.2508],[-75.40792,6.25111],[-75.408,6.25138],[-75.40857,6.2508]],[[-75.39677,6.25112],[-75.39584,6.25127],[-75.39648,6.25137],[-75.39677,6.25112]],[[-75.41064,6.26426],[-75.40992,6.26457],[-75.41002,6.2649],[-75.41064,6.26426]],[[-75.46339,6.23754],[-75.46308,6.23703],[-75.46264,6.23696],[-75.46339,6.23754]],[[-75.46158,6.24628],[-75.46221,6.24646],[-75.46221,6.24619],[-75.46158,6.24628]],[[-75.47244,6.24912],[-75.472,6.24946],[-75.4722,6.24972],[-75.47244,6.24912]],[[-75.45542,6.2105],[-75.45574,6.21009],[-75.45516,6.21004],[-75.45542,6.2105]],[[-75.41047,6.26056],[-75.40998,6.26119],[-75.41011,6.26139],[-75.41047,6.26056]],[[-75.4669,6.20628],[-75.46687,6.20701],[-75.4672,6.20694],[-75.4669,6.20628]],[[-75.45863,6.24547],[-75.45829,6.24597],[-75.45856,6.24632],[-75.45863,6.24547]],[[-75.45948,6.29508],[-75.45855,6.29556],[-75.45873,6.29582],[-75.45948,6.29508]],[[-75.45054,6.25838],[-75.4509,6.25841],[-75.44992,6.25831],[-75.45054,6.25838]],[[-75.46565,6.26231],[-75.46566,6.2628],[-75.46609,6.26246],[-75.46565,6.26231]],[[-75.41141,6.2548],[-75.41094,6.2546],[-75.4107,6.2552],[-75.41141,6.2548]],[[-75.46789,6.25346],[-75.46716,6.25378],[-75.46823,6.25345],[-75.46789,6.25346]],[[-75.45787,6.29678],[-75.45728,6.29696],[-75.45841,6.2969],[-75.45787,6.29678]],[[-75.4121,6.26358],[-75.41252,6.26328],[-75.41185,6.26295],[-75.4121,6.26358]],[[-75.40838,6.25152],[-75.40815,6.25152],[-75.40832,6.25251],[-75.40838,6.25152]],[[-75.45808,6.20486],[-75.45835,6.20441],[-75.45746,6.20459],[-75.45808,6.20486]],[[-75.45583,6.28032],[-75.45503,6.27998],[-75.45423,6.28006],[-75.45583,6.28032]],[[-75.43639,6.24803],[-75.43537,6.24868],[-75.43609,6.24862],[-75.43639,6.24803]],[[-75.45894,6.22364],[-75.45855,6.2242],[-75.45894,6.22435],[-75.45894,6.22364]],[[-75.46041,6.30009],[-75.45971,6.30078],[-75.4603,6.30073],[-75.46041,6.30009]],[[-75.47159,6.26043],[-75.47128,6.26036],[-75.47103,6.26102],[-75.47159,6.26043]],[[-75.44098,6.22908],[-75.44013,6.22898],[-75.44005,6.22919],[-75.44098,6.22908]],[[-75.43429,6.21098],[-75.43372,6.21147],[-75.43431,6.21189],[-75.43429,6.21098]],[[-75.46886,6.25356],[-75.46865,6.2534],[-75.46841,6.25437],[-75.46886,6.25356]],[[-75.46766,6.26215],[-75.467,6.26203],[-75.46732,6.26272],[-75.46766,6.26215]],[[-75.41772,6.24564],[-75.41749,6.24558],[-75.41731,6.24643],[-75.41772,6.24564]],[[-75.45442,6.22483],[-75.454,6.22559],[-75.45433,6.22572],[-75.45442,6.22483]],[[-75.42704,6.28936],[-75.42757,6.29025],[-75.427,6.28877],[-75.42704,6.28936]],[[-75.4144,6.27405],[-75.41425,6.27501],[-75.41463,6.27442],[-75.4144,6.27405]],[[-75.46063,6.24788],[-75.4609,6.24724],[-75.46059,6.24682],[-75.46063,6.24788]],[[-75.42655,6.27571],[-75.42695,6.27629],[-75.42719,6.27617],[-75.42655,6.27571]],[[-75.46196,6.24055],[-75.46225,6.24107],[-75.46259,6.24055],[-75.46196,6.24055]],[[-75.44282,6.23381],[-75.44272,6.23487],[-75.44325,6.23379],[-75.44282,6.23381]],[[-75.45219,6.29295],[-75.45284,6.29294],[-75.45231,6.29241],[-75.45219,6.29295]],[[-75.48441,6.30335],[-75.48415,6.30412],[-75.48518,6.30373],[-75.48441,6.30335]],[[-75.40944,6.25984],[-75.40989,6.26064],[-75.40976,6.25976],[-75.40944,6.25984]],[[-75.45467,6.2112],[-75.45386,6.21156],[-75.45416,6.21181],[-75.45467,6.2112]],[[-75.39473,6.27423],[-75.39472,6.2734],[-75.39435,6.27414],[-75.39473,6.27423]],[[-75.44984,6.26393],[-75.45042,6.2645],[-75.45004,6.26362],[-75.44984,6.26393]],[[-75.46129,6.22121],[-75.46066,6.22144],[-75.46094,6.22183],[-75.46129,6.22121]],[[-75.46933,6.26519],[-75.46949,6.26425],[-75.46907,6.26482],[-75.46933,6.26519]],[[-75.45562,6.23543],[-75.45526,6.23548],[-75.4553,6.2362],[-75.45562,6.23543]],[[-75.40266,6.26022],[-75.40305,6.26101],[-75.40294,6.26008],[-75.40266,6.26022]],[[-75.45062,6.28956],[-75.44964,6.28972],[-75.45065,6.28976],[-75.45062,6.28956]],[[-75.4369,6.26393],[-75.43647,6.26354],[-75.43595,6.26394],[-75.4369,6.26393]],[[-75.40423,6.25085],[-75.40481,6.25062],[-75.40377,6.25031],[-75.40423,6.25085]],[[-75.45722,6.2504],[-75.45822,6.25049],[-75.45716,6.25009],[-75.45722,6.2504]],[[-75.45914,6.22538],[-75.45846,6.22482],[-75.45858,6.22546],[-75.45914,6.22538]],[[-75.44015,6.27226],[-75.43962,6.27248],[-75.43985,6.27284],[-75.44015,6.27226]],[[-75.45226,6.25957],[-75.45186,6.2595],[-75.45124,6.26018],[-75.45226,6.25957]],[[-75.44638,6.2526],[-75.44613,6.25287],[-75.44633,6.25359],[-75.44638,6.2526]],[[-75.41463,6.27628],[-75.41499,6.27687],[-75.41496,6.27611],[-75.41463,6.27628]],[[-75.46193,6.29786],[-75.46157,6.29795],[-75.46273,6.29857],[-75.46193,6.29786]],[[-75.46728,6.25606],[-75.46815,6.25596],[-75.4673,6.25548],[-75.46728,6.25606]],[[-75.3925,6.2726],[-75.39226,6.27289],[-75.39308,6.27352],[-75.3925,6.2726]],[[-75.46613,6.24415],[-75.46659,6.24522],[-75.46609,6.24383],[-75.46613,6.24415]],[[-75.45625,6.25908],[-75.45619,6.25966],[-75.45674,6.26033],[-75.45625,6.25908]],[[-75.45194,6.23949],[-75.45213,6.24018],[-75.45227,6.23935],[-75.45194,6.23949]],[[-75.44026,6.26553],[-75.43995,6.26532],[-75.43964,6.26653],[-75.44026,6.26553]],[[-75.46952,6.26604],[-75.46933,6.26548],[-75.46865,6.26651],[-75.46952,6.26604]],[[-75.4354,6.27795],[-75.43461,6.27853],[-75.43569,6.27819],[-75.4354,6.27795]],[[-75.43225,6.27564],[-75.43125,6.27569],[-75.4317,6.27605],[-75.43225,6.27564]],[[-75.45319,6.27441],[-75.4524,6.27516],[-75.4527,6.27527],[-75.45319,6.27441]],[[-75.41657,6.23398],[-75.41632,6.23432],[-75.41687,6.23477],[-75.41657,6.23398]],[[-75.45046,6.27242],[-75.45005,6.27302],[-75.45066,6.27291],[-75.45046,6.27242]],[[-75.39545,6.26363],[-75.39551,6.26297],[-75.39486,6.26281],[-75.39545,6.26363]],[[-75.46415,6.26223],[-75.46376,6.26287],[-75.46406,6.26303],[-75.46415,6.26223]],[[-75.43513,6.25048],[-75.43466,6.25077],[-75.43533,6.25108],[-75.43513,6.25048]],[[-75.46935,6.25527],[-75.46834,6.25583],[-75.46921,6.25595],[-75.46935,6.25527]],[[-75.42023,6.2599],[-75.41991,6.26062],[-75.42027,6.26089],[-75.42023,6.2599]],[[-75.45888,6.30382],[-75.45937,6.30433],[-75.45961,6.30369],[-75.45888,6.30382]],[[-75.44894,6.26971],[-75.44878,6.26915],[-75.44837,6.26999],[-75.44894,6.26971]],[[-75.46687,6.24794],[-75.4674,6.2486],[-75.46777,6.24855],[-75.46687,6.24794]],[[-75.42229,6.26871],[-75.4218,6.26862],[-75.42162,6.26966],[-75.42229,6.26871]],[[-75.43669,6.26271],[-75.43717,6.26356],[-75.43741,6.26276],[-75.43669,6.26271]],[[-75.47338,6.2665],[-75.47424,6.26722],[-75.47402,6.26664],[-75.47338,6.2665]],[[-75.45643,6.29989],[-75.45558,6.2999],[-75.45567,6.3003],[-75.45643,6.29989]],[[-75.45825,6.26758],[-75.45854,6.26803],[-75.4587,6.26697],[-75.45825,6.26758]],[[-75.43497,6.2764],[-75.43469,6.27731],[-75.435,6.27756],[-75.43497,6.2764]],[[-75.4463,6.20741],[-75.44531,6.20789],[-75.44548,6.20816],[-75.4463,6.20741]],[[-75.4592,6.25369],[-75.45862,6.25361],[-75.45817,6.25416],[-75.4592,6.25369]],[[-75.41174,6.26488],[-75.41234,6.2648],[-75.41095,6.26422],[-75.41174,6.26488]],[[-75.45821,6.2224],[-75.45822,6.22302],[-75.45863,6.22232],[-75.45821,6.2224]],[[-75.4659,6.25848],[-75.46441,6.25802],[-75.46466,6.25847],[-75.4659,6.25848]],[[-75.46203,6.21428],[-75.46169,6.2144],[-75.46389,6.21412],[-75.46203,6.21428]],[[-75.40253,6.25994],[-75.40339,6.25959],[-75.40217,6.25936],[-75.40253,6.25994]],[[-75.45746,6.25858],[-75.45706,6.2593],[-75.45758,6.2597],[-75.45746,6.25858]],[[-75.41268,6.27457],[-75.41318,6.275],[-75.41296,6.27389],[-75.41268,6.27457]],[[-75.45112,6.20746],[-75.45042,6.20758],[-75.45096,6.20847],[-75.45112,6.20746]],[[-75.43466,6.26525],[-75.43407,6.26547],[-75.43445,6.26592],[-75.43466,6.26525]],[[-75.41251,6.25911],[-75.4129,6.25942],[-75.41396,6.25941],[-75.41251,6.25911]],[[-75.40834,6.21567],[-75.4079,6.21539],[-75.40744,6.21613],[-75.40834,6.21567]],[[-75.45659,6.30937],[-75.45696,6.30847],[-75.45648,6.30866],[-75.45659,6.30937]],[[-75.44229,6.2168],[-75.44069,6.21584],[-75.44032,6.21593],[-75.44229,6.2168]],[[-75.39517,6.26883],[-75.39434,6.26892],[-75.39398,6.26947],[-75.39517,6.26883]],[[-75.46942,6.25399],[-75.46876,6.25486],[-75.46977,6.25409],[-75.46942,6.25399]],[[-75.46755,6.26641],[-75.46748,6.26698],[-75.46816,6.26521],[-75.46755,6.26641]],[[-75.45895,6.22264],[-75.45856,6.22318],[-75.45928,6.22304],[-75.45895,6.22264]],[[-75.46611,6.26383],[-75.46758,6.26339],[-75.46607,6.2635],[-75.46611,6.26383]],[[-75.42455,6.20233],[-75.4233,6.20268],[-75.42442,6.20275],[-75.42455,6.20233]],[[-75.43884,6.26799],[-75.4382,6.26864],[-75.43874,6.2689],[-75.43884,6.26799]],[[-75.45799,6.20407],[-75.45862,6.20368],[-75.45749,6.20326],[-75.45799,6.20407]],[[-75.46106,6.25606],[-75.462,6.25671],[-75.46237,6.25643],[-75.46106,6.25606]],[[-75.41346,6.27258],[-75.41257,6.27266],[-75.41239,6.27317],[-75.41346,6.27258]],[[-75.44341,6.26037],[-75.44266,6.26052],[-75.44325,6.26095],[-75.44341,6.26037]],[[-75.40483,6.25678],[-75.40465,6.25719],[-75.40587,6.25741],[-75.40483,6.25678]],[[-75.46029,6.25039],[-75.46011,6.25094],[-75.46124,6.25138],[-75.46029,6.25039]],[[-75.42149,6.22164],[-75.42189,6.22113],[-75.42077,6.22219],[-75.42149,6.22164]],[[-75.45039,6.25933],[-75.4516,6.25933],[-75.45032,6.25896],[-75.45039,6.25933]],[[-75.39632,6.23095],[-75.39577,6.23116],[-75.39633,6.23181],[-75.39632,6.23095]],[[-75.45,6.25884],[-75.449,6.25957],[-75.44965,6.25955],[-75.45,6.25884]],[[-75.4541,6.26794],[-75.45387,6.26863],[-75.45424,6.26903],[-75.4541,6.26794]],[[-75.44294,6.26136],[-75.442,6.26069],[-75.44145,6.26095],[-75.44294,6.26136]],[[-75.44824,6.27329],[-75.44801,6.27353],[-75.44874,6.27437],[-75.44824,6.27329]],[[-75.4273,6.27364],[-75.42674,6.27393],[-75.4277,6.27461],[-75.4273,6.27364]],[[-75.48413,6.3028],[-75.48383,6.30336],[-75.48499,6.30269],[-75.48413,6.3028]],[[-75.39197,6.25808],[-75.39171,6.25919],[-75.39218,6.25878],[-75.39197,6.25808]],[[-75.43587,6.27712],[-75.43548,6.27794],[-75.43659,6.27732],[-75.43587,6.27712]],[[-75.40899,6.25325],[-75.40809,6.25307],[-75.40878,6.25405],[-75.40899,6.25325]],[[-75.4317060920838,6.274116453393551],[-75.43184,6.27411],[-75.43186,6.27337],[-75.4317060920838,6.274116453393551]],[[-75.43018,6.27419],[-75.43166,6.27434],[-75.4317060920838,6.274116453393551],[-75.43018,6.27419]],[[-75.48436,6.30681],[-75.48348,6.30535],[-75.48355,6.30594],[-75.48436,6.30681]],[[-75.45797,6.29825],[-75.45733,6.29867],[-75.45707,6.29959],[-75.45797,6.29825]],[[-75.47403,6.24955],[-75.47366,6.25063],[-75.47407,6.25114],[-75.47403,6.24955]],[[-75.4551,6.24112],[-75.45396,6.24174],[-75.45419,6.24254],[-75.4551,6.24112]],[[-75.40518,6.25779],[-75.4045,6.25822],[-75.40503,6.25873],[-75.40518,6.25779]],[[-75.45202,6.28873],[-75.45251,6.28784],[-75.45163,6.28846],[-75.45202,6.28873]],[[-75.45828,6.24697],[-75.45878,6.24813],[-75.45887,6.24713],[-75.45828,6.24697]],[[-75.4318,6.3115],[-75.43243,6.31213],[-75.43233,6.31131],[-75.4318,6.3115]],[[-75.45439,6.22389],[-75.45372,6.22445],[-75.4547,6.2245],[-75.45439,6.22389]],[[-75.47001,6.265],[-75.46938,6.26718],[-75.47001,6.26627],[-75.47001,6.265]],[[-75.44472,6.23065],[-75.44479,6.23159],[-75.44522,6.23152],[-75.44472,6.23065]],[[-75.46912,6.2114],[-75.46872,6.21128],[-75.4676,6.21209],[-75.46912,6.2114]],[[-75.44423,6.23103],[-75.44281,6.23369],[-75.44375,6.23249],[-75.44423,6.23103]],[[-75.44475,6.2146],[-75.44582,6.21374],[-75.44472,6.21382],[-75.44475,6.2146]],[[-75.46767,6.24921],[-75.46624,6.2485],[-75.46804,6.24941],[-75.46767,6.24921]],[[-75.44335,6.20667],[-75.44326,6.20731],[-75.44444,6.20691],[-75.44335,6.20667]],[[-75.46614,6.25793],[-75.46707,6.2576],[-75.4664,6.2572],[-75.46614,6.25793]],[[-75.47638,6.25107],[-75.47614,6.25103],[-75.47524,6.2527],[-75.47638,6.25107]],[[-75.43483,6.27861],[-75.43621,6.27929],[-75.43642,6.27875],[-75.43483,6.27861]],[[-75.41187,6.26615],[-75.41175,6.26514],[-75.41106,6.26625],[-75.41187,6.26615]],[[-75.43728,6.28033],[-75.4374,6.27935],[-75.43661,6.28037],[-75.43728,6.28033]],[[-75.42742,6.26138],[-75.42706,6.26148],[-75.42679,6.26295],[-75.42742,6.26138]],[[-75.42673,6.2681],[-75.42615,6.26839],[-75.42703,6.26915],[-75.42673,6.2681]],[[-75.46754,6.2051],[-75.46693,6.2059],[-75.46748,6.20636],[-75.46754,6.2051]],[[-75.39267,6.26035],[-75.39355,6.26133],[-75.39310457428068,6.260833957721666],[-75.39267,6.26035]],[[-75.45457,6.24368],[-75.45426,6.2435],[-75.45414,6.24535],[-75.45457,6.24368]],[[-75.4607,6.29517],[-75.46014,6.29561],[-75.46163,6.29487],[-75.4607,6.29517]],[[-75.41957,6.23729],[-75.41882,6.23722],[-75.42067,6.23856],[-75.41957,6.23729]],[[-75.45332,6.29058],[-75.45176,6.2897],[-75.45202,6.29028],[-75.45332,6.29058]],[[-75.39859,6.25555],[-75.39794,6.2557],[-75.39837,6.25715],[-75.39859,6.25555]],[[-75.43843,6.26637],[-75.43805,6.2679],[-75.43864,6.26694],[-75.43843,6.26637]],[[-75.45969,6.29785],[-75.45959,6.29866],[-75.46149,6.29856],[-75.45969,6.29785]],[[-75.4646,6.20385],[-75.46589,6.20388],[-75.46583,6.20318],[-75.4646,6.20385]],[[-75.45802,6.25994],[-75.45786,6.26133],[-75.45866,6.26188],[-75.45802,6.25994]],[[-75.44494,6.27598],[-75.44622,6.27691],[-75.44634,6.2764],[-75.44494,6.27598]],[[-75.45903,6.24117],[-75.46127,6.24054],[-75.45976,6.24041],[-75.45903,6.24117]],[[-75.43554,6.25217],[-75.43619,6.25218],[-75.43449,6.25159],[-75.43554,6.25217]],[[-75.41123,6.25199],[-75.40926,6.25315],[-75.41025,6.25297],[-75.41123,6.25199]],[[-75.41107,6.26118],[-75.41161,6.26062],[-75.41111,6.25925],[-75.41107,6.26118]],[[-75.46559,6.20964],[-75.46465,6.20957],[-75.46415,6.21116],[-75.46559,6.20964]],[[-75.45941,6.29881],[-75.45801,6.29826],[-75.45842,6.29929],[-75.45941,6.29881]],[[-75.4018,6.25759],[-75.40308,6.25794],[-75.40347,6.25675],[-75.4018,6.25759]],[[-75.46475,6.25895],[-75.46408,6.26033],[-75.46518,6.25862],[-75.46475,6.25895]],[[-75.4283,6.26625],[-75.42841,6.26698],[-75.42988,6.26705],[-75.4283,6.26625]],[[-75.4598,6.24352],[-75.46089,6.24279],[-75.45967,6.24203],[-75.4598,6.24352]],[[-75.46126,6.24298],[-75.46026190369182,6.243349158908505],[-75.46007,6.24352],[-75.46126,6.24298]],[[-75.39587,6.26185],[-75.39615,6.26151],[-75.39346,6.26154],[-75.39587,6.26185]],[[-75.46294,6.24122],[-75.46221,6.2418],[-75.46477,6.24009],[-75.46294,6.24122]],[[-75.40442,6.26057],[-75.40513,6.25904],[-75.40322,6.26024],[-75.40442,6.26057]],[[-75.46244,6.22232],[-75.46093,6.22392],[-75.46092,6.22508],[-75.46244,6.22232]],[[-75.40559,6.25224],[-75.40716,6.252],[-75.40679,6.25117],[-75.40559,6.25224]],[[-75.41139,6.25252],[-75.40865,6.25491],[-75.41044,6.2543],[-75.41139,6.25252]],[[-75.42801,6.25947],[-75.42671,6.26105],[-75.42897,6.26024],[-75.42679,6.25798],[-75.42801,6.25947]],[[-75.39519,6.25043],[-75.39574,6.24968],[-75.39407,6.24965],[-75.39519,6.25043]],[[-75.45838,6.25059],[-75.45703,6.25085],[-75.45958,6.25265],[-75.45838,6.25059]],[[-75.44077,6.21348],[-75.4396,6.21414],[-75.44454,6.2136],[-75.44077,6.21348]],[[-75.44478,6.23768],[-75.44263,6.23605],[-75.44101,6.23927],[-75.44478,6.23768]],[[-75.4608,6.31288],[-75.45917,6.31558],[-75.46076,6.31584],[-75.4608,6.31288]],[[-75.46452,6.25634],[-75.45959,6.25447],[-75.46299,6.25642],[-75.46452,6.25634]],[[-75.40800672937772,6.2571523444283725],[-75.40815,6.25697],[-75.408,6.25547],[-75.40800672937772,6.2571523444283725]],[[-75.40727,6.25809],[-75.40802,6.26047],[-75.40800672937772,6.2571523444283725],[-75.40727,6.25809]],[[-75.44954,6.27188],[-75.44926,6.27479],[-75.4503,6.27195],[-75.44954,6.27188]],[[-75.40169,6.25778],[-75.40302,6.25932],[-75.40438,6.25893],[-75.40169,6.25778]],[[-75.40897,6.23936],[-75.41114,6.24419],[-75.40889,6.23873],[-75.40897,6.23936]],[[-75.39357,6.21701],[-75.39388,6.21639],[-75.39104,6.21373],[-75.39357,6.21701]],[[-75.46664089931573,6.250378924731182],[-75.46748,6.25018],[-75.46661,6.25025],[-75.46664089931573,6.250378924731182]],[[-75.46711,6.25196],[-75.46553,6.25275],[-75.46859,6.25181],[-75.46516,6.25073],[-75.46711,6.25196]],[[-75.40604,6.23687],[-75.40333,6.23463],[-75.40017,6.23376],[-75.40415,6.23976],[-75.40243,6.23472],[-75.40604,6.23687]],[[-75.41104,6.25695],[-75.40837,6.2581],[-75.40985,6.25954],[-75.41286,6.25601],[-75.40926,6.2565],[-75.40809,6.25779],[-75.41104,6.25695]],[[-75.39571,6.25346],[-75.39727,6.25237],[-75.39755,6.2548],[-75.39994,6.25472],[-75.39824,6.25349],[-75.39821,6.25228],[-75.39995,6.25028],[-75.3964,6.25021],[-75.39829,6.25206],[-75.39525,6.25129],[-75.39571,6.25346]],[[-75.45495,6.25586],[-75.45383,6.2558],[-75.45385293960449,6.256862868341343],[-75.45495,6.25586]],[[-75.45384020886578,6.256874506036829],[-75.45386,6.25719],[-75.45385293960449,6.256862868341343],[-75.45384020886578,6.256874506036829]],[[-75.45369,6.25448],[-75.45523,6.25299],[-75.4565,6.24693],[-75.45567528243811,6.243022507911734],[-75.45297,6.25767],[-75.45384020886578,6.256874506036829],[-75.45369,6.25448]],[[-75.45594,6.24076],[-75.45546,6.24297],[-75.45567528243811,6.243022507911734],[-75.45594,6.24076]],[[-75.43999,6.2612],[-75.43985,6.26098],[-75.44008,6.26142],[-75.43999,6.2612]],[[-75.40896,6.25232],[-75.40923,6.25219],[-75.40862,6.25246],[-75.40896,6.25232]],[[-75.45132,6.23388],[-75.45128,6.23361],[-75.45122,6.23439],[-75.45132,6.23388]],[[-75.39711,6.22204],[-75.39723,6.22175],[-75.39674,6.22234],[-75.39711,6.22204]],[[-75.43543,6.21249],[-75.43579,6.21245],[-75.43472,6.21238],[-75.43543,6.21249]],[[-75.43047,6.21702],[-75.43114,6.21684],[-75.43022,6.21702],[-75.43047,6.21702]],[[-75.38851,6.23459],[-75.38878,6.23446],[-75.38825,6.23465],[-75.38851,6.23459]],[[-75.39161,6.25367],[-75.39198,6.25361],[-75.39065,6.25347],[-75.39161,6.25367]],[[-75.45136,6.2771],[-75.45176,6.27729],[-75.45084,6.27674],[-75.45136,6.2771]],[[-75.46084,6.26958],[-75.46135,6.26942],[-75.46047,6.26933],[-75.46084,6.26958]],[[-75.39259,6.25718],[-75.3925,6.25676],[-75.39209,6.25798],[-75.39259,6.25718]],[[-75.39865,6.24204],[-75.39829,6.24171],[-75.39858,6.24293],[-75.39865,6.24204]],[[-75.45906,6.25326],[-75.45838,6.25311],[-75.45974,6.25343],[-75.45906,6.25326]],[[-75.39357,6.27325],[-75.39344,6.27267],[-75.39341,6.27467],[-75.39357,6.27325]],[[-75.43155,6.26647],[-75.43276,6.26607],[-75.43079,6.26665],[-75.43155,6.26647]],[[-75.45848,6.30094],[-75.4581,6.30116],[-75.45915,6.30163],[-75.45848,6.30094]],[[-75.46029,6.24525],[-75.46135,6.24503],[-75.45973,6.24534],[-75.46029,6.24525]],[[-75.467,6.25722],[-75.46752,6.25762],[-75.466,6.25556],[-75.467,6.25722]],[[-75.40026,6.25548],[-75.40002431654676,6.25548],[-75.40038,6.25651],[-75.40026,6.25548]],[[-75.3999,6.25512],[-75.39914,6.25548],[-75.40002431654676,6.25548],[-75.3999,6.25512]],[[-75.38852,6.2724],[-75.38859,6.27245],[-75.38842,6.27225],[-75.38852,6.2724]],[[-75.38151,6.21706],[-75.38145,6.21705],[-75.38139,6.21706],[-75.38151,6.21706]],[[-75.46346,6.24963],[-75.46344,6.2479],[-75.46303,6.2489],[-75.46346,6.24963]],[[-75.44373,6.26052],[-75.44301,6.26221],[-75.44603,6.26243],[-75.44682,6.26138],[-75.44373,6.26052]],[[-75.45483,6.26746],[-75.45632,6.26578],[-75.45504,6.26582],[-75.45468,6.26646],[-75.45483,6.26746]],[[-75.45953,6.27042],[-75.46089,6.26784],[-75.45956,6.26934],[-75.45953,6.27042]],[[-75.45291,6.27825],[-75.45347,6.2775],[-75.4526,6.27726],[-75.45291,6.27825]],[[-75.45166,6.30492],[-75.45093,6.30783],[-75.45534,6.30394],[-75.45166,6.30492]],[[-75.43851,6.21158],[-75.44142,6.20891],[-75.44562,6.20965],[-75.44417,6.20806],[-75.44370126626787,6.208808171149368],[-75.44333,6.20881],[-75.44249,6.2089],[-75.44273,6.20733],[-75.44254,6.20698],[-75.44244438193114,6.208089484410382],[-75.43876,6.21],[-75.43851,6.21158]],[[-75.42913,6.27117],[-75.43251,6.26939],[-75.42781,6.27076],[-75.42939,6.27059],[-75.42682,6.27225],[-75.42913,6.27117]],[[-75.39795,6.21863],[-75.39452,6.21946],[-75.39499,6.22292],[-75.39619,6.22298],[-75.39795,6.21863]],[[-75.40832,6.25404],[-75.40483,6.25249],[-75.40644,6.2539],[-75.40593,6.25489],[-75.40713,6.25704],[-75.40771,6.25493],[-75.40832,6.25404]],[[-75.39353,6.2579],[-75.39629,6.26126],[-75.39891,6.26096],[-75.39557,6.25847],[-75.39823,6.25734],[-75.39623,6.25739],[-75.3963,6.25618],[-75.39538,6.25671],[-75.39471,6.25555],[-75.39345,6.25613],[-75.39329957254212,6.255069451848127],[-75.392,6.25493],[-75.39362,6.25445],[-75.39648,6.25598],[-75.3970210625,6.255340562500001],[-75.39712,6.25533],[-75.39563,6.25359],[-75.39387,6.25382],[-75.39389,6.24994],[-75.39371,6.25426],[-75.39022,6.25413],[-75.39344,6.25715],[-75.39264,6.25772],[-75.39442,6.26042],[-75.39255,6.25798],[-75.39193,6.25936],[-75.39499,6.26078],[-75.39353,6.2579]],[[-75.39344847671666,6.25508543014996],[-75.39361621004566,6.255588630136984],[-75.39376042422009,6.255118903968823],[-75.39344847671666,6.25508543014996]],[[-75.39256,6.26981],[-75.39235,6.27117],[-75.39302,6.27054],[-75.39256,6.26981]],[[-75.39292,6.05348],[-75.39281,6.05344],[-75.39284,6.05355],[-75.39292,6.05348]],[[-75.39635,6.05329],[-75.39624,6.05326],[-75.39627,6.05337],[-75.39635,6.05329]],[[-75.40341,6.05734],[-75.4033,6.05731],[-75.40333,6.05742],[-75.40341,6.05734]],[[-75.39465,6.05862],[-75.39454,6.05859],[-75.39457,6.0587],[-75.39465,6.05862]],[[-75.39581,6.0532],[-75.3957,6.05317],[-75.39573,6.05328],[-75.39581,6.0532]],[[-75.40286,6.05743],[-75.40275,6.0574],[-75.40279,6.05751],[-75.40286,6.05743]],[[-75.40196,6.05517],[-75.40185,6.05514],[-75.40188,6.05525],[-75.40196,6.05517]],[[-75.39157,6.05673],[-75.39146,6.0567],[-75.39149,6.05681],[-75.39157,6.05673]],[[-75.39329,6.05772],[-75.39318,6.05769],[-75.39321,6.0578],[-75.39329,6.05772]],[[-75.40919,6.06067],[-75.40908,6.06064],[-75.40911,6.06075],[-75.40919,6.06067]],[[-75.39501,6.05654],[-75.39489,6.05651],[-75.39493,6.05662],[-75.39501,6.05654]],[[-75.43021,6.04841],[-75.43009,6.04838],[-75.43013,6.04849],[-75.43021,6.04841]],[[-75.4063,6.05778],[-75.40619,6.05775],[-75.40622,6.05786],[-75.4063,6.05778]],[[-75.43609,6.05418],[-75.43598,6.05415],[-75.43601,6.05426],[-75.43609,6.05418]],[[-75.43663,6.05292],[-75.43652,6.05288],[-75.43655,6.053],[-75.43663,6.05292]],[[-75.42651,6.05104],[-75.4264,6.05101],[-75.42643,6.05112],[-75.42651,6.05104]],[[-75.43059,6.05655],[-75.43048,6.05652],[-75.43051,6.05663],[-75.43059,6.05655]],[[-75.43401,6.05437],[-75.4339,6.05434],[-75.43393,6.05445],[-75.43401,6.05437]],[[-75.43509,6.05346],[-75.43498,6.05343],[-75.43502,6.05354],[-75.43509,6.05346]],[[-75.43681,6.05436],[-75.4367,6.05433],[-75.43673,6.05444],[-75.43681,6.05436]],[[-75.43409,6.04768],[-75.43398,6.04765],[-75.43401,6.04776],[-75.43409,6.04768]],[[-75.4359,6.05002],[-75.43579,6.04999],[-75.43582,6.0501],[-75.4359,6.05002]],[[-75.44192,6.03988],[-75.44181,6.03985],[-75.44184,6.03996],[-75.44192,6.03988]],[[-75.43393,6.05798],[-75.43382,6.05795],[-75.43385,6.05806],[-75.43393,6.05798]],[[-75.43664,6.05807],[-75.43653,6.05804],[-75.43656,6.05815],[-75.43664,6.05807]],[[-75.437,6.0578],[-75.43689,6.05777],[-75.43692,6.05788],[-75.437,6.0578]],[[-75.43609,6.05545],[-75.43598,6.05542],[-75.43601,6.05553],[-75.43609,6.05545]],[[-75.44183,6.04007],[-75.44172,6.04003],[-75.44175,6.04014],[-75.44183,6.04007]],[[-75.44418,6.04024],[-75.44407,6.04021],[-75.4441,6.04032],[-75.44418,6.04024]],[[-75.44016,6.05806],[-75.44005,6.05803],[-75.44008,6.05814],[-75.44016,6.05806]],[[-75.43364,6.05102],[-75.43353,6.05099],[-75.43356,6.0511],[-75.43364,6.05102]],[[-75.43691,6.05807],[-75.4368,6.05804],[-75.43683,6.05815],[-75.43691,6.05807]],[[-75.44175,6.04088],[-75.44164,6.04085],[-75.44167,6.04096],[-75.44175,6.04088]],[[-75.44071,6.06032],[-75.4406,6.06029],[-75.44063,6.0604],[-75.44071,6.06032]],[[-75.43031,6.05582],[-75.4302,6.05579],[-75.43023,6.0559],[-75.43031,6.05582]],[[-75.44396,6.05796],[-75.44385,6.05793],[-75.44388,6.05804],[-75.44396,6.05796]],[[-75.43493,6.06133],[-75.43482,6.0613],[-75.43485,6.06141],[-75.43493,6.06133]],[[-75.43565,6.05762],[-75.43554,6.05759],[-75.43557,6.0577],[-75.43565,6.05762]],[[-75.43763,6.05617],[-75.43752,6.05614],[-75.43755,6.05625],[-75.43763,6.05617]],[[-75.43836,6.05806],[-75.43825,6.05803],[-75.43828,6.05814],[-75.43836,6.05806]],[[-75.44159444444445,6.055046296296295],[-75.4414,6.05522],[-75.44253,6.05567],[-75.44159444444445,6.055046296296295]],[[-75.44215,6.05455],[-75.441,6.05465],[-75.44152,6.05506],[-75.44215,6.05455]],[[-75.44233,6.0567],[-75.44222,6.05667],[-75.44225,6.05678],[-75.44233,6.0567]],[[-75.44115,6.05444],[-75.44104,6.05441],[-75.44107,6.05452],[-75.44115,6.05444]],[[-75.44304,6.05299],[-75.44293,6.05296],[-75.44296,6.05307],[-75.44304,6.05299]],[[-75.444,6.04051],[-75.44389,6.04048],[-75.44392,6.04059],[-75.444,6.04051]],[[-75.44251,6.05679],[-75.4424,6.05676],[-75.44243,6.05687],[-75.44251,6.05679]],[[-75.4443,6.051],[-75.44419,6.05097],[-75.44422,6.05108],[-75.4443,6.051]],[[-75.43024,6.05836],[-75.43003,6.05833],[-75.43008,6.05844],[-75.43024,6.05836]],[[-75.42989,6.06424],[-75.42968,6.0642],[-75.42973,6.06432],[-75.42989,6.06424]],[[-75.4241,6.05865],[-75.42389,6.05861],[-75.42394,6.05873],[-75.4241,6.05865]],[[-75.42869,6.05502],[-75.42849,6.05498],[-75.42854,6.0551],[-75.42869,6.05502]],[[-75.43556,6.05654],[-75.43535,6.0565],[-75.4354,6.05662],[-75.43556,6.05654]],[[-75.44306,6.05688],[-75.44285,6.05685],[-75.4429,6.05696],[-75.44306,6.05688]],[[-75.43538,6.05636],[-75.43517,6.05632],[-75.43522,6.05644],[-75.43538,6.05636]],[[-75.4424,6.04712],[-75.44219,6.04708],[-75.44224,6.0472],[-75.4424,6.04712]],[[-75.4441,6.04106],[-75.44389,6.04102],[-75.44394,6.04114],[-75.4441,6.04106]],[[-75.44157,6.04098],[-75.44136,6.04094],[-75.44141,6.04105],[-75.44157,6.04098]],[[-75.44476,6.05109],[-75.44455,6.05106],[-75.4446,6.05117],[-75.44476,6.05109]],[[-75.39545,6.05176],[-75.39524,6.05172],[-75.39529,6.05184],[-75.39545,6.05176]],[[-75.44275,6.04106],[-75.44254,6.04103],[-75.44259,6.04114],[-75.44275,6.04106]],[[-75.40874,6.05778],[-75.40853,6.05775],[-75.40858,6.05786],[-75.40874,6.05778]],[[-75.41995,6.06128],[-75.41974,6.06124],[-75.41979,6.06136],[-75.41995,6.06128]],[[-75.43066,6.0478],[-75.43054,6.04775],[-75.43058,6.04795],[-75.43066,6.0478]],[[-75.43701,6.05908],[-75.43689,6.05903],[-75.43693,6.05924],[-75.43701,6.05908]],[[-75.43692,6.05836],[-75.4368,6.05831],[-75.43684,6.05851],[-75.43692,6.05836]],[[-75.43683,6.05655],[-75.43671,6.0565],[-75.43674,6.05671],[-75.43683,6.05655]],[[-75.43647,6.05953],[-75.43635,6.05948],[-75.43639,6.05969],[-75.43647,6.05953]],[[-75.43628,6.05375],[-75.43616,6.0537],[-75.4362,6.0539],[-75.43628,6.05375]],[[-75.39347,6.0534],[-75.39335,6.05335],[-75.39339,6.05356],[-75.39347,6.0534]],[[-75.43469,6.05364],[-75.43477,6.05372],[-75.43483,6.0535],[-75.43469,6.05364]],[[-75.43795,6.05946],[-75.43787,6.05954],[-75.43809,6.0596],[-75.43795,6.05946]],[[-75.4337,6.05482],[-75.43378,6.0549],[-75.43384,6.05468],[-75.4337,6.05482]],[[-75.43705,6.05764],[-75.43719,6.05778],[-75.43727,6.05771],[-75.43705,6.05764]],[[-75.43568,6.05417],[-75.43582,6.05403],[-75.43574,6.05395],[-75.43568,6.05417]],[[-75.44124,6.05228],[-75.44094,6.05224],[-75.441,6.05236],[-75.44124,6.05228]],[[-75.44266,6.03989],[-75.44236,6.03985],[-75.44242,6.03997],[-75.44266,6.03989]],[[-75.44049,6.03999],[-75.44019,6.03995],[-75.44025,6.04006],[-75.44049,6.03999]],[[-75.44311,6.04116],[-75.44281,6.04112],[-75.44287,6.04123],[-75.44311,6.04116]],[[-75.42321,6.05995],[-75.42305,6.06002],[-75.42337,6.06009],[-75.42321,6.05995]],[[-75.39196,6.05695],[-75.3918,6.05703],[-75.39212,6.05709],[-75.39196,6.05695]],[[-75.43674,6.05349],[-75.43658,6.05357],[-75.4369,6.05364],[-75.43674,6.05349]],[[-75.43838,6.06018],[-75.43823,6.06026],[-75.43854,6.06032],[-75.43838,6.06018]],[[-75.44274,6.05899],[-75.4429,6.05913],[-75.44306,6.05905],[-75.44274,6.05899]],[[-75.44325,6.05745],[-75.44309,6.05753],[-75.44341,6.0576],[-75.44325,6.05745]],[[-75.44151,6.04042],[-75.44175,6.04027],[-75.44159,6.04019],[-75.44151,6.04042]],[[-75.40215,6.05475],[-75.40202,6.05469],[-75.40206,6.05499],[-75.40215,6.05475]],[[-75.43583,6.05467],[-75.43571,6.0546],[-75.43575,6.0549],[-75.43583,6.05467]],[[-75.43584,6.05783],[-75.43572,6.05777],[-75.43576,6.05807],[-75.43584,6.05783]],[[-75.43248,6.0507],[-75.43236,6.05064],[-75.4324,6.05093],[-75.43248,6.0507]],[[-75.3951,6.05193],[-75.39488,6.05181],[-75.39493,6.05201],[-75.3951,6.05193]],[[-75.39358,6.0579],[-75.39336,6.05778],[-75.39341,6.05798],[-75.39358,6.0579]],[[-75.41626,6.06652],[-75.41605,6.06641],[-75.4161,6.06661],[-75.41626,6.06652]],[[-75.43756,6.0586],[-75.43734,6.05849],[-75.43739,6.05869],[-75.43756,6.0586]],[[-75.43891,6.05887],[-75.4387,6.05876],[-75.43874,6.05896],[-75.43891,6.05887]],[[-75.43196,6.05817],[-75.43174,6.05805],[-75.43179,6.05825],[-75.43196,6.05817]],[[-75.42931,6.0478],[-75.4291,6.04775],[-75.42921,6.04796],[-75.42931,6.0478]],[[-75.44022,6.04081],[-75.44001,6.04076],[-75.44012,6.04097],[-75.44022,6.04081]],[[-75.39461,6.05901],[-75.39484,6.05925],[-75.39492,6.05917],[-75.39461,6.05901]],[[-75.39694,6.05205],[-75.39717,6.05228],[-75.39725,6.0522],[-75.39694,6.05205]],[[-75.40065,6.0572],[-75.40057,6.05728],[-75.40088,6.05743],[-75.40065,6.0572]],[[-75.44254,6.05393],[-75.44246,6.05401],[-75.44277,6.05417],[-75.44254,6.05393]],[[-75.43133,6.05712],[-75.43111,6.05706],[-75.43117,6.05727],[-75.43133,6.05712]],[[-75.44181,6.05727],[-75.44159,6.05721],[-75.44165,6.05743],[-75.44181,6.05727]],[[-75.44263,6.0557],[-75.44287,6.05545],[-75.44272,6.05537],[-75.44263,6.0557]],[[-75.44434,6.05055],[-75.44475,6.05048],[-75.4446,6.0504],[-75.44434,6.05055]],[[-75.44104,6.04083],[-75.44091,6.04076],[-75.44095,6.04115],[-75.44104,6.04083]],[[-75.43041,6.05646],[-75.43011,6.05643],[-75.43015,6.05659],[-75.43041,6.05646]],[[-75.43729,6.04687],[-75.43738,6.04704],[-75.43753,6.04672],[-75.43729,6.04687]],[[-75.43533,6.05447],[-75.43541,6.05464],[-75.43556,6.05431],[-75.43533,6.05447]],[[-75.43808,6.04192],[-75.43815,6.0418],[-75.43788,6.04182],[-75.43808,6.04192]],[[-75.43071,6.04753],[-75.43094,6.04786],[-75.43102,6.04771],[-75.43071,6.04753]],[[-75.43775,6.04032],[-75.43766,6.04053],[-75.43797,6.04037],[-75.43775,6.04032]],[[-75.41191,6.05787],[-75.4117,6.05783],[-75.41184,6.05811],[-75.41191,6.05787]],[[-75.39676,6.05412],[-75.39703,6.05427],[-75.39727,6.0542],[-75.39676,6.05412]],[[-75.41069,6.06103],[-75.41077,6.0611],[-75.41092,6.0607],[-75.41069,6.06103]],[[-75.4423,6.03984],[-75.44199,6.03976],[-75.44214,6.03998],[-75.4423,6.03984]],[[-75.4433,6.04134],[-75.44281,6.0413],[-75.44289,6.04142],[-75.4433,6.04134]],[[-75.44393,6.04134],[-75.44344,6.0413],[-75.44352,6.04142],[-75.44393,6.04134]],[[-75.43605,6.05672],[-75.4359,6.05668],[-75.43594,6.05706],[-75.43605,6.05672]],[[-75.39137,6.05598],[-75.39139,6.05629],[-75.3915,6.05607],[-75.39137,6.05598]],[[-75.4283,6.06011],[-75.42856,6.06034],[-75.4288,6.06027],[-75.4283,6.06011]],[[-75.43847,6.05876],[-75.43816,6.05867],[-75.43823,6.05888],[-75.43847,6.05876]],[[-75.43274,6.04634],[-75.43253,6.0463],[-75.43257,6.0466],[-75.43274,6.04634]],[[-75.43684,6.05711],[-75.43662,6.05704],[-75.43671,6.05735],[-75.43684,6.05711]],[[-75.44158,6.0399],[-75.44127,6.03986],[-75.44132,6.04007],[-75.44158,6.0399]],[[-75.41674,6.06083],[-75.41724,6.06067],[-75.41708,6.06059],[-75.41674,6.06083]],[[-75.44256,6.05818],[-75.44246,6.05834],[-75.44287,6.0585],[-75.44256,6.05818]],[[-75.40641,6.05647],[-75.406,6.0564],[-75.4062,6.05661],[-75.40641,6.05647]],[[-75.39534,6.05206],[-75.39485,6.05213],[-75.39554,6.0522],[-75.39534,6.05206]],[[-75.43963,6.04388],[-75.43984,6.04395],[-75.44004,6.04378],[-75.43963,6.04388]],[[-75.43614,6.05661],[-75.43644,6.05637],[-75.4362,6.05625],[-75.43614,6.05661]],[[-75.43693,6.04607],[-75.4372,6.04632],[-75.43744,6.04621],[-75.43693,6.04607]],[[-75.43724,6.05198],[-75.43705,6.05229],[-75.43746,6.05205],[-75.43724,6.05198]],[[-75.39255,6.05538],[-75.39227,6.05507],[-75.39232,6.05528],[-75.39255,6.05538]],[[-75.43799,6.04021],[-75.43818,6.04036],[-75.43841,6.04002],[-75.43799,6.04021]],[[-75.39398,6.05865],[-75.39448,6.05897],[-75.39456,6.0589],[-75.39398,6.05865]],[[-75.40866,6.0573],[-75.40847,6.05716],[-75.40853,6.05756],[-75.40866,6.0573]],[[-75.43964,6.05703],[-75.43933,6.05695],[-75.43938,6.05725],[-75.43964,6.05703]],[[-75.43599,6.04136],[-75.43513,6.04132],[-75.43523,6.04143],[-75.43599,6.04136]],[[-75.43599,6.05813],[-75.43617,6.05813],[-75.43617,6.05786],[-75.43599,6.05813]],[[-75.39575,6.0526],[-75.39579,6.05299],[-75.39617,6.0532],[-75.39575,6.0526]],[[-75.44138,6.04178],[-75.44119,6.04166],[-75.44123,6.04222],[-75.44138,6.04178]],[[-75.44018,6.04379],[-75.4404,6.04387],[-75.44076,6.04369],[-75.44018,6.04379]],[[-75.43116,6.05661],[-75.43138,6.05673],[-75.43151,6.05652],[-75.43116,6.05661]],[[-75.39756,6.0608],[-75.39768,6.06097],[-75.39783,6.06066],[-75.39756,6.0608]],[[-75.4338,6.04873],[-75.43386,6.04913],[-75.43401,6.04885],[-75.4338,6.04873]],[[-75.44208,6.05352],[-75.44215,6.05309],[-75.44197,6.05329],[-75.44208,6.05352]],[[-75.40343,6.05855],[-75.40303,6.05839],[-75.40308,6.0587],[-75.40343,6.05855]],[[-75.39211,6.05741],[-75.39262,6.05772],[-75.39294,6.05764],[-75.39211,6.05741]],[[-75.42906,6.05764],[-75.4284,6.05761],[-75.429,6.05777],[-75.42906,6.05764]],[[-75.43362,6.04806],[-75.43393,6.04821],[-75.43401,6.04796],[-75.43362,6.04806]],[[-75.43674,6.04464],[-75.43694,6.04487],[-75.43707,6.04455],[-75.43674,6.04464]],[[-75.43083,6.05584],[-75.43053,6.05595],[-75.43131,6.05609],[-75.43083,6.05584]],[[-75.40113,6.06011],[-75.40102,6.06039],[-75.40144,6.06016],[-75.40113,6.06011]],[[-75.40842,6.05948],[-75.40847,6.05913],[-75.4082,6.05926],[-75.40842,6.05948]],[[-75.44401,6.05223],[-75.44433,6.05281],[-75.4444,6.05255],[-75.44401,6.05223]],[[-75.44055,6.06042],[-75.44015,6.0602],[-75.44026,6.0606],[-75.44055,6.06042]],[[-75.42435,6.05946],[-75.42429,6.0592],[-75.42403,6.05937],[-75.42435,6.05946]],[[-75.40557,6.06309],[-75.40531,6.06348],[-75.40569,6.06317],[-75.40557,6.06309]],[[-75.42861,6.06064],[-75.42866,6.06086],[-75.42924,6.06089],[-75.42861,6.06064]],[[-75.39422,6.05812],[-75.39361,6.05802],[-75.39447,6.05853],[-75.39422,6.05812]],[[-75.39721,6.05241],[-75.39807,6.0531],[-75.39817,6.05293],[-75.39721,6.05241]],[[-75.44347,6.04947],[-75.4434,6.04917],[-75.44306,6.04927],[-75.44347,6.04947]],[[-75.44102,6.04136],[-75.44165,6.04142],[-75.44156,6.04124],[-75.44102,6.04136]],[[-75.43466,6.05619],[-75.43479,6.05636],[-75.43512,6.05604],[-75.43466,6.05619]],[[-75.44258,6.05621],[-75.44183,6.05628],[-75.44231,6.0564],[-75.44258,6.05621]],[[-75.42391,6.06756],[-75.4236,6.06791],[-75.42422,6.06761],[-75.42391,6.06756]],[[-75.43061,6.05924],[-75.42994,6.05887],[-75.43011,6.05917],[-75.43061,6.05924]],[[-75.43241,6.0503],[-75.43248,6.04977],[-75.43212,6.0497],[-75.43241,6.0503]],[[-75.43588,6.049],[-75.43571,6.04867],[-75.43545,6.04879],[-75.43588,6.049]],[[-75.42951,6.05532],[-75.42885,6.05507],[-75.42888,6.05524],[-75.42951,6.05532]],[[-75.43014,6.05583],[-75.42957,6.05534],[-75.42963,6.05568],[-75.43014,6.05583]],[[-75.44005,6.04197],[-75.4399,6.04241],[-75.4404,6.04192],[-75.44005,6.04197]],[[-75.44175,6.05862],[-75.44205,6.05904],[-75.44251,6.05914],[-75.44175,6.05862]],[[-75.43696,6.05572],[-75.43652,6.05505],[-75.43656,6.05541],[-75.43696,6.05572]],[[-75.44125,6.0536],[-75.44115,6.05313],[-75.44089,6.05329],[-75.44125,6.0536]],[[-75.43775,6.04147],[-75.43869,6.04135],[-75.43689,6.04136],[-75.43775,6.04147]],[[-75.43981,6.05726],[-75.44025,6.0577],[-75.44001,6.05716],[-75.43981,6.05726]],[[-75.43513,6.04789],[-75.43551,6.04846],[-75.43662,6.04894],[-75.43513,6.04789]],[[-75.43514,6.047],[-75.43528,6.04671],[-75.43457,6.04665],[-75.43514,6.047]],[[-75.4352,6.05467],[-75.43453,6.05434],[-75.43458,6.05463],[-75.4352,6.05467]],[[-75.40935,6.06115],[-75.40899,6.06091],[-75.40917,6.06161],[-75.40935,6.06115]],[[-75.39464,6.0542],[-75.3945,6.05357],[-75.39432,6.0538],[-75.39464,6.0542]],[[-75.43501,6.04814],[-75.43452,6.04792],[-75.43434,6.04835],[-75.43501,6.04814]],[[-75.39233,6.05596],[-75.39348,6.05648],[-75.39287,6.05619],[-75.39233,6.05596]],[[-75.43935,6.05772],[-75.43978,6.05816],[-75.43976,6.05746],[-75.43935,6.05772]],[[-75.43046,6.04996],[-75.43074,6.04955],[-75.43009,6.04948],[-75.43046,6.04996]],[[-75.42301,6.05776],[-75.42282,6.05866],[-75.42355,6.05828],[-75.42301,6.05776]],[[-75.44181,6.05072],[-75.44103,6.05043],[-75.44107,6.05066],[-75.44181,6.05072]],[[-75.43602,6.05727],[-75.43638,6.05781],[-75.43648,6.05704],[-75.43602,6.05727]],[[-75.43016,6.05986],[-75.42895,6.05923],[-75.42989,6.05983],[-75.43016,6.05986]],[[-75.4361,6.0552],[-75.43613,6.05581],[-75.43673,6.05619],[-75.4361,6.0552]],[[-75.43602,6.05925],[-75.43644,6.05925],[-75.43635,6.05872],[-75.43602,6.05925]],[[-75.43903,6.04136],[-75.44041,6.04146],[-75.43938,6.04122],[-75.43903,6.04136]],[[-75.39594,6.05157],[-75.39692,6.05189],[-75.39649,6.05123],[-75.39594,6.05157]],[[-75.44073,6.04194],[-75.44006,6.04278],[-75.44105,6.04203],[-75.44073,6.04194]],[[-75.4237,6.05948],[-75.4229,6.05898],[-75.4232,6.05986],[-75.4237,6.05948]],[[-75.44069,6.05754],[-75.44076,6.05818],[-75.44189,6.05815],[-75.44069,6.05754]],[[-75.44242,6.0527],[-75.44114,6.05265],[-75.44226,6.05299],[-75.44242,6.0527]],[[-75.4315,6.05445],[-75.43113,6.05415],[-75.42929,6.05382],[-75.4315,6.05445]],[[-75.44359,6.04574],[-75.44331,6.0449],[-75.44279,6.04557],[-75.44359,6.04574]],[[-75.44297,6.04722],[-75.44241,6.04537],[-75.44187,6.04506],[-75.44297,6.04722]],[[-75.43687,6.05726],[-75.43769,6.05709],[-75.43759,6.05641],[-75.43687,6.05726]],[[-75.42926,6.05017],[-75.43024,6.05075],[-75.42999,6.04989],[-75.42926,6.05017]],[[-75.43464,6.04944],[-75.4357,6.04994],[-75.43492,6.04844],[-75.43464,6.04944]],[[-75.43593,6.04386],[-75.43546,6.04466],[-75.43614,6.04484],[-75.43593,6.04386]],[[-75.4291,6.05745],[-75.43152,6.05806],[-75.42984,6.05729],[-75.4291,6.05745]],[[-75.42575,6.06678],[-75.42505,6.06746],[-75.42711,6.06676],[-75.42575,6.06678]],[[-75.43709,6.04094],[-75.43867,6.04096],[-75.43885,6.04027],[-75.43709,6.04094]],[[-75.39582,6.0512],[-75.39663,6.04955],[-75.3951,6.0514],[-75.39582,6.0512]],[[-75.40802,6.05896],[-75.40786,6.05788],[-75.40668,6.05725],[-75.40802,6.05896]],[[-75.44392,6.05401],[-75.44289,6.05526],[-75.44411,6.05522],[-75.44392,6.05401]],[[-75.44319,6.05153],[-75.44405,6.05139],[-75.44107,6.04957],[-75.44319,6.05153]],[[-75.43894,6.05528],[-75.43926,6.05644],[-75.4416,6.05679],[-75.43894,6.05528]],[[-75.43998,6.04695],[-75.44267,6.04866],[-75.44165,6.04772],[-75.43998,6.04695]],[[-75.44278,6.04991],[-75.44231,6.04872],[-75.43969,6.04795],[-75.44278,6.04991]],[[-75.4407,6.04584],[-75.44239,6.04702],[-75.44161,6.04445],[-75.4407,6.04584]],[[-75.44169,6.05238],[-75.44389,6.0521],[-75.44193,6.05079],[-75.44169,6.05238]],[[-75.39443,6.05457],[-75.39271,6.05361],[-75.39187,6.05473],[-75.39375,6.05547],[-75.39443,6.05457]],[[-75.41752,6.05451],[-75.41943,6.05538],[-75.41954,6.05139],[-75.41752,6.05451]],[[-75.4311,6.04833],[-75.43015,6.04864],[-75.4306,6.04862],[-75.4311,6.04833]],[[-75.37054,6.22939],[-75.3676,6.22823],[-75.3705333115999,6.229428662215242],[-75.37054,6.22939]],[[-75.36482,6.22746],[-75.36266047197641,6.22922688656476],[-75.36518906280007,6.228716570962166],[-75.36482,6.22746]],[[-75.3608525443787,6.23071],[-75.3609,6.23071],[-75.36100255754474,6.230586930946316],[-75.3608525443787,6.23071]],[[-75.36000596723255,6.230651372409034],[-75.35915,6.23019],[-75.35826972629522,6.231738680351898],[-75.36000596723255,6.230651372409034]],[[-75.3539,6.23189],[-75.35707,6.23249],[-75.3575285160632,6.2322028577337765],[-75.35379,6.23096],[-75.3539,6.23189]],[[-75.35272,6.23264],[-75.35273,6.23251],[-75.3525,6.23266],[-75.35272,6.23264]],[[-75.34942,6.23313],[-75.34758,6.23178],[-75.34902,6.23356],[-75.34942,6.23313]],[[-75.34662638940009,6.231935524475522],[-75.34585517702365,6.232061301601293],[-75.34634125633875,6.232064111308317],[-75.34662638940009,6.231935524475522]],[[-75.34287,6.22944],[-75.3439,6.23205],[-75.34517941114868,6.232057395440166],[-75.34436,6.22777],[-75.34287,6.22944]],[[-75.34363970980621,6.22356479501412],[-75.34351,6.22327],[-75.34007735159818,6.223599634703197],[-75.34363970980621,6.22356479501412]],[[-75.33525,6.22595],[-75.335299957778,6.2269256063689085],[-75.33703,6.22699],[-75.33525,6.22595]],[[-75.33297299934489,6.226807204082338],[-75.333,6.22684],[-75.33314855350767,6.226845529286886],[-75.33297299934489,6.226807204082338]],[[-75.3317,6.22461],[-75.33125721658986,6.224723155760368],[-75.33288038376487,6.226694710036361],[-75.3317,6.22461]],[[-75.32859,6.21636],[-75.32414,6.21892],[-75.32768,6.22251],[-75.32785,6.22104],[-75.3276,6.22468],[-75.32201,6.22551],[-75.32251,6.22868],[-75.32543,6.22747],[-75.32673,6.22966],[-75.32832472553198,6.228866811908173],[-75.32625,6.22867],[-75.32543770193645,6.227360376591418],[-75.32355,6.22783],[-75.3241,6.22591],[-75.32951945945197,6.224675787336484],[-75.32823,6.22334],[-75.33011,6.22216],[-75.32957,6.21942],[-75.33284,6.21909],[-75.33174,6.21617],[-75.33388,6.21472],[-75.33117,6.21618],[-75.33019,6.21564],[-75.33084,6.21325],[-75.33308,6.21167],[-75.33085,6.21308],[-75.32938,6.21494],[-75.32766,6.21484],[-75.32933,6.21388],[-75.32775,6.21029],[-75.32988510378318,6.212058705255739],[-75.33036,6.21071],[-75.32998,6.2096],[-75.32865,6.21006],[-75.32799,6.20665],[-75.32675,6.20974],[-75.32837,6.20569],[-75.32574,6.20165],[-75.32665,6.20129],[-75.32543255295892,6.201669912551828],[-75.32411,6.20374],[-75.32652,6.20621],[-75.32358,6.20436],[-75.32196,6.20619],[-75.32655,6.20895],[-75.32621,6.21511],[-75.32823618219341,6.213428699882069],[-75.32704,6.21533],[-75.32903,6.21497],[-75.32408,6.21745],[-75.32859,6.21636]],[[-75.32538803811995,6.227280306356649],[-75.32527,6.22709],[-75.32355,6.22783],[-75.32538803811995,6.227280306356649]],[[-75.3315,6.21939],[-75.33133225395265,6.219392607451513],[-75.332,6.22086],[-75.3315,6.21939]],[[-75.32874290510006,6.200544689982317],[-75.32571,6.20074],[-75.32534994942063,6.20147678315247],[-75.32874290510006,6.200544689982317]],[[-75.32864,6.20101],[-75.32869535106147,6.200759716939407],[-75.32737305745164,6.2009934926052335],[-75.32864,6.20101]],[[-75.34781,6.19792],[-75.34784307692307,6.197743076923087],[-75.34770004887586,6.19792817204301],[-75.34781,6.19792]],[[-75.32764,6.20423],[-75.32764258823529,6.204235176470588],[-75.32852,6.20373],[-75.32764,6.20423]],[[-75.37306,6.18764],[-75.37286155207867,6.187523926687529],[-75.3727,6.18885],[-75.37306,6.18764]],[[-75.32916,6.20921],[-75.32905,6.20918],[-75.32908,6.20929],[-75.32916,6.20921]],[[-75.32869,6.20162],[-75.32858,6.20159],[-75.32862,6.2017],[-75.32869,6.20162]],[[-75.32933,6.20126],[-75.32922,6.20123],[-75.32925,6.20134],[-75.32933,6.20126]],[[-75.33106,6.21047],[-75.33095,6.21044],[-75.33098,6.21055],[-75.33106,6.21047]],[[-75.33565,6.20079],[-75.33554,6.20076],[-75.33557,6.20087],[-75.33565,6.20079]],[[-75.33043,6.21147],[-75.33032,6.21144],[-75.33035,6.21155],[-75.33043,6.21147]],[[-75.33024,6.20433],[-75.33013,6.2043],[-75.33016,6.20441],[-75.33024,6.20433]],[[-75.33206,6.21011],[-75.33195,6.21008],[-75.33198,6.21019],[-75.33206,6.21011]],[[-75.33492,6.19998],[-75.33481,6.19995],[-75.33484,6.20006],[-75.33492,6.19998]],[[-75.32851,6.20153],[-75.3284,6.2015],[-75.32843,6.20161],[-75.32851,6.20153]],[[-75.33339,6.20052],[-75.33328,6.20049],[-75.33331,6.2006],[-75.33339,6.20052]],[[-75.33451,6.2149],[-75.3344,6.21487],[-75.33443,6.21498],[-75.33451,6.2149]],[[-75.33568,6.21372],[-75.33557,6.21369],[-75.3356,6.2138],[-75.33568,6.21372]],[[-75.33469,6.21499],[-75.33458,6.21496],[-75.33461,6.21507],[-75.33469,6.21499]],[[-75.3346,6.21553],[-75.33449,6.2155],[-75.33452,6.21561],[-75.3346,6.21553]],[[-75.32953,6.20948],[-75.32942,6.20945],[-75.32945,6.20956],[-75.32953,6.20948]],[[-75.33061,6.20903],[-75.3305,6.209],[-75.33053,6.20911],[-75.33061,6.20903]],[[-75.34215,6.20186],[-75.34204,6.20183],[-75.34208,6.20194],[-75.34215,6.20186]],[[-75.33079,6.20894],[-75.33068,6.20891],[-75.33071,6.20902],[-75.33079,6.20894]],[[-75.34623,6.20438],[-75.34612,6.20435],[-75.34615,6.20446],[-75.34623,6.20438]],[[-75.34632,6.2042],[-75.34621,6.20417],[-75.34624,6.20428],[-75.34632,6.2042]],[[-75.34658,6.2014],[-75.34647,6.20137],[-75.3465,6.20148],[-75.34658,6.2014]],[[-75.34641,6.20393],[-75.3463,6.2039],[-75.34633,6.20401],[-75.34641,6.20393]],[[-75.34605,6.20492],[-75.34594,6.20489],[-75.34597,6.205],[-75.34605,6.20492]],[[-75.33088,6.21057],[-75.33077,6.21054],[-75.3308,6.21065],[-75.33088,6.21057]],[[-75.33595,6.21299],[-75.33584,6.21296],[-75.33587,6.21307],[-75.33595,6.21299]],[[-75.34351,6.20285],[-75.3434,6.20282],[-75.34343,6.20293],[-75.34351,6.20285]],[[-75.35375,6.21503],[-75.35364,6.215],[-75.35367,6.21511],[-75.35375,6.21503]],[[-75.3417,6.20195],[-75.34159,6.20192],[-75.34162,6.20203],[-75.3417,6.20195]],[[-75.35136,6.19732],[-75.35125,6.19729],[-75.35128,6.1974],[-75.35136,6.19732]],[[-75.34973,6.19606],[-75.34962,6.19603],[-75.34965,6.19614],[-75.34973,6.19606]],[[-75.3465,6.20375],[-75.34639,6.20372],[-75.34642,6.20383],[-75.3465,6.20375]],[[-75.34667,6.20284],[-75.34656,6.20281],[-75.34659,6.20292],[-75.34667,6.20284]],[[-75.34658,6.20266],[-75.34647,6.20263],[-75.3465,6.20274],[-75.34658,6.20266]],[[-75.36155,6.22893],[-75.36144,6.2289],[-75.36147,6.22901],[-75.36155,6.22893]],[[-75.34946,6.19615],[-75.34935,6.19612],[-75.34938,6.19623],[-75.34946,6.19615]],[[-75.36379,6.22043],[-75.36368,6.2204],[-75.36371,6.22051],[-75.36379,6.22043]],[[-75.35384,6.21639],[-75.35373,6.21636],[-75.35376,6.21647],[-75.35384,6.21639]],[[-75.36571,6.22793],[-75.3656,6.2279],[-75.36563,6.22801],[-75.36571,6.22793]],[[-75.37158,6.22801],[-75.37147,6.22798],[-75.3715,6.22809],[-75.37158,6.22801]],[[-75.36047,6.22957],[-75.36036,6.22954],[-75.36039,6.22965],[-75.36047,6.22957]],[[-75.37093,6.22267],[-75.37082,6.22264],[-75.37085,6.22275],[-75.37093,6.22267]],[[-75.37618,6.18903],[-75.37607,6.189],[-75.3761,6.18911],[-75.37618,6.18903]],[[-75.36933,6.19547],[-75.36922,6.19544],[-75.36925,6.19555],[-75.36933,6.19547]],[[-75.37557,6.19798],[-75.37546,6.19795],[-75.37549,6.19806],[-75.37557,6.19798]],[[-75.37553,6.21733],[-75.37542,6.2173],[-75.37545,6.21741],[-75.37553,6.21733]],[[-75.37603,6.2025],[-75.37592,6.20247],[-75.37595,6.20258],[-75.37603,6.2025]],[[-75.37507,6.21751],[-75.37496,6.21748],[-75.375,6.21759],[-75.37507,6.21751]],[[-75.38182,6.20646],[-75.38171,6.20643],[-75.38174,6.20654],[-75.38182,6.20646]],[[-75.33533,6.21779],[-75.33513,6.21776],[-75.33518,6.21787],[-75.33533,6.21779]],[[-75.33506,6.21725],[-75.33485,6.21722],[-75.3349,6.21733],[-75.33506,6.21725]],[[-75.33506,6.21499],[-75.33485,6.21496],[-75.3349,6.21507],[-75.33506,6.21499]],[[-75.33982,6.20576],[-75.33961,6.20572],[-75.33966,6.20584],[-75.33982,6.20576]],[[-75.33647,6.20079],[-75.33626,6.20076],[-75.33631,6.20087],[-75.33647,6.20079]],[[-75.35801,6.21801],[-75.3578,6.21797],[-75.35785,6.21809],[-75.35801,6.21801]],[[-75.35394,6.21666],[-75.35373,6.21663],[-75.35378,6.21674],[-75.35394,6.21666]],[[-75.35512,6.21648],[-75.35491,6.21644],[-75.35496,6.21656],[-75.35512,6.21648]],[[-75.35182,6.19777],[-75.35161,6.19774],[-75.35166,6.19785],[-75.35182,6.19777]],[[-75.35601,6.21476],[-75.35581,6.21472],[-75.35586,6.21484],[-75.35601,6.21476]],[[-75.37834,6.22058],[-75.37813,6.22055],[-75.37818,6.22066],[-75.37834,6.22058]],[[-75.38212,6.21262],[-75.38191,6.21258],[-75.38196,6.2127],[-75.38212,6.21262]],[[-75.3714,6.18787],[-75.37119,6.18784],[-75.37124,6.18795],[-75.3714,6.18787]],[[-75.33453,6.22233],[-75.33441,6.22228],[-75.33445,6.22248],[-75.33453,6.22233]],[[-75.3349,6.22314],[-75.33478,6.22309],[-75.33481,6.2233],[-75.3349,6.22314]],[[-75.33432,6.20877],[-75.3342,6.20872],[-75.33424,6.20892],[-75.33432,6.20877]],[[-75.33352,6.21573],[-75.33341,6.21568],[-75.33344,6.21589],[-75.33352,6.21573]],[[-75.34614,6.20458],[-75.34603,6.20453],[-75.34606,6.20474],[-75.34614,6.20458]],[[-75.34054,6.20487],[-75.34043,6.20482],[-75.34046,6.20502],[-75.34054,6.20487]],[[-75.33352,6.216],[-75.33341,6.21595],[-75.33344,6.21616],[-75.33352,6.216]],[[-75.34775,6.19816],[-75.34764,6.19811],[-75.34767,6.19831],[-75.34775,6.19816]],[[-75.36039,6.22977],[-75.36027,6.22972],[-75.36031,6.22993],[-75.36039,6.22977]],[[-75.37682,6.19113],[-75.37671,6.19108],[-75.37674,6.19128],[-75.37682,6.19113]],[[-75.37673,6.19077],[-75.37662,6.19072],[-75.37665,6.19092],[-75.37673,6.19077]],[[-75.38184,6.20874],[-75.38172,6.20869],[-75.38175,6.2089],[-75.38184,6.20874]],[[-75.33186,6.22126],[-75.332,6.2214],[-75.33208,6.22132],[-75.33186,6.22126]],[[-75.33564,6.21462],[-75.33572,6.2147],[-75.33578,6.21448],[-75.33564,6.21462]],[[-75.33643,6.2038],[-75.33657,6.20394],[-75.33665,6.20386],[-75.33643,6.2038]],[[-75.3632,6.2202],[-75.36312,6.22028],[-75.36334,6.22034],[-75.3632,6.2202]],[[-75.3818,6.21243],[-75.38188,6.21251],[-75.38194,6.21229],[-75.3818,6.21243]],[[-75.33539,6.20225],[-75.33509,6.20221],[-75.33515,6.20232],[-75.33539,6.20225]],[[-75.34548,6.22672],[-75.34518,6.22668],[-75.34524,6.2268],[-75.34548,6.22672]],[[-75.35512,6.21712],[-75.35482,6.21708],[-75.35488,6.21719],[-75.35512,6.21712]],[[-75.37495,6.19682],[-75.37464,6.19678],[-75.3747,6.19689],[-75.37495,6.19682]],[[-75.33599,6.21452],[-75.33623,6.21437],[-75.33607,6.21429],[-75.33599,6.21452]],[[-75.34627,6.20233],[-75.34642,6.20257],[-75.3465,6.20241],[-75.34627,6.20233]],[[-75.34171,6.20099],[-75.34159,6.20093],[-75.34163,6.20122],[-75.34171,6.20099]],[[-75.3349,6.22221],[-75.33469,6.2221],[-75.33473,6.2223],[-75.3349,6.22221]],[[-75.36272,6.22133],[-75.36251,6.22122],[-75.36255,6.22142],[-75.36272,6.22133]],[[-75.36996,6.19492],[-75.36976,6.19489],[-75.36979,6.19509],[-75.36996,6.19492]],[[-75.32872,6.20579],[-75.3285,6.20575],[-75.32862,6.20595],[-75.32872,6.20579]],[[-75.3544,6.2173],[-75.35419,6.21726],[-75.3543,6.21747],[-75.3544,6.2173]],[[-75.33437,6.21733],[-75.3346,6.21709],[-75.33452,6.21702],[-75.33437,6.21733]],[[-75.34212,6.20207],[-75.34235,6.2023],[-75.34243,6.20222],[-75.34212,6.20207]],[[-75.33515,6.21384],[-75.33485,6.21369],[-75.33488,6.21384],[-75.33515,6.21384]],[[-75.33153,6.21039],[-75.33113,6.21035],[-75.3312,6.21047],[-75.33153,6.21039]],[[-75.35828,6.21684],[-75.35789,6.2168],[-75.35796,6.21692],[-75.35828,6.21684]],[[-75.37631,6.19862],[-75.37591,6.19858],[-75.37598,6.1987],[-75.37631,6.19862]],[[-75.33156,6.21039],[-75.33179,6.21047],[-75.33189,6.21024],[-75.33156,6.21039]],[[-75.37095,6.18773],[-75.37083,6.18766],[-75.37087,6.18805],[-75.37095,6.18773]],[[-75.37599,6.2016],[-75.37583,6.20157],[-75.37587,6.20185],[-75.37599,6.2016]],[[-75.33979,6.20464],[-75.33967,6.20494],[-75.33992,6.20473],[-75.33979,6.20464]],[[-75.33408,6.21538],[-75.33392,6.21564],[-75.33424,6.21562],[-75.33408,6.21538]],[[-75.34262,6.20248],[-75.34241,6.20237],[-75.34244,6.20264],[-75.34262,6.20248]],[[-75.35653,6.21671],[-75.35645,6.2169],[-75.35675,6.21684],[-75.35653,6.21671]],[[-75.37304,6.23199],[-75.37274,6.23195],[-75.37284,6.23214],[-75.37304,6.23199]],[[-75.33011,6.20947],[-75.33043,6.20915],[-75.33035,6.20907],[-75.33011,6.20947]],[[-75.35479,6.22945],[-75.35449,6.22937],[-75.35464,6.22959],[-75.35479,6.22945]],[[-75.35539,6.21533],[-75.35518,6.21518],[-75.35526,6.21549],[-75.35539,6.21533]],[[-75.33549,6.20189],[-75.335,6.20185],[-75.33508,6.20197],[-75.33549,6.20189]],[[-75.36066,6.22922],[-75.36018,6.22918],[-75.36026,6.2293],[-75.36066,6.22922]],[[-75.36366,6.22715],[-75.36357,6.22747],[-75.36381,6.22757],[-75.36366,6.22715]],[[-75.32936,6.20953],[-75.32914,6.20936],[-75.3292,6.20967],[-75.32936,6.20953]],[[-75.34591,6.20134],[-75.34617,6.20157],[-75.34641,6.2015],[-75.34591,6.20134]],[[-75.33522,6.20128],[-75.335,6.20121],[-75.33509,6.20152],[-75.33522,6.20128]],[[-75.33332,6.2002],[-75.3331,6.20013],[-75.33319,6.20044],[-75.33332,6.2002]],[[-75.37216,6.18906],[-75.37224,6.18922],[-75.37249,6.18881],[-75.37216,6.18906]],[[-75.33633,6.20336],[-75.33641,6.20368],[-75.33648,6.20308],[-75.33633,6.20336]],[[-75.34174,6.20126],[-75.34166,6.20142],[-75.34206,6.20168],[-75.34174,6.20126]],[[-75.33526,6.21492],[-75.3354,6.21508],[-75.33551,6.21466],[-75.33526,6.21492]],[[-75.33538,6.20359],[-75.33509,6.20329],[-75.33521,6.20353],[-75.33538,6.20359]],[[-75.34537,6.20098],[-75.34578,6.2013],[-75.34586,6.20122],[-75.34537,6.20098]],[[-75.33034,6.20978],[-75.33053,6.20984],[-75.33062,6.20967],[-75.33034,6.20978]],[[-75.33477,6.19984],[-75.33436,6.19977],[-75.33456,6.19999],[-75.33477,6.19984]],[[-75.35393,6.19379],[-75.35408,6.19388],[-75.35416,6.19363],[-75.35393,6.19379]],[[-75.34298,6.20252],[-75.34274,6.2026],[-75.34333,6.20276],[-75.34298,6.20252]],[[-75.34839,6.20115],[-75.34806,6.20123],[-75.34876,6.20131],[-75.34839,6.20115]],[[-75.33484,6.20917],[-75.33473,6.20948],[-75.33506,6.20924],[-75.33484,6.20917]],[[-75.35434,6.21424],[-75.35456,6.21467],[-75.35467,6.21444],[-75.35434,6.21424]],[[-75.33492,6.21784],[-75.33489,6.21771],[-75.33444,6.21772],[-75.33492,6.21784]],[[-75.33335,6.21662],[-75.33295,6.21632],[-75.33308,6.21652],[-75.33335,6.21662]],[[-75.33202,6.20993],[-75.3321,6.21001],[-75.33252,6.20943],[-75.33202,6.20993]],[[-75.33625,6.21771],[-75.33549,6.21767],[-75.33558,6.21779],[-75.33625,6.21771]],[[-75.37431,6.19529],[-75.37448,6.19537],[-75.37459,6.19515],[-75.37431,6.19529]],[[-75.3477,6.21053],[-75.34789,6.2104],[-75.34743,6.21037],[-75.3477,6.21053]],[[-75.33465,6.20872],[-75.33457,6.20894],[-75.33506,6.20877],[-75.33465,6.20872]],[[-75.35576,6.21407],[-75.35559,6.21416],[-75.3561,6.21449],[-75.35576,6.21407]],[[-75.33413,6.21749],[-75.33356,6.21763],[-75.33435,6.21765],[-75.33413,6.21749]],[[-75.34684,6.20357],[-75.34665,6.20299],[-75.34669,6.2035],[-75.34684,6.20357]],[[-75.3308,6.22102],[-75.33049,6.22141],[-75.33093,6.22111],[-75.3308,6.22102]],[[-75.3728,6.23161],[-75.37285,6.23126],[-75.37267,6.23148],[-75.3728,6.23161]],[[-75.36107,6.18542],[-75.36107,6.18591],[-75.36119,6.18551],[-75.36107,6.18542]],[[-75.35229,6.23143],[-75.35261,6.23194],[-75.35272,6.23171],[-75.35229,6.23143]],[[-75.34696,6.20456],[-75.34675,6.20417],[-75.34679,6.20464],[-75.34696,6.20456]],[[-75.37398,6.19716],[-75.3746,6.19694],[-75.37422,6.19683],[-75.37398,6.19716]],[[-75.35308,6.21394],[-75.35325,6.21404],[-75.3534,6.21373],[-75.35308,6.21394]],[[-75.33084,6.20885],[-75.33134,6.20868],[-75.33152,6.20825],[-75.33084,6.20885]],[[-75.36839,6.18739],[-75.36824,6.18771],[-75.36869,6.18744],[-75.36839,6.18739]],[[-75.34455,6.20124],[-75.34445,6.20152],[-75.34497,6.20185],[-75.34455,6.20124]],[[-75.37135,6.2265],[-75.37176,6.22701],[-75.37163,6.22663],[-75.37135,6.2265]],[[-75.36237,6.22401],[-75.36215,6.22384],[-75.36222,6.22435],[-75.36237,6.22401]],[[-75.33422,6.21604],[-75.33409,6.21644],[-75.33453,6.21609],[-75.33422,6.21604]],[[-75.35551,6.21718],[-75.35527,6.21653],[-75.35529,6.21696],[-75.35551,6.21718]],[[-75.37117,6.22559],[-75.37154,6.22596],[-75.37167,6.22569],[-75.37117,6.22559]],[[-75.33204,6.22099],[-75.333,6.22165],[-75.33267,6.22142],[-75.33204,6.22099]],[[-75.35488,6.21799],[-75.35513,6.2182],[-75.35524,6.21775],[-75.35488,6.21799]],[[-75.33204,6.21997],[-75.33286,6.21979],[-75.33317,6.21937],[-75.33204,6.21997]],[[-75.3749,6.19549],[-75.37501,6.19582],[-75.37531,6.19534],[-75.3749,6.19549]],[[-75.33215,6.2011],[-75.3312,6.20104],[-75.33204,6.20131],[-75.33215,6.2011]],[[-75.37204,6.18852],[-75.37221,6.18869],[-75.37259,6.18837],[-75.37204,6.18852]],[[-75.33921,6.20565],[-75.33949,6.20576],[-75.33951,6.20487],[-75.33921,6.20565]],[[-75.38249,6.20557],[-75.38265,6.20489],[-75.38238,6.20513],[-75.38249,6.20557]],[[-75.3379,6.20278],[-75.33802,6.20233],[-75.33766,6.20253],[-75.3379,6.20278]],[[-75.34115,6.2016],[-75.34127,6.20139],[-75.34065,6.20122],[-75.34115,6.2016]],[[-75.34046,6.20198],[-75.34064,6.20185],[-75.33997,6.20168],[-75.34046,6.20198]],[[-75.33225,6.22382],[-75.33217,6.22403],[-75.33292,6.22397],[-75.33225,6.22382]],[[-75.33608,6.21291],[-75.33652,6.21417],[-75.33691,6.21318],[-75.33608,6.21291]],[[-75.35309,6.21698],[-75.35323,6.21672],[-75.35216,6.21711],[-75.35309,6.21698]],[[-75.33328,6.21707],[-75.3338,6.21717],[-75.33417,6.21686],[-75.33328,6.21707]],[[-75.3338,6.21838],[-75.33323,6.21819],[-75.33332,6.21858],[-75.3338,6.21838]],[[-75.35166,6.19627],[-75.3513,6.19634],[-75.35246,6.1971],[-75.35166,6.19627]],[[-75.38274,6.20692],[-75.38243,6.2058],[-75.38254,6.20642],[-75.38274,6.20692]],[[-75.38203,6.20787],[-75.38191,6.20727],[-75.38158,6.20774],[-75.38203,6.20787]],[[-75.33026,6.20431],[-75.33073,6.20406],[-75.33098,6.20351],[-75.33026,6.20431]],[[-75.34866,6.20052],[-75.3496,6.20077],[-75.34957,6.20043],[-75.34866,6.20052]],[[-75.37134,6.22414],[-75.37079,6.22489],[-75.37123,6.22509],[-75.37134,6.22414]],[[-75.32878,6.22348],[-75.32901,6.22386],[-75.32939,6.22299],[-75.32878,6.22348]],[[-75.33065,6.21028],[-75.3318,6.20977],[-75.33087,6.20988],[-75.33065,6.21028]],[[-75.32946,6.20347],[-75.33,6.20371],[-75.33023,6.20322],[-75.32946,6.20347]],[[-75.32692,6.20189],[-75.32753,6.20203],[-75.32781,6.20165],[-75.32692,6.20189]],[[-75.33491,6.22504],[-75.33564,6.22578],[-75.33525,6.22495],[-75.33491,6.22504]],[[-75.34049,6.20477],[-75.34135,6.20422],[-75.34235,6.20271],[-75.34049,6.20477]],[[-75.33032,6.20827],[-75.33054,6.20859],[-75.33124,6.20719],[-75.33032,6.20827]],[[-75.33088,6.21104],[-75.33126,6.21202],[-75.33145,6.21094],[-75.33088,6.21104]],[[-75.38068,6.20515],[-75.38096,6.20854],[-75.38117,6.20689],[-75.38068,6.20515]],[[-75.34535,6.20415],[-75.3461,6.20321],[-75.34549,6.20197],[-75.34535,6.20415]],[[-75.32883,6.20412],[-75.3291,6.20515],[-75.32971,6.20398],[-75.32883,6.20412]],[[-75.37157,6.18663],[-75.37046,6.18714],[-75.37076,6.18761],[-75.37157,6.18663]],[[-75.33317,6.22017],[-75.33247,6.22007],[-75.33257,6.22107],[-75.33317,6.22017]],[[-75.33355,6.19995],[-75.33382,6.20093],[-75.3348,6.20096],[-75.33355,6.19995]],[[-75.34041,6.20359],[-75.34199,6.20248],[-75.34101,6.20279],[-75.34041,6.20359]],[[-75.3767,6.19594],[-75.37648,6.19554],[-75.37523,6.19664],[-75.3767,6.19594]],[[-75.3524,6.19669],[-75.35405,6.1975],[-75.35241,6.19572],[-75.3524,6.19669]],[[-75.3482,6.19591],[-75.35105,6.19751],[-75.35018,6.19651],[-75.3482,6.19591]],[[-75.32702,6.20256],[-75.32807,6.20344],[-75.32853,6.20202],[-75.32702,6.20256]],[[-75.37622,6.19184],[-75.37576,6.19082],[-75.37539,6.19267],[-75.37622,6.19184]],[[-75.33122,6.21403],[-75.33066,6.21566],[-75.33218,6.21351],[-75.33122,6.21403]],[[-75.34677,6.199],[-75.34584,6.19978],[-75.34822,6.20059],[-75.34677,6.199]],[[-75.3283,6.20784],[-75.32968,6.20868],[-75.33003,6.20769],[-75.3283,6.20784]],[[-75.37577,6.18961],[-75.37471,6.18783],[-75.37359,6.18877],[-75.37577,6.18961]],[[-75.33643,6.20279],[-75.3375,6.20423],[-75.33602,6.20099],[-75.33643,6.20279]],[[-75.36161886956522,6.229641304347823],[-75.36167056126482,6.229608932806329],[-75.36162,6.22963],[-75.36161886956522,6.229641304347823]],[[-75.37864,6.2966],[-75.37981,6.29734],[-75.38017,6.29635],[-75.37946,6.29563],[-75.37864,6.2966]],[[-75.34669727057229,6.1264328919742645],[-75.34665,6.12642],[-75.346664192363,6.126464604569422],[-75.34669727057229,6.1264328919742645]],[[-75.34134269113714,6.164626183159642],[-75.34532,6.1662],[-75.34498,6.17101],[-75.34562,6.16623],[-75.34759,6.16401],[-75.34421,6.16474],[-75.34134269113714,6.164626183159642]],[[-75.34067,6.16436],[-75.33965268600143,6.164559098986317],[-75.34134269113714,6.164626183159642],[-75.34067,6.16436]],[[-75.3352,6.16041],[-75.33513,6.16276],[-75.33694,6.16509],[-75.33793,6.16525],[-75.33965268600143,6.164559098986317],[-75.3352,6.16041]],[[-75.34565,6.17696],[-75.34858,6.17978],[-75.35008,6.17889],[-75.34565,6.17696]],[[-75.34945,6.18],[-75.3498,6.18063],[-75.34995567053855,6.179662618796194],[-75.34945,6.18]],[[-75.35018,6.17956],[-75.34996748163385,6.179589221275345],[-75.34995567053855,6.179662618796194],[-75.35018,6.17956]],[[-75.27972,6.26886],[-75.27883325676937,6.269597042016807],[-75.27947,6.26976],[-75.27972,6.26886]],[[-75.28067597014926,6.26933791044776],[-75.2799298215348,6.269442837596669],[-75.27997976909414,6.269581580817053],[-75.28067597014926,6.26933791044776]],[[-75.28196,6.26873],[-75.28178161084074,6.267684270445654],[-75.28181734458158,6.268938429396444],[-75.28307,6.26875],[-75.28196,6.26873]],[[-75.28288,6.2673],[-75.28155764379414,6.265649273461152],[-75.28148272684123,6.267466830946915],[-75.28288,6.2673]],[[-75.2835,6.26394],[-75.28094,6.26508],[-75.28194,6.26566],[-75.2835,6.26394]],[[-75.28421076549603,6.2592191131251385],[-75.2867,6.25889],[-75.28431,6.25856],[-75.28244,6.25772],[-75.28346,6.25946],[-75.28342,6.26247],[-75.28263,6.26344],[-75.2835,6.26394],[-75.28421076549603,6.2592191131251385]],[[-75.28517,6.25822],[-75.28474,6.2569],[-75.28280516553514,6.2572335162865205],[-75.28431,6.25856],[-75.28517,6.25822]],[[-75.29287,6.25874],[-75.28969903884321,6.26077985611001],[-75.2898,6.26087],[-75.29287,6.25874]],[[-75.29581,6.26195],[-75.29723,6.26164],[-75.29615866922956,6.261530894465216],[-75.29287,6.25874],[-75.29581,6.26195]],[[-75.29762896827022,6.262778648242929],[-75.29843,6.26427],[-75.30156,6.25943],[-75.29875,6.26373],[-75.29762896827022,6.262778648242929]],[[-75.30647,6.24247],[-75.30331475230473,6.249694344038093],[-75.30304,6.24966],[-75.30127433082707,6.254823791056584],[-75.3066254619828,6.242363421858227],[-75.30647,6.24247]],[[-75.30917268148039,6.240617156206321],[-75.30787951641547,6.241503695327603],[-75.30898,6.24179],[-75.30917268148039,6.240617156206321]],[[-75.31166,6.23919],[-75.31453,6.24106],[-75.31194,6.23872],[-75.31166,6.23919]],[[-75.31526,6.23704],[-75.31856,6.24122],[-75.32121,6.23823],[-75.32871,6.23301],[-75.32878,6.22891],[-75.31964,6.23818],[-75.31978,6.2361],[-75.31778,6.23496],[-75.31696,6.23297],[-75.31876,6.2311],[-75.31883,6.2287],[-75.31544,6.22805],[-75.31579,6.22948],[-75.31849,6.23084],[-75.31684,6.23303],[-75.3169,6.2372],[-75.31526,6.23704]],[[-75.31247,6.24836],[-75.31345,6.24903],[-75.31223,6.24715],[-75.31247,6.24836]],[[-75.31105,6.25851],[-75.30973214212365,6.257812310536044],[-75.30952,6.25966],[-75.31105,6.25851]],[[-75.30983,6.25696],[-75.30952,6.2577],[-75.30973214212365,6.257812310536044],[-75.30983,6.25696]],[[-75.30803,6.25945],[-75.30861,6.26126],[-75.30898,6.26171],[-75.30803,6.25945]],[[-75.31138350957701,6.2607940243415765],[-75.3116491777657,6.262393937211194],[-75.31226,6.26173],[-75.31138350957701,6.2607940243415765]],[[-75.3115185966736,6.2625358731808705],[-75.3117,6.2627],[-75.3116491777657,6.262393937211194],[-75.3115185966736,6.2625358731808705]],[[-75.30876,6.26004],[-75.31111,6.26298],[-75.3115185966736,6.2625358731808705],[-75.30876,6.26004]],[[-75.38407,6.26418],[-75.38517233193886,6.262218414447251],[-75.38516,6.26216],[-75.38407,6.26418]],[[-75.38844,6.27714],[-75.38761,6.2759],[-75.38698,6.27761],[-75.38844,6.27714]],[[-75.28422981760507,6.259819254559866],[-75.28422906525199,6.259795555437664],[-75.28421,6.25979],[-75.28422981760507,6.259819254559866]],[[-75.28428,6.2614],[-75.28505,6.26103],[-75.28422981760507,6.259819254559866],[-75.28428,6.2614]],[[-75.3761,6.24629],[-75.37962,6.24396],[-75.37519,6.24592],[-75.37784,6.24892],[-75.37624,6.25379],[-75.37781720722921,6.255472354377822],[-75.37709,6.25294],[-75.37844,6.24879],[-75.3761,6.24629]],[[-75.37935,6.26081],[-75.37804,6.25571],[-75.37781720722921,6.255472354377822],[-75.37935,6.26081]],[[-75.28032,6.26996],[-75.28035,6.27007],[-75.28043,6.26999],[-75.28032,6.26996]],[[-75.28862,6.26461],[-75.28865,6.26472],[-75.28873,6.26464],[-75.28862,6.26461]],[[-75.28635,6.26217],[-75.28639,6.26228],[-75.28647,6.2622],[-75.28635,6.26217]],[[-75.28582,6.26561],[-75.28585,6.26572],[-75.28593,6.26564],[-75.28582,6.26561]],[[-75.29352,6.27409],[-75.29355,6.2742],[-75.29363,6.27412],[-75.29352,6.27409]],[[-75.28703,6.27944],[-75.28706,6.27955],[-75.28714,6.27947],[-75.28703,6.27944]],[[-75.28429,6.26642],[-75.28432,6.26653],[-75.2844,6.26645],[-75.28429,6.26642]],[[-75.28113,6.2705],[-75.28117,6.27061],[-75.28124,6.27053],[-75.28113,6.2705]],[[-75.28934,6.26162],[-75.28937,6.26173],[-75.28945,6.26165],[-75.28934,6.26162]],[[-75.28646,6.26868],[-75.28649,6.26879],[-75.28657,6.26871],[-75.28646,6.26868]],[[-75.28656,6.27239],[-75.28659,6.2725],[-75.28667,6.27242],[-75.28656,6.27239]],[[-75.28685,6.2798],[-75.28688,6.27991],[-75.28696,6.27983],[-75.28685,6.2798]],[[-75.28898,6.2646],[-75.28901,6.26472],[-75.28909,6.26464],[-75.28898,6.2646]],[[-75.29649,6.26938],[-75.29652,6.26949],[-75.2966,6.26941],[-75.29649,6.26938]],[[-75.27969,6.27177],[-75.27972,6.27188],[-75.2798,6.2718],[-75.27969,6.27177]],[[-75.28997,6.26442],[-75.29001,6.26453],[-75.29008,6.26445],[-75.28997,6.26442]],[[-75.28339,6.26959],[-75.28342,6.2697],[-75.2835,6.26962],[-75.28339,6.26959]],[[-75.29312,6.25953],[-75.29316,6.25964],[-75.29324,6.25956],[-75.29312,6.25953]],[[-75.28142,6.27891],[-75.28146,6.27902],[-75.28153,6.27894],[-75.28142,6.27891]],[[-75.2906,6.26117],[-75.29063,6.26128],[-75.29071,6.2612],[-75.2906,6.26117]],[[-75.29369,6.26984],[-75.29372,6.26995],[-75.2938,6.26987],[-75.29369,6.26984]],[[-75.29028,6.27861],[-75.29031,6.27873],[-75.29039,6.27865],[-75.29028,6.27861]],[[-75.2944,6.26197],[-75.29443,6.26208],[-75.29451,6.262],[-75.2944,6.26197]],[[-75.30083,6.27109],[-75.30086,6.2712],[-75.30094,6.27112],[-75.30083,6.27109]],[[-75.29069,6.26071],[-75.29072,6.26082],[-75.2908,6.26074],[-75.29069,6.26071]],[[-75.29007,6.26505],[-75.2901,6.26516],[-75.29018,6.26509],[-75.29007,6.26505]],[[-75.2953,6.26206],[-75.29533,6.26217],[-75.29541,6.26209],[-75.2953,6.26206]],[[-75.30226,6.26313],[-75.30229,6.26324],[-75.30237,6.26316],[-75.30226,6.26313]],[[-75.29197,6.26966],[-75.292,6.26977],[-75.29208,6.26969],[-75.29197,6.26966]],[[-75.2917,6.26686],[-75.29173,6.26697],[-75.29181,6.26689],[-75.2917,6.26686]],[[-75.28428,6.2619],[-75.28431,6.26201],[-75.28439,6.26193],[-75.28428,6.2619]],[[-75.2899,6.27319],[-75.28994,6.2733],[-75.29001,6.27322],[-75.2899,6.27319]],[[-75.29245,6.27861],[-75.29248,6.27872],[-75.29256,6.27864],[-75.29245,6.27861]],[[-75.28694,6.27962],[-75.28697,6.27973],[-75.28705,6.27965],[-75.28694,6.27962]],[[-75.29894,6.27561],[-75.29898,6.27572],[-75.29905,6.27564],[-75.29894,6.27561]],[[-75.31172,6.2528],[-75.31175,6.25291],[-75.31183,6.25283],[-75.31172,6.2528]],[[-75.31115,6.24168],[-75.31118,6.24179],[-75.31126,6.24171],[-75.31115,6.24168]],[[-75.30495,6.25724],[-75.30499,6.25736],[-75.30507,6.25728],[-75.30495,6.25724]],[[-75.31824,6.25993],[-75.31827,6.26004],[-75.31835,6.25996],[-75.31824,6.25993]],[[-75.29594,6.26748],[-75.29598,6.26759],[-75.29605,6.26751],[-75.29594,6.26748]],[[-75.31419,6.26663],[-75.31422,6.26674],[-75.3143,6.26666],[-75.31419,6.26663]],[[-75.30474,6.28084],[-75.30477,6.28095],[-75.30485,6.28087],[-75.30474,6.28084]],[[-75.31051,6.27459],[-75.31054,6.2747],[-75.31062,6.27462],[-75.31051,6.27459]],[[-75.30192,6.27488],[-75.30196,6.27499],[-75.30203,6.27491],[-75.30192,6.27488]],[[-75.31398,6.2527],[-75.31401,6.25281],[-75.31409,6.25273],[-75.31398,6.2527]],[[-75.3035,6.25381],[-75.30353,6.25392],[-75.30361,6.25384],[-75.3035,6.25381]],[[-75.31823,6.25676],[-75.31827,6.25687],[-75.31834,6.25679],[-75.31823,6.25676]],[[-75.3031,6.27678],[-75.30313,6.27689],[-75.30321,6.27681],[-75.3031,6.27678]],[[-75.31997,6.26408],[-75.32,6.26419],[-75.32008,6.26411],[-75.31997,6.26408]],[[-75.29189,6.27066],[-75.29192,6.27077],[-75.292,6.27069],[-75.29189,6.27066]],[[-75.3045,6.25752],[-75.30454,6.25763],[-75.30461,6.25755],[-75.3045,6.25752]],[[-75.29983,6.2691],[-75.29986,6.26921],[-75.29994,6.26913],[-75.29983,6.2691]],[[-75.30654,6.27704],[-75.30657,6.27715],[-75.30665,6.27707],[-75.30654,6.27704]],[[-75.30618,6.27704],[-75.30621,6.27715],[-75.30629,6.27707],[-75.30618,6.27704]],[[-75.31142,6.23978],[-75.31145,6.23989],[-75.31153,6.23981],[-75.31142,6.23978]],[[-75.3175,6.25197],[-75.31753,6.25208],[-75.31761,6.252],[-75.3175,6.25197]],[[-75.31595,6.24691],[-75.31598,6.24702],[-75.31606,6.24694],[-75.31595,6.24691]],[[-75.31703,6.24375],[-75.31706,6.24386],[-75.31714,6.24378],[-75.31703,6.24375]],[[-75.31966,6.25007],[-75.3197,6.25018],[-75.31977,6.2501],[-75.31966,6.25007]],[[-75.30927,6.24639],[-75.3093,6.2465],[-75.30938,6.24642],[-75.30927,6.24639]],[[-75.31586,6.24637],[-75.31589,6.24648],[-75.31597,6.2464],[-75.31586,6.24637]],[[-75.30531,6.25589],[-75.30534,6.256],[-75.30542,6.25592],[-75.30531,6.25589]],[[-75.31098,6.24729],[-75.31102,6.2474],[-75.31109,6.24732],[-75.31098,6.24729]],[[-75.30506,6.26231],[-75.30509,6.26242],[-75.30517,6.26234],[-75.30506,6.26231]],[[-75.30546,6.28156],[-75.30549,6.28167],[-75.30557,6.28159],[-75.30546,6.28156]],[[-75.30447,6.28075],[-75.3045,6.28086],[-75.30458,6.28078],[-75.30447,6.28075]],[[-75.31385,6.27612],[-75.31388,6.27623],[-75.31396,6.27615],[-75.31385,6.27612]],[[-75.29597,6.27725],[-75.296,6.27736],[-75.29608,6.27728],[-75.29597,6.27725]],[[-75.30366,6.28166],[-75.30369,6.28177],[-75.30377,6.28169],[-75.30366,6.28166]],[[-75.31403,6.27594],[-75.31406,6.27605],[-75.31414,6.27597],[-75.31403,6.27594]],[[-75.30952,6.27767],[-75.30955,6.27778],[-75.30963,6.2777],[-75.30952,6.27767]],[[-75.30282,6.27343],[-75.30286,6.27354],[-75.30293,6.27346],[-75.30282,6.27343]],[[-75.30752,6.27333],[-75.30755,6.27344],[-75.30763,6.27336],[-75.30752,6.27333]],[[-75.3114,6.27206],[-75.31144,6.27217],[-75.31151,6.27209],[-75.3114,6.27206]],[[-75.30708,6.27812],[-75.30711,6.27823],[-75.30719,6.27815],[-75.30708,6.27812]],[[-75.31196,6.27694],[-75.31199,6.27705],[-75.31207,6.27697],[-75.31196,6.27694]],[[-75.31614,6.24908],[-75.31617,6.24919],[-75.31625,6.24911],[-75.31614,6.24908]],[[-75.32446,6.25476],[-75.32449,6.25487],[-75.32457,6.25479],[-75.32446,6.25476]],[[-75.30962,6.24394],[-75.30965,6.24405],[-75.30973,6.24398],[-75.30962,6.24394]],[[-75.31143,6.24656],[-75.31147,6.24667],[-75.31155,6.24659],[-75.31143,6.24656]],[[-75.30801,6.24865],[-75.30804,6.24876],[-75.30812,6.24868],[-75.30801,6.24865]],[[-75.31415,6.24854],[-75.31418,6.24865],[-75.31426,6.24858],[-75.31415,6.24854]],[[-75.31404,6.24231],[-75.31408,6.24242],[-75.31416,6.24234],[-75.31404,6.24231]],[[-75.32437,6.25394],[-75.3244,6.25405],[-75.32448,6.25398],[-75.32437,6.25394]],[[-75.31776,6.24573],[-75.31779,6.24584],[-75.31787,6.24576],[-75.31776,6.24573]],[[-75.31919,6.24067],[-75.31922,6.24078],[-75.3193,6.2407],[-75.31919,6.24067]],[[-75.31958,6.25061],[-75.31961,6.25072],[-75.31969,6.25064],[-75.31958,6.25061]],[[-75.31677,6.24845],[-75.3168,6.24856],[-75.31688,6.24848],[-75.31677,6.24845]],[[-75.3135,6.24321],[-75.31354,6.24332],[-75.31362,6.24324],[-75.3135,6.24321]],[[-75.31912,6.24799],[-75.31915,6.2481],[-75.31923,6.24802],[-75.31912,6.24799]],[[-75.31867,6.24835],[-75.3187,6.24846],[-75.31878,6.24838],[-75.31867,6.24835]],[[-75.31297,6.24629],[-75.313,6.2464],[-75.31308,6.24632],[-75.31297,6.24629]],[[-75.33511,6.25066],[-75.33515,6.25077],[-75.33522,6.2507],[-75.33511,6.25066]],[[-75.31477,6.24429],[-75.3148,6.2444],[-75.31488,6.24432],[-75.31477,6.24429]],[[-75.32121,6.25377],[-75.32124,6.25388],[-75.32132,6.2538],[-75.32121,6.25377]],[[-75.31691,6.2706],[-75.31694,6.27071],[-75.31702,6.27063],[-75.31691,6.2706]],[[-75.31879,6.26372],[-75.31882,6.26383],[-75.3189,6.26375],[-75.31879,6.26372]],[[-75.31446,6.26717],[-75.3145,6.26728],[-75.31457,6.2672],[-75.31446,6.26717]],[[-75.3091,6.25335],[-75.30913,6.25346],[-75.30921,6.25338],[-75.3091,6.25335]],[[-75.3009,6.2615],[-75.30093,6.26161],[-75.30101,6.26153],[-75.3009,6.2615]],[[-75.31455,6.26545],[-75.31458,6.26556],[-75.31466,6.26548],[-75.31455,6.26545]],[[-75.33524,6.22915],[-75.33528,6.22926],[-75.33535,6.22918],[-75.33524,6.22915]],[[-75.33768,6.2267],[-75.33771,6.22681],[-75.33779,6.22673],[-75.33768,6.2267]],[[-75.32951,6.24968],[-75.32954,6.24979],[-75.32962,6.24971],[-75.32951,6.24968]],[[-75.32301,6.24979],[-75.32304,6.2499],[-75.32312,6.24982],[-75.32301,6.24979]],[[-75.31897,6.26264],[-75.319,6.26275],[-75.31908,6.26267],[-75.31897,6.26264]],[[-75.31276,6.27278],[-75.31279,6.27289],[-75.31287,6.27281],[-75.31276,6.27278]],[[-75.31294,6.27287],[-75.31297,6.27298],[-75.31305,6.2729],[-75.31294,6.27287]],[[-75.31822,6.25134],[-75.31825,6.25145],[-75.31833,6.25137],[-75.31822,6.25134]],[[-75.32683,6.22573],[-75.32687,6.22584],[-75.32694,6.22576],[-75.32683,6.22573]],[[-75.3315,6.25076],[-75.33153,6.25087],[-75.33161,6.25079],[-75.3315,6.25076]],[[-75.33618,6.24216],[-75.33621,6.24227],[-75.33629,6.24219],[-75.33618,6.24216]],[[-75.33312,6.24977],[-75.33316,6.24988],[-75.33324,6.2498],[-75.33312,6.24977]],[[-75.32799,6.25412],[-75.32802,6.25423],[-75.3281,6.25415],[-75.32799,6.25412]],[[-75.31842,6.25767],[-75.31845,6.25778],[-75.31853,6.2577],[-75.31842,6.25767]],[[-75.32942,6.24986],[-75.32945,6.24997],[-75.32953,6.2499],[-75.32942,6.24986]],[[-75.317,6.26843],[-75.31703,6.26854],[-75.31711,6.26846],[-75.317,6.26843]],[[-75.32221,6.2582],[-75.32224,6.25831],[-75.32232,6.25823],[-75.32221,6.2582]],[[-75.32203,6.25829],[-75.32206,6.2584],[-75.32214,6.25832],[-75.32203,6.25829]],[[-75.33678,6.22851],[-75.33681,6.22862],[-75.33689,6.22854],[-75.33678,6.22851]],[[-75.33931,6.22841],[-75.33934,6.22853],[-75.33942,6.22845],[-75.33931,6.22841]],[[-75.35016,6.23381],[-75.35019,6.23392],[-75.35027,6.23384],[-75.35016,6.23381]],[[-75.34912,6.24964],[-75.34915,6.24975],[-75.34923,6.24967],[-75.34912,6.24964]],[[-75.33849,6.22851],[-75.33853,6.22862],[-75.3386,6.22854],[-75.33849,6.22851]],[[-75.34801,6.23951],[-75.34804,6.23962],[-75.34812,6.23954],[-75.34801,6.23951]],[[-75.33581,6.23963],[-75.33584,6.23974],[-75.33592,6.23966],[-75.33581,6.23963]],[[-75.33995,6.23411],[-75.33998,6.23422],[-75.34006,6.23414],[-75.33995,6.23411]],[[-75.3482,6.24277],[-75.34823,6.24288],[-75.34831,6.2428],[-75.3482,6.24277]],[[-75.33753,6.24261],[-75.33757,6.24272],[-75.33764,6.24264],[-75.33753,6.24261]],[[-75.34849,6.25099],[-75.34852,6.2511],[-75.3486,6.25102],[-75.34849,6.25099]],[[-75.33527,6.24072],[-75.3353,6.24083],[-75.33538,6.24075],[-75.33527,6.24072]],[[-75.34747,6.2425],[-75.3475,6.24261],[-75.34758,6.24253],[-75.34747,6.2425]],[[-75.34901,6.24249],[-75.34904,6.2426],[-75.34912,6.24253],[-75.34901,6.24249]],[[-75.34846,6.24132],[-75.34849,6.24143],[-75.34857,6.24135],[-75.34846,6.24132]],[[-75.34341,6.24405],[-75.34344,6.24416],[-75.34352,6.24408],[-75.34341,6.24405]],[[-75.34846,6.2396],[-75.34849,6.23971],[-75.34857,6.23963],[-75.34846,6.2396]],[[-75.3442,6.23247],[-75.34423,6.23258],[-75.34431,6.2325],[-75.3442,6.23247]],[[-75.34501,6.23292],[-75.34504,6.23303],[-75.34512,6.23295],[-75.34501,6.23292]],[[-75.35495,6.23462],[-75.35498,6.23473],[-75.35506,6.23465],[-75.35495,6.23462]],[[-75.35369,6.2348],[-75.35372,6.23491],[-75.3538,6.23483],[-75.35369,6.2348]],[[-75.34838,6.24277],[-75.34841,6.24288],[-75.34849,6.2428],[-75.34838,6.24277]],[[-75.35866,6.2384],[-75.3587,6.23851],[-75.35877,6.23843],[-75.35866,6.2384]],[[-75.35559,6.23769],[-75.35562,6.2378],[-75.3557,6.23772],[-75.35559,6.23769]],[[-75.35396,6.23417],[-75.35399,6.23428],[-75.35407,6.2342],[-75.35396,6.23417]],[[-75.3435,6.24386],[-75.34353,6.24397],[-75.34361,6.24389],[-75.3435,6.24386]],[[-75.35459,6.23525],[-75.35462,6.23536],[-75.3547,6.23528],[-75.35459,6.23525]],[[-75.3563,6.23389],[-75.35634,6.234],[-75.35641,6.23392],[-75.3563,6.23389]],[[-75.35209,6.24683],[-75.35212,6.24694],[-75.3522,6.24686],[-75.35209,6.24683]],[[-75.37009,6.29424],[-75.37013,6.29435],[-75.3702,6.29428],[-75.37009,6.29424]],[[-75.37163,6.29469],[-75.37166,6.2948],[-75.37174,6.29472],[-75.37163,6.29469]],[[-75.34902,6.24638],[-75.34905,6.24649],[-75.34913,6.24641],[-75.34902,6.24638]],[[-75.36542,6.2307],[-75.36545,6.23081],[-75.36553,6.23073],[-75.36542,6.2307]],[[-75.36379,6.23053],[-75.36383,6.23064],[-75.3639,6.23056],[-75.36379,6.23053]],[[-75.36614,6.23007],[-75.36617,6.23018],[-75.36625,6.2301],[-75.36614,6.23007]],[[-75.36881,6.25149],[-75.36885,6.2516],[-75.36892,6.25152],[-75.36881,6.25149]],[[-75.37125,6.25112],[-75.37128,6.25123],[-75.37136,6.25115],[-75.37125,6.25112]],[[-75.35707,6.25124],[-75.3571,6.25135],[-75.35718,6.25127],[-75.35707,6.25124]],[[-75.3728,6.25428],[-75.37283,6.25439],[-75.37291,6.25431],[-75.3728,6.25428]],[[-75.36076,6.24427],[-75.36079,6.24438],[-75.36087,6.2443],[-75.36076,6.24427]],[[-75.36981,6.25049],[-75.36984,6.2506],[-75.36992,6.25052],[-75.36981,6.25049]],[[-75.38092,6.25082],[-75.38095,6.25093],[-75.38103,6.25085],[-75.38092,6.25082]],[[-75.3715,6.27679],[-75.37153,6.2769],[-75.37161,6.27682],[-75.3715,6.27679]],[[-75.372,6.2965],[-75.37203,6.29661],[-75.37211,6.29653],[-75.372,6.2965]],[[-75.37216,6.28719],[-75.37219,6.2873],[-75.37227,6.28722],[-75.37216,6.28719]],[[-75.36837,6.29298],[-75.36841,6.29309],[-75.36848,6.29301],[-75.36837,6.29298]],[[-75.37372,6.29857],[-75.37375,6.29869],[-75.37383,6.29861],[-75.37372,6.29857]],[[-75.3731,6.30545],[-75.37313,6.30556],[-75.37321,6.30548],[-75.3731,6.30545]],[[-75.37337,6.30545],[-75.37341,6.30556],[-75.37349,6.30548],[-75.37337,6.30545]],[[-75.36848,6.30012],[-75.36851,6.30023],[-75.36859,6.30016],[-75.36848,6.30012]],[[-75.37192,6.30301],[-75.37195,6.30312],[-75.37203,6.30304],[-75.37192,6.30301]],[[-75.37467,6.30329],[-75.37474,6.30321],[-75.37463,6.30318],[-75.37467,6.30329]],[[-75.38352,6.2434],[-75.38355,6.24351],[-75.38363,6.24344],[-75.38352,6.2434]],[[-75.36651,6.23106],[-75.36654,6.23117],[-75.36662,6.23109],[-75.36651,6.23106]],[[-75.36942,6.27716],[-75.36945,6.27727],[-75.36953,6.27719],[-75.36942,6.27716]],[[-75.37618,6.27091],[-75.37621,6.27102],[-75.37629,6.27094],[-75.37618,6.27091]],[[-75.37243,6.28746],[-75.37246,6.28757],[-75.37254,6.28749],[-75.37243,6.28746]],[[-75.37432,6.28745],[-75.37436,6.28756],[-75.37443,6.28748],[-75.37432,6.28745]],[[-75.37616,6.29757],[-75.37619,6.29768],[-75.37627,6.29761],[-75.37616,6.29757]],[[-75.3783,6.28573],[-75.37833,6.28584],[-75.37841,6.28576],[-75.3783,6.28573]],[[-75.37881,6.23627],[-75.37884,6.23638],[-75.37892,6.23631],[-75.37881,6.23627]],[[-75.38181,6.24693],[-75.38184,6.24704],[-75.38192,6.24697],[-75.38181,6.24693]],[[-75.37727,6.27352],[-75.3773,6.27363],[-75.37738,6.27356],[-75.37727,6.27352]],[[-75.38423,6.27586],[-75.38426,6.27597],[-75.38434,6.27589],[-75.38423,6.27586]],[[-75.37055,6.29379],[-75.37058,6.2939],[-75.37066,6.29382],[-75.37055,6.29379]],[[-75.37946,6.28265],[-75.37949,6.28276],[-75.37957,6.28268],[-75.37946,6.28265]],[[-75.37444,6.29948],[-75.37448,6.29959],[-75.37455,6.29951],[-75.37444,6.29948]],[[-75.38554,6.29303],[-75.38557,6.29314],[-75.38565,6.29306],[-75.38554,6.29303]],[[-75.37478,6.29007],[-75.37481,6.29018],[-75.37489,6.29011],[-75.37478,6.29007]],[[-75.37929,6.28672],[-75.37932,6.28683],[-75.3794,6.28675],[-75.37929,6.28672]],[[-75.37544,6.29929],[-75.37547,6.2994],[-75.37555,6.29932],[-75.37544,6.29929]],[[-75.37362,6.29405],[-75.37365,6.29417],[-75.37373,6.29409],[-75.37362,6.29405]],[[-75.38527,6.2933],[-75.3853,6.29341],[-75.38538,6.29333],[-75.38527,6.2933]],[[-75.3688,6.24742],[-75.36884,6.24753],[-75.36891,6.24745],[-75.3688,6.24742]],[[-75.38736,6.26148],[-75.38739,6.26159],[-75.38747,6.26151],[-75.38736,6.26148]],[[-75.3801,6.24811],[-75.38013,6.24822],[-75.38021,6.24814],[-75.3801,6.24811]],[[-75.38289,6.24232],[-75.38292,6.24243],[-75.383,6.24235],[-75.38289,6.24232]],[[-75.37776,6.25372],[-75.3778,6.25383],[-75.37787,6.25376],[-75.37776,6.25372]],[[-75.38082,6.24929],[-75.38086,6.2494],[-75.38093,6.24932],[-75.38082,6.24929]],[[-75.38731,6.27585],[-75.38734,6.27596],[-75.38742,6.27588],[-75.38731,6.27585]],[[-75.38202,6.29421],[-75.38205,6.29433],[-75.38213,6.29425],[-75.38202,6.29421]],[[-75.37445,6.30156],[-75.37448,6.30167],[-75.37456,6.30159],[-75.37445,6.30156]],[[-75.38256,6.29141],[-75.38259,6.29152],[-75.38267,6.29144],[-75.38256,6.29141]],[[-75.38369,6.27568],[-75.38372,6.27579],[-75.3838,6.27571],[-75.38369,6.27568]],[[-75.38821,6.27838],[-75.38825,6.27849],[-75.38833,6.27841],[-75.38821,6.27838]],[[-75.38369,6.27731],[-75.38373,6.27742],[-75.38381,6.27734],[-75.38369,6.27731]],[[-75.38513,6.27396],[-75.38516,6.27407],[-75.38524,6.27399],[-75.38513,6.27396]],[[-75.3728,6.29044],[-75.37283,6.29055],[-75.37291,6.29047],[-75.3728,6.29044]],[[-75.38279,6.27686],[-75.38282,6.27697],[-75.3829,6.27689],[-75.38279,6.27686]],[[-75.3811,6.2878],[-75.38113,6.28791],[-75.38121,6.28783],[-75.3811,6.2878]],[[-75.38496,6.27558],[-75.38499,6.27569],[-75.38507,6.27562],[-75.38496,6.27558]],[[-75.38387,6.27441],[-75.3839,6.27452],[-75.38398,6.27444],[-75.38387,6.27441]],[[-75.39049,6.28335],[-75.39052,6.28346],[-75.3906,6.28338],[-75.39049,6.28335]],[[-75.37388,6.29188],[-75.37391,6.29199],[-75.37399,6.29192],[-75.37388,6.29188]],[[-75.37299,6.29568],[-75.37302,6.29579],[-75.3731,6.29571],[-75.37299,6.29568]],[[-75.37589,6.29803],[-75.37592,6.29814],[-75.376,6.29806],[-75.37589,6.29803]],[[-75.37797,6.30137],[-75.378,6.30148],[-75.37808,6.3014],[-75.37797,6.30137]],[[-75.37111,6.30401],[-75.37114,6.30412],[-75.37122,6.30404],[-75.37111,6.30401]],[[-75.37517,6.29929],[-75.3752,6.2994],[-75.37528,6.29933],[-75.37517,6.29929]],[[-75.38664,6.26265],[-75.38667,6.26276],[-75.38675,6.26268],[-75.38664,6.26265]],[[-75.38165,6.29196],[-75.38168,6.29207],[-75.38176,6.29199],[-75.38165,6.29196]],[[-75.38283,6.29141],[-75.38286,6.29152],[-75.38294,6.29144],[-75.38283,6.29141]],[[-75.37835,6.23591],[-75.37838,6.23602],[-75.37846,6.23594],[-75.37835,6.23591]],[[-75.3799,6.24034],[-75.37993,6.24045],[-75.38001,6.24037],[-75.3799,6.24034]],[[-75.38361,6.24359],[-75.38364,6.2437],[-75.38372,6.24362],[-75.38361,6.24359]],[[-75.38378,6.27423],[-75.38381,6.27434],[-75.38389,6.27426],[-75.38378,6.27423]],[[-75.38324,6.27523],[-75.38327,6.27534],[-75.38335,6.27526],[-75.38324,6.27523]],[[-75.38621,6.27215],[-75.38624,6.27226],[-75.38632,6.27218],[-75.38621,6.27215]],[[-75.38647,6.2679],[-75.3865,6.26801],[-75.38658,6.26793],[-75.38647,6.2679]],[[-75.39183,6.27792],[-75.39186,6.27803],[-75.39194,6.27795],[-75.39183,6.27792]],[[-75.38509,6.29502],[-75.38513,6.29513],[-75.3852,6.29505],[-75.38509,6.29502]],[[-75.38544,6.29005],[-75.38547,6.29016],[-75.38555,6.29008],[-75.38544,6.29005]],[[-75.38852,6.29375],[-75.38856,6.29386],[-75.38863,6.29378],[-75.38852,6.29375]],[[-75.38501,6.26004],[-75.38504,6.26015],[-75.38512,6.26007],[-75.38501,6.26004]],[[-75.39201,6.27765],[-75.39204,6.27776],[-75.39212,6.27768],[-75.39201,6.27765]],[[-75.39021,6.28298],[-75.39025,6.28309],[-75.39032,6.28302],[-75.39021,6.28298]],[[-75.38794,6.27829],[-75.38797,6.2784],[-75.38805,6.27832],[-75.38794,6.27829]],[[-75.3936,6.26589],[-75.39364,6.266],[-75.39371,6.26592],[-75.3936,6.26589]],[[-75.28639,6.27709],[-75.28644,6.2772],[-75.2866,6.27712],[-75.28639,6.27709]],[[-75.27978,6.27068],[-75.27983,6.2708],[-75.27999,6.27072],[-75.27978,6.27068]],[[-75.28891,6.27157],[-75.28896,6.27168],[-75.28911,6.2716],[-75.28891,6.27157]],[[-75.29522,6.26531],[-75.29527,6.26543],[-75.29542,6.26535],[-75.29522,6.26531]],[[-75.28495,6.27808],[-75.285,6.2782],[-75.28515,6.27812],[-75.28495,6.27808]],[[-75.2834,6.27447],[-75.28345,6.27459],[-75.28361,6.27451],[-75.2834,6.27447]],[[-75.28296,6.27945],[-75.28301,6.27956],[-75.28317,6.27948],[-75.28296,6.27945]],[[-75.30413,6.25146],[-75.30418,6.25158],[-75.30434,6.2515],[-75.30413,6.25146]],[[-75.28809,6.26831],[-75.28814,6.26843],[-75.28829,6.26835],[-75.28809,6.26831]],[[-75.29624,6.27724],[-75.29629,6.27736],[-75.29645,6.27728],[-75.29624,6.27724]],[[-75.30553,6.26972],[-75.30558,6.26983],[-75.30573,6.26976],[-75.30553,6.26972]],[[-75.31266,6.26799],[-75.31271,6.2681],[-75.31287,6.26802],[-75.31266,6.26799]],[[-75.31032,6.27351],[-75.31037,6.27362],[-75.31053,6.27354],[-75.31032,6.27351]],[[-75.31069,6.27468],[-75.31074,6.27479],[-75.3109,6.27472],[-75.31069,6.27468]],[[-75.30504,6.25354],[-75.30509,6.25365],[-75.30524,6.25357],[-75.30504,6.25354]],[[-75.31246,6.25795],[-75.3125,6.25807],[-75.31266,6.25799],[-75.31246,6.25795]],[[-75.3084,6.26239],[-75.30845,6.2625],[-75.30861,6.26243],[-75.3084,6.26239]],[[-75.30358,6.2502],[-75.30363,6.25031],[-75.30379,6.25023],[-75.30358,6.2502]],[[-75.30764,6.24531],[-75.30769,6.24542],[-75.30785,6.24534],[-75.30764,6.24531]],[[-75.3081,6.25127],[-75.30815,6.25139],[-75.30831,6.25131],[-75.3081,6.25127]],[[-75.31044,6.24403],[-75.31048,6.24415],[-75.31064,6.24407],[-75.31044,6.24403]],[[-75.31797,6.25938],[-75.31802,6.2595],[-75.31818,6.25942],[-75.31797,6.25938]],[[-75.31598,6.25686],[-75.31603,6.25697],[-75.31618,6.25689],[-75.31598,6.25686]],[[-75.31839,6.24429],[-75.31844,6.2444],[-75.31859,6.24432],[-75.31839,6.24429]],[[-75.32066,6.25169],[-75.32071,6.25181],[-75.32087,6.25173],[-75.32066,6.25169]],[[-75.31613,6.24519],[-75.31618,6.24531],[-75.31634,6.24523],[-75.31613,6.24519]],[[-75.32442,6.23613],[-75.32447,6.23625],[-75.32463,6.23617],[-75.32442,6.23613]],[[-75.32684,6.22835],[-75.32689,6.22847],[-75.32705,6.22839],[-75.32684,6.22835]],[[-75.32433,6.23632],[-75.32438,6.23643],[-75.32454,6.23635],[-75.32433,6.23632]],[[-75.32004,6.2554],[-75.32009,6.25552],[-75.32025,6.25544],[-75.32004,6.2554]],[[-75.31821,6.24835],[-75.31826,6.24847],[-75.31842,6.24839],[-75.31821,6.24835]],[[-75.33033,6.25239],[-75.33038,6.25251],[-75.33054,6.25243],[-75.33033,6.25239]],[[-75.32848,6.23323],[-75.32853,6.23335],[-75.32869,6.23327],[-75.32848,6.23323]],[[-75.33726,6.24062],[-75.33731,6.24074],[-75.33747,6.24066],[-75.33726,6.24062]],[[-75.3324,6.25094],[-75.33245,6.25106],[-75.33261,6.25098],[-75.3324,6.25094]],[[-75.33831,6.22833],[-75.33836,6.22844],[-75.33852,6.22836],[-75.33831,6.22833]],[[-75.34004,6.23311],[-75.34009,6.23323],[-75.34025,6.23315],[-75.34004,6.23311]],[[-75.35342,6.23796],[-75.35347,6.23808],[-75.35363,6.238],[-75.35342,6.23796]],[[-75.3501,6.24466],[-75.35015,6.24478],[-75.3503,6.2447],[-75.3501,6.24466]],[[-75.35019,6.24421],[-75.35024,6.24432],[-75.35039,6.24425],[-75.35019,6.24421]],[[-75.34736,6.23527],[-75.34741,6.23538],[-75.34757,6.2353],[-75.34736,6.23527]],[[-75.36397,6.2298],[-75.36402,6.22992],[-75.36418,6.22984],[-75.36397,6.2298]],[[-75.37049,6.27209],[-75.37054,6.27221],[-75.3707,6.27213],[-75.37049,6.27209]],[[-75.36935,6.25031],[-75.3694,6.25042],[-75.36956,6.25035],[-75.36935,6.25031]],[[-75.36691,6.24688],[-75.36696,6.247],[-75.36711,6.24692],[-75.36691,6.24688]],[[-75.36828,6.29253],[-75.36833,6.29265],[-75.36849,6.29257],[-75.36828,6.29253]],[[-75.37026,6.29009],[-75.37031,6.2902],[-75.37047,6.29012],[-75.37026,6.29009]],[[-75.37279,6.25112],[-75.37284,6.25123],[-75.373,6.25115],[-75.37279,6.25112]],[[-75.37826,6.23619],[-75.37831,6.2363],[-75.37847,6.23622],[-75.37826,6.23619]],[[-75.37208,6.29433],[-75.37213,6.29444],[-75.37229,6.29437],[-75.37208,6.29433]],[[-75.38174,6.29232],[-75.38179,6.29243],[-75.38195,6.29235],[-75.38174,6.29232]],[[-75.37051,6.27897],[-75.37056,6.27908],[-75.37072,6.279],[-75.37051,6.27897]],[[-75.37505,6.29053],[-75.3751,6.29064],[-75.37526,6.29056],[-75.37505,6.29053]],[[-75.38229,6.2953],[-75.38234,6.29541],[-75.3825,6.29534],[-75.38229,6.2953]],[[-75.37626,6.30137],[-75.37631,6.30149],[-75.37646,6.30141],[-75.37626,6.30137]],[[-75.38484,6.26392],[-75.38489,6.26404],[-75.38504,6.26396],[-75.38484,6.26392]],[[-75.38836,6.2631],[-75.38841,6.26322],[-75.38857,6.26314],[-75.38836,6.2631]],[[-75.37885,6.28943],[-75.3789,6.28955],[-75.37905,6.28947],[-75.37885,6.28943]],[[-75.38708,6.29357],[-75.38713,6.29368],[-75.38729,6.29361],[-75.38708,6.29357]],[[-75.38234,6.24259],[-75.38239,6.24271],[-75.38255,6.24263],[-75.38234,6.24259]],[[-75.39183,6.27918],[-75.39188,6.2793],[-75.39204,6.27922],[-75.39183,6.27918]],[[-75.38804,6.27937],[-75.38809,6.27949],[-75.38824,6.27941],[-75.38804,6.27937]],[[-75.3869,6.29465],[-75.38695,6.29477],[-75.38711,6.29469],[-75.3869,6.29465]],[[-75.388,6.26482],[-75.38805,6.26493],[-75.38821,6.26486],[-75.388,6.26482]],[[-75.38889,6.26048],[-75.38894,6.26059],[-75.3891,6.26051],[-75.38889,6.26048]],[[-75.28347,6.26579],[-75.28351,6.266],[-75.28359,6.26584],[-75.28347,6.26579]],[[-75.27996,6.27213],[-75.28,6.27233],[-75.28008,6.27218],[-75.27996,6.27213]],[[-75.28665,6.27049],[-75.28668,6.27069],[-75.28676,6.27054],[-75.28665,6.27049]],[[-75.28981,6.27003],[-75.28984,6.27023],[-75.28992,6.27008],[-75.28981,6.27003]],[[-75.28692,6.27139],[-75.28695,6.2716],[-75.28704,6.27144],[-75.28692,6.27139]],[[-75.28791,6.27139],[-75.28795,6.27159],[-75.28803,6.27144],[-75.28791,6.27139]],[[-75.27581,6.27214],[-75.27584,6.27234],[-75.27592,6.27219],[-75.27581,6.27214]],[[-75.29706,6.28222],[-75.2971,6.28242],[-75.29718,6.28227],[-75.29706,6.28222]],[[-75.30083,6.27082],[-75.30087,6.27102],[-75.30095,6.27087],[-75.30083,6.27082]],[[-75.28458,6.27772],[-75.28462,6.27793],[-75.2847,6.27777],[-75.28458,6.27772]],[[-75.29071,6.27012],[-75.29075,6.27032],[-75.29083,6.27017],[-75.29071,6.27012]],[[-75.30387,6.25508],[-75.3039,6.25528],[-75.30398,6.25513],[-75.30387,6.25508]],[[-75.30481,6.27252],[-75.30485,6.27273],[-75.30493,6.27257],[-75.30481,6.27252]],[[-75.29721,6.26965],[-75.29725,6.26985],[-75.29733,6.2697],[-75.29721,6.26965]],[[-75.30319,6.27732],[-75.30323,6.27752],[-75.30331,6.27737],[-75.30319,6.27732]],[[-75.30199,6.2643],[-75.30203,6.26451],[-75.30211,6.26435],[-75.30199,6.2643]],[[-75.29679,6.28095],[-75.29683,6.28116],[-75.29691,6.281],[-75.29679,6.28095]],[[-75.2993,6.27425],[-75.29934,6.27446],[-75.29942,6.2743],[-75.2993,6.27425]],[[-75.31125,6.24267],[-75.31128,6.24288],[-75.31136,6.24272],[-75.31125,6.24267]],[[-75.31458,6.24113],[-75.31462,6.24134],[-75.3147,6.24118],[-75.31458,6.24113]],[[-75.3138,6.25406],[-75.31384,6.25427],[-75.31392,6.25411],[-75.3138,6.25406]],[[-75.30192,6.2709],[-75.30195,6.27111],[-75.30203,6.27095],[-75.30192,6.2709]],[[-75.31762,6.26237],[-75.31765,6.26257],[-75.31773,6.26242],[-75.31762,6.26237]],[[-75.31994,6.25034],[-75.31997,6.25054],[-75.32005,6.25039],[-75.31994,6.25034]],[[-75.32076,6.25323],[-75.32079,6.25344],[-75.32087,6.25328],[-75.32076,6.25323]],[[-75.31472,6.26084],[-75.31476,6.26104],[-75.31484,6.26089],[-75.31472,6.26084]],[[-75.30699,6.27758],[-75.30703,6.27779],[-75.30711,6.27763],[-75.30699,6.27758]],[[-75.31339,6.27259],[-75.31343,6.2728],[-75.31351,6.27264],[-75.31339,6.27259]],[[-75.3151,6.26952],[-75.31514,6.26972],[-75.31522,6.26957],[-75.3151,6.26952]],[[-75.30944,6.2415],[-75.30947,6.24171],[-75.30955,6.24155],[-75.30944,6.2415]],[[-75.32356,6.25368],[-75.32359,6.25388],[-75.32368,6.25373],[-75.32356,6.25368]],[[-75.31928,6.2413],[-75.31932,6.24151],[-75.3194,6.24135],[-75.31928,6.2413]],[[-75.34162,6.24902],[-75.34165,6.24923],[-75.34173,6.24907],[-75.34162,6.24902]],[[-75.33859,6.23113],[-75.33863,6.23133],[-75.33871,6.23118],[-75.33859,6.23113]],[[-75.34719,6.23852],[-75.34723,6.23873],[-75.34731,6.23857],[-75.34719,6.23852]],[[-75.35468,6.23543],[-75.35472,6.23563],[-75.3548,6.23548],[-75.35468,6.23543]],[[-75.34492,6.23256],[-75.34496,6.23277],[-75.34504,6.23261],[-75.34492,6.23256]],[[-75.35008,6.23716],[-75.35012,6.23736],[-75.3502,6.23721],[-75.35008,6.23716]],[[-75.34926,6.23617],[-75.3493,6.23637],[-75.34938,6.23622],[-75.34926,6.23617]],[[-75.35495,6.23498],[-75.35499,6.23518],[-75.35507,6.23503],[-75.35495,6.23498]],[[-75.34378,6.24567],[-75.34381,6.24588],[-75.34389,6.24572],[-75.34378,6.24567]],[[-75.35643,6.24709],[-75.35646,6.24729],[-75.35654,6.24714],[-75.35643,6.24709]],[[-75.35568,6.23787],[-75.35572,6.23807],[-75.3558,6.23792],[-75.35568,6.23787]],[[-75.37516,6.29523],[-75.37519,6.29543],[-75.37527,6.29528],[-75.37516,6.29523]],[[-75.37975,6.2539],[-75.37979,6.25411],[-75.37987,6.25395],[-75.37975,6.2539]],[[-75.37621,6.28356],[-75.37625,6.28377],[-75.37633,6.28361],[-75.37621,6.28356]],[[-75.36238,6.24273],[-75.36242,6.24294],[-75.3625,6.24278],[-75.36238,6.24273]],[[-75.38387,6.27694],[-75.38391,6.27715],[-75.38399,6.27699],[-75.38387,6.27694]],[[-75.38263,6.28553],[-75.38267,6.28574],[-75.38275,6.28558],[-75.38263,6.28553]],[[-75.38687,6.28164],[-75.3869,6.28184],[-75.38699,6.28169],[-75.38687,6.28164]],[[-75.38152,6.27333],[-75.38155,6.27354],[-75.38163,6.27338],[-75.38152,6.27333]],[[-75.37874,6.28446],[-75.37878,6.28466],[-75.37886,6.28451],[-75.37874,6.28446]],[[-75.37639,6.28383],[-75.37643,6.28404],[-75.37651,6.28388],[-75.37639,6.28383]],[[-75.38005,6.30037],[-75.38008,6.30057],[-75.38017,6.30042],[-75.38005,6.30037]],[[-75.38401,6.29656],[-75.38405,6.29677],[-75.38413,6.29661],[-75.38401,6.29656]],[[-75.37706,6.29775],[-75.3771,6.29796],[-75.37718,6.2978],[-75.37706,6.29775]],[[-75.37804,6.25427],[-75.37807,6.25447],[-75.37815,6.25432],[-75.37804,6.25427]],[[-75.39002,6.27566],[-75.39005,6.27587],[-75.39013,6.27571],[-75.39002,6.27566]],[[-75.38032,6.26493],[-75.38036,6.26513],[-75.38044,6.26498],[-75.38032,6.26493]],[[-75.38116,6.27487],[-75.3812,6.27508],[-75.38128,6.27492],[-75.38116,6.27487]],[[-75.39048,6.28235],[-75.39052,6.28256],[-75.3906,6.2824],[-75.39048,6.28235]],[[-75.374,6.30192],[-75.37404,6.30212],[-75.37412,6.30197],[-75.374,6.30192]],[[-75.2839,6.26314],[-75.28412,6.2632],[-75.28398,6.26306],[-75.2839,6.26314]],[[-75.28137,6.26989],[-75.28143,6.26967],[-75.28129,6.26981],[-75.28137,6.26989]],[[-75.28853,6.27963],[-75.28859,6.27941],[-75.28845,6.27955],[-75.28853,6.27963]],[[-75.28818,6.27741],[-75.2884,6.27747],[-75.28826,6.27733],[-75.28818,6.27741]],[[-75.28645,6.27846],[-75.28651,6.27824],[-75.28637,6.27838],[-75.28645,6.27846]],[[-75.29016,6.27605],[-75.29038,6.27611],[-75.29024,6.27597],[-75.29016,6.27605]],[[-75.29003,6.27402],[-75.29011,6.27395],[-75.28989,6.27388],[-75.29003,6.27402]],[[-75.30231,6.27291],[-75.30239,6.27283],[-75.30217,6.27277],[-75.30231,6.27291]],[[-75.29673,6.26537],[-75.29695,6.26543],[-75.29681,6.26529],[-75.29673,6.26537]],[[-75.30393,6.25682],[-75.30399,6.25659],[-75.30385,6.25674],[-75.30393,6.25682]],[[-75.30992,6.27027],[-75.30998,6.27005],[-75.30984,6.27019],[-75.30992,6.27027]],[[-75.30338,6.26757],[-75.30346,6.2675],[-75.30324,6.26743],[-75.30338,6.26757]],[[-75.30349,6.28036],[-75.30341,6.28028],[-75.30335,6.2805],[-75.30349,6.28036]],[[-75.30838,6.2776],[-75.30846,6.27752],[-75.30823,6.27746],[-75.30838,6.2776]],[[-75.31506,6.26438],[-75.31512,6.26416],[-75.31498,6.2643],[-75.31506,6.26438]],[[-75.31069,6.25074],[-75.31075,6.25052],[-75.31061,6.25066],[-75.31069,6.25074]],[[-75.31266,6.25689],[-75.31274,6.25681],[-75.31252,6.25674],[-75.31266,6.25689]],[[-75.31082,6.24134],[-75.3109,6.24126],[-75.31068,6.2412],[-75.31082,6.24134]],[[-75.31402,6.24567],[-75.31408,6.24545],[-75.31394,6.24559],[-75.31402,6.24567]],[[-75.31668,6.27224],[-75.31675,6.27217],[-75.31653,6.2721],[-75.31668,6.27224]],[[-75.31037,6.27832],[-75.31044,6.27824],[-75.31022,6.27818],[-75.31037,6.27832]],[[-75.30487,6.27363],[-75.30493,6.27341],[-75.30479,6.27355],[-75.30487,6.27363]],[[-75.30822,6.2757],[-75.30828,6.27548],[-75.30814,6.27562],[-75.30822,6.2757]],[[-75.3224,6.25365],[-75.32232,6.25357],[-75.32226,6.25379],[-75.3224,6.25365]],[[-75.3248,6.23637],[-75.32472,6.23629],[-75.32466,6.23652],[-75.3248,6.23637]],[[-75.33189,6.25114],[-75.33197,6.25106],[-75.33175,6.251],[-75.33189,6.25114]],[[-75.33576,6.22935],[-75.33582,6.22913],[-75.33568,6.22927],[-75.33576,6.22935]],[[-75.34115,6.23096],[-75.34123,6.23088],[-75.34101,6.23082],[-75.34115,6.23096]],[[-75.3502,6.23799],[-75.35028,6.23791],[-75.35006,6.23785],[-75.3502,6.23799]],[[-75.35202,6.2426],[-75.3521,6.24252],[-75.35188,6.24246],[-75.35202,6.2426]],[[-75.36085,6.23137],[-75.36093,6.23129],[-75.3607,6.23123],[-75.36085,6.23137]],[[-75.3658,6.23058],[-75.36572,6.2305],[-75.36566,6.23072],[-75.3658,6.23058]],[[-75.38077,6.24922],[-75.38084,6.24914],[-75.38062,6.24908],[-75.38077,6.24922]],[[-75.38353,6.25485],[-75.38375,6.25492],[-75.38361,6.25478],[-75.38353,6.25485]],[[-75.38198,6.25151],[-75.38221,6.25158],[-75.38206,6.25143],[-75.38198,6.25151]],[[-75.38778,6.27289],[-75.38786,6.27281],[-75.38764,6.27274],[-75.38778,6.27289]],[[-75.39336,6.26582],[-75.39344,6.26574],[-75.39322,6.26568],[-75.39336,6.26582]],[[-75.28395,6.27836],[-75.28401,6.27847],[-75.28426,6.2784],[-75.28395,6.27836]],[[-75.29034,6.26704],[-75.2904,6.26716],[-75.29064,6.26708],[-75.29034,6.26704]],[[-75.29046,6.27907],[-75.29052,6.27918],[-75.29076,6.27911],[-75.29046,6.27907]],[[-75.29234,6.27364],[-75.29241,6.27375],[-75.29265,6.27368],[-75.29234,6.27364]],[[-75.31434,6.25352],[-75.3144,6.25363],[-75.31464,6.25355],[-75.31434,6.25352]],[[-75.31599,6.26355],[-75.31605,6.26366],[-75.31629,6.26359],[-75.31599,6.26355]],[[-75.31861,6.26246],[-75.31867,6.26257],[-75.31891,6.26249],[-75.31861,6.26246]],[[-75.32699,6.25285],[-75.32705,6.25297],[-75.32729,6.25289],[-75.32699,6.25285]],[[-75.32774,6.22844],[-75.32781,6.22856],[-75.32805,6.22848],[-75.32774,6.22844]],[[-75.34157,6.23058],[-75.34163,6.2307],[-75.34187,6.23062],[-75.34157,6.23058]],[[-75.34022,6.23076],[-75.34028,6.23088],[-75.34052,6.2308],[-75.34022,6.23076]],[[-75.34864,6.23834],[-75.3487,6.23845],[-75.34894,6.23838],[-75.34864,6.23834]],[[-75.36338,6.24382],[-75.36344,6.24393],[-75.36368,6.24385],[-75.36338,6.24382]],[[-75.36526,6.23766],[-75.36532,6.23778],[-75.36556,6.2377],[-75.36526,6.23766]],[[-75.37029,6.29931],[-75.37035,6.29942],[-75.37059,6.29935],[-75.37029,6.29931]],[[-75.36766,6.29787],[-75.36773,6.29798],[-75.36797,6.29791],[-75.36766,6.29787]],[[-75.38077,6.30082],[-75.38083,6.30093],[-75.38107,6.30086],[-75.38077,6.30082]],[[-75.38209,6.25091],[-75.38216,6.25103],[-75.3824,6.25095],[-75.38209,6.25091]],[[-75.37614,6.29179],[-75.3762,6.2919],[-75.37644,6.29183],[-75.37614,6.29179]],[[-75.37855,6.24306],[-75.37861,6.24317],[-75.37885,6.24309],[-75.37855,6.24306]],[[-75.37871,6.236],[-75.37878,6.23612],[-75.37902,6.23604],[-75.37871,6.236]],[[-75.3858,6.29005],[-75.38587,6.29016],[-75.38611,6.29009],[-75.3858,6.29005]],[[-75.31412,6.25264],[-75.31419,6.25232],[-75.31404,6.25248],[-75.31412,6.25264]],[[-75.31281,6.2738],[-75.31297,6.27372],[-75.31265,6.27365],[-75.31281,6.2738]],[[-75.35383,6.24542],[-75.35375,6.24526],[-75.35368,6.24558],[-75.35383,6.24542]],[[-75.35589,6.23827],[-75.35581,6.23811],[-75.35574,6.23843],[-75.35589,6.23827]],[[-75.37752,6.27719],[-75.37784,6.27726],[-75.37768,6.27712],[-75.37752,6.27719]],[[-75.38401,6.27597],[-75.38417,6.27589],[-75.38385,6.27583],[-75.38401,6.27597]],[[-75.38552,6.29525],[-75.38584,6.29532],[-75.38568,6.29518],[-75.38552,6.29525]],[[-75.28598,6.26619],[-75.2862,6.26627],[-75.28606,6.26603],[-75.28598,6.26619]],[[-75.29131,6.27954],[-75.29139,6.27939],[-75.29116,6.27931],[-75.29131,6.27954]],[[-75.30235,6.25514],[-75.3022,6.25505],[-75.30212,6.25528],[-75.30235,6.25514]],[[-75.3076,6.27934],[-75.30783,6.27942],[-75.30768,6.27918],[-75.3076,6.27934]],[[-75.31872,6.25399],[-75.3188,6.25376],[-75.31856,6.2539],[-75.31872,6.25399]],[[-75.3294,6.25153],[-75.32963,6.25161],[-75.32948,6.25138],[-75.3294,6.25153]],[[-75.38258,6.24994],[-75.38266,6.24979],[-75.38243,6.2497],[-75.38258,6.24994]],[[-75.38339,6.28884],[-75.38323,6.28876],[-75.38315,6.28899],[-75.38339,6.28884]],[[-75.38089,6.2496],[-75.38112,6.24968],[-75.38097,6.24944],[-75.38089,6.2496]],[[-75.38316,6.25438],[-75.38339,6.25447],[-75.38324,6.25423],[-75.38316,6.25438]],[[-75.3831,6.27525],[-75.38318,6.27503],[-75.38294,6.27517],[-75.3831,6.27525]],[[-75.29071,6.26813],[-75.29074,6.26842],[-75.29083,6.26819],[-75.29071,6.26813]],[[-75.29062,6.27039],[-75.29066,6.27068],[-75.29074,6.27045],[-75.29062,6.27039]],[[-75.29621,6.26522],[-75.29625,6.26552],[-75.29633,6.26528],[-75.29621,6.26522]],[[-75.30165,6.27244],[-75.30169,6.27274],[-75.30177,6.2725],[-75.30165,6.27244]],[[-75.30586,6.25616],[-75.3059,6.25646],[-75.30598,6.25622],[-75.30586,6.25616]],[[-75.3108,6.24711],[-75.31084,6.2474],[-75.31093,6.24717],[-75.3108,6.24711]],[[-75.31912,6.24989],[-75.31916,6.25019],[-75.31924,6.24995],[-75.31912,6.24989]],[[-75.314,6.2631],[-75.31404,6.2634],[-75.31412,6.26316],[-75.314,6.2631]],[[-75.3384,6.22797],[-75.33844,6.22826],[-75.33852,6.22803],[-75.3384,6.22797]],[[-75.35407,6.24556],[-75.35411,6.24585],[-75.3542,6.24562],[-75.35407,6.24556]],[[-75.34999,6.23743],[-75.35003,6.23773],[-75.35011,6.23749],[-75.34999,6.23743]],[[-75.3687,6.27798],[-75.36874,6.27827],[-75.36882,6.27804],[-75.3687,6.27798]],[[-75.36991,6.25564],[-75.36995,6.25594],[-75.37003,6.25571],[-75.36991,6.25564]],[[-75.37192,6.30256],[-75.37196,6.30285],[-75.37204,6.30262],[-75.37192,6.30256]],[[-75.37342,6.25021],[-75.37346,6.25051],[-75.37354,6.25027],[-75.37342,6.25021]],[[-75.37021,6.30455],[-75.37025,6.30485],[-75.37033,6.30461],[-75.37021,6.30455]],[[-75.36984,6.30274],[-75.36988,6.30304],[-75.36997,6.30281],[-75.36984,6.30274]],[[-75.37788,6.26493],[-75.37792,6.26523],[-75.378,6.265],[-75.37788,6.26493]],[[-75.38388,6.28056],[-75.38392,6.28086],[-75.38401,6.28062],[-75.38388,6.28056]],[[-75.38253,6.28282],[-75.38257,6.28312],[-75.38266,6.28289],[-75.38253,6.28282]],[[-75.3783,6.28844],[-75.37834,6.28874],[-75.37842,6.2885],[-75.3783,6.28844]],[[-75.38328,6.29231],[-75.38332,6.29261],[-75.3834,6.29238],[-75.38328,6.29231]],[[-75.38599,6.29194],[-75.38603,6.29224],[-75.38611,6.29201],[-75.38599,6.29194]],[[-75.3837,6.27767],[-75.38374,6.27796],[-75.38382,6.27773],[-75.3837,6.27767]],[[-75.3071,6.24606],[-75.30732,6.24595],[-75.30719,6.24585],[-75.3071,6.24606]],[[-75.29983,6.26389],[-75.30004,6.26378],[-75.29991,6.26368],[-75.29983,6.26389]],[[-75.3087,6.27182],[-75.30891,6.27171],[-75.30878,6.27161],[-75.3087,6.27182]],[[-75.30802,6.24949],[-75.30823,6.24938],[-75.3081,6.24928],[-75.30802,6.24949]],[[-75.32555,6.25108],[-75.32576,6.25097],[-75.32563,6.25087],[-75.32555,6.25108]],[[-75.35731,6.23681],[-75.35753,6.2367],[-75.3574,6.2366],[-75.35731,6.23681]],[[-75.35641,6.23735],[-75.35662,6.23724],[-75.35649,6.23714],[-75.35641,6.23735]],[[-75.37118,6.29228],[-75.37139,6.29217],[-75.37126,6.29207],[-75.37118,6.29228]],[[-75.37621,6.24535],[-75.37643,6.24524],[-75.3763,6.24514],[-75.37621,6.24535]],[[-75.37629,6.27781],[-75.37651,6.27769],[-75.37638,6.27759],[-75.37629,6.27781]],[[-75.38393,6.29442],[-75.38414,6.29431],[-75.38401,6.29421],[-75.38393,6.29442]],[[-75.27969,6.27204],[-75.27974,6.27224],[-75.2799,6.27216],[-75.27969,6.27204]],[[-75.28665,6.27257],[-75.28669,6.27277],[-75.28686,6.27268],[-75.28665,6.27257]],[[-75.31273,6.2575],[-75.31277,6.2577],[-75.31294,6.25761],[-75.31273,6.2575]],[[-75.3091,6.2529],[-75.30914,6.2531],[-75.30931,6.25301],[-75.3091,6.2529]],[[-75.30801,6.24892],[-75.30805,6.24912],[-75.30822,6.24904],[-75.30801,6.24892]],[[-75.31831,6.25079],[-75.31835,6.251],[-75.31852,6.25091],[-75.31831,6.25079]],[[-75.31534,6.25469],[-75.31538,6.25489],[-75.31555,6.25481],[-75.31534,6.25469]],[[-75.31469,6.24692],[-75.31473,6.24712],[-75.3149,6.24703],[-75.31469,6.24692]],[[-75.34755,6.23671],[-75.34759,6.23691],[-75.34776,6.23683],[-75.34755,6.23671]],[[-75.37258,6.27824],[-75.37263,6.27844],[-75.3728,6.27835],[-75.37258,6.27824]],[[-75.37498,6.26033],[-75.37502,6.26053],[-75.37519,6.26045],[-75.37498,6.26033]],[[-75.28483,6.26886],[-75.28486,6.26906],[-75.28503,6.26889],[-75.28483,6.26886]],[[-75.28997,6.26153],[-75.29,6.26172],[-75.29017,6.26156],[-75.28997,6.26153]],[[-75.29225,6.27138],[-75.29228,6.27157],[-75.29245,6.27141],[-75.29225,6.27138]],[[-75.28954,6.2703],[-75.28956,6.27049],[-75.28974,6.27033],[-75.28954,6.2703]],[[-75.29633,6.27941],[-75.29636,6.27961],[-75.29653,6.27944],[-75.29633,6.27941]],[[-75.30366,6.2813],[-75.30368,6.28149],[-75.30386,6.28132],[-75.30366,6.2813]],[[-75.30356,6.28012],[-75.30359,6.28032],[-75.30376,6.28015],[-75.30356,6.28012]],[[-75.30288,6.25716],[-75.30291,6.25735],[-75.30308,6.25719],[-75.30288,6.25716]],[[-75.31285,6.27404],[-75.31288,6.27424],[-75.31306,6.27407],[-75.31285,6.27404]],[[-75.31122,6.27242],[-75.31125,6.27261],[-75.31142,6.27245],[-75.31122,6.27242]],[[-75.32139,6.25404],[-75.32142,6.25424],[-75.32159,6.25407],[-75.32139,6.25404]],[[-75.31714,6.25071],[-75.31717,6.2509],[-75.31734,6.25074],[-75.31714,6.25071]],[[-75.32167,6.2582],[-75.3217,6.2584],[-75.32187,6.25823],[-75.32167,6.2582]],[[-75.31861,6.26472],[-75.31864,6.26491],[-75.31882,6.26475],[-75.31861,6.26472]],[[-75.32829,6.22835],[-75.32831,6.22855],[-75.32849,6.22838],[-75.32829,6.22835]],[[-75.3359,6.24027],[-75.33593,6.24046],[-75.3361,6.24029],[-75.3359,6.24027]],[[-75.35725,6.25097],[-75.35728,6.25117],[-75.35745,6.251],[-75.35725,6.25097]],[[-75.36091,6.23207],[-75.36094,6.23226],[-75.36111,6.2321],[-75.36091,6.23207]],[[-75.36871,6.24715],[-75.36874,6.24734],[-75.36891,6.24718],[-75.36871,6.24715]],[[-75.37422,6.24668],[-75.37425,6.24688],[-75.37442,6.24671],[-75.37422,6.24668]],[[-75.37448,6.27697],[-75.37451,6.27716],[-75.37468,6.277],[-75.37448,6.27697]],[[-75.37658,6.28528],[-75.37661,6.28547],[-75.37678,6.28531],[-75.37658,6.28528]],[[-75.29053,6.27256],[-75.29065,6.27276],[-75.29075,6.2726],[-75.29053,6.27256]],[[-75.2975,6.27444],[-75.29761,6.27465],[-75.29771,6.27448],[-75.2975,6.27444]],[[-75.30699,6.27541],[-75.3071,6.27562],[-75.3072,6.27546],[-75.30699,6.27541]],[[-75.35208,6.24104],[-75.35219,6.24125],[-75.35229,6.24109],[-75.35208,6.24104]],[[-75.37214,6.28267],[-75.37226,6.28287],[-75.37236,6.28271],[-75.37214,6.28267]],[[-75.37411,6.272],[-75.37422,6.2722],[-75.37432,6.27204],[-75.37411,6.272]],[[-75.37666,6.28401],[-75.37678,6.28422],[-75.37688,6.28406],[-75.37666,6.28401]],[[-75.31183,6.27623],[-75.31199,6.27592],[-75.31176,6.27615],[-75.31183,6.27623]],[[-75.31845,6.24503],[-75.3186,6.24472],[-75.31837,6.24495],[-75.31845,6.24503]],[[-75.29469,6.27029],[-75.29472,6.27044],[-75.29499,6.27044],[-75.29469,6.27029]],[[-75.3131,6.26202],[-75.31313,6.26217],[-75.3134,6.26217],[-75.3131,6.26202]],[[-75.27617,6.27187],[-75.27623,6.27208],[-75.27639,6.27193],[-75.27617,6.27187]],[[-75.2834,6.27393],[-75.28346,6.27415],[-75.28362,6.27399],[-75.2834,6.27393]],[[-75.28401,6.26272],[-75.28407,6.26293],[-75.28423,6.26278],[-75.28401,6.26272]],[[-75.28619,6.2694],[-75.28625,6.26962],[-75.28641,6.26947],[-75.28619,6.2694]],[[-75.28538,6.27049],[-75.28544,6.27071],[-75.2856,6.27055],[-75.28538,6.27049]],[[-75.2938,6.27598],[-75.29386,6.2762],[-75.29402,6.27605],[-75.2938,6.27598]],[[-75.29756,6.26459],[-75.29763,6.2648],[-75.29778,6.26465],[-75.29756,6.26459]],[[-75.29867,6.27326],[-75.29873,6.27348],[-75.29889,6.27332],[-75.29867,6.27326]],[[-75.31005,6.27152],[-75.31011,6.27173],[-75.31027,6.27158],[-75.31005,6.27152]],[[-75.30597,6.26619],[-75.30603,6.26641],[-75.30619,6.26626],[-75.30597,6.26619]],[[-75.31771,6.26626],[-75.31778,6.26647],[-75.31794,6.26632],[-75.31771,6.26626]],[[-75.37527,6.26991],[-75.37534,6.27013],[-75.3755,6.26998],[-75.37527,6.26991]],[[-75.37793,6.28283],[-75.37799,6.28305],[-75.37815,6.2829],[-75.37793,6.28283]],[[-75.38509,6.29276],[-75.38515,6.29298],[-75.38531,6.29282],[-75.38509,6.29276]],[[-75.31938,6.25724],[-75.31962,6.25716],[-75.31921,6.25709],[-75.31938,6.25724]],[[-75.34894,6.23918],[-75.34886,6.23894],[-75.34879,6.23935],[-75.34894,6.23918]],[[-75.37672,6.28361],[-75.37714,6.28368],[-75.37696,6.28353],[-75.37672,6.28361]],[[-75.30842,6.27016],[-75.30849,6.27028],[-75.30881,6.2702],[-75.30842,6.27016]],[[-75.31313,6.27431],[-75.3132,6.27443],[-75.31352,6.27435],[-75.31313,6.27431]],[[-75.31875,6.24582],[-75.31882,6.24594],[-75.31915,6.24586],[-75.31875,6.24582]],[[-75.35225,6.23887],[-75.35232,6.23899],[-75.35265,6.23891],[-75.35225,6.23887]],[[-75.37225,6.25166],[-75.37232,6.25178],[-75.37264,6.2517],[-75.37225,6.25166]],[[-75.37703,6.28537],[-75.3771,6.28549],[-75.37742,6.28541],[-75.37703,6.28537]],[[-75.37792,6.24233],[-75.37799,6.24245],[-75.37831,6.24237],[-75.37792,6.24233]],[[-75.36985,6.25024],[-75.37001,6.25016],[-75.3696,6.25009],[-75.36985,6.25024]],[[-75.3549,6.23609],[-75.35498,6.23593],[-75.35483,6.23568],[-75.3549,6.23609]],[[-75.34978,6.23664],[-75.35001,6.23674],[-75.34986,6.23641],[-75.34978,6.23664]],[[-75.28356,6.26606],[-75.2836,6.26645],[-75.28369,6.26614],[-75.28356,6.26606]],[[-75.2816,6.27764],[-75.28164,6.27803],[-75.28173,6.27771],[-75.2816,6.27764]],[[-75.31787,6.25622],[-75.31791,6.25661],[-75.318,6.25629],[-75.31787,6.25622]],[[-75.32744,6.25394],[-75.32748,6.25433],[-75.32757,6.25401],[-75.32744,6.25394]],[[-75.33518,6.24108],[-75.33522,6.24147],[-75.33531,6.24115],[-75.33518,6.24108]],[[-75.36885,6.3022],[-75.36889,6.30259],[-75.36897,6.30228],[-75.36885,6.3022]],[[-75.37521,6.27895],[-75.37525,6.27934],[-75.37533,6.27903],[-75.37521,6.27895]],[[-75.37415,6.28863],[-75.37419,6.28902],[-75.37427,6.2887],[-75.37415,6.28863]],[[-75.3903,6.27937],[-75.39034,6.27976],[-75.39042,6.27944],[-75.3903,6.27937]],[[-75.29336,6.27368],[-75.29327,6.27351],[-75.29313,6.27384],[-75.29336,6.27368]],[[-75.34115,6.23298],[-75.34106,6.23281],[-75.34091,6.23313],[-75.34115,6.23298]],[[-75.3732,6.28458],[-75.37355,6.2845],[-75.37341,6.28438],[-75.3732,6.28458]],[[-75.37384,6.24706],[-75.37418,6.24698],[-75.37404,6.24686],[-75.37384,6.24706]],[[-75.37525,6.27165],[-75.37559,6.27157],[-75.37546,6.27145],[-75.37525,6.27165]],[[-75.35671,6.23392],[-75.35679,6.2336],[-75.35655,6.23382],[-75.35671,6.23392]],[[-75.28562,6.2707],[-75.28587,6.27049],[-75.28574,6.2704],[-75.28562,6.2707]],[[-75.31021,6.27444],[-75.31045,6.27423],[-75.31032,6.27414],[-75.31021,6.27444]],[[-75.31017,6.26052],[-75.31042,6.26031],[-75.31029,6.26022],[-75.31017,6.26052]],[[-75.31773,6.24621],[-75.31798,6.24601],[-75.31785,6.24591],[-75.31773,6.24621]],[[-75.32744,6.25312],[-75.32748,6.25327],[-75.32784,6.25328],[-75.32744,6.25312]],[[-75.29308,6.27779],[-75.29311,6.27804],[-75.29327,6.2781],[-75.29308,6.27779]],[[-75.3078,6.27595],[-75.30783,6.27619],[-75.30799,6.27625],[-75.3078,6.27595]],[[-75.3141,6.26681],[-75.31413,6.26705],[-75.3143,6.26711],[-75.3141,6.26681]],[[-75.38415,6.28056],[-75.38419,6.2808],[-75.38435,6.28086],[-75.38415,6.28056]],[[-75.28863,6.2697],[-75.28894,6.26954],[-75.28872,6.26949],[-75.28863,6.2697]],[[-75.36731,6.29908],[-75.36761,6.29892],[-75.3674,6.29886],[-75.36731,6.29908]],[[-75.37186,6.27845],[-75.37217,6.2783],[-75.37195,6.27824],[-75.37186,6.27845]],[[-75.38211,6.29461],[-75.38242,6.29445],[-75.3822,6.2944],[-75.38211,6.29461]],[[-75.28739,6.28025],[-75.28742,6.28051],[-75.2876,6.28036],[-75.28739,6.28025]],[[-75.3154,6.24248],[-75.31543,6.24275],[-75.31561,6.24259],[-75.3154,6.24248]],[[-75.35226,6.24312],[-75.3523,6.24338],[-75.35247,6.24323],[-75.35226,6.24312]],[[-75.29317,6.27843],[-75.29331,6.2787],[-75.29338,6.27847],[-75.29317,6.27843]],[[-75.34076,6.23329],[-75.3409,6.23357],[-75.34098,6.23334],[-75.34076,6.23329]],[[-75.30855,6.24649],[-75.30885,6.24643],[-75.30863,6.2463],[-75.30855,6.24649]],[[-75.28538,6.27852],[-75.2858,6.27848],[-75.28567,6.27835],[-75.28538,6.27852]],[[-75.38426,6.29247],[-75.38468,6.29244],[-75.38455,6.29231],[-75.38426,6.29247]],[[-75.28926,6.26976],[-75.28936,6.26995],[-75.28957,6.26979],[-75.28926,6.26976]],[[-75.30743,6.27053],[-75.30752,6.27072],[-75.30773,6.27057],[-75.30743,6.27053]],[[-75.34645,6.23238],[-75.34655,6.23257],[-75.34676,6.23241],[-75.34645,6.23238]],[[-75.37945,6.29144],[-75.3796,6.29104],[-75.37937,6.29136],[-75.37945,6.29144]],[[-75.38473,6.27136],[-75.38497,6.27095],[-75.38465,6.27128],[-75.38473,6.27136]],[[-75.37337,6.29093],[-75.37346,6.2906],[-75.37321,6.29077],[-75.37337,6.29093]],[[-75.27589,6.26888],[-75.27604,6.2691],[-75.2762,6.26896],[-75.27589,6.26888]],[[-75.28359,6.27818],[-75.28374,6.2784],[-75.2839,6.27826],[-75.28359,6.27818]],[[-75.30332,6.25309],[-75.30347,6.25331],[-75.30363,6.25317],[-75.30332,6.25309]],[[-75.31455,6.26464],[-75.3147,6.26485],[-75.31486,6.26471],[-75.31455,6.26464]],[[-75.35107,6.23562],[-75.35122,6.23584],[-75.35138,6.2357],[-75.35107,6.23562]],[[-75.30967,6.26401],[-75.30975,6.26432],[-75.30989,6.26416],[-75.30967,6.26401]],[[-75.35038,6.24792],[-75.35046,6.24822],[-75.35059,6.24807],[-75.35038,6.24792]],[[-75.37145,6.29551],[-75.37153,6.29581],[-75.37167,6.29566],[-75.37145,6.29551]],[[-75.29317,6.27016],[-75.29302,6.27008],[-75.29267,6.27024],[-75.29317,6.27016]],[[-75.36797,6.27418],[-75.36805,6.2743],[-75.36845,6.27422],[-75.36797,6.27418]],[[-75.31014,6.27025],[-75.31018,6.27074],[-75.31026,6.27033],[-75.31014,6.27025]],[[-75.38572,6.29204],[-75.38576,6.29252],[-75.38585,6.29212],[-75.38572,6.29204]],[[-75.28639,6.27591],[-75.28644,6.27621],[-75.28661,6.27608],[-75.28639,6.27591]],[[-75.28638,6.27392],[-75.28643,6.27423],[-75.2866,6.27409],[-75.28638,6.27392]],[[-75.30678,6.26619],[-75.30683,6.26649],[-75.307,6.26636],[-75.30678,6.26619]],[[-75.36795,6.23115],[-75.36812,6.23136],[-75.36826,6.2312],[-75.36795,6.23115]],[[-75.37957,6.2549],[-75.37974,6.25511],[-75.37988,6.25495],[-75.37957,6.2549]],[[-75.29561,6.27833],[-75.29564,6.27848],[-75.296,6.27837],[-75.29561,6.27833]],[[-75.30863,6.24566],[-75.30867,6.24582],[-75.30902,6.2457],[-75.30863,6.24566]],[[-75.37221,6.30224],[-75.37213,6.30207],[-75.37198,6.30249],[-75.37221,6.30224]],[[-75.31464,6.24686],[-75.31472,6.24662],[-75.31453,6.24669],[-75.31464,6.24686]],[[-75.31581,6.24206],[-75.31588,6.24165],[-75.31569,6.24199],[-75.31581,6.24206]],[[-75.31974,6.26429],[-75.31982,6.26387],[-75.31958,6.26419],[-75.31974,6.26429]],[[-75.28718,6.26886],[-75.28725,6.26907],[-75.2875,6.26895],[-75.28718,6.26886]],[[-75.29702,6.26549],[-75.29709,6.26571],[-75.29734,6.26559],[-75.29702,6.26549]],[[-75.30998,6.24376],[-75.31005,6.24398],[-75.3103,6.24386],[-75.30998,6.24376]],[[-75.37848,6.24321],[-75.3784,6.24313],[-75.37807,6.24343],[-75.37848,6.24321]],[[-75.36963,6.28982],[-75.36967,6.29014],[-75.36981,6.29021],[-75.36963,6.28982]],[[-75.37676,6.28799],[-75.3768,6.28832],[-75.37694,6.28839],[-75.37676,6.28799]],[[-75.28747524070897,6.27484833619211],[-75.28748,6.27442],[-75.28671,6.27473],[-75.28747524070897,6.27484833619211]],[[-75.28729,6.27492],[-75.28746,6.27622],[-75.28768,6.27488],[-75.28729,6.27492]],[[-75.2973,6.26929],[-75.29735,6.26959],[-75.29752,6.26934],[-75.2973,6.26929]],[[-75.30529,6.24649],[-75.30533,6.24679],[-75.30551,6.24653],[-75.30529,6.24649]],[[-75.30598,6.269],[-75.30602,6.2693],[-75.30619,6.26904],[-75.30598,6.269]],[[-75.30883,6.25461],[-75.30822053638781,6.25519998304012],[-75.31021,6.25645],[-75.30883,6.25461]],[[-75.30915,6.25394],[-75.30805,6.25322],[-75.30724,6.25304],[-75.30749,6.25454],[-75.30563,6.25589],[-75.30883,6.25461],[-75.30915,6.25394]],[[-75.30795,6.25503],[-75.30783001988549,6.255578017279799],[-75.30822053638781,6.25519998304012],[-75.30795,6.25503]],[[-75.30664,6.25673],[-75.30793,6.25732],[-75.30942,6.25624],[-75.30664,6.25673]],[[-75.31902,6.24618],[-75.31907,6.24648],[-75.31924,6.24623],[-75.31902,6.24618]],[[-75.37427,6.30183],[-75.37431,6.30213],[-75.37448,6.30188],[-75.37427,6.30183]],[[-75.38813,6.27027],[-75.3883,6.26994],[-75.38819,6.26988],[-75.38813,6.27027]],[[-75.30489,6.27017],[-75.30499,6.27048],[-75.30512,6.27024],[-75.30489,6.27017]],[[-75.31723,6.25161],[-75.31732,6.25192],[-75.31745,6.25168],[-75.31723,6.25161]],[[-75.37065,6.29922],[-75.37074,6.29952],[-75.37087,6.29928],[-75.37065,6.29922]],[[-75.27672,6.27602],[-75.27677,6.27624],[-75.27702,6.27607],[-75.27672,6.27602]],[[-75.28603,6.27853],[-75.28608,6.27875],[-75.28634,6.27858],[-75.28603,6.27853]],[[-75.35516,6.24646],[-75.35521,6.24667],[-75.35547,6.2465],[-75.35516,6.24646]],[[-75.37019,6.29443],[-75.37023,6.29464],[-75.37049,6.29447],[-75.37019,6.29443]],[[-75.28418,6.27761],[-75.2844,6.27781],[-75.28453,6.2777],[-75.28418,6.27761]],[[-75.31473,6.26395],[-75.31495,6.26367],[-75.31482,6.26355],[-75.31473,6.26395]],[[-75.37431,6.28153],[-75.37453,6.28124],[-75.3744,6.28113],[-75.37431,6.28153]],[[-75.38096,6.29073],[-75.3806,6.29075],[-75.38079,6.29085],[-75.38096,6.29073]],[[-75.28828,6.2772],[-75.2886,6.27703],[-75.28847,6.2769],[-75.28828,6.2772]],[[-75.30689,6.27517],[-75.30721,6.275],[-75.30707,6.27487],[-75.30689,6.27517]],[[-75.37473,6.26977],[-75.37505,6.26959],[-75.37491,6.26946],[-75.37473,6.26977]],[[-75.31573,6.26951],[-75.31587,6.26976],[-75.31604,6.26959],[-75.31573,6.26951]],[[-75.3855,6.27531],[-75.38559,6.27549],[-75.38588,6.27535],[-75.3855,6.27531]],[[-75.37159,6.27697],[-75.37172,6.27731],[-75.37181,6.27703],[-75.37159,6.27697]],[[-75.34423,6.23341],[-75.34438,6.23298],[-75.34423,6.23305],[-75.34423,6.23341]],[[-75.39131,6.26946],[-75.39138,6.26886],[-75.39123,6.26905],[-75.39131,6.26946]],[[-75.31805,6.24351],[-75.31779,6.24355],[-75.31812,6.24369],[-75.31805,6.24351]],[[-75.37079,6.27168],[-75.37053,6.27172],[-75.37086,6.27185],[-75.37079,6.27168]],[[-75.29315,6.2711],[-75.29319,6.2714],[-75.29337,6.27147],[-75.29315,6.2711]],[[-75.30553,6.27216],[-75.30557,6.27245],[-75.30575,6.27253],[-75.30553,6.27216]],[[-75.31784,6.24166],[-75.31788,6.24196],[-75.31805,6.24203],[-75.31784,6.24166]],[[-75.2877,6.2612],[-75.2881,6.26103],[-75.2878,6.26099],[-75.2877,6.2612]],[[-75.37322,6.28116],[-75.37362,6.28099],[-75.37331,6.28095],[-75.37322,6.28116]],[[-75.28473,6.27846],[-75.28506,6.27866],[-75.2849,6.27832],[-75.28473,6.27846]],[[-75.37172,6.29596],[-75.37177,6.29653],[-75.37185,6.29605],[-75.37172,6.29596]],[[-75.37427,6.30011],[-75.37431,6.30068],[-75.37439,6.3002],[-75.37427,6.30011]],[[-75.38659,6.2801],[-75.38664,6.28067],[-75.38672,6.28019],[-75.38659,6.2801]],[[-75.31853,6.24666],[-75.31861,6.24634],[-75.31819,6.24667],[-75.31853,6.24666]],[[-75.30481,6.27108],[-75.30488,6.27136],[-75.30512,6.27129],[-75.30481,6.27108]],[[-75.31482,6.26536],[-75.31489,6.26564],[-75.31513,6.26557],[-75.31482,6.26536]],[[-75.34131,6.23492],[-75.34138,6.2352],[-75.34162,6.23513],[-75.34131,6.23492]],[[-75.29507,6.27005],[-75.29517,6.26988],[-75.29488,6.26998],[-75.29507,6.27005]],[[-75.30424,6.25013],[-75.30434,6.24997],[-75.30405,6.25007],[-75.30424,6.25013]],[[-75.31073,6.24298],[-75.31082,6.24281],[-75.31054,6.24291],[-75.31073,6.24298]],[[-75.30936,6.27471],[-75.30945,6.27454],[-75.30917,6.27465],[-75.30936,6.27471]],[[-75.31448,6.2634],[-75.31458,6.26323],[-75.31429,6.26334],[-75.31448,6.2634]],[[-75.28692,6.27419],[-75.28713,6.27441],[-75.28733,6.27427],[-75.28692,6.27419]],[[-75.30197,6.25599],[-75.30217,6.2562],[-75.30238,6.25606],[-75.30197,6.25599]],[[-75.37965,6.24802],[-75.37985,6.24824],[-75.38005,6.2481],[-75.37965,6.24802]],[[-75.31492,6.26897],[-75.315,6.26937],[-75.31515,6.26918],[-75.31492,6.26897]],[[-75.38119,6.28717],[-75.38127,6.28756],[-75.38141,6.28737],[-75.38119,6.28717]],[[-75.3148,6.25587],[-75.31483,6.2562],[-75.31501,6.2562],[-75.3148,6.25587]],[[-75.33001,6.23097],[-75.33004,6.23131],[-75.33021,6.23145],[-75.33001,6.23097]],[[-75.38001,6.28536],[-75.38005,6.28578],[-75.38018,6.28585],[-75.38001,6.28536]],[[-75.30443,6.24887],[-75.30451,6.24863],[-75.30429,6.24878],[-75.30443,6.24887]],[[-75.31771,6.24658],[-75.31779,6.24634],[-75.31756,6.24649],[-75.31771,6.24658]],[[-75.38738,6.29071],[-75.38746,6.29047],[-75.38724,6.29062],[-75.38738,6.29071]],[[-75.38655,6.28429],[-75.38663,6.28405],[-75.38641,6.2842],[-75.38655,6.28429]],[[-75.38074,6.25182],[-75.38084,6.25198],[-75.38123,6.25186],[-75.38074,6.25182]],[[-75.30881,6.24349],[-75.30901,6.24379],[-75.30912,6.24357],[-75.30881,6.24349]],[[-75.31545,6.26264],[-75.31565,6.26294],[-75.31576,6.26272],[-75.31545,6.26264]],[[-75.37689,6.26394],[-75.37709,6.26424],[-75.37719,6.26402],[-75.37689,6.26394]],[[-75.37506,6.24573],[-75.37471,6.24574],[-75.37511,6.24588],[-75.37506,6.24573]],[[-75.37588,6.25855],[-75.37609,6.25837],[-75.37567,6.25848],[-75.37588,6.25855]],[[-75.3766,6.29371],[-75.3768,6.29354],[-75.37639,6.29364],[-75.3766,6.29371]],[[-75.37618,6.28477],[-75.37633,6.28417],[-75.3761,6.28453],[-75.37618,6.28477]],[[-75.30627,6.25627],[-75.30671,6.2561],[-75.30658,6.25598],[-75.30627,6.25627]],[[-75.29097,6.26722],[-75.29102,6.26743],[-75.29136,6.26726],[-75.29097,6.26722]],[[-75.28446,6.27848],[-75.28462,6.27835],[-75.28411,6.27823],[-75.28446,6.27848]],[[-75.36904,6.24987],[-75.36956,6.24998],[-75.3692,6.24973],[-75.36904,6.24987]],[[-75.37166,6.29455],[-75.37176,6.29424],[-75.37163,6.29415],[-75.37166,6.29455]],[[-75.34882,6.24416],[-75.34915,6.24392],[-75.34892,6.24385],[-75.34882,6.24416]],[[-75.39019,6.28274],[-75.39033,6.2825],[-75.39004,6.28257],[-75.39019,6.28274]],[[-75.3881,6.26142],[-75.3883,6.26102],[-75.38817,6.26093],[-75.3881,6.26142]],[[-75.37578,6.29116],[-75.37581,6.29134],[-75.37617,6.29119],[-75.37578,6.29116]],[[-75.37069,6.27806],[-75.3708,6.27846],[-75.37091,6.27813],[-75.37069,6.27806]],[[-75.31152,6.24611],[-75.31157,6.24638],[-75.31183,6.2462],[-75.31152,6.24611]],[[-75.31399,6.2484],[-75.31418,6.24807],[-75.31375,6.24829],[-75.31399,6.2484]],[[-75.28236,6.27708],[-75.28214,6.27697],[-75.28185,6.27713],[-75.28236,6.27708]],[[-75.38241,6.29597],[-75.3826,6.29545],[-75.38226,6.29581],[-75.38241,6.29597]],[[-75.33492,6.24065],[-75.33485,6.24041],[-75.33461,6.24083],[-75.33492,6.24065]],[[-75.28936,6.27639],[-75.28977,6.27616],[-75.28955,6.27609],[-75.28936,6.27639]],[[-75.2952,6.263],[-75.29562,6.26276],[-75.29539,6.26269],[-75.2952,6.263]],[[-75.37642,6.25979],[-75.37645,6.26007],[-75.37671,6.25981],[-75.37642,6.25979]],[[-75.28206,6.27642],[-75.28217,6.2759],[-75.28192,6.27621],[-75.28206,6.27642]],[[-75.30252,6.26087],[-75.30257,6.26107],[-75.3028,6.26117],[-75.30252,6.26087]],[[-75.31135,6.24973],[-75.31139,6.25002],[-75.31166,6.24988],[-75.31135,6.24973]],[[-75.28861,6.2609],[-75.28865,6.26131],[-75.2888,6.26148],[-75.28861,6.2609]],[[-75.29495,6.27711],[-75.29518,6.27678],[-75.29476,6.27696],[-75.29495,6.27711]],[[-75.31215,6.27229],[-75.31252,6.27218],[-75.31222,6.27214],[-75.31215,6.27229]],[[-75.33359,6.24873],[-75.33397,6.24863],[-75.33366,6.24859],[-75.33359,6.24873]],[[-75.36986,6.30735],[-75.36998,6.30784],[-75.37007,6.3075],[-75.36986,6.30735]],[[-75.38907,6.27036],[-75.38941,6.27022],[-75.38919,6.27006],[-75.38907,6.27036]],[[-75.28345,6.26939],[-75.28351,6.26918],[-75.28323,6.26928],[-75.28345,6.26939]],[[-75.31511,6.25816],[-75.3152,6.25785],[-75.31507,6.25776],[-75.31511,6.25816]],[[-75.38338,6.29593],[-75.38356,6.29624],[-75.38369,6.29599],[-75.38338,6.29593]],[[-75.27625,6.26943],[-75.27637,6.26963],[-75.27665,6.26973],[-75.27625,6.26943]],[[-75.38713,6.26492],[-75.38681,6.26493],[-75.38704,6.26509],[-75.38713,6.26492]],[[-75.31639,6.27244],[-75.3165,6.27222],[-75.31622,6.27237],[-75.31639,6.27244]],[[-75.32006,6.25625],[-75.32017,6.25603],[-75.31989,6.25617],[-75.32006,6.25625]],[[-75.31122,6.24671],[-75.31122,6.24616],[-75.31104,6.24685],[-75.31122,6.24671]],[[-75.3169,6.2473],[-75.31698,6.24697],[-75.31676,6.2471],[-75.3169,6.2473]],[[-75.31841,6.25459],[-75.3185,6.2549],[-75.31872,6.25464],[-75.31841,6.25459]],[[-75.29679,6.28249],[-75.29705,6.28279],[-75.2972,6.28261],[-75.29679,6.28249]],[[-75.29307,6.27187],[-75.29329,6.27174],[-75.29286,6.27153],[-75.29307,6.27187]],[[-75.30388,6.26785],[-75.30411,6.26768],[-75.3036,6.26778],[-75.30388,6.26785]],[[-75.31341,6.26175],[-75.31366,6.2615],[-75.31327,6.2616],[-75.31341,6.26175]],[[-75.35189,6.24768],[-75.35222,6.24757],[-75.352,6.24737],[-75.35189,6.24768]],[[-75.29849,6.27737],[-75.29863,6.27698],[-75.2985,6.27688],[-75.29849,6.27737]],[[-75.37354,6.24635],[-75.37367,6.24583],[-75.37338,6.24625],[-75.37354,6.24635]],[[-75.34169,6.24079],[-75.34174,6.24111],[-75.342,6.24085],[-75.34169,6.24079]],[[-75.3527,6.23634],[-75.35275,6.23665],[-75.35301,6.23639],[-75.3527,6.23634]],[[-75.37471,6.25988],[-75.37477,6.26019],[-75.37502,6.25994],[-75.37471,6.25988]],[[-75.2872,6.27938],[-75.28733,6.27905],[-75.28709,6.27924],[-75.2872,6.27938]],[[-75.30393,6.28193],[-75.30399,6.28224],[-75.30425,6.28197],[-75.30393,6.28193]],[[-75.3406,6.24125],[-75.34064,6.24164],[-75.34091,6.24173],[-75.3406,6.24125]],[[-75.36985,6.29157],[-75.36958,6.29168],[-75.36978,6.29179],[-75.36985,6.29157]],[[-75.38934,6.27885],[-75.38942,6.27862],[-75.3892,6.27825],[-75.38934,6.27885]],[[-75.37561,6.29658],[-75.37564,6.29702],[-75.37582,6.29692],[-75.37561,6.29658]],[[-75.30911506044048,6.26307302036761],[-75.30918767779839,6.263076776437847],[-75.3091,6.26298],[-75.30911506044048,6.26307302036761]],[[-75.30809,6.26302],[-75.30693,6.26101],[-75.30695,6.26185],[-75.30776,6.26559],[-75.30865,6.26613],[-75.30911506044048,6.26307302036761],[-75.30809,6.26302]],[[-75.31016,6.26415],[-75.31099,6.26317],[-75.30918767779839,6.263076776437847],[-75.31016,6.26415]],[[-75.38112,6.25977],[-75.38116,6.26025],[-75.38133,6.25988],[-75.38112,6.25977]],[[-75.37442,6.288],[-75.37455,6.28854],[-75.37463,6.28815],[-75.37442,6.288]],[[-75.31188,6.24548],[-75.31195,6.24561],[-75.31228,6.24551],[-75.31188,6.24548]],[[-75.36838,6.29515],[-75.36845,6.29528],[-75.36877,6.29519],[-75.36838,6.29515]],[[-75.28115,6.27647],[-75.28142,6.27628],[-75.28115,6.27629],[-75.28115,6.27647]],[[-75.29786,6.27598],[-75.29786,6.27579],[-75.29759,6.27598],[-75.29786,6.27598]],[[-75.30406,6.25924],[-75.30406,6.25906],[-75.30379,6.25924],[-75.30406,6.25924]],[[-75.30445,6.27216],[-75.30445,6.27198],[-75.30418,6.27216],[-75.30445,6.27216]],[[-75.31707,6.26174],[-75.31707,6.26156],[-75.3168,6.26174],[-75.31707,6.26174]],[[-75.37248,6.27191],[-75.37248,6.27173],[-75.37221,6.27191],[-75.37248,6.27191]],[[-75.36856,6.2724],[-75.36899,6.27215],[-75.36868,6.2721],[-75.36856,6.2724]],[[-75.30912,6.25078],[-75.30897,6.2507],[-75.30852,6.25129],[-75.30912,6.25078]],[[-75.3758,6.26503],[-75.37596,6.26531],[-75.37621,6.2651],[-75.3758,6.26503]],[[-75.30476,6.25056],[-75.30493,6.25077],[-75.30525,6.2506],[-75.30476,6.25056]],[[-75.34705,6.236],[-75.34739,6.23581],[-75.34718,6.23563],[-75.34705,6.236]],[[-75.31161,6.24502],[-75.31169,6.24532],[-75.31201,6.24524],[-75.31161,6.24502]],[[-75.37793,6.28437],[-75.37801,6.28466],[-75.37833,6.28459],[-75.37793,6.28437]],[[-75.30305,6.25264],[-75.30321,6.25293],[-75.30345,6.25274],[-75.30305,6.25264]],[[-75.27925,6.27783],[-75.27928,6.27816],[-75.27946,6.27793],[-75.27925,6.27783]],[[-75.30804,6.24989],[-75.30789,6.24959],[-75.30776,6.24969],[-75.30804,6.24989]],[[-75.39257,6.26575],[-75.39274,6.26527],[-75.39261,6.26517],[-75.39257,6.26575]],[[-75.31655,6.2578],[-75.3168,6.25729],[-75.31656,6.25744],[-75.31655,6.2578]],[[-75.38565,6.26528],[-75.38569,6.26562],[-75.38596,6.26536],[-75.38565,6.26528]],[[-75.32387,6.25267],[-75.32359,6.25255],[-75.32334,6.25288],[-75.32387,6.25267]],[[-75.28107,6.27008],[-75.28116,6.2699],[-75.28079,6.27001],[-75.28107,6.27008]],[[-75.38216,6.26685],[-75.38225,6.26668],[-75.38188,6.26679],[-75.38216,6.26685]],[[-75.38312,6.29225],[-75.38294,6.29247],[-75.38307,6.2926],[-75.38312,6.29225]],[[-75.38717,6.27259],[-75.38751,6.27237],[-75.3873,6.27232],[-75.38717,6.27259]],[[-75.27595,6.27353],[-75.27612,6.27339],[-75.27586,6.27283],[-75.27595,6.27353]],[[-75.28768,6.27019],[-75.28732,6.27017],[-75.28752,6.27033],[-75.28768,6.27019]],[[-75.29605,6.2649],[-75.29627,6.26436],[-75.29612,6.26432],[-75.29605,6.2649]],[[-75.31131,6.26907],[-75.31152,6.26947],[-75.31162,6.26915],[-75.31131,6.26907]],[[-75.28347,6.26456],[-75.28366,6.2643],[-75.28347,6.26417],[-75.28347,6.26456]],[[-75.37132,6.27887],[-75.37136,6.27904],[-75.37198,6.27891],[-75.37132,6.27887]],[[-75.34183,6.24861],[-75.34192,6.24822],[-75.34179,6.24812],[-75.34183,6.24861]],[[-75.28412,6.27176],[-75.28442,6.27207],[-75.28461,6.27192],[-75.28412,6.27176]],[[-75.38801,6.26748],[-75.38822,6.26717],[-75.3881,6.26708],[-75.38801,6.26748]],[[-75.37463,6.24689],[-75.37489,6.24657],[-75.37457,6.24665],[-75.37463,6.24689]],[[-75.35007,6.23499],[-75.35024,6.23528],[-75.35047,6.23506],[-75.35007,6.23499]],[[-75.35215,6.23981],[-75.35246,6.23955],[-75.35198,6.23973],[-75.35215,6.23981]],[[-75.29394,6.27095],[-75.29408,6.27069],[-75.29377,6.27087],[-75.29394,6.27095]],[[-75.31824,6.26873],[-75.31838,6.26847],[-75.31806,6.26864],[-75.31824,6.26873]],[[-75.31707,6.26201],[-75.31711,6.26247],[-75.31729,6.26257],[-75.31707,6.26201]],[[-75.29516,6.26363],[-75.29524,6.26339],[-75.29484,6.26356],[-75.29516,6.26363]],[[-75.29624,6.27779],[-75.29638,6.27839],[-75.29646,6.27798],[-75.29624,6.27779]],[[-75.2897,6.26388],[-75.28975,6.26418],[-75.2901,6.2641],[-75.2897,6.26388]],[[-75.31876,6.25025],[-75.31881,6.25055],[-75.31916,6.25047],[-75.31876,6.25025]],[[-75.35569,6.23393],[-75.35553,6.23417],[-75.35579,6.23412],[-75.35569,6.23393]],[[-75.31277,6.25735],[-75.31303,6.2572],[-75.31266,6.25718],[-75.31277,6.25735]],[[-75.39053,6.2649],[-75.39075,6.2653],[-75.39084,6.26495],[-75.39053,6.2649]],[[-75.37037,6.27783],[-75.37045,6.27734],[-75.37027,6.27747],[-75.37037,6.27783]],[[-75.38056,6.28807],[-75.38066,6.28838],[-75.38096,6.28819],[-75.38056,6.28807]],[[-75.30287,6.25327],[-75.30297,6.25363],[-75.30327,6.25358],[-75.30287,6.25327]],[[-75.28922,6.26925],[-75.2893,6.26883],[-75.28896,6.2691],[-75.28922,6.26925]],[[-75.34945,6.23743],[-75.34966,6.23728],[-75.34932,6.23686],[-75.34945,6.23743]],[[-75.37306,6.28719],[-75.37312,6.28752],[-75.37327,6.28724],[-75.37306,6.28719]],[[-75.31113,6.26758],[-75.31143,6.2671],[-75.3113,6.26699],[-75.31113,6.26758]],[[-75.3057,6.2535],[-75.30607,6.25332],[-75.30585,6.25327],[-75.3057,6.2535]],[[-75.3066,6.25199],[-75.30697,6.25177],[-75.30666,6.25173],[-75.3066,6.25199]],[[-75.31187,6.27202],[-75.31234,6.27191],[-75.31195,6.27187],[-75.31187,6.27202]],[[-75.37253,6.29342],[-75.37261,6.29382],[-75.37285,6.29352],[-75.37253,6.29342]],[[-75.30352,6.26431],[-75.30392,6.26416],[-75.30362,6.26412],[-75.30352,6.26431]],[[-75.29038,6.27843],[-75.28995,6.27822],[-75.29022,6.27851],[-75.29038,6.27843]],[[-75.37504,6.26915],[-75.3747,6.26918],[-75.37508,6.26941],[-75.37504,6.26915]],[[-75.36931,6.30015],[-75.36922,6.29998],[-75.36886,6.30009],[-75.36931,6.30015]],[[-75.29739,6.26567],[-75.29752,6.26599],[-75.2977,6.26576],[-75.29739,6.26567]],[[-75.28922,6.27287],[-75.2888,6.27285],[-75.28909,6.27305],[-75.28922,6.27287]],[[-75.32109,6.25987],[-75.32125,6.2589],[-75.32101,6.25928],[-75.32109,6.25987]],[[-75.29265,6.27258],[-75.29273,6.27232],[-75.29241,6.27251],[-75.29265,6.27258]],[[-75.29528,6.27556],[-75.29536,6.2753],[-75.29504,6.27548],[-75.29528,6.27556]],[[-75.36823,6.3035],[-75.36816,6.30333],[-75.36765,6.30343],[-75.36823,6.3035]],[[-75.38146,6.25046],[-75.38166,6.25049],[-75.38116,6.24981],[-75.38146,6.25046]],[[-75.31453,6.2397],[-75.31417,6.23974],[-75.31441,6.2399],[-75.31453,6.2397]],[[-75.3029,6.2802],[-75.30323,6.28035],[-75.30298,6.27991],[-75.3029,6.2802]],[[-75.32246,6.24459],[-75.32258,6.2441],[-75.32245,6.244],[-75.32246,6.24459]],[[-75.28608,6.26036],[-75.28612,6.26063],[-75.28638,6.26085],[-75.28608,6.26036]],[[-75.31706,6.27092],[-75.31747,6.27099],[-75.31714,6.27066],[-75.31706,6.27092]],[[-75.37381,6.28777],[-75.37355,6.28787],[-75.37399,6.28802],[-75.37381,6.28777]],[[-75.30486,6.2684],[-75.30501,6.26814],[-75.30451,6.26832],[-75.30486,6.2684]],[[-75.32029,6.26089],[-75.32072,6.26061],[-75.3205,6.26055],[-75.32029,6.26089]],[[-75.34953,6.24289],[-75.34976,6.24247],[-75.34925,6.24281],[-75.34953,6.24289]],[[-75.30508,6.2727],[-75.30521,6.27303],[-75.30539,6.27276],[-75.30508,6.2727]],[[-75.30539,6.2735],[-75.30557,6.27331],[-75.30512,6.27339],[-75.30539,6.2735]],[[-75.31721,6.26802],[-75.31695,6.26815],[-75.3173,6.26828],[-75.31721,6.26802]],[[-75.36834,6.26762],[-75.36808,6.26775],[-75.36843,6.26788],[-75.36834,6.26762]],[[-75.38379,6.29425],[-75.38423,6.29386],[-75.3841,6.29376],[-75.38379,6.29425]],[[-75.37153,6.29099],[-75.37157,6.29128],[-75.37183,6.29138],[-75.37153,6.29099]],[[-75.29118,6.27825],[-75.29118,6.27807],[-75.29082,6.27825],[-75.29118,6.27825]],[[-75.37118,6.29289],[-75.37154,6.2927],[-75.37117,6.2927],[-75.37118,6.29289]],[[-75.38282,6.28834],[-75.38285,6.28876],[-75.38303,6.28844],[-75.38282,6.28834]],[[-75.36896,6.25142],[-75.36957,6.25065],[-75.36888,6.25134],[-75.36896,6.25142]],[[-75.38,6.28211],[-75.38004,6.28243],[-75.38031,6.28218],[-75.38,6.28211]],[[-75.31097,6.24195],[-75.311,6.24229],[-75.31118,6.24198],[-75.31097,6.24195]],[[-75.37297,6.28664],[-75.37299,6.28698],[-75.37317,6.28667],[-75.37297,6.28664]],[[-75.38695,6.27775],[-75.38697,6.27809],[-75.38715,6.27778],[-75.38695,6.27775]],[[-75.37248,6.30261],[-75.37213,6.30243],[-75.37216,6.30274],[-75.37248,6.30261]],[[-75.316,6.26888],[-75.31616,6.26911],[-75.31658,6.26915],[-75.316,6.26888]],[[-75.37854,6.26172],[-75.37864,6.26133],[-75.37838,6.26156],[-75.37854,6.26172]],[[-75.3715,6.30341],[-75.3716,6.30302],[-75.37134,6.30325],[-75.3715,6.30341]],[[-75.31575,6.26457],[-75.31548,6.2647],[-75.3157,6.26492],[-75.31575,6.26457]],[[-75.31053,6.24958],[-75.31075,6.2494],[-75.31015,6.24951],[-75.31053,6.24958]],[[-75.38197,6.25087],[-75.38168,6.25065],[-75.38161,6.25121],[-75.38197,6.25087]],[[-75.28482,6.26293],[-75.28494,6.26258],[-75.28464,6.26274],[-75.28482,6.26293]],[[-75.38507,6.27634],[-75.38517,6.27617],[-75.38457,6.27627],[-75.38507,6.27634]],[[-75.38603,6.27151],[-75.3861,6.27173],[-75.3867,6.27164],[-75.38603,6.27151]],[[-75.3072,6.26912],[-75.30773,6.26876],[-75.30724,6.26872],[-75.3072,6.26912]],[[-75.2892,6.26455],[-75.28956,6.26388],[-75.2892,6.26398],[-75.2892,6.26455]],[[-75.31393,6.27241],[-75.31401,6.27269],[-75.31424,6.27249],[-75.31393,6.27241]],[[-75.38359,6.29374],[-75.38326,6.29395],[-75.38316,6.29432],[-75.38359,6.29374]],[[-75.34884,6.23819],[-75.34903,6.23784],[-75.34869,6.23806],[-75.34884,6.23819]],[[-75.31325,6.24493],[-75.31282,6.24472],[-75.31306,6.24502],[-75.31325,6.24493]],[[-75.29561,6.27095],[-75.29545,6.2707],[-75.29515,6.27083],[-75.29561,6.27095]],[[-75.32091,6.25905],[-75.3211,6.25862],[-75.32056,6.25897],[-75.32091,6.25905]],[[-75.32112,6.24429],[-75.32078,6.24437],[-75.32117,6.2445],[-75.32112,6.24429]],[[-75.29813,6.27317],[-75.29831,6.27348],[-75.29862,6.27324],[-75.29813,6.27317]],[[-75.37654,6.25719],[-75.37707,6.25675],[-75.37654,6.25688],[-75.37654,6.25719]],[[-75.31682,6.2687],[-75.31689,6.26899],[-75.31731,6.26874],[-75.31682,6.2687]],[[-75.38401,6.29348],[-75.38413,6.2932],[-75.38365,6.29335],[-75.38401,6.29348]],[[-75.30568,6.25815],[-75.30574,6.25847],[-75.30599,6.25839],[-75.30568,6.25815]],[[-75.37607,6.2644],[-75.3761,6.26455],[-75.37664,6.26456],[-75.37607,6.2644]],[[-75.31176,6.24424],[-75.31217,6.2446],[-75.31203,6.24424],[-75.31176,6.24424]],[[-75.29366,6.2715],[-75.29388,6.27112],[-75.29369,6.27101],[-75.29366,6.2715]],[[-75.2855,6.26362],[-75.28531,6.26401],[-75.28562,6.26385],[-75.2855,6.26362]],[[-75.31119,6.25058],[-75.31148,6.25023],[-75.31108,6.25046],[-75.31119,6.25058]],[[-75.31221,6.2588],[-75.31249,6.25846],[-75.31209,6.25869],[-75.31221,6.2588]],[[-75.37076,6.30567],[-75.37043,6.30569],[-75.37088,6.30607],[-75.37076,6.30567]],[[-75.37938,6.24884],[-75.37947,6.24895],[-75.38078,6.24888],[-75.37938,6.24884]],[[-75.28746,6.27329],[-75.28762,6.27348],[-75.28796,6.27337],[-75.28746,6.27329]],[[-75.30089,6.2578],[-75.30092,6.25822],[-75.3011,6.2579],[-75.30089,6.2578]],[[-75.38728,6.265],[-75.38734,6.26531],[-75.38777,6.26509],[-75.38728,6.265]],[[-75.39196,6.27755],[-75.3924,6.27751],[-75.39207,6.27707],[-75.39196,6.27755]],[[-75.31107,6.24512],[-75.31119,6.24528],[-75.31159,6.24543],[-75.31107,6.24512]],[[-75.30265,6.27804],[-75.30288,6.2786],[-75.30297,6.27813],[-75.30265,6.27804]],[[-75.31131,6.26848],[-75.31143,6.26808],[-75.31112,6.26827],[-75.31131,6.26848]],[[-75.30773,6.27454],[-75.30804,6.274],[-75.30764,6.27434],[-75.30773,6.27454]],[[-75.35683,6.24758],[-75.3571,6.24739],[-75.35671,6.24736],[-75.35683,6.24758]],[[-75.35444,6.24546],[-75.35449,6.24568],[-75.35487,6.24577],[-75.35444,6.24546]],[[-75.32862,6.25388],[-75.32883,6.25365],[-75.32824,6.25371],[-75.32862,6.25388]],[[-75.38141,6.29402],[-75.38118,6.29419],[-75.38148,6.29434],[-75.38141,6.29402]],[[-75.31402,6.25891],[-75.31365,6.25898],[-75.31406,6.25919],[-75.31402,6.25891]],[[-75.30663,6.25032],[-75.30696,6.25],[-75.30665,6.24992],[-75.30663,6.25032]],[[-75.32069,6.25074],[-75.32033,6.25067],[-75.32045,6.25091],[-75.32069,6.25074]],[[-75.38045,6.28156],[-75.38051,6.2819],[-75.38076,6.28174],[-75.38045,6.28156]],[[-75.29414,6.27463],[-75.29432,6.2743],[-75.29385,6.27447],[-75.29414,6.27463]],[[-75.31984,6.25201],[-75.32016,6.25178],[-75.31963,6.25188],[-75.31984,6.25201]],[[-75.31158,6.24145],[-75.31137,6.24155],[-75.31168,6.2419],[-75.31158,6.24145]],[[-75.30505,6.24764],[-75.30483,6.24753],[-75.30463,6.24833],[-75.30505,6.24764]],[[-75.35405,6.23465],[-75.35461,6.2351],[-75.35419,6.23446],[-75.35405,6.23465]],[[-75.37034,6.24678],[-75.37037,6.24702],[-75.37073,6.24682],[-75.37034,6.24678]],[[-75.30757,6.27894],[-75.30731,6.27871],[-75.30705,6.27901],[-75.30757,6.27894]],[[-75.30609,6.2561],[-75.30652,6.25575],[-75.30622,6.25571],[-75.30609,6.2561]],[[-75.31472,6.24465],[-75.31427,6.24471],[-75.3146,6.24488],[-75.31472,6.24465]],[[-75.33429,6.24138],[-75.33441,6.24099],[-75.33401,6.24144],[-75.33429,6.24138]],[[-75.31754,6.24275],[-75.31815,6.24253],[-75.31784,6.24248],[-75.31754,6.24275]],[[-75.36956,6.29922],[-75.36956,6.29877],[-75.36938,6.29922],[-75.36956,6.29922]],[[-75.38731,6.2782],[-75.38749,6.27775],[-75.38731,6.27775],[-75.38731,6.2782]],[[-75.31892,6.25101],[-75.31951,6.25065],[-75.31884,6.25085],[-75.31892,6.25101]],[[-75.31493,6.24342],[-75.31542,6.24369],[-75.31518,6.24322],[-75.31493,6.24342]],[[-75.37088,6.28168],[-75.37097,6.28216],[-75.37128,6.2822],[-75.37088,6.28168]],[[-75.31222,6.2726],[-75.31226,6.27297],[-75.31261,6.27298],[-75.31222,6.2726]],[[-75.27924,6.27651],[-75.27947,6.27615],[-75.27913,6.27623],[-75.27924,6.27651]],[[-75.30432,6.28034],[-75.3048,6.27998],[-75.30432,6.28007],[-75.30432,6.28034]],[[-75.36959,6.29519],[-75.36909,6.29526],[-75.36964,6.2954],[-75.36959,6.29519]],[[-75.31554,6.24022],[-75.31576,6.24049],[-75.31579,6.24],[-75.31554,6.24022]],[[-75.38495,6.29696],[-75.38523,6.29671],[-75.38472,6.29684],[-75.38495,6.29696]],[[-75.37861,6.23787],[-75.37911,6.23794],[-75.37866,6.23743],[-75.37861,6.23787]],[[-75.30935,6.25058],[-75.30976,6.25018],[-75.3093,6.25035],[-75.30935,6.25058]],[[-75.31562,6.24526],[-75.31521,6.24536],[-75.31511,6.24576],[-75.31562,6.24526]],[[-75.37146,6.29967],[-75.37149,6.29982],[-75.37212,6.29982],[-75.37146,6.29967]],[[-75.30686,6.26578],[-75.30746,6.26563],[-75.30696,6.26547],[-75.30686,6.26578]],[[-75.29696,6.27742],[-75.29716,6.27778],[-75.29741,6.27791],[-75.29696,6.27742]],[[-75.30396,6.26759],[-75.30438,6.26733],[-75.30362,6.26751],[-75.30396,6.26759]],[[-75.38632,6.26345],[-75.38569,6.26343],[-75.38605,6.2637],[-75.38632,6.26345]],[[-75.32298,6.24448],[-75.32312,6.24417],[-75.32272,6.2443],[-75.32298,6.24448]],[[-75.314,6.24614],[-75.31409,6.24582],[-75.31348,6.24606],[-75.314,6.24614]],[[-75.30557,6.25182],[-75.30565,6.25211],[-75.30597,6.25186],[-75.30557,6.25182]],[[-75.3568,6.25043],[-75.35684,6.25081],[-75.3571,6.25092],[-75.3568,6.25043]],[[-75.27771,6.27064],[-75.27792,6.27021],[-75.27721,6.27054],[-75.27771,6.27064]],[[-75.36938,6.27222],[-75.36926,6.27234],[-75.36962,6.2727],[-75.36938,6.27222]],[[-75.28592,6.2676],[-75.28625,6.26799],[-75.28641,6.26766],[-75.28592,6.2676]],[[-75.37004,6.30187],[-75.36955,6.30198],[-75.37013,6.30205],[-75.37004,6.30187]],[[-75.32,6.25722],[-75.32054,6.25681],[-75.32022,6.25676],[-75.32,6.25722]],[[-75.37458,6.28028],[-75.37435,6.28038],[-75.37375,6.28089],[-75.37458,6.28028]],[[-75.29482,6.26247],[-75.29449,6.26231],[-75.29402,6.26254],[-75.29482,6.26247]],[[-75.37552,6.2789],[-75.37597,6.27864],[-75.37536,6.27877],[-75.37552,6.2789]],[[-75.38264,6.28924],[-75.38271,6.28949],[-75.38313,6.28958],[-75.38264,6.28924]],[[-75.29127,6.27572],[-75.29131,6.27586],[-75.29176,6.27635],[-75.29127,6.27572]],[[-75.32783,6.25357],[-75.32746,6.25363],[-75.32788,6.25389],[-75.32783,6.25357]],[[-75.28087,6.27556],[-75.28108,6.27586],[-75.28145,6.27596],[-75.28087,6.27556]],[[-75.38244,6.24959],[-75.38266,6.24881],[-75.38214,6.24949],[-75.38244,6.24959]],[[-75.39219,6.26575],[-75.39228,6.2654],[-75.39194,6.26555],[-75.39219,6.26575]],[[-75.35777,6.23581],[-75.35764,6.23554],[-75.35728,6.23575],[-75.35777,6.23581]],[[-75.38443,6.27481],[-75.38465,6.27436],[-75.38419,6.27469],[-75.38443,6.27481]],[[-75.2913,6.27524],[-75.29085,6.27487],[-75.29113,6.27544],[-75.2913,6.27524]],[[-75.31555,6.26599],[-75.31562,6.26613],[-75.31621,6.26602],[-75.31555,6.26599]],[[-75.37721,6.24884],[-75.37729,6.24915],[-75.37761,6.24895],[-75.37721,6.24884]],[[-75.3147,6.25807],[-75.31493,6.25749],[-75.31459,6.25787],[-75.3147,6.25807]],[[-75.31282,6.24239],[-75.31256,6.24244],[-75.31273,6.24289],[-75.31282,6.24239]],[[-75.2787,6.27096],[-75.27881,6.27141],[-75.27906,6.27154],[-75.2787,6.27096]],[[-75.28015,6.27321],[-75.28019,6.27354],[-75.28055,6.27328],[-75.28015,6.27321]],[[-75.36853,6.30369],[-75.36772,6.30372],[-75.3684,6.30387],[-75.36853,6.30369]],[[-75.31519,6.24063],[-75.31498,6.24073],[-75.31528,6.24126],[-75.31519,6.24063]],[[-75.31665,6.25541],[-75.31629,6.25509],[-75.31609,6.25535],[-75.31665,6.25541]],[[-75.36578,6.25227],[-75.36606,6.25187],[-75.36583,6.25167],[-75.36578,6.25227]],[[-75.28733,6.27685],[-75.2876,6.27644],[-75.28729,6.27636],[-75.28733,6.27685]],[[-75.38471,6.27542],[-75.38526,6.27518],[-75.38477,6.27513],[-75.38471,6.27542]],[[-75.3343,6.25049],[-75.33436,6.2507],[-75.33488,6.25063],[-75.3343,6.25049]],[[-75.36411,6.23779],[-75.36448,6.23712],[-75.36435,6.23703],[-75.36411,6.23779]],[[-75.29932,6.27959],[-75.29937,6.2801],[-75.29968,6.28008],[-75.29932,6.27959]],[[-75.34931,6.23588],[-75.34894,6.23576],[-75.34852,6.23612],[-75.34931,6.23588]],[[-75.3092,6.24616],[-75.30946,6.24557],[-75.30906,6.246],[-75.3092,6.24616]],[[-75.37306,6.25039],[-75.37312,6.25062],[-75.37346,6.25066],[-75.37306,6.25039]],[[-75.31558,6.24321],[-75.31562,6.24344],[-75.31626,6.24367],[-75.31558,6.24321]],[[-75.38135,6.26486],[-75.38105,6.26491],[-75.38114,6.2652],[-75.38135,6.26486]],[[-75.37711,6.29029],[-75.37753,6.28987],[-75.37713,6.2898],[-75.37711,6.29029]],[[-75.28579,6.26539],[-75.28612,6.26557],[-75.28614,6.26485],[-75.28579,6.26539]],[[-75.31641,6.2656],[-75.31648,6.26532],[-75.31607,6.26548],[-75.31641,6.2656]],[[-75.28516,6.26033],[-75.28511,6.26008],[-75.28466,6.26024],[-75.28516,6.26033]],[[-75.28925,6.27278],[-75.28985,6.27264],[-75.28954,6.27238],[-75.28925,6.27278]],[[-75.3693,6.25225],[-75.36958,6.25193],[-75.36936,6.25176],[-75.3693,6.25225]],[[-75.36806,6.30008],[-75.36773,6.30026],[-75.36823,6.30034],[-75.36806,6.30008]],[[-75.292,6.28024],[-75.2922,6.28053],[-75.29249,6.2809],[-75.292,6.28024]],[[-75.34803,6.23738],[-75.34813,6.23691],[-75.34778,6.237],[-75.34803,6.23738]],[[-75.33439,6.25003],[-75.33456,6.25023],[-75.33515,6.25031],[-75.33439,6.25003]],[[-75.30308,6.26647],[-75.30312,6.26679],[-75.30348,6.26663],[-75.30308,6.26647]],[[-75.32051,6.25047],[-75.32106,6.25042],[-75.32084,6.25025],[-75.32051,6.25047]],[[-75.38629,6.26738],[-75.38687,6.2673],[-75.38638,6.26717],[-75.38629,6.26738]],[[-75.30368,6.27373],[-75.30332,6.27339],[-75.30353,6.27392],[-75.30368,6.27373]],[[-75.32264,6.2557],[-75.32278,6.25544],[-75.32218,6.25563],[-75.32264,6.2557]],[[-75.37087,6.2998],[-75.3701,6.29987],[-75.37058,6.29998],[-75.37087,6.2998]],[[-75.31558,6.26377],[-75.31573,6.26315],[-75.31543,6.26335],[-75.31558,6.26377]],[[-75.30199,6.27365],[-75.30179,6.27312],[-75.30173,6.27356],[-75.30199,6.27365]],[[-75.3251,6.25221],[-75.32486,6.25242],[-75.32527,6.25262],[-75.3251,6.25221]],[[-75.3698,6.2476],[-75.36984,6.24796],[-75.3701,6.24764],[-75.3698,6.2476]],[[-75.3879,6.26877],[-75.38887,6.26849],[-75.38855,6.26843],[-75.3879,6.26877]],[[-75.37308,6.29397],[-75.3731,6.29445],[-75.37347,6.29407],[-75.37308,6.29397]],[[-75.37597,6.26154],[-75.37622,6.261],[-75.37582,6.2613],[-75.37597,6.26154]],[[-75.30529,6.24936],[-75.30499,6.24945],[-75.30559,6.24978],[-75.30529,6.24936]],[[-75.31791,6.26729],[-75.31857,6.267],[-75.31795,6.26704],[-75.31791,6.26729]],[[-75.31745,6.24862],[-75.31833,6.24863],[-75.31731,6.24845],[-75.31745,6.24862]],[[-75.2981,6.26623],[-75.29799,6.26589],[-75.29783,6.26632],[-75.2981,6.26623]],[[-75.36938,6.2994],[-75.36943,6.2998],[-75.3697,6.29945],[-75.36938,6.2994]],[[-75.34979,6.24232],[-75.35037,6.24234],[-75.34991,6.24204],[-75.34979,6.24232]],[[-75.36961,6.2666],[-75.36945,6.26605],[-75.36924,6.26608],[-75.36961,6.2666]],[[-75.31786,6.25161],[-75.31794,6.25192],[-75.31853,6.25183],[-75.31786,6.25161]],[[-75.31333,6.27243],[-75.31261,6.27229],[-75.31317,6.27257],[-75.31333,6.27243]],[[-75.29597,6.2805],[-75.29629,6.28101],[-75.29647,6.28079],[-75.29597,6.2805]],[[-75.301045795053,6.256567879858672],[-75.30106,6.25653],[-75.30105152723736,6.256524134241243],[-75.301045795053,6.256567879858672]],[[-75.31999,6.25562],[-75.31951,6.25557],[-75.3192,6.25578],[-75.31999,6.25562]],[[-75.30171,6.27211],[-75.30194,6.27143],[-75.30156,6.27191],[-75.30171,6.27211]],[[-75.34079,6.23155],[-75.34061,6.23119],[-75.34022,6.23121],[-75.34079,6.23155]],[[-75.28673,6.27022],[-75.2868,6.27046],[-75.28728,6.27061],[-75.28673,6.27022]],[[-75.31367,6.27408],[-75.3138,6.27364],[-75.31334,6.27373],[-75.31367,6.27408]],[[-75.37495,6.2723],[-75.37531,6.27188],[-75.37446,6.27187],[-75.37495,6.2723]],[[-75.31349,6.26425],[-75.31332,6.26442],[-75.3138,6.26471],[-75.31349,6.26425]],[[-75.37022,6.27309],[-75.37028,6.27351],[-75.37057,6.27319],[-75.37022,6.27309]],[[-75.30508,6.2722],[-75.30521,6.27173],[-75.30477,6.27223],[-75.30508,6.2722]],[[-75.34818,6.24642],[-75.34897,6.24606],[-75.34856,6.24593],[-75.34818,6.24642]],[[-75.30601,6.25457],[-75.30689,6.25432],[-75.30612,6.25426],[-75.30601,6.25457]],[[-75.30903,6.2753],[-75.30909,6.27474],[-75.30869,6.27513],[-75.30903,6.2753]],[[-75.30452,6.27922],[-75.30492,6.27958],[-75.30473,6.27903],[-75.30452,6.27922]],[[-75.31081,6.27257],[-75.31037,6.27201],[-75.31031,6.27256],[-75.31081,6.27257]],[[-75.30171,6.25888],[-75.30175,6.25929],[-75.30211,6.25953],[-75.30171,6.25888]],[[-75.37317,6.25296],[-75.37346,6.25244],[-75.37284,6.25263],[-75.37317,6.25296]],[[-75.39444,6.26655],[-75.39392,6.26639],[-75.39451,6.267],[-75.39444,6.26655]],[[-75.29003,6.26654],[-75.2902,6.26576],[-75.28998,6.26569],[-75.29003,6.26654]],[[-75.34351,6.23903],[-75.34389,6.23833],[-75.34367,6.23826],[-75.34351,6.23903]],[[-75.36814,6.27138],[-75.36842,6.27186],[-75.36882,6.27173],[-75.36814,6.27138]],[[-75.39101,6.27561],[-75.3907,6.27542],[-75.39053,6.27587],[-75.39101,6.27561]],[[-75.39146,6.27951],[-75.39156,6.27991],[-75.39196,6.27959],[-75.39146,6.27951]],[[-75.30214,6.25485],[-75.30228,6.25443],[-75.30175,6.25475],[-75.30214,6.25485]],[[-75.34367,6.24133],[-75.34383,6.24189],[-75.34395,6.24138],[-75.34367,6.24133]],[[-75.3401,6.23431],[-75.34035,6.23417],[-75.34035,6.23341],[-75.3401,6.23431]],[[-75.28454,6.26855],[-75.28495,6.26872],[-75.28474,6.26823],[-75.28454,6.26855]],[[-75.3686,6.29745],[-75.36821,6.29697],[-75.36773,6.29684],[-75.3686,6.29745]],[[-75.38003,6.28401],[-75.37969,6.28421],[-75.38012,6.2844],[-75.38003,6.28401]],[[-75.30515,6.27121],[-75.3053,6.2706],[-75.30477,6.2707],[-75.30515,6.27121]],[[-75.30265,6.2775],[-75.30305,6.27693],[-75.30264,6.2773],[-75.30265,6.2775]],[[-75.38853,6.26979],[-75.38896,6.27002],[-75.38883,6.26952],[-75.38853,6.26979]],[[-75.34829,6.24295],[-75.34834,6.24383],[-75.34853,6.24399],[-75.34829,6.24295]],[[-75.37507,6.29749],[-75.37513,6.29781],[-75.37574,6.29774],[-75.37507,6.29749]],[[-75.35521,6.23712],[-75.35561,6.23754],[-75.355,6.23645],[-75.35521,6.23712]],[[-75.31078,6.25985],[-75.31033,6.26],[-75.31065,6.26024],[-75.31078,6.25985]],[[-75.33309,6.25116],[-75.33379,6.25065],[-75.33297,6.25098],[-75.33309,6.25116]],[[-75.31613,6.26865],[-75.31622,6.26819],[-75.31591,6.26798],[-75.31613,6.26865]],[[-75.28468,6.26542],[-75.28443,6.26565],[-75.28474,6.26582],[-75.28468,6.26542]],[[-75.30171,6.27874],[-75.30135,6.27901],[-75.3014,6.27936],[-75.30171,6.27874]],[[-75.30213,6.2577],[-75.30273,6.25742],[-75.30243,6.25734],[-75.30213,6.2577]],[[-75.39277,6.27873],[-75.39273,6.27798],[-75.39244,6.27817],[-75.39277,6.27873]],[[-75.31078,6.25004],[-75.3113,6.24951],[-75.3109,6.24928],[-75.31078,6.25004]],[[-75.29711,6.26905],[-75.29725,6.26853],[-75.29698,6.26851],[-75.29711,6.26905]],[[-75.3829,6.27671],[-75.38324,6.27635],[-75.38258,6.27658],[-75.3829,6.27671]],[[-75.30725,6.26704],[-75.30655,6.26706],[-75.30764,6.26731],[-75.30725,6.26704]],[[-75.34999,6.23906],[-75.35038,6.23972],[-75.3503,6.23803],[-75.34999,6.23906]],[[-75.38339,6.2826],[-75.38429,6.28263],[-75.38335,6.28237],[-75.38339,6.2826]],[[-75.3746,6.29843],[-75.37493,6.29786],[-75.37449,6.29814],[-75.3746,6.29843]],[[-75.29002,6.27415],[-75.29018,6.27464],[-75.29049,6.27452],[-75.29002,6.27415]],[[-75.3173,6.2657],[-75.31712,6.2654],[-75.31668,6.26567],[-75.3173,6.2657]],[[-75.3147,6.27486],[-75.31416,6.2749],[-75.31461,6.27525],[-75.3147,6.27486]],[[-75.31565,6.25119],[-75.31617,6.25138],[-75.31576,6.25058],[-75.31565,6.25119]],[[-75.289,6.275],[-75.28907,6.27538],[-75.28961,6.27549],[-75.289,6.275]],[[-75.39011,6.27913],[-75.38971,6.27877],[-75.3895,6.27903],[-75.39011,6.27913]],[[-75.32044,6.26179],[-75.32026,6.26212],[-75.3205,6.26239],[-75.32044,6.26179]],[[-75.31756,6.25057],[-75.31762,6.24991],[-75.31719,6.25028],[-75.31756,6.25057]],[[-75.30821,6.25077],[-75.3085,6.25042],[-75.3077,6.25068],[-75.30821,6.25077]],[[-75.39328,6.26647],[-75.39305,6.26568],[-75.3928,6.26607],[-75.39328,6.26647]],[[-75.31365,6.24755],[-75.31361,6.24683],[-75.31322,6.24662],[-75.31365,6.24755]],[[-75.37393,6.29567],[-75.37335,6.2955],[-75.37336,6.29581],[-75.37393,6.29567]],[[-75.31615,6.24641],[-75.31653,6.24582],[-75.3162,6.24562],[-75.31615,6.24641]],[[-75.38801,6.27089],[-75.38859,6.27048],[-75.38838,6.27033],[-75.38801,6.27089]],[[-75.34765,6.23931],[-75.34773,6.23886],[-75.34741,6.23902],[-75.34765,6.23931]],[[-75.31198,6.27146],[-75.31257,6.27102],[-75.31182,6.27131],[-75.31198,6.27146]],[[-75.27769,6.27579],[-75.27766,6.27546],[-75.27704,6.2756],[-75.27769,6.27579]],[[-75.33204,6.25121],[-75.33243,6.25179],[-75.33276,6.25142],[-75.33204,6.25121]],[[-75.32284,6.2553],[-75.32358,6.25569],[-75.32378,6.25547],[-75.32284,6.2553]],[[-75.30415,6.28079],[-75.30407,6.28025],[-75.3038,6.28064],[-75.30415,6.28079]],[[-75.30989,6.26268],[-75.30926,6.26225],[-75.30904,6.26242],[-75.30989,6.26268]],[[-75.28541,6.2689],[-75.28593,6.26809],[-75.28518,6.2688],[-75.28541,6.2689]],[[-75.34866,6.23901],[-75.34842,6.23828],[-75.34826,6.23883],[-75.34866,6.23901]],[[-75.37499,6.27999],[-75.3757,6.28018],[-75.3763,6.27998],[-75.37499,6.27999]],[[-75.31939,6.24686],[-75.31961,6.24657],[-75.3189,6.24673],[-75.31939,6.24686]],[[-75.30907,6.2571],[-75.30906,6.25674],[-75.30871,6.25694],[-75.30907,6.2571]],[[-75.32183,6.24549],[-75.32184,6.24471],[-75.32149,6.2451],[-75.32183,6.24549]],[[-75.30139,6.26235],[-75.30154,6.26191],[-75.30107,6.26223],[-75.30139,6.26235]],[[-75.29519,6.27783],[-75.29582,6.27723],[-75.29494,6.2776],[-75.29519,6.27783]],[[-75.29718,6.27658],[-75.29691,6.27607],[-75.29699,6.27679],[-75.29718,6.27658]],[[-75.30619,6.2759],[-75.30675,6.27576],[-75.30617,6.27532],[-75.30619,6.2759]],[[-75.31221,6.26376],[-75.31207,6.26305],[-75.3118,6.26384],[-75.31221,6.26376]],[[-75.36592,6.23531],[-75.36565,6.23478],[-75.36469,6.23462],[-75.36592,6.23531]],[[-75.29186,6.27871],[-75.29124,6.27872],[-75.29166,6.27902],[-75.29186,6.27871]],[[-75.3715,6.2993],[-75.37109,6.29874],[-75.37052,6.29846],[-75.3715,6.2993]],[[-75.31362,6.27334],[-75.31335,6.27328],[-75.31263,6.2732],[-75.31362,6.27334]],[[-75.3747,6.30257],[-75.37539,6.30242],[-75.37481,6.30228],[-75.3747,6.30257]],[[-75.30707,6.25004],[-75.30778,6.24995],[-75.30738,6.24974],[-75.30707,6.25004]],[[-75.2956,6.26861],[-75.29669,6.26877],[-75.29652,6.26852],[-75.2956,6.26861]],[[-75.37153,6.29216],[-75.37174,6.29237],[-75.37239,6.29222],[-75.37153,6.29216]],[[-75.29565,6.27809],[-75.29582,6.2775],[-75.2952,6.27846],[-75.29565,6.27809]],[[-75.31661,6.24039],[-75.31639,6.24052],[-75.31592,6.24105],[-75.31661,6.24039]],[[-75.37134,6.25459],[-75.37075,6.25473],[-75.37143,6.25495],[-75.37134,6.25459]],[[-75.30111236586397,6.256059839459232],[-75.30115,6.25639],[-75.30173,6.25594],[-75.30111236586397,6.256059839459232]],[[-75.31738,6.26538],[-75.31722,6.2644],[-75.31708,6.26489],[-75.31738,6.26538]],[[-75.31158,6.27589],[-75.31181,6.27529],[-75.31136,6.27535],[-75.31158,6.27589]],[[-75.28939,6.26673],[-75.28966,6.26585],[-75.28944,6.26578],[-75.28939,6.26673]],[[-75.32222,6.24417],[-75.32181,6.244],[-75.32119,6.24393],[-75.32222,6.24417]],[[-75.31251,6.26008],[-75.31223,6.2599],[-75.312,6.2608],[-75.31251,6.26008]],[[-75.33071,6.25127],[-75.33056,6.25119],[-75.32952,6.25206],[-75.33071,6.25127]],[[-75.31782,6.24919],[-75.31879,6.2486],[-75.31793,6.24894],[-75.31782,6.24919]],[[-75.31578,6.26697],[-75.31618,6.26707],[-75.31589,6.26651],[-75.31578,6.26697]],[[-75.37149,6.27024],[-75.37062,6.27123],[-75.37126,6.27079],[-75.37149,6.27024]],[[-75.32162,6.25218],[-75.32203,6.25165],[-75.32117,6.25231],[-75.32162,6.25218]],[[-75.38232,6.29],[-75.38249,6.2893],[-75.38206,6.2899],[-75.38232,6.29]],[[-75.38595,6.27576],[-75.38598,6.27645],[-75.38619,6.27688],[-75.38595,6.27576]],[[-75.30699,6.26737],[-75.30638,6.26738],[-75.30708,6.26775],[-75.30699,6.26737]],[[-75.31234,6.26075],[-75.31332,6.26029],[-75.31291,6.26021],[-75.31234,6.26075]],[[-75.29473,6.27122],[-75.29429,6.27088],[-75.29451,6.27151],[-75.29473,6.27122]],[[-75.31285,6.27168],[-75.31258,6.27124],[-75.3121,6.27169],[-75.31285,6.27168]],[[-75.38164,6.26951],[-75.38162,6.26903],[-75.38116,6.26912],[-75.38164,6.26951]],[[-75.31322,6.2676],[-75.3129,6.26773],[-75.31339,6.26819],[-75.31322,6.2676]],[[-75.30911,6.24308],[-75.30921,6.24216],[-75.30898,6.24196],[-75.30911,6.24308]],[[-75.27529,6.27012],[-75.27575,6.269],[-75.2754,6.26923],[-75.27529,6.27012]],[[-75.3477,6.23657],[-75.34786,6.236],[-75.34733,6.23646],[-75.3477,6.23657]],[[-75.31535,6.26746],[-75.31539,6.2665],[-75.31488,6.26728],[-75.31535,6.26746]],[[-75.3057,6.24607],[-75.30621,6.24606],[-75.30583,6.2453],[-75.3057,6.24607]],[[-75.28607,6.26194],[-75.28624,6.26105],[-75.28577,6.26184],[-75.28607,6.26194]],[[-75.31936,6.25173],[-75.3197,6.25119],[-75.31891,6.25143],[-75.31936,6.25173]],[[-75.313,6.26066],[-75.3131,6.26132],[-75.31376,6.26115],[-75.313,6.26066]],[[-75.31789,6.26436],[-75.31795,6.26481],[-75.31825,6.26539],[-75.31789,6.26436]],[[-75.30248,6.2663],[-75.3016,6.26655],[-75.30229,6.26678],[-75.30248,6.2663]],[[-75.30152,6.25662],[-75.30156,6.25728],[-75.30182,6.25666],[-75.30152,6.25662]],[[-75.28964,6.26124],[-75.28902,6.26076],[-75.28913,6.26141],[-75.28964,6.26124]],[[-75.29462,6.26407],[-75.29407,6.2636],[-75.29418,6.26427],[-75.29462,6.26407]],[[-75.36962,6.24832],[-75.3698,6.24893],[-75.3702,6.24847],[-75.36962,6.24832]],[[-75.31754,6.26856],[-75.31821,6.26768],[-75.31759,6.26799],[-75.31754,6.26856]],[[-75.37892,6.28374],[-75.37906,6.28436],[-75.37969,6.28483],[-75.37892,6.28374]],[[-75.31824,6.24504],[-75.31833,6.24486],[-75.31683,6.24498],[-75.31824,6.24504]],[[-75.30871,6.25251],[-75.30934,6.25203],[-75.30868,6.25212],[-75.30871,6.25251]],[[-75.3738,6.29297],[-75.37407,6.29364],[-75.37474,6.29353],[-75.3738,6.29297]],[[-75.30517,6.25341],[-75.30625,6.25261],[-75.30603,6.25254],[-75.30517,6.25341]],[[-75.36891,6.29727],[-75.36859,6.29655],[-75.36812,6.2967],[-75.36891,6.29727]],[[-75.31382,6.26048],[-75.31418,6.26097],[-75.31467,6.26081],[-75.31382,6.26048]],[[-75.30849,6.24405],[-75.30824,6.24353],[-75.30797,6.24416],[-75.30849,6.24405]],[[-75.27899,6.27724],[-75.27902,6.27652],[-75.2784,6.27693],[-75.27899,6.27724]],[[-75.38642,6.26362],[-75.38689,6.26364],[-75.38785,6.26324],[-75.38642,6.26362]],[[-75.2965,6.26642],[-75.29661,6.26585],[-75.29582,6.26631],[-75.2965,6.26642]],[[-75.30542,6.25492],[-75.30553,6.25441],[-75.30489,6.25502],[-75.30542,6.25492]],[[-75.38486,6.29379],[-75.38491,6.29292],[-75.38433,6.29339],[-75.38486,6.29379]],[[-75.29084,6.27775],[-75.29091,6.27677],[-75.29065,6.27716],[-75.29084,6.27775]],[[-75.28968,6.26934],[-75.29001,6.26944],[-75.29007,6.26859],[-75.28968,6.26934]],[[-75.27698,6.26933],[-75.27748,6.26991],[-75.27774,6.2698],[-75.27698,6.26933]],[[-75.28062,6.27832],[-75.28047,6.27734],[-75.28011,6.27771],[-75.28062,6.27832]],[[-75.29732,6.26448],[-75.29717,6.26375],[-75.29675,6.26386],[-75.29732,6.26448]],[[-75.33664,6.22922],[-75.3361,6.22919],[-75.33654,6.22979],[-75.33664,6.22922]],[[-75.37212,6.25456],[-75.37275,6.25375],[-75.37252,6.25356],[-75.37212,6.25456]],[[-75.37178,6.25477],[-75.37172,6.2537],[-75.37146,6.25383],[-75.37178,6.25477]],[[-75.31888,6.25016],[-75.31881,6.24916],[-75.31845,6.24941],[-75.31888,6.25016]],[[-75.287,6.27404],[-75.28731,6.27329],[-75.28657,6.27387],[-75.287,6.27404]],[[-75.31636,6.24182],[-75.31723,6.24223],[-75.3163,6.24149],[-75.31636,6.24182]],[[-75.29793,6.28061],[-75.29831,6.28008],[-75.2973,6.28072],[-75.29793,6.28061]],[[-75.30922,6.26573],[-75.30921,6.26635],[-75.30989,6.26616],[-75.30922,6.26573]],[[-75.28074,6.27258],[-75.28167,6.27221],[-75.28154,6.27164],[-75.28074,6.27258]],[[-75.30813,6.24326],[-75.30857,6.24256],[-75.30812,6.24272],[-75.30813,6.24326]],[[-75.31105,6.25594],[-75.31033,6.2561],[-75.31078,6.25653],[-75.31105,6.25594]],[[-75.28849,6.27278],[-75.28848,6.27156],[-75.28812,6.27245],[-75.28849,6.27278]],[[-75.3115,6.25231],[-75.3122,6.25225],[-75.31208,6.25189],[-75.3115,6.25231]],[[-75.28564,6.26537],[-75.2859,6.26446],[-75.28542,6.26485],[-75.28564,6.26537]],[[-75.32949,6.25322],[-75.33022,6.25252],[-75.3297,6.25249],[-75.32949,6.25322]],[[-75.28543,6.27447],[-75.2848,6.27444],[-75.28422,6.27459],[-75.28543,6.27447]],[[-75.29674,6.27793],[-75.29709,6.27698],[-75.29647,6.27731],[-75.29674,6.27793]],[[-75.2914,6.26217],[-75.29156,6.26147],[-75.29085,6.26129],[-75.2914,6.26217]],[[-75.31588,6.27126],[-75.31668,6.27042],[-75.31599,6.27073],[-75.31588,6.27126]],[[-75.30438,6.25608],[-75.30481,6.2553],[-75.30412,6.25496],[-75.30438,6.25608]],[[-75.3121,6.24345],[-75.31146,6.24218],[-75.31166,6.24345],[-75.3121,6.24345]],[[-75.28869,6.26744],[-75.28921,6.26695],[-75.28821,6.26727],[-75.28869,6.26744]],[[-75.3478,6.25113],[-75.34889,6.24991],[-75.3478,6.25031],[-75.3478,6.25113]],[[-75.28273,6.27927],[-75.28275,6.27804],[-75.28219,6.27862],[-75.28273,6.27927]],[[-75.38739,6.29308],[-75.38622,6.29299],[-75.38574,6.29313],[-75.38739,6.29308]],[[-75.37037,6.2947],[-75.37065,6.29536],[-75.37135,6.29529],[-75.37037,6.2947]],[[-75.3478,6.23874],[-75.34794,6.238],[-75.34733,6.23808],[-75.3478,6.23874]],[[-75.30257,6.27442],[-75.3035,6.27425],[-75.30273,6.27358],[-75.30257,6.27442]],[[-75.37398,6.29478],[-75.37428,6.29532],[-75.37488,6.29495],[-75.37398,6.29478]],[[-75.27512,6.27561],[-75.27502,6.27519],[-75.27463,6.27391],[-75.27512,6.27561]],[[-75.31653,6.24701],[-75.31689,6.2461],[-75.31601,6.24681],[-75.31653,6.24701]],[[-75.31789,6.24799],[-75.31695,6.24763],[-75.31698,6.24818],[-75.31789,6.24799]],[[-75.356,6.23826],[-75.35805,6.23853],[-75.35791,6.23817],[-75.356,6.23826]],[[-75.3045,6.25616],[-75.305,6.25683],[-75.30531,6.25631],[-75.3045,6.25616]],[[-75.28486,6.27378],[-75.28438,6.27326],[-75.28401,6.27389],[-75.28486,6.27378]],[[-75.32007,6.26048],[-75.32035,6.26],[-75.31947,6.26029],[-75.32007,6.26048]],[[-75.30418,6.27428],[-75.30485,6.27306],[-75.30401,6.27373],[-75.30418,6.27428]],[[-75.38702,6.26883],[-75.3867,6.2683],[-75.38634,6.26857],[-75.38702,6.26883]],[[-75.3902,6.28032],[-75.38964,6.28],[-75.38977,6.28058],[-75.3902,6.28032]],[[-75.38652,6.26647],[-75.38679,6.26586],[-75.3861,6.26551],[-75.38652,6.26647]],[[-75.29307,6.27006],[-75.29247,6.26889],[-75.29249,6.26975],[-75.29307,6.27006]],[[-75.27806,6.27014],[-75.27811,6.27104],[-75.27874,6.27171],[-75.27806,6.27014]],[[-75.31101,6.26694],[-75.31103,6.26588],[-75.31061,6.26596],[-75.31101,6.26694]],[[-75.31743,6.26682],[-75.31706,6.2667],[-75.31645,6.26738],[-75.31743,6.26682]],[[-75.28504,6.26231],[-75.28496,6.26177],[-75.28441,6.26201],[-75.28504,6.26231]],[[-75.37014,6.29825],[-75.36977,6.2974],[-75.36948,6.29787],[-75.37014,6.29825]],[[-75.29439,6.26103],[-75.29494,6.26179],[-75.29521,6.26144],[-75.29439,6.26103]],[[-75.31164,6.25831],[-75.3116,6.2594],[-75.31207,6.25971],[-75.31164,6.25831]],[[-75.3212,6.25164],[-75.32101,6.25084],[-75.32062,6.25153],[-75.3212,6.25164]],[[-75.30435,6.26864],[-75.30448,6.2695],[-75.30493,6.26958],[-75.30435,6.26864]],[[-75.30034,6.26764],[-75.30018,6.26708],[-75.29991,6.26833],[-75.30034,6.26764]],[[-75.318,6.26278],[-75.31707,6.26264],[-75.31753,6.26368],[-75.318,6.26278]],[[-75.27874,6.27482],[-75.27832,6.27501],[-75.27802,6.27579],[-75.27874,6.27482]],[[-75.30063,6.26607],[-75.30117,6.26661],[-75.30206,6.26616],[-75.30063,6.26607]],[[-75.30611,6.27654],[-75.3072,6.27673],[-75.30677,6.27619],[-75.30611,6.27654]],[[-75.29492,6.26972],[-75.29634,6.26936],[-75.29488,6.26944],[-75.29492,6.26972]],[[-75.29519,6.27671],[-75.29497,6.2756],[-75.29458,6.27666],[-75.29519,6.27671]],[[-75.38806,6.26998],[-75.38733,6.26948],[-75.38761,6.27035],[-75.38806,6.26998]],[[-75.30396,6.24977],[-75.30484,6.25015],[-75.30412,6.24911],[-75.30396,6.24977]],[[-75.32303,6.25498],[-75.32414,6.25388],[-75.32289,6.25478],[-75.32303,6.25498]],[[-75.29095,6.27257],[-75.291,6.2729],[-75.2922,6.27243],[-75.29095,6.27257]],[[-75.31224,6.26291],[-75.31314,6.26162],[-75.31283,6.26157],[-75.31224,6.26291]],[[-75.28606,6.27496],[-75.28671,6.27566],[-75.28669,6.27505],[-75.28606,6.27496]],[[-75.30531,6.25679],[-75.30585,6.25719],[-75.30632,6.25658],[-75.30531,6.25679]],[[-75.3135,6.24461],[-75.31436,6.24386],[-75.31311,6.24437],[-75.3135,6.24461]],[[-75.28633,6.27232],[-75.28571,6.27228],[-75.28471,6.2724],[-75.28633,6.27232]],[[-75.35497,6.24438],[-75.35594,6.24496],[-75.35619,6.24456],[-75.35497,6.24438]],[[-75.37525,6.30401],[-75.37603,6.30347],[-75.37441,6.30365],[-75.37525,6.30401]],[[-75.36189,6.24427],[-75.36295,6.24448],[-75.36238,6.24324],[-75.36189,6.24427]],[[-75.31822,6.26548],[-75.31861,6.26598],[-75.31935,6.26541],[-75.31822,6.26548]],[[-75.36248,6.23079],[-75.36145,6.23053],[-75.36118,6.23147],[-75.36248,6.23079]],[[-75.30212,6.26595],[-75.30257,6.26469],[-75.30194,6.26543],[-75.30212,6.26595]],[[-75.37086,6.27354],[-75.3709,6.27413],[-75.37184,6.27457],[-75.37086,6.27354]],[[-75.30537,6.2784],[-75.30591,6.27929],[-75.30637,6.27845],[-75.30537,6.2784]],[[-75.36906,6.26051],[-75.36898,6.25978],[-75.36762,6.26036],[-75.36906,6.26051]],[[-75.31627,6.26996],[-75.31473,6.2701],[-75.31575,6.27054],[-75.31627,6.26996]],[[-75.30548,6.26466],[-75.30741,6.26484],[-75.30624,6.2642],[-75.30548,6.26466]],[[-75.38036,6.29577],[-75.38068,6.29623],[-75.38206,6.29537],[-75.38036,6.29577]],[[-75.30249,6.25393],[-75.30218,6.25324],[-75.30177,6.25411],[-75.30249,6.25393]],[[-75.28461,6.27117],[-75.28371,6.27026],[-75.28399,6.27144],[-75.28461,6.27117]],[[-75.28755,6.26761],[-75.28736,6.26691],[-75.28606,6.26668],[-75.28755,6.26761]],[[-75.31497,6.27417],[-75.31445,6.27373],[-75.31355,6.27431],[-75.31497,6.27417]],[[-75.37434,6.29969],[-75.37355,6.29893],[-75.37278,6.29978],[-75.37434,6.29969]],[[-75.31363,6.27097],[-75.31398,6.27137],[-75.31551,6.27098],[-75.31363,6.27097]],[[-75.28212,6.26836],[-75.2835,6.26839],[-75.28203,6.26751],[-75.28212,6.26836]],[[-75.27576,6.27266],[-75.27477,6.27264],[-75.2745,6.27365],[-75.27576,6.27266]],[[-75.27958,6.27533],[-75.27967,6.27372],[-75.27918,6.27477],[-75.27958,6.27533]],[[-75.34756,6.23712],[-75.34705,6.23778],[-75.34704,6.23838],[-75.34756,6.23712]],[[-75.28975,6.27077],[-75.28922,6.27025],[-75.2888,6.27142],[-75.28975,6.27077]],[[-75.29777,6.27661],[-75.29786,6.27739],[-75.29845,6.27691],[-75.29777,6.27661]],[[-75.38563,6.28926],[-75.38496,6.28894],[-75.38416,6.28909],[-75.38563,6.28926]],[[-75.34307,6.23957],[-75.34389,6.23999],[-75.34392,6.2395],[-75.34307,6.23957]],[[-75.30424,6.25352],[-75.30498,6.25296],[-75.30412,6.25262],[-75.30424,6.25352]],[[-75.31347,6.26717],[-75.31479,6.26793],[-75.31568,6.26791],[-75.31347,6.26717]],[[-75.2831,6.26664],[-75.28256,6.26548],[-75.28226,6.26622],[-75.2831,6.26664]],[[-75.28801,6.27356],[-75.28825,6.27506],[-75.28881,6.27442],[-75.28801,6.27356]],[[-75.30798,6.27057],[-75.30767,6.26967],[-75.30707,6.26998],[-75.30798,6.27057]],[[-75.3162,6.2607],[-75.31566,6.26062],[-75.31643,6.26169],[-75.3162,6.2607]],[[-75.29842,6.27963],[-75.29856,6.2779],[-75.29776,6.27775],[-75.29842,6.27963]],[[-75.29495,6.26785],[-75.29476,6.26887],[-75.29607,6.2692],[-75.29495,6.26785]],[[-75.30993,6.25293],[-75.31028,6.25194],[-75.30942,6.25183],[-75.30993,6.25293]],[[-75.34306,6.24118],[-75.34362,6.24003],[-75.34246,6.24131],[-75.34306,6.24118]],[[-75.30092,6.26597],[-75.30047,6.2643],[-75.30015,6.26547],[-75.30092,6.26597]],[[-75.38203,6.27461],[-75.38255,6.27344],[-75.38158,6.27433],[-75.38203,6.27461]],[[-75.37962,6.23763],[-75.3795579795823,6.237467506505638],[-75.37849,6.23719],[-75.37962,6.23763]],[[-75.37976,6.23752],[-75.37912,6.23632],[-75.3795579795823,6.237467506505638],[-75.37976,6.23752]],[[-75.3173,6.24174],[-75.3175,6.24066],[-75.31666,6.24087],[-75.3173,6.24174]],[[-75.30259,6.27127],[-75.30233,6.27046],[-75.30207,6.27233],[-75.30259,6.27127]],[[-75.28344,6.26781],[-75.28432,6.26881],[-75.2846,6.26766],[-75.28344,6.26781]],[[-75.31176,6.2697],[-75.31183,6.27101],[-75.31289,6.27087],[-75.31176,6.2697]],[[-75.30026,6.27749],[-75.3019,6.27819],[-75.30186,6.27737],[-75.30026,6.27749]],[[-75.29943,6.26695],[-75.29969,6.26437],[-75.29921,6.26495],[-75.29943,6.26695]],[[-75.30124,6.27989],[-75.3004,6.27786],[-75.30045,6.2805],[-75.30124,6.27989]],[[-75.31582,6.25027],[-75.3156,6.24861],[-75.31532,6.25038],[-75.31582,6.25027]],[[-75.31757,6.26153],[-75.31726,6.26042],[-75.31612,6.2593],[-75.31757,6.26153]],[[-75.30503,6.2511],[-75.304,6.25222],[-75.30532,6.25209],[-75.30503,6.2511]],[[-75.38237,6.27073],[-75.38308,6.27266],[-75.38453,6.27154],[-75.38237,6.27073]],[[-75.31176,6.25088],[-75.31108,6.25108],[-75.31069,6.25208],[-75.31176,6.25088]],[[-75.30655,6.24278],[-75.30648,6.24371],[-75.30777,6.24298],[-75.30655,6.24278]],[[-75.38369,6.28972],[-75.38563,6.28986],[-75.38601,6.28931],[-75.38369,6.28972]],[[-75.31129,6.26374],[-75.31107,6.2647],[-75.31274,6.26415],[-75.31129,6.26374]],[[-75.36459,6.23455],[-75.36089,6.2315],[-75.36289,6.23397],[-75.36459,6.23455]],[[-75.30246,6.27036],[-75.30362,6.27286],[-75.30413,6.27273],[-75.30246,6.27036]],[[-75.31248,6.26817],[-75.31352,6.26929],[-75.31378005234855,6.269174178365773],[-75.31248,6.26817]],[[-75.31393,6.26929],[-75.31471,6.26876],[-75.31378005234855,6.269174178365773],[-75.31393,6.26929]],[[-75.31381,6.2416],[-75.31265,6.23993],[-75.31283,6.24169],[-75.31381,6.2416]],[[-75.31063,6.27074],[-75.31101,6.26894],[-75.31025,6.27011],[-75.31063,6.27074]],[[-75.31528,6.26041],[-75.3149477319465,6.259657311144129],[-75.31487,6.2597],[-75.31528,6.26041]],[[-75.31609,6.25903],[-75.31479,6.2593],[-75.3149477319465,6.259657311144129],[-75.31609,6.25903]],[[-75.31614,6.27249],[-75.31444,6.27177],[-75.31345,6.27216],[-75.31614,6.27249]],[[-75.28503,6.26689],[-75.28389,6.26718],[-75.28538,6.26695],[-75.28503,6.26689]],[[-75.31298,6.25439],[-75.31419,6.25315],[-75.31272,6.25426],[-75.31298,6.25439]],[[-75.38152,6.27505],[-75.3829,6.27831],[-75.38318,6.27861],[-75.38152,6.27505]],[[-75.31457,6.25557],[-75.31279,6.25602],[-75.31367,6.25675],[-75.31457,6.25557]],[[-75.31756,6.25809],[-75.31928,6.25969],[-75.3184,6.25808],[-75.31756,6.25809]],[[-75.3203,6.25233],[-75.31934,6.25339],[-75.32114,6.2526],[-75.3203,6.25233]],[[-75.31264,6.26729],[-75.31332,6.26479],[-75.31217,6.26587],[-75.31264,6.26729]],[[-75.37369,6.29691],[-75.37514,6.29583],[-75.37341,6.29695],[-75.37369,6.29691]],[[-75.38243,6.2549],[-75.38332,6.25522],[-75.3815,6.25124],[-75.38243,6.2549]],[[-75.32139701489317,6.255031495791062],[-75.32094,6.25614],[-75.32211,6.25483],[-75.32139701489317,6.255031495791062]],[[-75.32141,6.255],[-75.32027,6.25535],[-75.32139701489317,6.255031495791062],[-75.32141,6.255]],[[-75.29914,6.27722],[-75.29958,6.27841],[-75.3008,6.27672],[-75.29914,6.27722]],[[-75.30091,6.2734],[-75.30107,6.27132],[-75.30079,6.27341],[-75.30259,6.2761],[-75.30091,6.2734]],[[-75.30227,6.26891],[-75.30394,6.27186],[-75.30451,6.27087],[-75.30227,6.26891]],[[-75.31242,6.26998],[-75.31424,6.26995],[-75.31257,6.26944],[-75.31194,6.26695],[-75.31242,6.26998]],[[-75.29732,6.27166],[-75.29682,6.2697],[-75.29646466165413,6.2726771591140125],[-75.29732,6.27166]],[[-75.29639927745664,6.2727549132948015],[-75.29645,6.2728],[-75.29646466165413,6.2726771591140125],[-75.29639927745664,6.2727549132948015]],[[-75.29519,6.27168],[-75.29621,6.27298],[-75.29639927745664,6.2727549132948015],[-75.29519,6.27168]],[[-75.3006,6.27119],[-75.30018,6.26951],[-75.30042,6.27091],[-75.29776,6.26938],[-75.3006,6.27119]],[[-75.38071,6.29389],[-75.37985,6.29196],[-75.37964,6.29336],[-75.38071,6.29389]],[[-75.31487,6.25446],[-75.31674,6.25451],[-75.31497,6.25234],[-75.31487,6.25446]],[[-75.29768,6.27538],[-75.29677241454151,6.2746950298426425],[-75.29677,6.27471],[-75.29768,6.27538]],[[-75.29696709345107,6.273488020603398],[-75.29662,6.27458],[-75.29677241454151,6.2746950298426425],[-75.29696709345107,6.273488020603398]],[[-75.29726741725572,6.27254318166739],[-75.29712,6.27254],[-75.29696709345107,6.273488020603398],[-75.29726741725572,6.27254318166739]],[[-75.29851,6.27257],[-75.29751,6.27178],[-75.29726741725572,6.27254318166739],[-75.29851,6.27257]],[[-75.3915,6.26861],[-75.39348,6.26675],[-75.39196,6.26604],[-75.3915,6.26861]],[[-75.2931,6.26296],[-75.29421,6.26089],[-75.29337,6.26089],[-75.2931,6.26296]],[[-75.2937684990329,6.260543106382979],[-75.29398259668508,6.26071132596685],[-75.29433,6.26061],[-75.2937684990329,6.260543106382979]],[[-75.29239,6.25946],[-75.29156,6.26028],[-75.2937684990329,6.260543106382979],[-75.29239,6.25946]],[[-75.3015355633994,6.26971926961716],[-75.30197,6.27077],[-75.30178700937452,6.269712085446442],[-75.3015355633994,6.26971926961716]],[[-75.30133,6.26707],[-75.29982,6.26557],[-75.30146668202765,6.269552672811056],[-75.30133,6.26707]],[[-75.37926,6.26211],[-75.37787,6.26557],[-75.38039,6.26828],[-75.37926,6.26211]],[[-75.2949056331007,6.274705333997985],[-75.29491308652021,6.274637605098947],[-75.29489,6.27475],[-75.2949056331007,6.274705333997985]],[[-75.29527,6.2729],[-75.29424,6.2726],[-75.29491308652021,6.274637605098947],[-75.29527,6.2729]],[[-75.29585,6.2755],[-75.29663,6.27326],[-75.29552,6.27295],[-75.29637,6.27339],[-75.29585,6.2755]],[[-75.29922,6.2673],[-75.29852,6.26481],[-75.29897,6.26705],[-75.2966,6.26834],[-75.29922,6.2673]],[[-75.3054,6.25796],[-75.30633094323713,6.257973375621223],[-75.30629,6.25785],[-75.3054,6.25796]],[[-75.30704,6.26011],[-75.30807,6.25822],[-75.30633094323713,6.257973375621223],[-75.30704,6.26011]],[[-75.30897,6.25839],[-75.30740274876096,6.259786721311478],[-75.30747,6.25989],[-75.30897,6.25839]],[[-75.30672,6.25777],[-75.30737513513513,6.257988378378378],[-75.30888,6.25801],[-75.30672,6.25777]],[[-75.30956,6.27019],[-75.31067,6.26653],[-75.30809,6.26867],[-75.30956,6.27019]],[[-75.30898,6.26708],[-75.30911000798133,6.267037689710217],[-75.3088,6.26632],[-75.30898,6.26708]],[[-75.31212,6.2575],[-75.31277,6.25497],[-75.31136,6.25262],[-75.31212,6.2575]],[[-75.29996,6.27224],[-75.29735,6.27042],[-75.30041,6.27556],[-75.30259,6.27649],[-75.29996,6.27224]],[[-75.27554,6.27627],[-75.27605,6.27644],[-75.27649,6.27641],[-75.27554,6.27627]],[[-75.31166,6.24741],[-75.3118,6.24683],[-75.31185,6.24635],[-75.31166,6.24741]],[[-75.38981,6.28355],[-75.38991,6.28402],[-75.39035,6.28408],[-75.38981,6.28355]],[[-75.28311,6.27108],[-75.2829,6.27027],[-75.28276,6.26977],[-75.28311,6.27108]],[[-75.37713,6.29517],[-75.37725,6.29454],[-75.37714,6.29423],[-75.37713,6.29517]],[[-75.38535,6.2886],[-75.3848,6.28813],[-75.38426,6.28779],[-75.38535,6.2886]],[[-75.2929,6.26256],[-75.29266,6.26147],[-75.2925,6.26089],[-75.2929,6.26256]],[[-75.30395,6.27496],[-75.30373,6.27533],[-75.30347,6.27618],[-75.30395,6.27496]],[[-75.30571,6.27816],[-75.30654,6.27767],[-75.30569,6.27743],[-75.30571,6.27816]],[[-75.32009,6.25812],[-75.32045,6.25808],[-75.32108,6.25746],[-75.32009,6.25812]],[[-75.31252,6.25837],[-75.31314,6.25947],[-75.31404,6.25975],[-75.31252,6.25837]],[[-75.38329,6.2767],[-75.38413,6.27646],[-75.38459,6.27586],[-75.38329,6.2767]],[[-75.30595,6.28102],[-75.30545,6.28046],[-75.30486,6.28017],[-75.30595,6.28102]],[[-75.31613,6.26243],[-75.31554,6.26163],[-75.31508,6.26102],[-75.31613,6.26243]],[[-75.28447,6.26493],[-75.2845,6.26428],[-75.28383,6.26326],[-75.28447,6.26493]],[[-75.28606,6.2746],[-75.28564,6.27404],[-75.28466,6.27284],[-75.28606,6.2746]],[[-75.29838,6.27367],[-75.3004,6.27585],[-75.30111,6.2766],[-75.29838,6.27367]],[[-75.35034,6.23325],[-75.35061,6.23328],[-75.35043,6.23322],[-75.35034,6.23325]],[[-75.34525,6.23216],[-75.34545,6.23222],[-75.34537,6.23216],[-75.34525,6.23216]],[[-75.36072,6.23089],[-75.36072,6.23085],[-75.36056,6.23095],[-75.36072,6.23089]],[[-75.36081,6.2308],[-75.36081,6.23075],[-75.36077,6.2308],[-75.36081,6.2308]],[[-75.37498,6.24747],[-75.37307,6.24953],[-75.37391,6.25016],[-75.37266,6.25212],[-75.37374,6.25204],[-75.37435,6.24997],[-75.37498,6.24747]],[[-75.38368,6.29034],[-75.38408,6.29133],[-75.38708,6.29073],[-75.38368,6.29034]],[[-75.3067,6.24765],[-75.30814,6.24544],[-75.30579,6.24798],[-75.3067,6.24765]],[[-75.32098,6.25473],[-75.32051,6.25373],[-75.32012,6.25341],[-75.31954,6.25504],[-75.32098,6.25473]],[[-75.30306028555535,6.26901163359911],[-75.30274,6.26913],[-75.30394,6.26918],[-75.30159,6.26707],[-75.30185,6.26878],[-75.30306028555535,6.26901163359911]],[[-75.29929,6.26738],[-75.29769,6.26895],[-75.29933,6.2696],[-75.29929,6.26738]],[[-75.27501,6.27226],[-75.27597,6.27165],[-75.27594,6.27093],[-75.27501,6.27226]],[[-75.30989679873015,6.14931437333333],[-75.30773789515165,6.144319621833895],[-75.30514,6.14431],[-75.30474,6.14248],[-75.3044,6.14571],[-75.30608,6.14463],[-75.30676,6.1477],[-75.30989679873015,6.14931437333333]],[[-75.3001,6.13365],[-75.29965,6.13051],[-75.30129,6.1203],[-75.29799,6.1313],[-75.30255,6.13659],[-75.3001,6.13365]],[[-75.34052,6.17028],[-75.34013,6.16995],[-75.34071,6.17095],[-75.34181,6.17094],[-75.34052,6.17028]],[[-75.3404952173913,6.1701652173913],[-75.34052,6.17019],[-75.34063400000001,6.170247000000006],[-75.3404952173913,6.1701652173913]],[[-75.30448436643834,6.1131622089041215],[-75.30964,6.11134],[-75.3057,6.11187],[-75.30448436643834,6.1131622089041215]],[[-75.3048,6.11214],[-75.30407470028938,6.113399384042995],[-75.3044412462006,6.113187173252287],[-75.3048,6.11214]],[[-75.30541,6.11552],[-75.30805,6.11718],[-75.30401576130856,6.11350172354604],[-75.30541,6.11552]],[[-75.30932810650889,6.124874201183488],[-75.30883,6.11946],[-75.30805,6.11718],[-75.30932810650889,6.124874201183488]],[[-75.30952,6.12696],[-75.30947520063626,6.126473050394032],[-75.30746,6.13356],[-75.30952,6.12696]],[[-75.3080450386598,6.143160250080553],[-75.30987,6.13916],[-75.30863605703867,6.137861243574961],[-75.30854747422681,6.1405939690721665],[-75.3080450386598,6.143160250080553]],[[-75.30803,6.14342],[-75.30805,6.14325],[-75.3080187281106,6.143309069124408],[-75.30803,6.14342]],[[-75.29712,6.09663],[-75.2972,6.09655],[-75.29709,6.09652],[-75.29712,6.09663]],[[-75.29678,6.10748],[-75.29686,6.1074],[-75.29675,6.10737],[-75.29678,6.10748]],[[-75.30243,6.1298],[-75.30251,6.12972],[-75.3024,6.12969],[-75.30243,6.1298]],[[-75.29586,6.09799],[-75.29594,6.09791],[-75.29583,6.09788],[-75.29586,6.09799]],[[-75.30182,6.0978],[-75.3019,6.09772],[-75.30179,6.09769],[-75.30182,6.0978]],[[-75.30542,6.09417],[-75.3055,6.09409],[-75.30539,6.09406],[-75.30542,6.09417]],[[-75.31825,6.09514],[-75.31833,6.09506],[-75.31822,6.09503],[-75.31825,6.09514]],[[-75.30858,6.09199],[-75.30866,6.09191],[-75.30855,6.09188],[-75.30858,6.09199]],[[-75.30829,6.12309],[-75.30837,6.12302],[-75.30826,6.12298],[-75.30829,6.12309]],[[-75.306,6.11126],[-75.30608,6.11118],[-75.30597,6.11115],[-75.306,6.11126]],[[-75.30911,6.1268],[-75.30919,6.12672],[-75.30908,6.12669],[-75.30911,6.1268]],[[-75.2974,6.10242],[-75.29748,6.10234],[-75.29737,6.10231],[-75.2974,6.10242]],[[-75.30804,6.09489],[-75.30812,6.09481],[-75.30801,6.09478],[-75.30804,6.09489]],[[-75.29423,6.09772],[-75.29431,6.09764],[-75.2942,6.09761],[-75.29423,6.09772]],[[-75.30339,6.11289],[-75.30347,6.11281],[-75.30336,6.11278],[-75.30339,6.11289]],[[-75.30309,6.14046],[-75.30317,6.14039],[-75.30306,6.14035],[-75.30309,6.14046]],[[-75.30689,6.14145],[-75.30697,6.14137],[-75.30685,6.14134],[-75.30689,6.14145]],[[-75.30842,6.13946],[-75.3085,6.13938],[-75.30839,6.13935],[-75.30842,6.13946]],[[-75.31726,6.09776],[-75.31734,6.09768],[-75.31723,6.09765],[-75.31726,6.09776]],[[-75.30651,6.09562],[-75.30659,6.09554],[-75.30648,6.09551],[-75.30651,6.09562]],[[-75.30479,6.09318],[-75.30487,6.0931],[-75.30476,6.09307],[-75.30479,6.09318]],[[-75.31565,6.10427],[-75.31573,6.10419],[-75.31562,6.10416],[-75.31565,6.10427]],[[-75.32125,6.10236],[-75.32133,6.10228],[-75.32122,6.10225],[-75.32125,6.10236]],[[-75.30707,6.14244],[-75.30715,6.14236],[-75.30704,6.14233],[-75.30707,6.14244]],[[-75.33716,6.10802],[-75.33724,6.10794],[-75.33713,6.10791],[-75.33716,6.10802]],[[-75.31942,6.09632],[-75.31931,6.09629],[-75.31934,6.0964],[-75.31942,6.09632]],[[-75.32179,6.10191],[-75.32187,6.10183],[-75.32176,6.1018],[-75.32179,6.10191]],[[-75.31716,6.09396],[-75.31724,6.09388],[-75.31713,6.09385],[-75.31716,6.09396]],[[-75.32442,6.10615],[-75.3245,6.10607],[-75.32439,6.10604],[-75.32442,6.10615]],[[-75.31936,6.10607],[-75.31944,6.10599],[-75.31933,6.10596],[-75.31936,6.10607]],[[-75.33407,6.10233],[-75.33415,6.10225],[-75.33404,6.10222],[-75.33407,6.10233]],[[-75.31743,6.09342],[-75.31751,6.09334],[-75.3174,6.09331],[-75.31743,6.09342]],[[-75.33093,6.11102],[-75.33101,6.11094],[-75.3309,6.11091],[-75.33093,6.11102]],[[-75.3322,6.11427],[-75.33228,6.11419],[-75.33217,6.11416],[-75.3322,6.11427]],[[-75.34104,6.10611],[-75.34112,6.10603],[-75.34101,6.106],[-75.34104,6.10611]],[[-75.33036,6.09665],[-75.33044,6.09657],[-75.33033,6.09654],[-75.33036,6.09665]],[[-75.34249,6.10765],[-75.34256,6.10757],[-75.34245,6.10754],[-75.34249,6.10765]],[[-75.29723,6.09736],[-75.29739,6.09728],[-75.29718,6.09724],[-75.29723,6.09736]],[[-75.29669,6.09799],[-75.29685,6.09791],[-75.29664,6.09788],[-75.29669,6.09799]],[[-75.29724,6.10224],[-75.2974,6.10216],[-75.29719,6.10213],[-75.29724,6.10224]],[[-75.30232,6.11181],[-75.30248,6.11173],[-75.30227,6.1117],[-75.30232,6.11181]],[[-75.30538,6.10557],[-75.30554,6.10549],[-75.30533,6.10545],[-75.30538,6.10557]],[[-75.30673,6.10574],[-75.30689,6.10567],[-75.30668,6.10563],[-75.30673,6.10574]],[[-75.30508,6.09354],[-75.30524,6.09347],[-75.30503,6.09343],[-75.30508,6.09354]],[[-75.30593,6.11162],[-75.30609,6.11154],[-75.30588,6.11151],[-75.30593,6.11162]],[[-75.30727,6.14182],[-75.30742,6.14174],[-75.30722,6.1417],[-75.30727,6.14182]],[[-75.30537,6.10611],[-75.30545,6.10595],[-75.30533,6.1059],[-75.30537,6.10611]],[[-75.30355,6.14065],[-75.30363,6.14049],[-75.30351,6.14044],[-75.30355,6.14065]],[[-75.29705,6.10224],[-75.29713,6.10209],[-75.29701,6.10204],[-75.29705,6.10224]],[[-75.30554,6.14345],[-75.30562,6.14329],[-75.3055,6.14324],[-75.30554,6.14345]],[[-75.30615,6.09327],[-75.30623,6.09311],[-75.30611,6.09306],[-75.30615,6.09327]],[[-75.33254,6.09963],[-75.33262,6.09947],[-75.3325,6.09942],[-75.33254,6.09963]],[[-75.30262,6.09564],[-75.3024,6.09557],[-75.30254,6.09571],[-75.30262,6.09564]],[[-75.30607,6.10593],[-75.30585,6.10587],[-75.30599,6.10601],[-75.30607,6.10593]],[[-75.30854,6.12048],[-75.30832,6.12042],[-75.30846,6.12056],[-75.30854,6.12048]],[[-75.31355,6.09294],[-75.31349,6.09316],[-75.31363,6.09302],[-75.31355,6.09294]],[[-75.32841,6.11288],[-75.32827,6.11302],[-75.32835,6.1131],[-75.32841,6.11288]],[[-75.32451,6.10819],[-75.32445,6.10841],[-75.32459,6.10827],[-75.32451,6.10819]],[[-75.34187,6.11357],[-75.34181,6.1138],[-75.34195,6.11365],[-75.34187,6.11357]],[[-75.30021,6.13324],[-75.30045,6.13317],[-75.30015,6.13313],[-75.30021,6.13324]],[[-75.29444,6.09728],[-75.29468,6.0972],[-75.29438,6.09716],[-75.29444,6.09728]],[[-75.30742,6.10503],[-75.30726,6.10488],[-75.30711,6.10496],[-75.30742,6.10503]],[[-75.31652,6.09425],[-75.31636,6.0941],[-75.3162,6.09418],[-75.31652,6.09425]],[[-75.30642,6.134],[-75.30627,6.13416],[-75.30635,6.13432],[-75.30642,6.134]],[[-75.32323,6.10221],[-75.323,6.10213],[-75.32315,6.10236],[-75.32323,6.10221]],[[-75.3423,6.10761],[-75.34207,6.10775],[-75.34222,6.10783],[-75.3423,6.10761]],[[-75.30839,6.12292],[-75.30847,6.12269],[-75.30835,6.12262],[-75.30839,6.12292]],[[-75.31575,6.106],[-75.31584,6.10576],[-75.31572,6.1057],[-75.31575,6.106]],[[-75.30787,6.09218],[-75.30795,6.09195],[-75.30783,6.09189],[-75.30787,6.09218]],[[-75.32114,6.09342],[-75.32123,6.09318],[-75.32111,6.09312],[-75.32114,6.09342]],[[-75.29027,6.10107],[-75.29014,6.10097],[-75.29006,6.10118],[-75.29027,6.10107]],[[-75.29641,6.09726],[-75.29628,6.09716],[-75.29619,6.09737],[-75.29641,6.09726]],[[-75.31935,6.0955],[-75.31952,6.09541],[-75.3193,6.09529],[-75.31935,6.0955]],[[-75.34333,6.11696],[-75.3435,6.11687],[-75.34329,6.11676],[-75.34333,6.11696]],[[-75.30431,6.12129],[-75.30448,6.12112],[-75.30428,6.1211],[-75.30431,6.12129]],[[-75.30741,6.0947],[-75.30758,6.09454],[-75.30738,6.09451],[-75.30741,6.0947]],[[-75.29659,6.0989],[-75.29667,6.09858],[-75.29655,6.09851],[-75.29659,6.0989]],[[-75.29551,6.09773],[-75.29559,6.09741],[-75.29546,6.09734],[-75.29551,6.09773]],[[-75.30235,6.09292],[-75.30203,6.09277],[-75.30218,6.093],[-75.30235,6.09292]],[[-75.3088,6.10538],[-75.30867,6.10526],[-75.30846,6.10546],[-75.3088,6.10538]],[[-75.30933,6.10981],[-75.30911,6.10958],[-75.30901,6.10974],[-75.30933,6.10981]],[[-75.29595,6.09653],[-75.29582,6.09643],[-75.2957,6.09673],[-75.29595,6.09653]],[[-75.2957,6.10755],[-75.29588,6.10739],[-75.29567,6.10728],[-75.2957,6.10755]],[[-75.33226,6.11182],[-75.33247,6.11167],[-75.33217,6.11163],[-75.33226,6.11182]],[[-75.30797,6.13832],[-75.3079,6.13883],[-75.30805,6.13856],[-75.30797,6.13832]],[[-75.33281,6.10082],[-75.3323,6.10074],[-75.33256,6.1009],[-75.33281,6.10082]],[[-75.30607,6.10557],[-75.30567,6.10542],[-75.30599,6.10565],[-75.30607,6.10557]],[[-75.30353,6.11254],[-75.30366,6.11239],[-75.30345,6.11224],[-75.30353,6.11254]],[[-75.30193,6.09311],[-75.30208,6.09297],[-75.30178,6.09289],[-75.30193,6.09311]],[[-75.32427,6.1087],[-75.32443,6.10856],[-75.32412,6.10848],[-75.32427,6.1087]],[[-75.30627,6.12556],[-75.3064,6.1254],[-75.30619,6.12525],[-75.30627,6.12556]],[[-75.31391,6.09257],[-75.31361,6.09241],[-75.31353,6.09257],[-75.31391,6.09257]],[[-75.3406,6.10576],[-75.34077,6.10563],[-75.34055,6.10546],[-75.3406,6.10576]],[[-75.29356,6.09846],[-75.2937,6.0983],[-75.29339,6.09825],[-75.29356,6.09846]],[[-75.30084,6.09838],[-75.30076,6.0988],[-75.301,6.09848],[-75.30084,6.09838]],[[-75.33301,6.11464],[-75.33302,6.11431],[-75.33277,6.11451],[-75.33301,6.11464]],[[-75.32291,6.11141],[-75.32308,6.11116],[-75.32286,6.11111],[-75.32291,6.11141]],[[-75.3007,6.11562],[-75.30056,6.1155],[-75.30048,6.1159],[-75.3007,6.11562]],[[-75.30262,6.11137],[-75.30276,6.11118],[-75.30254,6.11097],[-75.30262,6.11137]],[[-75.31608,6.09727],[-75.31624,6.09696],[-75.31606,6.09693],[-75.31608,6.09727]],[[-75.3032,6.09654],[-75.30303,6.09648],[-75.30335,6.09684],[-75.3032,6.09654]],[[-75.30707,6.13984],[-75.30716,6.1395],[-75.30694,6.13935],[-75.30707,6.13984]],[[-75.30285,6.1124],[-75.30251,6.11249],[-75.30264,6.11263],[-75.30285,6.1124]],[[-75.30385,6.11609],[-75.30402,6.11616],[-75.30382,6.11567],[-75.30385,6.11609]],[[-75.31774,6.10602],[-75.31829,6.10611],[-75.31837,6.10601],[-75.31774,6.10602]],[[-75.30844,6.11098],[-75.30815,6.11104],[-75.30835,6.11117],[-75.30844,6.11098]],[[-75.29865,6.09442],[-75.29837,6.09467],[-75.29853,6.09474],[-75.29865,6.09442]],[[-75.29071,6.09941],[-75.29028,6.09955],[-75.29059,6.09965],[-75.29071,6.09941]],[[-75.34222,6.1073],[-75.3418,6.10705],[-75.342,6.10744],[-75.34222,6.1073]],[[-75.32465,6.1125],[-75.32481,6.11231],[-75.32449,6.11201],[-75.32465,6.1125]],[[-75.30848,6.12682],[-75.30818,6.12695],[-75.3084,6.12708],[-75.30848,6.12682]],[[-75.30682,6.11022],[-75.3065,6.1103],[-75.30656,6.11054],[-75.30682,6.11022]],[[-75.30752,6.14054],[-75.30722,6.14013],[-75.30734,6.1407],[-75.30752,6.14054]],[[-75.34468,6.11793],[-75.34495,6.11789],[-75.34484,6.11769],[-75.34468,6.11793]],[[-75.33408,6.10265],[-75.3338,6.10291],[-75.33395,6.10298],[-75.33408,6.10265]],[[-75.32033,6.09624],[-75.32001,6.09642],[-75.32025,6.0965],[-75.32033,6.09624]],[[-75.30326,6.09573],[-75.3027,6.09558],[-75.30275,6.09577],[-75.30326,6.09573]],[[-75.30788,6.13899],[-75.30775,6.1389],[-75.30754,6.13942],[-75.30788,6.13899]],[[-75.30798,6.10572],[-75.30766,6.10593],[-75.30789,6.10603],[-75.30798,6.10572]],[[-75.30247,6.11074],[-75.30201,6.11085],[-75.30255,6.11091],[-75.30247,6.11074]],[[-75.32517,6.10978],[-75.32559,6.10996],[-75.32512,6.10957],[-75.32517,6.10978]],[[-75.33087,6.0986],[-75.33049,6.09849],[-75.33106,6.09891],[-75.33087,6.0986]],[[-75.2924,6.0981],[-75.29276,6.09829],[-75.29289,6.09808],[-75.2924,6.0981]],[[-75.30899,6.11126],[-75.30935,6.11116],[-75.30895,6.11096],[-75.30899,6.11126]],[[-75.30755,6.1102],[-75.30803,6.11059],[-75.30818,6.11052],[-75.30755,6.1102]],[[-75.29749,6.09594],[-75.29718,6.09589],[-75.29705,6.09619],[-75.29749,6.09594]],[[-75.30357,6.13078],[-75.3038,6.13059],[-75.30349,6.13014],[-75.30357,6.13078]],[[-75.2983,6.09486],[-75.29808,6.0948],[-75.29807,6.09538],[-75.2983,6.09486]],[[-75.30263,6.09449],[-75.30216,6.09477],[-75.30255,6.09477],[-75.30263,6.09449]],[[-75.3023,6.10987],[-75.30172,6.11012],[-75.30217,6.11019],[-75.3023,6.10987]],[[-75.32479,6.10388],[-75.32533,6.10396],[-75.32447,6.10351],[-75.32479,6.10388]],[[-75.31788,6.10539],[-75.31882,6.10539],[-75.31779,6.10524],[-75.31788,6.10539]],[[-75.33022,6.11394],[-75.33,6.11389],[-75.3297,6.11428],[-75.33022,6.11394]],[[-75.31076,6.09329],[-75.31045,6.09287],[-75.31036,6.09323],[-75.31076,6.09329]],[[-75.30669,6.13029],[-75.30647,6.13022],[-75.30641,6.13081],[-75.30669,6.13029]],[[-75.30888,6.10904],[-75.30944,6.10921],[-75.30877,6.10888],[-75.30888,6.10904]],[[-75.30686,6.12946],[-75.30665,6.12941],[-75.30672,6.12999],[-75.30686,6.12946]],[[-75.31666,6.09616],[-75.31633,6.09612],[-75.31633,6.0967],[-75.31666,6.09616]],[[-75.3313,6.09909],[-75.33108,6.0992],[-75.33154,6.09958],[-75.3313,6.09909]],[[-75.30664,6.11099],[-75.30656,6.11064],[-75.30588,6.11051],[-75.30664,6.11099]],[[-75.33227,6.09994],[-75.33176,6.10014],[-75.33211,6.10028],[-75.33227,6.09994]],[[-75.32281,6.10292],[-75.32258,6.10325],[-75.32315,6.10358],[-75.32281,6.10292]],[[-75.29062,6.0998],[-75.29051,6.10063],[-75.2908,6.10028],[-75.29062,6.0998]],[[-75.30282,6.11174],[-75.30258,6.11193],[-75.3031,6.11217],[-75.30282,6.11174]],[[-75.30258,6.11277],[-75.30227,6.11269],[-75.30204,6.11354],[-75.30258,6.11277]],[[-75.30074,6.09973],[-75.30024,6.09873],[-75.30065,6.09988],[-75.30074,6.09973]],[[-75.34186,6.10633],[-75.34117,6.10624],[-75.34177,6.10689],[-75.34186,6.10633]],[[-75.30719,6.14294],[-75.30666,6.14258],[-75.3077,6.14364],[-75.30719,6.14294]],[[-75.30685,6.09329],[-75.30741,6.09291],[-75.30674,6.09243],[-75.30685,6.09329]],[[-75.31845,6.10476],[-75.31772,6.10484],[-75.31892,6.10513],[-75.31845,6.10476]],[[-75.30721,6.13344],[-75.30691,6.13335],[-75.30748,6.13505],[-75.30721,6.13344]],[[-75.33324,6.10015],[-75.33271,6.10019],[-75.33344,6.10063],[-75.33324,6.10015]],[[-75.30309,6.11005],[-75.30366,6.10989],[-75.30236,6.10962],[-75.30309,6.11005]],[[-75.30823,6.13689],[-75.3073,6.13731],[-75.30761,6.13779],[-75.30823,6.13689]],[[-75.30712,6.11141],[-75.30782,6.11084],[-75.30677,6.11093],[-75.30712,6.11141]],[[-75.29785,6.09627],[-75.29772,6.09616],[-75.29771,6.0981],[-75.29785,6.09627]],[[-75.34388,6.11961],[-75.34459,6.11908],[-75.34384,6.11901],[-75.34388,6.11961]],[[-75.30636,6.09442],[-75.30715,6.0939],[-75.30631,6.09384],[-75.30636,6.09442]],[[-75.29397,6.09712],[-75.29461,6.09621],[-75.29344,6.09695],[-75.29397,6.09712]],[[-75.31248,6.09356],[-75.31099,6.09242],[-75.311,6.09322],[-75.31248,6.09356]],[[-75.31148,6.09168],[-75.31036,6.09152],[-75.31225,6.09263],[-75.31148,6.09168]],[[-75.30383,6.14087],[-75.30345,6.14175],[-75.30476,6.1411],[-75.30383,6.14087]],[[-75.30049,6.09863],[-75.30111,6.09809],[-75.30007,6.09642],[-75.30049,6.09863]],[[-75.31966,6.0976],[-75.31647,6.09571],[-75.31773,6.09741],[-75.31966,6.0976]],[[-75.30115,6.09389],[-75.30153,6.09613],[-75.302,6.09517],[-75.30115,6.09389]],[[-75.30157,6.09678],[-75.30151,6.09624],[-75.30124,6.09741],[-75.30157,6.09678]],[[-75.31203,6.14452],[-75.31192,6.14449],[-75.31195,6.1446],[-75.31203,6.14452]],[[-75.31295,6.15329],[-75.31284,6.15326],[-75.31288,6.15337],[-75.31295,6.15329]],[[-75.30963,6.1231],[-75.30952,6.12307],[-75.30955,6.12318],[-75.30963,6.1231]],[[-75.31247,6.1391],[-75.31236,6.13907],[-75.31239,6.13918],[-75.31247,6.1391]],[[-75.31283,6.13846],[-75.31272,6.13843],[-75.31275,6.13854],[-75.31283,6.13846]],[[-75.3135,6.15465],[-75.31339,6.15461],[-75.31342,6.15472],[-75.3135,6.15465]],[[-75.31314,6.15374],[-75.31303,6.15371],[-75.31306,6.15382],[-75.31314,6.15374]],[[-75.31187,6.15185],[-75.31176,6.15182],[-75.31179,6.15193],[-75.31187,6.15185]],[[-75.31819,6.11251],[-75.31808,6.11247],[-75.31811,6.11258],[-75.31819,6.11251]],[[-75.32271,6.15155],[-75.3226,6.15152],[-75.32263,6.15163],[-75.32271,6.15155]],[[-75.31055,6.12816],[-75.31044,6.12813],[-75.31047,6.12824],[-75.31055,6.12816]],[[-75.32702,6.14151],[-75.32691,6.14147],[-75.32694,6.14158],[-75.32702,6.14151]],[[-75.31709,6.14424],[-75.31698,6.14421],[-75.31701,6.14432],[-75.31709,6.14424]],[[-75.31983,6.15662],[-75.31972,6.15659],[-75.31975,6.1567],[-75.31983,6.15662]],[[-75.31305,6.15356],[-75.31293,6.15353],[-75.31297,6.15364],[-75.31305,6.15356]],[[-75.31286,6.15302],[-75.31275,6.15299],[-75.31278,6.1531],[-75.31286,6.15302]],[[-75.31882,6.11296],[-75.31871,6.11293],[-75.31874,6.11304],[-75.31882,6.11296]],[[-75.31841,6.12905],[-75.3183,6.12902],[-75.31833,6.12913],[-75.31841,6.12905]],[[-75.32662,6.12795],[-75.32651,6.12791],[-75.32655,6.12802],[-75.32662,6.12795]],[[-75.31921,6.16349],[-75.3191,6.16346],[-75.31913,6.16357],[-75.31921,6.16349]],[[-75.31868,6.13113],[-75.31857,6.1311],[-75.3186,6.13121],[-75.31868,6.13113]],[[-75.32324,6.1482],[-75.32313,6.14817],[-75.32316,6.14828],[-75.32324,6.1482]],[[-75.33754,6.12014],[-75.33743,6.12011],[-75.33746,6.12022],[-75.33754,6.12014]],[[-75.32795,6.15244],[-75.32784,6.15241],[-75.32787,6.15252],[-75.32795,6.15244]],[[-75.33717,6.1583],[-75.33706,6.15827],[-75.33709,6.15838],[-75.33717,6.1583]],[[-75.33276,6.16364],[-75.33265,6.16361],[-75.33268,6.16372],[-75.33276,6.16364]],[[-75.32418,6.16312],[-75.32407,6.16309],[-75.3241,6.1632],[-75.32418,6.16312]],[[-75.32427,6.1633],[-75.32416,6.16327],[-75.32419,6.16338],[-75.32427,6.1633]],[[-75.33357,6.16174],[-75.33346,6.16171],[-75.33349,6.16182],[-75.33357,6.16174]],[[-75.34541,6.12582],[-75.3453,6.12579],[-75.34533,6.1259],[-75.34541,6.12582]],[[-75.34504,6.12329],[-75.34493,6.12326],[-75.34496,6.12337],[-75.34504,6.12329]],[[-75.3391,6.13271],[-75.33899,6.13268],[-75.33902,6.13279],[-75.3391,6.13271]],[[-75.33757,6.1347],[-75.33746,6.13467],[-75.33749,6.13478],[-75.33757,6.1347]],[[-75.33508,6.15306],[-75.33497,6.15303],[-75.335,6.15314],[-75.33508,6.15306]],[[-75.32923,6.1585],[-75.32912,6.15847],[-75.32915,6.15858],[-75.32923,6.1585]],[[-75.33951,6.15124],[-75.3394,6.15121],[-75.33943,6.15132],[-75.33951,6.15124]],[[-75.34053,6.16371],[-75.34042,6.16368],[-75.34045,6.16379],[-75.34053,6.16371]],[[-75.3417,6.16398],[-75.34159,6.16395],[-75.34162,6.16406],[-75.3417,6.16398]],[[-75.32454,6.16321],[-75.32443,6.16318],[-75.32446,6.16329],[-75.32454,6.16321]],[[-75.32687,6.15687],[-75.32676,6.15684],[-75.32679,6.15695],[-75.32687,6.15687]],[[-75.34433,6.16777],[-75.34422,6.16774],[-75.34425,6.16785],[-75.34433,6.16777]],[[-75.34459,6.16262],[-75.34448,6.16259],[-75.34451,6.1627],[-75.34459,6.16262]],[[-75.33925,6.12059],[-75.33914,6.12056],[-75.33917,6.12067],[-75.33925,6.12059]],[[-75.34469,6.12754],[-75.34458,6.12751],[-75.34461,6.12762],[-75.34469,6.12754]],[[-75.33793,6.13606],[-75.33782,6.13602],[-75.33786,6.13613],[-75.33793,6.13606]],[[-75.34218,6.13614],[-75.34207,6.13611],[-75.3421,6.13622],[-75.34218,6.13614]],[[-75.34019,6.13424],[-75.34008,6.13421],[-75.34011,6.13432],[-75.34019,6.13424]],[[-75.34152,6.16389],[-75.34141,6.16386],[-75.34144,6.16397],[-75.34152,6.16389]],[[-75.3416,6.16018],[-75.34149,6.16015],[-75.34153,6.16026],[-75.3416,6.16018]],[[-75.34836,6.1514],[-75.34825,6.15137],[-75.34828,6.15148],[-75.34836,6.1514]],[[-75.34017,6.16516],[-75.34006,6.16513],[-75.34009,6.16524],[-75.34017,6.16516]],[[-75.3466,6.17229],[-75.34649,6.17226],[-75.34652,6.17237],[-75.3466,6.17229]],[[-75.35045,6.15745],[-75.35034,6.15742],[-75.35037,6.15753],[-75.35045,6.15745]],[[-75.34278,6.16136],[-75.34267,6.16133],[-75.3427,6.16144],[-75.34278,6.16136]],[[-75.35653,6.17091],[-75.35642,6.17088],[-75.35645,6.17099],[-75.35653,6.17091]],[[-75.35644,6.17145],[-75.35633,6.17142],[-75.35637,6.17153],[-75.35644,6.17145]],[[-75.35101,6.16441],[-75.3509,6.16438],[-75.35093,6.16449],[-75.35101,6.16441]],[[-75.35918,6.18048],[-75.35907,6.18045],[-75.3591,6.18056],[-75.35918,6.18048]],[[-75.32455,6.16683],[-75.32435,6.16679],[-75.3244,6.16691],[-75.32455,6.16683]],[[-75.32763,6.12822],[-75.32742,6.12818],[-75.32747,6.1283],[-75.32763,6.12822]],[[-75.33194,6.15913],[-75.33174,6.15909],[-75.33179,6.15921],[-75.33194,6.15913]],[[-75.32573,6.16818],[-75.32552,6.16815],[-75.32557,6.16826],[-75.32573,6.16818]],[[-75.32546,6.16809],[-75.32525,6.16806],[-75.3253,6.16817],[-75.32546,6.16809]],[[-75.32446,6.16358],[-75.32425,6.16354],[-75.3243,6.16365],[-75.32446,6.16358]],[[-75.32777,6.15254],[-75.32757,6.1525],[-75.32761,6.15262],[-75.32777,6.15254]],[[-75.33167,6.15877],[-75.33146,6.15873],[-75.33151,6.15885],[-75.33167,6.15877]],[[-75.33983,6.16951],[-75.33962,6.16947],[-75.33967,6.16958],[-75.33983,6.16951]],[[-75.34019,6.1696],[-75.33998,6.16956],[-75.34003,6.16967],[-75.34019,6.1696]],[[-75.35007,6.14797],[-75.34987,6.14793],[-75.34991,6.14804],[-75.35007,6.14797]],[[-75.34396,6.16154],[-75.34376,6.1615],[-75.3438,6.16162],[-75.34396,6.16154]],[[-75.33673,6.15821],[-75.33652,6.15818],[-75.33657,6.15829],[-75.33673,6.15821]],[[-75.33655,6.15876],[-75.33634,6.15872],[-75.33639,6.15883],[-75.33655,6.15876]],[[-75.34106,6.15775],[-75.34086,6.15771],[-75.34091,6.15783],[-75.34106,6.15775]],[[-75.35182,6.15944],[-75.35161,6.15941],[-75.35166,6.15952],[-75.35182,6.15944]],[[-75.35091,6.15999],[-75.35071,6.15995],[-75.35076,6.16007],[-75.35091,6.15999]],[[-75.35053,6.1495],[-75.35032,6.14947],[-75.35037,6.14958],[-75.35053,6.1495]],[[-75.31278,6.1525],[-75.31266,6.15245],[-75.3127,6.15265],[-75.31278,6.1525]],[[-75.31883,6.1127],[-75.31871,6.11265],[-75.31875,6.11286],[-75.31883,6.1127]],[[-75.32401,6.16549],[-75.32389,6.16544],[-75.32393,6.16564],[-75.32401,6.16549]],[[-75.32172,6.15013],[-75.3216,6.15008],[-75.32163,6.15028],[-75.32172,6.15013]],[[-75.32824,6.15843],[-75.32812,6.15838],[-75.32816,6.15858],[-75.32824,6.15843]],[[-75.3446,6.12729],[-75.34449,6.12724],[-75.34452,6.12744],[-75.3446,6.12729]],[[-75.34028,6.13245],[-75.34016,6.1324],[-75.3402,6.13261],[-75.34028,6.13245]],[[-75.34455,6.14184],[-75.34443,6.14179],[-75.34447,6.142],[-75.34455,6.14184]],[[-75.35054,6.15367],[-75.35042,6.15362],[-75.35046,6.15383],[-75.35054,6.15367]],[[-75.34615,6.1686],[-75.34603,6.16855],[-75.34607,6.16876],[-75.34615,6.1686]],[[-75.32395,6.16068],[-75.32403,6.16076],[-75.32409,6.16054],[-75.32395,6.16068]],[[-75.3388,6.1356],[-75.33888,6.13568],[-75.33894,6.13546],[-75.3388,6.1356]],[[-75.34223,6.13625],[-75.34237,6.1364],[-75.34245,6.13632],[-75.34223,6.13625]],[[-75.35197,6.17389],[-75.35211,6.17375],[-75.35204,6.17367],[-75.35197,6.17389]],[[-75.32243,6.14632],[-75.32213,6.14628],[-75.32219,6.14639],[-75.32243,6.14632]],[[-75.35128,6.1599],[-75.35098,6.15986],[-75.35104,6.15998],[-75.35128,6.1599]],[[-75.34372,6.13397],[-75.34342,6.13393],[-75.34348,6.13405],[-75.34372,6.13397]],[[-75.34828,6.15222],[-75.34798,6.15218],[-75.34804,6.1523],[-75.34828,6.15222]],[[-75.34651,6.16705],[-75.34621,6.16701],[-75.34627,6.16713],[-75.34651,6.16705]],[[-75.33918,6.15164],[-75.3391,6.15179],[-75.33933,6.15187],[-75.33918,6.15164]],[[-75.34665,6.1722],[-75.3468,6.17228],[-75.34688,6.17205],[-75.34665,6.1722]],[[-75.35244,6.17689],[-75.35259,6.17697],[-75.35267,6.17674],[-75.35244,6.17689]],[[-75.35041,6.16024],[-75.35064,6.1601],[-75.35049,6.16002],[-75.35041,6.16024]],[[-75.31306,6.1545],[-75.31294,6.15443],[-75.31298,6.15473],[-75.31306,6.1545]],[[-75.33179,6.14282],[-75.33171,6.14303],[-75.33192,6.14292],[-75.33179,6.14282]],[[-75.3483,6.15944],[-75.34809,6.15932],[-75.34813,6.15953],[-75.3483,6.15944]],[[-75.32662,6.16302],[-75.32642,6.16299],[-75.32644,6.16319],[-75.32662,6.16302]],[[-75.34389,6.13432],[-75.34369,6.13429],[-75.34372,6.13449],[-75.34389,6.13432]],[[-75.34719,6.15357],[-75.34699,6.15354],[-75.34702,6.15374],[-75.34719,6.15357]],[[-75.31815,6.12852],[-75.31794,6.12848],[-75.31805,6.12868],[-75.31815,6.12852]],[[-75.32823,6.153],[-75.32802,6.15295],[-75.32813,6.15316],[-75.32823,6.153]],[[-75.34277,6.13722],[-75.34285,6.1373],[-75.34301,6.13699],[-75.34277,6.13722]],[[-75.34378,6.14041],[-75.34401,6.14064],[-75.34409,6.14056],[-75.34378,6.14041]],[[-75.34797,6.1564],[-75.3482,6.15663],[-75.34828,6.15655],[-75.34797,6.1564]],[[-75.31976,6.15738],[-75.31954,6.15731],[-75.3196,6.15753],[-75.31976,6.15738]],[[-75.34019,6.16465],[-75.33997,6.16459],[-75.34003,6.1648],[-75.34019,6.16465]],[[-75.35183,6.16028],[-75.35161,6.16022],[-75.35167,6.16044],[-75.35183,6.16028]],[[-75.30774,6.11618],[-75.30752,6.11612],[-75.30758,6.11633],[-75.30774,6.11618]],[[-75.35922,6.18038],[-75.35936,6.18021],[-75.35929,6.17997],[-75.35922,6.18038]],[[-75.32547,6.16828],[-75.32507,6.16824],[-75.32514,6.16836],[-75.32547,6.16828]],[[-75.33916,6.15128],[-75.33903,6.15121],[-75.33907,6.1516],[-75.33916,6.15128]],[[-75.33421,6.1616],[-75.33409,6.16153],[-75.33413,6.16192],[-75.33421,6.1616]],[[-75.34464,6.15964],[-75.34447,6.1596],[-75.34451,6.15989],[-75.34464,6.15964]],[[-75.31893,6.12929],[-75.31881,6.12959],[-75.31906,6.12938],[-75.31893,6.12929]],[[-75.3193,6.12697],[-75.31911,6.12667],[-75.31914,6.12691],[-75.3193,6.12697]],[[-75.32776,6.15937],[-75.32767,6.15959],[-75.32798,6.15943],[-75.32776,6.15937]],[[-75.34816,6.15182],[-75.34807,6.15204],[-75.34838,6.15188],[-75.34816,6.15182]],[[-75.30761,6.11521],[-75.30752,6.11543],[-75.30783,6.11527],[-75.30761,6.11521]],[[-75.30827,6.1164],[-75.30806,6.11629],[-75.3081,6.11656],[-75.30827,6.1164]],[[-75.32398,6.16354],[-75.32389,6.16373],[-75.32419,6.16367],[-75.32398,6.16354]],[[-75.31762,6.15626],[-75.31791,6.15623],[-75.31794,6.15603],[-75.31762,6.15626]],[[-75.32235,6.14599],[-75.32204,6.14592],[-75.32219,6.14613],[-75.32235,6.14599]],[[-75.33241,6.16197],[-75.33219,6.1618],[-75.33225,6.16211],[-75.33241,6.16197]],[[-75.32616,6.15473],[-75.32585,6.15468],[-75.32602,6.15489],[-75.32616,6.15473]],[[-75.34409,6.16883],[-75.34377,6.16874],[-75.34384,6.16895],[-75.34409,6.16883]],[[-75.31283,6.15251],[-75.31305,6.15292],[-75.31313,6.15284],[-75.31283,6.15251]],[[-75.32231,6.13249],[-75.3221,6.13245],[-75.32214,6.13274],[-75.32231,6.13249]],[[-75.34424,6.16128],[-75.34403,6.16123],[-75.34407,6.16153],[-75.34424,6.16128]],[[-75.34451,6.16218],[-75.34421,6.16214],[-75.34426,6.16235],[-75.34451,6.16218]],[[-75.31738,6.12477],[-75.31709,6.12492],[-75.3176,6.12492],[-75.31738,6.12477]],[[-75.32083,6.13191],[-75.32065,6.13163],[-75.32068,6.13198],[-75.32083,6.13191]],[[-75.31224,6.14117],[-75.31258,6.14098],[-75.31242,6.14084],[-75.31224,6.14117]],[[-75.31384,6.14034],[-75.31363,6.13997],[-75.31367,6.14026],[-75.31384,6.14034]],[[-75.31995,6.16573],[-75.31974,6.16536],[-75.31978,6.16565],[-75.31995,6.16573]],[[-75.3374,6.17094],[-75.337,6.17083],[-75.33716,6.17105],[-75.3374,6.17094]],[[-75.35073,6.15445],[-75.35033,6.15435],[-75.35049,6.15456],[-75.35073,6.15445]],[[-75.34377,6.13987],[-75.34419,6.14019],[-75.34427,6.14011],[-75.34377,6.13987]],[[-75.30889,6.1149],[-75.30908,6.11497],[-75.30917,6.1148],[-75.30889,6.1149]],[[-75.32754,6.15291],[-75.32775,6.15298],[-75.32795,6.15281],[-75.32754,6.15291]],[[-75.35537,6.16792],[-75.35497,6.16781],[-75.35503,6.16801],[-75.35537,6.16792]],[[-75.34308,6.13561],[-75.3433,6.13572],[-75.34336,6.13558],[-75.34308,6.13561]],[[-75.31266,6.13839],[-75.31227,6.13834],[-75.3124,6.13856],[-75.31266,6.13839]],[[-75.33867,6.17056],[-75.33836,6.17047],[-75.33854,6.17078],[-75.33867,6.17056]],[[-75.35789,6.18118],[-75.35769,6.18158],[-75.35802,6.18127],[-75.35789,6.18118]],[[-75.34981,6.14701],[-75.3495,6.14694],[-75.34958,6.14723],[-75.34981,6.14701]],[[-75.35043,6.15941],[-75.35036,6.15955],[-75.35074,6.15945],[-75.35043,6.15941]],[[-75.32672,6.15672],[-75.3264,6.15666],[-75.32646,6.15695],[-75.32672,6.15672]],[[-75.34769,6.16705],[-75.34693,6.16701],[-75.34702,6.16713],[-75.34769,6.16705]],[[-75.3275,6.15265],[-75.3272,6.15259],[-75.32726,6.15291],[-75.3275,6.15265]],[[-75.32519,6.14985],[-75.32552,6.14991],[-75.3256,6.14974],[-75.32519,6.14985]],[[-75.3321,6.16027],[-75.33199,6.16058],[-75.33232,6.16047],[-75.3321,6.16027]],[[-75.35329,6.18318],[-75.35347,6.18318],[-75.35347,6.18291],[-75.35329,6.18318]],[[-75.33945,6.13584],[-75.33948,6.13633],[-75.33958,6.13594],[-75.33945,6.13584]],[[-75.31838,6.12968],[-75.31843,6.12995],[-75.31865,6.1295],[-75.31838,6.12968]],[[-75.33953,6.13249],[-75.33936,6.13276],[-75.33975,6.13255],[-75.33953,6.13249]],[[-75.35455,6.16784],[-75.35416,6.16754],[-75.3542,6.16771],[-75.35455,6.16784]],[[-75.319,6.13157],[-75.31905,6.13122],[-75.31887,6.13144],[-75.319,6.13157]],[[-75.31903,6.16301],[-75.31927,6.16332],[-75.31921,6.16291],[-75.31903,6.16301]],[[-75.31273,6.15554],[-75.31297,6.15509],[-75.31289,6.15476],[-75.31273,6.15554]],[[-75.32736,6.15703],[-75.32752,6.15715],[-75.32761,6.15683],[-75.32736,6.15703]],[[-75.34529,6.16996],[-75.34536,6.17021],[-75.34552,6.1698],[-75.34529,6.16996]],[[-75.32067,6.15149],[-75.32082,6.15173],[-75.32099,6.1514],[-75.32067,6.15149]],[[-75.3111,6.14223],[-75.31103,6.14268],[-75.31132,6.1424],[-75.3111,6.14223]],[[-75.33275,6.15878],[-75.33296,6.15903],[-75.33303,6.15868],[-75.33275,6.15878]],[[-75.344,6.13603],[-75.34391,6.1357],[-75.34373,6.13588],[-75.344,6.13603]],[[-75.31917,6.13005],[-75.31929,6.13023],[-75.31942,6.12983],[-75.31917,6.13005]],[[-75.3124,6.15453],[-75.31221,6.155],[-75.31252,6.1546],[-75.3124,6.15453]],[[-75.33809,6.13521],[-75.33788,6.13547],[-75.3384,6.13529],[-75.33809,6.13521]],[[-75.32205,6.14966],[-75.32187,6.14899],[-75.32191,6.14946],[-75.32205,6.14966]],[[-75.35268,6.17628],[-75.35219,6.17622],[-75.35244,6.17653],[-75.35268,6.17628]],[[-75.34521,6.12679],[-75.34518,6.12717],[-75.3456,6.12658],[-75.34521,6.12679]],[[-75.34138,6.13563],[-75.34103,6.13572],[-75.34182,6.13605],[-75.34138,6.13563]],[[-75.30869,6.1162],[-75.30852,6.11679],[-75.30882,6.11631],[-75.30869,6.1162]],[[-75.32066,6.15609],[-75.31999,6.15596],[-75.32014,6.15617],[-75.32066,6.15609]],[[-75.32165,6.15644],[-75.32134,6.15604],[-75.32139,6.15633],[-75.32165,6.15644]],[[-75.35022,6.15847],[-75.35061,6.15887],[-75.351,6.1589],[-75.35022,6.15847]],[[-75.32609,6.15697],[-75.32626,6.15668],[-75.3259,6.15672],[-75.32609,6.15697]],[[-75.34646,6.14318],[-75.34606,6.14288],[-75.3461,6.14311],[-75.34646,6.14318]],[[-75.33291,6.16359],[-75.33298,6.16383],[-75.3335,6.16295],[-75.33291,6.16359]],[[-75.32668,6.16721],[-75.32686,6.16784],[-75.3269,6.16733],[-75.32668,6.16721]],[[-75.34513,6.1539],[-75.34482,6.15382],[-75.34492,6.15421],[-75.34513,6.1539]],[[-75.34747,6.14517],[-75.34812,6.14526],[-75.34826,6.14502],[-75.34747,6.14517]],[[-75.34709,6.17209],[-75.34796,6.1714],[-75.34773,6.17132],[-75.34709,6.17209]],[[-75.34311,6.12951],[-75.34337,6.12972],[-75.34354,6.12939],[-75.34311,6.12951]],[[-75.32765,6.16627],[-75.32845,6.16589],[-75.32829,6.16575],[-75.32765,6.16627]],[[-75.34824,6.14589],[-75.34836,6.14572],[-75.34773,6.14574],[-75.34824,6.14589]],[[-75.31948,6.13146],[-75.31928,6.13176],[-75.31988,6.1315],[-75.31948,6.13146]],[[-75.34345,6.12875],[-75.34232,6.12851],[-75.34254,6.12873],[-75.34345,6.12875]],[[-75.34513,6.15322],[-75.34482,6.15264],[-75.34486,6.15329],[-75.34513,6.15322]],[[-75.34268,6.13662],[-75.34375,6.13709],[-75.34373,6.1369],[-75.34268,6.13662]],[[-75.31607,6.12119],[-75.31637,6.12098],[-75.31605,6.12058],[-75.31607,6.12119]],[[-75.35095,6.17418],[-75.35102,6.17472],[-75.35131,6.17403],[-75.35095,6.17418]],[[-75.31318,6.15387],[-75.31317,6.15441],[-75.31372,6.15456],[-75.31318,6.15387]],[[-75.30988,6.12307],[-75.30971,6.12334],[-75.31047,6.12314],[-75.30988,6.12307]],[[-75.32365,6.15948],[-75.32436,6.16056],[-75.32423,6.16024],[-75.32365,6.15948]],[[-75.34909,6.17419],[-75.34906,6.17386],[-75.34854,6.17397],[-75.34909,6.17419]],[[-75.32246,6.16672],[-75.32309,6.16701],[-75.32289,6.16656],[-75.32246,6.16672]],[[-75.33775,6.13376],[-75.33738,6.13364],[-75.33856,6.13488],[-75.33775,6.13376]],[[-75.33877,6.17019],[-75.33926,6.17014],[-75.33938,6.16954],[-75.33877,6.17019]],[[-75.30921,6.14405],[-75.30882,6.14442],[-75.30961,6.14409],[-75.30921,6.14405]],[[-75.32404,6.16538],[-75.3247,6.16444],[-75.32492,6.16323],[-75.32404,6.16538]],[[-75.34618,6.17181],[-75.34643,6.17194],[-75.34715,6.17133],[-75.34618,6.17181]],[[-75.35475,6.16897],[-75.35491,6.16871],[-75.35419,6.16868],[-75.35475,6.16897]],[[-75.35803,6.17577],[-75.35861,6.1749],[-75.35823,6.17526],[-75.35803,6.17577]],[[-75.34591,6.12643],[-75.34629,6.12655],[-75.34644,6.12607],[-75.34591,6.12643]],[[-75.3084,6.14337],[-75.3079,6.14403],[-75.30824,6.14426],[-75.3084,6.14337]],[[-75.3385,6.13515],[-75.33952,6.13563],[-75.34083,6.13569],[-75.3385,6.13515]],[[-75.35304,6.17442],[-75.35303,6.17481],[-75.35367,6.1742],[-75.35304,6.17442]],[[-75.3116,6.14185],[-75.31154,6.14237],[-75.31255,6.1416],[-75.3116,6.14185]],[[-75.34281,6.16011],[-75.34451,6.1607],[-75.34421,6.16028],[-75.34281,6.16011]],[[-75.33235,6.16158],[-75.33119,6.16006],[-75.33201,6.1618],[-75.33235,6.16158]],[[-75.32006,6.16602],[-75.32033,6.16674],[-75.32085,6.16656],[-75.32006,6.16602]],[[-75.34445,6.12355],[-75.34475,6.12335],[-75.34439,6.12251],[-75.34445,6.12355]],[[-75.30702,6.11446],[-75.30739,6.11498],[-75.30792,6.11391],[-75.30702,6.11446]],[[-75.32594,6.16833],[-75.3276,6.16837],[-75.32702,6.16818],[-75.32594,6.16833]],[[-75.33508,6.1696],[-75.33596,6.16962],[-75.3349,6.16917],[-75.33508,6.1696]],[[-75.31925,6.16454],[-75.31964,6.16504],[-75.31942,6.16368],[-75.31925,6.16454]],[[-75.32182,6.15729],[-75.32204,6.15791],[-75.32212,6.15692],[-75.32182,6.15729]],[[-75.30846,6.14466],[-75.30913,6.14535],[-75.30969,6.14448],[-75.30846,6.14466]],[[-75.33529,6.15985],[-75.33435,6.15854],[-75.33458,6.15895],[-75.33529,6.15985]],[[-75.34414,6.12529],[-75.34497,6.12626],[-75.34452,6.12503],[-75.34414,6.12529]],[[-75.32543,6.16765],[-75.32629,6.16757],[-75.32529,6.16729],[-75.32543,6.16765]],[[-75.34273,6.16002],[-75.34154,6.15776],[-75.34195,6.16024],[-75.34273,6.16002]],[[-75.34997,6.17338],[-75.34739,6.17225],[-75.34798,6.17375],[-75.34997,6.17338]],[[-75.34159,6.1706],[-75.34397,6.17158],[-75.34396,6.16951],[-75.34159,6.1706]],[[-75.33503,6.16266],[-75.33242,6.16166],[-75.33428,6.16257],[-75.33503,6.16266]],[[-75.35026,6.17482],[-75.35067,6.17436],[-75.35006,6.1741],[-75.35026,6.17482]],[[-75.28895,6.12043],[-75.28903,6.12035],[-75.28892,6.12032],[-75.28895,6.12043]],[[-75.28723,6.11826],[-75.28731,6.11818],[-75.2872,6.11815],[-75.28723,6.11826]],[[-75.28714,6.11853],[-75.28722,6.11845],[-75.28711,6.11842],[-75.28714,6.11853]],[[-75.28654,6.13282],[-75.28662,6.13274],[-75.28651,6.13271],[-75.28654,6.13282]],[[-75.28769,6.11916],[-75.28777,6.11908],[-75.28766,6.11905],[-75.28769,6.11916]],[[-75.28597,6.11962],[-75.28605,6.11954],[-75.28594,6.11951],[-75.28597,6.11962]],[[-75.28767,6.1122],[-75.28775,6.11212],[-75.28764,6.11209],[-75.28767,6.1122]],[[-75.28505,6.11085],[-75.28513,6.11077],[-75.28502,6.11074],[-75.28505,6.11085]],[[-75.28469,6.11094],[-75.28477,6.11086],[-75.28466,6.11083],[-75.28469,6.11094]],[[-75.28957,6.11428],[-75.28965,6.1142],[-75.28954,6.11417],[-75.28957,6.11428]],[[-75.28879,6.12883],[-75.28887,6.12876],[-75.28876,6.12872],[-75.28879,6.12883]],[[-75.2953,6.13162],[-75.29538,6.13154],[-75.29527,6.13151],[-75.2953,6.13162]],[[-75.29809,6.12565],[-75.29817,6.12557],[-75.29806,6.12554],[-75.29809,6.12565]],[[-75.28935,6.12811],[-75.28951,6.12804],[-75.2893,6.128],[-75.28935,6.12811]],[[-75.28674,6.13273],[-75.2869,6.13265],[-75.28669,6.13262],[-75.28674,6.13273]],[[-75.28545,6.11935],[-75.28561,6.11928],[-75.2854,6.11924],[-75.28545,6.11935]],[[-75.28728,6.13481],[-75.28736,6.13465],[-75.28724,6.1346],[-75.28728,6.13481]],[[-75.29346,6.11147],[-75.29354,6.11132],[-75.29342,6.11127],[-75.29346,6.11147]],[[-75.28908,6.12134],[-75.28932,6.12126],[-75.28902,6.12122],[-75.28908,6.12134]],[[-75.29773,6.11399],[-75.29797,6.11392],[-75.29767,6.11388],[-75.29773,6.11399]],[[-75.29245,6.1102],[-75.29262,6.11003],[-75.29242,6.11],[-75.29245,6.1102]],[[-75.28031,6.13763],[-75.28041,6.13747],[-75.2802,6.13742],[-75.28031,6.13763]],[[-75.29638,6.13117],[-75.29648,6.13101],[-75.29626,6.13097],[-75.29638,6.13117]],[[-75.29652,6.11391],[-75.29662,6.11374],[-75.2964,6.1137],[-75.29652,6.11391]],[[-75.29481,6.11233],[-75.29458,6.11256],[-75.29466,6.11264],[-75.29481,6.11233]],[[-75.29611,6.11437],[-75.29627,6.11422],[-75.29604,6.11415],[-75.29611,6.11437]],[[-75.28951,6.10823],[-75.28983,6.10815],[-75.28944,6.10811],[-75.28951,6.10823]],[[-75.28777,6.11152],[-75.28755,6.11146],[-75.28746,6.11168],[-75.28777,6.11152]],[[-75.28754,6.13392],[-75.28727,6.13376],[-75.28703,6.13384],[-75.28754,6.13392]],[[-75.29956,6.14075],[-75.29923,6.14052],[-75.29916,6.1406],[-75.29956,6.14075]],[[-75.28701,6.13383],[-75.28688,6.1337],[-75.28669,6.134],[-75.28701,6.13383]],[[-75.2981,6.12502],[-75.29827,6.12509],[-75.29806,6.12473],[-75.2981,6.12502]],[[-75.28785,6.11313],[-75.28757,6.11323],[-75.28776,6.1133],[-75.28785,6.11313]],[[-75.29381,6.1116],[-75.29399,6.1116],[-75.29378,6.11126],[-75.29381,6.1116]],[[-75.2969,6.11431],[-75.29647,6.11421],[-75.29677,6.11455],[-75.2969,6.11431]],[[-75.29034,6.12197],[-75.29032,6.12167],[-75.29001,6.12158],[-75.29034,6.12197]],[[-75.29026,6.12082],[-75.29077,6.12082],[-75.2901,6.12058],[-75.29026,6.12082]],[[-75.3011,6.14069],[-75.3007,6.14086],[-75.30102,6.14093],[-75.3011,6.14069]],[[-75.30192,6.13738],[-75.30179,6.13728],[-75.30134,6.13769],[-75.30192,6.13738]],[[-75.29088,6.13422],[-75.29129,6.13436],[-75.29076,6.13405],[-75.29088,6.13422]],[[-75.29459,6.11144],[-75.29441,6.11135],[-75.29435,6.11193],[-75.29459,6.11144]],[[-75.29812,6.12594],[-75.29797,6.12581],[-75.298,6.12658],[-75.29812,6.12594]],[[-75.29418,6.1134],[-75.29391,6.11339],[-75.29436,6.11382],[-75.29418,6.1134]],[[-75.3012,6.13701],[-75.30164,6.13676],[-75.30115,6.13656],[-75.3012,6.13701]],[[-75.28946,6.10639],[-75.28877,6.10683],[-75.28872,6.10716],[-75.28946,6.10639]],[[-75.2795,6.13673],[-75.2785,6.13603],[-75.27835,6.1364],[-75.2795,6.13673]],[[-75.29513,6.1143],[-75.29493,6.11501],[-75.296,6.11434],[-75.29513,6.1143]],[[-75.29834,6.11163],[-75.29735,6.11218],[-75.29821,6.11211],[-75.29834,6.11163]],[[-75.28861,6.12822],[-75.28912,6.12753],[-75.28804,6.12746],[-75.28861,6.12822]],[[-75.29325,6.11188],[-75.29354,6.11161],[-75.29293,6.11193],[-75.29325,6.11188]],[[-75.32491,6.20137],[-75.32402,6.20061],[-75.32339,6.20079],[-75.32491,6.20137]],[[-75.32197,6.22351],[-75.32137,6.22279],[-75.32234,6.22452],[-75.32197,6.22351]],[[-75.28241353287353,6.256888299347775],[-75.28049589488279,6.253571526342342],[-75.28161,6.25618],[-75.28241353287353,6.256888299347775]],[[-75.28123,6.25272],[-75.27974014722575,6.251802081229131],[-75.2803680472894,6.2532721945518315],[-75.28123,6.25272]],[[-75.27924130741528,6.250634138918399],[-75.27935,6.24993],[-75.27838989890337,6.248640721384526],[-75.27924130741528,6.250634138918399]],[[-75.27767007021063,6.247508817563803],[-75.27886,6.2463],[-75.27741299893277,6.247144083955887],[-75.27767007021063,6.247508817563803]],[[-75.25803733837067,6.220711007822071],[-75.25847,6.21745],[-75.25564884846554,6.216371671523555],[-75.25803733837067,6.220711007822071]],[[-75.2513,6.20929],[-75.25189,6.21272],[-75.2531,6.21102],[-75.2513,6.20929]],[[-75.24972372315035,6.208161813842483],[-75.24974,6.20782],[-75.24912,6.2086],[-75.24972372315035,6.208161813842483]],[[-75.24903,6.20271],[-75.2449,6.19619],[-75.24865664000001,6.202422800000007],[-75.24903,6.20271]],[[-75.24758,6.19517],[-75.24695271074816,6.194378034773444],[-75.24569,6.19487],[-75.24758,6.19517]],[[-75.24878027799556,6.19492556999171],[-75.24889,6.19496],[-75.2494907521866,6.194575912536437],[-75.24878027799556,6.19492556999171]],[[-75.30413372596958,6.152230294670201],[-75.30337,6.15135],[-75.30199559155646,6.151818728891151],[-75.30413372596958,6.152230294670201]],[[-75.30091740839994,6.15161119128825],[-75.29797,6.15027],[-75.29324564348826,6.150406023818655],[-75.29035,6.15321],[-75.2901386929758,6.155687392697534],[-75.29464,6.15136],[-75.30091740839994,6.15161119128825]],[[-75.29197,6.14906],[-75.29108411148165,6.148850528823249],[-75.29324564348826,6.150406023818655],[-75.29197,6.14906]],[[-75.28993,6.14802],[-75.2879962630625,6.148120397177341],[-75.29108411148165,6.148850528823249],[-75.28993,6.14802]],[[-75.28791,6.1481],[-75.28775206348016,6.1481330757109625],[-75.2879962630625,6.148120397177341],[-75.28791,6.1481]],[[-75.284,6.14896],[-75.28417,6.15072],[-75.28492,6.1493],[-75.284,6.14896]],[[-75.28989,6.15781],[-75.28957162262762,6.156958125409032],[-75.2871,6.1596],[-75.28989,6.15781]],[[-75.28559183421517,6.156839082892414],[-75.28538645854657,6.156744401228246],[-75.28553,6.15687],[-75.28559183421517,6.156839082892414]],[[-75.27965252222297,6.157648670692816],[-75.28408920881428,6.156146347114375],[-75.28221,6.15528],[-75.27965252222297,6.157648670692816]],[[-75.27953874555612,6.157754047739964],[-75.27923,6.15804],[-75.27801,6.16308],[-75.27953874555612,6.157754047739964]],[[-75.26809,6.16665],[-75.2715,6.16411],[-75.27093,6.16257],[-75.27333,6.16272],[-75.27432,6.16054],[-75.27388,6.15927],[-75.26993,6.16009],[-75.27,6.15857],[-75.27161,6.15833],[-75.27008,6.1572],[-75.26955,6.16021],[-75.27203,6.16122],[-75.27049,6.16141],[-75.27116,6.16427],[-75.26825,6.16602],[-75.26733,6.16844],[-75.26173,6.16617],[-75.26244223911576,6.16811876535837],[-75.26743,6.16883],[-75.26788,6.16822],[-75.26809,6.16665]],[[-75.27198,6.16912],[-75.27609,6.16683],[-75.27668,6.16542],[-75.27478,6.16587],[-75.27311588070032,6.163715403433035],[-75.27181516224398,6.163884275690116],[-75.27328,6.1675],[-75.27118,6.16659],[-75.27198,6.16912]],[[-75.30329,6.1462],[-75.30262,6.14706],[-75.30298240909092,6.146594818181823],[-75.30329,6.1462]],[[-75.27162,6.15909],[-75.2720562582921,6.159124746235653],[-75.27308,6.15866],[-75.27162,6.15909]],[[-75.25443,6.15016],[-75.2545,6.15008],[-75.25439,6.15005],[-75.25443,6.15016]],[[-75.25598,6.15702],[-75.25605,6.15695],[-75.25594,6.15691],[-75.25598,6.15702]],[[-75.24287,6.15561],[-75.24295,6.15553],[-75.24284,6.1555],[-75.24287,6.15561]],[[-75.24712,6.15334],[-75.24719,6.15326],[-75.24708,6.15323],[-75.24712,6.15334]],[[-75.25869,6.15738],[-75.25877,6.1573],[-75.25866,6.15727],[-75.25869,6.15738]],[[-75.26029,6.14879],[-75.26037,6.14871],[-75.26026,6.14868],[-75.26029,6.14879]],[[-75.26275,6.15692],[-75.26283,6.15684],[-75.26272,6.15681],[-75.26275,6.15692]],[[-75.25833,6.15774],[-75.25841,6.15766],[-75.25829,6.15763],[-75.25833,6.15774]],[[-75.26113,6.15864],[-75.26121,6.15856],[-75.2611,6.15853],[-75.26113,6.15864]],[[-75.26249,6.16108],[-75.26257,6.161],[-75.26246,6.16097],[-75.26249,6.16108]],[[-75.25562,6.1592],[-75.2557,6.15912],[-75.25559,6.15909],[-75.25562,6.1592]],[[-75.26526,6.14625],[-75.26533,6.14617],[-75.26522,6.14614],[-75.26526,6.14625]],[[-75.26293,6.1571],[-75.26301,6.15702],[-75.2629,6.15699],[-75.26293,6.1571]],[[-75.27385,6.1502],[-75.27393,6.15012],[-75.27381,6.15009],[-75.27385,6.1502]],[[-75.25957,6.14897],[-75.25965,6.14889],[-75.25954,6.14886],[-75.25957,6.14897]],[[-75.26961,6.15419],[-75.26969,6.15411],[-75.26958,6.15408],[-75.26961,6.15419]],[[-75.26961,6.15347],[-75.26969,6.15339],[-75.26958,6.15336],[-75.26961,6.15347]],[[-75.27431,6.15789],[-75.27439,6.15781],[-75.27428,6.15778],[-75.27431,6.15789]],[[-75.26185,6.15737],[-75.26193,6.15729],[-75.26182,6.15726],[-75.26185,6.15737]],[[-75.26195,6.16081],[-75.26203,6.16073],[-75.26191,6.1607],[-75.26195,6.16081]],[[-75.26446,6.15601],[-75.26454,6.15593],[-75.26443,6.1559],[-75.26446,6.15601]],[[-75.26456,6.15619],[-75.26463,6.15611],[-75.26452,6.15608],[-75.26456,6.15619]],[[-75.26466,6.16062],[-75.26473,6.16054],[-75.26462,6.16051],[-75.26466,6.16062]],[[-75.26436,6.15149],[-75.26444,6.15141],[-75.26433,6.15138],[-75.26436,6.15149]],[[-75.2651,6.15764],[-75.26518,6.15756],[-75.26507,6.15753],[-75.2651,6.15764]],[[-75.26563,6.15095],[-75.26571,6.15087],[-75.2656,6.15084],[-75.26563,6.15095]],[[-75.26221,6.15638],[-75.26229,6.1563],[-75.26218,6.15627],[-75.26221,6.15638]],[[-75.26383,6.15357],[-75.26391,6.15349],[-75.2638,6.15346],[-75.26383,6.15357]],[[-75.2556,6.15178],[-75.25568,6.1517],[-75.25557,6.15167],[-75.2556,6.15178]],[[-75.26654,6.1551],[-75.26662,6.15502],[-75.26651,6.15499],[-75.26654,6.1551]],[[-75.26311,6.15592],[-75.26319,6.15584],[-75.26308,6.15581],[-75.26311,6.15592]],[[-75.26716,6.14922],[-75.26724,6.14915],[-75.26713,6.14911],[-75.26716,6.14922]],[[-75.26229,6.15131],[-75.26237,6.15124],[-75.26226,6.1512],[-75.26229,6.15131]],[[-75.26056,6.14824],[-75.26064,6.14817],[-75.26053,6.14813],[-75.26056,6.14824]],[[-75.26293,6.15683],[-75.26301,6.15675],[-75.2629,6.15672],[-75.26293,6.15683]],[[-75.27574,6.14912],[-75.27582,6.14904],[-75.27571,6.14901],[-75.27574,6.14912]],[[-75.26535,6.14878],[-75.26543,6.1487],[-75.26532,6.14867],[-75.26535,6.14878]],[[-75.27292,6.14071],[-75.273,6.14063],[-75.27289,6.1406],[-75.27292,6.14071]],[[-75.27301,6.14044],[-75.27309,6.14036],[-75.27298,6.14033],[-75.27301,6.14044]],[[-75.26429,6.15936],[-75.26437,6.15928],[-75.26426,6.15925],[-75.26429,6.15936]],[[-75.27918,6.15417],[-75.27926,6.15409],[-75.27915,6.15406],[-75.27918,6.15417]],[[-75.28134,6.14847],[-75.28142,6.14839],[-75.28131,6.14836],[-75.28134,6.14847]],[[-75.28723,6.15614],[-75.28731,6.15606],[-75.2872,6.15603],[-75.28723,6.15614]],[[-75.28732,6.15741],[-75.2874,6.15733],[-75.28729,6.1573],[-75.28732,6.15741]],[[-75.28604,6.15117],[-75.28612,6.15109],[-75.28601,6.15106],[-75.28604,6.15117]],[[-75.27973,6.15688],[-75.27981,6.1568],[-75.2797,6.15677],[-75.27973,6.15688]],[[-75.27531,6.15834],[-75.27539,6.15826],[-75.27528,6.15823],[-75.27531,6.15834]],[[-75.27835,6.14676],[-75.27843,6.14668],[-75.27832,6.14665],[-75.27835,6.14676]],[[-75.27595,6.16096],[-75.27603,6.16088],[-75.27592,6.16085],[-75.27595,6.16096]],[[-75.27207,6.16314],[-75.27215,6.16306],[-75.27204,6.16303],[-75.27207,6.16314]],[[-75.28839,6.14927],[-75.28847,6.14919],[-75.28836,6.14916],[-75.28839,6.14927]],[[-75.31043,6.15021],[-75.31051,6.15013],[-75.3104,6.1501],[-75.31043,6.15021]],[[-75.28433,6.15208],[-75.28441,6.152],[-75.2843,6.15197],[-75.28433,6.15208]],[[-75.28929,6.14746],[-75.28936,6.14738],[-75.28925,6.14735],[-75.28929,6.14746]],[[-75.29905,6.15069],[-75.29913,6.15061],[-75.29902,6.15058],[-75.29905,6.15069]],[[-75.28865,6.14737],[-75.28873,6.14729],[-75.28862,6.14726],[-75.28865,6.14737]],[[-75.28894,6.1527],[-75.28902,6.15262],[-75.28891,6.15259],[-75.28894,6.1527]],[[-75.28894,6.15306],[-75.28902,6.15298],[-75.28891,6.15295],[-75.28894,6.15306]],[[-75.29804,6.1421],[-75.29811,6.14202],[-75.298,6.14199],[-75.29804,6.1421]],[[-75.30184,6.14634],[-75.30192,6.14626],[-75.30181,6.14623],[-75.30184,6.14634]],[[-75.29776,6.14228],[-75.29784,6.14221],[-75.29773,6.14217],[-75.29776,6.14228]],[[-75.29559,6.13976],[-75.29567,6.13968],[-75.29556,6.13965],[-75.29559,6.13976]],[[-75.29831,6.14509],[-75.29839,6.14501],[-75.29828,6.14498],[-75.29831,6.14509]],[[-75.30935,6.15265],[-75.30943,6.15258],[-75.30932,6.15254],[-75.30935,6.15265]],[[-75.24488,6.1547],[-75.24504,6.15462],[-75.24483,6.15459],[-75.24488,6.1547]],[[-75.24767,6.15235],[-75.24783,6.15227],[-75.24762,6.15223],[-75.24767,6.15235]],[[-75.24452,6.15398],[-75.24467,6.1539],[-75.24447,6.15387],[-75.24452,6.15398]],[[-75.24949,6.15542],[-75.24965,6.15534],[-75.24944,6.1553],[-75.24949,6.15542]],[[-75.26206,6.16479],[-75.26222,6.16471],[-75.26201,6.16468],[-75.26206,6.16479]],[[-75.26269,6.1619],[-75.26285,6.16182],[-75.26264,6.16178],[-75.26269,6.1619]],[[-75.26987,6.14289],[-75.27003,6.14282],[-75.26982,6.14278],[-75.26987,6.14289]],[[-75.2698,6.15239],[-75.26996,6.15231],[-75.26975,6.15227],[-75.2698,6.15239]],[[-75.27062,6.15383],[-75.27078,6.15375],[-75.27057,6.15372],[-75.27062,6.15383]],[[-75.26951,6.14163],[-75.26967,6.14155],[-75.26946,6.14152],[-75.26951,6.14163]],[[-75.26178,6.1572],[-75.26193,6.15712],[-75.26173,6.15708],[-75.26178,6.1572]],[[-75.27794,6.15318],[-75.27809,6.1531],[-75.27789,6.15307],[-75.27794,6.15318]],[[-75.27081,6.15899],[-75.27097,6.15891],[-75.27076,6.15887],[-75.27081,6.15899]],[[-75.27141,6.14235],[-75.27157,6.14227],[-75.27136,6.14223],[-75.27141,6.14235]],[[-75.27361,6.15844],[-75.27377,6.15836],[-75.27356,6.15832],[-75.27361,6.15844]],[[-75.28362,6.15091],[-75.28378,6.15083],[-75.28357,6.1508],[-75.28362,6.15091]],[[-75.28624,6.15244],[-75.2864,6.15236],[-75.28619,6.15233],[-75.28624,6.15244]],[[-75.29797,6.14301],[-75.29812,6.14293],[-75.29792,6.1429],[-75.29797,6.14301]],[[-75.30258,6.14861],[-75.30274,6.14853],[-75.30254,6.14849],[-75.30258,6.14861]],[[-75.27813,6.16014],[-75.27829,6.16007],[-75.27808,6.16003],[-75.27813,6.16014]],[[-75.28714,6.15099],[-75.2873,6.15091],[-75.28709,6.15088],[-75.28714,6.15099]],[[-75.29508,6.14419],[-75.29524,6.14412],[-75.29503,6.14408],[-75.29508,6.14419]],[[-75.25265,6.16282],[-75.25273,6.16267],[-75.25262,6.16262],[-75.25265,6.16282]],[[-75.2624,6.15747],[-75.26248,6.15731],[-75.26236,6.15726],[-75.2624,6.15747]],[[-75.26354,6.1439],[-75.26362,6.14375],[-75.2635,6.1437],[-75.26354,6.1439]],[[-75.2743,6.14976],[-75.27438,6.1496],[-75.27427,6.14955],[-75.2743,6.14976]],[[-75.26185,6.15693],[-75.26193,6.15677],[-75.26182,6.15672],[-75.26185,6.15693]],[[-75.27459,6.15654],[-75.27467,6.15638],[-75.27455,6.15633],[-75.27459,6.15654]],[[-75.26824,6.14398],[-75.26832,6.14383],[-75.2682,6.14378],[-75.26824,6.14398]],[[-75.26915,6.14706],[-75.26923,6.1469],[-75.26911,6.14685],[-75.26915,6.14706]],[[-75.27004,6.14163],[-75.27012,6.14147],[-75.27,6.14142],[-75.27004,6.14163]],[[-75.28696,6.15678],[-75.28704,6.15662],[-75.28693,6.15657],[-75.28696,6.15678]],[[-75.30185,6.14816],[-75.30193,6.148],[-75.30181,6.14795],[-75.30185,6.14816]],[[-75.30328,6.14336],[-75.30336,6.14321],[-75.30325,6.14316],[-75.30328,6.14336]],[[-75.24974,6.15465],[-75.24968,6.15487],[-75.24982,6.15473],[-75.24974,6.15465]],[[-75.25614,6.14894],[-75.256,6.14908],[-75.25608,6.14916],[-75.25614,6.14894]],[[-75.26002,6.14866],[-75.25988,6.1488],[-75.25996,6.14888],[-75.26002,6.14866]],[[-75.26064,6.14889],[-75.26042,6.14883],[-75.26056,6.14897],[-75.26064,6.14889]],[[-75.26257,6.15688],[-75.26243,6.15702],[-75.26251,6.1571],[-75.26257,6.15688]],[[-75.26319,6.15612],[-75.26297,6.15605],[-75.26311,6.1562],[-75.26319,6.15612]],[[-75.26015,6.16547],[-75.26001,6.16562],[-75.26009,6.16569],[-75.26015,6.16547]],[[-75.27075,6.14059],[-75.27061,6.14073],[-75.27069,6.14081],[-75.27075,6.14059]],[[-75.28929,6.1528],[-75.28907,6.15274],[-75.28921,6.15288],[-75.28929,6.1528]],[[-75.28577,6.15453],[-75.28555,6.15447],[-75.28569,6.15461],[-75.28577,6.15453]],[[-75.26096,6.14915],[-75.2612,6.14908],[-75.2609,6.14904],[-75.26096,6.14915]],[[-75.27398,6.15799],[-75.27422,6.15791],[-75.27392,6.15787],[-75.27398,6.15799]],[[-75.27272,6.15853],[-75.27296,6.15845],[-75.27266,6.15841],[-75.27272,6.15853]],[[-75.28148,6.1558],[-75.28172,6.15572],[-75.28141,6.15568],[-75.28148,6.1558]],[[-75.28852,6.15298],[-75.28876,6.1529],[-75.28845,6.15286],[-75.28852,6.15298]],[[-75.26375,6.16615],[-75.26359,6.166],[-75.26344,6.16608],[-75.26375,6.16615]],[[-75.30646,6.14809],[-75.30639,6.14841],[-75.30653,6.14825],[-75.30646,6.14809]],[[-75.25274,6.16314],[-75.2525,6.16329],[-75.25266,6.16337],[-75.25274,6.16314]],[[-75.25064,6.15205],[-75.25051,6.15195],[-75.25043,6.15217],[-75.25064,6.15205]],[[-75.26148,6.14896],[-75.26135,6.14886],[-75.26126,6.14907],[-75.26148,6.14896]],[[-75.25696,6.15077],[-75.25683,6.15067],[-75.25675,6.15089],[-75.25696,6.15077]],[[-75.26467,6.16504],[-75.26454,6.16494],[-75.26446,6.16515],[-75.26467,6.16504]],[[-75.26223,6.16161],[-75.2621,6.16151],[-75.26201,6.16172],[-75.26223,6.16161]],[[-75.26843,6.14677],[-75.2683,6.14667],[-75.26821,6.14688],[-75.26843,6.14677]],[[-75.28453,6.15425],[-75.2847,6.15416],[-75.28448,6.15405],[-75.28453,6.15425]],[[-75.24469,6.1584],[-75.24486,6.15823],[-75.24466,6.1582],[-75.24469,6.1584]],[[-75.26772,6.15817],[-75.26789,6.158],[-75.26769,6.15797],[-75.26772,6.15817]],[[-75.28893,6.14953],[-75.2891,6.14937],[-75.2889,6.14934],[-75.28893,6.14953]],[[-75.30238,6.14688],[-75.30255,6.14671],[-75.30235,6.14668],[-75.30238,6.14688]],[[-75.28576,6.1481],[-75.28586,6.14794],[-75.28564,6.1479],[-75.28576,6.1481]],[[-75.2836,6.15435],[-75.2837,6.15419],[-75.28349,6.15414],[-75.2836,6.15435]],[[-75.28966,6.15587],[-75.28976,6.15571],[-75.28954,6.15566],[-75.28966,6.15587]],[[-75.30494,6.14699],[-75.3051,6.14683],[-75.30488,6.14677],[-75.30494,6.14699]],[[-75.30577,6.1534],[-75.30593,6.15325],[-75.30571,6.15319],[-75.30577,6.1534]],[[-75.25894,6.14881],[-75.25853,6.14874],[-75.2587,6.14889],[-75.25894,6.14881]],[[-75.25891,6.15811],[-75.25923,6.15803],[-75.25884,6.15799],[-75.25891,6.15811]],[[-75.27774,6.15237],[-75.27783,6.15206],[-75.2777,6.15198],[-75.27774,6.15237]],[[-75.25228,6.16213],[-75.25213,6.16246],[-75.25236,6.1623],[-75.25228,6.16213]],[[-75.25029,6.15488],[-75.25016,6.15476],[-75.24995,6.15495],[-75.25029,6.15488]],[[-75.27583,6.15123],[-75.27604,6.15134],[-75.27611,6.15121],[-75.27583,6.15123]],[[-75.26309,6.14307],[-75.26296,6.14298],[-75.26284,6.14328],[-75.26309,6.14307]],[[-75.28251,6.15237],[-75.28237,6.15218],[-75.2821,6.15218],[-75.28251,6.15237]],[[-75.27162,6.14199],[-75.27203,6.14191],[-75.27154,6.14187],[-75.27162,6.14199]],[[-75.30909,6.15167],[-75.30917,6.15127],[-75.30905,6.15119],[-75.30909,6.15167]],[[-75.28664,6.15634],[-75.28678,6.15617],[-75.28647,6.15612],[-75.28664,6.15634]],[[-75.26123,6.16679],[-75.26092,6.16646],[-75.26115,6.16687],[-75.26123,6.16679]],[[-75.28552,6.15435],[-75.28569,6.15409],[-75.28548,6.15405],[-75.28552,6.15435]],[[-75.28597,6.15362],[-75.28584,6.1535],[-75.28575,6.1539],[-75.28597,6.15362]],[[-75.26782,6.16578],[-75.26755,6.16563],[-75.26722,6.16571],[-75.26782,6.16578]],[[-75.2835,6.14983],[-75.28319,6.14951],[-75.28309,6.14967],[-75.2835,6.14983]],[[-75.26453,6.16577],[-75.26476,6.1657],[-75.26445,6.16548],[-75.26453,6.16577]],[[-75.27241,6.15541],[-75.27207,6.15562],[-75.27231,6.15575],[-75.27241,6.15541]],[[-75.25514,6.15061],[-75.25524,6.1504],[-75.25494,6.15032],[-75.25514,6.15061]],[[-75.27738,6.15218],[-75.27725,6.15208],[-75.27728,6.15248],[-75.27738,6.15218]],[[-75.26491,6.14707],[-75.26508,6.14681],[-75.26486,6.14668],[-75.26491,6.14707]],[[-75.25228,6.15533],[-75.25254,6.15516],[-75.25215,6.15511],[-75.25228,6.15533]],[[-75.27159,6.14371],[-75.27203,6.14364],[-75.27154,6.1435],[-75.27159,6.14371]],[[-75.28045,6.15492],[-75.27984,6.15483],[-75.28035,6.15508],[-75.28045,6.15492]],[[-75.27406,6.15022],[-75.2744,6.15006],[-75.274,6.15],[-75.27406,6.15022]],[[-75.27577,6.15868],[-75.27564,6.15859],[-75.27567,6.15899],[-75.27577,6.15868]],[[-75.30025,6.15105],[-75.30051,6.15082],[-75.30019,6.15076],[-75.30025,6.15105]],[[-75.26826,6.16238],[-75.26863,6.16238],[-75.26824,6.16222],[-75.26826,6.16238]],[[-75.25361,6.1556],[-75.25334,6.15571],[-75.2537,6.15577],[-75.25361,6.1556]],[[-75.26368,6.15404],[-75.26391,6.15379],[-75.26362,6.15373],[-75.26368,6.15404]],[[-75.25365,6.16401],[-75.25393,6.16389],[-75.25343,6.16379],[-75.25365,6.16401]],[[-75.28405,6.1485],[-75.28383,6.14864],[-75.28398,6.14884],[-75.28405,6.1485]],[[-75.25909,6.1507],[-75.25931,6.15045],[-75.259,6.1504],[-75.25909,6.1507]],[[-75.29841,6.14174],[-75.29818,6.14154],[-75.29807,6.14185],[-75.29841,6.14174]],[[-75.27069,6.15315],[-75.27045,6.15334],[-75.27057,6.15348],[-75.27069,6.15315]],[[-75.26391,6.15],[-75.26376,6.15032],[-75.26418,6.14991],[-75.26391,6.15]],[[-75.2701,6.14477],[-75.26992,6.14504],[-75.2701,6.14504],[-75.2701,6.14477]],[[-75.29179,6.15023],[-75.29161,6.15051],[-75.29179,6.15051],[-75.29179,6.15023]],[[-75.2724,6.14847],[-75.27228,6.14838],[-75.27219,6.14878],[-75.2724,6.14847]],[[-75.25795,6.14986],[-75.25755,6.14992],[-75.25763,6.15008],[-75.25795,6.14986]],[[-75.25597,6.14921],[-75.25575,6.14914],[-75.25568,6.14945],[-75.25597,6.14921]],[[-75.26213,6.15068],[-75.26256,6.15076],[-75.26207,6.15048],[-75.26213,6.15068]],[[-75.28515,6.15499],[-75.28476,6.15495],[-75.28468,6.1551],[-75.28515,6.15499]],[[-75.2697,6.14074],[-75.26943,6.14098],[-75.26958,6.1411],[-75.2697,6.14074]],[[-75.2813,6.1403],[-75.28142,6.14022],[-75.28075,6.14013],[-75.2813,6.1403]],[[-75.27198,6.14317],[-75.27153,6.14337],[-75.27184,6.14344],[-75.27198,6.14317]],[[-75.24649,6.15385],[-75.24674,6.15348],[-75.24645,6.15341],[-75.24649,6.15385]],[[-75.25833,6.15633],[-75.25856,6.1564],[-75.25829,6.15601],[-75.25833,6.15633]],[[-75.25663,6.15122],[-75.25687,6.15099],[-75.25656,6.15095],[-75.25663,6.15122]],[[-75.26739,6.1619],[-75.26687,6.16192],[-75.26756,6.16199],[-75.26739,6.1619]],[[-75.24683,6.15401],[-75.24669,6.15433],[-75.24721,6.15408],[-75.24683,6.15401]],[[-75.26685,6.14496],[-75.26667,6.14532],[-75.26685,6.14532],[-75.26685,6.14496]],[[-75.28655,6.14889],[-75.28619,6.14907],[-75.28655,6.14907],[-75.28655,6.14889]],[[-75.26501,6.15595],[-75.26471,6.1561],[-75.26508,6.15621],[-75.26501,6.15595]],[[-75.27306,6.15739],[-75.27284,6.15733],[-75.27256,6.15773],[-75.27306,6.15739]],[[-75.26641,6.16166],[-75.26677,6.1619],[-75.26634,6.16141],[-75.26641,6.16166]],[[-75.27201,6.14059],[-75.27177,6.14082],[-75.27208,6.14091],[-75.27201,6.14059]],[[-75.30772,6.14899],[-75.30735,6.14916],[-75.30754,6.14929],[-75.30772,6.14899]],[[-75.28949,6.15215],[-75.28936,6.15205],[-75.28905,6.15252],[-75.28949,6.15215]],[[-75.28476,6.14825],[-75.28458,6.14858],[-75.28482,6.14866],[-75.28476,6.14825]],[[-75.26058,6.16509],[-75.26045,6.16533],[-75.26097,6.16519],[-75.26058,6.16509]],[[-75.30521,6.1533],[-75.30556,6.15313],[-75.30517,6.1531],[-75.30521,6.1533]],[[-75.28117,6.14934],[-75.28084,6.14966],[-75.28105,6.14975],[-75.28117,6.14934]],[[-75.26433,6.16648],[-75.26408,6.16636],[-75.26448,6.16697],[-75.26433,6.16648]],[[-75.30638,6.1528],[-75.30594,6.15293],[-75.30625,6.15305],[-75.30638,6.1528]],[[-75.29444,6.14602],[-75.29391,6.14605],[-75.2941,6.14621],[-75.29444,6.14602]],[[-75.24252,6.15555],[-75.2423,6.1555],[-75.24234,6.15599],[-75.24252,6.15555]],[[-75.27252,6.15645],[-75.27216,6.15669],[-75.27236,6.15683],[-75.27252,6.15645]],[[-75.27345,6.15891],[-75.27405,6.15881],[-75.27338,6.15877],[-75.27345,6.15891]],[[-75.26241,6.16547],[-75.26229,6.1654],[-75.26201,6.16597],[-75.26241,6.16547]],[[-75.27752,6.16169],[-75.27786,6.16154],[-75.27745,6.16121],[-75.27752,6.16169]],[[-75.28352,6.15094],[-75.28281,6.15108],[-75.28305,6.1512],[-75.28352,6.15094]],[[-75.27731,6.16158],[-75.27693,6.16182],[-75.27701,6.16206],[-75.27731,6.16158]],[[-75.27516,6.15827],[-75.27473,6.15838],[-75.27482,6.15872],[-75.27516,6.15827]],[[-75.25632,6.1599],[-75.25593,6.15978],[-75.2566,6.1603],[-75.25632,6.1599]],[[-75.30337,6.14361],[-75.30325,6.14352],[-75.30308,6.14419],[-75.30337,6.14361]],[[-75.27555,6.15958],[-75.27536,6.15919],[-75.27515,6.15944],[-75.27555,6.15958]],[[-75.27557,6.14903],[-75.27544,6.14892],[-75.27515,6.14943],[-75.27557,6.14903]],[[-75.30557,6.14601],[-75.30513,6.14652],[-75.30575,6.14628],[-75.30557,6.14601]],[[-75.26018,6.14938],[-75.26005,6.1496],[-75.26093,6.14938],[-75.26018,6.14938]],[[-75.26079,6.16682],[-75.26069,6.1662],[-75.26051,6.1665],[-75.26079,6.16682]],[[-75.28582,6.15282],[-75.28592,6.15309],[-75.28574,6.15251],[-75.28582,6.15282]],[[-75.26593,6.14382],[-75.26607,6.14363],[-75.26549,6.14324],[-75.26593,6.14382]],[[-75.24425,6.15727],[-75.24362,6.15742],[-75.24398,6.15753],[-75.24425,6.15727]],[[-75.27011,6.15647],[-75.26989,6.15656],[-75.27016,6.15706],[-75.27011,6.15647]],[[-75.26362,6.15654],[-75.26326,6.15694],[-75.2638,6.15681],[-75.26362,6.15654]],[[-75.28713,6.14749],[-75.28736,6.14766],[-75.28758,6.14732],[-75.28713,6.14749]],[[-75.28581,6.14783],[-75.28631,6.14771],[-75.28573,6.14754],[-75.28581,6.14783]],[[-75.24569,6.15816],[-75.24623,6.15843],[-75.24565,6.15793],[-75.24569,6.15816]],[[-75.25913,6.14928],[-75.25933,6.14964],[-75.25958,6.14925],[-75.25913,6.14928]],[[-75.27331,6.14908],[-75.27274,6.14926],[-75.27281,6.1496],[-75.27331,6.14908]],[[-75.28893,6.15183],[-75.28833,6.15221],[-75.28892,6.15232],[-75.28893,6.15183]],[[-75.27684,6.15266],[-75.27626,6.15262],[-75.27619,6.15292],[-75.27684,6.15266]],[[-75.26156,6.1654],[-75.26221,6.16502],[-75.26151,6.16517],[-75.26156,6.1654]],[[-75.28145,6.1519],[-75.28118,6.15211],[-75.28114,6.15283],[-75.28145,6.1519]],[[-75.2442,6.15371],[-75.24391,6.15414],[-75.24457,6.15452],[-75.2442,6.15371]],[[-75.30473,6.14693],[-75.3038,6.14795],[-75.30394,6.14824],[-75.30473,6.14693]],[[-75.27551,6.15132],[-75.27484,6.15211],[-75.27566,6.15147],[-75.27551,6.15132]],[[-75.26816,6.14897],[-75.26734,6.14917],[-75.26806,6.14924],[-75.26816,6.14897]],[[-75.26328,6.16501],[-75.26306,6.16538],[-75.26344,6.16553],[-75.26328,6.16501]],[[-75.27054,6.14089],[-75.27005,6.14134],[-75.27066,6.14127],[-75.27054,6.14089]],[[-75.29858,6.14378],[-75.29735,6.14547],[-75.29776,6.14526],[-75.29858,6.14378]],[[-75.25843,6.15949],[-75.25942,6.15981],[-75.25839,6.15926],[-75.25843,6.15949]],[[-75.26422,6.15487],[-75.26389,6.15578],[-75.26433,6.15572],[-75.26422,6.15487]],[[-75.27234,6.15383],[-75.27351,6.15356],[-75.27352,6.15322],[-75.27234,6.15383]],[[-75.27589,6.15298],[-75.2759,6.15244],[-75.27505,6.15298],[-75.27589,6.15298]],[[-75.26587,6.15654],[-75.26597,6.15606],[-75.26543,6.15599],[-75.26587,6.15654]],[[-75.26835,6.16173],[-75.2677,6.16226],[-75.26842,6.16203],[-75.26835,6.16173]],[[-75.29715,6.14128],[-75.29751,6.14175],[-75.29761,6.14105],[-75.29715,6.14128]],[[-75.24794,6.15373],[-75.24726,6.15395],[-75.24794,6.15435],[-75.24794,6.15373]],[[-75.2653,6.16091],[-75.26579,6.16012],[-75.26517,6.16042],[-75.2653,6.16091]],[[-75.303,6.14421],[-75.30177,6.14536],[-75.30249,6.14502],[-75.303,6.14421]],[[-75.27143,6.1487],[-75.27232,6.14788],[-75.27135,6.14815],[-75.27143,6.1487]],[[-75.26627,6.15721],[-75.26679,6.15737],[-75.26688,6.15676],[-75.26627,6.15721]],[[-75.26701,6.15434],[-75.26763,6.154],[-75.2666,6.15346],[-75.26701,6.15434]],[[-75.27413,6.15182],[-75.27334,6.15216],[-75.27354,6.15258],[-75.27413,6.15182]],[[-75.26078,6.16108],[-75.26152,6.16164],[-75.26195,6.16112],[-75.26078,6.16108]],[[-75.25759,6.14751],[-75.25724,6.14683],[-75.2566,6.1469],[-75.25759,6.14751]],[[-75.24841,6.15572],[-75.24893,6.15542],[-75.2479,6.1553],[-75.24841,6.15572]],[[-75.28099,6.14859],[-75.28077,6.14894],[-75.28279,6.14856],[-75.28099,6.14859]],[[-75.30901,6.15099],[-75.31017,6.15182],[-75.30886,6.15047],[-75.30901,6.15099]],[[-75.27337,6.13947],[-75.27364,6.13872],[-75.27222,6.13938],[-75.27337,6.13947]],[[-75.27416,6.15295],[-75.27503,6.15302],[-75.27427,6.15208],[-75.27416,6.15295]],[[-75.24885,6.15516],[-75.24966,6.15418],[-75.24859,6.15494],[-75.24885,6.15516]],[[-75.3008,6.15116],[-75.30228,6.15104],[-75.30055,6.15085],[-75.3008,6.15116]],[[-75.26325,6.14732],[-75.26373,6.14688],[-75.26306,6.14632],[-75.26325,6.14732]],[[-75.27091,6.14241],[-75.27195,6.14146],[-75.27142,6.14084],[-75.27091,6.14241]],[[-75.26754,6.15822],[-75.26665,6.15773],[-75.26621,6.15851],[-75.26754,6.15822]],[[-75.26835,6.14729],[-75.26766,6.14805],[-75.26878,6.14717],[-75.26835,6.14729]],[[-75.26393,6.14483],[-75.26338,6.14638],[-75.26376,6.14633],[-75.26393,6.14483]],[[-75.27203,6.14273],[-75.27323,6.14182],[-75.2717,6.14229],[-75.27203,6.14273]],[[-75.24801,6.15494],[-75.24691,6.15437],[-75.24706,6.15606],[-75.24801,6.15494]],[[-75.2681,6.15965],[-75.26805,6.16109],[-75.26885,6.16003],[-75.2681,6.15965]],[[-75.26954,6.15431],[-75.26971,6.15654],[-75.27007,6.15505],[-75.26954,6.15431]],[[-75.25608,6.15634],[-75.25501,6.1555],[-75.25455,6.15609],[-75.25608,6.15634]],[[-75.25848,6.14862],[-75.25842,6.14597],[-75.25768,6.14784],[-75.25848,6.14862]],[[-75.25654,6.15715],[-75.25851,6.15725],[-75.25739,6.15691],[-75.25654,6.15715]],[[-75.24465,6.15658],[-75.24442,6.1552],[-75.24276,6.15467],[-75.24465,6.15658]],[[-75.26919,6.16018],[-75.2691,6.16239],[-75.27047,6.16425],[-75.26919,6.16018]],[[-75.27016,6.14879],[-75.27057,6.14626],[-75.26808,6.14835],[-75.27016,6.14879]],[[-75.27054,6.15709],[-75.27188,6.15686],[-75.27116,6.1545],[-75.27054,6.15709]],[[-75.25843,6.15804],[-75.25039,6.15523],[-75.25147,6.15728],[-75.25767,6.15921],[-75.25843,6.15804]],[[-75.26938677672261,6.149232236086572],[-75.26948,6.1492],[-75.26824,6.1487],[-75.26938677672261,6.149232236086572]],[[-75.26681460490464,6.15298119891008],[-75.26908,6.15471],[-75.27033,6.14967],[-75.26841,6.14957],[-75.26681460490464,6.15298119891008]],[[-75.26673870886431,6.1529342529057525],[-75.26664,6.15302],[-75.26681460490464,6.15298119891008],[-75.26673870886431,6.1529342529057525]],[[-75.26704,6.15097],[-75.26636,6.1527],[-75.26673870886431,6.1529342529057525],[-75.26704,6.15097]],[[-75.26807958050257,6.154749263357759],[-75.26811073474471,6.154629227895392],[-75.268,6.15462],[-75.26807958050257,6.154749263357759]],[[-75.26763,6.15548],[-75.26864,6.15932],[-75.26659,6.15886],[-75.2658,6.16064],[-75.26712,6.15912],[-75.26912,6.15961],[-75.26981,6.15756],[-75.26763,6.15548]],[[-75.28147,6.15538],[-75.2818,6.15522],[-75.28085,6.15538],[-75.28147,6.15538]],[[-75.26738,6.14761],[-75.26811,6.14528],[-75.2661,6.15006],[-75.26738,6.14761]],[[-75.26425,6.15337],[-75.26421,6.15476],[-75.26554,6.151],[-75.26425,6.15337]],[[-75.24824,6.15206],[-75.24732,6.15325],[-75.24851,6.15327],[-75.24874,6.15444],[-75.24881,6.15332],[-75.24824,6.15206]],[[-75.27997,6.17404],[-75.28097,6.17416],[-75.28042,6.17388],[-75.27997,6.17404]],[[-75.27905,6.17223],[-75.27739,6.17157],[-75.27798,6.17401],[-75.27897,6.17392],[-75.27905,6.17223]],[[-75.27673,6.18269],[-75.27682,6.17966],[-75.27621,6.18249],[-75.27673,6.18269]],[[-75.27079,6.18363],[-75.27545837283792,6.182599884689301],[-75.27094,6.18314],[-75.26878,6.17917],[-75.27079,6.18363]],[[-75.28304,6.25436],[-75.2820739211391,6.255581763417304],[-75.28301609794838,6.254763347121108],[-75.28304,6.25436]],[[-75.28296,6.25571],[-75.28401,6.2539],[-75.28301609794838,6.254763347121108],[-75.28296,6.25571]],[[-75.26253,6.16905],[-75.26234810772324,6.169574587870668],[-75.26306071558797,6.169110243391067],[-75.26253,6.16905]],[[-75.26808,6.16968],[-75.26412,6.16842],[-75.26306071558797,6.169110243391067],[-75.26808,6.16968]],[[-75.2521,6.2016],[-75.25218,6.20152],[-75.25207,6.20149],[-75.2521,6.2016]],[[-75.25516,6.19753],[-75.25524,6.19745],[-75.25513,6.19742],[-75.25516,6.19753]],[[-75.25484,6.17556],[-75.25492,6.17548],[-75.25481,6.17545],[-75.25484,6.17556]],[[-75.25003,6.20459],[-75.25011,6.20451],[-75.25,6.20448],[-75.25003,6.20459]],[[-75.2606,6.20412],[-75.26068,6.20404],[-75.26057,6.20401],[-75.2606,6.20412]],[[-75.25509,6.20603],[-75.25517,6.20595],[-75.25506,6.20592],[-75.25509,6.20603]],[[-75.2609,6.21894],[-75.26098,6.21886],[-75.26087,6.21883],[-75.2609,6.21894]],[[-75.25625,6.19825],[-75.25633,6.19817],[-75.25622,6.19814],[-75.25625,6.19825]],[[-75.25817,6.20783],[-75.25825,6.20775],[-75.25813,6.20772],[-75.25817,6.20783]],[[-75.2589,6.21171],[-75.25898,6.21164],[-75.25887,6.2116],[-75.2589,6.21171]],[[-75.25827,6.17257],[-75.25835,6.17249],[-75.25824,6.17246],[-75.25827,6.17257]],[[-75.26153,6.17527],[-75.26161,6.1752],[-75.2615,6.17516],[-75.26153,6.17527]],[[-75.26954,6.20301],[-75.26962,6.20293],[-75.26951,6.2029],[-75.26954,6.20301]],[[-75.26402,6.20004],[-75.2641,6.19996],[-75.26399,6.19993],[-75.26402,6.20004]],[[-75.26032,6.20086],[-75.2604,6.20078],[-75.26029,6.20075],[-75.26032,6.20086]],[[-75.26122,6.19896],[-75.2613,6.19888],[-75.26119,6.19885],[-75.26122,6.19896]],[[-75.25861,6.20222],[-75.25868,6.20214],[-75.25857,6.20211],[-75.25861,6.20222]],[[-75.25906,6.2034],[-75.25914,6.20332],[-75.25903,6.20329],[-75.25906,6.2034]],[[-75.27147,6.1786],[-75.27155,6.17852],[-75.27144,6.17849],[-75.27147,6.1786]],[[-75.27097,6.19668],[-75.27105,6.1966],[-75.27094,6.19657],[-75.27097,6.19668]],[[-75.24893,6.19637],[-75.24901,6.19629],[-75.2489,6.19626],[-75.24893,6.19637]],[[-75.26146,6.18486],[-75.26154,6.18478],[-75.26143,6.18475],[-75.26146,6.18486]],[[-75.26126,6.21804],[-75.26134,6.21796],[-75.26123,6.21793],[-75.26126,6.21804]],[[-75.26241,6.20872],[-75.26249,6.20864],[-75.26238,6.20861],[-75.26241,6.20872]],[[-75.2599,6.21497],[-75.25998,6.21489],[-75.25987,6.21486],[-75.2599,6.21497]],[[-75.25908,6.21235],[-75.25916,6.21227],[-75.25905,6.21224],[-75.25908,6.21235]],[[-75.26991,6.16757],[-75.26999,6.16749],[-75.26988,6.16746],[-75.26991,6.16757]],[[-75.27073,6.17028],[-75.27081,6.1702],[-75.2707,6.17017],[-75.27073,6.17028]],[[-75.25894,6.18911],[-75.25902,6.18903],[-75.25891,6.189],[-75.25894,6.18911]],[[-75.2637,6.17798],[-75.26378,6.1779],[-75.26367,6.17787],[-75.2637,6.17798]],[[-75.27,6.16838],[-75.27008,6.16831],[-75.26997,6.16827],[-75.27,6.16838]],[[-75.26985,6.17978],[-75.26993,6.1797],[-75.26982,6.17967],[-75.26985,6.17978]],[[-75.26238,6.19489],[-75.26246,6.19481],[-75.26235,6.19478],[-75.26238,6.19489]],[[-75.2623,6.19896],[-75.26238,6.19888],[-75.26227,6.19885],[-75.2623,6.19896]],[[-75.26708,6.19479],[-75.26716,6.19471],[-75.26705,6.19468],[-75.26708,6.19479]],[[-75.26336,6.1872],[-75.26344,6.18712],[-75.26333,6.18709],[-75.26336,6.1872]],[[-75.25934,6.2071],[-75.25942,6.20702],[-75.25931,6.20699],[-75.25934,6.2071]],[[-75.26248,6.19833],[-75.26256,6.19825],[-75.26245,6.19822],[-75.26248,6.19833]],[[-75.26159,6.20267],[-75.26167,6.20259],[-75.26156,6.20256],[-75.26159,6.20267]],[[-75.26543,6.22201],[-75.2655,6.22193],[-75.26539,6.2219],[-75.26543,6.22201]],[[-75.26263,6.22662],[-75.26271,6.22654],[-75.2626,6.22651],[-75.26263,6.22662]],[[-75.26207,6.22311],[-75.26196,6.22308],[-75.26199,6.22319],[-75.26207,6.22311]],[[-75.27528,6.22678],[-75.27536,6.2267],[-75.27525,6.22667],[-75.27528,6.22678]],[[-75.25938,6.22356],[-75.25945,6.22348],[-75.25934,6.22345],[-75.25938,6.22356]],[[-75.26198,6.22329],[-75.26187,6.22326],[-75.2619,6.22337],[-75.26198,6.22329]],[[-75.28142,6.22423],[-75.2815,6.22415],[-75.28139,6.22412],[-75.28142,6.22423]],[[-75.25892,6.22356],[-75.259,6.22348],[-75.25889,6.22345],[-75.25892,6.22356]],[[-75.2827,6.22875],[-75.28277,6.22867],[-75.28266,6.22864],[-75.2827,6.22875]],[[-75.26652,6.2268],[-75.2666,6.22672],[-75.26649,6.22669],[-75.26652,6.2268]],[[-75.2691,6.16685],[-75.26917,6.16677],[-75.26906,6.16674],[-75.2691,6.16685]],[[-75.28571,6.16383],[-75.28579,6.16375],[-75.28568,6.16372],[-75.28571,6.16383]],[[-75.26225,6.17717],[-75.26233,6.17709],[-75.26222,6.17706],[-75.26225,6.17717]],[[-75.26928,6.16667],[-75.26935,6.16659],[-75.26924,6.16656],[-75.26928,6.16667]],[[-75.28155,6.16257],[-75.28163,6.16249],[-75.28152,6.16246],[-75.28155,6.16257]],[[-75.26856,6.16748],[-75.26863,6.1674],[-75.26852,6.16737],[-75.26856,6.16748]],[[-75.26942,6.19054],[-75.2695,6.19046],[-75.26939,6.19043],[-75.26942,6.19054]],[[-75.27169,6.19379],[-75.27176,6.19371],[-75.27165,6.19368],[-75.27169,6.19379]],[[-75.27959,6.21592],[-75.27967,6.21584],[-75.27956,6.21581],[-75.27959,6.21592]],[[-75.27387,6.24097],[-75.27395,6.24089],[-75.27384,6.24086],[-75.27387,6.24097]],[[-75.2783,6.24141],[-75.27838,6.24134],[-75.27827,6.2413],[-75.2783,6.24141]],[[-75.28175,6.25036],[-75.28183,6.25028],[-75.28172,6.25025],[-75.28175,6.25036]],[[-75.2736,6.2417],[-75.27368,6.24162],[-75.27357,6.24159],[-75.2736,6.2417]],[[-75.28544,6.1622],[-75.28551,6.16212],[-75.2854,6.16209],[-75.28544,6.1622]],[[-75.2776,6.17072],[-75.27767,6.17064],[-75.27756,6.17061],[-75.2776,6.17072]],[[-75.28444,6.16166],[-75.28452,6.16158],[-75.28441,6.16155],[-75.28444,6.16166]],[[-75.27036,6.1663],[-75.27044,6.16623],[-75.27033,6.16619],[-75.27036,6.1663]],[[-75.2829,6.1595],[-75.28298,6.15942],[-75.28287,6.15939],[-75.2829,6.1595]],[[-75.26944,6.19876],[-75.26952,6.19868],[-75.26941,6.19865],[-75.26944,6.19876]],[[-75.26876,6.21748],[-75.26884,6.2174],[-75.26873,6.21737],[-75.26876,6.21748]],[[-75.28406,6.23155],[-75.28414,6.23147],[-75.28403,6.23144],[-75.28406,6.23155]],[[-75.27585,6.23817],[-75.27593,6.23809],[-75.27582,6.23806],[-75.27585,6.23817]],[[-75.28011,6.16375],[-75.28019,6.16367],[-75.28008,6.16364],[-75.28011,6.16375]],[[-75.28137,6.16221],[-75.28145,6.16213],[-75.28134,6.1621],[-75.28137,6.16221]],[[-75.28588,6.16094],[-75.28596,6.16086],[-75.28585,6.16083],[-75.28588,6.16094]],[[-75.2618,6.17735],[-75.26188,6.17727],[-75.26177,6.17724],[-75.2618,6.17735]],[[-75.27662,6.17931],[-75.2767,6.17923],[-75.27659,6.1792],[-75.27662,6.17931]],[[-75.28616,6.1622],[-75.28624,6.16212],[-75.28613,6.16209],[-75.28616,6.1622]],[[-75.29739,6.17772],[-75.29747,6.17765],[-75.29736,6.17761],[-75.29739,6.17772]],[[-75.28708,6.17124],[-75.28716,6.17116],[-75.28705,6.17113],[-75.28708,6.17124]],[[-75.28303,6.17613],[-75.28311,6.17605],[-75.283,6.17602],[-75.28303,6.17613]],[[-75.28854,6.17883],[-75.28862,6.17875],[-75.28851,6.17872],[-75.28854,6.17883]],[[-75.27887,6.17424],[-75.27895,6.17416],[-75.27884,6.17413],[-75.27887,6.17424]],[[-75.28954,6.1781],[-75.28962,6.17803],[-75.2895,6.17799],[-75.28954,6.1781]],[[-75.26828662379418,6.187004115755634],[-75.26672818636456,6.187378316833368],[-75.26687,6.18744],[-75.26828662379418,6.187004115755634]],[[-75.26258,6.18535],[-75.26441,6.18637],[-75.26672818636456,6.187378316833368],[-75.26258,6.18535]],[[-75.2706,6.18902],[-75.27377,6.18998],[-75.27075,6.18575],[-75.26933,6.18396],[-75.26526,6.18407],[-75.26945,6.18488],[-75.2706,6.18902]],[[-75.26715,6.18966],[-75.26579578504614,6.1876021985058705],[-75.26568,6.18763],[-75.26715,6.18966]],[[-75.26153,6.17654],[-75.26161,6.17646],[-75.2615,6.17643],[-75.26153,6.17654]],[[-75.27129,6.18004],[-75.27137,6.17996],[-75.27126,6.17993],[-75.27129,6.18004]],[[-75.28031,6.17107],[-75.28039,6.17099],[-75.28028,6.17096],[-75.28031,6.17107]],[[-75.26486,6.21053],[-75.26494,6.21045],[-75.26483,6.21042],[-75.26486,6.21053]],[[-75.2736,6.20327],[-75.27368,6.20319],[-75.27357,6.20316],[-75.2736,6.20327]],[[-75.26959,6.19028],[-75.26948,6.19024],[-75.26951,6.19035],[-75.26959,6.19028]],[[-75.27978,6.21601],[-75.27985,6.21593],[-75.27974,6.2159],[-75.27978,6.21601]],[[-75.26312,6.20285],[-75.2632,6.20277],[-75.26309,6.20274],[-75.26312,6.20285]],[[-75.27439,6.18935],[-75.27446,6.18927],[-75.27435,6.18924],[-75.27439,6.18935]],[[-75.27834,6.21845],[-75.27841,6.21837],[-75.2783,6.21834],[-75.27834,6.21845]],[[-75.28033,6.2217],[-75.28041,6.22162],[-75.2803,6.22159],[-75.28033,6.2217]],[[-75.29019,6.22837],[-75.29027,6.22829],[-75.29016,6.22826],[-75.29019,6.22837]],[[-75.26988,6.23465],[-75.26996,6.23457],[-75.26985,6.23454],[-75.26988,6.23465]],[[-75.28124,6.22477],[-75.28132,6.22469],[-75.28121,6.22466],[-75.28124,6.22477]],[[-75.27794,6.24422],[-75.27802,6.24414],[-75.27791,6.24411],[-75.27794,6.24422]],[[-75.28526,6.24429],[-75.28534,6.24421],[-75.28523,6.24418],[-75.28526,6.24429]],[[-75.27783,6.23536],[-75.27791,6.23528],[-75.2778,6.23525],[-75.27783,6.23536]],[[-75.27166,6.22335],[-75.27174,6.22327],[-75.27163,6.22324],[-75.27166,6.22335]],[[-75.28803,6.23181],[-75.28811,6.23173],[-75.288,6.2317],[-75.28803,6.23181]],[[-75.28151,6.22459],[-75.28159,6.22451],[-75.28148,6.22448],[-75.28151,6.22459]],[[-75.26952,6.23411],[-75.2696,6.23403],[-75.26949,6.234],[-75.26952,6.23411]],[[-75.2736,6.2436],[-75.27368,6.24352],[-75.27357,6.24349],[-75.2736,6.2436]],[[-75.28823,6.23976],[-75.28831,6.23969],[-75.2882,6.23965],[-75.28823,6.23976]],[[-75.28433,6.23254],[-75.28441,6.23246],[-75.2843,6.23243],[-75.28433,6.23254]],[[-75.28138,6.24448],[-75.28146,6.2444],[-75.28135,6.24437],[-75.28138,6.24448]],[[-75.2755,6.2445],[-75.27558,6.24442],[-75.27547,6.24438],[-75.2755,6.2445]],[[-75.28464,6.24755],[-75.28471,6.24747],[-75.2846,6.24744],[-75.28464,6.24755]],[[-75.28357,6.25388],[-75.28365,6.2538],[-75.28353,6.25377],[-75.28357,6.25388]],[[-75.28708,6.24917],[-75.28716,6.24909],[-75.28705,6.24906],[-75.28708,6.24917]],[[-75.28392,6.17233],[-75.284,6.17225],[-75.28389,6.17222],[-75.28392,6.17233]],[[-75.28581,6.16961],[-75.28589,6.16954],[-75.28578,6.1695],[-75.28581,6.16961]],[[-75.27795,6.16665],[-75.27803,6.16657],[-75.27792,6.16654],[-75.27795,6.16665]],[[-75.28202,6.16863],[-75.2821,6.16855],[-75.28199,6.16852],[-75.28202,6.16863]],[[-75.28545,6.17016],[-75.28553,6.17008],[-75.28542,6.17005],[-75.28545,6.17016]],[[-75.29078,6.16816],[-75.29086,6.16808],[-75.29075,6.16805],[-75.29078,6.16816]],[[-75.28497,6.2348],[-75.28505,6.23472],[-75.28494,6.23469],[-75.28497,6.2348]],[[-75.28896,6.24383],[-75.28904,6.24375],[-75.28893,6.24372],[-75.28896,6.24383]],[[-75.29232,6.17059],[-75.2924,6.17052],[-75.29229,6.17048],[-75.29232,6.17059]],[[-75.29658,6.17727],[-75.29666,6.1772],[-75.29655,6.17716],[-75.29658,6.17727]],[[-75.27761,6.17533],[-75.27768,6.17525],[-75.27757,6.17522],[-75.27761,6.17533]],[[-75.29134,6.17476],[-75.29141,6.17468],[-75.2913,6.17465],[-75.29134,6.17476]],[[-75.29025,6.17214],[-75.29032,6.17206],[-75.29021,6.17203],[-75.29025,6.17214]],[[-75.29982,6.16985],[-75.29989,6.16977],[-75.29978,6.16974],[-75.29982,6.16985]],[[-75.2857,6.16103],[-75.28578,6.16095],[-75.28567,6.16092],[-75.2857,6.16103]],[[-75.29424,6.17954],[-75.29432,6.17946],[-75.29421,6.17943],[-75.29424,6.17954]],[[-75.29059,6.20759],[-75.29048,6.20756],[-75.29051,6.20767],[-75.29059,6.20759]],[[-75.30288,6.20764],[-75.30296,6.20756],[-75.30285,6.20753],[-75.30288,6.20764]],[[-75.28707,6.2461],[-75.28715,6.24602],[-75.28704,6.24599],[-75.28707,6.2461]],[[-75.28731,6.23018],[-75.28739,6.2301],[-75.28728,6.23007],[-75.28731,6.23018]],[[-75.29953,6.24164],[-75.29961,6.24156],[-75.2995,6.24153],[-75.29953,6.24164]],[[-75.2887,6.2488],[-75.28878,6.24872],[-75.28867,6.24869],[-75.2887,6.2488]],[[-75.30332,6.24118],[-75.3034,6.2411],[-75.30329,6.24107],[-75.30332,6.24118]],[[-75.3009,6.24805],[-75.30098,6.24797],[-75.30087,6.24794],[-75.3009,6.24805]],[[-75.3063,6.16705],[-75.30619,6.16702],[-75.30622,6.16713],[-75.3063,6.16705]],[[-75.28951,6.1687],[-75.28959,6.16862],[-75.28948,6.16859],[-75.28951,6.1687]],[[-75.27568,6.16385],[-75.27576,6.16377],[-75.27565,6.16374],[-75.27568,6.16385]],[[-75.28571,6.16184],[-75.28578,6.16176],[-75.28567,6.16173],[-75.28571,6.16184]],[[-75.3035,6.16805],[-75.30339,6.16802],[-75.30342,6.16813],[-75.3035,6.16805]],[[-75.2774,6.1643],[-75.27748,6.16422],[-75.27737,6.16419],[-75.2774,6.1643]],[[-75.28688,6.15985],[-75.28695,6.15977],[-75.28684,6.15974],[-75.28688,6.15985]],[[-75.2981,6.17031],[-75.29818,6.17023],[-75.29807,6.1702],[-75.2981,6.17031]],[[-75.28726,6.17115],[-75.28734,6.17107],[-75.28723,6.17104],[-75.28726,6.17115]],[[-75.29324,6.18009],[-75.29332,6.18001],[-75.29321,6.17997],[-75.29324,6.18009]],[[-75.29415,6.17927],[-75.29422,6.17919],[-75.29411,6.17916],[-75.29415,6.17927]],[[-75.2933,6.2074],[-75.29319,6.20737],[-75.29322,6.20748],[-75.2933,6.2074]],[[-75.28976,6.23605],[-75.28984,6.23598],[-75.28973,6.23594],[-75.28976,6.23605]],[[-75.29237,6.23316],[-75.29245,6.23308],[-75.29234,6.23305],[-75.29237,6.23316]],[[-75.30221,6.23015],[-75.30229,6.23007],[-75.30218,6.23004],[-75.30221,6.23015]],[[-75.30824,6.22091],[-75.30832,6.22083],[-75.30821,6.2208],[-75.30824,6.22091]],[[-75.30113,6.22997],[-75.30121,6.22989],[-75.3011,6.22986],[-75.30113,6.22997]],[[-75.28794,6.23027],[-75.28802,6.23019],[-75.28791,6.23016],[-75.28794,6.23027]],[[-75.27979,6.22378],[-75.27987,6.2237],[-75.27976,6.22367],[-75.27979,6.22378]],[[-75.28991,6.22159],[-75.28999,6.22151],[-75.28988,6.22148],[-75.28991,6.22159]],[[-75.28377,6.22531],[-75.28385,6.22523],[-75.28374,6.2252],[-75.28377,6.22531]],[[-75.28402,6.21509],[-75.2841,6.21501],[-75.28399,6.21498],[-75.28402,6.21509]],[[-75.30449,6.23846],[-75.30457,6.23838],[-75.30446,6.23835],[-75.30449,6.23846]],[[-75.30249,6.23395],[-75.30257,6.23387],[-75.30246,6.23384],[-75.30249,6.23395]],[[-75.29284,6.23822],[-75.29291,6.23814],[-75.2928,6.23811],[-75.29284,6.23822]],[[-75.29078,6.24699],[-75.29086,6.24691],[-75.29075,6.24688],[-75.29078,6.24699]],[[-75.29793,6.25131],[-75.298,6.25123],[-75.29789,6.2512],[-75.29793,6.25131]],[[-75.28563,6.24972],[-75.28571,6.24964],[-75.2856,6.24961],[-75.28563,6.24972]],[[-75.29007,6.25386],[-75.29015,6.25378],[-75.29004,6.25375],[-75.29007,6.25386]],[[-75.29293,6.24156],[-75.29301,6.24148],[-75.2929,6.24145],[-75.29293,6.24156]],[[-75.30099,6.24643],[-75.30106,6.24635],[-75.30095,6.24632],[-75.30099,6.24643]],[[-75.29216,6.25802],[-75.29224,6.25794],[-75.29213,6.25791],[-75.29216,6.25802]],[[-75.29647,6.24897],[-75.29655,6.24889],[-75.29644,6.24886],[-75.29647,6.24897]],[[-75.2936,6.25584],[-75.29368,6.25577],[-75.29357,6.25573],[-75.2936,6.25584]],[[-75.29268,6.24925],[-75.29276,6.24917],[-75.29265,6.24914],[-75.29268,6.24925]],[[-75.28709,6.25586],[-75.28717,6.25578],[-75.28706,6.25575],[-75.28709,6.25586]],[[-75.29737,6.24607],[-75.29745,6.24599],[-75.29734,6.24596],[-75.29737,6.24607]],[[-75.29844,6.23793],[-75.29852,6.23785],[-75.29841,6.23782],[-75.29844,6.23793]],[[-75.29476,6.25006],[-75.29484,6.24998],[-75.29473,6.24995],[-75.29476,6.25006]],[[-75.286,6.25107],[-75.28608,6.25099],[-75.28597,6.25096],[-75.286,6.25107]],[[-75.28872,6.25703],[-75.2888,6.25695],[-75.28869,6.25692],[-75.28872,6.25703]],[[-75.30027,6.24905],[-75.30035,6.24897],[-75.30024,6.24894],[-75.30027,6.24905]],[[-75.28789,6.24718],[-75.28797,6.2471],[-75.28786,6.24707],[-75.28789,6.24718]],[[-75.28744,6.17106],[-75.28752,6.17098],[-75.28741,6.17095],[-75.28744,6.17106]],[[-75.29086,6.16599],[-75.29094,6.16591],[-75.29083,6.16588],[-75.29086,6.16599]],[[-75.28733,6.24067],[-75.28741,6.24059],[-75.2873,6.24056],[-75.28733,6.24067]],[[-75.28719,6.1791],[-75.28727,6.17902],[-75.28716,6.17899],[-75.28719,6.1791]],[[-75.2887,6.16726],[-75.28878,6.16718],[-75.28867,6.16715],[-75.2887,6.16726]],[[-75.29992,6.17763],[-75.3,6.17755],[-75.29989,6.17752],[-75.29992,6.17763]],[[-75.3016,6.16552],[-75.30149,6.16549],[-75.30152,6.1656],[-75.3016,6.16552]],[[-75.3089,6.15464],[-75.30898,6.15457],[-75.30887,6.15453],[-75.3089,6.15464]],[[-75.30224,6.1637],[-75.30232,6.16362],[-75.30221,6.16359],[-75.30224,6.1637]],[[-75.30072,6.17048],[-75.3008,6.17041],[-75.30069,6.17037],[-75.30072,6.17048]],[[-75.30092,6.17971],[-75.301,6.17963],[-75.30089,6.1796],[-75.30092,6.17971]],[[-75.30604,6.20528],[-75.30612,6.2052],[-75.30601,6.20517],[-75.30604,6.20528]],[[-75.30082,6.21316],[-75.3009,6.21308],[-75.30079,6.21305],[-75.30082,6.21316]],[[-75.31101,6.20726],[-75.31109,6.20718],[-75.31098,6.20715],[-75.31101,6.20726]],[[-75.31537,6.2171],[-75.31545,6.21702],[-75.31534,6.21699],[-75.31537,6.2171]],[[-75.2956,6.22438],[-75.29568,6.2243],[-75.29557,6.22427],[-75.2956,6.22438]],[[-75.29566,6.21598],[-75.29555,6.21595],[-75.29559,6.21606],[-75.29566,6.21598]],[[-75.30879,6.22408],[-75.30887,6.224],[-75.30876,6.22397],[-75.30879,6.22408]],[[-75.3019,6.21207],[-75.30198,6.21199],[-75.30187,6.21196],[-75.3019,6.21207]],[[-75.30032,6.23024],[-75.30039,6.23016],[-75.30028,6.23013],[-75.30032,6.23024]],[[-75.3067,6.21848],[-75.30678,6.2184],[-75.30667,6.21837],[-75.3067,6.21848]],[[-75.30249,6.23431],[-75.30257,6.23423],[-75.30246,6.2342],[-75.30249,6.23431]],[[-75.30367,6.23584],[-75.30375,6.23576],[-75.30364,6.23573],[-75.30367,6.23584]],[[-75.3006,6.23485],[-75.30068,6.23477],[-75.30057,6.23474],[-75.3006,6.23485]],[[-75.3032,6.22924],[-75.30328,6.22916],[-75.30317,6.22913],[-75.3032,6.22924]],[[-75.30032,6.23006],[-75.30039,6.22998],[-75.30028,6.22995],[-75.30032,6.23006]],[[-75.30603,6.23828],[-75.3061,6.2382],[-75.30599,6.23817],[-75.30603,6.23828]],[[-75.30566,6.2381],[-75.30574,6.23802],[-75.30563,6.23799],[-75.30566,6.2381]],[[-75.298,6.24417],[-75.29808,6.24409],[-75.29797,6.24406],[-75.298,6.24417]],[[-75.31272,6.16295],[-75.3128,6.16287],[-75.31269,6.16284],[-75.31272,6.16295]],[[-75.30803,6.16685],[-75.30811,6.16677],[-75.308,6.16674],[-75.30803,6.16685]],[[-75.30081,6.16949],[-75.30089,6.16941],[-75.30078,6.16938],[-75.30081,6.16949]],[[-75.29765,6.17176],[-75.29773,6.17168],[-75.29762,6.17165],[-75.29765,6.17176]],[[-75.30099,6.17003],[-75.30107,6.16995],[-75.30096,6.16992],[-75.30099,6.17003]],[[-75.29423,6.17855],[-75.29431,6.17847],[-75.2942,6.17844],[-75.29423,6.17855]],[[-75.31112,6.21386],[-75.3112,6.21378],[-75.31109,6.21375],[-75.31112,6.21386]],[[-75.30723,6.21296],[-75.30731,6.21288],[-75.3072,6.21285],[-75.30723,6.21296]],[[-75.31426,6.20616],[-75.31434,6.20608],[-75.31423,6.20605],[-75.31426,6.20616]],[[-75.31119,6.20735],[-75.31127,6.20727],[-75.31116,6.20724],[-75.31119,6.20735]],[[-75.30823,6.21368],[-75.30831,6.2136],[-75.3082,6.21357],[-75.30823,6.21368]],[[-75.30698,6.22209],[-75.30706,6.22201],[-75.30695,6.22198],[-75.30698,6.22209]],[[-75.3068,6.22209],[-75.30688,6.22201],[-75.30677,6.22198],[-75.3068,6.22209]],[[-75.31638,6.22334],[-75.31646,6.22326],[-75.31635,6.22323],[-75.31638,6.22334]],[[-75.31205,6.22452],[-75.31213,6.22444],[-75.31202,6.22441],[-75.31205,6.22452]],[[-75.31596,6.23572],[-75.31604,6.23564],[-75.31593,6.23561],[-75.31596,6.23572]],[[-75.31316,6.23663],[-75.31324,6.23655],[-75.31313,6.23652],[-75.31316,6.23663]],[[-75.31604,6.23111],[-75.31612,6.23103],[-75.31601,6.231],[-75.31604,6.23111]],[[-75.29929,6.2552],[-75.29937,6.25512],[-75.29926,6.25509],[-75.29929,6.2552]],[[-75.29872,6.24191],[-75.2988,6.24183],[-75.29869,6.2418],[-75.29872,6.24191]],[[-75.29746,6.24535],[-75.29754,6.24527],[-75.29743,6.24524],[-75.29746,6.24535]],[[-75.29503,6.25132],[-75.29511,6.25124],[-75.295,6.25121],[-75.29503,6.25132]],[[-75.31565,6.22198],[-75.31573,6.2219],[-75.31562,6.22187],[-75.31565,6.22198]],[[-75.31837,6.22641],[-75.31845,6.22633],[-75.31834,6.22629],[-75.31837,6.22641]],[[-75.32406,6.22422],[-75.32414,6.22414],[-75.32403,6.22411],[-75.32406,6.22422]],[[-75.31279,6.23365],[-75.31287,6.23357],[-75.31276,6.23354],[-75.31279,6.23365]],[[-75.30807,6.22363],[-75.30815,6.22355],[-75.30804,6.22352],[-75.30807,6.22363]],[[-75.3136,6.23274],[-75.31368,6.23267],[-75.31357,6.23263],[-75.3136,6.23274]],[[-75.30401,6.22798],[-75.30409,6.2279],[-75.30398,6.22787],[-75.30401,6.22798]],[[-75.33117,6.17285],[-75.33125,6.17278],[-75.33114,6.17274],[-75.33117,6.17285]],[[-75.3129,6.16322],[-75.31298,6.16314],[-75.31287,6.16311],[-75.3129,6.16322]],[[-75.31677,6.19648],[-75.31685,6.19641],[-75.31674,6.19637],[-75.31677,6.19648]],[[-75.31908,6.18057],[-75.31916,6.18049],[-75.31905,6.18046],[-75.31908,6.18057]],[[-75.3277,6.19501],[-75.32778,6.19493],[-75.32766,6.1949],[-75.3277,6.19501]],[[-75.31078,6.22244],[-75.31086,6.22237],[-75.31075,6.22233],[-75.31078,6.22244]],[[-75.32603,6.21509],[-75.32611,6.21501],[-75.326,6.21498],[-75.32603,6.21509]],[[-75.31747,6.22722],[-75.31755,6.22714],[-75.31744,6.22711],[-75.31747,6.22722]],[[-75.3113,6.21404],[-75.31138,6.21396],[-75.31127,6.21393],[-75.3113,6.21404]],[[-75.32064,6.22821],[-75.32072,6.22813],[-75.32061,6.2281],[-75.32064,6.22821]],[[-75.32319,6.2009],[-75.32327,6.20082],[-75.32316,6.20079],[-75.32319,6.2009]],[[-75.31637,6.22108],[-75.31645,6.221],[-75.31634,6.22097],[-75.31637,6.22108]],[[-75.31327,6.20599],[-75.31335,6.20591],[-75.31324,6.20588],[-75.31327,6.20599]],[[-75.30798,6.22426],[-75.30806,6.22418],[-75.30795,6.22415],[-75.30798,6.22426]],[[-75.31556,6.21846],[-75.31563,6.21838],[-75.31552,6.21835],[-75.31556,6.21846]],[[-75.31354,6.20788],[-75.31362,6.2078],[-75.31351,6.20777],[-75.31354,6.20788]],[[-75.32278,6.21609],[-75.32286,6.21601],[-75.32275,6.21598],[-75.32278,6.21609]],[[-75.32141,6.21049],[-75.32149,6.21041],[-75.32138,6.21038],[-75.32141,6.21049]],[[-75.31915,6.21149],[-75.31923,6.21141],[-75.31912,6.21138],[-75.31915,6.21149]],[[-75.31765,6.22415],[-75.31773,6.22407],[-75.31762,6.22404],[-75.31765,6.22415]],[[-75.30888,6.22326],[-75.30896,6.22318],[-75.30885,6.22315],[-75.30888,6.22326]],[[-75.31849,6.23508],[-75.31856,6.235],[-75.31845,6.23497],[-75.31849,6.23508]],[[-75.32226,6.22486],[-75.32233,6.22478],[-75.32222,6.22475],[-75.32226,6.22486]],[[-75.31469,6.23591],[-75.31477,6.23583],[-75.31466,6.2358],[-75.31469,6.23591]],[[-75.31487,6.23509],[-75.31495,6.23501],[-75.31484,6.23498],[-75.31487,6.23509]],[[-75.31325,6.23627],[-75.31333,6.23619],[-75.31322,6.23616],[-75.31325,6.23627]],[[-75.30446,6.22698],[-75.30454,6.2269],[-75.30443,6.22687],[-75.30446,6.22698]],[[-75.30141,6.23386],[-75.30149,6.23378],[-75.30138,6.23375],[-75.30141,6.23386]],[[-75.3165,6.23409],[-75.31657,6.23401],[-75.31646,6.23398],[-75.3165,6.23409]],[[-75.31641,6.23635],[-75.31649,6.23627],[-75.31638,6.23624],[-75.31641,6.23635]],[[-75.31522,6.23057],[-75.3153,6.23049],[-75.31519,6.23046],[-75.31522,6.23057]],[[-75.32604,6.1801],[-75.32611,6.18002],[-75.326,6.17999],[-75.32604,6.1801]],[[-75.32571,6.19683],[-75.32579,6.19675],[-75.32568,6.19672],[-75.32571,6.19683]],[[-75.32238,6.20199],[-75.32246,6.20191],[-75.32235,6.20188],[-75.32238,6.20199]],[[-75.31902,6.23291],[-75.3191,6.23283],[-75.31899,6.2328],[-75.31902,6.23291]],[[-75.31547,6.21864],[-75.31554,6.21856],[-75.31543,6.21853],[-75.31547,6.21864]],[[-75.3248,6.22955],[-75.32488,6.22947],[-75.32477,6.22944],[-75.3248,6.22955]],[[-75.31631,6.234],[-75.31639,6.23392],[-75.31628,6.23389],[-75.31631,6.234]],[[-75.31514,6.23365],[-75.31522,6.23357],[-75.31511,6.23353],[-75.31514,6.23365]],[[-75.32623,6.18444],[-75.3263,6.18436],[-75.32619,6.18433],[-75.32623,6.18444]],[[-75.32577,6.18272],[-75.32585,6.18264],[-75.32574,6.18261],[-75.32577,6.18272]],[[-75.32698,6.1989],[-75.32706,6.19882],[-75.32695,6.19879],[-75.32698,6.1989]],[[-75.32761,6.19772],[-75.32769,6.19765],[-75.32758,6.19761],[-75.32761,6.19772]],[[-75.32176,6.20633],[-75.32184,6.20625],[-75.32173,6.20622],[-75.32176,6.20633]],[[-75.3333,6.19699],[-75.33338,6.19691],[-75.33327,6.19688],[-75.3333,6.19699]],[[-75.32419,6.2018],[-75.32427,6.20172],[-75.32416,6.20169],[-75.32419,6.2018]],[[-75.32383,6.20198],[-75.32391,6.2019],[-75.3238,6.20187],[-75.32383,6.20198]],[[-75.32274,6.20189],[-75.32282,6.20182],[-75.32271,6.20178],[-75.32274,6.20189]],[[-75.31884,6.23282],[-75.31892,6.23274],[-75.31881,6.23271],[-75.31884,6.23282]],[[-75.32872,6.17087],[-75.3288,6.17079],[-75.32869,6.17076],[-75.32872,6.17087]],[[-75.32589,6.19592],[-75.32597,6.19584],[-75.32586,6.19581],[-75.32589,6.19592]],[[-75.33132,6.19754],[-75.33139,6.19746],[-75.33128,6.19743],[-75.33132,6.19754]],[[-75.33944,6.19453],[-75.33952,6.19445],[-75.33941,6.19442],[-75.33944,6.19453]],[[-75.32065,6.19458],[-75.32073,6.1945],[-75.32062,6.19447],[-75.32065,6.19458]],[[-75.33574,6.19834],[-75.33582,6.19826],[-75.33571,6.19823],[-75.33574,6.19834]],[[-75.32579,6.18959],[-75.32587,6.18951],[-75.32576,6.18948],[-75.32579,6.18959]],[[-75.34016,6.19444],[-75.34024,6.19436],[-75.34013,6.19433],[-75.34016,6.19444]],[[-75.32123,6.2104],[-75.32131,6.21032],[-75.3212,6.21029],[-75.32123,6.2104]],[[-75.32543,6.18959],[-75.3255,6.18951],[-75.32539,6.18948],[-75.32543,6.18959]],[[-75.32572,6.19854],[-75.3258,6.19846],[-75.32569,6.19843],[-75.32572,6.19854]],[[-75.33629,6.19834],[-75.33636,6.19826],[-75.33625,6.19823],[-75.33629,6.19834]],[[-75.32631,6.18064],[-75.32639,6.18056],[-75.32628,6.18053],[-75.32631,6.18064]],[[-75.32401,6.20189],[-75.32409,6.20181],[-75.32398,6.20178],[-75.32401,6.20189]],[[-75.33789,6.18893],[-75.33797,6.18885],[-75.33786,6.18882],[-75.33789,6.18893]],[[-75.34369,6.19814],[-75.34377,6.19806],[-75.34366,6.19803],[-75.34369,6.19814]],[[-75.34421,6.18982],[-75.34429,6.18974],[-75.34418,6.18971],[-75.34421,6.18982]],[[-75.3265,6.18371],[-75.32657,6.18364],[-75.32646,6.1836],[-75.3265,6.18371]],[[-75.31955,6.1869],[-75.31963,6.18682],[-75.31952,6.18678],[-75.31955,6.1869]],[[-75.33299,6.18108],[-75.33307,6.181],[-75.33296,6.18097],[-75.33299,6.18108]],[[-75.32969,6.19772],[-75.32977,6.19764],[-75.32966,6.19761],[-75.32969,6.19772]],[[-75.32132,6.21103],[-75.3214,6.21095],[-75.32129,6.21092],[-75.32132,6.21103]],[[-75.32431,6.21464],[-75.32439,6.21456],[-75.32428,6.21453],[-75.32431,6.21464]],[[-75.32566,6.21283],[-75.32574,6.21275],[-75.32563,6.21272],[-75.32566,6.21283]],[[-75.32395,6.21581],[-75.32403,6.21573],[-75.32392,6.2157],[-75.32395,6.21581]],[[-75.31827,6.21917],[-75.31835,6.21909],[-75.31824,6.21906],[-75.31827,6.21917]],[[-75.3161,6.22071],[-75.31618,6.22064],[-75.31607,6.2206],[-75.3161,6.22071]],[[-75.31933,6.21158],[-75.31941,6.2115],[-75.3193,6.21147],[-75.31933,6.21158]],[[-75.34131,6.18232],[-75.34139,6.18224],[-75.34128,6.18221],[-75.34131,6.18232]],[[-75.3292,6.18353],[-75.32928,6.18345],[-75.32917,6.18342],[-75.3292,6.18353]],[[-75.32978,6.19745],[-75.32986,6.19737],[-75.32975,6.19734],[-75.32978,6.19745]],[[-75.33285,6.19789],[-75.33293,6.19781],[-75.33282,6.19778],[-75.33285,6.19789]],[[-75.33234,6.17403],[-75.33242,6.17395],[-75.33231,6.17392],[-75.33234,6.17403]],[[-75.34058,6.1816],[-75.34066,6.18152],[-75.34055,6.18149],[-75.34058,6.1816]],[[-75.34774,6.19216],[-75.34782,6.19208],[-75.34771,6.19205],[-75.34774,6.19216]],[[-75.33638,6.19816],[-75.33645,6.19808],[-75.33634,6.19805],[-75.33638,6.19816]],[[-75.34062,6.19851],[-75.3407,6.19843],[-75.34059,6.1984],[-75.34062,6.19851]],[[-75.33781,6.19526],[-75.33789,6.19518],[-75.33778,6.19515],[-75.33781,6.19526]],[[-75.33659,6.17474],[-75.33667,6.17466],[-75.33656,6.17463],[-75.33659,6.17474]],[[-75.33944,6.19517],[-75.33952,6.19509],[-75.33941,6.19506],[-75.33944,6.19517]],[[-75.34351,6.19904],[-75.34359,6.19896],[-75.34348,6.19893],[-75.34351,6.19904]],[[-75.34108,6.19923],[-75.34115,6.19915],[-75.34104,6.19912],[-75.34108,6.19923]],[[-75.33647,6.19798],[-75.33654,6.1979],[-75.33643,6.19786],[-75.33647,6.19798]],[[-75.34673,6.18584],[-75.34681,6.18576],[-75.3467,6.18573],[-75.34673,6.18584]],[[-75.34098,6.19905],[-75.34106,6.19897],[-75.34095,6.19894],[-75.34098,6.19905]],[[-75.33962,6.19507],[-75.3397,6.195],[-75.33959,6.19496],[-75.33962,6.19507]],[[-75.34403,6.18973],[-75.34411,6.18965],[-75.344,6.18962],[-75.34403,6.18973]],[[-75.24933,6.20767],[-75.24949,6.20759],[-75.24928,6.20756],[-75.24933,6.20767]],[[-75.24886,6.19764],[-75.24902,6.19756],[-75.24881,6.19752],[-75.24886,6.19764]],[[-75.25382,6.19546],[-75.25398,6.19538],[-75.25377,6.19534],[-75.25382,6.19546]],[[-75.25455,6.19925],[-75.25471,6.19917],[-75.2545,6.19914],[-75.25455,6.19925]],[[-75.24958,6.19592],[-75.24973,6.19584],[-75.24953,6.1958],[-75.24958,6.19592]],[[-75.25212,6.20432],[-75.25228,6.20424],[-75.25207,6.20421],[-75.25212,6.20432]],[[-75.2554,6.17439],[-75.25556,6.17431],[-75.25535,6.17427],[-75.2554,6.17439]],[[-75.26245,6.17709],[-75.26261,6.17701],[-75.2624,6.17697],[-75.26245,6.17709]],[[-75.25167,6.20179],[-75.25183,6.20171],[-75.25162,6.20168],[-75.25167,6.20179]],[[-75.26151,6.2024],[-75.26167,6.20232],[-75.26147,6.20229],[-75.26151,6.2024]],[[-75.25167,6.20351],[-75.25183,6.20343],[-75.25162,6.20339],[-75.25167,6.20351]],[[-75.25014,6.20496],[-75.2503,6.20488],[-75.25009,6.20484],[-75.25014,6.20496]],[[-75.26522,6.20474],[-75.26538,6.20467],[-75.26517,6.20463],[-75.26522,6.20474]],[[-75.26854,6.23538],[-75.2687,6.23531],[-75.2685,6.23527],[-75.26854,6.23538]],[[-75.26847,6.20248],[-75.26863,6.2024],[-75.26842,6.20236],[-75.26847,6.20248]],[[-75.26142,6.19888],[-75.26158,6.1988],[-75.26137,6.19876],[-75.26142,6.19888]],[[-75.26788,6.18168],[-75.26804,6.18161],[-75.26783,6.18157],[-75.26788,6.18168]],[[-75.26743,6.18096],[-75.26759,6.18088],[-75.26738,6.18085],[-75.26743,6.18096]],[[-75.27163,6.20057],[-75.27179,6.20049],[-75.27158,6.20046],[-75.27163,6.20057]],[[-75.26195,6.19463],[-75.26211,6.19455],[-75.2619,6.19451],[-75.26195,6.19463]],[[-75.27196,6.22769],[-75.27212,6.22761],[-75.27191,6.22758],[-75.27196,6.22769]],[[-75.26716,6.18087],[-75.26732,6.18079],[-75.26711,6.18076],[-75.26716,6.18087]],[[-75.2753,6.18411],[-75.27545,6.18403],[-75.27525,6.18399],[-75.2753,6.18411]],[[-75.281,6.23102],[-75.28116,6.23094],[-75.28095,6.2309],[-75.281,6.23102]],[[-75.27322,6.22651],[-75.27338,6.22644],[-75.27317,6.2264],[-75.27322,6.22651]],[[-75.26382,6.22473],[-75.26398,6.22465],[-75.26377,6.22461],[-75.26382,6.22473]],[[-75.27134,6.23429],[-75.2715,6.23421],[-75.27129,6.23418],[-75.27134,6.23429]],[[-75.27783,6.22533],[-75.27799,6.22525],[-75.27778,6.22521],[-75.27783,6.22533]],[[-75.26881,6.23077],[-75.26896,6.23069],[-75.26876,6.23066],[-75.26881,6.23077]],[[-75.27628,6.17895],[-75.27644,6.17887],[-75.27623,6.17884],[-75.27628,6.17895]],[[-75.27519,6.17733],[-75.27535,6.17725],[-75.27514,6.17721],[-75.27519,6.17733]],[[-75.26879,6.18195],[-75.26894,6.18187],[-75.26874,6.18184],[-75.26879,6.18195]],[[-75.27053,6.23529],[-75.27069,6.23521],[-75.27048,6.23517],[-75.27053,6.23529]],[[-75.28157,6.16203],[-75.28173,6.16196],[-75.28152,6.16192],[-75.28157,6.16203]],[[-75.26901,6.20257],[-75.26917,6.20249],[-75.26896,6.20245],[-75.26901,6.20257]],[[-75.28145,6.23111],[-75.28161,6.23103],[-75.2814,6.23099],[-75.28145,6.23111]],[[-75.27711,6.22723],[-75.27727,6.22715],[-75.27706,6.22711],[-75.27711,6.22723]],[[-75.2815,6.2123],[-75.28166,6.21222],[-75.28145,6.21219],[-75.2815,6.2123]],[[-75.28293,6.16664],[-75.28309,6.16656],[-75.28288,6.16653],[-75.28293,6.16664]],[[-75.28075,6.16095],[-75.28091,6.16087],[-75.2807,6.16084],[-75.28075,6.16095]],[[-75.27623,6.19966],[-75.27639,6.19958],[-75.27618,6.19954],[-75.27623,6.19966]],[[-75.27949,6.24268],[-75.27965,6.2426],[-75.27944,6.24257],[-75.27949,6.24268]],[[-75.276,6.17552],[-75.27616,6.17544],[-75.27595,6.1754],[-75.276,6.17552]],[[-75.2882,6.17893],[-75.28836,6.17885],[-75.28815,6.17881],[-75.2882,6.17893]],[[-75.28259,6.17306],[-75.28275,6.17298],[-75.28254,6.17295],[-75.28259,6.17306]],[[-75.29479,6.25693],[-75.29495,6.25685],[-75.29474,6.25682],[-75.29479,6.25693]],[[-75.28585,6.25786],[-75.28601,6.25778],[-75.2858,6.25774],[-75.28585,6.25786]],[[-75.28187,6.25425],[-75.28203,6.25417],[-75.28182,6.25413],[-75.28187,6.25425]],[[-75.28682,6.24447],[-75.28697,6.2444],[-75.28677,6.24436],[-75.28682,6.24447]],[[-75.29602,6.23957],[-75.29618,6.23949],[-75.29597,6.23946],[-75.29602,6.23957]],[[-75.29519,6.23171],[-75.29535,6.23163],[-75.29514,6.23159],[-75.29519,6.23171]],[[-75.29046,6.17711],[-75.29061,6.17703],[-75.29041,6.177],[-75.29046,6.17711]],[[-75.29216,6.17286],[-75.29232,6.17278],[-75.29211,6.17274],[-75.29216,6.17286]],[[-75.29775,6.24544],[-75.29791,6.24536],[-75.2977,6.24533],[-75.29775,6.24544]],[[-75.2832,6.1651],[-75.28336,6.16503],[-75.28315,6.16499],[-75.2832,6.1651]],[[-75.29243,6.25151],[-75.29259,6.25143],[-75.29238,6.2514],[-75.29243,6.25151]],[[-75.29805,6.17863],[-75.29821,6.17855],[-75.298,6.17852],[-75.29805,6.17863]],[[-75.29859,6.18026],[-75.29875,6.18018],[-75.29854,6.18014],[-75.29859,6.18026]],[[-75.29376,6.23885],[-75.29392,6.23877],[-75.29371,6.23874],[-75.29376,6.23885]],[[-75.30803,6.23764],[-75.30819,6.23757],[-75.30798,6.23753],[-75.30803,6.23764]],[[-75.302,6.17049],[-75.30216,6.17041],[-75.30195,6.17037],[-75.302,6.17049]],[[-75.29704,6.17167],[-75.2972,6.17159],[-75.29699,6.17156],[-75.29704,6.17167]],[[-75.29769,6.17872],[-75.29784,6.17864],[-75.29764,6.17861],[-75.29769,6.17872]],[[-75.29452,6.17855],[-75.29468,6.17847],[-75.29447,6.17844],[-75.29452,6.17855]],[[-75.29424,6.25151],[-75.2944,6.25143],[-75.29419,6.25139],[-75.29424,6.25151]],[[-75.29241,6.16291],[-75.29257,6.16284],[-75.29236,6.1628],[-75.29241,6.16291]],[[-75.30563,6.21704],[-75.30579,6.21696],[-75.30558,6.21692],[-75.30563,6.21704]],[[-75.3038,6.20737],[-75.30396,6.20729],[-75.30375,6.20725],[-75.3038,6.20737]],[[-75.29964,6.24481],[-75.2998,6.24473],[-75.2996,6.24469],[-75.29964,6.24481]],[[-75.31209,6.15826],[-75.31225,6.15818],[-75.31204,6.15814],[-75.31209,6.15826]],[[-75.31329,6.20653],[-75.31345,6.20645],[-75.31324,6.20642],[-75.31329,6.20653]],[[-75.30008,6.23558],[-75.30023,6.2355],[-75.30003,6.23547],[-75.30008,6.23558]],[[-75.30415,6.23838],[-75.30431,6.2383],[-75.3041,6.23826],[-75.30415,6.23838]],[[-75.3076,6.16758],[-75.30776,6.1675],[-75.30755,6.16747],[-75.3076,6.16758]],[[-75.32097,6.2066],[-75.32112,6.20653],[-75.32092,6.20649],[-75.32097,6.2066]],[[-75.32231,6.2028],[-75.32247,6.20273],[-75.32226,6.20269],[-75.32231,6.2028]],[[-75.3234,6.20226],[-75.32355,6.20218],[-75.32335,6.20214],[-75.3234,6.20226]],[[-75.32264,6.19024],[-75.3228,6.19016],[-75.32259,6.19012],[-75.32264,6.19024]],[[-75.31883,6.21836],[-75.31898,6.21828],[-75.31878,6.21825],[-75.31883,6.21836]],[[-75.32107,6.21112],[-75.32123,6.21105],[-75.32102,6.21101],[-75.32107,6.21112]],[[-75.31975,6.22876],[-75.31991,6.22868],[-75.3197,6.22864],[-75.31975,6.22876]],[[-75.32147,6.22902],[-75.32163,6.22895],[-75.32142,6.22891],[-75.32147,6.22902]],[[-75.32063,6.21628],[-75.32079,6.2162],[-75.32058,6.21616],[-75.32063,6.21628]],[[-75.33038,6.17575],[-75.33054,6.17568],[-75.33033,6.17564],[-75.33038,6.17575]],[[-75.32289,6.217],[-75.32305,6.21692],[-75.32284,6.21688],[-75.32289,6.217]],[[-75.31847,6.21918],[-75.31862,6.2191],[-75.31842,6.21906],[-75.31847,6.21918]],[[-75.32276,6.19937],[-75.32291,6.19929],[-75.32271,6.19925],[-75.32276,6.19937]],[[-75.32387,6.2103],[-75.32402,6.21023],[-75.32382,6.21019],[-75.32387,6.2103]],[[-75.32441,6.21057],[-75.32457,6.2105],[-75.32436,6.21046],[-75.32441,6.21057]],[[-75.32577,6.215],[-75.32593,6.21492],[-75.32572,6.21489],[-75.32577,6.215]],[[-75.33685,6.19834],[-75.337,6.19826],[-75.3368,6.19823],[-75.33685,6.19834]],[[-75.32643,6.18797],[-75.32659,6.18789],[-75.32638,6.18785],[-75.32643,6.18797]],[[-75.33864,6.19418],[-75.3388,6.1941],[-75.33859,6.19406],[-75.33864,6.19418]],[[-75.34027,6.19426],[-75.34043,6.19419],[-75.34022,6.19415],[-75.34027,6.19426]],[[-75.34143,6.18694],[-75.34158,6.18686],[-75.34138,6.18682],[-75.34143,6.18694]],[[-75.33718,6.18668],[-75.33734,6.1866],[-75.33713,6.18656],[-75.33718,6.18668]],[[-75.33891,6.19427],[-75.33907,6.19419],[-75.33886,6.19415],[-75.33891,6.19427]],[[-75.2551,6.20648],[-75.25518,6.20633],[-75.25506,6.20628],[-75.2551,6.20648]],[[-75.26214,6.20719],[-75.26223,6.20704],[-75.26211,6.20699],[-75.26214,6.20719]],[[-75.25481,6.1988],[-75.25489,6.19864],[-75.25477,6.19859],[-75.25481,6.1988]],[[-75.25981,6.21479],[-75.25989,6.21464],[-75.25978,6.21459],[-75.25981,6.21479]],[[-75.25508,6.19934],[-75.25516,6.19919],[-75.25504,6.19914],[-75.25508,6.19934]],[[-75.26505,6.21388],[-75.26513,6.21372],[-75.26501,6.21367],[-75.26505,6.21388]],[[-75.25918,6.2138],[-75.25926,6.21364],[-75.25914,6.21359],[-75.25918,6.2138]],[[-75.25607,6.19789],[-75.25615,6.19774],[-75.25603,6.19769],[-75.25607,6.19789]],[[-75.25682,6.21154],[-75.25691,6.21139],[-75.25679,6.21134],[-75.25682,6.21154]],[[-75.26515,6.17889],[-75.26523,6.17873],[-75.26512,6.17868],[-75.26515,6.17889]],[[-75.26126,6.17627],[-75.26134,6.17612],[-75.26123,6.17607],[-75.26126,6.17627]],[[-75.26454,6.18748],[-75.26462,6.18732],[-75.2645,6.18727],[-75.26454,6.18748]],[[-75.25484,6.21082],[-75.25492,6.21067],[-75.2548,6.21062],[-75.25484,6.21082]],[[-75.2589,6.21199],[-75.25898,6.21184],[-75.25887,6.21179],[-75.2589,6.21199]],[[-75.26965,6.17002],[-75.26973,6.16986],[-75.26961,6.16981],[-75.26965,6.17002]],[[-75.27143,6.23655],[-75.27151,6.2364],[-75.27139,6.23635],[-75.27143,6.23655]],[[-75.26115,6.20521],[-75.26123,6.20505],[-75.26111,6.205],[-75.26115,6.20521]],[[-75.26079,6.20557],[-75.26087,6.20541],[-75.26075,6.20536],[-75.26079,6.20557]],[[-75.26357,6.19905],[-75.26365,6.1989],[-75.26354,6.19885],[-75.26357,6.19905]],[[-75.26354,6.22373],[-75.26362,6.22358],[-75.2635,6.22353],[-75.26354,6.22373]],[[-75.26164,6.18513],[-75.26172,6.18498],[-75.26161,6.18493],[-75.26164,6.18513]],[[-75.27502,6.18827],[-75.2751,6.18811],[-75.27498,6.18806],[-75.27502,6.18827]],[[-75.27143,6.19677],[-75.27151,6.19662],[-75.27139,6.19657],[-75.27143,6.19677]],[[-75.27785,6.19902],[-75.27793,6.19886],[-75.27781,6.19881],[-75.27785,6.19902]],[[-75.261,6.22431],[-75.26088,6.22426],[-75.26092,6.22446],[-75.261,6.22431]],[[-75.27554,6.17751],[-75.27562,6.17735],[-75.2755,6.1773],[-75.27554,6.17751]],[[-75.27536,6.17787],[-75.27544,6.17771],[-75.27532,6.17766],[-75.27536,6.17787]],[[-75.27839,6.24079],[-75.27847,6.24063],[-75.27836,6.24058],[-75.27839,6.24079]],[[-75.28345,6.15986],[-75.28353,6.15971],[-75.28341,6.15966],[-75.28345,6.15986]],[[-75.28378,6.22803],[-75.28386,6.22787],[-75.28375,6.22782],[-75.28378,6.22803]],[[-75.27846,6.19251],[-75.27854,6.19235],[-75.27843,6.1923],[-75.27846,6.19251]],[[-75.27184,6.17996],[-75.27192,6.1798],[-75.2718,6.17975],[-75.27184,6.17996]],[[-75.28535,6.24231],[-75.28543,6.24215],[-75.28532,6.2421],[-75.28535,6.24231]],[[-75.27431,6.23284],[-75.27439,6.23268],[-75.27427,6.23263],[-75.27431,6.23284]],[[-75.28645,6.249],[-75.28653,6.24884],[-75.28641,6.24879],[-75.28645,6.249]],[[-75.27963,6.23057],[-75.27971,6.23041],[-75.2796,6.23036],[-75.27963,6.23057]],[[-75.29247,6.2337],[-75.29255,6.23355],[-75.29243,6.2335],[-75.29247,6.2337]],[[-75.28944,6.25333],[-75.28952,6.25317],[-75.28941,6.25312],[-75.28944,6.25333]],[[-75.28988,6.16898],[-75.28996,6.16882],[-75.28985,6.16877],[-75.28988,6.16898]],[[-75.29556,6.24129],[-75.29564,6.24113],[-75.29552,6.24108],[-75.29556,6.24129]],[[-75.29304,6.24681],[-75.29312,6.24665],[-75.293,6.2466],[-75.29304,6.24681]],[[-75.28625,6.16202],[-75.28633,6.16187],[-75.28622,6.16182],[-75.28625,6.16202]],[[-75.28999,6.17693],[-75.29007,6.17678],[-75.28995,6.17673],[-75.28999,6.17693]],[[-75.28552,6.23679],[-75.2856,6.23664],[-75.28548,6.23659],[-75.28552,6.23679]],[[-75.3026,6.23974],[-75.30268,6.23958],[-75.30256,6.23953],[-75.3026,6.23974]],[[-75.28926,6.25215],[-75.28934,6.252],[-75.28922,6.25195],[-75.28926,6.25215]],[[-75.2862,6.25749],[-75.28628,6.25734],[-75.28616,6.25729],[-75.2862,6.25749]],[[-75.29079,6.24953],[-75.29087,6.24937],[-75.29075,6.24932],[-75.29079,6.24953]],[[-75.2917,6.25459],[-75.29178,6.25443],[-75.29167,6.25438],[-75.2917,6.25459]],[[-75.28434,6.23381],[-75.28442,6.23366],[-75.2843,6.23361],[-75.28434,6.23381]],[[-75.28617,6.24511],[-75.28625,6.24495],[-75.28613,6.2449],[-75.28617,6.24511]],[[-75.2983,6.25295],[-75.29838,6.25279],[-75.29826,6.25274],[-75.2983,6.25295]],[[-75.29376,6.24636],[-75.29384,6.2462],[-75.29373,6.24615],[-75.29376,6.24636]],[[-75.29298,6.2582],[-75.29306,6.25805],[-75.29294,6.258],[-75.29298,6.2582]],[[-75.28966,6.2319],[-75.28975,6.23175],[-75.28963,6.2317],[-75.28966,6.2319]],[[-75.28982,6.22187],[-75.2899,6.22171],[-75.28979,6.22166],[-75.28982,6.22187]],[[-75.28096,6.17605],[-75.28104,6.17589],[-75.28092,6.17584],[-75.28096,6.17605]],[[-75.2944,6.17132],[-75.29448,6.17116],[-75.29437,6.17111],[-75.2944,6.17132]],[[-75.2945,6.17539],[-75.29458,6.17523],[-75.29447,6.17518],[-75.2945,6.17539]],[[-75.29698,6.15423],[-75.29707,6.15407],[-75.29695,6.15402],[-75.29698,6.15423]],[[-75.2992,6.1751],[-75.29928,6.17495],[-75.29916,6.1749],[-75.2992,6.1751]],[[-75.30637,6.22879],[-75.30645,6.22863],[-75.30633,6.22858],[-75.30637,6.22879]],[[-75.29826,6.23758],[-75.29834,6.23742],[-75.29822,6.23737],[-75.29826,6.23758]],[[-75.30202,6.22464],[-75.30211,6.22448],[-75.30199,6.22443],[-75.30202,6.22464]],[[-75.29663,6.23478],[-75.29671,6.23462],[-75.29659,6.23457],[-75.29663,6.23478]],[[-75.29772,6.24047],[-75.29781,6.24032],[-75.29769,6.24027],[-75.29772,6.24047]],[[-75.29095,6.23976],[-75.29103,6.23961],[-75.29091,6.23956],[-75.29095,6.23976]],[[-75.30178,6.23712],[-75.30186,6.23696],[-75.30175,6.23691],[-75.30178,6.23712]],[[-75.29501,6.23867],[-75.29509,6.23851],[-75.29497,6.23846],[-75.29501,6.23867]],[[-75.29944,6.24209],[-75.29953,6.24194],[-75.29941,6.24189],[-75.29944,6.24209]],[[-75.28971,6.2536],[-75.2898,6.25344],[-75.28968,6.25339],[-75.28971,6.2536]],[[-75.31929,6.2274],[-75.31937,6.22725],[-75.31925,6.2272],[-75.31929,6.2274]],[[-75.31892,6.22704],[-75.319,6.22689],[-75.31889,6.22684],[-75.31892,6.22704]],[[-75.31014,6.1805],[-75.31022,6.18035],[-75.31011,6.1803],[-75.31014,6.1805]],[[-75.30639,6.23765],[-75.30647,6.23749],[-75.30635,6.23744],[-75.30639,6.23765]],[[-75.31811,6.18717],[-75.31819,6.18702],[-75.31807,6.18697],[-75.31811,6.18717]],[[-75.31479,6.23537],[-75.31487,6.23521],[-75.31475,6.23516],[-75.31479,6.23537]],[[-75.31111,6.20835],[-75.31119,6.20819],[-75.31107,6.20814],[-75.31111,6.20835]],[[-75.32294,6.20823],[-75.32303,6.20807],[-75.32291,6.20802],[-75.32294,6.20823]],[[-75.32741,6.22422],[-75.32749,6.22406],[-75.32737,6.22401],[-75.32741,6.22422]],[[-75.31701,6.21891],[-75.31709,6.21875],[-75.31697,6.2187],[-75.31701,6.21891]],[[-75.31853,6.2152],[-75.31862,6.21504],[-75.3185,6.21499],[-75.31853,6.2152]],[[-75.32887,6.19429],[-75.32895,6.19414],[-75.32884,6.19409],[-75.32887,6.19429]],[[-75.3174,6.1945],[-75.31748,6.19434],[-75.31737,6.19429],[-75.3174,6.1945]],[[-75.32405,6.21781],[-75.32413,6.21765],[-75.32401,6.2176],[-75.32405,6.21781]],[[-75.33117,6.1734],[-75.33125,6.17325],[-75.33114,6.1732],[-75.33117,6.1734]],[[-75.33958,6.17784],[-75.33946,6.17779],[-75.33949,6.17799],[-75.33958,6.17784]],[[-75.34087,6.18775],[-75.34095,6.1876],[-75.34084,6.18755],[-75.34087,6.18775]],[[-75.34107,6.19327],[-75.34115,6.19311],[-75.34103,6.19306],[-75.34107,6.19327]],[[-75.33237,6.18163],[-75.33245,6.18147],[-75.33233,6.18142],[-75.33237,6.18163]],[[-75.33129,6.18515],[-75.33137,6.185],[-75.33125,6.18495],[-75.33129,6.18515]],[[-75.34647,6.18521],[-75.34655,6.18505],[-75.34643,6.185],[-75.34647,6.18521]],[[-75.34341,6.1891],[-75.34349,6.18895],[-75.34337,6.1889],[-75.34341,6.1891]],[[-75.26017,6.18089],[-75.25995,6.18083],[-75.26009,6.18097],[-75.26017,6.18089]],[[-75.25824,6.20323],[-75.25809,6.20309],[-75.25801,6.20317],[-75.25824,6.20323]],[[-75.26078,6.211],[-75.26064,6.21086],[-75.26056,6.21094],[-75.26078,6.211]],[[-75.25357,6.21133],[-75.25343,6.21147],[-75.25351,6.21155],[-75.25357,6.21133]],[[-75.26016,6.21516],[-75.25994,6.2151],[-75.26008,6.21524],[-75.26016,6.21516]],[[-75.25855,6.22113],[-75.25833,6.22107],[-75.25847,6.22121],[-75.25855,6.22113]],[[-75.266,6.19421],[-75.26585,6.19435],[-75.26593,6.19443],[-75.266,6.19421]],[[-75.26896,6.18733],[-75.26882,6.18747],[-75.2689,6.18755],[-75.26896,6.18733]],[[-75.27582,6.22547],[-75.27568,6.22561],[-75.27576,6.22569],[-75.27582,6.22547]],[[-75.27182,6.1796],[-75.27168,6.17946],[-75.2716,6.17954],[-75.27182,6.1796]],[[-75.27302,6.22647],[-75.27296,6.22669],[-75.2731,6.22655],[-75.27302,6.22647]],[[-75.2751,6.23122],[-75.27488,6.23116],[-75.27502,6.2313],[-75.2751,6.23122]],[[-75.27578,6.16526],[-75.27564,6.1654],[-75.27572,6.16548],[-75.27578,6.16526]],[[-75.27594,6.2393],[-75.2758,6.23944],[-75.27588,6.23952],[-75.27594,6.2393]],[[-75.28054,6.24034],[-75.28032,6.24027],[-75.28046,6.24042],[-75.28054,6.24034]],[[-75.28346,6.25064],[-75.28332,6.25049],[-75.28324,6.25057],[-75.28346,6.25064]],[[-75.28957,6.23448],[-75.28943,6.23462],[-75.28951,6.2347],[-75.28957,6.23448]],[[-75.29034,6.2531],[-75.2902,6.25324],[-75.29028,6.25332],[-75.29034,6.2531]],[[-75.28379,6.16014],[-75.28357,6.16008],[-75.28371,6.16022],[-75.28379,6.16014]],[[-75.28192,6.25064],[-75.28178,6.2505],[-75.2817,6.25058],[-75.28192,6.25064]],[[-75.29436,6.15894],[-75.29414,6.15888],[-75.29428,6.15902],[-75.29436,6.15894]],[[-75.29594,6.17711],[-75.29579,6.17697],[-75.29572,6.17705],[-75.29594,6.17711]],[[-75.28471,6.20498],[-75.28457,6.20484],[-75.28449,6.20492],[-75.28471,6.20498]],[[-75.29721,6.21475],[-75.29715,6.21497],[-75.29729,6.21483],[-75.29721,6.21475]],[[-75.29364,6.2404],[-75.29342,6.24033],[-75.29356,6.24048],[-75.29364,6.2404]],[[-75.3008,6.16923],[-75.30058,6.16917],[-75.30072,6.16931],[-75.3008,6.16923]],[[-75.30225,6.1689],[-75.30211,6.16905],[-75.30219,6.16913],[-75.30225,6.1689]],[[-75.3009,6.17008],[-75.30076,6.17022],[-75.30084,6.1703],[-75.3009,6.17008]],[[-75.29802,6.17954],[-75.2978,6.17948],[-75.29794,6.17962],[-75.29802,6.17954]],[[-75.30653,6.22151],[-75.30639,6.22165],[-75.30647,6.22173],[-75.30653,6.22151]],[[-75.30395,6.23833],[-75.30381,6.23847],[-75.30389,6.23855],[-75.30395,6.23833]],[[-75.29078,6.16911],[-75.29064,6.16925],[-75.29072,6.16933],[-75.29078,6.16911]],[[-75.29538,6.1706],[-75.29524,6.17046],[-75.29516,6.17054],[-75.29538,6.1706]],[[-75.29403,6.24767],[-75.29389,6.24781],[-75.29397,6.24789],[-75.29403,6.24767]],[[-75.3,6.25064],[-75.29994,6.25086],[-75.30008,6.25072],[-75.3,6.25064]],[[-75.30709,6.23494],[-75.30687,6.23488],[-75.30701,6.23502],[-75.30709,6.23494]],[[-75.30223,6.24137],[-75.30201,6.24131],[-75.30215,6.24145],[-75.30223,6.24137]],[[-75.30784,6.16437],[-75.3077,6.16451],[-75.30778,6.16459],[-75.30784,6.16437]],[[-75.30681,6.23187],[-75.30667,6.23173],[-75.30659,6.23181],[-75.30681,6.23187]],[[-75.31613,6.1616],[-75.31591,6.16154],[-75.31606,6.16168],[-75.31613,6.1616]],[[-75.3194,6.20689],[-75.31918,6.20682],[-75.31932,6.20697],[-75.3194,6.20689]],[[-75.32513,6.18373],[-75.32491,6.18367],[-75.32505,6.18381],[-75.32513,6.18373]],[[-75.32475,6.21447],[-75.32453,6.21441],[-75.32467,6.21455],[-75.32475,6.21447]],[[-75.3246,6.22328],[-75.32454,6.2235],[-75.32468,6.22336],[-75.3246,6.22328]],[[-75.3219,6.22916],[-75.32176,6.2293],[-75.32184,6.22938],[-75.3219,6.22916]],[[-75.31783,6.22709],[-75.31769,6.22723],[-75.31777,6.22731],[-75.31783,6.22709]],[[-75.32605,6.18856],[-75.32591,6.1887],[-75.32599,6.18878],[-75.32605,6.18856]],[[-75.3232,6.20222],[-75.32306,6.20236],[-75.32313,6.20244],[-75.3232,6.20222]],[[-75.32429,6.2104],[-75.32407,6.21034],[-75.32421,6.21048],[-75.32429,6.2104]],[[-75.33934,6.19436],[-75.3392,6.19422],[-75.33912,6.1943],[-75.33934,6.19436]],[[-75.34801,6.19185],[-75.34787,6.19199],[-75.34795,6.19207],[-75.34801,6.19185]],[[-75.34222,6.18725],[-75.34216,6.18747],[-75.3423,6.18733],[-75.34222,6.18725]],[[-75.34501,6.18766],[-75.34479,6.1876],[-75.34493,6.18774],[-75.34501,6.18766]],[[-75.3416,6.19843],[-75.34138,6.19836],[-75.34153,6.19851],[-75.3416,6.19843]],[[-75.26807,6.21749],[-75.26831,6.21741],[-75.268,6.21737],[-75.26807,6.21749]],[[-75.26147,6.21678],[-75.26171,6.2167],[-75.26141,6.21666],[-75.26147,6.21678]],[[-75.26196,6.19399],[-75.2622,6.19392],[-75.2619,6.19388],[-75.26196,6.19399]],[[-75.27107,6.22751],[-75.27131,6.22744],[-75.27101,6.2274],[-75.27107,6.22751]],[[-75.26774,6.19344],[-75.26798,6.19336],[-75.26768,6.19332],[-75.26774,6.19344]],[[-75.2698,6.22788],[-75.27005,6.2278],[-75.26974,6.22776],[-75.2698,6.22788]],[[-75.27018,6.23484],[-75.27042,6.23476],[-75.27012,6.23472],[-75.27018,6.23484]],[[-75.26265,6.22048],[-75.26289,6.2204],[-75.26259,6.22037],[-75.26265,6.22048]],[[-75.26879,6.21712],[-75.26903,6.21705],[-75.26873,6.21701],[-75.26879,6.21712]],[[-75.27999,6.21863],[-75.28023,6.21856],[-75.27993,6.21852],[-75.27999,6.21863]],[[-75.2798,6.17144],[-75.28004,6.17137],[-75.27973,6.17133],[-75.2798,6.17144]],[[-75.28369,6.21546],[-75.28393,6.21538],[-75.28363,6.21535],[-75.28369,6.21546]],[[-75.28286,6.20932],[-75.2831,6.20924],[-75.2828,6.2092],[-75.28286,6.20932]],[[-75.28377,6.25072],[-75.28401,6.25064],[-75.28371,6.2506],[-75.28377,6.25072]],[[-75.28988,6.23534],[-75.29012,6.23526],[-75.28982,6.23522],[-75.28988,6.23534]],[[-75.28638,6.24448],[-75.28662,6.2444],[-75.28631,6.24436],[-75.28638,6.24448]],[[-75.29878,6.2581],[-75.29903,6.25802],[-75.29872,6.25798],[-75.29878,6.2581]],[[-75.29354,6.1781],[-75.29378,6.17802],[-75.29348,6.17799],[-75.29354,6.1781]],[[-75.29391,6.2592],[-75.29415,6.25912],[-75.29385,6.25908],[-75.29391,6.2592]],[[-75.29063,6.17079],[-75.29087,6.17071],[-75.29057,6.17067],[-75.29063,6.17079]],[[-75.29355,6.18009],[-75.29379,6.18001],[-75.29348,6.17997],[-75.29355,6.18009]],[[-75.29467,6.15902],[-75.29491,6.15895],[-75.29461,6.15891],[-75.29467,6.15902]],[[-75.3028,6.19752],[-75.30304,6.19744],[-75.30274,6.1974],[-75.3028,6.19752]],[[-75.3047,6.23856],[-75.30494,6.23848],[-75.30464,6.23844],[-75.3047,6.23856]],[[-75.31607,6.23139],[-75.31631,6.23131],[-75.31601,6.23127],[-75.31607,6.23139]],[[-75.32386,6.20163],[-75.3241,6.20155],[-75.3238,6.20151],[-75.32386,6.20163]],[[-75.32211,6.18979],[-75.32235,6.18971],[-75.32205,6.18967],[-75.32211,6.18979]],[[-75.32428,6.22884],[-75.32452,6.22876],[-75.32422,6.22872],[-75.32428,6.22884]],[[-75.32452,6.2151],[-75.32476,6.21502],[-75.32446,6.21498],[-75.32452,6.2151]],[[-75.32972,6.19809],[-75.32996,6.19801],[-75.32966,6.19797],[-75.32972,6.19809]],[[-75.32861,6.19765],[-75.3283,6.19761],[-75.32837,6.19773],[-75.32861,6.19765]],[[-75.33802,6.19472],[-75.33826,6.19465],[-75.33796,6.19461],[-75.33802,6.19472]],[[-75.34291,6.19742],[-75.34315,6.19735],[-75.34285,6.19731],[-75.34291,6.19742]],[[-75.25083,6.1965],[-75.25076,6.19682],[-75.25091,6.19666],[-75.25083,6.1965]],[[-75.26782,6.2018],[-75.26767,6.20196],[-75.26775,6.20212],[-75.26782,6.2018]],[[-75.2639,6.18731],[-75.26358,6.18724],[-75.26374,6.18739],[-75.2639,6.18731]],[[-75.26167,6.19925],[-75.26135,6.19918],[-75.26151,6.19933],[-75.26167,6.19925]],[[-75.27197,6.20302],[-75.27166,6.20296],[-75.27181,6.2031],[-75.27197,6.20302]],[[-75.27142,6.19818],[-75.27128,6.19834],[-75.27136,6.19849],[-75.27142,6.19818]],[[-75.28111,6.25073],[-75.28095,6.25059],[-75.28079,6.25066],[-75.28111,6.25073]],[[-75.28714,6.24141],[-75.28698,6.24126],[-75.28682,6.24134],[-75.28714,6.24141]],[[-75.30178,6.24508],[-75.30162,6.24493],[-75.30147,6.24501],[-75.30178,6.24508]],[[-75.2944,6.1781],[-75.29424,6.17796],[-75.29408,6.17804],[-75.2944,6.1781]],[[-75.30103,6.2299],[-75.30072,6.22983],[-75.30088,6.22998],[-75.30103,6.2299]],[[-75.29609,6.15806],[-75.29602,6.15838],[-75.29617,6.15822],[-75.29609,6.15806]],[[-75.32387,6.21586],[-75.3238,6.21618],[-75.32394,6.21602],[-75.32387,6.21586]],[[-75.32487,6.1825],[-75.32472,6.18266],[-75.3248,6.18282],[-75.32487,6.1825]],[[-75.31718,6.21832],[-75.31704,6.21848],[-75.31711,6.21864],[-75.31718,6.21832]],[[-75.34836,6.19009],[-75.3482,6.18995],[-75.34804,6.19003],[-75.34836,6.19009]],[[-75.25888,6.20424],[-75.25865,6.20416],[-75.2588,6.2044],[-75.25888,6.20424]],[[-75.25193,6.20724],[-75.2517,6.20716],[-75.25185,6.2074],[-75.25193,6.20724]],[[-75.25836,6.22086],[-75.25822,6.22062],[-75.25814,6.22078],[-75.25836,6.22086]],[[-75.2712,6.18188],[-75.27098,6.1818],[-75.27112,6.18204],[-75.2712,6.18188]],[[-75.27304,6.23638],[-75.27289,6.23614],[-75.27281,6.23629],[-75.27304,6.23638]],[[-75.27846,6.23826],[-75.27831,6.23803],[-75.27823,6.23818],[-75.27846,6.23826]],[[-75.28294,6.24642],[-75.28286,6.24665],[-75.28309,6.2465],[-75.28294,6.24642]],[[-75.28663,6.24307],[-75.28655,6.24329],[-75.28679,6.24315],[-75.28663,6.24307]],[[-75.28128,6.20274],[-75.28105,6.20266],[-75.2812,6.2029],[-75.28128,6.20274]],[[-75.29471,6.18852],[-75.29448,6.18844],[-75.29462,6.18868],[-75.29471,6.18852]],[[-75.29491,6.16445],[-75.29477,6.16422],[-75.29469,6.16437],[-75.29491,6.16445]],[[-75.30115,6.23807],[-75.30091,6.23821],[-75.30107,6.2383],[-75.30115,6.23807]],[[-75.3111,6.23533],[-75.31102,6.23555],[-75.31125,6.23541],[-75.3111,6.23533]],[[-75.31686,6.16332],[-75.31671,6.16308],[-75.31663,6.16324],[-75.31686,6.16332]],[[-75.31388,6.16172],[-75.31366,6.16163],[-75.3138,6.16187],[-75.31388,6.16172]],[[-75.32711,6.21486],[-75.32687,6.21501],[-75.32703,6.21509],[-75.32711,6.21486]],[[-75.3264,6.18499],[-75.32625,6.18476],[-75.32617,6.18491],[-75.3264,6.18499]],[[-75.33926,6.19513],[-75.33902,6.19527],[-75.33918,6.19535],[-75.33926,6.19513]],[[-75.34412,6.1884],[-75.34389,6.18832],[-75.34404,6.18856],[-75.34412,6.1884]],[[-75.26757,6.208],[-75.26765,6.20776],[-75.26753,6.2077],[-75.26757,6.208]],[[-75.27415,6.24152],[-75.27423,6.24129],[-75.27411,6.24122],[-75.27415,6.24152]],[[-75.27654,6.22018],[-75.27662,6.21995],[-75.2765,6.21988],[-75.27654,6.22018]],[[-75.27139,6.18041],[-75.27147,6.18018],[-75.27135,6.18011],[-75.27139,6.18041]],[[-75.28044,6.22614],[-75.28052,6.2259],[-75.2804,6.22584],[-75.28044,6.22614]],[[-75.27691,6.22515],[-75.277,6.22492],[-75.27687,6.22485],[-75.27691,6.22515]],[[-75.28,6.23138],[-75.28008,6.23115],[-75.27996,6.23108],[-75.28,6.23138]],[[-75.28246,6.23969],[-75.28254,6.23946],[-75.28242,6.2394],[-75.28246,6.23969]],[[-75.29599,6.23207],[-75.29607,6.23184],[-75.29595,6.23177],[-75.29599,6.23207]],[[-75.29034,6.25152],[-75.29043,6.25129],[-75.2903,6.25122],[-75.29034,6.25152]],[[-75.2973,6.17068],[-75.29738,6.17045],[-75.29726,6.17038],[-75.2973,6.17068]],[[-75.29727,6.23794],[-75.29735,6.23771],[-75.29723,6.23764],[-75.29727,6.23794]],[[-75.2964,6.17493],[-75.29648,6.1747],[-75.29636,6.17463],[-75.2964,6.17493]],[[-75.29901,6.17068],[-75.29909,6.17044],[-75.29897,6.17038],[-75.29901,6.17068]],[[-75.29412,6.24319],[-75.2942,6.24296],[-75.29408,6.2429],[-75.29412,6.24319]],[[-75.30854,6.18892],[-75.30862,6.18868],[-75.3085,6.18862],[-75.30854,6.18892]],[[-75.30964,6.23602],[-75.30972,6.23578],[-75.3096,6.23572],[-75.30964,6.23602]],[[-75.32132,6.20796],[-75.3214,6.20773],[-75.32128,6.20766],[-75.32132,6.20796]],[[-75.32779,6.19475],[-75.32788,6.19451],[-75.32775,6.19445],[-75.32779,6.19475]],[[-75.3248,6.18879],[-75.32488,6.18855],[-75.32476,6.18849],[-75.3248,6.18879]],[[-75.32543,6.18924],[-75.32551,6.189],[-75.32539,6.18894],[-75.32543,6.18924]],[[-75.34098,6.19372],[-75.34106,6.19349],[-75.34094,6.19342],[-75.34098,6.19372]],[[-75.2602,6.22355],[-75.26007,6.22345],[-75.25998,6.22366],[-75.2602,6.22355]],[[-75.27397,6.20164],[-75.27384,6.20154],[-75.27376,6.20175],[-75.27397,6.20164]],[[-75.28276,6.25541],[-75.28263,6.25531],[-75.28255,6.25552],[-75.28276,6.25541]],[[-75.28083,6.15913],[-75.2807,6.15903],[-75.28062,6.15924],[-75.28083,6.15913]],[[-75.28456,6.2498],[-75.28443,6.2497],[-75.28435,6.24991],[-75.28456,6.2498]],[[-75.29378,6.25168],[-75.29365,6.25158],[-75.29357,6.25179],[-75.29378,6.25168]],[[-75.29621,6.17121],[-75.29608,6.17111],[-75.296,6.17132],[-75.29621,6.17121]],[[-75.30721,6.2379],[-75.30708,6.2378],[-75.307,6.23801],[-75.30721,6.2379]],[[-75.30681,6.22226],[-75.30668,6.22216],[-75.3066,6.22238],[-75.30681,6.22226]],[[-75.31486,6.2246],[-75.31473,6.2245],[-75.31464,6.22471],[-75.31486,6.2246]],[[-75.3137,6.23382],[-75.31357,6.23372],[-75.31349,6.23393],[-75.3137,6.23382]],[[-75.32717,6.19925],[-75.32704,6.19915],[-75.32696,6.19936],[-75.32717,6.19925]],[[-75.33027,6.17176],[-75.33014,6.17166],[-75.33006,6.17187],[-75.33027,6.17176]],[[-75.34196,6.18756],[-75.34183,6.18746],[-75.34175,6.18767],[-75.34196,6.18756]],[[-75.24984,6.1961],[-75.25001,6.19601],[-75.2498,6.19589],[-75.24984,6.1961]],[[-75.25321,6.20585],[-75.25337,6.20577],[-75.25316,6.20565],[-75.25321,6.20585]],[[-75.25512,6.21543],[-75.25529,6.21535],[-75.25508,6.21523],[-75.25512,6.21543]],[[-75.25582,6.20521],[-75.25599,6.20513],[-75.25578,6.20501],[-75.25582,6.20521]],[[-75.25965,6.21768],[-75.25982,6.2176],[-75.2596,6.21748],[-75.25965,6.21768]],[[-75.2581,6.21118],[-75.25826,6.21109],[-75.25805,6.21097],[-75.2581,6.21118]],[[-75.27511,6.22479],[-75.27528,6.2247],[-75.27507,6.22459],[-75.27511,6.22479]],[[-75.27796,6.16584],[-75.27813,6.16575],[-75.27791,6.16563],[-75.27796,6.16584]],[[-75.27996,6.21402],[-75.28013,6.21393],[-75.27992,6.21382],[-75.27996,6.21402]],[[-75.29588,6.26126],[-75.29605,6.26118],[-75.29584,6.26106],[-75.29588,6.26126]],[[-75.29521,6.1658],[-75.29538,6.16571],[-75.29517,6.1656],[-75.29521,6.1658]],[[-75.29699,6.15323],[-75.29716,6.15314],[-75.29695,6.15303],[-75.29699,6.15323]],[[-75.30007,6.19698],[-75.30024,6.19689],[-75.30003,6.19677],[-75.30007,6.19698]],[[-75.32007,6.21067],[-75.32024,6.21059],[-75.32002,6.21047],[-75.32007,6.21067]],[[-75.31324,6.22823],[-75.31341,6.22814],[-75.3132,6.22802],[-75.31324,6.22823]],[[-75.25915,6.20448],[-75.25932,6.20431],[-75.25912,6.20428],[-75.25915,6.20448]],[[-75.26281,6.22689],[-75.26299,6.22672],[-75.26278,6.22669],[-75.26281,6.22689]],[[-75.26485,6.20718],[-75.26502,6.20701],[-75.26482,6.20698],[-75.26485,6.20718]],[[-75.27557,6.23346],[-75.27574,6.23329],[-75.27554,6.23326],[-75.27557,6.23346]],[[-75.29699,6.24019],[-75.29717,6.24002],[-75.29696,6.24],[-75.29699,6.24019]],[[-75.30151,6.23973],[-75.30168,6.23956],[-75.30148,6.23953],[-75.30151,6.23973]],[[-75.32322,6.21482],[-75.32339,6.21465],[-75.32319,6.21462],[-75.32322,6.21482]],[[-75.34267,6.18846],[-75.34285,6.1883],[-75.34264,6.18827],[-75.34267,6.18846]],[[-75.26079,6.1742],[-75.26089,6.17404],[-75.26068,6.17399],[-75.26079,6.1742]],[[-75.27293,6.22923],[-75.27303,6.22907],[-75.27282,6.22902],[-75.27293,6.22923]],[[-75.2757,6.1766],[-75.2758,6.17644],[-75.27559,6.1764],[-75.2757,6.1766]],[[-75.28428,6.21537],[-75.28438,6.21521],[-75.28417,6.21516],[-75.28428,6.21537]],[[-75.29239,6.24374],[-75.29249,6.24358],[-75.29227,6.24353],[-75.29239,6.24374]],[[-75.28866,6.23335],[-75.28876,6.23319],[-75.28855,6.23314],[-75.28866,6.23335]],[[-75.29472,6.23768],[-75.29482,6.23752],[-75.29461,6.23747],[-75.29472,6.23768]],[[-75.29992,6.25683],[-75.30002,6.25667],[-75.2998,6.25662],[-75.29992,6.25683]],[[-75.31524,6.16341],[-75.31534,6.16324],[-75.31513,6.1632],[-75.31524,6.16341]],[[-75.31787,6.20707],[-75.31797,6.2069],[-75.31776,6.20686],[-75.31787,6.20707]],[[-75.31999,6.18753],[-75.32009,6.18737],[-75.31988,6.18733],[-75.31999,6.18753]],[[-75.27013,6.22467],[-75.2699,6.2249],[-75.26998,6.22498],[-75.27013,6.22467]],[[-75.28028,6.16566],[-75.27997,6.16551],[-75.2802,6.16574],[-75.28028,6.16566]],[[-75.2884,6.2395],[-75.28809,6.23935],[-75.28832,6.23958],[-75.2884,6.2395]],[[-75.29024,6.1711],[-75.29009,6.17141],[-75.29032,6.17118],[-75.29024,6.1711]],[[-75.30421,6.2392],[-75.3039,6.23904],[-75.30413,6.23928],[-75.30421,6.2392]],[[-75.31828,6.22257],[-75.31804,6.2228],[-75.31812,6.22288],[-75.31828,6.22257]],[[-75.3258,6.19597],[-75.32565,6.19628],[-75.32588,6.19605],[-75.3258,6.19597]],[[-75.27405,6.23911],[-75.27432,6.23911],[-75.27401,6.23896],[-75.27405,6.23911]],[[-75.27521,6.23685],[-75.27549,6.23685],[-75.27518,6.2367],[-75.27521,6.23685]],[[-75.27459,6.23929],[-75.27486,6.23929],[-75.27456,6.23914],[-75.27459,6.23929]],[[-75.33861,6.18906],[-75.33888,6.18906],[-75.33858,6.18891],[-75.33861,6.18906]],[[-75.24787,6.19711],[-75.24803,6.19696],[-75.24781,6.19689],[-75.24787,6.19711]],[[-75.2541,6.19131],[-75.25425,6.19116],[-75.25403,6.19109],[-75.2541,6.19131]],[[-75.2591,6.20784],[-75.25926,6.20769],[-75.25904,6.20763],[-75.2591,6.20784]],[[-75.25904,6.22267],[-75.2592,6.22252],[-75.25898,6.22245],[-75.25904,6.22267]],[[-75.27162,6.22987],[-75.27178,6.22972],[-75.27155,6.22966],[-75.27162,6.22987]],[[-75.27037,6.23675],[-75.27053,6.23659],[-75.27031,6.23653],[-75.27037,6.23675]],[[-75.271,6.23657],[-75.27116,6.23641],[-75.27094,6.23635],[-75.271,6.23657]],[[-75.27433,6.19072],[-75.27449,6.19057],[-75.27427,6.19051],[-75.27433,6.19072]],[[-75.28231,6.20607],[-75.28247,6.20592],[-75.28225,6.20586],[-75.28231,6.20607]],[[-75.27954,6.21883],[-75.2797,6.21867],[-75.27948,6.21861],[-75.27954,6.21883]],[[-75.28031,6.23926],[-75.28047,6.2391],[-75.28025,6.23904],[-75.28031,6.23926]],[[-75.28659,6.218],[-75.28675,6.21784],[-75.28652,6.21778],[-75.28659,6.218]],[[-75.28675,6.24873],[-75.28691,6.24858],[-75.28668,6.24852],[-75.28675,6.24873]],[[-75.2854,6.25154],[-75.28556,6.25139],[-75.28534,6.25132],[-75.2854,6.25154]],[[-75.29309,6.25577],[-75.29325,6.25562],[-75.29303,6.25555],[-75.29309,6.25577]],[[-75.29258,6.23209],[-75.29274,6.23193],[-75.29252,6.23187],[-75.29258,6.23209]],[[-75.29368,6.16166],[-75.29384,6.1615],[-75.29362,6.16144],[-75.29368,6.16166]],[[-75.29886,6.17484],[-75.29902,6.17469],[-75.2988,6.17463],[-75.29886,6.17484]],[[-75.29534,6.25423],[-75.2955,6.25408],[-75.29528,6.25401],[-75.29534,6.25423]],[[-75.31314,6.21595],[-75.3133,6.21579],[-75.31308,6.21573],[-75.31314,6.21595]],[[-75.30994,6.23629],[-75.3101,6.23614],[-75.30987,6.23608],[-75.30994,6.23629]],[[-75.31897,6.2351],[-75.31913,6.23494],[-75.31891,6.23488],[-75.31897,6.2351]],[[-75.33712,6.19347],[-75.33728,6.19332],[-75.33706,6.19325],[-75.33712,6.19347]],[[-75.34406,6.18884],[-75.34422,6.18869],[-75.344,6.18863],[-75.34406,6.18884]],[[-75.28083,6.16584],[-75.28065,6.16569],[-75.28041,6.16577],[-75.28083,6.16584]],[[-75.28363,6.16683],[-75.28346,6.16668],[-75.28322,6.16676],[-75.28363,6.16683]],[[-75.32217,6.22491],[-75.32202,6.22508],[-75.3221,6.22532],[-75.32217,6.22491]],[[-75.34223,6.19671],[-75.34206,6.19656],[-75.34182,6.19664],[-75.34223,6.19671]],[[-75.26673,6.18079],[-75.26705,6.18071],[-75.26666,6.18067],[-75.26673,6.18079]],[[-75.28667,6.17089],[-75.28699,6.17081],[-75.2866,6.17077],[-75.28667,6.17089]],[[-75.28847,6.24764],[-75.28879,6.24756],[-75.2884,6.24752],[-75.28847,6.24764]],[[-75.27814,6.23383],[-75.27846,6.23375],[-75.27807,6.23371],[-75.27814,6.23383]],[[-75.30832,6.23774],[-75.30865,6.23766],[-75.30825,6.23762],[-75.30832,6.23774]],[[-75.31408,6.18918],[-75.31441,6.1891],[-75.31401,6.18906],[-75.31408,6.18918]],[[-75.26574,6.20441],[-75.26559,6.20415],[-75.26566,6.20456],[-75.26574,6.20441]],[[-75.32914,6.19459],[-75.32898,6.19433],[-75.32906,6.19474],[-75.32914,6.19459]],[[-75.28074,6.24164],[-75.28041,6.24179],[-75.28064,6.24187],[-75.28074,6.24164]],[[-75.29133,6.17109],[-75.2911,6.171],[-75.29124,6.17133],[-75.29133,6.17109]],[[-75.31995,6.20502],[-75.31972,6.20493],[-75.31987,6.20525],[-75.31995,6.20502]],[[-75.25392,6.20541],[-75.25401,6.20509],[-75.25388,6.20502],[-75.25392,6.20541]],[[-75.27587,6.24053],[-75.27595,6.24021],[-75.27582,6.24013],[-75.27587,6.24053]],[[-75.27794,6.23826],[-75.27802,6.23794],[-75.2779,6.23787],[-75.27794,6.23826]],[[-75.32768,6.18264],[-75.32776,6.18232],[-75.32764,6.18225],[-75.32768,6.18264]],[[-75.32398,6.22468],[-75.32406,6.22437],[-75.32394,6.22429],[-75.32398,6.22468]],[[-75.26176,6.19507],[-75.26188,6.19482],[-75.26172,6.19478],[-75.26176,6.19507]],[[-75.27214,6.19315],[-75.27227,6.19289],[-75.2721,6.19286],[-75.27214,6.19315]],[[-75.34521,6.1871],[-75.34534,6.18685],[-75.34517,6.18681],[-75.34521,6.1871]],[[-75.28134,6.22826],[-75.2816,6.22813],[-75.28131,6.2281],[-75.28134,6.22826]],[[-75.28179,6.226],[-75.28205,6.22587],[-75.28175,6.22584],[-75.28179,6.226]],[[-75.34343,6.19874],[-75.34368,6.19861],[-75.34339,6.19857],[-75.34343,6.19874]],[[-75.25937,6.22307],[-75.25914,6.22322],[-75.25923,6.22339],[-75.25937,6.22307]],[[-75.28719,6.2569],[-75.28695,6.25706],[-75.28704,6.25723],[-75.28719,6.2569]],[[-75.26664,6.19507],[-75.26651,6.19495],[-75.2663,6.19515],[-75.26664,6.19507]],[[-75.28119,6.16044],[-75.28139,6.16055],[-75.28146,6.16042],[-75.28119,6.16044]],[[-75.32268,6.21692],[-75.32228,6.21676],[-75.32253,6.217],[-75.32268,6.21692]],[[-75.29971,6.16968],[-75.29948,6.16936],[-75.2994,6.16951],[-75.29971,6.16968]],[[-75.26757,6.20568],[-75.2675,6.206],[-75.26773,6.20578],[-75.26757,6.20568]],[[-75.31642,6.16306],[-75.3161,6.16299],[-75.31632,6.16322],[-75.31642,6.16306]],[[-75.3198,6.21062],[-75.31972,6.21094],[-75.31996,6.21072],[-75.3198,6.21062]],[[-75.3399,6.19457],[-75.33983,6.19489],[-75.34007,6.19467],[-75.3399,6.19457]],[[-75.34287,6.1968],[-75.34264,6.19656],[-75.34254,6.19672],[-75.34287,6.1968]],[[-75.26747,6.20282],[-75.26734,6.20273],[-75.26722,6.20303],[-75.26747,6.20282]],[[-75.2906,6.24571],[-75.29047,6.24562],[-75.29035,6.24592],[-75.2906,6.24571]],[[-75.29366,6.23784],[-75.29353,6.23774],[-75.29341,6.23804],[-75.29366,6.23784]],[[-75.30015,6.19624],[-75.30003,6.19614],[-75.29991,6.19644],[-75.30015,6.19624]],[[-75.30916,6.22424],[-75.30903,6.22415],[-75.30891,6.22445],[-75.30916,6.22424]],[[-75.30447,6.22778],[-75.30434,6.22768],[-75.30422,6.22798],[-75.30447,6.22778]],[[-75.25011,6.19829],[-75.25047,6.19831],[-75.25007,6.19815],[-75.25011,6.19829]],[[-75.25842,6.2019],[-75.25859,6.20196],[-75.25839,6.20166],[-75.25842,6.2019]],[[-75.26751,6.22358],[-75.26767,6.22364],[-75.26747,6.22334],[-75.26751,6.22358]],[[-75.29595,6.17768],[-75.29611,6.17774],[-75.29592,6.17744],[-75.29595,6.17768]],[[-75.30451,6.24546],[-75.30467,6.24552],[-75.30448,6.24522],[-75.30451,6.24546]],[[-75.26345,6.2253],[-75.26323,6.22525],[-75.26315,6.22546],[-75.26345,6.2253]],[[-75.27421,6.22926],[-75.27399,6.2292],[-75.2739,6.22942],[-75.27421,6.22926]],[[-75.27934,6.21831],[-75.27912,6.21825],[-75.27903,6.21847],[-75.27934,6.21831]],[[-75.29358,6.24612],[-75.29336,6.24606],[-75.29328,6.24628],[-75.29358,6.24612]],[[-75.29224,6.2529],[-75.29203,6.25285],[-75.29194,6.25306],[-75.29224,6.2529]],[[-75.302,6.21283],[-75.30178,6.21277],[-75.30169,6.21299],[-75.302,6.21283]],[[-75.32254,6.1881],[-75.32232,6.18804],[-75.32223,6.18826],[-75.32254,6.1881]],[[-75.27275,6.22477],[-75.27293,6.22461],[-75.27272,6.2245],[-75.27275,6.22477]],[[-75.27441,6.19927],[-75.27459,6.19911],[-75.27438,6.199],[-75.27441,6.19927]],[[-75.29654,6.23556],[-75.29671,6.2354],[-75.2965,6.2353],[-75.29654,6.23556]],[[-75.31,6.23752],[-75.31018,6.23736],[-75.30997,6.23725],[-75.31,6.23752]],[[-75.26803,6.20599],[-75.2681,6.20575],[-75.26789,6.20571],[-75.26803,6.20599]],[[-75.27748,6.23372],[-75.27756,6.23348],[-75.27735,6.23344],[-75.27748,6.23372]],[[-75.30333,6.23556],[-75.3034,6.23532],[-75.30319,6.23528],[-75.30333,6.23556]],[[-75.28563,6.24495],[-75.28541,6.24481],[-75.28533,6.24501],[-75.28563,6.24495]],[[-75.2969,6.23498],[-75.29668,6.23484],[-75.2966,6.23504],[-75.2969,6.23498]],[[-75.29276,6.24276],[-75.29254,6.24263],[-75.29246,6.24282],[-75.29276,6.24276]],[[-75.29342,6.25623],[-75.29321,6.2561],[-75.29312,6.25629],[-75.29342,6.25623]],[[-75.26622,6.22525],[-75.26643,6.2251],[-75.26612,6.22506],[-75.26622,6.22525]],[[-75.272,6.22234],[-75.2722,6.22219],[-75.2719,6.22215],[-75.272,6.22234]],[[-75.28116,6.16085],[-75.28137,6.16069],[-75.28106,6.16066],[-75.28116,6.16085]],[[-75.29177,6.25918],[-75.29198,6.25903],[-75.29168,6.25899],[-75.29177,6.25918]],[[-75.26988,6.23162],[-75.26973,6.23189],[-75.2698,6.23213],[-75.26988,6.23162]],[[-75.31783,6.22473],[-75.31768,6.225],[-75.31776,6.22524],[-75.31783,6.22473]],[[-75.26043,6.17438],[-75.26011,6.17406],[-75.26003,6.17414],[-75.26043,6.17438]],[[-75.26507,6.18793],[-75.26474,6.18761],[-75.26467,6.18769],[-75.26507,6.18793]],[[-75.28781,6.17749],[-75.28749,6.17726],[-75.28741,6.17734],[-75.28781,6.17749]],[[-75.30115,6.2387],[-75.301,6.2391],[-75.30123,6.23878],[-75.30115,6.2387]],[[-75.32293,6.2024],[-75.3226,6.20263],[-75.3229,6.2026],[-75.32293,6.2024]],[[-75.32012,6.2058],[-75.31989,6.20548],[-75.31992,6.20577],[-75.32012,6.2058]],[[-75.28698,6.23074],[-75.28713,6.23061],[-75.28682,6.23053],[-75.28698,6.23074]],[[-75.28323,6.17443],[-75.28339,6.17429],[-75.28308,6.17421],[-75.28323,6.17443]],[[-75.28422,6.17181],[-75.28438,6.17167],[-75.28407,6.17159],[-75.28422,6.17181]],[[-75.28999,6.24737],[-75.29015,6.24723],[-75.28984,6.24715],[-75.28999,6.24737]],[[-75.29499,6.18019],[-75.29515,6.18005],[-75.29484,6.17997],[-75.29499,6.18019]],[[-75.29656,6.23289],[-75.29671,6.23275],[-75.29641,6.23267],[-75.29656,6.23289]],[[-75.31568,6.22155],[-75.31584,6.22141],[-75.31553,6.22133],[-75.31568,6.22155]],[[-75.25596,6.21038],[-75.2561,6.21022],[-75.25588,6.21007],[-75.25596,6.21038]],[[-75.26447,6.17962],[-75.26461,6.17947],[-75.2644,6.17932],[-75.26447,6.17962]],[[-75.2708,6.18151],[-75.27094,6.18135],[-75.27072,6.1812],[-75.2708,6.18151]],[[-75.27227,6.23005],[-75.27241,6.2299],[-75.27219,6.22975],[-75.27227,6.23005]],[[-75.27843,6.23971],[-75.27857,6.23956],[-75.27835,6.23941],[-75.27843,6.23971]],[[-75.28422,6.16078],[-75.28435,6.16062],[-75.28414,6.16047],[-75.28422,6.16078]],[[-75.28934,6.22812],[-75.28948,6.22796],[-75.28926,6.22781],[-75.28934,6.22812]],[[-75.2898,6.23444],[-75.28994,6.23429],[-75.28972,6.23414],[-75.2898,6.23444]],[[-75.29245,6.16808],[-75.29259,6.16792],[-75.29237,6.16777],[-75.29245,6.16808]],[[-75.29273,6.25098],[-75.29287,6.25082],[-75.29265,6.25067],[-75.29273,6.25098]],[[-75.3071,6.2128],[-75.30724,6.21264],[-75.30702,6.21249],[-75.3071,6.2128]],[[-75.26853,6.18145],[-75.26826,6.1816],[-75.26876,6.18153],[-75.26853,6.18145]],[[-75.28822,6.18077],[-75.28795,6.18093],[-75.28845,6.18085],[-75.28822,6.18077]],[[-75.29991,6.25188],[-75.29975,6.25153],[-75.29983,6.25204],[-75.29991,6.25188]],[[-75.31699,6.19851],[-75.31672,6.19867],[-75.31722,6.19859],[-75.31699,6.19851]],[[-75.26619,6.1807],[-75.2666,6.18062],[-75.26611,6.18058],[-75.26619,6.1807]],[[-75.26631,6.192],[-75.26672,6.19192],[-75.26623,6.19188],[-75.26631,6.192]],[[-75.26737,6.1816],[-75.26778,6.18152],[-75.26729,6.18148],[-75.26737,6.1816]],[[-75.27388,6.2229],[-75.27428,6.22282],[-75.2738,6.22278],[-75.27388,6.2229]],[[-75.28035,6.25073],[-75.28076,6.25065],[-75.28028,6.25061],[-75.28035,6.25073]],[[-75.28548,6.21583],[-75.28556,6.21542],[-75.28543,6.21534],[-75.28548,6.21583]],[[-75.31875,6.22841],[-75.31883,6.228],[-75.31871,6.22792],[-75.31875,6.22841]],[[-75.27866,6.23465],[-75.27883,6.23451],[-75.27861,6.23434],[-75.27866,6.23465]],[[-75.27821,6.23202],[-75.27837,6.23189],[-75.27815,6.23172],[-75.27821,6.23202]],[[-75.29107,6.24709],[-75.29124,6.24696],[-75.29102,6.24679],[-75.29107,6.24709]],[[-75.28146,6.23084],[-75.28162,6.23071],[-75.2814,6.23054],[-75.28146,6.23084]],[[-75.28983,6.25713],[-75.29,6.257],[-75.28978,6.25683],[-75.28983,6.25713]],[[-75.31784,6.22099],[-75.31801,6.22086],[-75.31779,6.22069],[-75.31784,6.22099]],[[-75.31349,6.21639],[-75.31366,6.21626],[-75.31344,6.21609],[-75.31349,6.21639]],[[-75.28504,6.24512],[-75.28518,6.24496],[-75.28487,6.24491],[-75.28504,6.24512]],[[-75.28877,6.25894],[-75.28892,6.25878],[-75.28861,6.25873],[-75.28877,6.25894]],[[-75.33546,6.17593],[-75.33561,6.17577],[-75.3353,6.17572],[-75.33546,6.17593]],[[-75.32043,6.17684],[-75.32031,6.17675],[-75.32032,6.17706],[-75.32043,6.17684]],[[-75.29585,6.17449],[-75.29576,6.17407],[-75.29561,6.17427],[-75.29585,6.17449]],[[-75.27706,6.1723],[-75.27687,6.17237],[-75.27698,6.17254],[-75.27706,6.1723]],[[-75.27848,6.16389],[-75.27829,6.16396],[-75.2784,6.16413],[-75.27848,6.16389]],[[-75.31172,6.16191],[-75.31153,6.16199],[-75.31164,6.16215],[-75.31172,6.16191]],[[-75.31144,6.23758],[-75.31126,6.23766],[-75.31136,6.23782],[-75.31144,6.23758]],[[-75.33128,6.18429],[-75.33109,6.18436],[-75.3312,6.18453],[-75.33128,6.18429]],[[-75.29719,6.24773],[-75.29686,6.24756],[-75.29711,6.24789],[-75.29719,6.24773]],[[-75.30123,6.23361],[-75.30081,6.23354],[-75.30116,6.23373],[-75.30123,6.23361]],[[-75.26252,6.19879],[-75.26276,6.19867],[-75.26245,6.19858],[-75.26252,6.19879]],[[-75.26261,6.19934],[-75.26286,6.19922],[-75.26254,6.19912],[-75.26261,6.19934]],[[-75.27343,6.22978],[-75.27368,6.22966],[-75.27336,6.22956],[-75.27343,6.22978]],[[-75.26995,6.16912],[-75.2702,6.169],[-75.26988,6.16891],[-75.26995,6.16912]],[[-75.28152,6.1738],[-75.28177,6.17368],[-75.28146,6.17358],[-75.28152,6.1738]],[[-75.28188,6.25308],[-75.28213,6.25296],[-75.28182,6.25287],[-75.28188,6.25308]],[[-75.29734,6.25504],[-75.29758,6.25492],[-75.29727,6.25482],[-75.29734,6.25504]],[[-75.32469,6.20932],[-75.32494,6.2092],[-75.32463,6.2091],[-75.32469,6.20932]],[[-75.34373,6.19978],[-75.34398,6.19966],[-75.34367,6.19957],[-75.34373,6.19978]],[[-75.34307,6.1883],[-75.34332,6.18818],[-75.34301,6.18809],[-75.34307,6.1883]],[[-75.27775,6.16585],[-75.27745,6.16552],[-75.27768,6.16593],[-75.27775,6.16585]],[[-75.32059,6.20501],[-75.32073,6.20508],[-75.32055,6.20468],[-75.32059,6.20501]],[[-75.27131,6.22254],[-75.27148,6.22229],[-75.27127,6.22224],[-75.27131,6.22254]],[[-75.27731,6.23917],[-75.27748,6.23891],[-75.27727,6.23887],[-75.27731,6.23917]],[[-75.2918,6.25396],[-75.29197,6.25371],[-75.29176,6.25366],[-75.2918,6.25396]],[[-75.31784,6.18772],[-75.31802,6.18747],[-75.3178,6.18742],[-75.31784,6.18772]],[[-75.33047,6.17684],[-75.33064,6.17659],[-75.33042,6.17654],[-75.33047,6.17684]],[[-75.3145,6.15901],[-75.31439,6.15895],[-75.31433,6.15934],[-75.3145,6.15901]],[[-75.25823,6.2083],[-75.25836,6.20806],[-75.25814,6.20799],[-75.25823,6.2083]],[[-75.25877,6.20893],[-75.2589,6.20869],[-75.25868,6.20862],[-75.25877,6.20893]],[[-75.27564,6.23719],[-75.27577,6.23695],[-75.27555,6.23688],[-75.27564,6.23719]],[[-75.28047,6.17652],[-75.2806,6.17628],[-75.28038,6.17621],[-75.28047,6.17652]],[[-75.28658,6.2415],[-75.28671,6.24126],[-75.28649,6.2412],[-75.28658,6.2415]],[[-75.29353,6.23516],[-75.29365,6.23492],[-75.29343,6.23485],[-75.29353,6.23516]],[[-75.29623,6.23244],[-75.29636,6.2322],[-75.29613,6.23213],[-75.29623,6.23244]],[[-75.29628,6.25649],[-75.29641,6.25625],[-75.29619,6.25618],[-75.29628,6.25649]],[[-75.30455,6.23577],[-75.30468,6.23553],[-75.30445,6.23546],[-75.30455,6.23577]],[[-75.32242,6.22922],[-75.32255,6.22898],[-75.32232,6.22891],[-75.32242,6.22922]],[[-75.33542,6.18688],[-75.33555,6.18664],[-75.33532,6.18657],[-75.33542,6.18688]],[[-75.28211,6.24232],[-75.28237,6.24215],[-75.28206,6.24211],[-75.28211,6.24232]],[[-75.28882,6.25189],[-75.28907,6.25172],[-75.28877,6.25168],[-75.28882,6.25189]],[[-75.29528,6.23289],[-75.29554,6.23272],[-75.29523,6.23268],[-75.29528,6.23289]],[[-75.32254,6.18645],[-75.3228,6.18628],[-75.3225,6.18624],[-75.32254,6.18645]],[[-75.33753,6.18063],[-75.33778,6.18046],[-75.33748,6.18041],[-75.33753,6.18063]],[[-75.267,6.1929],[-75.26686,6.19278],[-75.26678,6.19318],[-75.267,6.1929]],[[-75.31741,6.19631],[-75.31728,6.19619],[-75.3172,6.19659],[-75.31741,6.19631]],[[-75.26931,6.21741],[-75.26918,6.21728],[-75.26899,6.21758],[-75.26931,6.21741]],[[-75.31829,6.22489],[-75.31816,6.22476],[-75.31798,6.22506],[-75.31829,6.22489]],[[-75.27353,6.22688],[-75.27402,6.2268],[-75.27345,6.22676],[-75.27353,6.22688]],[[-75.34793,6.19069],[-75.34805,6.19046],[-75.3478,6.19042],[-75.34793,6.19069]],[[-75.31436,6.20893],[-75.31451,6.20886],[-75.31433,6.20858],[-75.31436,6.20893]],[[-75.31531,6.22954],[-75.31555,6.22942],[-75.31528,6.22929],[-75.31531,6.22954]],[[-75.2871,6.25614],[-75.28668,6.2559],[-75.28693,6.25622],[-75.2871,6.25614]],[[-75.31874,6.23265],[-75.3184,6.23242],[-75.31824,6.2325],[-75.31874,6.23265]],[[-75.29563,6.17002],[-75.29592,6.16988],[-75.29554,6.16984],[-75.29563,6.17002]],[[-75.31512,6.21705],[-75.31478,6.21729],[-75.31528,6.21713],[-75.31512,6.21705]],[[-75.29493,6.16105],[-75.29502,6.16078],[-75.2948,6.16071],[-75.29493,6.16105]],[[-75.28255,6.22462],[-75.28244,6.22504],[-75.28269,6.22478],[-75.28255,6.22462]],[[-75.29331,6.25269],[-75.29305,6.25244],[-75.29289,6.25258],[-75.29331,6.25269]],[[-75.27004,6.18352],[-75.26971,6.18334],[-75.2699,6.18368],[-75.27004,6.18352]],[[-75.28456,6.16278],[-75.28438,6.16311],[-75.28472,6.16292],[-75.28456,6.16278]],[[-75.26915,6.22943],[-75.26855,6.22936],[-75.26874,6.22951],[-75.26915,6.22943]],[[-75.28297,6.22419],[-75.28329,6.22433],[-75.28322,6.22416],[-75.28297,6.22419]],[[-75.26489,6.22228],[-75.26507,6.22236],[-75.26485,6.22199],[-75.26489,6.22228]],[[-75.26547,6.2269],[-75.26571,6.2268],[-75.26531,6.22669],[-75.26547,6.2269]],[[-75.28907,6.23498],[-75.28931,6.23488],[-75.28891,6.23477],[-75.28907,6.23498]],[[-75.29699,6.18081],[-75.29723,6.18071],[-75.29683,6.1806],[-75.29699,6.18081]],[[-75.32853,6.18311],[-75.32833,6.18344],[-75.32866,6.18328],[-75.32853,6.18311]],[[-75.27683,6.22579],[-75.27691,6.2253],[-75.27678,6.22522],[-75.27683,6.22579]],[[-75.29313,6.24266],[-75.29321,6.24217],[-75.29308,6.24208],[-75.29313,6.24266]],[[-75.29893,6.25207],[-75.29871,6.25202],[-75.29859,6.25231],[-75.29893,6.25207]],[[-75.32394,6.2151],[-75.32345,6.21486],[-75.32386,6.21518],[-75.32394,6.2151]],[[-75.33852,6.194],[-75.33803,6.19367],[-75.33844,6.19408],[-75.33852,6.194]],[[-75.27214,6.2285],[-75.27228,6.2287],[-75.27209,6.22821],[-75.27214,6.2285]],[[-75.27076,6.22536],[-75.27048,6.22547],[-75.27067,6.22553],[-75.27076,6.22536]],[[-75.27708,6.22336],[-75.2768,6.22346],[-75.27699,6.22353],[-75.27708,6.22336]],[[-75.30055,6.17702],[-75.30027,6.17712],[-75.30046,6.17719],[-75.30055,6.17702]],[[-75.32523,6.18229],[-75.32494,6.1824],[-75.32513,6.18246],[-75.32523,6.18229]],[[-75.33918,6.19944],[-75.3389,6.19954],[-75.33908,6.19961],[-75.33918,6.19944]],[[-75.26089,6.21697],[-75.26109,6.21683],[-75.26068,6.21675],[-75.26089,6.21697]],[[-75.27373,6.22463],[-75.27394,6.22449],[-75.27353,6.22441],[-75.27373,6.22463]],[[-75.29518,6.2151],[-75.29505,6.21518],[-75.29505,6.21563],[-75.29518,6.2151]],[[-75.32195,6.21036],[-75.32163,6.21077],[-75.32171,6.21085],[-75.32195,6.21036]],[[-75.26558,6.23124],[-75.26573,6.23105],[-75.2655,6.23085],[-75.26558,6.23124]],[[-75.30482,6.22621],[-75.3046,6.22636],[-75.30474,6.22645],[-75.30482,6.22621]],[[-75.2911,6.23416],[-75.29121,6.23394],[-75.2909,6.23386],[-75.2911,6.23416]],[[-75.29761,6.23532],[-75.29771,6.2351],[-75.2974,6.23502],[-75.29761,6.23532]],[[-75.30318,6.21617],[-75.30358,6.21631],[-75.30353,6.21615],[-75.30318,6.21617]],[[-75.28372,6.2463],[-75.28331,6.2464],[-75.28352,6.24647],[-75.28372,6.2463]],[[-75.3255,6.22333],[-75.32509,6.22343],[-75.32529,6.2235],[-75.3255,6.22333]],[[-75.30251,6.24067],[-75.30284,6.24089],[-75.30278,6.24066],[-75.30251,6.24067]],[[-75.26218,6.21144],[-75.26252,6.21135],[-75.26212,6.21124],[-75.26218,6.21144]],[[-75.32431,6.21505],[-75.32398,6.21531],[-75.32406,6.21555],[-75.32431,6.21505]],[[-75.29829,6.24636],[-75.29815,6.24623],[-75.29784,6.24653],[-75.29829,6.24636]],[[-75.29942,6.22979],[-75.29959,6.22945],[-75.29938,6.22941],[-75.29942,6.22979]],[[-75.29452,6.25765],[-75.29486,6.25748],[-75.29448,6.25745],[-75.29452,6.25765]],[[-75.27655,6.2253],[-75.27642,6.22522],[-75.27645,6.22561],[-75.27655,6.2253]],[[-75.33845,6.19475],[-75.33899,6.19475],[-75.33841,6.19461],[-75.33845,6.19475]],[[-75.30854,6.18908],[-75.30841,6.18898],[-75.30843,6.18938],[-75.30854,6.18908]],[[-75.28789,6.25],[-75.2875,6.24996],[-75.28742,6.25015],[-75.28789,6.25]],[[-75.2754,6.23176],[-75.27557,6.2315],[-75.27535,6.23137],[-75.2754,6.23176]],[[-75.28099,6.23066],[-75.28126,6.23049],[-75.28086,6.23045],[-75.28099,6.23066]],[[-75.32096,6.20526],[-75.32122,6.20508],[-75.32082,6.20504],[-75.32096,6.20526]],[[-75.30999,6.23693],[-75.3101,6.2366],[-75.30988,6.23653],[-75.30999,6.23693]],[[-75.329,6.17405],[-75.3291,6.17372],[-75.32888,6.17365],[-75.329,6.17405]],[[-75.31762,6.19072],[-75.31736,6.19068],[-75.31724,6.19097],[-75.31762,6.19072]],[[-75.26616,6.22551],[-75.26603,6.22542],[-75.26583,6.22582],[-75.26616,6.22551]],[[-75.31409,6.20876],[-75.31397,6.20868],[-75.31376,6.20908],[-75.31409,6.20876]],[[-75.30799,6.22509],[-75.30808,6.22451],[-75.30795,6.22442],[-75.30799,6.22509]],[[-75.28207,6.23954],[-75.28188,6.23949],[-75.28179,6.23988],[-75.28207,6.23954]],[[-75.32514,6.22409],[-75.32464,6.22442],[-75.32479,6.2245],[-75.32514,6.22409]],[[-75.29064,6.22901],[-75.29045,6.2287],[-75.29022,6.22877],[-75.29064,6.22901]],[[-75.27521,6.23753],[-75.27548,6.23727],[-75.27519,6.23724],[-75.27521,6.23753]],[[-75.27487,6.16466],[-75.27513,6.1644],[-75.27484,6.16438],[-75.27487,6.16466]],[[-75.28469,6.23689],[-75.28438,6.23664],[-75.28418,6.23678],[-75.28469,6.23689]],[[-75.28058,6.17113],[-75.28085,6.17124],[-75.28075,6.17101],[-75.28058,6.17113]],[[-75.32376,6.17067],[-75.32403,6.17078],[-75.32393,6.17055],[-75.32376,6.17067]],[[-75.28563,6.24159],[-75.28586,6.24168],[-75.28558,6.24138],[-75.28563,6.24159]],[[-75.29482,6.23298],[-75.29506,6.23307],[-75.29478,6.23277],[-75.29482,6.23298]],[[-75.26158,6.19418],[-75.26184,6.19403],[-75.26154,6.19388],[-75.26158,6.19418]],[[-75.29332,6.17126],[-75.29347,6.17142],[-75.29328,6.17084],[-75.29332,6.17126]],[[-75.28422,6.25471],[-75.28439,6.25438],[-75.28417,6.25431],[-75.28422,6.25471]],[[-75.29497,6.25233],[-75.29514,6.252],[-75.29491,6.25193],[-75.29497,6.25233]],[[-75.32471,6.22324],[-75.32488,6.22291],[-75.32466,6.22284],[-75.32471,6.22324]],[[-75.33076,6.18255],[-75.33093,6.18221],[-75.33071,6.18215],[-75.33076,6.18255]],[[-75.32092,6.22865],[-75.32118,6.22885],[-75.32088,6.22846],[-75.32092,6.22865]],[[-75.32375,6.21014],[-75.32332,6.20994],[-75.32315,6.21007],[-75.32375,6.21014]],[[-75.29398,6.17494],[-75.29406,6.1753],[-75.29414,6.17487],[-75.29398,6.17494]],[[-75.29023,6.22431],[-75.29046,6.22409],[-75.29015,6.22401],[-75.29023,6.22431]],[[-75.31991,6.18827],[-75.31961,6.18823],[-75.31954,6.18838],[-75.31991,6.18827]],[[-75.29234,6.17589],[-75.29212,6.17573],[-75.292,6.17603],[-75.29234,6.17589]],[[-75.29687,6.26131],[-75.29665,6.26115],[-75.29653,6.26146],[-75.29687,6.26131]],[[-75.27938,6.2375],[-75.27925,6.23741],[-75.27928,6.23781],[-75.27938,6.2375]],[[-75.31533,6.16268],[-75.31561,6.16278],[-75.31521,6.16248],[-75.31533,6.16268]],[[-75.29569,6.24267],[-75.29558,6.24329],[-75.29583,6.24283],[-75.29569,6.24267]],[[-75.3025,6.23807],[-75.30217,6.23816],[-75.30229,6.2383],[-75.3025,6.23807]],[[-75.30197,6.20462],[-75.30156,6.20476],[-75.3019,6.20493],[-75.30197,6.20462]],[[-75.31407,6.15886],[-75.31379,6.159],[-75.31396,6.15908],[-75.31407,6.15886]],[[-75.29195,6.17053],[-75.29167,6.17063],[-75.29203,6.1707],[-75.29195,6.17053]],[[-75.28568,6.23718],[-75.28541,6.23726],[-75.28553,6.23749],[-75.28568,6.23718]],[[-75.25195,6.20977],[-75.25221,6.20994],[-75.2524,6.2098],[-75.25195,6.20977]],[[-75.34306,6.19701],[-75.34351,6.19701],[-75.34303,6.19685],[-75.34306,6.19701]],[[-75.25862,6.20715],[-75.2584,6.20728],[-75.25854,6.20748],[-75.25862,6.20715]],[[-75.29063,6.22181],[-75.29041,6.22194],[-75.29056,6.22214],[-75.29063,6.22181]],[[-75.31385,6.22535],[-75.31364,6.22531],[-75.31371,6.22561],[-75.31385,6.22535]],[[-75.2926,6.25244],[-75.29239,6.25239],[-75.29218,6.2527],[-75.2926,6.25244]],[[-75.2953,6.171],[-75.29496,6.1712],[-75.29509,6.17142],[-75.2953,6.171]],[[-75.27169,6.23449],[-75.27118,6.23459],[-75.27146,6.23466],[-75.27169,6.23449]],[[-75.29199,6.22278],[-75.29148,6.22288],[-75.29176,6.22295],[-75.29199,6.22278]],[[-75.26387,6.22597],[-75.26408,6.22582],[-75.26378,6.22561],[-75.26387,6.22597]],[[-75.26374,6.22537],[-75.264,6.22515],[-75.26368,6.22506],[-75.26374,6.22537]],[[-75.26841,6.1793],[-75.2681,6.17922],[-75.26815,6.17953],[-75.26841,6.1793]],[[-75.34032,6.17583],[-75.34058,6.17561],[-75.34027,6.17553],[-75.34032,6.17583]],[[-75.28727,6.25074],[-75.28692,6.25039],[-75.28684,6.25062],[-75.28727,6.25074]],[[-75.29978,6.23064],[-75.29938,6.23059],[-75.2993,6.23081],[-75.29978,6.23064]],[[-75.28539,6.15775],[-75.28521,6.15766],[-75.28526,6.15803],[-75.28539,6.15775]],[[-75.30656,6.23153],[-75.30681,6.2316],[-75.30652,6.2312],[-75.30656,6.23153]],[[-75.26486,6.20863],[-75.26464,6.20843],[-75.26453,6.20874],[-75.26486,6.20863]],[[-75.29935,6.23802],[-75.29913,6.23782],[-75.29902,6.23813],[-75.29935,6.23802]],[[-75.28728,6.25296],[-75.28715,6.25286],[-75.28714,6.25335],[-75.28728,6.25296]],[[-75.31056,6.2356],[-75.31011,6.23589],[-75.31027,6.23602],[-75.31056,6.2356]],[[-75.29151,6.24041],[-75.29177,6.24016],[-75.29145,6.2401],[-75.29151,6.24041]],[[-75.28493,6.24055],[-75.28505,6.2407],[-75.28486,6.24011],[-75.28493,6.24055]],[[-75.2494,6.20663],[-75.24916,6.20682],[-75.24928,6.20696],[-75.2494,6.20663]],[[-75.26081,6.21863],[-75.26057,6.21882],[-75.26069,6.21896],[-75.26081,6.21863]],[[-75.27477,6.19943],[-75.27453,6.19962],[-75.27465,6.19976],[-75.27477,6.19943]],[[-75.293,6.20785],[-75.29313,6.20753],[-75.293,6.20746],[-75.293,6.20785]],[[-75.30952,6.22584],[-75.30928,6.22603],[-75.3094,6.22617],[-75.30952,6.22584]],[[-75.3247,6.18684],[-75.32446,6.18703],[-75.32457,6.18717],[-75.3247,6.18684]],[[-75.32382,6.19728],[-75.32352,6.19734],[-75.32373,6.19747],[-75.32382,6.19728]],[[-75.24829,6.1953],[-75.24797,6.19514],[-75.24838,6.19557],[-75.24829,6.1953]],[[-75.29385,6.23808],[-75.2935,6.23824],[-75.294,6.23816],[-75.29385,6.23808]],[[-75.26389,6.22178],[-75.26414,6.22184],[-75.26386,6.22154],[-75.26389,6.22178]],[[-75.2736,6.22382],[-75.27392,6.22372],[-75.27353,6.22369],[-75.2736,6.22382]],[[-75.30789,6.1685],[-75.30821,6.1684],[-75.30782,6.16837],[-75.30789,6.1685]],[[-75.29136,6.17684],[-75.29189,6.17677],[-75.29131,6.17663],[-75.29136,6.17684]],[[-75.27148,6.17044],[-75.27173,6.17032],[-75.27142,6.17008],[-75.27148,6.17044]],[[-75.27697,6.24086],[-75.27722,6.24073],[-75.27691,6.24049],[-75.27697,6.24086]],[[-75.33819,6.19912],[-75.33785,6.19883],[-75.33809,6.19933],[-75.33819,6.19912]],[[-75.28919,6.25731],[-75.28944,6.25741],[-75.28914,6.2571],[-75.28919,6.25731]],[[-75.28525,6.23435],[-75.28551,6.23445],[-75.28521,6.23415],[-75.28525,6.23435]],[[-75.29313,6.16183],[-75.29338,6.16193],[-75.29308,6.16162],[-75.29313,6.16183]],[[-75.25106,6.19598],[-75.25079,6.19616],[-75.25106,6.19616],[-75.25106,6.19598]],[[-75.27688,6.22892],[-75.27661,6.2291],[-75.27688,6.2291],[-75.27688,6.22892]],[[-75.29844,6.25238],[-75.29826,6.25265],[-75.29844,6.25265],[-75.29844,6.25238]],[[-75.29853,6.25193],[-75.29835,6.2522],[-75.29853,6.2522],[-75.29853,6.25193]],[[-75.30312,6.24586],[-75.30285,6.24604],[-75.30312,6.24604],[-75.30312,6.24586]],[[-75.30933,6.23536],[-75.30915,6.23563],[-75.30933,6.23563],[-75.30933,6.23536]],[[-75.32544,6.20937],[-75.32517,6.20955],[-75.32544,6.20955],[-75.32544,6.20937]],[[-75.32195,6.18615],[-75.32177,6.18615],[-75.32177,6.18642],[-75.32195,6.18615]],[[-75.2685,6.18116],[-75.26795,6.18091],[-75.26771,6.18099],[-75.2685,6.18116]],[[-75.27592,6.18425],[-75.2755,6.18414],[-75.27584,6.18451],[-75.27592,6.18425]],[[-75.30115,6.19506],[-75.30102,6.19496],[-75.3008,6.19537],[-75.30115,6.19506]],[[-75.27141,6.22696],[-75.27167,6.22716],[-75.27155,6.22681],[-75.27141,6.22696]],[[-75.32442,6.22355],[-75.32409,6.22405],[-75.32434,6.22387],[-75.32442,6.22355]],[[-75.33133,6.18353],[-75.331,6.18365],[-75.33122,6.18376],[-75.33133,6.18353]],[[-75.28232,6.25453],[-75.28249,6.25422],[-75.28227,6.25404],[-75.28232,6.25453]],[[-75.30089,6.24013],[-75.30067,6.24008],[-75.30049,6.24034],[-75.30089,6.24013]],[[-75.25875,6.22143],[-75.25859,6.2219],[-75.25867,6.22231],[-75.25875,6.22143]],[[-75.27141,6.19059],[-75.27116,6.19013],[-75.27133,6.1909],[-75.27141,6.19059]],[[-75.29415,6.16191],[-75.29447,6.16184],[-75.29407,6.16162],[-75.29415,6.16191]],[[-75.34333,6.19745],[-75.34361,6.19755],[-75.34397,6.19743],[-75.34333,6.19745]],[[-75.33011,6.18357],[-75.33029,6.18334],[-75.33008,6.18323],[-75.33011,6.18357]],[[-75.30731,6.23989],[-75.30708,6.2397],[-75.30702,6.2401],[-75.30731,6.23989]],[[-75.30136,6.25196],[-75.30084,6.25172],[-75.30076,6.25188],[-75.30136,6.25196]],[[-75.26944,6.23394],[-75.26961,6.23351],[-75.26939,6.23346],[-75.26944,6.23394]],[[-75.28164,6.19751],[-75.28142,6.19745],[-75.28146,6.19793],[-75.28164,6.19751]],[[-75.26711,6.20737],[-75.26673,6.20749],[-75.26701,6.20755],[-75.26711,6.20737]],[[-75.27242,6.20076],[-75.27205,6.20087],[-75.27233,6.20094],[-75.27242,6.20076]],[[-75.29188,6.25001],[-75.29148,6.24977],[-75.2914,6.24998],[-75.29188,6.25001]],[[-75.30396,6.16806],[-75.30375,6.16802],[-75.3038,6.16838],[-75.30396,6.16806]],[[-75.28476,6.23409],[-75.28489,6.23386],[-75.28448,6.23379],[-75.28476,6.23409]],[[-75.26235,6.18505],[-75.26168,6.18472],[-75.26227,6.18513],[-75.26235,6.18505]],[[-75.32368,6.21623],[-75.32309,6.21682],[-75.32317,6.2169],[-75.32368,6.21623]],[[-75.27987,6.23844],[-75.27959,6.23864],[-75.2799,6.23871],[-75.27987,6.23844]],[[-75.27089,6.2268],[-75.27057,6.22692],[-75.27113,6.22692],[-75.27089,6.2268]],[[-75.28882,6.25306],[-75.28859,6.25285],[-75.28841,6.25315],[-75.28882,6.25306]],[[-75.30333,6.24491],[-75.30303,6.24504],[-75.30325,6.24516],[-75.30333,6.24491]],[[-75.2843,6.25341],[-75.28456,6.25362],[-75.28447,6.25328],[-75.2843,6.25341]],[[-75.29456,6.24239],[-75.29408,6.24258],[-75.29425,6.24265],[-75.29456,6.24239]],[[-75.30937,6.2392],[-75.30905,6.23937],[-75.30922,6.23946],[-75.30937,6.2392]],[[-75.29605,6.1807],[-75.29623,6.1808],[-75.29601,6.18024],[-75.29605,6.1807]],[[-75.29167,6.24493],[-75.29178,6.24456],[-75.29155,6.24435],[-75.29167,6.24493]],[[-75.28578,6.22959],[-75.28585,6.22934],[-75.28556,6.22926],[-75.28578,6.22959]],[[-75.33165,6.18094],[-75.33143,6.18088],[-75.33143,6.18128],[-75.33165,6.18094]],[[-75.29613,6.25546],[-75.2964,6.25542],[-75.29629,6.25522],[-75.29613,6.25546]],[[-75.31703,6.18861],[-75.31683,6.18869],[-75.31708,6.189],[-75.31703,6.18861]],[[-75.26814,6.21709],[-75.26847,6.21722],[-75.26858,6.21705],[-75.26814,6.21709]],[[-75.27057,6.16551],[-75.27042,6.16547],[-75.27036,6.16614],[-75.27057,6.16551]],[[-75.28841,6.24502],[-75.28825,6.2445],[-75.28808,6.24481],[-75.28841,6.24502]],[[-75.2804,6.2514],[-75.28003,6.25138],[-75.28014,6.25155],[-75.2804,6.2514]],[[-75.28619,6.17098],[-75.28579,6.17086],[-75.28569,6.17111],[-75.28619,6.17098]],[[-75.29478,6.24348],[-75.29502,6.24352],[-75.29471,6.24308],[-75.29478,6.24348]],[[-75.29205,6.24724],[-75.29192,6.24715],[-75.29177,6.24764],[-75.29205,6.24724]],[[-75.28838,6.24811],[-75.28878,6.24818],[-75.28831,6.24797],[-75.28838,6.24811]],[[-75.28699,6.23266],[-75.28739,6.23273],[-75.28692,6.23252],[-75.28699,6.23266]],[[-75.26124,6.20571],[-75.26157,6.20584],[-75.26146,6.20558],[-75.26124,6.20571]],[[-75.25229,6.20318],[-75.25207,6.20312],[-75.25192,6.20335],[-75.25229,6.20318]],[[-75.29433,6.2557],[-75.29411,6.25564],[-75.29396,6.25587],[-75.29433,6.2557]],[[-75.29885,6.25948],[-75.29864,6.25943],[-75.29848,6.25966],[-75.29885,6.25948]],[[-75.27822,6.16533],[-75.27797,6.16507],[-75.27774,6.16532],[-75.27822,6.16533]],[[-75.29925,6.24123],[-75.2997,6.24124],[-75.29923,6.24108],[-75.29925,6.24123]],[[-75.28166,6.24912],[-75.28136,6.24907],[-75.28124,6.24934],[-75.28166,6.24912]],[[-75.26826,6.20792],[-75.26796,6.20776],[-75.26808,6.20819],[-75.26826,6.20792]],[[-75.29856,6.25076],[-75.29843,6.25066],[-75.29835,6.25115],[-75.29856,6.25076]],[[-75.27877,6.16461],[-75.27845,6.16455],[-75.27848,6.16486],[-75.27877,6.16461]],[[-75.27792,6.186],[-75.27845,6.18583],[-75.27787,6.1858],[-75.27792,6.186]],[[-75.29343,6.24677],[-75.29375,6.24691],[-75.29337,6.24651],[-75.29343,6.24677]],[[-75.27709,6.224],[-75.27687,6.22395],[-75.27684,6.22435],[-75.27709,6.224]],[[-75.26287,6.16928],[-75.26259,6.16943],[-75.26278,6.16959],[-75.26287,6.16928]],[[-75.32755,6.17085],[-75.32727,6.171],[-75.32746,6.17116],[-75.32755,6.17085]],[[-75.26399,6.18043],[-75.26416,6.18001],[-75.26394,6.17986],[-75.26399,6.18043]],[[-75.33806,6.19537],[-75.33891,6.19528],[-75.33796,6.19524],[-75.33806,6.19537]],[[-75.28917,6.25116],[-75.28944,6.25082],[-75.28913,6.25077],[-75.28917,6.25116]],[[-75.28516,6.2397],[-75.28486,6.23966],[-75.28476,6.23986],[-75.28516,6.2397]],[[-75.28543,6.16152],[-75.28561,6.16129],[-75.2854,6.16119],[-75.28543,6.16152]],[[-75.28745,6.24014],[-75.28779,6.23992],[-75.28739,6.23984],[-75.28745,6.24014]],[[-75.25058,6.20385],[-75.25045,6.20376],[-75.25012,6.20416],[-75.25058,6.20385]],[[-75.30302,6.15296],[-75.30246,6.15292],[-75.30233,6.15321],[-75.30302,6.15296]],[[-75.25318,6.2018],[-75.25268,6.20191],[-75.2531,6.20197],[-75.25318,6.2018]],[[-75.2868,6.24584],[-75.28622,6.24522],[-75.28641,6.24581],[-75.2868,6.24584]],[[-75.27866,6.24315],[-75.27797,6.24325],[-75.27828,6.24332],[-75.27866,6.24315]],[[-75.31476,6.22987],[-75.31456,6.22983],[-75.31459,6.23022],[-75.31476,6.22987]],[[-75.3097,6.18091],[-75.30929,6.18075],[-75.30919,6.18101],[-75.3097,6.18091]],[[-75.33664,6.19425],[-75.33618,6.19429],[-75.33632,6.19447],[-75.33664,6.19425]],[[-75.28398,6.23271],[-75.28385,6.23261],[-75.28388,6.23319],[-75.28398,6.23271]],[[-75.28891,6.23174],[-75.28872,6.2317],[-75.2886,6.23219],[-75.28891,6.23174]],[[-75.28786,6.24177],[-75.28745,6.2412],[-75.28727,6.24136],[-75.28786,6.24177]],[[-75.29867,6.25484],[-75.29844,6.25464],[-75.29813,6.25493],[-75.29867,6.25484]],[[-75.28751,6.25168],[-75.2877,6.25158],[-75.28732,6.25132],[-75.28751,6.25168]],[[-75.28058,6.15956],[-75.28108,6.15979],[-75.28091,6.15953],[-75.28058,6.15956]],[[-75.2789,6.22907],[-75.27863,6.22913],[-75.27857,6.22938],[-75.2789,6.22907]],[[-75.29022,6.23822],[-75.29045,6.23833],[-75.29018,6.23784],[-75.29022,6.23822]],[[-75.29058,6.23824],[-75.29068,6.23776],[-75.29045,6.23757],[-75.29058,6.23824]],[[-75.28582,6.25039],[-75.28607,6.25045],[-75.28578,6.24997],[-75.28582,6.25039]],[[-75.27601,6.22762],[-75.27645,6.22777],[-75.27627,6.22752],[-75.27601,6.22762]],[[-75.29587,6.25939],[-75.29535,6.25955],[-75.29554,6.25965],[-75.29587,6.25939]],[[-75.29356,6.25841],[-75.29331,6.25872],[-75.29343,6.25894],[-75.29356,6.25841]],[[-75.27688,6.19045],[-75.2772,6.19028],[-75.27671,6.19014],[-75.27688,6.19045]],[[-75.27126,6.17183],[-75.27102,6.17127],[-75.27089,6.17162],[-75.27126,6.17183]],[[-75.32229,6.21006],[-75.32199,6.21023],[-75.32303,6.21015],[-75.32229,6.21006]],[[-75.29433,6.25706],[-75.29411,6.25691],[-75.294,6.25728],[-75.29433,6.25706]],[[-75.31032,6.22317],[-75.3105,6.22273],[-75.31029,6.2227],[-75.31032,6.22317]],[[-75.27295,6.23894],[-75.27341,6.23881],[-75.27293,6.23879],[-75.27295,6.23894]],[[-75.26905,6.20155],[-75.26869,6.20155],[-75.26869,6.20173],[-75.26905,6.20155]],[[-75.28391,6.22222],[-75.28373,6.22258],[-75.28392,6.22258],[-75.28391,6.22222]],[[-75.28409,6.16467],[-75.28369,6.16463],[-75.28349,6.16493],[-75.28409,6.16467]],[[-75.28444,6.23574],[-75.28488,6.23596],[-75.28498,6.23576],[-75.28444,6.23574]],[[-75.29048,6.23408],[-75.29001,6.23419],[-75.29022,6.2343],[-75.29048,6.23408]],[[-75.27593,6.22722],[-75.27579,6.22712],[-75.27568,6.22761],[-75.27593,6.22722]],[[-75.26442,6.17812],[-75.2646,6.17781],[-75.26439,6.17778],[-75.26442,6.17812]],[[-75.27545,6.22538],[-75.27563,6.22507],[-75.27543,6.22504],[-75.27545,6.22538]],[[-75.28518,6.2541],[-75.28536,6.25379],[-75.28516,6.25376],[-75.28518,6.2541]],[[-75.3018,6.24794],[-75.30161,6.24828],[-75.30185,6.24825],[-75.3018,6.24794]],[[-75.27984,6.24208],[-75.28025,6.24218],[-75.2802,6.24198],[-75.27984,6.24208]],[[-75.30402,6.15331],[-75.30378,6.15304],[-75.30323,6.15304],[-75.30402,6.15331]],[[-75.29157,6.24798],[-75.29127,6.24802],[-75.29178,6.2483],[-75.29157,6.24798]],[[-75.28162,6.15707],[-75.28108,6.15717],[-75.28115,6.15731],[-75.28162,6.15707]],[[-75.3138,6.2303],[-75.31414,6.2302],[-75.31375,6.2301],[-75.3138,6.2303]],[[-75.27386,6.23909],[-75.27327,6.2392],[-75.27364,6.23926],[-75.27386,6.23909]],[[-75.2936,6.25795],[-75.29371,6.25755],[-75.29339,6.25745],[-75.2936,6.25795]],[[-75.26811,6.20616],[-75.26798,6.20607],[-75.26776,6.20659],[-75.26811,6.20616]],[[-75.28503,6.2491],[-75.2851,6.24944],[-75.28527,6.24936],[-75.28503,6.2491]],[[-75.32236,6.18782],[-75.32286,6.18799],[-75.32308,6.18787],[-75.32236,6.18782]],[[-75.34702,6.19003],[-75.34764,6.19015],[-75.34775,6.19001],[-75.34702,6.19003]],[[-75.30421,6.24598],[-75.30461,6.24584],[-75.30411,6.24567],[-75.30421,6.24598]],[[-75.27169,6.23315],[-75.27147,6.23309],[-75.27119,6.23349],[-75.27169,6.23315]],[[-75.29878,6.17802],[-75.29863,6.17797],[-75.29861,6.17865],[-75.29878,6.17802]],[[-75.29294,6.23498],[-75.29326,6.23507],[-75.29319,6.23481],[-75.29294,6.23498]],[[-75.28124,6.17512],[-75.28174,6.17529],[-75.28167,6.17507],[-75.28124,6.17512]],[[-75.29019,6.22804],[-75.28959,6.22768],[-75.29011,6.22819],[-75.29019,6.22804]],[[-75.26245,6.19946],[-75.26197,6.19936],[-75.26267,6.19952],[-75.26245,6.19946]],[[-75.25514,6.19017],[-75.25484,6.19045],[-75.25497,6.19067],[-75.25514,6.19017]],[[-75.29179,6.25118],[-75.29197,6.25161],[-75.29206,6.25125],[-75.29179,6.25118]],[[-75.3197,6.21404],[-75.31949,6.21391],[-75.31937,6.21419],[-75.3197,6.21404]],[[-75.28953,6.24745],[-75.28979,6.24755],[-75.28948,6.24716],[-75.28953,6.24745]],[[-75.29383,6.23512],[-75.2941,6.23534],[-75.29379,6.23485],[-75.29383,6.23512]],[[-75.31336,6.20829],[-75.3139,6.20829],[-75.31333,6.20814],[-75.31336,6.20829]],[[-75.30438,6.18912],[-75.30475,6.18916],[-75.30425,6.18872],[-75.30438,6.18912]],[[-75.34408,6.19706],[-75.34372,6.19647],[-75.34422,6.19733],[-75.34408,6.19706]],[[-75.28329,6.25129],[-75.28308,6.25115],[-75.28287,6.25155],[-75.28329,6.25129]],[[-75.33111,6.18091],[-75.33136,6.18065],[-75.33106,6.18061],[-75.33111,6.18091]],[[-75.29851,6.25157],[-75.29874,6.25134],[-75.29844,6.25129],[-75.29851,6.25157]],[[-75.32952,6.19306],[-75.32907,6.19323],[-75.32898,6.19376],[-75.32952,6.19306]],[[-75.31312,6.21678],[-75.31289,6.21677],[-75.31348,6.21703],[-75.31312,6.21678]],[[-75.28556,6.22315],[-75.28514,6.22254],[-75.28506,6.22283],[-75.28556,6.22315]],[[-75.2996,6.23715],[-75.29937,6.23766],[-75.29979,6.23725],[-75.2996,6.23715]],[[-75.33024,6.196],[-75.33059,6.19584],[-75.3302,6.1958],[-75.33024,6.196]],[[-75.29401,6.25185],[-75.29374,6.25212],[-75.29401,6.25212],[-75.29401,6.25185]],[[-75.29024,6.24857],[-75.29051,6.24857],[-75.29021,6.24815],[-75.29024,6.24857]],[[-75.26161,6.17129],[-75.26128,6.17143],[-75.26153,6.17158],[-75.26161,6.17129]],[[-75.24994,6.20491],[-75.24969,6.2055],[-75.24983,6.2057],[-75.24994,6.20491]],[[-75.28877,6.22767],[-75.28912,6.2275],[-75.28871,6.22727],[-75.28877,6.22767]],[[-75.28614,6.25298],[-75.28588,6.25295],[-75.28596,6.25334],[-75.28614,6.25298]],[[-75.29978,6.15172],[-75.29956,6.15157],[-75.29944,6.15187],[-75.29978,6.15172]],[[-75.28905,6.23959],[-75.28927,6.23915],[-75.28901,6.23893],[-75.28905,6.23959]],[[-75.30766,6.1641],[-75.30714,6.16441],[-75.30739,6.16452],[-75.30766,6.1641]],[[-75.28926,6.2566],[-75.28889,6.25689],[-75.28908,6.25695],[-75.28926,6.2566]],[[-75.3071,6.23395],[-75.30671,6.23392],[-75.30665,6.23431],[-75.3071,6.23395]],[[-75.26475,6.22355],[-75.26458,6.22344],[-75.26458,6.22401],[-75.26475,6.22355]],[[-75.29222,6.24512],[-75.29162,6.24521],[-75.29188,6.24538],[-75.29222,6.24512]],[[-75.31726,6.20773],[-75.31774,6.20754],[-75.31722,6.2074],[-75.31726,6.20773]],[[-75.28917,6.24791],[-75.28949,6.248],[-75.28912,6.24761],[-75.28917,6.24791]],[[-75.31864,6.21584],[-75.31896,6.21593],[-75.31859,6.21554],[-75.31864,6.21584]],[[-75.27652,6.16902],[-75.27687,6.16877],[-75.27648,6.16853],[-75.27652,6.16902]],[[-75.27041,6.17265],[-75.27006,6.17284],[-75.27029,6.17301],[-75.27041,6.17265]],[[-75.31154,6.20758],[-75.31178,6.20773],[-75.31134,6.20733],[-75.31154,6.20758]],[[-75.31477,6.22897],[-75.31437,6.22893],[-75.31426,6.22921],[-75.31477,6.22897]],[[-75.29815,6.23372],[-75.29833,6.23332],[-75.29812,6.23321],[-75.29815,6.23372]],[[-75.28697,6.23526],[-75.28683,6.23514],[-75.28651,6.23563],[-75.28697,6.23526]],[[-75.27087,6.23745],[-75.27105,6.23692],[-75.27085,6.23689],[-75.27087,6.23745]],[[-75.28279,6.22727],[-75.28248,6.22768],[-75.28265,6.22777],[-75.28279,6.22727]],[[-75.29566,6.16664],[-75.29623,6.16694],[-75.2962,6.16666],[-75.29566,6.16664]],[[-75.27729,6.23534],[-75.27704,6.23557],[-75.27735,6.23574],[-75.27729,6.23534]],[[-75.26308,6.19803],[-75.26269,6.19819],[-75.26367,6.1981],[-75.26308,6.19803]],[[-75.312,6.22375],[-75.31189,6.22416],[-75.31219,6.22347],[-75.312,6.22375]],[[-75.28957,6.2603],[-75.28973,6.25981],[-75.28942,6.25972],[-75.28957,6.2603]],[[-75.33734,6.1912],[-75.33658,6.1906],[-75.33637,6.19074],[-75.33734,6.1912]],[[-75.28244,6.23204],[-75.2821,6.23228],[-75.28234,6.23238],[-75.28244,6.23204]],[[-75.30133,6.19435],[-75.30078,6.19456],[-75.30085,6.19473],[-75.30133,6.19435]],[[-75.28565,6.24551],[-75.28588,6.24576],[-75.28559,6.24518],[-75.28565,6.24551]],[[-75.29639,6.24629],[-75.29675,6.24614],[-75.29626,6.24605],[-75.29639,6.24629]],[[-75.28973,6.24964],[-75.28938,6.24977],[-75.28932,6.25018],[-75.28973,6.24964]],[[-75.25002,6.19658],[-75.25032,6.1967],[-75.25056,6.19651],[-75.25002,6.19658]],[[-75.26543,6.2262],[-75.26561,6.22562],[-75.2654,6.22551],[-75.26543,6.2262]],[[-75.30177,6.24654],[-75.30196,6.24614],[-75.30168,6.24586],[-75.30177,6.24654]],[[-75.2773,6.23444],[-75.27684,6.23448],[-75.27719,6.23474],[-75.2773,6.23444]],[[-75.33669,6.17541],[-75.33638,6.17558],[-75.33657,6.17584],[-75.33669,6.17541]],[[-75.25905,6.20118],[-75.25968,6.20119],[-75.25902,6.20103],[-75.25905,6.20118]],[[-75.28447,6.17128],[-75.28484,6.17156],[-75.28492,6.17133],[-75.28447,6.17128]],[[-75.3234,6.19904],[-75.32322,6.19928],[-75.32373,6.19928],[-75.3234,6.19904]],[[-75.32339,6.18797],[-75.32376,6.18811],[-75.32398,6.18794],[-75.32339,6.18797]],[[-75.27258,6.23647],[-75.2727,6.23614],[-75.2722,6.23607],[-75.27258,6.23647]],[[-75.29809,6.24086],[-75.2977,6.24107],[-75.29795,6.24121],[-75.29809,6.24086]],[[-75.28459,6.22643],[-75.28486,6.22652],[-75.28438,6.2261],[-75.28459,6.22643]],[[-75.25828,6.21279],[-75.25769,6.21269],[-75.25764,6.21283],[-75.25828,6.21279]],[[-75.29653,6.15417],[-75.29632,6.15402],[-75.29622,6.15441],[-75.29653,6.15417]],[[-75.2558,6.19928],[-75.25616,6.19941],[-75.25607,6.19909],[-75.2558,6.19928]],[[-75.29721,6.25812],[-75.29701,6.25808],[-75.29699,6.25856],[-75.29721,6.25812]],[[-75.2765,6.16469],[-75.27599,6.16477],[-75.27636,6.1649],[-75.2765,6.16469]],[[-75.28914,6.1605],[-75.28865,6.16046],[-75.28853,6.16074],[-75.28914,6.1605]],[[-75.28952,6.16703],[-75.28855,6.16658],[-75.28845,6.16674],[-75.28952,6.16703]],[[-75.30208,6.16996],[-75.30085,6.16962],[-75.30175,6.17004],[-75.30208,6.16996]],[[-75.32311,6.18546],[-75.32285,6.18542],[-75.32281,6.18609],[-75.32311,6.18546]],[[-75.29607,6.2603],[-75.29599,6.26054],[-75.29631,6.26008],[-75.29607,6.2603]],[[-75.26521,6.19671],[-75.26547,6.19619],[-75.26516,6.19613],[-75.26521,6.19671]],[[-75.31377,6.22618],[-75.31409,6.2264],[-75.31374,6.22585],[-75.31377,6.22618]],[[-75.28741,6.23103],[-75.28813,6.23119],[-75.28831,6.23104],[-75.28741,6.23103]],[[-75.25979,6.20418],[-75.26015,6.20402],[-75.25975,6.20392],[-75.25979,6.20418]],[[-75.30143,6.16565],[-75.30126,6.16528],[-75.3011,6.16596],[-75.30143,6.16565]],[[-75.2918,6.17004],[-75.29213,6.16986],[-75.29174,6.16949],[-75.2918,6.17004]],[[-75.28413,6.22538],[-75.28392,6.2252],[-75.28344,6.22562],[-75.28413,6.22538]],[[-75.30129,6.20856],[-75.30105,6.20873],[-75.30141,6.2091],[-75.30129,6.20856]],[[-75.27708,6.22075],[-75.27737,6.22109],[-75.27754,6.22078],[-75.27708,6.22075]],[[-75.283,6.16007],[-75.28319,6.16036],[-75.28296,6.15957],[-75.283,6.16007]],[[-75.27291,6.17972],[-75.27271,6.17957],[-75.27274,6.1803],[-75.27291,6.17972]],[[-75.30385,6.24685],[-75.30404,6.24714],[-75.30376,6.24649],[-75.30385,6.24685]],[[-75.2969,6.25432],[-75.29633,6.2545],[-75.29674,6.25459],[-75.2969,6.25432]],[[-75.30384,6.16744],[-75.30354,6.16795],[-75.30415,6.16754],[-75.30384,6.16744]],[[-75.27347,6.22239],[-75.27325,6.22224],[-75.27301,6.22274],[-75.27347,6.22239]],[[-75.28016,6.22706],[-75.27984,6.22718],[-75.28026,6.22739],[-75.28016,6.22706]],[[-75.28988,6.20931],[-75.28958,6.20909],[-75.28942,6.20933],[-75.28988,6.20931]],[[-75.34659,6.19633],[-75.34695,6.19621],[-75.34655,6.19576],[-75.34659,6.19633]],[[-75.26043,6.20731],[-75.25992,6.20748],[-75.26017,6.20766],[-75.26043,6.20731]],[[-75.34169,6.19463],[-75.34108,6.194],[-75.34045,6.1941],[-75.34169,6.19463]],[[-75.27746,6.23484],[-75.27719,6.23494],[-75.27763,6.23519],[-75.27746,6.23484]],[[-75.28528,6.24971],[-75.28482,6.24974],[-75.2852,6.25003],[-75.28528,6.24971]],[[-75.31566,6.18969],[-75.31542,6.18994],[-75.31581,6.19009],[-75.31566,6.18969]],[[-75.29205,6.24613],[-75.29171,6.24673],[-75.29197,6.24663],[-75.29205,6.24613]],[[-75.29556,6.24429],[-75.29504,6.24437],[-75.29542,6.2445],[-75.29556,6.24429]],[[-75.29862,6.17404],[-75.29826,6.174],[-75.29809,6.17458],[-75.29862,6.17404]],[[-75.32924,6.195],[-75.32911,6.1949],[-75.32914,6.19566],[-75.32924,6.195]],[[-75.27748,6.23811],[-75.27774,6.23836],[-75.27745,6.23769],[-75.27748,6.23811]],[[-75.33199,6.182],[-75.33126,6.18148],[-75.33131,6.18169],[-75.33199,6.182]],[[-75.32343,6.1979],[-75.32313,6.19817],[-75.32384,6.19814],[-75.32343,6.1979]],[[-75.2835,6.2558],[-75.28327,6.25576],[-75.28328,6.25652],[-75.2835,6.2558]],[[-75.31014,6.22327],[-75.30964,6.22312],[-75.30958,6.22346],[-75.31014,6.22327]],[[-75.29356,6.23744],[-75.29392,6.23721],[-75.29352,6.23711],[-75.29356,6.23744]],[[-75.30007,6.24134],[-75.30044,6.24123],[-75.29977,6.24089],[-75.30007,6.24134]],[[-75.31048,6.17392],[-75.31018,6.17388],[-75.3099,6.17436],[-75.31048,6.17392]],[[-75.29366,6.23897],[-75.29331,6.23921],[-75.29357,6.23941],[-75.29366,6.23897]],[[-75.29755,6.2518],[-75.29717,6.25214],[-75.2976,6.25205],[-75.29755,6.2518]],[[-75.27726,6.22573],[-75.27706,6.22567],[-75.27705,6.22643],[-75.27726,6.22573]],[[-75.27561,6.18698],[-75.27525,6.18632],[-75.27547,6.18727],[-75.27561,6.18698]],[[-75.29447,6.23816],[-75.29425,6.2381],[-75.29374,6.23851],[-75.29447,6.23816]],[[-75.31563,6.16364],[-75.31603,6.16378],[-75.31616,6.16357],[-75.31563,6.16364]],[[-75.27771,6.1711],[-75.27831,6.17079],[-75.27766,6.17079],[-75.27771,6.1711]],[[-75.27186,6.22759],[-75.27146,6.22749],[-75.27138,6.2278],[-75.27186,6.22759]],[[-75.32847,6.17657],[-75.32785,6.1766],[-75.32797,6.17684],[-75.32847,6.17657]],[[-75.30082,6.2418],[-75.30128,6.24192],[-75.30067,6.24161],[-75.30082,6.2418]],[[-75.30087,6.19591],[-75.30028,6.19603],[-75.30071,6.19617],[-75.30087,6.19591]],[[-75.27669,6.16995],[-75.27698,6.17028],[-75.27714,6.17004],[-75.27669,6.16995]],[[-75.28171,6.22758],[-75.28224,6.22741],[-75.28167,6.22737],[-75.28171,6.22758]],[[-75.26955,6.18757],[-75.2695,6.18725],[-75.26899,6.18722],[-75.26955,6.18757]],[[-75.2877,6.24062],[-75.28748,6.24056],[-75.28748,6.24114],[-75.2877,6.24062]],[[-75.27646,6.22626],[-75.27618,6.22628],[-75.27682,6.22636],[-75.27646,6.22626]],[[-75.27358,6.22658],[-75.27421,6.22642],[-75.27399,6.22622],[-75.27358,6.22658]],[[-75.30045,6.24995],[-75.30072,6.24961],[-75.30042,6.24957],[-75.30045,6.24995]],[[-75.30694,6.24132],[-75.30663,6.24124],[-75.30647,6.24182],[-75.30694,6.24132]],[[-75.29094,6.24556],[-75.29064,6.24504],[-75.29053,6.24548],[-75.29094,6.24556]],[[-75.28666,6.25082],[-75.28649,6.25075],[-75.28673,6.25154],[-75.28666,6.25082]],[[-75.34167,6.19862],[-75.34158,6.19913],[-75.3418,6.19896],[-75.34167,6.19862]],[[-75.2703,6.23171],[-75.27056,6.23144],[-75.2702,6.23138],[-75.2703,6.23171]],[[-75.27601,6.18511],[-75.27588,6.18499],[-75.27592,6.18593],[-75.27601,6.18511]],[[-75.326,6.18031],[-75.3257,6.1805],[-75.32585,6.18084],[-75.326,6.18031]],[[-75.30035,6.23862],[-75.29972,6.23875],[-75.30008,6.23886],[-75.30035,6.23862]],[[-75.27496,6.18937],[-75.27459,6.18979],[-75.27476,6.19009],[-75.27496,6.18937]],[[-75.27367,6.23128],[-75.27337,6.23182],[-75.27359,6.23177],[-75.27367,6.23128]],[[-75.27257,6.19996],[-75.2721,6.20043],[-75.27297,6.20009],[-75.27257,6.19996]],[[-75.2773,6.19824],[-75.2767,6.19788],[-75.27676,6.19815],[-75.2773,6.19824]],[[-75.29258,6.24584],[-75.29227,6.24602],[-75.29277,6.24625],[-75.29258,6.24584]],[[-75.27664,6.22481],[-75.27603,6.22499],[-75.27654,6.22507],[-75.27664,6.22481]],[[-75.30379,6.2032],[-75.30356,6.203],[-75.30334,6.20336],[-75.30379,6.2032]],[[-75.25366,6.19801],[-75.25427,6.19798],[-75.25351,6.19778],[-75.25366,6.19801]],[[-75.27761,6.17455],[-75.27727,6.17481],[-75.27746,6.17508],[-75.27761,6.17455]],[[-75.29609,6.23608],[-75.2954,6.2359],[-75.29562,6.23624],[-75.29609,6.23608]],[[-75.27598,6.16922],[-75.27567,6.16938],[-75.27624,6.16947],[-75.27598,6.16922]],[[-75.29434,6.25766],[-75.29411,6.25745],[-75.29398,6.25783],[-75.29434,6.25766]],[[-75.33241,6.1843],[-75.33233,6.18461],[-75.33268,6.18452],[-75.33241,6.1843]],[[-75.30317,6.24019],[-75.30302,6.24061],[-75.30331,6.24047],[-75.30317,6.24019]],[[-75.29477,6.23832],[-75.29416,6.23877],[-75.2944,6.23886],[-75.29477,6.23832]],[[-75.27276,6.22837],[-75.27235,6.22845],[-75.27267,6.22869],[-75.27276,6.22837]],[[-75.33111,6.18554],[-75.33089,6.18549],[-75.33068,6.18604],[-75.33111,6.18554]],[[-75.28088,6.21104],[-75.28062,6.21151],[-75.28085,6.21159],[-75.28088,6.21104]],[[-75.28789,6.24773],[-75.28715,6.24785],[-75.2878,6.24791],[-75.28789,6.24773]],[[-75.28107,6.2276],[-75.2805,6.22776],[-75.28089,6.22786],[-75.28107,6.2276]],[[-75.28442,6.23076],[-75.28385,6.23092],[-75.28424,6.23102],[-75.28442,6.23076]],[[-75.28441,6.23346],[-75.28415,6.23311],[-75.28381,6.23346],[-75.28441,6.23346]],[[-75.28957,6.24399],[-75.28939,6.2443],[-75.29014,6.24403],[-75.28957,6.24399]],[[-75.30016,6.23914],[-75.30038,6.23962],[-75.30061,6.23958],[-75.30016,6.23914]],[[-75.26879,6.18776],[-75.2683,6.18772],[-75.26834,6.18804],[-75.26879,6.18776]],[[-75.28238,6.16513],[-75.28301,6.16503],[-75.28225,6.1649],[-75.28238,6.16513]],[[-75.30018,6.23822],[-75.30053,6.23799],[-75.30012,6.23737],[-75.30018,6.23822]],[[-75.29271,6.25462],[-75.29313,6.255],[-75.29334,6.25484],[-75.29271,6.25462]],[[-75.28214,6.21767],[-75.28154,6.21777],[-75.28175,6.21802],[-75.28214,6.21767]],[[-75.27393,6.22428],[-75.27418,6.22453],[-75.27429,6.22409],[-75.27393,6.22428]],[[-75.32003,6.21177],[-75.3196,6.21187],[-75.31975,6.21208],[-75.32003,6.21177]],[[-75.27329,6.22447],[-75.27308,6.22495],[-75.27344,6.22477],[-75.27329,6.22447]],[[-75.2723,6.22526],[-75.27139,6.22536],[-75.27153,6.22553],[-75.2723,6.22526]],[[-75.26145,6.2192],[-75.26109,6.21942],[-75.26128,6.21961],[-75.26145,6.2192]],[[-75.27388,6.23976],[-75.27366,6.23969],[-75.27336,6.24019],[-75.27388,6.23976]],[[-75.29045,6.25732],[-75.28987,6.25728],[-75.28977,6.2575],[-75.29045,6.25732]],[[-75.27299,6.22598],[-75.27348,6.22592],[-75.2729,6.22568],[-75.27299,6.22598]],[[-75.3072,6.2352],[-75.30792,6.23538],[-75.30716,6.235],[-75.3072,6.2352]],[[-75.29967,6.17945],[-75.30011,6.17949],[-75.29962,6.17906],[-75.29967,6.17945]],[[-75.29335,6.2519],[-75.29336,6.25241],[-75.29369,6.25248],[-75.29335,6.2519]],[[-75.27074,6.2007],[-75.27055,6.20047],[-75.27034,6.20085],[-75.27074,6.2007]],[[-75.2646,6.22121],[-75.26375,6.2206],[-75.2643,6.22125],[-75.2646,6.22121]],[[-75.32039,6.23649],[-75.32008,6.23642],[-75.31997,6.23687],[-75.32039,6.23649]],[[-75.2639,6.22282],[-75.26332,6.22226],[-75.26361,6.22274],[-75.2639,6.22282]],[[-75.29691,6.23683],[-75.29684,6.23721],[-75.29719,6.23644],[-75.29691,6.23683]],[[-75.30003,6.2493],[-75.29979,6.24939],[-75.29998,6.24979],[-75.30003,6.2493]],[[-75.28883,6.23123],[-75.28825,6.2317],[-75.28856,6.23163],[-75.28883,6.23123]],[[-75.27387,6.17607],[-75.27419,6.17597],[-75.27369,6.17541],[-75.27387,6.17607]],[[-75.28576,6.24011],[-75.28568,6.23965],[-75.28537,6.24077],[-75.28576,6.24011]],[[-75.28218,6.23837],[-75.28181,6.23865],[-75.28204,6.23898],[-75.28218,6.23837]],[[-75.2803,6.16928],[-75.27979,6.16956],[-75.28012,6.16964],[-75.2803,6.16928]],[[-75.29819,6.24872],[-75.29786,6.24894],[-75.29812,6.24934],[-75.29819,6.24872]],[[-75.28303,6.25589],[-75.28266,6.25598],[-75.28296,6.25642],[-75.28303,6.25589]],[[-75.25928,6.21151],[-75.25927,6.21226],[-75.25953,6.21236],[-75.25928,6.21151]],[[-75.28287,6.22526],[-75.28323,6.22496],[-75.28284,6.22475],[-75.28287,6.22526]],[[-75.30078,6.23349],[-75.30056,6.2333],[-75.30018,6.23379],[-75.30078,6.23349]],[[-75.28352,6.22722],[-75.28405,6.22705],[-75.28347,6.22683],[-75.28352,6.22722]],[[-75.31912,6.21047],[-75.31903,6.21096],[-75.31948,6.21096],[-75.31912,6.21047]],[[-75.29428,6.23662],[-75.29371,6.23674],[-75.29361,6.23697],[-75.29428,6.23662]],[[-75.29047,6.20868],[-75.29041,6.20798],[-75.29021,6.20792],[-75.29047,6.20868]],[[-75.26086,6.21932],[-75.26006,6.21902],[-75.2601,6.21931],[-75.26086,6.21932]],[[-75.33099,6.17172],[-75.33092,6.17231],[-75.33134,6.17216],[-75.33099,6.17172]],[[-75.299,6.24948],[-75.29874,6.24999],[-75.29893,6.25012],[-75.299,6.24948]],[[-75.29219,6.25414],[-75.29184,6.25448],[-75.29198,6.25468],[-75.29219,6.25414]],[[-75.27079,6.22291],[-75.27055,6.22306],[-75.27121,6.22312],[-75.27079,6.22291]],[[-75.29971,6.25354],[-75.29922,6.25381],[-75.29986,6.25379],[-75.29971,6.25354]],[[-75.28395,6.23206],[-75.28424,6.23181],[-75.28385,6.23162],[-75.28395,6.23206]],[[-75.30213,6.23417],[-75.30135,6.23443],[-75.30188,6.2345],[-75.30213,6.23417]],[[-75.30568,6.16831],[-75.30562,6.16858],[-75.30627,6.16834],[-75.30568,6.16831]],[[-75.28918,6.25772],[-75.28875,6.25801],[-75.2891,6.25813],[-75.28918,6.25772]],[[-75.28434,6.24042],[-75.28422,6.23958],[-75.28391,6.23978],[-75.28434,6.24042]],[[-75.29328,6.24584],[-75.29285,6.24638],[-75.29301,6.24655],[-75.29328,6.24584]],[[-75.28818,6.25399],[-75.28864,6.25453],[-75.28814,6.25376],[-75.28818,6.25399]],[[-75.29137,6.25384],[-75.29103,6.25389],[-75.29125,6.25442],[-75.29137,6.25384]],[[-75.32861,6.18394],[-75.32885,6.18427],[-75.32845,6.1836],[-75.32861,6.18394]],[[-75.28139,6.24636],[-75.28068,6.24648],[-75.28125,6.24658],[-75.28139,6.24636]],[[-75.31405,6.20569],[-75.31374,6.2054],[-75.31375,6.20598],[-75.31405,6.20569]],[[-75.30808,6.23793],[-75.30762,6.2382],[-75.30835,6.23803],[-75.30808,6.23793]],[[-75.27687,6.2275],[-75.27752,6.22794],[-75.27764,6.2278],[-75.27687,6.2275]],[[-75.28537,6.22682],[-75.28521,6.22722],[-75.28579,6.22707],[-75.28537,6.22682]],[[-75.26942,6.22782],[-75.26911,6.22776],[-75.26912,6.22862],[-75.26942,6.22782]],[[-75.31622,6.23664],[-75.31582,6.23603],[-75.31571,6.2365],[-75.31622,6.23664]],[[-75.28606,6.24888],[-75.28623,6.24816],[-75.28585,6.24858],[-75.28606,6.24888]],[[-75.28109,6.24314],[-75.28023,6.24253],[-75.28052,6.24303],[-75.28109,6.24314]],[[-75.31109,6.23502],[-75.31029,6.23505],[-75.31066,6.23522],[-75.31109,6.23502]],[[-75.27662,6.17401],[-75.27631,6.17396],[-75.27618,6.17461],[-75.27662,6.17401]],[[-75.26939,6.21762],[-75.26906,6.21781],[-75.26912,6.21835],[-75.26939,6.21762]],[[-75.2926,6.24917],[-75.29205,6.24918],[-75.2925,6.24945],[-75.2926,6.24917]],[[-75.29124,6.24373],[-75.29177,6.24394],[-75.29119,6.24344],[-75.29124,6.24373]],[[-75.26454,6.22407],[-75.26422,6.22398],[-75.2642,6.22465],[-75.26454,6.22407]],[[-75.27934,6.16482],[-75.28021,6.16467],[-75.27927,6.16455],[-75.27934,6.16482]],[[-75.27677,6.16692],[-75.2763,6.16703],[-75.27691,6.16728],[-75.27677,6.16692]],[[-75.2869,6.1712],[-75.28533,6.17198],[-75.2868,6.17145],[-75.2869,6.1712]],[[-75.29467,6.2535],[-75.29473,6.25271],[-75.29443,6.25338],[-75.29467,6.2535]],[[-75.2859,6.25235],[-75.28522,6.25183],[-75.28522,6.25236],[-75.2859,6.25235]],[[-75.27348,6.22379],[-75.27274,6.22378],[-75.27322,6.22398],[-75.27348,6.22379]],[[-75.29149,6.23988],[-75.29168,6.23934],[-75.29145,6.2391],[-75.29149,6.23988]],[[-75.28432,6.22615],[-75.28376,6.22638],[-75.28379,6.22659],[-75.28432,6.22615]],[[-75.28619,6.25202],[-75.28634,6.25244],[-75.28615,6.25168],[-75.28619,6.25202]],[[-75.26746,6.20193],[-75.26712,6.20233],[-75.26748,6.2025],[-75.26746,6.20193]],[[-75.27676,6.23638],[-75.27626,6.23671],[-75.27664,6.23682],[-75.27676,6.23638]],[[-75.28041,6.22527],[-75.27995,6.22543],[-75.28048,6.22574],[-75.28041,6.22527]],[[-75.26607,6.22604],[-75.26585,6.22587],[-75.26583,6.22682],[-75.26607,6.22604]],[[-75.28389,6.24042],[-75.2836,6.23983],[-75.28321,6.23972],[-75.28389,6.24042]],[[-75.26196,6.20442],[-75.26241,6.20474],[-75.26192,6.20409],[-75.26196,6.20442]],[[-75.27655,6.22283],[-75.27624,6.22278],[-75.27584,6.22329],[-75.27655,6.22283]],[[-75.28106,6.17616],[-75.2807,6.17658],[-75.28129,6.1767],[-75.28106,6.17616]],[[-75.29465,6.23687],[-75.29406,6.23717],[-75.29422,6.23742],[-75.29465,6.23687]],[[-75.30334,6.2418],[-75.304,6.24139],[-75.30329,6.24143],[-75.30334,6.2418]],[[-75.31174,6.20693],[-75.31202,6.20754],[-75.3121,6.20688],[-75.31174,6.20693]],[[-75.25374,6.20534],[-75.25322,6.20552],[-75.25387,6.20576],[-75.25374,6.20534]],[[-75.32362,6.22894],[-75.32305,6.22891],[-75.32259,6.22922],[-75.32362,6.22894]],[[-75.34537,6.19668],[-75.34596,6.19665],[-75.34528,6.1964],[-75.34537,6.19668]],[[-75.28363,6.23841],[-75.28297,6.2385],[-75.28345,6.23871],[-75.28363,6.23841]],[[-75.31525,6.16099],[-75.31517,6.16168],[-75.31569,6.16135],[-75.31525,6.16099]],[[-75.27866,6.23748],[-75.27829,6.23746],[-75.27855,6.238],[-75.27866,6.23748]],[[-75.32452,6.20263],[-75.32425,6.20241],[-75.32383,6.20273],[-75.32452,6.20263]],[[-75.2745,6.23771],[-75.27398,6.23839],[-75.27453,6.23796],[-75.2745,6.23771]],[[-75.26924,6.22649],[-75.26862,6.22672],[-75.26908,6.22681],[-75.26924,6.22649]],[[-75.30939,6.167],[-75.30871,6.16725],[-75.30926,6.16728],[-75.30939,6.167]],[[-75.2697,6.23502],[-75.26931,6.23473],[-75.26916,6.23504],[-75.2697,6.23502]],[[-75.3098,6.22528],[-75.30927,6.22539],[-75.30951,6.22563],[-75.3098,6.22528]],[[-75.27527,6.22516],[-75.27458,6.2249],[-75.27498,6.22543],[-75.27527,6.22516]],[[-75.28632,6.2564],[-75.28585,6.25702],[-75.28618,6.25695],[-75.28632,6.2564]],[[-75.29207,6.20852],[-75.2918,6.20912],[-75.29259,6.20858],[-75.29207,6.20852]],[[-75.28666,6.25715],[-75.28695,6.25814],[-75.28661,6.25684],[-75.28666,6.25715]],[[-75.27531,6.24123],[-75.27492,6.24113],[-75.27463,6.24161],[-75.27531,6.24123]],[[-75.27773,6.2249],[-75.27733,6.22467],[-75.27728,6.22517],[-75.27773,6.2249]],[[-75.27486,6.2385],[-75.27429,6.23863],[-75.27474,6.239],[-75.27486,6.2385]],[[-75.26548,6.20839],[-75.26497,6.2085],[-75.26487,6.20882],[-75.26548,6.20839]],[[-75.30416,6.22578],[-75.30394,6.22653],[-75.30447,6.2261],[-75.30416,6.22578]],[[-75.29587,6.17063],[-75.29542,6.17088],[-75.29702,6.17088],[-75.29587,6.17063]],[[-75.30468,6.23967],[-75.30408,6.23976],[-75.30417,6.24006],[-75.30468,6.23967]],[[-75.32771,6.19696],[-75.32731,6.1968],[-75.32698,6.19721],[-75.32771,6.19696]],[[-75.28383,6.17235],[-75.28335,6.17231],[-75.28318,6.17307],[-75.28383,6.17235]],[[-75.26178,6.18711],[-75.26237,6.18727],[-75.2617,6.18683],[-75.26178,6.18711]],[[-75.2856,6.23172],[-75.28621,6.23183],[-75.28538,6.23143],[-75.2856,6.23172]],[[-75.29051,6.25201],[-75.29006,6.25224],[-75.29056,6.25244],[-75.29051,6.25201]],[[-75.29768,6.24711],[-75.29792,6.2466],[-75.29761,6.2465],[-75.29768,6.24711]],[[-75.27532,6.23339],[-75.27498,6.23365],[-75.27516,6.23406],[-75.27532,6.23339]],[[-75.29756,6.24797],[-75.29722,6.24832],[-75.29741,6.24863],[-75.29756,6.24797]],[[-75.2913,6.23456],[-75.29072,6.23495],[-75.29105,6.23508],[-75.2913,6.23456]],[[-75.31436,6.23421],[-75.31401,6.23467],[-75.3147,6.2347],[-75.31436,6.23421]],[[-75.3027,6.20332],[-75.30221,6.20328],[-75.30194,6.20395],[-75.3027,6.20332]],[[-75.2762,6.23646],[-75.2763,6.23541],[-75.27595,6.23538],[-75.2762,6.23646]],[[-75.3193,6.19362],[-75.31859,6.19379],[-75.31943,6.19383],[-75.3193,6.19362]],[[-75.2965,6.25885],[-75.29628,6.25903],[-75.29714,6.25898],[-75.2965,6.25885]],[[-75.29642,6.25071],[-75.29615,6.25141],[-75.29635,6.25152],[-75.29642,6.25071]],[[-75.28471,6.2321],[-75.28533,6.23225],[-75.28466,6.2318],[-75.28471,6.2321]],[[-75.27717,6.17475],[-75.27636,6.17513],[-75.2766,6.17527],[-75.27717,6.17475]],[[-75.27934,6.17381],[-75.27922,6.17433],[-75.27996,6.17419],[-75.27934,6.17381]],[[-75.31772,6.21451],[-75.31812,6.21539],[-75.31768,6.21427],[-75.31772,6.21451]],[[-75.28702,6.21721],[-75.28758,6.21719],[-75.28697,6.21687],[-75.28702,6.21721]],[[-75.29638,6.18091],[-75.29583,6.18087],[-75.29578,6.18136],[-75.29638,6.18091]],[[-75.2758,6.17475],[-75.27541,6.17446],[-75.27541,6.17507],[-75.2758,6.17475]],[[-75.26987,6.22717],[-75.26917,6.22728],[-75.26938,6.22757],[-75.26987,6.22717]],[[-75.31605,6.22989],[-75.31536,6.23038],[-75.31554,6.2305],[-75.31605,6.22989]],[[-75.29751,6.26013],[-75.29686,6.26058],[-75.29708,6.26074],[-75.29751,6.26013]],[[-75.29479,6.16338],[-75.29442,6.16331],[-75.29547,6.16434],[-75.29479,6.16338]],[[-75.30229,6.16556],[-75.30167,6.16522],[-75.30212,6.1658],[-75.30229,6.16556]],[[-75.26616,6.20809],[-75.26576,6.20819],[-75.26573,6.20873],[-75.26616,6.20809]],[[-75.29043,6.24964],[-75.29093,6.25018],[-75.29106,6.24977],[-75.29043,6.24964]],[[-75.24922,6.203],[-75.24962,6.20371],[-75.24977,6.20331],[-75.24922,6.203]],[[-75.27504,6.23718],[-75.27437,6.2371],[-75.27456,6.23742],[-75.27504,6.23718]],[[-75.2868,6.24677],[-75.28718,6.24719],[-75.28762,6.24712],[-75.2868,6.24677]],[[-75.2913,6.25129],[-75.29073,6.25162],[-75.29069,6.25208],[-75.2913,6.25129]],[[-75.32767,6.18284],[-75.32773,6.18355],[-75.32812,6.18313],[-75.32767,6.18284]],[[-75.30065,6.23679],[-75.30021,6.23696],[-75.30102,6.23722],[-75.30065,6.23679]],[[-75.2922,6.23468],[-75.29171,6.23512],[-75.29192,6.23535],[-75.2922,6.23468]],[[-75.27575,6.1878],[-75.2753,6.18812],[-75.27527,6.18846],[-75.27575,6.1878]],[[-75.28895,6.24052],[-75.28858,6.24062],[-75.28879,6.24141],[-75.28895,6.24052]],[[-75.28974,6.22614],[-75.28997,6.22685],[-75.2897,6.22582],[-75.28974,6.22614]],[[-75.34886,6.19109],[-75.3484,6.19136],[-75.34901,6.19139],[-75.34886,6.19109]],[[-75.27166,6.20138],[-75.27193,6.20066],[-75.27149,6.20064],[-75.27166,6.20138]],[[-75.27627,6.22389],[-75.27631,6.22462],[-75.27656,6.22431],[-75.27627,6.22389]],[[-75.31898,6.22029],[-75.31859,6.22053],[-75.31865,6.22091],[-75.31898,6.22029]],[[-75.31766,6.22626],[-75.31765,6.22546],[-75.31736,6.22669],[-75.31766,6.22626]],[[-75.28321,6.24423],[-75.28287,6.24508],[-75.28333,6.24501],[-75.28321,6.24423]],[[-75.31793,6.21228],[-75.31792,6.21264],[-75.31834,6.21247],[-75.31793,6.21228]],[[-75.28205,6.16267],[-75.28229,6.16331],[-75.28237,6.16253],[-75.28205,6.16267]],[[-75.25752,6.172],[-75.25709,6.17206],[-75.25781,6.17282],[-75.25752,6.172]],[[-75.31768,6.21933],[-75.31849,6.21974],[-75.31875,6.21946],[-75.31768,6.21933]],[[-75.29676,6.17643],[-75.29597,6.17658],[-75.29659,6.17696],[-75.29676,6.17643]],[[-75.28861,6.24269],[-75.28914,6.24322],[-75.28943,6.243],[-75.28861,6.24269]],[[-75.27624,6.17373],[-75.27559,6.17383],[-75.27547,6.17425],[-75.27624,6.17373]],[[-75.29275,6.24413],[-75.29213,6.24475],[-75.29259,6.24465],[-75.29275,6.24413]],[[-75.29889,6.24527],[-75.29793,6.24452],[-75.29815,6.24489],[-75.29889,6.24527]],[[-75.28382,6.24336],[-75.28295,6.24298],[-75.28325,6.2436],[-75.28382,6.24336]],[[-75.32547,6.18397],[-75.32596,6.18439],[-75.32537,6.18357],[-75.32547,6.18397]],[[-75.27142,6.23497],[-75.27099,6.23512],[-75.27205,6.23477],[-75.27142,6.23497]],[[-75.3449,6.19622],[-75.34456,6.19604],[-75.34454,6.1967],[-75.3449,6.19622]],[[-75.28762,6.24387],[-75.28775,6.24458],[-75.28758,6.24345],[-75.28762,6.24387]],[[-75.31218,6.16271],[-75.31104,6.16295],[-75.31201,6.16293],[-75.31218,6.16271]],[[-75.30573,6.24318],[-75.3053,6.24384],[-75.30552,6.24399],[-75.30573,6.24318]],[[-75.31692,6.21895],[-75.31636,6.22092],[-75.31675,6.22017],[-75.31692,6.21895]],[[-75.2666,6.22587],[-75.26625,6.22606],[-75.26681,6.22655],[-75.2666,6.22587]],[[-75.26116,6.22044],[-75.26168,6.2203],[-75.26078,6.22019],[-75.26116,6.22044]],[[-75.25265,6.20551],[-75.25226,6.20547],[-75.25208,6.20622],[-75.25265,6.20551]],[[-75.29371,6.25659],[-75.29425,6.25631],[-75.29343,6.25633],[-75.29371,6.25659]],[[-75.30041,6.15235],[-75.30094,6.15232],[-75.30037,6.15166],[-75.30041,6.15235]],[[-75.30007,6.24351],[-75.29996,6.24423],[-75.30035,6.24394],[-75.30007,6.24351]],[[-75.29368,6.25297],[-75.29264,6.25302],[-75.29295,6.25342],[-75.29368,6.25297]],[[-75.2925,6.24769],[-75.29205,6.24799],[-75.29202,6.24854],[-75.2925,6.24769]],[[-75.30389,6.16955],[-75.3034,6.16892],[-75.30353,6.16951],[-75.30389,6.16955]],[[-75.29439,6.15936],[-75.29367,6.15973],[-75.29492,6.15923],[-75.29439,6.15936]],[[-75.26708,6.19114],[-75.26668,6.19034],[-75.26692,6.19147],[-75.26708,6.19114]],[[-75.28714,6.25203],[-75.2873,6.25262],[-75.28705,6.2515],[-75.28714,6.25203]],[[-75.26942,6.20267],[-75.27045,6.20248],[-75.26932,6.20236],[-75.26942,6.20267]],[[-75.27887,6.22345],[-75.27854,6.22353],[-75.27862,6.22435],[-75.27887,6.22345]],[[-75.29937,6.24565],[-75.29964,6.24494],[-75.29923,6.24487],[-75.29937,6.24565]],[[-75.29661,6.2414],[-75.29648,6.24192],[-75.29755,6.24173],[-75.29661,6.2414]],[[-75.26672,6.2233],[-75.26706,6.22258],[-75.26666,6.22253],[-75.26672,6.2233]],[[-75.28286,6.23826],[-75.28251,6.23822],[-75.28238,6.23921],[-75.28286,6.23826]],[[-75.25474,6.21055],[-75.25435,6.21017],[-75.25403,6.21091],[-75.25474,6.21055]],[[-75.3208,6.21107],[-75.31945,6.2116],[-75.31998,6.21168],[-75.3208,6.21107]],[[-75.29942,6.24835],[-75.29895,6.24849],[-75.29907,6.2493],[-75.29942,6.24835]],[[-75.2654,6.20015],[-75.26588,6.20043],[-75.26583,6.19999],[-75.2654,6.20015]],[[-75.30397,6.16485],[-75.30305,6.16492],[-75.3029,6.16524],[-75.30397,6.16485]],[[-75.3445,6.18889],[-75.34503,6.18926],[-75.34445,6.18853],[-75.3445,6.18889]],[[-75.2829,6.22804],[-75.28307,6.22867],[-75.2836,6.22795],[-75.2829,6.22804]],[[-75.26907,6.23059],[-75.26943,6.23051],[-75.26903,6.22984],[-75.26907,6.23059]],[[-75.26958,6.23245],[-75.26914,6.23255],[-75.26916,6.23386],[-75.26958,6.23245]],[[-75.2744,6.19958],[-75.27345,6.19955],[-75.27335,6.19998],[-75.2744,6.19958]],[[-75.30692,6.23225],[-75.30732,6.23279],[-75.30783,6.23282],[-75.30692,6.23225]],[[-75.2952,6.17033],[-75.29497,6.16919],[-75.29432,6.16911],[-75.2952,6.17033]],[[-75.27507,6.23545],[-75.27594,6.23513],[-75.27518,6.23489],[-75.27507,6.23545]],[[-75.29769,6.17412],[-75.29735,6.17477],[-75.29765,6.17485],[-75.29769,6.17412]],[[-75.31165,6.23792],[-75.31173,6.23837],[-75.31226,6.23809],[-75.31165,6.23792]],[[-75.25868,6.21366],[-75.25838,6.21482],[-75.25869,6.21517],[-75.25868,6.21366]],[[-75.28018,6.22181],[-75.27967,6.22215],[-75.28019,6.22245],[-75.28018,6.22181]],[[-75.31443,6.23486],[-75.31372,6.23529],[-75.3142,6.23538],[-75.31443,6.23486]],[[-75.28503,6.16203],[-75.28552,6.16173],[-75.28468,6.16155],[-75.28503,6.16203]],[[-75.27773,6.2239],[-75.27836,6.22364],[-75.27742,6.22376],[-75.27773,6.2239]],[[-75.30423,6.24725],[-75.30394,6.24721],[-75.30389,6.24833],[-75.30423,6.24725]],[[-75.26562,6.20735],[-75.26542,6.20792],[-75.26594,6.2077],[-75.26562,6.20735]],[[-75.29714,6.25561],[-75.29714,6.25639],[-75.29748,6.25571],[-75.29714,6.25561]],[[-75.25263,6.20742],[-75.2518,6.20855],[-75.25275,6.20767],[-75.25263,6.20742]],[[-75.27035,6.20163],[-75.26937,6.20209],[-75.26984,6.20222],[-75.27035,6.20163]],[[-75.28322,6.22714],[-75.2829,6.22759],[-75.28341,6.22785],[-75.28322,6.22714]],[[-75.29466,6.23985],[-75.29421,6.24016],[-75.29439,6.24069],[-75.29466,6.23985]],[[-75.32714,6.1889],[-75.3271,6.18951],[-75.32758,6.1893],[-75.32714,6.1889]],[[-75.32651,6.18735],[-75.32556,6.1862],[-75.32581,6.18726],[-75.32651,6.18735]],[[-75.26668,6.2245],[-75.26628,6.22474],[-75.26691,6.22569],[-75.26668,6.2245]],[[-75.29529,6.23996],[-75.29621,6.24007],[-75.29525,6.23973],[-75.29529,6.23996]],[[-75.29223,6.23882],[-75.29155,6.23896],[-75.29228,6.23936],[-75.29223,6.23882]],[[-75.28771,6.24622],[-75.28826,6.24701],[-75.28767,6.24589],[-75.28771,6.24622]],[[-75.27573,6.22358],[-75.27543,6.2235],[-75.27513,6.22451],[-75.27573,6.22358]],[[-75.26332,6.20579],[-75.26292,6.20563],[-75.2629,6.20659],[-75.26332,6.20579]],[[-75.28954,6.18015],[-75.28867,6.18077],[-75.28929,6.18105],[-75.28954,6.18015]],[[-75.29805,6.24035],[-75.2988,6.2406],[-75.29787,6.23999],[-75.29805,6.24035]],[[-75.29838,6.24126],[-75.29903,6.24135],[-75.29903,6.24088],[-75.29838,6.24126]],[[-75.27753,6.17428],[-75.27672,6.17365],[-75.27663,6.17409],[-75.27753,6.17428]],[[-75.26556,6.19662],[-75.2661,6.1964],[-75.26585,6.19582],[-75.26556,6.19662]],[[-75.3075,6.23859],[-75.30847,6.23877],[-75.30744,6.23834],[-75.3075,6.23859]],[[-75.25408,6.19867],[-75.25339,6.19811],[-75.25323,6.19868],[-75.25408,6.19867]],[[-75.29376,6.24749],[-75.29294,6.248],[-75.29315,6.24841],[-75.29376,6.24749]],[[-75.28001,6.23925],[-75.2794,6.2396],[-75.28006,6.23971],[-75.28001,6.23925]],[[-75.28306,6.23325],[-75.28229,6.23384],[-75.2832,6.23352],[-75.28306,6.23325]],[[-75.31538,6.23186],[-75.31453,6.23202],[-75.31496,6.23235],[-75.31538,6.23186]],[[-75.30225,6.24168],[-75.30185,6.24161],[-75.30172,6.24271],[-75.30225,6.24168]],[[-75.34359,6.19643],[-75.34276,6.19527],[-75.34164,6.19483],[-75.34359,6.19643]],[[-75.30928,6.16273],[-75.31041,6.16297],[-75.31055,6.1627],[-75.30928,6.16273]],[[-75.27733,6.16752],[-75.27692,6.16735],[-75.27616,6.16766],[-75.27733,6.16752]],[[-75.28469,6.22768],[-75.28403,6.22771],[-75.28461,6.22816],[-75.28469,6.22768]],[[-75.29693,6.24049],[-75.29622,6.24068],[-75.29644,6.24101],[-75.29693,6.24049]],[[-75.2864,6.16155],[-75.28683,6.15994],[-75.28606,6.16078],[-75.2864,6.16155]],[[-75.28826,6.24259],[-75.28812,6.24371],[-75.28832,6.24394],[-75.28826,6.24259]],[[-75.316,6.18914],[-75.31443,6.1892],[-75.31535,6.18963],[-75.316,6.18914]],[[-75.27591,6.22269],[-75.27493,6.22318],[-75.27527,6.22336],[-75.27591,6.22269]],[[-75.29767,6.24971],[-75.29731,6.25009],[-75.29776,6.25098],[-75.29767,6.24971]],[[-75.28246,6.17395],[-75.28321,6.17392],[-75.28236,6.17358],[-75.28246,6.17395]],[[-75.31285,6.20953],[-75.31367,6.20907],[-75.31279,6.20895],[-75.31285,6.20953]],[[-75.31984,6.23121],[-75.31917,6.23099],[-75.31899,6.23176],[-75.31984,6.23121]],[[-75.29693,6.21537],[-75.29562,6.21577],[-75.29651,6.21599],[-75.29693,6.21537]],[[-75.27821,6.23873],[-75.27934,6.23963],[-75.27907,6.23899],[-75.27821,6.23873]],[[-75.29684,6.2594],[-75.29634,6.25992],[-75.29705,6.26009],[-75.29684,6.2594]],[[-75.26201,6.22223],[-75.26147,6.22254],[-75.26244,6.22275],[-75.26201,6.22223]],[[-75.28739,6.22687],[-75.28786,6.22749],[-75.28821,6.22705],[-75.28739,6.22687]],[[-75.26834,6.16797],[-75.26812,6.16913],[-75.26911,6.16816],[-75.26834,6.16797]],[[-75.32611,6.21474],[-75.32509,6.21386],[-75.32515,6.21438],[-75.32611,6.21474]],[[-75.27772,6.23968],[-75.27751,6.24012],[-75.27815,6.23936],[-75.27772,6.23968]],[[-75.26222,6.18416],[-75.26227,6.18485],[-75.26274,6.18461],[-75.26222,6.18416]],[[-75.32636,6.18519],[-75.32611,6.1857],[-75.32668,6.18598],[-75.32636,6.18519]],[[-75.2744,6.22616],[-75.27538,6.22612],[-75.27453,6.22567],[-75.2744,6.22616]],[[-75.26009,6.2049],[-75.25952,6.20505],[-75.25983,6.20595],[-75.26009,6.2049]],[[-75.28155,6.23782],[-75.28095,6.23858],[-75.28173,6.23836],[-75.28155,6.23782]],[[-75.29997,6.2486],[-75.30008,6.24796],[-75.29966,6.24916],[-75.29997,6.2486]],[[-75.27734,6.17634],[-75.27728,6.17678],[-75.27796,6.17555],[-75.27734,6.17634]],[[-75.27739,6.2305],[-75.27761,6.2314],[-75.27783,6.23109],[-75.27739,6.2305]],[[-75.31383,6.20943],[-75.31468,6.20968],[-75.31442,6.20913],[-75.31383,6.20943]],[[-75.28143,6.24148],[-75.28087,6.24176],[-75.28246,6.24172],[-75.28143,6.24148]],[[-75.26174,6.22526],[-75.26079,6.22453],[-75.26156,6.22554],[-75.26174,6.22526]],[[-75.31702,6.23132],[-75.316,6.23194],[-75.31758,6.23144],[-75.31702,6.23132]],[[-75.29111,6.16859],[-75.2909,6.16906],[-75.2926,6.16911],[-75.29111,6.16859]],[[-75.28344,6.23114],[-75.28253,6.23133],[-75.28252,6.23184],[-75.28344,6.23114]],[[-75.28488,6.25304],[-75.28555,6.25261],[-75.28489,6.25241],[-75.28488,6.25304]],[[-75.29766,6.23625],[-75.29761,6.23705],[-75.29815,6.23637],[-75.29766,6.23625]],[[-75.28454,6.16198],[-75.28394,6.16179],[-75.28385,6.16297],[-75.28454,6.16198]],[[-75.30478,6.23577],[-75.30532,6.23705],[-75.30512,6.23571],[-75.30478,6.23577]],[[-75.28007,6.22395],[-75.2798,6.22416],[-75.27953,6.22543],[-75.28007,6.22395]],[[-75.2934,6.25107],[-75.29382,6.25072],[-75.29337,6.24977],[-75.2934,6.25107]],[[-75.28592,6.23542],[-75.28636,6.2357],[-75.28629,6.23478],[-75.28592,6.23542]],[[-75.29106,6.24602],[-75.29003,6.24654],[-75.29106,6.24648],[-75.29106,6.24602]],[[-75.28362,6.23241],[-75.28308,6.23286],[-75.28343,6.23356],[-75.28362,6.23241]],[[-75.26218,6.22157],[-75.26205,6.22046],[-75.26168,6.2214],[-75.26218,6.22157]],[[-75.27597,6.24126],[-75.27661,6.24146],[-75.27592,6.24059],[-75.27597,6.24126]],[[-75.25875,6.20039],[-75.25923,6.20083],[-75.25905,6.19995],[-75.25875,6.20039]],[[-75.27726,6.24202],[-75.27657,6.24191],[-75.27738,6.2427],[-75.27726,6.24202]],[[-75.29778,6.25811],[-75.29766,6.25872],[-75.29822,6.25925],[-75.29778,6.25811]],[[-75.31768,6.23394],[-75.31826,6.23501],[-75.31848,6.23474],[-75.31768,6.23394]],[[-75.29104,6.23786],[-75.29097,6.23813],[-75.29203,6.23692],[-75.29104,6.23786]],[[-75.30704,6.23892],[-75.30762,6.23887],[-75.30681,6.23817],[-75.30704,6.23892]],[[-75.28051,6.17055],[-75.28149,6.17043],[-75.28027,6.17015],[-75.28051,6.17055]],[[-75.2935,6.24701],[-75.29242,6.24732],[-75.29288,6.24755],[-75.2935,6.24701]],[[-75.29481,6.23346],[-75.29448,6.23301],[-75.29402,6.23391],[-75.29481,6.23346]],[[-75.29977,6.24196],[-75.29913,6.24319],[-75.29999,6.24262],[-75.29977,6.24196]],[[-75.26339,6.22314],[-75.26195,6.22447],[-75.26305,6.22417],[-75.26339,6.22314]],[[-75.29727,6.2527],[-75.29819,6.25203],[-75.29717,6.25225],[-75.29727,6.2527]],[[-75.3313,6.19691],[-75.33089,6.19567],[-75.3308,6.19682],[-75.3313,6.19691]],[[-75.30087,6.24385],[-75.3005,6.24378],[-75.30041,6.24482],[-75.30087,6.24385]],[[-75.2858,6.1627],[-75.28496,6.16348],[-75.28457,6.16437],[-75.2858,6.1627]],[[-75.29275,6.23943],[-75.29196,6.2406],[-75.29249,6.2406],[-75.29275,6.23943]],[[-75.32527,6.19186],[-75.32514,6.19404],[-75.32542,6.19369],[-75.32527,6.19186]],[[-75.28155,6.23881],[-75.28097,6.23877],[-75.28092,6.23986],[-75.28155,6.23881]],[[-75.28482,6.25076],[-75.28376,6.25162],[-75.28474,6.25127],[-75.28482,6.25076]],[[-75.30333,6.16818],[-75.30202,6.16779],[-75.30309,6.1686],[-75.30333,6.16818]],[[-75.25291,6.20409],[-75.25237,6.20416],[-75.25213,6.20513],[-75.25291,6.20409]],[[-75.31974,6.22753],[-75.31929,6.22756],[-75.31957,6.22871],[-75.31974,6.22753]],[[-75.3035,6.24027],[-75.30405,6.23959],[-75.30329,6.23908],[-75.3035,6.24027]],[[-75.26887,6.20306],[-75.26802,6.20378],[-75.2691,6.20343],[-75.26887,6.20306]],[[-75.29957,6.25712],[-75.30032,6.25847],[-75.30008,6.25704],[-75.29957,6.25712]],[[-75.26575,6.223],[-75.26634,6.22383],[-75.26567,6.22235],[-75.26575,6.223]],[[-75.2908,6.23724],[-75.29036,6.23612],[-75.29014,6.23703],[-75.2908,6.23724]],[[-75.28705,6.23991],[-75.28743,6.23947],[-75.28607,6.2397],[-75.28705,6.23991]],[[-75.2824,6.24632],[-75.28392,6.24586],[-75.28225,6.24604],[-75.2824,6.24632]],[[-75.29658,6.25199],[-75.2955,6.25159],[-75.29649,6.25251],[-75.29658,6.25199]],[[-75.27599,6.1759],[-75.27509,6.17605],[-75.27477,6.17725],[-75.27599,6.1759]],[[-75.30547,6.16862],[-75.30412,6.16838],[-75.30466,6.16896],[-75.30547,6.16862]],[[-75.27974,6.23783],[-75.28033,6.23853],[-75.27943,6.23705],[-75.27974,6.23783]],[[-75.28839,6.17768],[-75.28786,6.17761],[-75.28981,6.17957],[-75.28839,6.17768]],[[-75.28207,6.16491],[-75.28026,6.16436],[-75.28057,6.16478],[-75.28207,6.16491]],[[-75.27693,6.17565],[-75.27645,6.17611],[-75.27744,6.17539],[-75.27693,6.17565]],[[-75.27854,6.22636],[-75.27738,6.2272],[-75.27891,6.22655],[-75.27854,6.22636]],[[-75.28838,6.23545],[-75.28914,6.23528],[-75.28729,6.23477],[-75.28838,6.23545]],[[-75.29661,6.24488],[-75.29737,6.24409],[-75.29677,6.24371],[-75.29661,6.24488]],[[-75.26517,6.22266],[-75.26488,6.22438],[-75.26552,6.22392],[-75.26517,6.22266]],[[-75.28217,6.22948],[-75.28216,6.23012],[-75.28252,6.22897],[-75.28217,6.22948]],[[-75.31281,6.23394],[-75.31292,6.23488],[-75.31341,6.23484],[-75.31281,6.23394]],[[-75.2602,6.20356],[-75.26028,6.2045],[-75.26038,6.20486],[-75.2602,6.20356]],[[-75.276,6.23778],[-75.2772,6.23809],[-75.27628,6.2372],[-75.276,6.23778]],[[-75.31772,6.18587],[-75.31716,6.18621],[-75.31719,6.18719],[-75.31772,6.18587]],[[-75.25257,6.20352],[-75.25223,6.20379],[-75.25365,6.20305],[-75.25257,6.20352]],[[-75.26233,6.22506],[-75.26183,6.22511],[-75.26226,6.22628],[-75.26233,6.22506]],[[-75.28654,6.25395],[-75.28669,6.25286],[-75.28587,6.25386],[-75.28654,6.25395]],[[-75.27549,6.23251],[-75.27444,6.23319],[-75.27467,6.2334],[-75.27549,6.23251]],[[-75.28235,6.22778],[-75.28185,6.2288],[-75.28262,6.22852],[-75.28235,6.22778]],[[-75.30212,6.16497],[-75.30221,6.16442],[-75.30085,6.16396],[-75.30212,6.16497]],[[-75.3111,6.22358],[-75.31223,6.22264],[-75.3112,6.22279],[-75.3111,6.22358]],[[-75.32531,6.1958],[-75.32522,6.19409],[-75.32489,6.19552],[-75.32531,6.1958]],[[-75.26978,6.17105],[-75.26867,6.17],[-75.27017,6.17199],[-75.26978,6.17105]],[[-75.33601,6.19231],[-75.33682,6.19244],[-75.33615,6.19081],[-75.33601,6.19231]],[[-75.30096,6.24097],[-75.30123,6.24006],[-75.29991,6.24082],[-75.30096,6.24097]],[[-75.28572,6.24711],[-75.28672,6.24677],[-75.28641,6.24635],[-75.28572,6.24711]],[[-75.25372,6.21107],[-75.25401,6.2099],[-75.25343,6.21014],[-75.25372,6.21107]],[[-75.29544,6.2304],[-75.2945,6.23069],[-75.29475,6.23107],[-75.29544,6.2304]],[[-75.32514,6.21104],[-75.32497,6.212],[-75.32554,6.21236],[-75.32514,6.21104]],[[-75.28621,6.25561],[-75.28561,6.25431],[-75.28531,6.25507],[-75.28621,6.25561]],[[-75.31289,6.22245],[-75.31364,6.22253],[-75.31219,6.22179],[-75.31289,6.22245]],[[-75.29763,6.16689],[-75.29699,6.16538],[-75.2955,6.16468],[-75.29763,6.16689]],[[-75.31804,6.21025],[-75.31866,6.2109],[-75.31767,6.20975],[-75.31804,6.21025]],[[-75.31171,6.23651],[-75.31139,6.23737],[-75.31226,6.2377],[-75.31171,6.23651]],[[-75.26638,6.22743],[-75.26842,6.22669],[-75.26739,6.22659],[-75.26638,6.22743]],[[-75.3299,6.17188],[-75.32877,6.1709],[-75.32868,6.17174],[-75.3299,6.17188]],[[-75.32924,6.18685],[-75.33098,6.18624],[-75.33026,6.18613],[-75.32924,6.18685]],[[-75.29844,6.24228],[-75.29808,6.24391],[-75.29876,6.24271],[-75.29844,6.24228]],[[-75.27129,6.16524],[-75.2712,6.16646],[-75.27172,6.16598],[-75.27129,6.16524]],[[-75.30459,6.23732],[-75.30517,6.23805],[-75.30589,6.23785],[-75.30459,6.23732]],[[-75.29862,6.26087],[-75.29887,6.26179],[-75.2994,6.26118],[-75.29862,6.26087]],[[-75.32074,6.20649],[-75.31958161539043,6.208024612089602],[-75.31991,6.20812],[-75.32074,6.20649]],[[-75.31781,6.20751],[-75.31957,6.20804],[-75.31958161539043,6.208024612089602],[-75.31781,6.20751]],[[-75.34218,6.19769],[-75.34305,6.19843],[-75.34315,6.19773],[-75.34218,6.19769]],[[-75.31667,6.22742],[-75.31694,6.22681],[-75.31599,6.22621],[-75.31667,6.22742]],[[-75.26226,6.20346],[-75.26377,6.20471],[-75.26256,6.20298],[-75.26226,6.20346]],[[-75.28992,6.20975],[-75.28983,6.21067],[-75.29161,6.20983],[-75.28992,6.20975]],[[-75.25564,6.21071],[-75.25469,6.21132],[-75.25665,6.21108],[-75.25564,6.21071]],[[-75.2932,6.2358],[-75.29274,6.23661],[-75.2942,6.23626],[-75.2932,6.2358]],[[-75.28485,6.25481],[-75.28525,6.25586],[-75.28711,6.25656],[-75.28485,6.25481]],[[-75.26789,6.23093],[-75.26729,6.231],[-75.2672,6.23231],[-75.26789,6.23093]],[[-75.30063,6.17054],[-75.29704,6.171],[-75.29863,6.17138],[-75.30063,6.17054]],[[-75.28862,6.17038],[-75.28679,6.16949],[-75.28563,6.17018],[-75.28862,6.17038]],[[-75.27761,6.24471],[-75.27598,6.24433],[-75.27895,6.24577],[-75.27761,6.24471]],[[-75.26998,6.23296],[-75.27088,6.23276],[-75.27002,6.23183],[-75.26998,6.23296]],[[-75.27409,6.23586],[-75.2738,6.23725],[-75.27424,6.23718],[-75.27409,6.23586]],[[-75.27734434307855,6.236445850651638],[-75.27695,6.23718],[-75.27757,6.23655],[-75.27734434307855,6.236445850651638]],[[-75.27789,6.23543],[-75.27679,6.23619],[-75.27734434307855,6.236445850651638],[-75.27789,6.23543]],[[-75.29447,6.25469],[-75.29344,6.25512],[-75.29454,6.25556],[-75.29447,6.25469]],[[-75.26977,6.22494],[-75.26934,6.22458],[-75.26876,6.22639],[-75.26977,6.22494]],[[-75.34273,6.19866],[-75.34246,6.19979],[-75.34343,6.19933],[-75.34273,6.19866]],[[-75.28062,6.22425],[-75.2811,6.22354],[-75.28003,6.2225],[-75.28062,6.22425]],[[-75.29565,6.25523],[-75.29485,6.2547],[-75.29485,6.25649],[-75.29565,6.25523]],[[-75.2794,6.23155],[-75.27842,6.23168],[-75.27845,6.23239],[-75.2794,6.23155]],[[-75.31715,6.22245],[-75.3164,6.22174],[-75.31775,6.22393],[-75.31715,6.22245]],[[-75.2668,6.20876],[-75.26786,6.2082],[-75.26636,6.20797],[-75.2668,6.20876]],[[-75.30541,6.16406],[-75.30284,6.16368],[-75.30336,6.16439],[-75.30541,6.16406]],[[-75.27945,6.23079],[-75.27808,6.23078],[-75.27791,6.23141],[-75.27945,6.23079]],[[-75.29148,6.24336],[-75.29222,6.24324],[-75.29155,6.24218],[-75.29148,6.24336]],[[-75.27677,6.23862],[-75.27585,6.23893],[-75.27632,6.2392],[-75.27677,6.23862]],[[-75.26933,6.19158],[-75.26827,6.19033],[-75.26711,6.191],[-75.26933,6.19158]],[[-75.34108,6.19537],[-75.34027,6.19534],[-75.34215,6.1964],[-75.34108,6.19537]],[[-75.26466,6.19409],[-75.26436,6.19582],[-75.26464,6.19686],[-75.26466,6.19409]],[[-75.31271,6.18748],[-75.31289,6.18817],[-75.31622,6.18813],[-75.31271,6.18748]],[[-75.27906,6.22456],[-75.27844,6.22598],[-75.27926,6.22513],[-75.27906,6.22456]],[[-75.30128,6.16918],[-75.30217,6.16926],[-75.30077,6.16676],[-75.30128,6.16918]],[[-75.27148,6.22331],[-75.27024,6.22466],[-75.27115,6.22463],[-75.27148,6.22331]],[[-75.25877,6.2171],[-75.26044,6.21711],[-75.26037,6.21604],[-75.25877,6.2171]],[[-75.29667131313131,6.242988686868691],[-75.29666,6.243],[-75.29754,6.24384],[-75.29667131313131,6.242988686868691]],[[-75.29755,6.24211],[-75.29654,6.24286],[-75.29667131313131,6.242988686868691],[-75.29755,6.24211]],[[-75.34122,6.17939],[-75.33892,6.17842],[-75.34018,6.18],[-75.34122,6.17939]],[[-75.28824889461258,6.250117027259074],[-75.28718,6.25123],[-75.28818,6.25064],[-75.28824889461258,6.250117027259074]],[[-75.28912,6.24921],[-75.2884,6.24897],[-75.28824889461258,6.250117027259074],[-75.28912,6.24921]],[[-75.29263,6.23663],[-75.29123,6.23855],[-75.29223,6.23832],[-75.29263,6.23663]],[[-75.27185,6.23069],[-75.2732,6.23111],[-75.2731,6.22981],[-75.27185,6.23069]],[[-75.27806,6.23452],[-75.27712,6.23384],[-75.2783,6.23564],[-75.27806,6.23452]],[[-75.28722,6.25823],[-75.28847,6.25783],[-75.28733938028813,6.258040793505601],[-75.28722,6.25823]],[[-75.28828,6.25655],[-75.28729,6.25805],[-75.28733938028813,6.258040793505601],[-75.28828,6.25655]],[[-75.27821,6.23672],[-75.27748,6.23764],[-75.27929,6.23651],[-75.27821,6.23672]],[[-75.27941,6.2291],[-75.27961,6.228],[-75.27779,6.22768],[-75.27941,6.2291]],[[-75.27868,6.24416],[-75.27941,6.24279],[-75.27805,6.24362],[-75.27868,6.24416]],[[-75.28123,6.24985],[-75.27943,6.25029],[-75.28184,6.25019],[-75.28123,6.24985]],[[-75.28067,6.23747],[-75.28209,6.23783],[-75.28171,6.23665],[-75.28067,6.23747]],[[-75.27112,6.16884],[-75.27111,6.16726],[-75.27016,6.16892],[-75.27112,6.16884]],[[-75.29214,6.2547],[-75.29119,6.25515],[-75.29208,6.25806],[-75.29214,6.2547]],[[-75.29915,6.1924],[-75.29591,6.19252],[-75.29773,6.19366],[-75.29915,6.1924]],[[-75.3307879628555,6.194021538015096],[-75.33019,6.19327],[-75.3307,6.19398],[-75.3307879628555,6.194021538015096]],[[-75.33202,6.19557],[-75.33286,6.195],[-75.3307879628555,6.194021538015096],[-75.33202,6.19557]],[[-75.28383,6.25268],[-75.28436,6.25211],[-75.28308,6.25178],[-75.28383,6.25268]],[[-75.26779,6.23029],[-75.26741,6.22927],[-75.26578,6.22945],[-75.26779,6.23029]],[[-75.2662,6.17819],[-75.26358,6.17688],[-75.2657,6.17865],[-75.2662,6.17819]],[[-75.27056802429011,6.2296651334245645],[-75.27042,6.2298],[-75.27141,6.2301],[-75.27056802429011,6.2296651334245645]],[[-75.27132,6.22898],[-75.26959,6.22916],[-75.27056802429011,6.2296651334245645],[-75.27132,6.22898]],[[-75.30137,6.25124],[-75.30203,6.2511],[-75.30152,6.24969],[-75.30137,6.25124]],[[-75.28219,6.16012],[-75.28183,6.16179],[-75.28484,6.16106],[-75.28219,6.16012]],[[-75.29832,6.23929],[-75.2988,6.2398],[-75.29989,6.23822],[-75.29832,6.23929]],[[-75.29466,6.2359],[-75.29636,6.23398],[-75.29438,6.23438],[-75.29466,6.2359]],[[-75.27993,6.23712],[-75.28151,6.23637],[-75.28096,6.23452],[-75.27993,6.23712]],[[-75.30791,6.2393],[-75.30668,6.24105],[-75.30857,6.23981],[-75.30791,6.2393]],[[-75.2906,6.24222],[-75.2915,6.24205],[-75.28825,6.24198],[-75.2906,6.24222]],[[-75.27276,6.24222],[-75.27496,6.24203],[-75.27171,6.24171],[-75.27276,6.24222]],[[-75.28723,6.2379],[-75.28616,6.23816],[-75.28883,6.23866],[-75.28723,6.2379]],[[-75.28426,6.23556],[-75.28521,6.23513],[-75.28234,6.23411],[-75.28426,6.23556]],[[-75.28132,6.23162],[-75.2801,6.23046],[-75.2802,6.2331],[-75.28132,6.23162]],[[-75.28142,6.25208],[-75.28267,6.25211],[-75.28097,6.25091],[-75.28142,6.25208]],[[-75.26356,6.22714],[-75.26598,6.22719],[-75.26437,6.22708],[-75.26356,6.22714]],[[-75.26471,6.22475],[-75.26512160400138,6.2265037909624015],[-75.26518,6.22648],[-75.26471,6.22475]],[[-75.29512,6.17804],[-75.29683,6.18055],[-75.29613,6.17812],[-75.29217,6.17666],[-75.29512,6.17804]],[[-75.34663,6.18612],[-75.34368,6.18228],[-75.34467,6.18503],[-75.34663,6.18612]],[[-75.29979,6.25341],[-75.3012,6.25342],[-75.30205,6.25138],[-75.30048,6.25287],[-75.29903,6.2516],[-75.29979,6.25341]],[[-75.29533,6.23656],[-75.29499,6.23796],[-75.29626,6.23788],[-75.29533,6.23656]],[[-75.29907,6.15997],[-75.29802,6.1585],[-75.29439,6.15848],[-75.29907,6.15997]],[[-75.27583342412451,6.24310821011674],[-75.27588,6.2439],[-75.27703,6.24423],[-75.27583342412451,6.24310821011674]],[[-75.27707,6.24366],[-75.27569,6.24185],[-75.2758,6.24254],[-75.27707,6.24366]],[[-75.28055,6.22996],[-75.28127,6.23019],[-75.28045,6.22816],[-75.28055,6.22996]],[[-75.27819,6.22721],[-75.27947697152717,6.227750983606555],[-75.27841150403977,6.227137532628962],[-75.27819,6.22721]],[[-75.27981,6.22668],[-75.27819,6.22701],[-75.27841150403977,6.227137532628962],[-75.27981,6.22668]],[[-75.27547,6.22906],[-75.27449,6.22998],[-75.27694,6.23042],[-75.27736,6.22989],[-75.27547,6.22906]],[[-75.30226,6.24523],[-75.30267,6.24358],[-75.30018,6.24212],[-75.30226,6.24523]],[[-75.26885,6.23219],[-75.26842,6.23134],[-75.26682,6.23264],[-75.26777231454007,6.2342177151335605],[-75.26885,6.23219]],[[-75.26783,6.23441],[-75.26788179638199,6.234399095498529],[-75.26777231454007,6.2342177151335605],[-75.26783,6.23441]],[[-75.26816,6.23486],[-75.26916,6.23413],[-75.26788179638199,6.234399095498529],[-75.26816,6.23486]],[[-75.27823,6.2325],[-75.28004,6.23483],[-75.27875,6.23304],[-75.27823,6.2325]],[[-75.31982802955665,6.233513201970443],[-75.31915,6.23295],[-75.32015,6.23394],[-75.31982802955665,6.233513201970443]],[[-75.32015,6.2326],[-75.32177,6.23156],[-75.31886,6.23223],[-75.32015,6.2326]],[[-75.29089372578491,6.2567584268537075],[-75.29206,6.25857],[-75.29112,6.25679],[-75.29089372578491,6.2567584268537075]],[[-75.2901036611422,6.255531219845233],[-75.28983,6.25661],[-75.29089372578491,6.2567584268537075],[-75.2901036611422,6.255531219845233]],[[-75.29010762010837,6.25551561348585],[-75.29009,6.25551],[-75.2901036611422,6.255531219845233],[-75.29010762010837,6.25551561348585]],[[-75.29122,6.25587],[-75.29052,6.25389],[-75.29010762010837,6.25551561348585],[-75.29122,6.25587]],[[-75.26853,6.22923],[-75.26717,6.22763],[-75.265,6.22798],[-75.26853,6.22923]],[[-75.27666,6.1703],[-75.27484,6.17065],[-75.27711,6.17201],[-75.27666,6.1703]],[[-75.28162992340643,6.248591552199797],[-75.284,6.24792],[-75.28372,6.24682],[-75.28162992340643,6.248591552199797]],[[-75.27906,6.24896],[-75.28167,6.24867],[-75.28162992340643,6.248591552199797],[-75.27906,6.24896]],[[-75.28227,6.23646],[-75.28278,6.23745],[-75.28226644849175,6.234765116676168],[-75.28227,6.23646]],[[-75.28298016393438,6.235746475409777],[-75.28221,6.23447],[-75.28226644849175,6.234765116676168],[-75.28298016393438,6.235746475409777]],[[-75.28329,6.23626],[-75.28516,6.23634],[-75.28298016393438,6.235746475409777],[-75.28329,6.23626]],[[-75.34358,6.18951],[-75.3358,6.18628],[-75.3387,6.18877],[-75.34358,6.18951]],[[-75.29814,6.25369],[-75.30084,6.25521],[-75.29744,6.25651],[-75.30111,6.25519],[-75.29814,6.25369]],[[-75.26298,6.19356],[-75.2625,6.19472],[-75.26479,6.19306],[-75.26564,6.19466],[-75.26408,6.19012],[-75.26158,6.19245],[-75.26298,6.19356]],[[-75.27443860215054,6.234741397849464],[-75.27401,6.23517],[-75.27459,6.2347],[-75.27443860215054,6.234741397849464]],[[-75.27107,6.23149],[-75.27298901498929,6.235608697359029],[-75.27323,6.23467],[-75.27386,6.23364],[-75.27294,6.23142],[-75.27107,6.23149]],[[-75.27171,6.23536],[-75.27301,6.23564],[-75.27298901498929,6.235608697359029],[-75.27171,6.23536]],[[-75.26709,6.19237],[-75.27163,6.19634],[-75.27162,6.19287],[-75.27284,6.19137],[-75.26709,6.19237]],[[-75.28080405654119,6.21055178298661],[-75.28244,6.2092],[-75.28247398833567,6.208952564916338],[-75.28080405654119,6.21055178298661]],[[-75.27859,6.21251],[-75.28034,6.21367],[-75.28043,6.21091],[-75.28080405654119,6.21055178298661],[-75.27859,6.21251]],[[-75.28429,6.20445],[-75.27959,6.20496],[-75.28294,6.20556],[-75.28247398833567,6.208952564916338],[-75.28429,6.20445]],[[-75.30575,6.18913],[-75.30604,6.18895],[-75.30541,6.18914],[-75.30575,6.18913]],[[-75.29848,6.16761],[-75.29927,6.16789],[-75.29804,6.16737],[-75.29848,6.16761]],[[-75.2834,6.25661],[-75.28359,6.25599],[-75.28323,6.25705],[-75.2834,6.25661]],[[-75.31092,6.23794],[-75.31087,6.2377],[-75.31038,6.23809],[-75.31092,6.23794]],[[-75.25943,6.20007],[-75.25929,6.19985],[-75.25983,6.20079],[-75.25943,6.20007]],[[-75.28598,6.2389],[-75.28615,6.23945],[-75.28598,6.23855],[-75.28598,6.2389]],[[-75.29094,6.17519],[-75.29098,6.17449],[-75.29081,6.17567],[-75.29094,6.17519]],[[-75.27466,6.17631],[-75.27459,6.17577],[-75.27449,6.17677],[-75.27466,6.17631]],[[-75.29499,6.21616],[-75.29529,6.21669],[-75.29496,6.21565],[-75.29499,6.21616]],[[-75.32913,6.19672],[-75.32902,6.19644],[-75.32888,6.19809],[-75.32913,6.19672]],[[-75.30108,6.24871],[-75.30154,6.24885],[-75.30048,6.24802],[-75.30108,6.24871]],[[-75.28447,6.23854],[-75.28368,6.23804],[-75.28449,6.23907],[-75.28447,6.23854]],[[-75.28786,6.24236],[-75.28718,6.24231],[-75.28789,6.24313],[-75.28786,6.24236]],[[-75.29613,6.24157],[-75.29578,6.24104],[-75.29613,6.2423],[-75.29613,6.24157]],[[-75.26561,6.19532],[-75.26552,6.19599],[-75.26619,6.19508],[-75.26561,6.19532]],[[-75.27206,6.18069],[-75.27247,6.17953],[-75.27142,6.18054],[-75.27206,6.18069]],[[-75.27041,6.17121],[-75.27083,6.17161],[-75.27003,6.17032],[-75.27041,6.17121]],[[-75.2944,6.2415],[-75.29543,6.24105],[-75.29378,6.24096],[-75.2944,6.2415]],[[-75.29954,6.23559],[-75.29813,6.23511],[-75.30016,6.23602],[-75.29954,6.23559]],[[-75.32631,6.19509],[-75.32618,6.1919],[-75.32601,6.19574],[-75.32631,6.19509]],[[-75.27936,6.2354],[-75.2787,6.2354],[-75.27944,6.23641],[-75.27936,6.2354]],[[-75.26854,6.22546],[-75.26815,6.22645],[-75.26887,6.22487],[-75.26854,6.22546]],[[-75.29562,6.24244],[-75.29412,6.24193],[-75.29531,6.24302],[-75.29562,6.24244]],[[-75.28083,6.19877],[-75.28217,6.19933],[-75.28061,6.19836],[-75.28083,6.19877]],[[-75.28484,6.24857],[-75.28521,6.24747],[-75.28413,6.24956],[-75.28484,6.24857]],[[-75.26629,6.1795],[-75.26833,6.18073],[-75.26611,6.17886],[-75.26629,6.1795]],[[-75.28928163058498,6.255088074619989],[-75.28976,6.25406],[-75.28909,6.25446],[-75.28928163058498,6.255088074619989]],[[-75.28862,6.25651],[-75.28924165898617,6.25517397849463],[-75.28885366009803,6.255490844253277],[-75.28862,6.25651]],[[-75.33082,6.19959],[-75.33096,6.19963],[-75.32986,6.19912],[-75.33082,6.19959]],[[-75.25862,6.223],[-75.25855,6.22295],[-75.25858,6.22313],[-75.25862,6.223]],[[-75.29018,6.15644],[-75.29015,6.15648],[-75.29018,6.15648],[-75.29018,6.15644]],[[-75.30173,6.15193],[-75.30164,6.15194],[-75.30167,6.15195],[-75.30173,6.15193]],[[-75.32434,6.19487],[-75.31934,6.19562],[-75.31659,6.19117],[-75.31728,6.18971],[-75.31533,6.19083],[-75.31674,6.19384],[-75.31768,6.19361],[-75.31904,6.19554],[-75.31607,6.19788],[-75.3201,6.19626],[-75.3268,6.19793],[-75.32419,6.19662],[-75.32434,6.19487]],[[-75.27745,6.18566],[-75.27678,6.18539],[-75.27639,6.1868],[-75.27808,6.18641],[-75.27745,6.18566]],[[-75.27517,6.23055],[-75.27649,6.23288],[-75.27809,6.23357],[-75.27704,6.23148],[-75.27517,6.23055]],[[-75.28056,6.23343],[-75.28104,6.23388],[-75.28234,6.23257],[-75.28056,6.23343]],[[-75.28952,6.23962],[-75.29084,6.24096],[-75.29068,6.23914],[-75.29019,6.23866],[-75.28952,6.23962]],[[-75.27298,6.24132],[-75.27396,6.24012],[-75.27154,6.24096],[-75.27298,6.24132]],[[-75.28444,6.25476],[-75.28411625832906,6.255440973859558],[-75.28519,6.25615],[-75.28444,6.25476]],[[-75.25231,6.2095],[-75.25326,6.20854],[-75.25328,6.20955],[-75.25429,6.21001],[-75.25573,6.2105],[-75.25332,6.20767],[-75.25231,6.2095]],[[-75.26918,6.23159],[-75.26935,6.23173],[-75.26996,6.23087],[-75.26918,6.23159]],[[-75.23602,6.16195],[-75.2361,6.16187],[-75.23599,6.16184],[-75.23602,6.16195]],[[-75.2363,6.16118],[-75.23665,6.16107],[-75.23626,6.16103],[-75.2363,6.16118]],[[-75.23813,6.15885],[-75.23837,6.15875],[-75.23806,6.15858],[-75.23813,6.15885]],[[-75.24368,6.1982],[-75.24357,6.19817],[-75.2436,6.19828],[-75.24368,6.1982]],[[-75.24269,6.19947],[-75.24258,6.19944],[-75.24261,6.19955],[-75.24269,6.19947]],[[-75.24576,6.19964],[-75.24565,6.19961],[-75.24568,6.19972],[-75.24576,6.19964]],[[-75.24414,6.20028],[-75.24403,6.20025],[-75.24406,6.20036],[-75.24414,6.20028]],[[-75.24835,6.1877],[-75.24824,6.18767],[-75.24827,6.18778],[-75.24835,6.1877]],[[-75.2436,6.20074],[-75.24339,6.2007],[-75.24344,6.20081],[-75.2436,6.20074]],[[-75.2542,6.21518],[-75.254,6.21514],[-75.25405,6.21526],[-75.2542,6.21518]],[[-75.24891,6.19188],[-75.24879,6.19183],[-75.24883,6.19203],[-75.24891,6.19188]],[[-75.24981,6.19079],[-75.2497,6.19074],[-75.24973,6.19095],[-75.24981,6.19079]],[[-75.25421,6.21582],[-75.25409,6.21577],[-75.25412,6.21598],[-75.25421,6.21582]],[[-75.25947,6.22576],[-75.25935,6.22571],[-75.25939,6.22591],[-75.25947,6.22576]],[[-75.25017,6.18952],[-75.25005,6.18947],[-75.25009,6.18968],[-75.25017,6.18952]],[[-75.24976,6.18845],[-75.2499,6.18859],[-75.24998,6.18851],[-75.24976,6.18845]],[[-75.24936,6.19017],[-75.24924,6.19011],[-75.24928,6.19041],[-75.24936,6.19017]],[[-75.2499,6.18751],[-75.24969,6.1874],[-75.24973,6.1876],[-75.2499,6.18751]],[[-75.24887,6.21086],[-75.24866,6.21081],[-75.24877,6.21102],[-75.24887,6.21086]],[[-75.24607,6.20962],[-75.24585,6.20955],[-75.24592,6.20977],[-75.24607,6.20962]],[[-75.24936,6.19141],[-75.24906,6.19137],[-75.2491,6.19154],[-75.24936,6.19141]],[[-75.24626,6.20243],[-75.24659,6.20227],[-75.24646,6.2021],[-75.24626,6.20243]],[[-75.24542,6.21016],[-75.24578,6.21022],[-75.24569,6.21005],[-75.24542,6.21016]],[[-75.24276,6.19953],[-75.24291,6.19974],[-75.24315,6.19932],[-75.24276,6.19953]],[[-75.26179,6.22652],[-75.26183,6.22719],[-75.26192,6.22662],[-75.26179,6.22652]],[[-75.24796,6.19295],[-75.24866,6.19263],[-75.24839,6.19251],[-75.24796,6.19295]],[[-75.24902,6.21036],[-75.24889,6.21069],[-75.24933,6.21041],[-75.24902,6.21036]],[[-75.24892,6.20959],[-75.24887,6.20932],[-75.24825,6.20946],[-75.24892,6.20959]],[[-75.24934,6.21072],[-75.24925,6.21103],[-75.24985,6.21138],[-75.24934,6.21072]],[[-75.26039,6.22618],[-75.26127,6.22699],[-75.26138,6.22678],[-75.26039,6.22618]],[[-75.24775,6.21021],[-75.24766,6.20979],[-75.24724,6.21017],[-75.24775,6.21021]],[[-75.2437,6.20011],[-75.24411,6.1988],[-75.24371,6.19958],[-75.2437,6.20011]],[[-75.25302,6.21764],[-75.25165,6.21668],[-75.25171,6.2174],[-75.25302,6.21764]],[[-75.25315,6.21732],[-75.25464,6.21798],[-75.25494,6.21738],[-75.25315,6.21732]],[[-75.25095,6.20928],[-75.24901,6.20891],[-75.24934,6.20922],[-75.25095,6.20928]],[[-75.25008,6.21203],[-75.24879,6.21132],[-75.25034,6.21256],[-75.251,6.20968],[-75.25008,6.21203]],[[-75.25051,6.21288],[-75.24891,6.2125],[-75.24952,6.21266],[-75.25051,6.21288]],[[-75.26527945872802,6.245816014884982],[-75.26378,6.24467],[-75.26566027069234,6.246107064029143],[-75.26527945872802,6.245816014884982]],[[-75.26614,6.24786],[-75.26678,6.24867],[-75.26658,6.24681],[-75.26566027069234,6.246107064029143],[-75.26614,6.24786]],[[-75.2622,6.23965],[-75.26209,6.23962],[-75.26212,6.23973],[-75.2622,6.23965]],[[-75.26371,6.23736],[-75.26374,6.23747],[-75.26382,6.23739],[-75.26371,6.23736]],[[-75.26373,6.23658],[-75.26362,6.23655],[-75.26365,6.23666],[-75.26373,6.23658]],[[-75.26362,6.23754],[-75.26365,6.23765],[-75.26373,6.23757],[-75.26362,6.23754]],[[-75.27142,6.24334],[-75.27131,6.24331],[-75.27135,6.24342],[-75.27142,6.24334]],[[-75.26067,6.24309],[-75.26056,6.24306],[-75.26059,6.24317],[-75.26067,6.24309]],[[-75.26148,6.24047],[-75.26137,6.24044],[-75.2614,6.24055],[-75.26148,6.24047]],[[-75.26255,6.23468],[-75.26244,6.23465],[-75.26247,6.23476],[-75.26255,6.23468]],[[-75.26526,6.23377],[-75.26515,6.23374],[-75.26518,6.23385],[-75.26526,6.23377]],[[-75.26183,6.23631],[-75.26172,6.23628],[-75.26175,6.23639],[-75.26183,6.23631]],[[-75.27209,6.25889],[-75.27198,6.25886],[-75.27201,6.25897],[-75.27209,6.25889]],[[-75.27171,6.25066],[-75.2716,6.25063],[-75.27163,6.25074],[-75.27171,6.25066]],[[-75.27887,6.25914],[-75.27876,6.25911],[-75.27879,6.25922],[-75.27887,6.25914]],[[-75.28085,6.25552],[-75.28074,6.25549],[-75.28077,6.2556],[-75.28085,6.25552]],[[-75.27986,6.25842],[-75.27975,6.25839],[-75.27978,6.2585],[-75.27986,6.25842]],[[-75.2738,6.2569],[-75.27369,6.25687],[-75.27373,6.25698],[-75.2738,6.2569]],[[-75.27453,6.25753],[-75.27442,6.2575],[-75.27445,6.25761],[-75.27453,6.25753]],[[-75.27117,6.25066],[-75.27106,6.25063],[-75.27109,6.25074],[-75.27117,6.25066]],[[-75.26419,6.24164],[-75.26408,6.24161],[-75.26411,6.24172],[-75.26419,6.24164]],[[-75.27578,6.25192],[-75.27567,6.25189],[-75.2757,6.252],[-75.27578,6.25192]],[[-75.26709,6.24308],[-75.26698,6.24305],[-75.26701,6.24316],[-75.26709,6.24308]],[[-75.26853,6.24082],[-75.26842,6.24078],[-75.26845,6.24089],[-75.26853,6.24082]],[[-75.26138,6.2364],[-75.26127,6.23637],[-75.2613,6.23648],[-75.26138,6.2364]],[[-75.26918,6.24904],[-75.26907,6.24901],[-75.2691,6.24912],[-75.26918,6.24904]],[[-75.26924,6.2372],[-75.26913,6.23717],[-75.26916,6.23728],[-75.26924,6.2372]],[[-75.26979,6.2381],[-75.26968,6.23807],[-75.26971,6.23818],[-75.26979,6.2381]],[[-75.28158,6.25932],[-75.28147,6.25929],[-75.2815,6.2594],[-75.28158,6.25932]],[[-75.27725,6.26204],[-75.27714,6.26201],[-75.27717,6.26212],[-75.27725,6.26204]],[[-75.27787,6.25815],[-75.27776,6.25812],[-75.27779,6.25823],[-75.27787,6.25815]],[[-75.28176,6.26113],[-75.28165,6.2611],[-75.28169,6.26121],[-75.28176,6.26113]],[[-75.27562,6.26096],[-75.27551,6.26093],[-75.27554,6.26104],[-75.27562,6.26096]],[[-75.27888,6.26448],[-75.27877,6.26445],[-75.2788,6.26456],[-75.27888,6.26448]],[[-75.2709,6.25247],[-75.27079,6.25244],[-75.27082,6.25255],[-75.2709,6.25247]],[[-75.27959,6.25733],[-75.27948,6.2573],[-75.27951,6.25741],[-75.27959,6.25733]],[[-75.28195,6.26176],[-75.28184,6.26173],[-75.28187,6.26184],[-75.28195,6.26176]],[[-75.27361,6.24984],[-75.2735,6.24981],[-75.27353,6.24992],[-75.27361,6.24984]],[[-75.27614,6.25246],[-75.27603,6.25243],[-75.27606,6.25254],[-75.27614,6.25246]],[[-75.27976,6.2529],[-75.27965,6.25287],[-75.27968,6.25298],[-75.27976,6.2529]],[[-75.27208,6.25211],[-75.27197,6.25208],[-75.272,6.25219],[-75.27208,6.25211]],[[-75.2767,6.26032],[-75.27659,6.26029],[-75.27662,6.2604],[-75.2767,6.26032]],[[-75.28131,6.25878],[-75.2812,6.25875],[-75.28123,6.25886],[-75.28131,6.25878]],[[-75.28303,6.26049],[-75.28292,6.26046],[-75.28295,6.26057],[-75.28303,6.26049]],[[-75.27923,6.25987],[-75.27912,6.25984],[-75.27915,6.25995],[-75.27923,6.25987]],[[-75.27824,6.26005],[-75.27813,6.26002],[-75.27816,6.26013],[-75.27824,6.26005]],[[-75.2739,6.25798],[-75.27379,6.25795],[-75.27382,6.25806],[-75.2739,6.25798]],[[-75.27787,6.25499],[-75.27776,6.25496],[-75.27779,6.25507],[-75.27787,6.25499]],[[-75.27661,6.25996],[-75.2765,6.25993],[-75.27653,6.26004],[-75.27661,6.25996]],[[-75.27832,6.25553],[-75.27821,6.2555],[-75.27824,6.25561],[-75.27832,6.25553]],[[-75.27807,6.2643],[-75.27796,6.26427],[-75.27799,6.26438],[-75.27807,6.2643]],[[-75.28069,6.26493],[-75.28058,6.2649],[-75.28061,6.26501],[-75.28069,6.26493]],[[-75.28085,6.25742],[-75.28074,6.25739],[-75.28077,6.2575],[-75.28085,6.25742]],[[-75.27299,6.25834],[-75.27288,6.25831],[-75.27292,6.25842],[-75.27299,6.25834]],[[-75.27832,6.25734],[-75.27821,6.25731],[-75.27824,6.25742],[-75.27832,6.25734]],[[-75.27417,6.25789],[-75.27406,6.25786],[-75.27409,6.25797],[-75.27417,6.25789]],[[-75.28221,6.25841],[-75.2821,6.25838],[-75.28213,6.25849],[-75.28221,6.25841]],[[-75.27552,6.25156],[-75.27531,6.25153],[-75.27536,6.25164],[-75.27552,6.25156]],[[-75.26285,6.24391],[-75.26264,6.24387],[-75.26269,6.24399],[-75.26285,6.24391]],[[-75.2615,6.24436],[-75.26129,6.24433],[-75.26134,6.24444],[-75.2615,6.24436]],[[-75.26283,6.23324],[-75.26262,6.2332],[-75.26267,6.23332],[-75.26283,6.23324]],[[-75.27298,6.24696],[-75.27277,6.24692],[-75.27282,6.24704],[-75.27298,6.24696]],[[-75.27544,6.25907],[-75.27524,6.25903],[-75.27528,6.25915],[-75.27544,6.25907]],[[-75.27379,6.24687],[-75.27358,6.24683],[-75.27363,6.24694],[-75.27379,6.24687]],[[-75.27644,6.26087],[-75.27623,6.26084],[-75.27628,6.26095],[-75.27644,6.26087]],[[-75.27968,6.25616],[-75.27947,6.25613],[-75.27952,6.25624],[-75.27968,6.25616]],[[-75.27752,6.25716],[-75.27731,6.25713],[-75.27736,6.25724],[-75.27752,6.25716]],[[-75.27915,6.25834],[-75.27894,6.2583],[-75.27899,6.25841],[-75.27915,6.25834]],[[-75.28186,6.25905],[-75.28165,6.25902],[-75.2817,6.25913],[-75.28186,6.25905]],[[-75.2727,6.24535],[-75.27258,6.2453],[-75.27262,6.2455],[-75.2727,6.24535]],[[-75.28186,6.26196],[-75.28175,6.26191],[-75.28178,6.26211],[-75.28186,6.26196]],[[-75.27851,6.25907],[-75.2784,6.25902],[-75.27843,6.25923],[-75.27851,6.25907]],[[-75.28258,6.26051],[-75.28247,6.26046],[-75.2825,6.26067],[-75.28258,6.26051]],[[-75.27761,6.2579],[-75.27749,6.25785],[-75.27753,6.25806],[-75.27761,6.2579]],[[-75.27261,6.24489],[-75.27249,6.24484],[-75.27253,6.24505],[-75.27261,6.24489]],[[-75.28214,6.26286],[-75.28202,6.26281],[-75.28206,6.26302],[-75.28214,6.26286]],[[-75.26435,6.247],[-75.26449,6.24714],[-75.26457,6.24706],[-75.26435,6.247]],[[-75.2636,6.23513],[-75.26368,6.23521],[-75.26374,6.23499],[-75.2636,6.23513]],[[-75.26142,6.23662],[-75.26134,6.2367],[-75.26156,6.23676],[-75.26142,6.23662]],[[-75.277,6.25602],[-75.27693,6.2561],[-75.27715,6.25616],[-75.277,6.25602]],[[-75.27584,6.25373],[-75.27591,6.25381],[-75.27598,6.25359],[-75.27584,6.25373]],[[-75.27639,6.26023],[-75.27647,6.26031],[-75.27653,6.26009],[-75.27639,6.26023]],[[-75.27203,6.25021],[-75.27211,6.25029],[-75.27217,6.25007],[-75.27203,6.25021]],[[-75.2829,6.25959],[-75.28298,6.25967],[-75.28304,6.25945],[-75.2829,6.25959]],[[-75.28035,6.25651],[-75.28049,6.25637],[-75.28041,6.25629],[-75.28035,6.25651]],[[-75.26121,6.23379],[-75.2609,6.23375],[-75.26096,6.23387],[-75.26121,6.23379]],[[-75.26628,6.24182],[-75.26598,6.24178],[-75.26604,6.2419],[-75.26628,6.24182]],[[-75.27588,6.24976],[-75.27558,6.24972],[-75.27564,6.24983],[-75.27588,6.24976]],[[-75.26184,6.23388],[-75.26154,6.23384],[-75.2616,6.23395],[-75.26184,6.23388]],[[-75.27117,6.24669],[-75.27087,6.24666],[-75.27093,6.24677],[-75.27117,6.24669]],[[-75.27344,6.25175],[-75.27314,6.25171],[-75.2732,6.25183],[-75.27344,6.25175]],[[-75.27066,6.24776],[-75.27081,6.2476],[-75.27073,6.24744],[-75.27066,6.24776]],[[-75.2772,6.26179],[-75.27728,6.26195],[-75.27735,6.26163],[-75.2772,6.26179]],[[-75.28316,6.26051],[-75.28324,6.26067],[-75.28331,6.26035],[-75.28316,6.26051]],[[-75.26253,6.24185],[-75.26267,6.24209],[-75.26276,6.24193],[-75.26253,6.24185]],[[-75.27664,6.25882],[-75.27656,6.25898],[-75.27679,6.25906],[-75.27664,6.25882]],[[-75.26484,6.24212],[-75.26472,6.24206],[-75.26476,6.24236],[-75.26484,6.24212]],[[-75.2632,6.23688],[-75.26308,6.23682],[-75.26312,6.23712],[-75.2632,6.23688]],[[-75.2759,6.26027],[-75.27578,6.26021],[-75.27582,6.2605],[-75.2759,6.26027]],[[-75.27861,6.25782],[-75.27848,6.25776],[-75.27852,6.25806],[-75.27861,6.25782]],[[-75.26727,6.24103],[-75.26715,6.24097],[-75.26719,6.24127],[-75.26727,6.24103]],[[-75.27754,6.2637],[-75.27741,6.26364],[-75.27745,6.26393],[-75.27754,6.2637]],[[-75.26226,6.23474],[-75.26218,6.23495],[-75.26239,6.23484],[-75.26226,6.23474]],[[-75.26862,6.2501],[-75.26854,6.25031],[-75.26875,6.2502],[-75.26862,6.2501]],[[-75.26769,6.23717],[-75.2676,6.23738],[-75.26782,6.23727],[-75.26769,6.23717]],[[-75.28005,6.26878],[-75.27996,6.269],[-75.28018,6.26888],[-75.28005,6.26878]],[[-75.26618,6.23503],[-75.26597,6.23491],[-75.26601,6.23512],[-75.26618,6.23503]],[[-75.27726,6.26068],[-75.27705,6.26056],[-75.27709,6.26077],[-75.27726,6.26068]],[[-75.28206,6.26456],[-75.28184,6.26444],[-75.28189,6.26464],[-75.28206,6.26456]],[[-75.26212,6.24472],[-75.26192,6.24469],[-75.26195,6.24488],[-75.26212,6.24472]],[[-75.27442,6.24984],[-75.27422,6.24981],[-75.27425,6.25001],[-75.27442,6.24984]],[[-75.28321,6.26094],[-75.28301,6.26091],[-75.28304,6.26111],[-75.28321,6.26094]],[[-75.27814,6.25788],[-75.27794,6.25785],[-75.27797,6.25805],[-75.27814,6.25788]],[[-75.27734,6.2588],[-75.27713,6.25876],[-75.27725,6.25896],[-75.27734,6.2588]],[[-75.27995,6.254],[-75.27974,6.25396],[-75.27985,6.25416],[-75.27995,6.254]],[[-75.25998,6.24692],[-75.25976,6.24686],[-75.25982,6.24708],[-75.25998,6.24692]],[[-75.27888,6.25457],[-75.27866,6.2545],[-75.27872,6.25472],[-75.27888,6.25457]],[[-75.27416,6.24707],[-75.27394,6.24701],[-75.27401,6.24723],[-75.27416,6.24707]],[[-75.28314,6.2598],[-75.28292,6.25974],[-75.28298,6.25995],[-75.28314,6.2598]],[[-75.28287,6.2607],[-75.28265,6.26064],[-75.28271,6.26086],[-75.28287,6.2607]],[[-75.27192,6.25456],[-75.27152,6.25452],[-75.27159,6.25464],[-75.27192,6.25456]],[[-75.28262,6.26258],[-75.28286,6.26266],[-75.28295,6.26243],[-75.28262,6.26258]],[[-75.27341,6.25663],[-75.27324,6.25659],[-75.27328,6.25688],[-75.27341,6.25663]],[[-75.28137,6.26203],[-75.2812,6.262],[-75.28124,6.26229],[-75.28137,6.26203]],[[-75.27819,6.25864],[-75.27809,6.2588],[-75.27842,6.25887],[-75.27819,6.25864]],[[-75.27141,6.24774],[-75.2713,6.24804],[-75.27154,6.24783],[-75.27141,6.24774]],[[-75.27733,6.2538],[-75.27712,6.25369],[-75.27715,6.25396],[-75.27733,6.2538]],[[-75.26202,6.23415],[-75.26172,6.23411],[-75.26181,6.2343],[-75.26202,6.23415]],[[-75.26239,6.2393],[-75.26209,6.23926],[-75.26219,6.23945],[-75.26239,6.2393]],[[-75.26619,6.23893],[-75.26588,6.23889],[-75.26598,6.23908],[-75.26619,6.23893]],[[-75.26134,6.23459],[-75.26142,6.23467],[-75.26157,6.23427],[-75.26134,6.23459]],[[-75.26222,6.23997],[-75.26191,6.2399],[-75.26206,6.24011],[-75.26222,6.23997]],[[-75.26186,6.24242],[-75.26156,6.24234],[-75.26171,6.24255],[-75.26186,6.24242]],[[-75.28232,6.2596],[-75.28183,6.25956],[-75.28191,6.25968],[-75.28232,6.2596]],[[-75.26801,6.24201],[-75.2677,6.24196],[-75.26786,6.24218],[-75.26801,6.24201]],[[-75.28278,6.26006],[-75.28247,6.26001],[-75.28263,6.26022],[-75.28278,6.26006]],[[-75.277,6.2608],[-75.27676,6.26105],[-75.27716,6.26105],[-75.277,6.2608]],[[-75.2757,6.24774],[-75.27539,6.24764],[-75.27546,6.24786],[-75.2757,6.24774]],[[-75.26237,6.24644],[-75.2622,6.24604],[-75.26223,6.24637],[-75.26237,6.24644]],[[-75.27118,6.2496],[-75.27097,6.24955],[-75.27101,6.24985],[-75.27118,6.2496]],[[-75.27868,6.25139],[-75.27847,6.25134],[-75.27851,6.25164],[-75.27868,6.25139]],[[-75.28115,6.26078],[-75.28093,6.26074],[-75.28097,6.26104],[-75.28115,6.26078]],[[-75.27389,6.24543],[-75.27331,6.24538],[-75.27339,6.2455],[-75.27389,6.24543]],[[-75.27768,6.24814],[-75.27752,6.24828],[-75.27794,6.24839],[-75.27768,6.24814]],[[-75.28274,6.25977],[-75.28267,6.2596],[-75.28242,6.25964],[-75.28274,6.25977]],[[-75.27215,6.25153],[-75.27205,6.25175],[-75.27245,6.25158],[-75.27215,6.25153]],[[-75.27805,6.24863],[-75.27792,6.24854],[-75.27796,6.24911],[-75.27805,6.24863]],[[-75.28009,6.2622],[-75.28034,6.26193],[-75.28017,6.26178],[-75.28009,6.2622]],[[-75.27072,6.25412],[-75.27091,6.25419],[-75.27101,6.25402],[-75.27072,6.25412]],[[-75.26469,6.24941],[-75.26446,6.2492],[-75.26454,6.2496],[-75.26469,6.24941]],[[-75.2631,6.24441],[-75.2629,6.24472],[-75.26322,6.2445],[-75.2631,6.24441]],[[-75.2633,6.23965],[-75.26299,6.23944],[-75.26304,6.23973],[-75.2633,6.23965]],[[-75.26976,6.25057],[-75.27001,6.2503],[-75.2699,6.25005],[-75.26976,6.25057]],[[-75.26516,6.2363],[-75.26488,6.236],[-75.26493,6.23621],[-75.26516,6.2363]],[[-75.27259,6.24723],[-75.27241,6.24665],[-75.27244,6.24707],[-75.27259,6.24723]],[[-75.28105,6.25591],[-75.28065,6.25585],[-75.28072,6.25607],[-75.28105,6.25591]],[[-75.2729,6.2533],[-75.27307,6.25338],[-75.27318,6.25316],[-75.2729,6.2533]],[[-75.27808,6.26114],[-75.278,6.26136],[-75.27834,6.26108],[-75.27808,6.26114]],[[-75.26762,6.2473],[-75.26754,6.24751],[-75.26802,6.24735],[-75.26762,6.2473]],[[-75.26271,6.2342],[-75.26262,6.23459],[-75.26293,6.23426],[-75.26271,6.2342]],[[-75.27572,6.26137],[-75.27595,6.26151],[-75.27587,6.26117],[-75.27572,6.26137]],[[-75.26082,6.23509],[-75.26103,6.23523],[-75.26112,6.23503],[-75.26082,6.23509]],[[-75.27869,6.25077],[-75.27847,6.25062],[-75.27861,6.25116],[-75.27869,6.25077]],[[-75.27748,6.26189],[-75.27799,6.26188],[-75.27765,6.26168],[-75.27748,6.26189]],[[-75.2594,6.2465],[-75.25958,6.2465],[-75.25958,6.24623],[-75.2594,6.2465]],[[-75.26671,6.24359],[-75.26698,6.24359],[-75.26698,6.24341],[-75.26671,6.24359]],[[-75.2774,6.25776],[-75.27758,6.25776],[-75.27758,6.25749],[-75.2774,6.25776]],[[-75.27756,6.24962],[-75.27774,6.24962],[-75.27774,6.24935],[-75.27756,6.24962]],[[-75.25983,6.24599],[-75.26,6.24608],[-75.26015,6.24582],[-75.25983,6.24599]],[[-75.27792,6.26416],[-75.27803,6.26394],[-75.27772,6.26406],[-75.27792,6.26416]],[[-75.27186,6.24665],[-75.27171,6.24714],[-75.27199,6.24674],[-75.27186,6.24665]],[[-75.26138,6.23234],[-75.26108,6.2323],[-75.26112,6.2325],[-75.26138,6.23234]],[[-75.27498,6.24528],[-75.27457,6.2452],[-75.27467,6.2455],[-75.27498,6.24528]],[[-75.26488,6.23396],[-75.26461,6.23356],[-75.26468,6.23386],[-75.26488,6.23396]],[[-75.2765,6.26079],[-75.27673,6.26091],[-75.27699,6.26069],[-75.2765,6.26079]],[[-75.26443,6.23589],[-75.26416,6.23582],[-75.26428,6.2363],[-75.26443,6.23589]],[[-75.2799,6.25606],[-75.28057,6.25581],[-75.28006,6.25568],[-75.2799,6.25606]],[[-75.27684,6.25832],[-75.2768,6.25813],[-75.27644,6.25818],[-75.27684,6.25832]],[[-75.26272,6.23899],[-75.26252,6.23938],[-75.26294,6.23904],[-75.26272,6.23899]],[[-75.27424,6.25958],[-75.27413,6.26006],[-75.27446,6.25974],[-75.27424,6.25958]],[[-75.26256,6.24541],[-75.26234,6.24585],[-75.26268,6.24549],[-75.26256,6.24541]],[[-75.26192,6.2455],[-75.2621,6.2455],[-75.2621,6.24514],[-75.26192,6.2455]],[[-75.26952,6.25064],[-75.26971,6.25103],[-75.26983,6.25085],[-75.26952,6.25064]],[[-75.28232,6.26375],[-75.28211,6.26372],[-75.28214,6.26406],[-75.28232,6.26375]],[[-75.26105,6.24238],[-75.26065,6.24234],[-75.26069,6.24258],[-75.26105,6.24238]],[[-75.26947,6.24863],[-75.26907,6.24856],[-75.26917,6.24892],[-75.26947,6.24863]],[[-75.27345,6.25745],[-75.2736,6.25754],[-75.27373,6.25715],[-75.27345,6.25745]],[[-75.26415,6.23306],[-75.26429,6.2332],[-75.26455,6.23273],[-75.26415,6.23306]],[[-75.26136,6.23451],[-75.26108,6.23411],[-75.26114,6.23434],[-75.26136,6.23451]],[[-75.27636,6.26158],[-75.27614,6.26102],[-75.27618,6.26168],[-75.27636,6.26158]],[[-75.2718,6.2589],[-75.27144,6.25832],[-75.27156,6.25877],[-75.2718,6.2589]],[[-75.27612,6.2605],[-75.27663,6.26058],[-75.27628,6.26024],[-75.27612,6.2605]],[[-75.2742,6.24834],[-75.27429,6.24851],[-75.27496,6.24867],[-75.2742,6.24834]],[[-75.27999,6.25716],[-75.28026,6.25725],[-75.2805,6.2569],[-75.27999,6.25716]],[[-75.26464,6.24757],[-75.26456,6.24788],[-75.26495,6.24762],[-75.26464,6.24757]],[[-75.27782,6.26035],[-75.27789,6.26015],[-75.27741,6.26025],[-75.27782,6.26035]],[[-75.26744,6.24074],[-75.26761,6.24085],[-75.26809,6.24065],[-75.26744,6.24074]],[[-75.2713,6.24557],[-75.27154,6.24537],[-75.271,6.24544],[-75.2713,6.24557]],[[-75.27934,6.26213],[-75.27877,6.26192],[-75.27898,6.26222],[-75.27934,6.26213]],[[-75.26008,6.245],[-75.26034,6.24518],[-75.26056,6.24482],[-75.26008,6.245]],[[-75.28103,6.26222],[-75.28075,6.26155],[-75.28082,6.2619],[-75.28103,6.26222]],[[-75.26948,6.24909],[-75.26967,6.24923],[-75.27001,6.24889],[-75.26948,6.24909]],[[-75.27839,6.26458],[-75.27854,6.26416],[-75.27818,6.26414],[-75.27839,6.26458]],[[-75.26123,6.24071],[-75.26065,6.24035],[-75.26074,6.24065],[-75.26123,6.24071]],[[-75.26632,6.23876],[-75.26677,6.23883],[-75.26691,6.23857],[-75.26632,6.23876]],[[-75.26319,6.24631],[-75.26307,6.24689],[-75.2634,6.24636],[-75.26319,6.24631]],[[-75.26268,6.23225],[-75.26301,6.23234],[-75.2631,6.23199],[-75.26268,6.23225]],[[-75.27703,6.25553],[-75.27728,6.25579],[-75.27743,6.25536],[-75.27703,6.25553]],[[-75.26557,6.24244],[-75.26499,6.24206],[-75.26506,6.24233],[-75.26557,6.24244]],[[-75.27654,6.24932],[-75.27723,6.24938],[-75.27732,6.24921],[-75.27654,6.24932]],[[-75.28274,6.26209],[-75.28257,6.26236],[-75.28314,6.26213],[-75.28274,6.26209]],[[-75.26397,6.2413],[-75.26429,6.24155],[-75.26448,6.24119],[-75.26397,6.2413]],[[-75.26237,6.24496],[-75.26227,6.24563],[-75.26257,6.24501],[-75.26237,6.24496]],[[-75.26092,6.24279],[-75.26096,6.24346],[-75.2611,6.24292],[-75.26092,6.24279]],[[-75.26296,6.2406],[-75.26318,6.24055],[-75.26326,6.23986],[-75.26296,6.2406]],[[-75.27967,6.26445],[-75.27999,6.26457],[-75.27987,6.26416],[-75.27967,6.26445]],[[-75.27979,6.25798],[-75.27939,6.25794],[-75.27945,6.25828],[-75.27979,6.25798]],[[-75.27145,6.24951],[-75.27207,6.24967],[-75.27186,6.24934],[-75.27145,6.24951]],[[-75.27671,6.25559],[-75.27604,6.25532],[-75.27612,6.2556],[-75.27671,6.25559]],[[-75.27102,6.24864],[-75.27127,6.24886],[-75.27175,6.2485],[-75.27102,6.24864]],[[-75.27056,6.25333],[-75.27092,6.25315],[-75.27049,6.25302],[-75.27056,6.25333]],[[-75.28045,6.26671],[-75.28099,6.26683],[-75.2808,6.26646],[-75.28045,6.26671]],[[-75.28025,6.2544],[-75.28006,6.25479],[-75.28059,6.25492],[-75.28025,6.2544]],[[-75.27719,6.26089],[-75.27781,6.26112],[-75.27751,6.26099],[-75.27719,6.26089]],[[-75.28073,6.25977],[-75.28112,6.26005],[-75.28125,6.25961],[-75.28073,6.25977]],[[-75.26477,6.24336],[-75.264,6.24315],[-75.26468,6.24373],[-75.26477,6.24336]],[[-75.26354,6.24268],[-75.26342,6.24299],[-75.2643,6.24247],[-75.26354,6.24268]],[[-75.27756,6.25452],[-75.27779,6.25472],[-75.27838,6.25418],[-75.27756,6.25452]],[[-75.2706,6.25438],[-75.2705,6.25366],[-75.27029,6.25385],[-75.2706,6.25438]],[[-75.26131,6.24013],[-75.26195,6.24043],[-75.26172,6.24005],[-75.26131,6.24013]],[[-75.27345,6.25297],[-75.27345,6.25338],[-75.27399,6.25276],[-75.27345,6.25297]],[[-75.26599,6.23616],[-75.26663,6.23646],[-75.26655,6.23604],[-75.26599,6.23616]],[[-75.27362,6.24868],[-75.27355,6.24899],[-75.27407,6.2486],[-75.27362,6.24868]],[[-75.2606,6.2413],[-75.25968,6.24121],[-75.26048,6.24145],[-75.2606,6.2413]],[[-75.27733,6.25427],[-75.27784,6.25407],[-75.27797,6.2537],[-75.27733,6.25427]],[[-75.26739,6.24914],[-75.26732,6.24967],[-75.26774,6.24898],[-75.26739,6.24914]],[[-75.26794,6.23972],[-75.26872,6.23967],[-75.2682,6.23947],[-75.26794,6.23972]],[[-75.26276,6.23127],[-75.26267,6.23157],[-75.26346,6.23108],[-75.26276,6.23127]],[[-75.26336,6.23469],[-75.26352,6.23421],[-75.26306,6.23435],[-75.26336,6.23469]],[[-75.276,6.24866],[-75.27722,6.24878],[-75.27713,6.2485],[-75.276,6.24866]],[[-75.27962,6.25939],[-75.27894,6.25911],[-75.27901,6.25961],[-75.27962,6.25939]],[[-75.27855,6.25409],[-75.2782,6.25324],[-75.27827,6.2539],[-75.27855,6.25409]],[[-75.26576,6.24414],[-75.2649,6.2436],[-75.26494,6.24382],[-75.26576,6.24414]],[[-75.27009,6.2486],[-75.27034,6.24869],[-75.27082,6.24807],[-75.27009,6.2486]],[[-75.2712,6.24632],[-75.27139,6.24642],[-75.27189,6.24564],[-75.2712,6.24632]],[[-75.26684,6.24049],[-75.26737,6.24007],[-75.26702,6.24003],[-75.26684,6.24049]],[[-75.26174,6.24405],[-75.26163,6.24452],[-75.26232,6.2441],[-75.26174,6.24405]],[[-75.26275,6.23242],[-75.2618,6.2323],[-75.26248,6.2328],[-75.26275,6.23242]],[[-75.27511,6.25854],[-75.27554,6.25858],[-75.27511,6.25789],[-75.27511,6.25854]],[[-75.26477,6.24633],[-75.26489,6.24716],[-75.26513,6.24597],[-75.26477,6.24633]],[[-75.2801,6.25814],[-75.28002,6.25866],[-75.27996,6.25905],[-75.28029,6.25871],[-75.2801,6.25814]],[[-75.26614,6.24954],[-75.26696,6.2495],[-75.26712,6.24895],[-75.26614,6.24954]],[[-75.27838,6.25717],[-75.27812,6.25613],[-75.27818,6.2568],[-75.27838,6.25717]],[[-75.26094,6.24818],[-75.26161,6.2484],[-75.26118,6.24801],[-75.26094,6.24818]],[[-75.27965,6.25718],[-75.28031,6.25795],[-75.28052,6.25764],[-75.27965,6.25718]],[[-75.26735,6.24411],[-75.26745,6.24508],[-75.26758,6.244],[-75.26735,6.24411]],[[-75.28046,6.26907],[-75.28102,6.269],[-75.28109,6.26855],[-75.28046,6.26907]],[[-75.28063,6.26023],[-75.28097,6.26007],[-75.2798,6.2599],[-75.28063,6.26023]],[[-75.2738,6.25022],[-75.27409,6.25061],[-75.27443,6.25014],[-75.2738,6.25022]],[[-75.27182,6.25718],[-75.27196,6.25749],[-75.27282,6.25709],[-75.27182,6.25718]],[[-75.2785,6.2572],[-75.27886,6.25762],[-75.27867,6.25667],[-75.2785,6.2572]],[[-75.27748,6.25926],[-75.27686,6.25912],[-75.27711,6.25968],[-75.27748,6.25926]],[[-75.27263,6.24608],[-75.27282,6.24624],[-75.2738,6.24571],[-75.27263,6.24608]],[[-75.27221,6.2565],[-75.27359,6.25592],[-75.27315,6.2561],[-75.27221,6.2565]],[[-75.27534,6.24971],[-75.27458,6.24909],[-75.27473,6.24967],[-75.27534,6.24971]],[[-75.27675,6.25134],[-75.27581,6.25198],[-75.27724,6.2514],[-75.27675,6.25134]],[[-75.27583,6.25998],[-75.27636,6.25999],[-75.27615,6.25947],[-75.27583,6.25998]],[[-75.26125,6.24328],[-75.26212,6.24373],[-75.26204,6.24257],[-75.26125,6.24328]],[[-75.26478,6.24914],[-75.26559,6.24878],[-75.26491,6.24829],[-75.26478,6.24914]],[[-75.27442,6.25111],[-75.27529,6.25129],[-75.27567,6.25089],[-75.27442,6.25111]],[[-75.26371,6.23451],[-75.2644,6.23375],[-75.26434,6.23336],[-75.26371,6.23451]],[[-75.27559,6.25915],[-75.27635,6.25918],[-75.27602,6.25871],[-75.27559,6.25915]],[[-75.27181,6.2541],[-75.27226,6.25382],[-75.27244,6.25294],[-75.27181,6.2541]],[[-75.26314,6.24694],[-75.26208,6.24705],[-75.26265,6.24776],[-75.26314,6.24694]],[[-75.2791,6.26862],[-75.28045,6.26826],[-75.27958,6.26811],[-75.2791,6.26862]],[[-75.26794,6.24794],[-75.26834,6.24851],[-75.26848,6.24751],[-75.26794,6.24794]],[[-75.27684,6.24953],[-75.27608,6.25032],[-75.27724,6.24965],[-75.27684,6.24953]],[[-75.26421,6.24184],[-75.26285,6.24203],[-75.26343,6.24245],[-75.26421,6.24184]],[[-75.26666,6.24347],[-75.2658,6.24323],[-75.26585,6.24368],[-75.26666,6.24347]],[[-75.27033,6.2463],[-75.26964,6.24715],[-75.27082,6.24638],[-75.27033,6.2463]],[[-75.26853,6.24191],[-75.26899,6.24155],[-75.2682,6.24119],[-75.26853,6.24191]],[[-75.27918,6.26825],[-75.2786,6.26662],[-75.27858,6.26831],[-75.27918,6.26825]],[[-75.27283,6.25057],[-75.27354,6.25066],[-75.27333,6.25029],[-75.27283,6.25057]],[[-75.27231,6.25463],[-75.2731,6.25448],[-75.273,6.25359],[-75.27231,6.25463]],[[-75.27505,6.26147],[-75.2761,6.26195],[-75.27511,6.26098],[-75.27505,6.26147]],[[-75.2636,6.24728],[-75.26398,6.24744],[-75.26474,6.246],[-75.2636,6.24728]],[[-75.26115,6.24405],[-75.26011,6.24397],[-75.25999,6.24472],[-75.26115,6.24405]],[[-75.27269,6.24895],[-75.2732,6.24867],[-75.27334,6.24757],[-75.27269,6.24895]],[[-75.26492,6.23414],[-75.26487,6.23504],[-75.2655,6.23413],[-75.26492,6.23414]],[[-75.26764,6.2397],[-75.26569,6.2396],[-75.26674,6.23975],[-75.26764,6.2397]],[[-75.25971,6.24277],[-75.26123,6.24182],[-75.26015,6.24184],[-75.25971,6.24277]],[[-75.26853,6.24711],[-75.2691,6.24796],[-75.26885,6.24679],[-75.26853,6.24711]],[[-75.27526,6.24634],[-75.27444,6.246],[-75.27458,6.24719],[-75.27526,6.24634]],[[-75.26307,6.24599],[-75.26476,6.2455],[-75.26386,6.2455],[-75.26307,6.24599]],[[-75.26307,6.24841],[-75.26423,6.24913],[-75.26396,6.24826],[-75.26307,6.24841]],[[-75.26334,6.23176],[-75.26303,6.23317],[-75.2641,6.2318],[-75.26334,6.23176]],[[-75.27557,6.26061],[-75.275,6.25891],[-75.27465,6.25917],[-75.27557,6.26061]],[[-75.27742,6.25637],[-75.27638,6.25647],[-75.27715,6.25743],[-75.27742,6.25637]],[[-75.27361,6.26003],[-75.27344,6.26075],[-75.27418,6.26125],[-75.27361,6.26003]],[[-75.27215,6.25276],[-75.27391,6.2525],[-75.27265,6.25195],[-75.27215,6.25276]],[[-75.2644,6.24457],[-75.26336,6.24315],[-75.26361,6.24458],[-75.2644,6.24457]],[[-75.27368,6.25872],[-75.27258,6.25911],[-75.27299,6.25986],[-75.27368,6.25872]],[[-75.27185,6.25504],[-75.27203,6.25664],[-75.27299,6.25511],[-75.27185,6.25504]],[[-75.26422,6.23668],[-75.26486,6.23777],[-75.26587,6.23659],[-75.26422,6.23668]],[[-75.2805,6.26486],[-75.27826,6.26525],[-75.27861,6.26631],[-75.2805,6.26486]],[[-75.2697,6.24643],[-75.271,6.24568],[-75.26969,6.24541],[-75.2697,6.24643]],[[-75.27103605947956,6.25146107806692],[-75.27148,6.25311],[-75.27166,6.25228],[-75.27103605947956,6.25146107806692]],[[-75.27102937074278,6.251436234187478],[-75.27102,6.25144],[-75.27103605947956,6.25146107806692],[-75.27102937074278,6.251436234187478]],[[-75.27209,6.25101],[-75.27085,6.25077],[-75.27102937074278,6.251436234187478],[-75.27209,6.25101]],[[-75.27633,6.24791],[-75.27472,6.24816],[-75.27687,6.24784],[-75.27575,6.24606],[-75.27633,6.24791]],[[-75.26691,6.24463],[-75.26586,6.24473],[-75.26676,6.24624],[-75.26691,6.24463]],[[-75.27979,6.25516],[-75.27798,6.25492],[-75.27924,6.25635],[-75.27979,6.25516]],[[-75.2751,6.25654],[-75.27568,6.25707],[-75.27569891861255,6.256926218544548],[-75.2751,6.25654]],[[-75.27617,6.25723],[-75.27588,6.25555],[-75.27569891861255,6.256926218544548],[-75.27617,6.25723]],[[-75.27707,6.24995],[-75.27626,6.25108],[-75.27801,6.25067],[-75.27707,6.24995]],[[-75.28186,6.26404],[-75.2794,6.26282],[-75.28087,6.26443],[-75.28186,6.26404]],[[-75.26068,6.23289],[-75.26057,6.23524],[-75.26072,6.23341],[-75.26239,6.23366],[-75.26068,6.23289]],[[-75.27946,6.25273],[-75.27779,6.25195],[-75.2754,6.25311],[-75.27368,6.25388],[-75.27946,6.25273]],[[-75.26335,6.23839],[-75.26243,6.23528],[-75.26251,6.23823],[-75.26593,6.24009],[-75.26335,6.23839]],[[-75.27885,6.25975],[-75.27845,6.26053],[-75.2789,6.26015],[-75.27885,6.25975]],[[-75.27419,6.25103],[-75.27246,6.25151],[-75.27336,6.25131],[-75.27419,6.25103]],[[-75.26659,6.23316],[-75.26646,6.23303],[-75.26667,6.23329],[-75.26659,6.23316]],[[-75.26587,6.24049],[-75.26533,6.24192],[-75.2660254353339,6.241206263736265],[-75.26587,6.24049]],[[-75.27055,6.24457],[-75.26956,6.2429],[-75.26783,6.24326],[-75.26742,6.24709],[-75.27055,6.24457]],[[-75.27507,6.25578],[-75.27598,6.25508],[-75.27627,6.25464],[-75.27316,6.25498],[-75.27507,6.25578]],[[-75.26521,6.24183],[-75.2652,6.24035],[-75.26359,6.23999],[-75.26521,6.24183]],[[-75.32846,6.21173],[-75.329,6.21215],[-75.32885,6.21141],[-75.32846,6.21173]],[[-75.26013227876108,6.1713573119468945],[-75.26179249528015,6.169936632107776],[-75.26102,6.17044],[-75.26013227876108,6.1713573119468945]],[[-75.44251,6.04803],[-75.44428821103634,6.0497300479138625],[-75.44282,6.04981],[-75.4445303160179,6.049961510918215],[-75.44524,6.05064],[-75.44536287539935,6.048870031948883],[-75.44379,6.04668],[-75.44462,6.04891],[-75.44251,6.04803]],[[-75.43738,6.2053],[-75.4375729496956,6.203877685100935],[-75.44128,6.20603],[-75.43757785921864,6.203841494902683],[-75.43773,6.20272],[-75.43712,6.20397],[-75.43738,6.2053]],[[-75.3888,6.26084],[-75.39000447853762,6.261175573690222],[-75.39154,6.26498],[-75.39102,6.26341],[-75.39295,6.26369],[-75.39116,6.26205],[-75.39153,6.25945],[-75.39073,6.26061],[-75.38855332864122,6.257274571241397],[-75.38535,6.26306],[-75.38932437931035,6.259490551724136],[-75.38991964970725,6.260965400767212],[-75.3888,6.26084]]],[[[-75.35632,6.18687],[-75.35181,6.18576],[-75.35361,6.18476],[-75.35632,6.18687]],[[-75.35352,6.18558],[-75.35422,6.1862],[-75.35433,6.18564],[-75.35352,6.18558]]],[[[-75.34695,6.11839],[-75.3463952294854,6.119499541029197],[-75.34623,6.11818],[-75.34522607934656,6.118064046415146],[-75.34605,6.1167],[-75.3443,6.11554],[-75.34404,6.11277],[-75.34233,6.1123],[-75.34358,6.10717],[-75.33951,6.1031],[-75.34215,6.10514],[-75.34257,6.10127],[-75.34096,6.10372],[-75.3378163208752,6.099034542426565],[-75.34557059335907,6.101694661587297],[-75.34456,6.10177],[-75.34584,6.10367],[-75.34456,6.10477],[-75.34571,6.10471],[-75.34712,6.10728],[-75.3437,6.11029],[-75.34708,6.10951],[-75.34468,6.11099],[-75.3454,6.11361],[-75.34424,6.11414],[-75.34729,6.11606],[-75.3455,6.11784],[-75.34695,6.11839]],[[-75.34537,6.10729],[-75.34515366590088,6.107178103052183],[-75.34508333028697,6.107260917565344],[-75.34537,6.10729]],[[-75.34323,6.10577],[-75.3437224943988,6.105992823002248],[-75.34483,6.10531],[-75.34323,6.10577]],[[-75.34488,6.10346],[-75.34491,6.10357],[-75.34499,6.10349],[-75.34488,6.10346]],[[-75.3447,6.10337],[-75.34473,6.10348],[-75.34481,6.1034],[-75.3447,6.10337]],[[-75.34506,6.10355],[-75.34509,6.10366],[-75.34517,6.10358],[-75.34506,6.10355]],[[-75.34408,6.10663],[-75.34411,6.10674],[-75.34419,6.10666],[-75.34408,6.10663]],[[-75.34308,6.10518],[-75.34311,6.10529],[-75.34319,6.10521],[-75.34308,6.10518]],[[-75.34444,6.10672],[-75.34447,6.10683],[-75.34455,6.10675],[-75.34444,6.10672]],[[-75.34488,6.10274],[-75.34491,6.10285],[-75.34499,6.10277],[-75.34488,6.10274]],[[-75.34552,6.10373],[-75.34555,6.10384],[-75.34563,6.10376],[-75.34552,6.10373]],[[-75.34443,6.10328],[-75.34448,6.1034],[-75.34464,6.10332],[-75.34443,6.10328]],[[-75.34353,6.10365],[-75.34358,6.10376],[-75.34374,6.10368],[-75.34353,6.10365]],[[-75.34153,6.10085],[-75.34157,6.10105],[-75.34165,6.1009],[-75.34153,6.10085]],[[-75.34108,6.10121],[-75.34112,6.10142],[-75.3412,6.10126],[-75.34108,6.10121]],[[-75.34459,6.10665],[-75.34474,6.10634],[-75.34451,6.10657],[-75.34459,6.10665]],[[-75.34651,6.11659],[-75.34666,6.11628],[-75.34643,6.11651],[-75.34651,6.11659]],[[-75.34428,6.10352],[-75.34412,6.10344],[-75.34377,6.10359],[-75.34428,6.10352]],[[-75.34201,6.10124],[-75.34194,6.101],[-75.34178,6.1015],[-75.34201,6.10124]],[[-75.34372,6.10717],[-75.3438,6.10729],[-75.3443,6.10721],[-75.34372,6.10717]],[[-75.34446,6.11386],[-75.34464,6.11359],[-75.34446,6.11359],[-75.34446,6.11386]],[[-75.3443,6.10783],[-75.34438,6.10757],[-75.34399,6.10767],[-75.3443,6.10783]],[[-75.34646,6.10633],[-75.34636,6.10612],[-75.34603,6.10632],[-75.34646,6.10633]],[[-75.34516,6.1069],[-75.34516,6.10663],[-75.3448,6.1069],[-75.34516,6.1069]],[[-75.34494,6.1052],[-75.34538,6.1052],[-75.34516,6.105],[-75.34494,6.1052]],[[-75.34427,6.11223],[-75.34435,6.11281],[-75.34458,6.11233],[-75.34427,6.11223]],[[-75.34268,6.10297],[-75.34303,6.1026],[-75.34261,6.10257],[-75.34268,6.10297]],[[-75.34422,6.10288],[-75.34492,6.10244],[-75.34461,6.10238],[-75.34422,6.10288]],[[-75.34269,6.10548],[-75.34321,6.10334],[-75.34267,6.10417],[-75.34269,6.10548]],[[-75.34389,6.10883],[-75.3435,6.10786],[-75.34344,6.10891],[-75.34389,6.10883]],[[-75.34335,6.11241],[-75.34413,6.11193],[-75.34321,6.11206],[-75.34335,6.11241]],[[-75.34498,6.10554],[-75.34546,6.10629],[-75.34593,6.10576],[-75.34498,6.10554]]],[[[-75.34879,6.13696],[-75.34649,6.13564],[-75.34907,6.13587],[-75.34879,6.13696]]],[[[-75.33172391264786,6.216955386715196],[-75.33064191467221,6.217616607700312],[-75.33093,6.21901],[-75.33013,6.21628],[-75.33172391264786,6.216955386715196]],[[-75.33044,6.21664],[-75.33062,6.21763],[-75.33064191467221,6.217616607700312],[-75.33044,6.21664]]],[[[-75.32764,6.20595],[-75.32666,6.20588],[-75.32595,6.20318],[-75.32764,6.20595]]],[[[-75.31839,6.23756],[-75.31753,6.23798],[-75.31764,6.2357],[-75.3193,6.23619],[-75.31839,6.23756]],[[-75.31849,6.23716],[-75.31857,6.23708],[-75.31846,6.23705],[-75.31849,6.23716]],[[-75.31868,6.23657],[-75.3186,6.23699],[-75.31875,6.23673],[-75.31868,6.23657]],[[-75.3184,6.23657],[-75.31792,6.23624],[-75.3179,6.23654],[-75.3184,6.23657]]],[[[-75.23440453292685,6.163085640772359],[-75.23510810295178,6.161554744555938],[-75.23673,6.16329],[-75.23440453292685,6.163085640772359]],[[-75.2359,6.16302],[-75.23597,6.16313],[-75.23621,6.16305],[-75.2359,6.16302]]]]}}]}
